START TIME: Sat 29 Aug 2026 01:18:22 PM CEST
job=529653 node=i20r02c04s10
+-----------+--------------------------------------------------------------------------------------+
| Device ID | Device Information                                                                   |
+-----------+--------------------------------------------------------------------------------------+
| 0         | Device Name: Intel(R) Data Center GPU Max 1550                                       |
|           | Vendor Name: Intel(R) Corporation                                                    |
|           | SOC UUID: 00000000-0000-003a-0000-002f0bd58086                                       |
|           | PCI BDF Address: 0000:3a:00.0                                                        |
|           | DRM Device: /dev/dri/card0                                                           |
|           | Function Type: physical                                                              |
+-----------+--------------------------------------------------------------------------------------+
| 1         | Device Name: Intel(R) Data Center GPU Max 1550                                       |
|           | Vendor Name: Intel(R) Corporation                                                    |
|           | SOC UUID: 00000000-0000-004b-0000-002f0bd58086                                       |
|           | PCI BDF Address: 0000:4b:00.0                                                        |
|           | DRM Device: /dev/dri/card1                                                           |
|           | Function Type: physical                                                              |
+-----------+--------------------------------------------------------------------------------------+
| 2         | Device Name: Intel(R) Data Center GPU Max 1550                                       |
|           | Vendor Name: Intel(R) Corporation                                                    |
|           | SOC UUID: 00000000-0000-00ca-0000-002f0bd58086                                       |
|           | PCI BDF Address: 0000:ca:00.0                                                        |
|           | DRM Device: /dev/dri/card2                                                           |
|           | Function Type: physical                                                              |
+-----------+--------------------------------------------------------------------------------------+
| 3         | Device Name: Intel(R) Data Center GPU Max 1550                                       |
|           | Vendor Name: Intel(R) Corporation                                                    |
|           | SOC UUID: 00000000-0000-00da-0000-002f0bd58086                                       |
|           | PCI BDF Address: 0000:da:00.0                                                        |
|           | DRM Device: /dev/dri/card3                                                           |
|           | Function Type: physical                                                              |
+-----------+--------------------------------------------------------------------------------------+
PREPROCESSED_NAME: finetune_vae_whole_structure_baseline_ep20_256res
BASE_CONFIG: configs/shockwavenet_sng_pvc_ep20_baseline.yaml
MASTER_ADDR: i20r02c04s10  MASTER_PORT: 60265
preprocessed_data_root=/hppfs/scratch/0D/go76fuz2/windinet/dit_preprocessed/finetune_vae_whole_structure_baseline_ep20_256res output_dir=$SCRATCH/windinet/outputs/shockwave_dit_ep20_baseline
                             Training Configuration                             
┏━━━━━━━━━━━━━━━━━━━━━━━━━━━━━━━━━━━━━━┳━━━━━━━━━━━━━━━━━━━━━━━━━━━━━━━━━━━━━━━┓
┃ Parameter                            ┃ Value                                 ┃
┡━━━━━━━━━━━━━━━━━━━━━━━━━━━━━━━━━━━━━━╇━━━━━━━━━━━━━━━━━━━━━━━━━━━━━━━━━━━━━━━┩
│ model.model_source                   │ LTXV_2B_0.9.6_DEV                     │
│ model.load_checkpoint                │ None                                  │
│ conditioning.first_frame_conditioni… │ 1.0                                   │
│ scalar_conditioning.enabled          │ True                                  │
│ scalar_conditioning.scalar_names     │ gamma                                 │
│ scalar_conditioning.scalar_ranges    │ {'gamma': (1.0, 2.0)}                 │
│ scalar_conditioning.embedding_dim    │ 4096                                  │
│ scalar_conditioning.num_tokens_per_… │ 4                                     │
│ scalar_conditioning.fourier_features │ 64                                    │
│ scalar_conditioning.mlp_hidden_dim   │ 256                                   │
│ scalar_conditioning.dropout          │ 0.1                                   │
│ optimization.learning_rate           │ 1e-05                                 │
│ optimization.steps                   │ 10000                                 │
│ optimization.batch_size              │ 1                                     │
│ optimization.gradient_accumulation_… │ 4                                     │
│ optimization.max_grad_norm           │ 1.0                                   │
│ optimization.optimizer_type          │ adamw                                 │
│ optimization.scheduler_type          │ cosine                                │
│ optimization.scheduler_params        │ {'eta_min': 1e-08}                    │
│ optimization.enable_gradient_checkp… │ True                                  │
│ acceleration.mixed_precision_mode    │ bf16                                  │
│ acceleration.compile_with_inductor   │ False                                 │
│ acceleration.compilation_mode        │ reduce-overhead                       │
│ data.preprocessed_data_root          │ /hppfs/scratch/0D/go76fuz2/windinet/… │
│ data.num_dataloader_workers          │ 4                                     │
│ validation.data_root                 │ /hppfs/scratch/0D/go76fuz2/windinet/… │
│ validation.interval                  │ 600                                   │
│ validation.max_samples               │ 0                                     │
│ checkpoints.interval                 │ 120                                   │
│ checkpoints.keep_last_n              │ 5                                     │
│ checkpoints.save_best_only           │ False                                 │
│ checkpoints.best_metric              │ val_total_loss                        │
│ checkpoints.save_last_state          │ True                                  │
│ checkpoints.save_epochs              │                                       │
│ flow_matching.timestep_sampling_mode │ shifted_logit_normal                  │
│ flow_matching.timestep_sampling_par… │ {}                                    │
│ wandb.enabled                        │ False                                 │
│ wandb.project                        │ shockwavenet                          │
│ wandb.entity                         │ None                                  │
│ wandb.tags                           │ cfd, full, 2b, scalar-only, sng_pvc,  │
│                                      │ 256res, ep20_baseline                 │
│ seed                                 │ 42                                    │
│ output_dir                           │ /hppfs/scratch/0D/go76fuz2/windinet/… │
│ resume_weights_only                  │ False                                 │
└──────────────────────────────────────┴───────────────────────────────────────┘
INFO     [rank 0] Distributed training enabled with 8        dit_trainer.py:1165
         processes                                                              
INFO     [rank 0] Global batch size: 32                      dit_trainer.py:1171
INFO     [rank 0] Initializing scalar embeddings for:         dit_trainer.py:695
         ['gamma']                                                              
DEBUG    [rank 0] Scalar embedding params: 4,310,528          dit_trainer.py:718
DEBUG    [rank 0] Total trainable params count: 1,927,696,000 dit_trainer.py:722
2026:08:29-13:35:42:140229 |CCL_WARN| value of CCL_ATL_TRANSPORT changed to be ofi (default:mpi)
2026:08:29-13:35:42:140229 |CCL_WARN| value of CCL_ALLREDUCE changed to be ring (default:)
2026:08:29-13:35:42:140236 |CCL_WARN| could not get local_idx/count from environment variables, trying to get them from ATL
2026:08:29-13:35:42:140230 |CCL_WARN| could not get local_idx/count from environment variables, trying to get them from ATL
2026:08:29-13:35:42:140229 |CCL_WARN| could not get local_idx/count from environment variables, trying to get them from ATL
2026:08:29-13:35:42:140233 |CCL_WARN| could not get local_idx/count from environment variables, trying to get them from ATL2026:08:29-13:35:42:140234 |CCL_WARN| could not get local_idx/count from environment variables, trying to get them from ATL

2026:08:29-13:35:42:140235 |CCL_WARN| could not get local_idx/count from environment variables, trying to get them from ATL
2026:08:29-13:35:42:140231 |CCL_WARN| could not get local_idx/count from environment variables, trying to get them from ATL
2026:08:29-13:35:42:140232 |CCL_WARN| could not get local_idx/count from environment variables, trying to get them from ATL
DEBUG    [rank 0] Process 0 using seed: 42                    dit_trainer.py:309
DEBUG    [rank 0] Loaded dataset with 3,825 samples from      dit_trainer.py:917
         sources: ['latents', 'scalars']                                        
INFO     [rank 0] Validation split: 675 samples from         dit_trainer.py:1000
         /hppfs/scratch/0D/go76fuz2/windinet/dit_preprocesse                    
         d/finetune_vae_whole_structure_baseline_ep20_256res                    
         /val                                                                   
INFO     [rank 0] Training configuration saved to:           dit_trainer.py:1157
         training_config.yaml                                                   
INFO     [rank 0] Training on latents from VAE                dit_trainer.py:961
         /hppfs/scratch/0D/go76fuz2/windinet/finetune_vae_out                   
         puts_sng_pvc/finetune_vae_whole_structure_baseline_e                   
         p20_256res/checkpoints/vae_shockwave_best.safetensor                   
         s (fingerprint 22b5994360e2c75d); recorded in                          
         latent_provenance.json                                                 
INFO     [rank 0] Starting training...                        dit_trainer.py:328
[train] step=1 loss=0.853536 lr=1.000e-05
[train] step=2 loss=0.701041 lr=1.000e-05
[train] step=3 loss=0.492579 lr=1.000e-05
[train] step=4 loss=0.425955 lr=1.000e-05
[train] step=5 loss=0.403356 lr=1.000e-05
[train] step=6 loss=1.153951 lr=1.000e-05
[train] step=7 loss=0.491717 lr=1.000e-05
[train] step=8 loss=0.365299 lr=1.000e-05
[train] step=9 loss=0.500609 lr=1.000e-05
[train] step=10 loss=0.684940 lr=1.000e-05
[train] step=11 loss=0.481882 lr=1.000e-05
[train] step=12 loss=0.413093 lr=1.000e-05
[train] step=13 loss=0.584595 lr=1.000e-05
[train] step=14 loss=0.355776 lr=1.000e-05
[train] step=15 loss=0.482301 lr=1.000e-05
[train] step=16 loss=0.268126 lr=1.000e-05
[train] step=17 loss=0.407615 lr=1.000e-05
[train] step=18 loss=0.429435 lr=1.000e-05
[train] step=19 loss=0.475630 lr=1.000e-05
[train] step=20 loss=0.318096 lr=1.000e-05
[train] step=21 loss=0.384785 lr=1.000e-05
[train] step=22 loss=0.496511 lr=1.000e-05
[train] step=23 loss=0.361946 lr=1.000e-05
[train] step=24 loss=0.324726 lr=1.000e-05
[train] step=25 loss=0.270766 lr=1.000e-05
[train] step=26 loss=0.311358 lr=1.000e-05
[train] step=27 loss=0.410509 lr=1.000e-05
[train] step=28 loss=0.272659 lr=1.000e-05
[train] step=29 loss=0.369416 lr=1.000e-05
[train] step=30 loss=0.253214 lr=1.000e-05
[train] step=31 loss=0.393182 lr=1.000e-05
[train] step=32 loss=0.359513 lr=1.000e-05
[train] step=33 loss=0.342562 lr=1.000e-05
[train] step=34 loss=0.347773 lr=1.000e-05
[train] step=35 loss=0.631614 lr=1.000e-05
[train] step=36 loss=0.437671 lr=1.000e-05
[train] step=37 loss=0.446448 lr=1.000e-05
[train] step=38 loss=0.391736 lr=1.000e-05
[train] step=39 loss=0.442484 lr=1.000e-05
[train] step=40 loss=0.364772 lr=1.000e-05
[train] step=41 loss=0.372426 lr=1.000e-05
[train] step=42 loss=0.417790 lr=1.000e-05
[train] step=43 loss=0.419924 lr=1.000e-05
[train] step=44 loss=0.208619 lr=1.000e-05
[train] step=45 loss=0.396897 lr=1.000e-05
[train] step=46 loss=0.376647 lr=1.000e-05
[train] step=47 loss=0.432220 lr=9.999e-06
[train] step=48 loss=0.421036 lr=9.999e-06
[train] step=49 loss=0.393865 lr=9.999e-06
[train] step=50 loss=0.305443 lr=9.999e-06
[train] step=51 loss=0.366236 lr=9.999e-06
[train] step=52 loss=0.228981 lr=9.999e-06
[train] step=53 loss=0.465177 lr=9.999e-06
[train] step=54 loss=0.366248 lr=9.999e-06
[train] step=55 loss=0.538730 lr=9.999e-06
[train] step=56 loss=0.452400 lr=9.999e-06
[train] step=57 loss=0.314071 lr=9.999e-06
[train] step=58 loss=0.204840 lr=9.999e-06
[train] step=59 loss=0.358476 lr=9.999e-06
[train] step=60 loss=0.442097 lr=9.999e-06
[train] step=61 loss=0.409421 lr=9.999e-06
[train] step=62 loss=0.334139 lr=9.999e-06
[train] step=63 loss=0.583817 lr=9.999e-06
[train] step=64 loss=0.864033 lr=9.999e-06
[train] step=65 loss=0.430771 lr=9.999e-06
[train] step=66 loss=0.549745 lr=9.999e-06
[train] step=67 loss=0.341010 lr=9.999e-06
[train] step=68 loss=0.278543 lr=9.999e-06
[train] step=69 loss=0.423085 lr=9.999e-06
[train] step=70 loss=0.472623 lr=9.999e-06
[train] step=71 loss=0.306555 lr=9.999e-06
[train] step=72 loss=0.432021 lr=9.999e-06
[train] step=73 loss=0.368186 lr=9.999e-06
[train] step=74 loss=0.222592 lr=9.999e-06
[train] step=75 loss=0.257413 lr=9.999e-06
[train] step=76 loss=0.376857 lr=9.999e-06
[train] step=77 loss=0.609616 lr=9.999e-06
[train] step=78 loss=0.298460 lr=9.999e-06
[train] step=79 loss=0.615103 lr=9.999e-06
[train] step=80 loss=0.247139 lr=9.998e-06
[train] step=81 loss=0.222313 lr=9.998e-06
[train] step=82 loss=0.271473 lr=9.998e-06
[train] step=83 loss=0.309490 lr=9.998e-06
[train] step=84 loss=0.203707 lr=9.998e-06
[train] step=85 loss=0.443537 lr=9.998e-06
[train] step=86 loss=0.591620 lr=9.998e-06
[train] step=87 loss=0.526704 lr=9.998e-06
[train] step=88 loss=0.420633 lr=9.998e-06
[train] step=89 loss=0.409209 lr=9.998e-06
[train] step=90 loss=0.409201 lr=9.998e-06
[train] step=91 loss=0.524692 lr=9.998e-06
[train] step=92 loss=0.337488 lr=9.998e-06
[train] step=93 loss=0.301549 lr=9.998e-06
[train] step=94 loss=0.204671 lr=9.998e-06
[train] step=95 loss=0.332919 lr=9.998e-06
[train] step=96 loss=0.258770 lr=9.998e-06
[train] step=97 loss=0.368204 lr=9.998e-06
[train] step=98 loss=0.471590 lr=9.998e-06
[train] step=99 loss=0.295977 lr=9.998e-06
[train] step=100 loss=0.254202 lr=9.998e-06
[train] step=101 loss=0.201983 lr=9.998e-06
[train] step=102 loss=0.280301 lr=9.997e-06
[train] step=103 loss=0.262690 lr=9.997e-06
[train] step=104 loss=0.306436 lr=9.997e-06
[train] step=105 loss=0.307086 lr=9.997e-06
[train] step=106 loss=0.483650 lr=9.997e-06
[train] step=107 loss=0.340006 lr=9.997e-06
[train] step=108 loss=0.415144 lr=9.997e-06
[train] step=109 loss=0.311951 lr=9.997e-06
[train] step=110 loss=0.187228 lr=9.997e-06
[train] step=111 loss=0.417107 lr=9.997e-06
[train] step=112 loss=0.383730 lr=9.997e-06
[train] step=113 loss=0.273199 lr=9.997e-06
[train] step=114 loss=0.325912 lr=9.997e-06
[train] step=115 loss=0.372685 lr=9.997e-06
[train] step=116 loss=0.209843 lr=9.997e-06
[train] step=117 loss=0.419188 lr=9.997e-06
[train] step=118 loss=0.258358 lr=9.997e-06
[train] step=119 loss=0.327924 lr=9.997e-06
[train] step=120 loss=0.259478 lr=9.997e-06
INFO     [rank 0] Model weights for step 120 saved in        dit_trainer.py:1085
         checkpoints/model_weights_step_00120.safetensors                       
INFO     [rank 0] Scalar embedding weights for step 120      dit_trainer.py:1092
         saved                                                                  
INFO     [rank 0] Training state saved:                      dit_trainer.py:1123
         checkpoints/model_weights_step_00120.state.pt                          
[epoch 1] step=120 train_loss=0.395368
[train] step=121 loss=0.421916 lr=9.996e-06
[train] step=122 loss=0.229575 lr=9.996e-06
[train] step=123 loss=0.339733 lr=9.996e-06
[train] step=124 loss=0.281566 lr=9.996e-06
[train] step=125 loss=0.285598 lr=9.996e-06
[train] step=126 loss=0.426147 lr=9.996e-06
[train] step=127 loss=0.367442 lr=9.996e-06
[train] step=128 loss=0.387130 lr=9.996e-06
[train] step=129 loss=0.445258 lr=9.996e-06
[train] step=130 loss=0.271914 lr=9.996e-06
[train] step=131 loss=0.192683 lr=9.996e-06
[train] step=132 loss=0.532288 lr=9.996e-06
[train] step=133 loss=0.263182 lr=9.996e-06
[train] step=134 loss=0.398486 lr=9.996e-06
[train] step=135 loss=0.243183 lr=9.996e-06
[train] step=136 loss=0.296555 lr=9.996e-06
[train] step=137 loss=0.384518 lr=9.995e-06
[train] step=138 loss=0.159092 lr=9.995e-06
[train] step=139 loss=0.240346 lr=9.995e-06
[train] step=140 loss=0.263269 lr=9.995e-06
[train] step=141 loss=0.294401 lr=9.995e-06
[train] step=142 loss=0.358543 lr=9.995e-06
[train] step=143 loss=0.295552 lr=9.995e-06
[train] step=144 loss=0.347012 lr=9.995e-06
[train] step=145 loss=0.228188 lr=9.995e-06
[train] step=146 loss=0.334141 lr=9.995e-06
[train] step=147 loss=0.449849 lr=9.995e-06
[train] step=148 loss=0.544015 lr=9.995e-06
[train] step=149 loss=0.463178 lr=9.995e-06
[train] step=150 loss=0.311802 lr=9.995e-06
[train] step=151 loss=0.311355 lr=9.994e-06
[train] step=152 loss=0.236102 lr=9.994e-06
[train] step=153 loss=0.339480 lr=9.994e-06
[train] step=154 loss=0.443439 lr=9.994e-06
[train] step=155 loss=0.389759 lr=9.994e-06
[train] step=156 loss=0.588853 lr=9.994e-06
[train] step=157 loss=0.452934 lr=9.994e-06
[train] step=158 loss=0.412943 lr=9.994e-06
[train] step=159 loss=0.376904 lr=9.994e-06
[train] step=160 loss=0.243027 lr=9.994e-06
[train] step=161 loss=0.341671 lr=9.994e-06
[train] step=162 loss=0.209647 lr=9.994e-06
[train] step=163 loss=0.200948 lr=9.994e-06
[train] step=164 loss=0.288049 lr=9.993e-06
[train] step=165 loss=0.313019 lr=9.993e-06
[train] step=166 loss=0.327217 lr=9.993e-06
[train] step=167 loss=0.309155 lr=9.993e-06
[train] step=168 loss=0.300596 lr=9.993e-06
[train] step=169 loss=0.365690 lr=9.993e-06
[train] step=170 loss=0.293812 lr=9.993e-06
[train] step=171 loss=0.174384 lr=9.993e-06
[train] step=172 loss=0.287524 lr=9.993e-06
[train] step=173 loss=0.404599 lr=9.993e-06
[train] step=174 loss=0.219744 lr=9.993e-06
[train] step=175 loss=0.295883 lr=9.993e-06
[train] step=176 loss=0.292139 lr=9.992e-06
[train] step=177 loss=0.318622 lr=9.992e-06
[train] step=178 loss=0.282185 lr=9.992e-06
[train] step=179 loss=0.294021 lr=9.992e-06
[train] step=180 loss=0.281588 lr=9.992e-06
[train] step=181 loss=0.516119 lr=9.992e-06
[train] step=182 loss=0.306125 lr=9.992e-06
[train] step=183 loss=0.330628 lr=9.992e-06
[train] step=184 loss=0.372543 lr=9.992e-06
[train] step=185 loss=0.268079 lr=9.992e-06
[train] step=186 loss=0.270001 lr=9.992e-06
[train] step=187 loss=0.411856 lr=9.991e-06
[train] step=188 loss=0.359316 lr=9.991e-06
[train] step=189 loss=0.320271 lr=9.991e-06
[train] step=190 loss=0.503407 lr=9.991e-06
[train] step=191 loss=0.359059 lr=9.991e-06
[train] step=192 loss=0.366289 lr=9.991e-06
[train] step=193 loss=0.344405 lr=9.991e-06
[train] step=194 loss=0.232819 lr=9.991e-06
[train] step=195 loss=0.271191 lr=9.991e-06
[train] step=196 loss=0.333075 lr=9.991e-06
[train] step=197 loss=0.316394 lr=9.991e-06
[train] step=198 loss=0.337732 lr=9.990e-06
[train] step=199 loss=0.343055 lr=9.990e-06
[train] step=200 loss=0.157459 lr=9.990e-06
[train] step=201 loss=0.429495 lr=9.990e-06
[train] step=202 loss=0.394279 lr=9.990e-06
[train] step=203 loss=0.298367 lr=9.990e-06
[train] step=204 loss=0.299671 lr=9.990e-06
[train] step=205 loss=0.206738 lr=9.990e-06
[train] step=206 loss=0.382059 lr=9.990e-06
[train] step=207 loss=0.368892 lr=9.990e-06
[train] step=208 loss=0.276303 lr=9.989e-06
[train] step=209 loss=0.454001 lr=9.989e-06
[train] step=210 loss=0.190966 lr=9.989e-06
[train] step=211 loss=0.373498 lr=9.989e-06
[train] step=212 loss=0.270427 lr=9.989e-06
[train] step=213 loss=0.252979 lr=9.989e-06
[train] step=214 loss=0.420589 lr=9.989e-06
[train] step=215 loss=0.384076 lr=9.989e-06
[train] step=216 loss=0.268203 lr=9.989e-06
[train] step=217 loss=0.238981 lr=9.989e-06
[train] step=218 loss=0.294558 lr=9.988e-06
[train] step=219 loss=0.237277 lr=9.988e-06
[train] step=220 loss=0.222986 lr=9.988e-06
[train] step=221 loss=0.233155 lr=9.988e-06
[train] step=222 loss=0.255428 lr=9.988e-06
[train] step=223 loss=0.285703 lr=9.988e-06
[train] step=224 loss=0.262187 lr=9.988e-06
[train] step=225 loss=0.278298 lr=9.988e-06
[train] step=226 loss=0.359520 lr=9.988e-06
[train] step=227 loss=0.216591 lr=9.987e-06
[train] step=228 loss=0.264766 lr=9.987e-06
[train] step=229 loss=0.342374 lr=9.987e-06
[train] step=230 loss=0.216597 lr=9.987e-06
[train] step=231 loss=0.764722 lr=9.987e-06
[train] step=232 loss=0.352282 lr=9.987e-06
[train] step=233 loss=0.322759 lr=9.987e-06
[train] step=234 loss=0.237662 lr=9.987e-06
[train] step=235 loss=0.321527 lr=9.987e-06
[train] step=236 loss=0.325553 lr=9.986e-06
[train] step=237 loss=0.211859 lr=9.986e-06
[train] step=238 loss=0.236580 lr=9.986e-06
[train] step=239 loss=0.366632 lr=9.986e-06
[train] step=240 loss=0.303841 lr=9.986e-06
INFO     [rank 0] Model weights for step 240 saved in        dit_trainer.py:1085
         checkpoints/model_weights_step_00240.safetensors                       
INFO     [rank 0] Scalar embedding weights for step 240      dit_trainer.py:1092
         saved                                                                  
INFO     [rank 0] Training state saved:                      dit_trainer.py:1123
         checkpoints/model_weights_step_00240.state.pt                          
[epoch 2] step=240 train_loss=0.322914
[train] step=241 loss=0.396601 lr=9.986e-06
[train] step=242 loss=0.554971 lr=9.986e-06
[train] step=243 loss=0.422320 lr=9.986e-06
[train] step=244 loss=0.252280 lr=9.985e-06
[train] step=245 loss=0.425678 lr=9.985e-06
[train] step=246 loss=0.394673 lr=9.985e-06
[train] step=247 loss=0.298300 lr=9.985e-06
[train] step=248 loss=0.302921 lr=9.985e-06
[train] step=249 loss=0.419568 lr=9.985e-06
[train] step=250 loss=0.333239 lr=9.985e-06
[train] step=251 loss=0.318372 lr=9.985e-06
[train] step=252 loss=0.372882 lr=9.984e-06
[train] step=253 loss=0.243390 lr=9.984e-06
[train] step=254 loss=0.286103 lr=9.984e-06
[train] step=255 loss=0.455508 lr=9.984e-06
[train] step=256 loss=0.387698 lr=9.984e-06
[train] step=257 loss=0.270088 lr=9.984e-06
[train] step=258 loss=0.352784 lr=9.984e-06
[train] step=259 loss=0.378020 lr=9.984e-06
[train] step=260 loss=0.347338 lr=9.983e-06
[train] step=261 loss=0.489240 lr=9.983e-06
[train] step=262 loss=0.365909 lr=9.983e-06
[train] step=263 loss=0.445522 lr=9.983e-06
[train] step=264 loss=0.327114 lr=9.983e-06
[train] step=265 loss=0.260322 lr=9.983e-06
[train] step=266 loss=0.174302 lr=9.983e-06
[train] step=267 loss=0.341060 lr=9.983e-06
[train] step=268 loss=0.375383 lr=9.982e-06
[train] step=269 loss=0.295700 lr=9.982e-06
[train] step=270 loss=0.295021 lr=9.982e-06
[train] step=271 loss=0.131059 lr=9.982e-06
[train] step=272 loss=0.399617 lr=9.982e-06
[train] step=273 loss=0.420728 lr=9.982e-06
[train] step=274 loss=0.358613 lr=9.982e-06
[train] step=275 loss=0.300684 lr=9.982e-06
[train] step=276 loss=0.462054 lr=9.981e-06
[train] step=277 loss=0.363564 lr=9.981e-06
[train] step=278 loss=0.641281 lr=9.981e-06
[train] step=279 loss=0.400265 lr=9.981e-06
[train] step=280 loss=0.217764 lr=9.981e-06
[train] step=281 loss=0.415484 lr=9.981e-06
[train] step=282 loss=0.188829 lr=9.981e-06
[train] step=283 loss=0.209176 lr=9.980e-06
[train] step=284 loss=0.294243 lr=9.980e-06
[train] step=285 loss=0.341557 lr=9.980e-06
[train] step=286 loss=0.280301 lr=9.980e-06
[train] step=287 loss=0.289524 lr=9.980e-06
[train] step=288 loss=0.417155 lr=9.980e-06
[train] step=289 loss=0.243153 lr=9.980e-06
[train] step=290 loss=0.454640 lr=9.979e-06
[train] step=291 loss=0.179746 lr=9.979e-06
[train] step=292 loss=0.192195 lr=9.979e-06
[train] step=293 loss=0.217575 lr=9.979e-06
[train] step=294 loss=0.193215 lr=9.979e-06
[train] step=295 loss=0.197193 lr=9.979e-06
[train] step=296 loss=0.187685 lr=9.979e-06
[train] step=297 loss=0.293593 lr=9.978e-06
[train] step=298 loss=0.260964 lr=9.978e-06
[train] step=299 loss=0.155767 lr=9.978e-06
[train] step=300 loss=0.389402 lr=9.978e-06
[train] step=301 loss=0.171378 lr=9.978e-06
[train] step=302 loss=0.237399 lr=9.978e-06
[train] step=303 loss=0.267051 lr=9.978e-06
[train] step=304 loss=0.265386 lr=9.977e-06
[train] step=305 loss=0.454128 lr=9.977e-06
[train] step=306 loss=0.360080 lr=9.977e-06
[train] step=307 loss=0.362606 lr=9.977e-06
[train] step=308 loss=0.185567 lr=9.977e-06
[train] step=309 loss=0.269266 lr=9.977e-06
[train] step=310 loss=0.364385 lr=9.976e-06
[train] step=311 loss=0.343014 lr=9.976e-06
[train] step=312 loss=0.408571 lr=9.976e-06
[train] step=313 loss=0.276464 lr=9.976e-06
[train] step=314 loss=0.543401 lr=9.976e-06
[train] step=315 loss=0.482140 lr=9.976e-06
[train] step=316 loss=0.453632 lr=9.976e-06
[train] step=317 loss=0.298616 lr=9.975e-06
[train] step=318 loss=0.253611 lr=9.975e-06
[train] step=319 loss=0.326683 lr=9.975e-06
[train] step=320 loss=0.192143 lr=9.975e-06
[train] step=321 loss=0.454172 lr=9.975e-06
[train] step=322 loss=0.359624 lr=9.975e-06
[train] step=323 loss=0.263592 lr=9.974e-06
[train] step=324 loss=0.301500 lr=9.974e-06
[train] step=325 loss=0.220568 lr=9.974e-06
[train] step=326 loss=0.272478 lr=9.974e-06
[train] step=327 loss=0.285053 lr=9.974e-06
[train] step=328 loss=0.327819 lr=9.974e-06
[train] step=329 loss=0.284894 lr=9.974e-06
[train] step=330 loss=0.283469 lr=9.973e-06
[train] step=331 loss=0.280784 lr=9.973e-06
[train] step=332 loss=0.254799 lr=9.973e-06
[train] step=333 loss=0.259923 lr=9.973e-06
[train] step=334 loss=0.279609 lr=9.973e-06
[train] step=335 loss=0.376671 lr=9.973e-06
[train] step=336 loss=0.417787 lr=9.972e-06
[train] step=337 loss=0.313202 lr=9.972e-06
[train] step=338 loss=0.220223 lr=9.972e-06
[train] step=339 loss=0.358678 lr=9.972e-06
[train] step=340 loss=0.253236 lr=9.972e-06
[train] step=341 loss=0.235466 lr=9.972e-06
[train] step=342 loss=0.400673 lr=9.971e-06
[train] step=343 loss=0.246500 lr=9.971e-06
[train] step=344 loss=0.242513 lr=9.971e-06
[train] step=345 loss=0.345758 lr=9.971e-06
[train] step=346 loss=0.235364 lr=9.971e-06
[train] step=347 loss=0.357831 lr=9.971e-06
[train] step=348 loss=0.249998 lr=9.970e-06
[train] step=349 loss=0.227838 lr=9.970e-06
[train] step=350 loss=0.207086 lr=9.970e-06
[train] step=351 loss=0.304223 lr=9.970e-06
[train] step=352 loss=0.492666 lr=9.970e-06
[train] step=353 loss=0.257061 lr=9.969e-06
[train] step=354 loss=0.328606 lr=9.969e-06
[train] step=355 loss=0.341082 lr=9.969e-06
[train] step=356 loss=0.281803 lr=9.969e-06
[train] step=357 loss=0.433010 lr=9.969e-06
[train] step=358 loss=0.235557 lr=9.969e-06
[train] step=359 loss=0.403044 lr=9.968e-06
[train] step=360 loss=0.237729 lr=9.968e-06
INFO     [rank 0] Model weights for step 360 saved in        dit_trainer.py:1085
         checkpoints/model_weights_step_00360.safetensors                       
INFO     [rank 0] Scalar embedding weights for step 360      dit_trainer.py:1092
         saved                                                                  
INFO     [rank 0] Training state saved:                      dit_trainer.py:1123
         checkpoints/model_weights_step_00360.state.pt                          
[epoch 3] step=360 train_loss=0.319941
[train] step=361 loss=0.475181 lr=9.968e-06
[train] step=362 loss=0.150003 lr=9.968e-06
[train] step=363 loss=0.286156 lr=9.968e-06
[train] step=364 loss=0.414792 lr=9.968e-06
[train] step=365 loss=0.192916 lr=9.967e-06
[train] step=366 loss=0.243899 lr=9.967e-06
[train] step=367 loss=0.209125 lr=9.967e-06
[train] step=368 loss=0.395416 lr=9.967e-06
[train] step=369 loss=0.324135 lr=9.967e-06
[train] step=370 loss=0.317261 lr=9.966e-06
[train] step=371 loss=0.350900 lr=9.966e-06
[train] step=372 loss=0.285061 lr=9.966e-06
[train] step=373 loss=0.344783 lr=9.966e-06
[train] step=374 loss=0.255215 lr=9.966e-06
[train] step=375 loss=0.274381 lr=9.966e-06
[train] step=376 loss=0.193502 lr=9.965e-06
[train] step=377 loss=0.246363 lr=9.965e-06
[train] step=378 loss=0.252188 lr=9.965e-06
[train] step=379 loss=0.401996 lr=9.965e-06
[train] step=380 loss=0.273847 lr=9.965e-06
[train] step=381 loss=0.193304 lr=9.964e-06
[train] step=382 loss=0.306781 lr=9.964e-06
[train] step=383 loss=0.288095 lr=9.964e-06
[train] step=384 loss=0.285045 lr=9.964e-06
[train] step=385 loss=0.276866 lr=9.964e-06
[train] step=386 loss=0.377240 lr=9.964e-06
[train] step=387 loss=0.230557 lr=9.963e-06
[train] step=388 loss=0.131098 lr=9.963e-06
[train] step=389 loss=0.218879 lr=9.963e-06
[train] step=390 loss=0.275392 lr=9.963e-06
[train] step=391 loss=0.446339 lr=9.963e-06
[train] step=392 loss=0.226840 lr=9.962e-06
[train] step=393 loss=0.266569 lr=9.962e-06
[train] step=394 loss=0.290378 lr=9.962e-06
[train] step=395 loss=0.275201 lr=9.962e-06
[train] step=396 loss=0.223541 lr=9.962e-06
[train] step=397 loss=0.476626 lr=9.961e-06
[train] step=398 loss=0.347362 lr=9.961e-06
[train] step=399 loss=0.312556 lr=9.961e-06
[train] step=400 loss=0.465040 lr=9.961e-06
[train] step=401 loss=0.262898 lr=9.961e-06
[train] step=402 loss=0.233737 lr=9.960e-06
[train] step=403 loss=0.305106 lr=9.960e-06
[train] step=404 loss=0.300239 lr=9.960e-06
[train] step=405 loss=0.197483 lr=9.960e-06
[train] step=406 loss=0.344436 lr=9.960e-06
[train] step=407 loss=0.274227 lr=9.959e-06
[train] step=408 loss=0.225418 lr=9.959e-06
[train] step=409 loss=0.255896 lr=9.959e-06
[train] step=410 loss=0.261948 lr=9.959e-06
[train] step=411 loss=0.214448 lr=9.959e-06
[train] step=412 loss=0.399491 lr=9.958e-06
[train] step=413 loss=0.349460 lr=9.958e-06
[train] step=414 loss=0.207645 lr=9.958e-06
[train] step=415 loss=0.455968 lr=9.958e-06
[train] step=416 loss=0.200207 lr=9.958e-06
[train] step=417 loss=0.198301 lr=9.957e-06
[train] step=418 loss=0.204532 lr=9.957e-06
[train] step=419 loss=0.314236 lr=9.957e-06
[train] step=420 loss=0.274961 lr=9.957e-06
[train] step=421 loss=0.358095 lr=9.957e-06
[train] step=422 loss=0.495007 lr=9.956e-06
[train] step=423 loss=0.263850 lr=9.956e-06
[train] step=424 loss=0.215172 lr=9.956e-06
[train] step=425 loss=0.293913 lr=9.956e-06
[train] step=426 loss=0.204682 lr=9.956e-06
[train] step=427 loss=0.122330 lr=9.955e-06
[train] step=428 loss=0.223592 lr=9.955e-06
[train] step=429 loss=0.273808 lr=9.955e-06
[train] step=430 loss=0.272571 lr=9.955e-06
[train] step=431 loss=0.341821 lr=9.954e-06
[train] step=432 loss=0.184320 lr=9.954e-06
[train] step=433 loss=0.602554 lr=9.954e-06
[train] step=434 loss=0.287208 lr=9.954e-06
[train] step=435 loss=0.284895 lr=9.954e-06
[train] step=436 loss=0.266102 lr=9.953e-06
[train] step=437 loss=0.292683 lr=9.953e-06
[train] step=438 loss=0.190155 lr=9.953e-06
[train] step=439 loss=0.299608 lr=9.953e-06
[train] step=440 loss=0.259506 lr=9.953e-06
[train] step=441 loss=0.338359 lr=9.952e-06
[train] step=442 loss=0.305642 lr=9.952e-06
[train] step=443 loss=0.244926 lr=9.952e-06
[train] step=444 loss=0.268931 lr=9.952e-06
[train] step=445 loss=0.180811 lr=9.951e-06
[train] step=446 loss=0.278555 lr=9.951e-06
[train] step=447 loss=0.223344 lr=9.951e-06
[train] step=448 loss=0.182456 lr=9.951e-06
[train] step=449 loss=0.258730 lr=9.951e-06
[train] step=450 loss=0.376394 lr=9.950e-06
[train] step=451 loss=0.287257 lr=9.950e-06
[train] step=452 loss=0.328762 lr=9.950e-06
[train] step=453 loss=0.144706 lr=9.950e-06
[train] step=454 loss=0.242585 lr=9.950e-06
[train] step=455 loss=0.160137 lr=9.949e-06
[train] step=456 loss=0.237199 lr=9.949e-06
[train] step=457 loss=0.200110 lr=9.949e-06
[train] step=458 loss=0.459269 lr=9.949e-06
[train] step=459 loss=0.248548 lr=9.948e-06
[train] step=460 loss=0.269914 lr=9.948e-06
[train] step=461 loss=0.386249 lr=9.948e-06
[train] step=462 loss=0.299482 lr=9.948e-06
[train] step=463 loss=0.226168 lr=9.947e-06
[train] step=464 loss=0.290552 lr=9.947e-06
[train] step=465 loss=0.204080 lr=9.947e-06
[train] step=466 loss=0.284910 lr=9.947e-06
[train] step=467 loss=0.184145 lr=9.947e-06
[train] step=468 loss=0.300493 lr=9.946e-06
[train] step=469 loss=0.253988 lr=9.946e-06
[train] step=470 loss=0.310963 lr=9.946e-06
[train] step=471 loss=0.305378 lr=9.946e-06
[train] step=472 loss=0.283522 lr=9.945e-06
[train] step=473 loss=0.312885 lr=9.945e-06
[train] step=474 loss=0.199200 lr=9.945e-06
[train] step=475 loss=0.162804 lr=9.945e-06
[train] step=476 loss=0.437273 lr=9.944e-06
[train] step=477 loss=0.207678 lr=9.944e-06
[train] step=478 loss=0.432202 lr=9.944e-06
[train] step=479 loss=0.280031 lr=9.944e-06
[train] step=480 loss=0.158976 lr=9.944e-06
INFO     [rank 0] Model weights for step 480 saved in        dit_trainer.py:1085
         checkpoints/model_weights_step_00480.safetensors                       
INFO     [rank 0] Scalar embedding weights for step 480      dit_trainer.py:1092
         saved                                                                  
INFO     [rank 0] Training state saved:                      dit_trainer.py:1123
         checkpoints/model_weights_step_00480.state.pt                          
[epoch 4] step=480 train_loss=0.282081
[train] step=481 loss=0.236373 lr=9.943e-06
[train] step=482 loss=0.324318 lr=9.943e-06
[train] step=483 loss=0.267935 lr=9.943e-06
[train] step=484 loss=0.261963 lr=9.943e-06
[train] step=485 loss=0.334162 lr=9.942e-06
[train] step=486 loss=0.278891 lr=9.942e-06
[train] step=487 loss=0.298205 lr=9.942e-06
[train] step=488 loss=0.318076 lr=9.942e-06
[train] step=489 loss=0.372528 lr=9.941e-06
[train] step=490 loss=0.226853 lr=9.941e-06
[train] step=491 loss=0.270960 lr=9.941e-06
[train] step=492 loss=0.336606 lr=9.941e-06
[train] step=493 loss=0.194984 lr=9.940e-06
[train] step=494 loss=0.194799 lr=9.940e-06
[train] step=495 loss=0.195281 lr=9.940e-06
[train] step=496 loss=0.272451 lr=9.940e-06
[train] step=497 loss=0.264253 lr=9.939e-06
[train] step=498 loss=0.301971 lr=9.939e-06
[train] step=499 loss=0.156218 lr=9.939e-06
[train] step=500 loss=0.363027 lr=9.939e-06
[train] step=501 loss=0.238381 lr=9.939e-06
[train] step=502 loss=0.301866 lr=9.938e-06
[train] step=503 loss=0.296451 lr=9.938e-06
[train] step=504 loss=0.325410 lr=9.938e-06
[train] step=505 loss=0.316158 lr=9.938e-06
[train] step=506 loss=0.406207 lr=9.937e-06
[train] step=507 loss=0.232719 lr=9.937e-06
[train] step=508 loss=0.541875 lr=9.937e-06
[train] step=509 loss=0.227654 lr=9.937e-06
[train] step=510 loss=0.204510 lr=9.936e-06
[train] step=511 loss=0.244996 lr=9.936e-06
[train] step=512 loss=0.161121 lr=9.936e-06
[train] step=513 loss=0.167392 lr=9.936e-06
[train] step=514 loss=0.311359 lr=9.935e-06
[train] step=515 loss=0.292835 lr=9.935e-06
[train] step=516 loss=0.521940 lr=9.935e-06
[train] step=517 loss=0.418551 lr=9.935e-06
[train] step=518 loss=0.283495 lr=9.934e-06
[train] step=519 loss=0.136495 lr=9.934e-06
[train] step=520 loss=0.298782 lr=9.934e-06
[train] step=521 loss=0.205377 lr=9.933e-06
[train] step=522 loss=0.194736 lr=9.933e-06
[train] step=523 loss=0.291021 lr=9.933e-06
[train] step=524 loss=0.276095 lr=9.933e-06
[train] step=525 loss=0.266701 lr=9.932e-06
[train] step=526 loss=0.140887 lr=9.932e-06
[train] step=527 loss=0.254083 lr=9.932e-06
[train] step=528 loss=0.645698 lr=9.932e-06
[train] step=529 loss=0.484549 lr=9.931e-06
[train] step=530 loss=0.147779 lr=9.931e-06
[train] step=531 loss=0.195130 lr=9.931e-06
[train] step=532 loss=0.275244 lr=9.931e-06
[train] step=533 loss=0.245811 lr=9.930e-06
[train] step=534 loss=0.264319 lr=9.930e-06
[train] step=535 loss=0.267260 lr=9.930e-06
[train] step=536 loss=0.375513 lr=9.930e-06
[train] step=537 loss=0.255034 lr=9.929e-06
[train] step=538 loss=0.298764 lr=9.929e-06
[train] step=539 loss=0.452574 lr=9.929e-06
[train] step=540 loss=0.284938 lr=9.929e-06
[train] step=541 loss=0.291702 lr=9.928e-06
[train] step=542 loss=0.204176 lr=9.928e-06
[train] step=543 loss=0.314163 lr=9.928e-06
[train] step=544 loss=0.310118 lr=9.927e-06
[train] step=545 loss=0.262025 lr=9.927e-06
[train] step=546 loss=0.333972 lr=9.927e-06
[train] step=547 loss=0.330610 lr=9.927e-06
[train] step=548 loss=0.318058 lr=9.926e-06
[train] step=549 loss=0.152350 lr=9.926e-06
[train] step=550 loss=0.298845 lr=9.926e-06
[train] step=551 loss=0.274906 lr=9.926e-06
[train] step=552 loss=0.204732 lr=9.925e-06
[train] step=553 loss=0.353184 lr=9.925e-06
[train] step=554 loss=0.322202 lr=9.925e-06
[train] step=555 loss=0.507866 lr=9.925e-06
[train] step=556 loss=0.177121 lr=9.924e-06
[train] step=557 loss=0.288246 lr=9.924e-06
[train] step=558 loss=0.172148 lr=9.924e-06
[train] step=559 loss=0.310742 lr=9.923e-06
[train] step=560 loss=0.395632 lr=9.923e-06
[train] step=561 loss=0.222245 lr=9.923e-06
[train] step=562 loss=0.169209 lr=9.923e-06
[train] step=563 loss=0.341513 lr=9.922e-06
[train] step=564 loss=0.396935 lr=9.922e-06
[train] step=565 loss=0.305267 lr=9.922e-06
[train] step=566 loss=0.371058 lr=9.922e-06
[train] step=567 loss=0.351156 lr=9.921e-06
[train] step=568 loss=0.244220 lr=9.921e-06
[train] step=569 loss=0.299282 lr=9.921e-06
[train] step=570 loss=0.283368 lr=9.920e-06
[train] step=571 loss=0.148917 lr=9.920e-06
[train] step=572 loss=0.364660 lr=9.920e-06
[train] step=573 loss=0.303731 lr=9.920e-06
[train] step=574 loss=0.234658 lr=9.919e-06
[train] step=575 loss=0.315868 lr=9.919e-06
[train] step=576 loss=0.503729 lr=9.919e-06
[train] step=577 loss=0.274694 lr=9.918e-06
[train] step=578 loss=0.171372 lr=9.918e-06
[train] step=579 loss=0.234190 lr=9.918e-06
[train] step=580 loss=0.253788 lr=9.918e-06
[train] step=581 loss=0.255544 lr=9.917e-06
[train] step=582 loss=0.276514 lr=9.917e-06
[train] step=583 loss=0.234947 lr=9.917e-06
[train] step=584 loss=0.274114 lr=9.916e-06
[train] step=585 loss=0.309808 lr=9.916e-06
[train] step=586 loss=0.272994 lr=9.916e-06
[train] step=587 loss=0.320364 lr=9.916e-06
[train] step=588 loss=0.276834 lr=9.915e-06
[train] step=589 loss=0.220317 lr=9.915e-06
[train] step=590 loss=0.262712 lr=9.915e-06
[train] step=591 loss=0.227157 lr=9.914e-06
[train] step=592 loss=0.256356 lr=9.914e-06
[train] step=593 loss=0.256021 lr=9.914e-06
[train] step=594 loss=0.219481 lr=9.914e-06
[train] step=595 loss=0.267877 lr=9.913e-06
[train] step=596 loss=0.249334 lr=9.913e-06
[train] step=597 loss=0.271541 lr=9.913e-06
[train] step=598 loss=0.338002 lr=9.912e-06
[train] step=599 loss=0.259793 lr=9.912e-06
[train] step=600 loss=0.224234 lr=9.912e-06
[val] step=600 val_loss=0.279948
INFO     [rank 0] Model weights for step 600 saved in        dit_trainer.py:1085
         checkpoints/model_weights_step_00600.safetensors                       
INFO     [rank 0] Scalar embedding weights for step 600      dit_trainer.py:1092
         saved                                                                  
INFO     [rank 0] Training state saved:                      dit_trainer.py:1123
         checkpoints/model_weights_step_00600.state.pt                          
[epoch 5] step=600 train_loss=0.283674 val_loss=0.279948
[train] step=601 loss=0.206477 lr=9.912e-06
[train] step=602 loss=0.254216 lr=9.911e-06
[train] step=603 loss=0.330336 lr=9.911e-06
[train] step=604 loss=0.183116 lr=9.911e-06
[train] step=605 loss=0.298828 lr=9.910e-06
[train] step=606 loss=0.233082 lr=9.910e-06
[train] step=607 loss=0.197090 lr=9.910e-06
[train] step=608 loss=0.227396 lr=9.909e-06
[train] step=609 loss=0.266423 lr=9.909e-06
[train] step=610 loss=0.308842 lr=9.909e-06
[train] step=611 loss=0.148378 lr=9.909e-06
[train] step=612 loss=0.359834 lr=9.908e-06
[train] step=613 loss=0.276581 lr=9.908e-06
[train] step=614 loss=0.130976 lr=9.908e-06
[train] step=615 loss=0.257266 lr=9.907e-06
[train] step=616 loss=0.297014 lr=9.907e-06
[train] step=617 loss=0.306305 lr=9.907e-06
[train] step=618 loss=0.196015 lr=9.906e-06
[train] step=619 loss=0.346118 lr=9.906e-06
[train] step=620 loss=0.257890 lr=9.906e-06
[train] step=621 loss=0.235793 lr=9.906e-06
[train] step=622 loss=0.250940 lr=9.905e-06
[train] step=623 loss=0.262529 lr=9.905e-06
[train] step=624 loss=0.234948 lr=9.905e-06
[train] step=625 loss=0.236470 lr=9.904e-06
[train] step=626 loss=0.189180 lr=9.904e-06
[train] step=627 loss=0.233759 lr=9.904e-06
[train] step=628 loss=0.241182 lr=9.903e-06
[train] step=629 loss=0.269522 lr=9.903e-06
[train] step=630 loss=0.209551 lr=9.903e-06
[train] step=631 loss=0.325586 lr=9.902e-06
[train] step=632 loss=0.169652 lr=9.902e-06
[train] step=633 loss=0.655660 lr=9.902e-06
[train] step=634 loss=0.224981 lr=9.902e-06
[train] step=635 loss=0.243157 lr=9.901e-06
[train] step=636 loss=0.450610 lr=9.901e-06
[train] step=637 loss=0.218384 lr=9.901e-06
[train] step=638 loss=0.529882 lr=9.900e-06
[train] step=639 loss=0.296136 lr=9.900e-06
[train] step=640 loss=0.264890 lr=9.900e-06
[train] step=641 loss=0.367958 lr=9.899e-06
[train] step=642 loss=0.272164 lr=9.899e-06
[train] step=643 loss=0.243607 lr=9.899e-06
[train] step=644 loss=0.321892 lr=9.898e-06
[train] step=645 loss=0.299802 lr=9.898e-06
[train] step=646 loss=0.572721 lr=9.898e-06
[train] step=647 loss=0.308450 lr=9.897e-06
[train] step=648 loss=0.237913 lr=9.897e-06
[train] step=649 loss=0.152328 lr=9.897e-06
[train] step=650 loss=0.181976 lr=9.897e-06
[train] step=651 loss=0.258705 lr=9.896e-06
[train] step=652 loss=0.282555 lr=9.896e-06
[train] step=653 loss=0.248143 lr=9.896e-06
[train] step=654 loss=0.235050 lr=9.895e-06
[train] step=655 loss=0.258592 lr=9.895e-06
[train] step=656 loss=0.267492 lr=9.895e-06
[train] step=657 loss=0.162237 lr=9.894e-06
[train] step=658 loss=0.186219 lr=9.894e-06
[train] step=659 loss=0.176671 lr=9.894e-06
[train] step=660 loss=0.212389 lr=9.893e-06
[train] step=661 loss=0.207736 lr=9.893e-06
[train] step=662 loss=0.404638 lr=9.893e-06
[train] step=663 loss=0.171731 lr=9.892e-06
[train] step=664 loss=0.133134 lr=9.892e-06
[train] step=665 loss=0.252516 lr=9.892e-06
[train] step=666 loss=0.169322 lr=9.891e-06
[train] step=667 loss=0.292646 lr=9.891e-06
[train] step=668 loss=0.148596 lr=9.891e-06
[train] step=669 loss=0.320797 lr=9.890e-06
[train] step=670 loss=0.145369 lr=9.890e-06
[train] step=671 loss=0.328401 lr=9.890e-06
[train] step=672 loss=0.361938 lr=9.889e-06
[train] step=673 loss=0.338703 lr=9.889e-06
[train] step=674 loss=0.250746 lr=9.889e-06
[train] step=675 loss=0.277125 lr=9.888e-06
[train] step=676 loss=0.476391 lr=9.888e-06
[train] step=677 loss=0.288688 lr=9.888e-06
[train] step=678 loss=0.281621 lr=9.887e-06
[train] step=679 loss=0.339633 lr=9.887e-06
[train] step=680 loss=0.215401 lr=9.887e-06
[train] step=681 loss=0.223467 lr=9.886e-06
[train] step=682 loss=0.277843 lr=9.886e-06
[train] step=683 loss=0.268464 lr=9.886e-06
[train] step=684 loss=0.277779 lr=9.885e-06
[train] step=685 loss=0.240378 lr=9.885e-06
[train] step=686 loss=0.305094 lr=9.885e-06
[train] step=687 loss=0.248867 lr=9.884e-06
[train] step=688 loss=0.282892 lr=9.884e-06
[train] step=689 loss=0.276699 lr=9.884e-06
[train] step=690 loss=0.259451 lr=9.883e-06
[train] step=691 loss=0.272995 lr=9.883e-06
[train] step=692 loss=0.262684 lr=9.883e-06
[train] step=693 loss=0.205476 lr=9.882e-06
[train] step=694 loss=0.239024 lr=9.882e-06
[train] step=695 loss=0.235076 lr=9.882e-06
[train] step=696 loss=0.263014 lr=9.881e-06
[train] step=697 loss=0.259056 lr=9.881e-06
[train] step=698 loss=0.274368 lr=9.881e-06
[train] step=699 loss=0.176917 lr=9.880e-06
[train] step=700 loss=0.154322 lr=9.880e-06
[train] step=701 loss=0.156073 lr=9.880e-06
[train] step=702 loss=0.293818 lr=9.879e-06
[train] step=703 loss=0.174812 lr=9.879e-06
[train] step=704 loss=0.244201 lr=9.879e-06
[train] step=705 loss=0.174609 lr=9.878e-06
[train] step=706 loss=0.269856 lr=9.878e-06
[train] step=707 loss=0.321728 lr=9.878e-06
[train] step=708 loss=0.197745 lr=9.877e-06
[train] step=709 loss=0.243047 lr=9.877e-06
[train] step=710 loss=0.223441 lr=9.877e-06
[train] step=711 loss=0.260841 lr=9.876e-06
[train] step=712 loss=0.334182 lr=9.876e-06
[train] step=713 loss=0.326528 lr=9.876e-06
[train] step=714 loss=0.279292 lr=9.875e-06
[train] step=715 loss=0.498208 lr=9.875e-06
[train] step=716 loss=0.193310 lr=9.875e-06
[train] step=717 loss=0.308360 lr=9.874e-06
[train] step=718 loss=0.329463 lr=9.874e-06
[train] step=719 loss=0.286709 lr=9.873e-06
[train] step=720 loss=0.131185 lr=9.873e-06
INFO     [rank 0] Model weights for step 720 saved in        dit_trainer.py:1085
         checkpoints/model_weights_step_00720.safetensors                       
INFO     [rank 0] Scalar embedding weights for step 720      dit_trainer.py:1092
         saved                                                                  
INFO     [rank 0] Training state saved:                      dit_trainer.py:1123
         checkpoints/model_weights_step_00720.state.pt                          
DEBUG    [rank 0] Removed old checkpoint:                    dit_trainer.py:1136
         /hppfs/scratch/0D/go76fuz2/windinet/outputs/shockwa                    
         ve_dit_ep20_baseline/checkpoints/model_weights_step                    
         _00120.safetensors                                                     
DEBUG    [rank 0] Removed old checkpoint:                    dit_trainer.py:1136
         /hppfs/scratch/0D/go76fuz2/windinet/outputs/shockwa                    
         ve_dit_ep20_baseline/checkpoints/model_weights_step                    
         _00120.state.pt                                                        
DEBUG    [rank 0] Removed old checkpoint:                    dit_trainer.py:1136
         /hppfs/scratch/0D/go76fuz2/windinet/outputs/shockwa                    
         ve_dit_ep20_baseline/checkpoints/scalar_embedding_s                    
         tep_00120.safetensors                                                  
[epoch 6] step=720 train_loss=0.265178
[train] step=721 loss=0.174413 lr=9.873e-06
[train] step=722 loss=0.275758 lr=9.872e-06
[train] step=723 loss=0.289004 lr=9.872e-06
[train] step=724 loss=0.193060 lr=9.872e-06
[train] step=725 loss=0.265967 lr=9.871e-06
[train] step=726 loss=0.121167 lr=9.871e-06
[train] step=727 loss=0.199593 lr=9.871e-06
[train] step=728 loss=0.259352 lr=9.870e-06
[train] step=729 loss=0.266757 lr=9.870e-06
[train] step=730 loss=0.167570 lr=9.870e-06
[train] step=731 loss=0.128515 lr=9.869e-06
[train] step=732 loss=0.256167 lr=9.869e-06
[train] step=733 loss=0.477569 lr=9.869e-06
[train] step=734 loss=0.205725 lr=9.868e-06
[train] step=735 loss=0.158383 lr=9.868e-06
[train] step=736 loss=0.253326 lr=9.867e-06
[train] step=737 loss=0.321079 lr=9.867e-06
[train] step=738 loss=0.191422 lr=9.867e-06
[train] step=739 loss=0.300227 lr=9.866e-06
[train] step=740 loss=0.231222 lr=9.866e-06
[train] step=741 loss=0.351449 lr=9.866e-06
[train] step=742 loss=0.339486 lr=9.865e-06
[train] step=743 loss=0.221787 lr=9.865e-06
[train] step=744 loss=0.213979 lr=9.865e-06
[train] step=745 loss=0.215765 lr=9.864e-06
[train] step=746 loss=0.277599 lr=9.864e-06
[train] step=747 loss=0.332644 lr=9.863e-06
[train] step=748 loss=0.445205 lr=9.863e-06
[train] step=749 loss=0.223056 lr=9.863e-06
[train] step=750 loss=0.233759 lr=9.862e-06
[train] step=751 loss=0.196940 lr=9.862e-06
[train] step=752 loss=0.197807 lr=9.862e-06
[train] step=753 loss=0.235849 lr=9.861e-06
[train] step=754 loss=0.285475 lr=9.861e-06
[train] step=755 loss=0.172579 lr=9.861e-06
[train] step=756 loss=0.336822 lr=9.860e-06
[train] step=757 loss=0.238647 lr=9.860e-06
[train] step=758 loss=0.100752 lr=9.859e-06
[train] step=759 loss=0.311650 lr=9.859e-06
[train] step=760 loss=0.222495 lr=9.859e-06
[train] step=761 loss=0.276791 lr=9.858e-06
[train] step=762 loss=0.270843 lr=9.858e-06
[train] step=763 loss=0.267225 lr=9.858e-06
[train] step=764 loss=0.262938 lr=9.857e-06
[train] step=765 loss=0.294905 lr=9.857e-06
[train] step=766 loss=0.263711 lr=9.856e-06
[train] step=767 loss=0.340484 lr=9.856e-06
[train] step=768 loss=0.215309 lr=9.856e-06
[train] step=769 loss=0.208110 lr=9.855e-06
[train] step=770 loss=0.240022 lr=9.855e-06
[train] step=771 loss=0.355622 lr=9.855e-06
[train] step=772 loss=0.253166 lr=9.854e-06
[train] step=773 loss=0.192487 lr=9.854e-06
[train] step=774 loss=0.212928 lr=9.853e-06
[train] step=775 loss=0.245706 lr=9.853e-06
[train] step=776 loss=0.434606 lr=9.853e-06
[train] step=777 loss=0.219558 lr=9.852e-06
[train] step=778 loss=0.301051 lr=9.852e-06
[train] step=779 loss=0.328889 lr=9.852e-06
[train] step=780 loss=0.296982 lr=9.851e-06
[train] step=781 loss=0.184186 lr=9.851e-06
[train] step=782 loss=0.242469 lr=9.850e-06
[train] step=783 loss=0.175182 lr=9.850e-06
[train] step=784 loss=0.313076 lr=9.850e-06
[train] step=785 loss=0.341243 lr=9.849e-06
[train] step=786 loss=0.287984 lr=9.849e-06
[train] step=787 loss=0.253815 lr=9.848e-06
[train] step=788 loss=0.216979 lr=9.848e-06
[train] step=789 loss=0.226763 lr=9.848e-06
[train] step=790 loss=0.335924 lr=9.847e-06
[train] step=791 loss=0.274871 lr=9.847e-06
[train] step=792 loss=0.144246 lr=9.847e-06
[train] step=793 loss=0.397947 lr=9.846e-06
[train] step=794 loss=0.461699 lr=9.846e-06
[train] step=795 loss=0.271409 lr=9.845e-06
[train] step=796 loss=0.264808 lr=9.845e-06
[train] step=797 loss=0.174859 lr=9.845e-06
[train] step=798 loss=0.316871 lr=9.844e-06
[train] step=799 loss=0.487482 lr=9.844e-06
[train] step=800 loss=0.305816 lr=9.843e-06
[train] step=801 loss=0.251383 lr=9.843e-06
[train] step=802 loss=0.252978 lr=9.843e-06
[train] step=803 loss=0.163670 lr=9.842e-06
[train] step=804 loss=0.315147 lr=9.842e-06
[train] step=805 loss=0.222945 lr=9.842e-06
[train] step=806 loss=0.247776 lr=9.841e-06
[train] step=807 loss=0.306656 lr=9.841e-06
[train] step=808 loss=0.189670 lr=9.840e-06
[train] step=809 loss=0.346698 lr=9.840e-06
[train] step=810 loss=0.240833 lr=9.840e-06
[train] step=811 loss=0.287442 lr=9.839e-06
[train] step=812 loss=0.330800 lr=9.839e-06
[train] step=813 loss=0.216041 lr=9.838e-06
[train] step=814 loss=0.371978 lr=9.838e-06
[train] step=815 loss=0.338873 lr=9.838e-06
[train] step=816 loss=0.320125 lr=9.837e-06
[train] step=817 loss=0.217914 lr=9.837e-06
[train] step=818 loss=0.291616 lr=9.836e-06
[train] step=819 loss=0.180978 lr=9.836e-06
[train] step=820 loss=0.186949 lr=9.836e-06
[train] step=821 loss=0.147300 lr=9.835e-06
[train] step=822 loss=0.284221 lr=9.835e-06
[train] step=823 loss=0.290694 lr=9.834e-06
[train] step=824 loss=0.209701 lr=9.834e-06
[train] step=825 loss=0.337035 lr=9.834e-06
[train] step=826 loss=0.285607 lr=9.833e-06
[train] step=827 loss=0.369028 lr=9.833e-06
[train] step=828 loss=0.283322 lr=9.832e-06
[train] step=829 loss=0.340020 lr=9.832e-06
[train] step=830 loss=0.329533 lr=9.832e-06
[train] step=831 loss=0.268911 lr=9.831e-06
[train] step=832 loss=0.229961 lr=9.831e-06
[train] step=833 loss=0.314968 lr=9.830e-06
[train] step=834 loss=0.256581 lr=9.830e-06
[train] step=835 loss=0.552506 lr=9.830e-06
[train] step=836 loss=0.223094 lr=9.829e-06
[train] step=837 loss=0.225842 lr=9.829e-06
[train] step=838 loss=0.342622 lr=9.828e-06
[train] step=839 loss=0.158154 lr=9.828e-06
[train] step=840 loss=0.343478 lr=9.827e-06
INFO     [rank 0] Model weights for step 840 saved in        dit_trainer.py:1085
         checkpoints/model_weights_step_00840.safetensors                       
INFO     [rank 0] Scalar embedding weights for step 840      dit_trainer.py:1092
         saved                                                                  
INFO     [rank 0] Training state saved:                      dit_trainer.py:1123
         checkpoints/model_weights_step_00840.state.pt                          
DEBUG    [rank 0] Removed old checkpoint:                    dit_trainer.py:1136
         /hppfs/scratch/0D/go76fuz2/windinet/outputs/shockwa                    
         ve_dit_ep20_baseline/checkpoints/model_weights_step                    
         _00240.safetensors                                                     
DEBUG    [rank 0] Removed old checkpoint:                    dit_trainer.py:1136
         /hppfs/scratch/0D/go76fuz2/windinet/outputs/shockwa                    
         ve_dit_ep20_baseline/checkpoints/model_weights_step                    
         _00240.state.pt                                                        
DEBUG    [rank 0] Removed old checkpoint:                    dit_trainer.py:1136
         /hppfs/scratch/0D/go76fuz2/windinet/outputs/shockwa                    
         ve_dit_ep20_baseline/checkpoints/scalar_embedding_s                    
         tep_00240.safetensors                                                  
[epoch 7] step=840 train_loss=0.265915
[train] step=841 loss=0.271673 lr=9.827e-06
[train] step=842 loss=0.286495 lr=9.827e-06
[train] step=843 loss=0.248757 lr=9.826e-06
[train] step=844 loss=0.587662 lr=9.826e-06
[train] step=845 loss=0.276943 lr=9.825e-06
[train] step=846 loss=0.353912 lr=9.825e-06
[train] step=847 loss=0.449619 lr=9.825e-06
[train] step=848 loss=0.151764 lr=9.824e-06
[train] step=849 loss=0.240525 lr=9.824e-06
[train] step=850 loss=0.216545 lr=9.823e-06
[train] step=851 loss=0.334820 lr=9.823e-06
[train] step=852 loss=0.248143 lr=9.823e-06
[train] step=853 loss=0.180523 lr=9.822e-06
[train] step=854 loss=0.157278 lr=9.822e-06
[train] step=855 loss=0.212211 lr=9.821e-06
[train] step=856 loss=0.185993 lr=9.821e-06
[train] step=857 loss=0.156390 lr=9.820e-06
[train] step=858 loss=0.254476 lr=9.820e-06
[train] step=859 loss=0.269033 lr=9.820e-06
[train] step=860 loss=0.181734 lr=9.819e-06
[train] step=861 loss=0.299210 lr=9.819e-06
[train] step=862 loss=0.203183 lr=9.818e-06
[train] step=863 loss=0.200350 lr=9.818e-06
[train] step=864 loss=0.235112 lr=9.818e-06
[train] step=865 loss=0.373636 lr=9.817e-06
[train] step=866 loss=0.384853 lr=9.817e-06
[train] step=867 loss=0.246182 lr=9.816e-06
[train] step=868 loss=0.352909 lr=9.816e-06
[train] step=869 loss=0.168602 lr=9.815e-06
[train] step=870 loss=0.171694 lr=9.815e-06
[train] step=871 loss=0.241829 lr=9.815e-06
[train] step=872 loss=0.243891 lr=9.814e-06
[train] step=873 loss=0.246044 lr=9.814e-06
[train] step=874 loss=0.492295 lr=9.813e-06
[train] step=875 loss=0.239912 lr=9.813e-06
[train] step=876 loss=0.201803 lr=9.812e-06
[train] step=877 loss=0.386460 lr=9.812e-06
[train] step=878 loss=0.346784 lr=9.812e-06
[train] step=879 loss=0.257621 lr=9.811e-06
[train] step=880 loss=0.231783 lr=9.811e-06
[train] step=881 loss=0.203581 lr=9.810e-06
[train] step=882 loss=0.388247 lr=9.810e-06
[train] step=883 loss=0.376288 lr=9.809e-06
[train] step=884 loss=0.264823 lr=9.809e-06
[train] step=885 loss=0.254956 lr=9.809e-06
[train] step=886 loss=0.270266 lr=9.808e-06
[train] step=887 loss=0.162780 lr=9.808e-06
[train] step=888 loss=0.200038 lr=9.807e-06
[train] step=889 loss=0.207779 lr=9.807e-06
[train] step=890 loss=0.325966 lr=9.806e-06
[train] step=891 loss=0.221798 lr=9.806e-06
[train] step=892 loss=0.257917 lr=9.806e-06
[train] step=893 loss=0.351913 lr=9.805e-06
[train] step=894 loss=0.194296 lr=9.805e-06
[train] step=895 loss=0.348156 lr=9.804e-06
[train] step=896 loss=0.313717 lr=9.804e-06
[train] step=897 loss=0.227319 lr=9.803e-06
[train] step=898 loss=0.235244 lr=9.803e-06
[train] step=899 loss=0.355608 lr=9.803e-06
[train] step=900 loss=0.211513 lr=9.802e-06
[train] step=901 loss=0.259868 lr=9.802e-06
[train] step=902 loss=0.290282 lr=9.801e-06
[train] step=903 loss=0.234457 lr=9.801e-06
[train] step=904 loss=0.326901 lr=9.800e-06
[train] step=905 loss=0.179004 lr=9.800e-06
[train] step=906 loss=0.170223 lr=9.799e-06
[train] step=907 loss=0.198209 lr=9.799e-06
[train] step=908 loss=0.266341 lr=9.799e-06
[train] step=909 loss=0.228442 lr=9.798e-06
[train] step=910 loss=0.209655 lr=9.798e-06
[train] step=911 loss=0.316834 lr=9.797e-06
[train] step=912 loss=0.145777 lr=9.797e-06
[train] step=913 loss=0.177841 lr=9.796e-06
[train] step=914 loss=0.207361 lr=9.796e-06
[train] step=915 loss=0.219927 lr=9.795e-06
[train] step=916 loss=0.416286 lr=9.795e-06
[train] step=917 loss=0.141886 lr=9.795e-06
[train] step=918 loss=0.272759 lr=9.794e-06
[train] step=919 loss=0.216906 lr=9.794e-06
[train] step=920 loss=0.166900 lr=9.793e-06
[train] step=921 loss=0.198658 lr=9.793e-06
[train] step=922 loss=0.110353 lr=9.792e-06
[train] step=923 loss=0.169986 lr=9.792e-06
[train] step=924 loss=0.253432 lr=9.791e-06
[train] step=925 loss=0.283034 lr=9.791e-06
[train] step=926 loss=0.276798 lr=9.791e-06
[train] step=927 loss=0.233480 lr=9.790e-06
[train] step=928 loss=0.287753 lr=9.790e-06
[train] step=929 loss=0.562464 lr=9.789e-06
[train] step=930 loss=0.256926 lr=9.789e-06
[train] step=931 loss=0.337606 lr=9.788e-06
[train] step=932 loss=0.254399 lr=9.788e-06
[train] step=933 loss=0.351037 lr=9.787e-06
[train] step=934 loss=0.225895 lr=9.787e-06
[train] step=935 loss=0.230864 lr=9.787e-06
[train] step=936 loss=0.270592 lr=9.786e-06
[train] step=937 loss=0.309828 lr=9.786e-06
[train] step=938 loss=0.305882 lr=9.785e-06
[train] step=939 loss=0.280174 lr=9.785e-06
[train] step=940 loss=0.253002 lr=9.784e-06
[train] step=941 loss=0.252214 lr=9.784e-06
[train] step=942 loss=0.246523 lr=9.783e-06
[train] step=943 loss=0.241682 lr=9.783e-06
[train] step=944 loss=0.267283 lr=9.782e-06
[train] step=945 loss=0.208594 lr=9.782e-06
[train] step=946 loss=0.360178 lr=9.781e-06
[train] step=947 loss=0.316177 lr=9.781e-06
[train] step=948 loss=0.287812 lr=9.781e-06
[train] step=949 loss=0.230793 lr=9.780e-06
[train] step=950 loss=0.287450 lr=9.780e-06
[train] step=951 loss=0.171999 lr=9.779e-06
[train] step=952 loss=0.185209 lr=9.779e-06
[train] step=953 loss=0.284161 lr=9.778e-06
[train] step=954 loss=0.167855 lr=9.778e-06
[train] step=955 loss=0.220361 lr=9.777e-06
[train] step=956 loss=0.337494 lr=9.777e-06
[train] step=957 loss=0.231547 lr=9.776e-06
[train] step=958 loss=0.218749 lr=9.776e-06
[train] step=959 loss=0.220394 lr=9.775e-06
[train] step=960 loss=0.323362 lr=9.775e-06
INFO     [rank 0] Model weights for step 960 saved in        dit_trainer.py:1085
         checkpoints/model_weights_step_00960.safetensors                       
INFO     [rank 0] Scalar embedding weights for step 960      dit_trainer.py:1092
         saved                                                                  
INFO     [rank 0] Training state saved:                      dit_trainer.py:1123
         checkpoints/model_weights_step_00960.state.pt                          
DEBUG    [rank 0] Removed old checkpoint:                    dit_trainer.py:1136
         /hppfs/scratch/0D/go76fuz2/windinet/outputs/shockwa                    
         ve_dit_ep20_baseline/checkpoints/model_weights_step                    
         _00360.safetensors                                                     
DEBUG    [rank 0] Removed old checkpoint:                    dit_trainer.py:1136
         /hppfs/scratch/0D/go76fuz2/windinet/outputs/shockwa                    
         ve_dit_ep20_baseline/checkpoints/model_weights_step                    
         _00360.state.pt                                                        
DEBUG    [rank 0] Removed old checkpoint:                    dit_trainer.py:1136
         /hppfs/scratch/0D/go76fuz2/windinet/outputs/shockwa                    
         ve_dit_ep20_baseline/checkpoints/scalar_embedding_s                    
         tep_00360.safetensors                                                  
[epoch 8] step=960 train_loss=0.261157
[train] step=961 loss=0.197932 lr=9.775e-06
[train] step=962 loss=0.163713 lr=9.774e-06
[train] step=963 loss=0.336809 lr=9.774e-06
[train] step=964 loss=0.200810 lr=9.773e-06
[train] step=965 loss=0.291452 lr=9.773e-06
[train] step=966 loss=0.225836 lr=9.772e-06
[train] step=967 loss=0.238034 lr=9.772e-06
[train] step=968 loss=0.293081 lr=9.771e-06
[train] step=969 loss=0.164228 lr=9.771e-06
[train] step=970 loss=0.250410 lr=9.770e-06
[train] step=971 loss=0.264301 lr=9.770e-06
[train] step=972 loss=0.193916 lr=9.769e-06
[train] step=973 loss=0.241387 lr=9.769e-06
[train] step=974 loss=0.313762 lr=9.768e-06
[train] step=975 loss=0.236330 lr=9.768e-06
[train] step=976 loss=0.249782 lr=9.768e-06
[train] step=977 loss=0.237489 lr=9.767e-06
[train] step=978 loss=0.227624 lr=9.767e-06
[train] step=979 loss=0.375962 lr=9.766e-06
[train] step=980 loss=0.206701 lr=9.766e-06
[train] step=981 loss=0.251925 lr=9.765e-06
[train] step=982 loss=0.266827 lr=9.765e-06
[train] step=983 loss=0.243556 lr=9.764e-06
[train] step=984 loss=0.147058 lr=9.764e-06
[train] step=985 loss=0.242337 lr=9.763e-06
[train] step=986 loss=0.188159 lr=9.763e-06
[train] step=987 loss=0.246699 lr=9.762e-06
[train] step=988 loss=0.176518 lr=9.762e-06
[train] step=989 loss=0.252758 lr=9.761e-06
[train] step=990 loss=0.154406 lr=9.761e-06
[train] step=991 loss=0.244212 lr=9.760e-06
[train] step=992 loss=0.241416 lr=9.760e-06
[train] step=993 loss=0.258249 lr=9.759e-06
[train] step=994 loss=0.253460 lr=9.759e-06
[train] step=995 loss=0.194514 lr=9.758e-06
[train] step=996 loss=0.320563 lr=9.758e-06
[train] step=997 loss=0.214365 lr=9.757e-06
[train] step=998 loss=0.257916 lr=9.757e-06
[train] step=999 loss=0.261020 lr=9.756e-06
[train] step=1000 loss=0.291097 lr=9.756e-06
[train] step=1001 loss=0.461712 lr=9.756e-06
[train] step=1002 loss=0.259033 lr=9.755e-06
[train] step=1003 loss=0.200978 lr=9.755e-06
[train] step=1004 loss=0.213416 lr=9.754e-06
[train] step=1005 loss=0.231766 lr=9.754e-06
[train] step=1006 loss=0.206649 lr=9.753e-06
[train] step=1007 loss=0.205115 lr=9.753e-06
[train] step=1008 loss=0.272037 lr=9.752e-06
[train] step=1009 loss=0.278840 lr=9.752e-06
[train] step=1010 loss=0.287623 lr=9.751e-06
[train] step=1011 loss=0.259938 lr=9.751e-06
[train] step=1012 loss=0.209529 lr=9.750e-06
[train] step=1013 loss=0.306211 lr=9.750e-06
[train] step=1014 loss=0.243996 lr=9.749e-06
[train] step=1015 loss=0.301443 lr=9.749e-06
[train] step=1016 loss=0.321606 lr=9.748e-06
[train] step=1017 loss=0.237976 lr=9.748e-06
[train] step=1018 loss=0.183239 lr=9.747e-06
[train] step=1019 loss=0.236817 lr=9.747e-06
[train] step=1020 loss=0.235380 lr=9.746e-06
[train] step=1021 loss=0.135688 lr=9.746e-06
[train] step=1022 loss=0.243318 lr=9.745e-06
[train] step=1023 loss=0.272656 lr=9.745e-06
[train] step=1024 loss=0.198762 lr=9.744e-06
[train] step=1025 loss=0.278606 lr=9.744e-06
[train] step=1026 loss=0.238608 lr=9.743e-06
[train] step=1027 loss=0.408133 lr=9.743e-06
[train] step=1028 loss=0.260847 lr=9.742e-06
[train] step=1029 loss=0.289567 lr=9.742e-06
[train] step=1030 loss=0.186737 lr=9.741e-06
[train] step=1031 loss=0.207929 lr=9.741e-06
[train] step=1032 loss=0.163498 lr=9.740e-06
[train] step=1033 loss=0.415480 lr=9.740e-06
[train] step=1034 loss=0.303865 lr=9.739e-06
[train] step=1035 loss=0.241703 lr=9.739e-06
[train] step=1036 loss=0.263502 lr=9.738e-06
[train] step=1037 loss=0.373395 lr=9.738e-06
[train] step=1038 loss=0.218149 lr=9.737e-06
[train] step=1039 loss=0.413128 lr=9.737e-06
[train] step=1040 loss=0.328765 lr=9.736e-06
[train] step=1041 loss=0.311413 lr=9.736e-06
[train] step=1042 loss=0.223867 lr=9.735e-06
[train] step=1043 loss=0.286643 lr=9.735e-06
[train] step=1044 loss=0.228046 lr=9.734e-06
[train] step=1045 loss=0.313305 lr=9.734e-06
[train] step=1046 loss=0.267869 lr=9.733e-06
[train] step=1047 loss=0.236584 lr=9.733e-06
[train] step=1048 loss=0.235216 lr=9.732e-06
[train] step=1049 loss=0.124008 lr=9.732e-06
[train] step=1050 loss=0.203099 lr=9.731e-06
[train] step=1051 loss=0.188884 lr=9.731e-06
[train] step=1052 loss=0.256979 lr=9.730e-06
[train] step=1053 loss=0.221944 lr=9.730e-06
[train] step=1054 loss=0.262966 lr=9.729e-06
[train] step=1055 loss=0.189674 lr=9.729e-06
[train] step=1056 loss=0.242800 lr=9.728e-06
[train] step=1057 loss=0.257013 lr=9.728e-06
[train] step=1058 loss=0.291762 lr=9.727e-06
[train] step=1059 loss=0.316866 lr=9.727e-06
[train] step=1060 loss=0.279670 lr=9.726e-06
[train] step=1061 loss=0.222282 lr=9.726e-06
[train] step=1062 loss=0.260594 lr=9.725e-06
[train] step=1063 loss=0.363698 lr=9.725e-06
[train] step=1064 loss=0.124672 lr=9.724e-06
[train] step=1065 loss=0.253356 lr=9.724e-06
[train] step=1066 loss=0.321161 lr=9.723e-06
[train] step=1067 loss=0.193496 lr=9.723e-06
[train] step=1068 loss=0.136076 lr=9.722e-06
[train] step=1069 loss=0.352176 lr=9.721e-06
[train] step=1070 loss=0.189482 lr=9.721e-06
[train] step=1071 loss=0.240512 lr=9.720e-06
[train] step=1072 loss=0.201329 lr=9.720e-06
[train] step=1073 loss=0.164215 lr=9.719e-06
[train] step=1074 loss=0.357205 lr=9.719e-06
[train] step=1075 loss=0.229877 lr=9.718e-06
[train] step=1076 loss=0.182128 lr=9.718e-06
[train] step=1077 loss=0.252938 lr=9.717e-06
[train] step=1078 loss=0.298688 lr=9.717e-06
[train] step=1079 loss=0.238546 lr=9.716e-06
[train] step=1080 loss=0.498295 lr=9.716e-06
INFO     [rank 0] Model weights for step 1080 saved in       dit_trainer.py:1085
         checkpoints/model_weights_step_01080.safetensors                       
INFO     [rank 0] Scalar embedding weights for step 1080     dit_trainer.py:1092
         saved                                                                  
INFO     [rank 0] Training state saved:                      dit_trainer.py:1123
         checkpoints/model_weights_step_01080.state.pt                          
DEBUG    [rank 0] Removed old checkpoint:                    dit_trainer.py:1136
         /hppfs/scratch/0D/go76fuz2/windinet/outputs/shockwa                    
         ve_dit_ep20_baseline/checkpoints/model_weights_step                    
         _00480.safetensors                                                     
DEBUG    [rank 0] Removed old checkpoint:                    dit_trainer.py:1136
         /hppfs/scratch/0D/go76fuz2/windinet/outputs/shockwa                    
         ve_dit_ep20_baseline/checkpoints/model_weights_step                    
         _00480.state.pt                                                        
DEBUG    [rank 0] Removed old checkpoint:                    dit_trainer.py:1136
         /hppfs/scratch/0D/go76fuz2/windinet/outputs/shockwa                    
         ve_dit_ep20_baseline/checkpoints/scalar_embedding_s                    
         tep_00480.safetensors                                                  
[epoch 9] step=1080 train_loss=0.250472
[train] step=1081 loss=0.269842 lr=9.715e-06
[train] step=1082 loss=0.291759 lr=9.715e-06
[train] step=1083 loss=0.211076 lr=9.714e-06
[train] step=1084 loss=0.207450 lr=9.714e-06
[train] step=1085 loss=0.335698 lr=9.713e-06
[train] step=1086 loss=0.126372 lr=9.713e-06
[train] step=1087 loss=0.431280 lr=9.712e-06
[train] step=1088 loss=0.227375 lr=9.712e-06
[train] step=1089 loss=0.242137 lr=9.711e-06
[train] step=1090 loss=0.291807 lr=9.711e-06
[train] step=1091 loss=0.306462 lr=9.710e-06
[train] step=1092 loss=0.191182 lr=9.709e-06
[train] step=1093 loss=0.381469 lr=9.709e-06
[train] step=1094 loss=0.164241 lr=9.708e-06
[train] step=1095 loss=0.415647 lr=9.708e-06
[train] step=1096 loss=0.232190 lr=9.707e-06
[train] step=1097 loss=0.171454 lr=9.707e-06
[train] step=1098 loss=0.152282 lr=9.706e-06
[train] step=1099 loss=0.444773 lr=9.706e-06
[train] step=1100 loss=0.418202 lr=9.705e-06
[train] step=1101 loss=0.245901 lr=9.705e-06
[train] step=1102 loss=0.266968 lr=9.704e-06
[train] step=1103 loss=0.389663 lr=9.704e-06
[train] step=1104 loss=0.182364 lr=9.703e-06
[train] step=1105 loss=0.309952 lr=9.703e-06
[train] step=1106 loss=0.289064 lr=9.702e-06
[train] step=1107 loss=0.227963 lr=9.702e-06
[train] step=1108 loss=0.287776 lr=9.701e-06
[train] step=1109 loss=0.261612 lr=9.700e-06
[train] step=1110 loss=0.388563 lr=9.700e-06
[train] step=1111 loss=0.231852 lr=9.699e-06
[train] step=1112 loss=0.180372 lr=9.699e-06
[train] step=1113 loss=0.141430 lr=9.698e-06
[train] step=1114 loss=0.207610 lr=9.698e-06
[train] step=1115 loss=0.288539 lr=9.697e-06
[train] step=1116 loss=0.262409 lr=9.697e-06
[train] step=1117 loss=0.126725 lr=9.696e-06
[train] step=1118 loss=0.165246 lr=9.696e-06
[train] step=1119 loss=0.225267 lr=9.695e-06
[train] step=1120 loss=0.271752 lr=9.695e-06
[train] step=1121 loss=0.512304 lr=9.694e-06
[train] step=1122 loss=0.331462 lr=9.693e-06
[train] step=1123 loss=0.207683 lr=9.693e-06
[train] step=1124 loss=0.306063 lr=9.692e-06
[train] step=1125 loss=0.261278 lr=9.692e-06
[train] step=1126 loss=0.246367 lr=9.691e-06
[train] step=1127 loss=0.268568 lr=9.691e-06
[train] step=1128 loss=0.255036 lr=9.690e-06
[train] step=1129 loss=0.299529 lr=9.690e-06
[train] step=1130 loss=0.296041 lr=9.689e-06
[train] step=1131 loss=0.215710 lr=9.689e-06
[train] step=1132 loss=0.252132 lr=9.688e-06
[train] step=1133 loss=0.326041 lr=9.687e-06
[train] step=1134 loss=0.183923 lr=9.687e-06
[train] step=1135 loss=0.223881 lr=9.686e-06
[train] step=1136 loss=0.167596 lr=9.686e-06
[train] step=1137 loss=0.352337 lr=9.685e-06
[train] step=1138 loss=0.199211 lr=9.685e-06
[train] step=1139 loss=0.245632 lr=9.684e-06
[train] step=1140 loss=0.116184 lr=9.684e-06
[train] step=1141 loss=0.217406 lr=9.683e-06
[train] step=1142 loss=0.283054 lr=9.683e-06
[train] step=1143 loss=0.155659 lr=9.682e-06
[train] step=1144 loss=0.495821 lr=9.681e-06
[train] step=1145 loss=0.227507 lr=9.681e-06
[train] step=1146 loss=0.230370 lr=9.680e-06
[train] step=1147 loss=0.158141 lr=9.680e-06
[train] step=1148 loss=0.164982 lr=9.679e-06
[train] step=1149 loss=0.145330 lr=9.679e-06
[train] step=1150 loss=0.272404 lr=9.678e-06
[train] step=1151 loss=0.154764 lr=9.678e-06
[train] step=1152 loss=0.191738 lr=9.677e-06
[train] step=1153 loss=0.272629 lr=9.676e-06
[train] step=1154 loss=0.338524 lr=9.676e-06
[train] step=1155 loss=0.278812 lr=9.675e-06
[train] step=1156 loss=0.148833 lr=9.675e-06
[train] step=1157 loss=0.356445 lr=9.674e-06
[train] step=1158 loss=0.205166 lr=9.674e-06
[train] step=1159 loss=0.228684 lr=9.673e-06
[train] step=1160 loss=0.259559 lr=9.673e-06
[train] step=1161 loss=0.341969 lr=9.672e-06
[train] step=1162 loss=0.256264 lr=9.671e-06
[train] step=1163 loss=0.268652 lr=9.671e-06
[train] step=1164 loss=0.263103 lr=9.670e-06
[train] step=1165 loss=0.179482 lr=9.670e-06
[train] step=1166 loss=0.209566 lr=9.669e-06
[train] step=1167 loss=0.318367 lr=9.669e-06
[train] step=1168 loss=0.257000 lr=9.668e-06
[train] step=1169 loss=0.303467 lr=9.667e-06
[train] step=1170 loss=0.169877 lr=9.667e-06
[train] step=1171 loss=0.290946 lr=9.666e-06
[train] step=1172 loss=0.273378 lr=9.666e-06
[train] step=1173 loss=0.330459 lr=9.665e-06
[train] step=1174 loss=0.235734 lr=9.665e-06
[train] step=1175 loss=0.266821 lr=9.664e-06
[train] step=1176 loss=0.336302 lr=9.664e-06
[train] step=1177 loss=0.224531 lr=9.663e-06
[train] step=1178 loss=0.219011 lr=9.662e-06
[train] step=1179 loss=0.529203 lr=9.662e-06
[train] step=1180 loss=0.217268 lr=9.661e-06
[train] step=1181 loss=0.309253 lr=9.661e-06
[train] step=1182 loss=0.301819 lr=9.660e-06
[train] step=1183 loss=0.123897 lr=9.660e-06
[train] step=1184 loss=0.299690 lr=9.659e-06
[train] step=1185 loss=0.484168 lr=9.658e-06
[train] step=1186 loss=0.192604 lr=9.658e-06
[train] step=1187 loss=0.227721 lr=9.657e-06
[train] step=1188 loss=0.275032 lr=9.657e-06
[train] step=1189 loss=0.210542 lr=9.656e-06
[train] step=1190 loss=0.249704 lr=9.656e-06
[train] step=1191 loss=0.248795 lr=9.655e-06
[train] step=1192 loss=0.135806 lr=9.654e-06
[train] step=1193 loss=0.345867 lr=9.654e-06
[train] step=1194 loss=0.421260 lr=9.653e-06
[train] step=1195 loss=0.140720 lr=9.653e-06
[train] step=1196 loss=0.267575 lr=9.652e-06
[train] step=1197 loss=0.158670 lr=9.652e-06
[train] step=1198 loss=0.220174 lr=9.651e-06
[train] step=1199 loss=0.241950 lr=9.650e-06
[train] step=1200 loss=0.263613 lr=9.650e-06
[val] step=1200 val_loss=0.255069
INFO     [rank 0] Model weights for step 1200 saved in       dit_trainer.py:1085
         checkpoints/model_weights_step_01200.safetensors                       
INFO     [rank 0] Scalar embedding weights for step 1200     dit_trainer.py:1092
         saved                                                                  
INFO     [rank 0] Training state saved:                      dit_trainer.py:1123
         checkpoints/model_weights_step_01200.state.pt                          
DEBUG    [rank 0] Removed old checkpoint:                    dit_trainer.py:1136
         /hppfs/scratch/0D/go76fuz2/windinet/outputs/shockwa                    
         ve_dit_ep20_baseline/checkpoints/model_weights_step                    
         _00600.safetensors                                                     
DEBUG    [rank 0] Removed old checkpoint:                    dit_trainer.py:1136
         /hppfs/scratch/0D/go76fuz2/windinet/outputs/shockwa                    
         ve_dit_ep20_baseline/checkpoints/model_weights_step                    
         _00600.state.pt                                                        
DEBUG    [rank 0] Removed old checkpoint:                    dit_trainer.py:1136
         /hppfs/scratch/0D/go76fuz2/windinet/outputs/shockwa                    
         ve_dit_ep20_baseline/checkpoints/scalar_embedding_s                    
         tep_00600.safetensors                                                  
[epoch 10] step=1200 train_loss=0.261346 val_loss=0.255069
[train] step=1201 loss=0.246101 lr=9.649e-06
[train] step=1202 loss=0.258991 lr=9.649e-06
[train] step=1203 loss=0.241461 lr=9.648e-06
[train] step=1204 loss=0.238603 lr=9.647e-06
[train] step=1205 loss=0.206993 lr=9.647e-06
[train] step=1206 loss=0.305638 lr=9.646e-06
[train] step=1207 loss=0.185471 lr=9.646e-06
[train] step=1208 loss=0.283190 lr=9.645e-06
[train] step=1209 loss=0.223598 lr=9.645e-06
[train] step=1210 loss=0.170590 lr=9.644e-06
[train] step=1211 loss=0.192609 lr=9.643e-06
[train] step=1212 loss=0.239187 lr=9.643e-06
[train] step=1213 loss=0.430197 lr=9.642e-06
[train] step=1214 loss=0.275945 lr=9.642e-06
[train] step=1215 loss=0.209144 lr=9.641e-06
[train] step=1216 loss=0.290095 lr=9.641e-06
[train] step=1217 loss=0.143453 lr=9.640e-06
[train] step=1218 loss=0.354852 lr=9.639e-06
[train] step=1219 loss=0.268319 lr=9.639e-06
[train] step=1220 loss=0.456930 lr=9.638e-06
[train] step=1221 loss=0.217490 lr=9.638e-06
[train] step=1222 loss=0.237372 lr=9.637e-06
[train] step=1223 loss=0.302351 lr=9.636e-06
[train] step=1224 loss=0.215114 lr=9.636e-06
[train] step=1225 loss=0.279544 lr=9.635e-06
[train] step=1226 loss=0.291981 lr=9.635e-06
[train] step=1227 loss=0.177381 lr=9.634e-06
[train] step=1228 loss=0.205524 lr=9.633e-06
[train] step=1229 loss=0.318365 lr=9.633e-06
[train] step=1230 loss=0.234356 lr=9.632e-06
[train] step=1231 loss=0.227471 lr=9.632e-06
[train] step=1232 loss=0.268394 lr=9.631e-06
[train] step=1233 loss=0.251852 lr=9.631e-06
[train] step=1234 loss=0.140422 lr=9.630e-06
[train] step=1235 loss=0.277186 lr=9.629e-06
[train] step=1236 loss=0.297104 lr=9.629e-06
[train] step=1237 loss=0.320063 lr=9.628e-06
[train] step=1238 loss=0.172803 lr=9.628e-06
[train] step=1239 loss=0.260552 lr=9.627e-06
[train] step=1240 loss=0.299672 lr=9.626e-06
[train] step=1241 loss=0.345309 lr=9.626e-06
[train] step=1242 loss=0.389424 lr=9.625e-06
[train] step=1243 loss=0.216441 lr=9.625e-06
[train] step=1244 loss=0.375421 lr=9.624e-06
[train] step=1245 loss=0.185693 lr=9.623e-06
[train] step=1246 loss=0.184805 lr=9.623e-06
[train] step=1247 loss=0.151253 lr=9.622e-06
[train] step=1248 loss=0.181196 lr=9.622e-06
[train] step=1249 loss=0.294743 lr=9.621e-06
[train] step=1250 loss=0.354333 lr=9.620e-06
[train] step=1251 loss=0.162500 lr=9.620e-06
[train] step=1252 loss=0.260303 lr=9.619e-06
[train] step=1253 loss=0.289731 lr=9.619e-06
[train] step=1254 loss=0.365887 lr=9.618e-06
[train] step=1255 loss=0.263281 lr=9.617e-06
[train] step=1256 loss=0.241452 lr=9.617e-06
[train] step=1257 loss=0.261884 lr=9.616e-06
[train] step=1258 loss=0.140989 lr=9.616e-06
[train] step=1259 loss=0.193128 lr=9.615e-06
[train] step=1260 loss=0.247725 lr=9.614e-06
[train] step=1261 loss=0.354959 lr=9.614e-06
[train] step=1262 loss=0.176378 lr=9.613e-06
[train] step=1263 loss=0.204796 lr=9.613e-06
[train] step=1264 loss=0.157677 lr=9.612e-06
[train] step=1265 loss=0.209671 lr=9.611e-06
[train] step=1266 loss=0.268034 lr=9.611e-06
[train] step=1267 loss=0.270380 lr=9.610e-06
[train] step=1268 loss=0.184861 lr=9.610e-06
[train] step=1269 loss=0.333208 lr=9.609e-06
[train] step=1270 loss=0.233096 lr=9.608e-06
[train] step=1271 loss=0.185869 lr=9.608e-06
[train] step=1272 loss=0.262524 lr=9.607e-06
[train] step=1273 loss=0.366501 lr=9.606e-06
[train] step=1274 loss=0.173318 lr=9.606e-06
[train] step=1275 loss=0.267109 lr=9.605e-06
[train] step=1276 loss=0.240591 lr=9.605e-06
[train] step=1277 loss=0.221255 lr=9.604e-06
[train] step=1278 loss=0.254679 lr=9.603e-06
[train] step=1279 loss=0.117554 lr=9.603e-06
[train] step=1280 loss=0.397343 lr=9.602e-06
[train] step=1281 loss=0.259920 lr=9.602e-06
[train] step=1282 loss=0.248442 lr=9.601e-06
[train] step=1283 loss=0.297931 lr=9.600e-06
[train] step=1284 loss=0.405763 lr=9.600e-06
[train] step=1285 loss=0.260184 lr=9.599e-06
[train] step=1286 loss=0.273966 lr=9.598e-06
[train] step=1287 loss=0.348127 lr=9.598e-06
[train] step=1288 loss=0.259458 lr=9.597e-06
[train] step=1289 loss=0.147944 lr=9.597e-06
[train] step=1290 loss=0.144089 lr=9.596e-06
[train] step=1291 loss=0.253754 lr=9.595e-06
[train] step=1292 loss=0.477790 lr=9.595e-06
[train] step=1293 loss=0.246170 lr=9.594e-06
[train] step=1294 loss=0.288868 lr=9.594e-06
[train] step=1295 loss=0.286914 lr=9.593e-06
[train] step=1296 loss=0.206827 lr=9.592e-06
[train] step=1297 loss=0.169824 lr=9.592e-06
[train] step=1298 loss=0.218694 lr=9.591e-06
[train] step=1299 loss=0.161933 lr=9.590e-06
[train] step=1300 loss=0.291975 lr=9.590e-06
[train] step=1301 loss=0.197233 lr=9.589e-06
[train] step=1302 loss=0.298764 lr=9.589e-06
[train] step=1303 loss=0.350176 lr=9.588e-06
[train] step=1304 loss=0.167578 lr=9.587e-06
[train] step=1305 loss=0.174612 lr=9.587e-06
[train] step=1306 loss=0.234652 lr=9.586e-06
[train] step=1307 loss=0.379461 lr=9.585e-06
[train] step=1308 loss=0.272266 lr=9.585e-06
[train] step=1309 loss=0.130804 lr=9.584e-06
[train] step=1310 loss=0.154537 lr=9.584e-06
[train] step=1311 loss=0.178741 lr=9.583e-06
[train] step=1312 loss=0.287926 lr=9.582e-06
[train] step=1313 loss=0.186682 lr=9.582e-06
[train] step=1314 loss=0.227375 lr=9.581e-06
[train] step=1315 loss=0.237384 lr=9.580e-06
[train] step=1316 loss=0.312910 lr=9.580e-06
[train] step=1317 loss=0.117490 lr=9.579e-06
[train] step=1318 loss=0.175888 lr=9.579e-06
[train] step=1319 loss=0.233561 lr=9.578e-06
[train] step=1320 loss=0.380869 lr=9.577e-06
INFO     [rank 0] Model weights for step 1320 saved in       dit_trainer.py:1085
         checkpoints/model_weights_step_01320.safetensors                       
INFO     [rank 0] Scalar embedding weights for step 1320     dit_trainer.py:1092
         saved                                                                  
INFO     [rank 0] Training state saved:                      dit_trainer.py:1123
         checkpoints/model_weights_step_01320.state.pt                          
DEBUG    [rank 0] Removed old checkpoint:                    dit_trainer.py:1136
         /hppfs/scratch/0D/go76fuz2/windinet/outputs/shockwa                    
         ve_dit_ep20_baseline/checkpoints/model_weights_step                    
         _00720.safetensors                                                     
DEBUG    [rank 0] Removed old checkpoint:                    dit_trainer.py:1136
         /hppfs/scratch/0D/go76fuz2/windinet/outputs/shockwa                    
         ve_dit_ep20_baseline/checkpoints/model_weights_step                    
         _00720.state.pt                                                        
DEBUG    [rank 0] Removed old checkpoint:                    dit_trainer.py:1136
         /hppfs/scratch/0D/go76fuz2/windinet/outputs/shockwa                    
         ve_dit_ep20_baseline/checkpoints/scalar_embedding_s                    
         tep_00720.safetensors                                                  
[epoch 11] step=1320 train_loss=0.250266
[train] step=1321 loss=0.273659 lr=9.577e-06
[train] step=1322 loss=0.228088 lr=9.576e-06
[train] step=1323 loss=0.280735 lr=9.575e-06
[train] step=1324 loss=0.198956 lr=9.575e-06
[train] step=1325 loss=0.181412 lr=9.574e-06
[train] step=1326 loss=0.261735 lr=9.573e-06
[train] step=1327 loss=0.269424 lr=9.573e-06
[train] step=1328 loss=0.336680 lr=9.572e-06
[train] step=1329 loss=0.142046 lr=9.572e-06
[train] step=1330 loss=0.235201 lr=9.571e-06
[train] step=1331 loss=0.235015 lr=9.570e-06
[train] step=1332 loss=0.255362 lr=9.570e-06
[train] step=1333 loss=0.245008 lr=9.569e-06
[train] step=1334 loss=0.277212 lr=9.568e-06
[train] step=1335 loss=0.205815 lr=9.568e-06
[train] step=1336 loss=0.319234 lr=9.567e-06
[train] step=1337 loss=0.230185 lr=9.566e-06
[train] step=1338 loss=0.185590 lr=9.566e-06
[train] step=1339 loss=0.210981 lr=9.565e-06
[train] step=1340 loss=0.479871 lr=9.565e-06
[train] step=1341 loss=0.299974 lr=9.564e-06
[train] step=1342 loss=0.299129 lr=9.563e-06
[train] step=1343 loss=0.202140 lr=9.563e-06
[train] step=1344 loss=0.160060 lr=9.562e-06
[train] step=1345 loss=0.265674 lr=9.561e-06
[train] step=1346 loss=0.299881 lr=9.561e-06
[train] step=1347 loss=0.246882 lr=9.560e-06
[train] step=1348 loss=0.264164 lr=9.559e-06
[train] step=1349 loss=0.311441 lr=9.559e-06
[train] step=1350 loss=0.226476 lr=9.558e-06
[train] step=1351 loss=0.315603 lr=9.557e-06
[train] step=1352 loss=0.382168 lr=9.557e-06
[train] step=1353 loss=0.209003 lr=9.556e-06
[train] step=1354 loss=0.185617 lr=9.556e-06
[train] step=1355 loss=0.205800 lr=9.555e-06
[train] step=1356 loss=0.273807 lr=9.554e-06
[train] step=1357 loss=0.170259 lr=9.554e-06
[train] step=1358 loss=0.167550 lr=9.553e-06
[train] step=1359 loss=0.282633 lr=9.552e-06
[train] step=1360 loss=0.205244 lr=9.552e-06
[train] step=1361 loss=0.195463 lr=9.551e-06
[train] step=1362 loss=0.254228 lr=9.550e-06
[train] step=1363 loss=0.204343 lr=9.550e-06
[train] step=1364 loss=0.178734 lr=9.549e-06
[train] step=1365 loss=0.240900 lr=9.548e-06
[train] step=1366 loss=0.418315 lr=9.548e-06
[train] step=1367 loss=0.309999 lr=9.547e-06
[train] step=1368 loss=0.159076 lr=9.546e-06
[train] step=1369 loss=0.380614 lr=9.546e-06
[train] step=1370 loss=0.227900 lr=9.545e-06
[train] step=1371 loss=0.366461 lr=9.544e-06
[train] step=1372 loss=0.324255 lr=9.544e-06
[train] step=1373 loss=0.205107 lr=9.543e-06
[train] step=1374 loss=0.259682 lr=9.542e-06
[train] step=1375 loss=0.236662 lr=9.542e-06
[train] step=1376 loss=0.213221 lr=9.541e-06
[train] step=1377 loss=0.191591 lr=9.541e-06
[train] step=1378 loss=0.315190 lr=9.540e-06
[train] step=1379 loss=0.198771 lr=9.539e-06
[train] step=1380 loss=0.293550 lr=9.539e-06
[train] step=1381 loss=0.168153 lr=9.538e-06
[train] step=1382 loss=0.234314 lr=9.537e-06
[train] step=1383 loss=0.382966 lr=9.537e-06
[train] step=1384 loss=0.512799 lr=9.536e-06
[train] step=1385 loss=0.205419 lr=9.535e-06
[train] step=1386 loss=0.328243 lr=9.535e-06
[train] step=1387 loss=0.325152 lr=9.534e-06
[train] step=1388 loss=0.244380 lr=9.533e-06
[train] step=1389 loss=0.169941 lr=9.533e-06
[train] step=1390 loss=0.168699 lr=9.532e-06
[train] step=1391 loss=0.239664 lr=9.531e-06
[train] step=1392 loss=0.272123 lr=9.531e-06
[train] step=1393 loss=0.303439 lr=9.530e-06
[train] step=1394 loss=0.310599 lr=9.529e-06
[train] step=1395 loss=0.130948 lr=9.529e-06
[train] step=1396 loss=0.584468 lr=9.528e-06
[train] step=1397 loss=0.251888 lr=9.527e-06
[train] step=1398 loss=0.255612 lr=9.527e-06
[train] step=1399 loss=0.174096 lr=9.526e-06
[train] step=1400 loss=0.320051 lr=9.525e-06
[train] step=1401 loss=0.350456 lr=9.525e-06
[train] step=1402 loss=0.193304 lr=9.524e-06
[train] step=1403 loss=0.199709 lr=9.523e-06
[train] step=1404 loss=0.413102 lr=9.523e-06
[train] step=1405 loss=0.199488 lr=9.522e-06
[train] step=1406 loss=0.204584 lr=9.521e-06
[train] step=1407 loss=0.324227 lr=9.521e-06
[train] step=1408 loss=0.267309 lr=9.520e-06
[train] step=1409 loss=0.213015 lr=9.519e-06
[train] step=1410 loss=0.178420 lr=9.519e-06
[train] step=1411 loss=0.212344 lr=9.518e-06
[train] step=1412 loss=0.244616 lr=9.517e-06
[train] step=1413 loss=0.252187 lr=9.517e-06
[train] step=1414 loss=0.330570 lr=9.516e-06
[train] step=1415 loss=0.108157 lr=9.515e-06
[train] step=1416 loss=0.302582 lr=9.515e-06
[train] step=1417 loss=0.142864 lr=9.514e-06
[train] step=1418 loss=0.237427 lr=9.513e-06
[train] step=1419 loss=0.432918 lr=9.513e-06
[train] step=1420 loss=0.271427 lr=9.512e-06
[train] step=1421 loss=0.238589 lr=9.511e-06
[train] step=1422 loss=0.240715 lr=9.510e-06
[train] step=1423 loss=0.169883 lr=9.510e-06
[train] step=1424 loss=0.183276 lr=9.509e-06
[train] step=1425 loss=0.250163 lr=9.508e-06
[train] step=1426 loss=0.239425 lr=9.508e-06
[train] step=1427 loss=0.204976 lr=9.507e-06
[train] step=1428 loss=0.314475 lr=9.506e-06
[train] step=1429 loss=0.232102 lr=9.506e-06
[train] step=1430 loss=0.206950 lr=9.505e-06
[train] step=1431 loss=0.252878 lr=9.504e-06
[train] step=1432 loss=0.230218 lr=9.504e-06
[train] step=1433 loss=0.236245 lr=9.503e-06
[train] step=1434 loss=0.160895 lr=9.502e-06
[train] step=1435 loss=0.317542 lr=9.502e-06
[train] step=1436 loss=0.188876 lr=9.501e-06
[train] step=1437 loss=0.216956 lr=9.500e-06
[train] step=1438 loss=0.371688 lr=9.500e-06
[train] step=1439 loss=0.268410 lr=9.499e-06
[train] step=1440 loss=0.244393 lr=9.498e-06
INFO     [rank 0] Model weights for step 1440 saved in       dit_trainer.py:1085
         checkpoints/model_weights_step_01440.safetensors                       
INFO     [rank 0] Scalar embedding weights for step 1440     dit_trainer.py:1092
         saved                                                                  
INFO     [rank 0] Training state saved:                      dit_trainer.py:1123
         checkpoints/model_weights_step_01440.state.pt                          
DEBUG    [rank 0] Removed old checkpoint:                    dit_trainer.py:1136
         /hppfs/scratch/0D/go76fuz2/windinet/outputs/shockwa                    
         ve_dit_ep20_baseline/checkpoints/model_weights_step                    
         _00840.safetensors                                                     
DEBUG    [rank 0] Removed old checkpoint:                    dit_trainer.py:1136
         /hppfs/scratch/0D/go76fuz2/windinet/outputs/shockwa                    
         ve_dit_ep20_baseline/checkpoints/model_weights_step                    
         _00840.state.pt                                                        
DEBUG    [rank 0] Removed old checkpoint:                    dit_trainer.py:1136
         /hppfs/scratch/0D/go76fuz2/windinet/outputs/shockwa                    
         ve_dit_ep20_baseline/checkpoints/scalar_embedding_s                    
         tep_00840.safetensors                                                  
[epoch 12] step=1440 train_loss=0.256388
[train] step=1441 loss=0.268594 lr=9.498e-06
[train] step=1442 loss=0.261836 lr=9.497e-06
[train] step=1443 loss=0.218715 lr=9.496e-06
[train] step=1444 loss=0.337317 lr=9.495e-06
[train] step=1445 loss=0.251361 lr=9.495e-06
[train] step=1446 loss=0.272026 lr=9.494e-06
[train] step=1447 loss=0.186690 lr=9.493e-06
[train] step=1448 loss=0.103814 lr=9.493e-06
[train] step=1449 loss=0.273949 lr=9.492e-06
[train] step=1450 loss=0.306245 lr=9.491e-06
[train] step=1451 loss=0.228414 lr=9.491e-06
[train] step=1452 loss=0.303957 lr=9.490e-06
[train] step=1453 loss=0.188999 lr=9.489e-06
[train] step=1454 loss=0.223776 lr=9.489e-06
[train] step=1455 loss=0.309702 lr=9.488e-06
[train] step=1456 loss=0.274179 lr=9.487e-06
[train] step=1457 loss=0.251086 lr=9.486e-06
[train] step=1458 loss=0.236871 lr=9.486e-06
[train] step=1459 loss=0.289146 lr=9.485e-06
[train] step=1460 loss=0.285819 lr=9.484e-06
[train] step=1461 loss=0.210485 lr=9.484e-06
[train] step=1462 loss=0.263156 lr=9.483e-06
[train] step=1463 loss=0.264826 lr=9.482e-06
[train] step=1464 loss=0.195347 lr=9.482e-06
[train] step=1465 loss=0.270021 lr=9.481e-06
[train] step=1466 loss=0.449887 lr=9.480e-06
[train] step=1467 loss=0.206161 lr=9.480e-06
[train] step=1468 loss=0.186139 lr=9.479e-06
[train] step=1469 loss=0.151226 lr=9.478e-06
[train] step=1470 loss=0.366292 lr=9.477e-06
[train] step=1471 loss=0.246843 lr=9.477e-06
[train] step=1472 loss=0.132439 lr=9.476e-06
[train] step=1473 loss=0.214092 lr=9.475e-06
[train] step=1474 loss=0.242864 lr=9.475e-06
[train] step=1475 loss=0.304876 lr=9.474e-06
[train] step=1476 loss=0.262519 lr=9.473e-06
[train] step=1477 loss=0.331940 lr=9.473e-06
[train] step=1478 loss=0.260948 lr=9.472e-06
[train] step=1479 loss=0.153727 lr=9.471e-06
[train] step=1480 loss=0.284894 lr=9.470e-06
[train] step=1481 loss=0.240746 lr=9.470e-06
[train] step=1482 loss=0.236707 lr=9.469e-06
[train] step=1483 loss=0.219984 lr=9.468e-06
[train] step=1484 loss=0.271004 lr=9.468e-06
[train] step=1485 loss=0.233419 lr=9.467e-06
[train] step=1486 loss=0.221004 lr=9.466e-06
[train] step=1487 loss=0.266082 lr=9.466e-06
[train] step=1488 loss=0.355980 lr=9.465e-06
[train] step=1489 loss=0.293153 lr=9.464e-06
[train] step=1490 loss=0.166841 lr=9.463e-06
[train] step=1491 loss=0.247828 lr=9.463e-06
[train] step=1492 loss=0.395822 lr=9.462e-06
[train] step=1493 loss=0.303309 lr=9.461e-06
[train] step=1494 loss=0.225440 lr=9.461e-06
[train] step=1495 loss=0.160310 lr=9.460e-06
[train] step=1496 loss=0.171242 lr=9.459e-06
[train] step=1497 loss=0.204411 lr=9.458e-06
[train] step=1498 loss=0.280695 lr=9.458e-06
[train] step=1499 loss=0.223605 lr=9.457e-06
[train] step=1500 loss=0.154005 lr=9.456e-06
[train] step=1501 loss=0.193586 lr=9.456e-06
[train] step=1502 loss=0.228431 lr=9.455e-06
[train] step=1503 loss=0.570777 lr=9.454e-06
[train] step=1504 loss=0.356581 lr=9.453e-06
[train] step=1505 loss=0.139975 lr=9.453e-06
[train] step=1506 loss=0.223472 lr=9.452e-06
[train] step=1507 loss=0.230043 lr=9.451e-06
[train] step=1508 loss=0.569474 lr=9.451e-06
[train] step=1509 loss=0.277426 lr=9.450e-06
[train] step=1510 loss=0.264800 lr=9.449e-06
[train] step=1511 loss=0.195607 lr=9.448e-06
[train] step=1512 loss=0.099807 lr=9.448e-06
[train] step=1513 loss=0.216872 lr=9.447e-06
[train] step=1514 loss=0.239316 lr=9.446e-06
[train] step=1515 loss=0.202822 lr=9.446e-06
[train] step=1516 loss=0.322181 lr=9.445e-06
[train] step=1517 loss=0.211495 lr=9.444e-06
[train] step=1518 loss=0.227044 lr=9.443e-06
[train] step=1519 loss=0.135737 lr=9.443e-06
[train] step=1520 loss=0.246992 lr=9.442e-06
[train] step=1521 loss=0.320431 lr=9.441e-06
[train] step=1522 loss=0.275229 lr=9.441e-06
[train] step=1523 loss=0.186092 lr=9.440e-06
[train] step=1524 loss=0.221374 lr=9.439e-06
[train] step=1525 loss=0.209558 lr=9.438e-06
[train] step=1526 loss=0.140001 lr=9.438e-06
[train] step=1527 loss=0.238434 lr=9.437e-06
[train] step=1528 loss=0.287944 lr=9.436e-06
[train] step=1529 loss=0.231994 lr=9.435e-06
[train] step=1530 loss=0.256598 lr=9.435e-06
[train] step=1531 loss=0.216943 lr=9.434e-06
[train] step=1532 loss=0.236254 lr=9.433e-06
[train] step=1533 loss=0.248690 lr=9.433e-06
[train] step=1534 loss=0.194877 lr=9.432e-06
[train] step=1535 loss=0.223264 lr=9.431e-06
[train] step=1536 loss=0.136108 lr=9.430e-06
[train] step=1537 loss=0.348344 lr=9.430e-06
[train] step=1538 loss=0.148943 lr=9.429e-06
[train] step=1539 loss=0.145107 lr=9.428e-06
[train] step=1540 loss=0.165447 lr=9.427e-06
[train] step=1541 loss=0.255190 lr=9.427e-06
[train] step=1542 loss=0.219030 lr=9.426e-06
[train] step=1543 loss=0.320769 lr=9.425e-06
[train] step=1544 loss=0.149708 lr=9.425e-06
[train] step=1545 loss=0.343045 lr=9.424e-06
[train] step=1546 loss=0.178393 lr=9.423e-06
[train] step=1547 loss=0.232576 lr=9.422e-06
[train] step=1548 loss=0.197217 lr=9.422e-06
[train] step=1549 loss=0.217372 lr=9.421e-06
[train] step=1550 loss=0.213687 lr=9.420e-06
[train] step=1551 loss=0.236646 lr=9.419e-06
[train] step=1552 loss=0.342634 lr=9.419e-06
[train] step=1553 loss=0.331319 lr=9.418e-06
[train] step=1554 loss=0.260219 lr=9.417e-06
[train] step=1555 loss=0.247594 lr=9.416e-06
[train] step=1556 loss=0.203184 lr=9.416e-06
[train] step=1557 loss=0.245409 lr=9.415e-06
[train] step=1558 loss=0.262178 lr=9.414e-06
[train] step=1559 loss=0.248417 lr=9.414e-06
[train] step=1560 loss=0.246430 lr=9.413e-06
INFO     [rank 0] Model weights for step 1560 saved in       dit_trainer.py:1085
         checkpoints/model_weights_step_01560.safetensors                       
INFO     [rank 0] Scalar embedding weights for step 1560     dit_trainer.py:1092
         saved                                                                  
INFO     [rank 0] Training state saved:                      dit_trainer.py:1123
         checkpoints/model_weights_step_01560.state.pt                          
DEBUG    [rank 0] Removed old checkpoint:                    dit_trainer.py:1136
         /hppfs/scratch/0D/go76fuz2/windinet/outputs/shockwa                    
         ve_dit_ep20_baseline/checkpoints/model_weights_step                    
         _00960.safetensors                                                     
DEBUG    [rank 0] Removed old checkpoint:                    dit_trainer.py:1136
         /hppfs/scratch/0D/go76fuz2/windinet/outputs/shockwa                    
         ve_dit_ep20_baseline/checkpoints/model_weights_step                    
         _00960.state.pt                                                        
DEBUG    [rank 0] Removed old checkpoint:                    dit_trainer.py:1136
         /hppfs/scratch/0D/go76fuz2/windinet/outputs/shockwa                    
         ve_dit_ep20_baseline/checkpoints/scalar_embedding_s                    
         tep_00960.safetensors                                                  
[epoch 13] step=1560 train_loss=0.245632
[train] step=1561 loss=0.351372 lr=9.412e-06
[train] step=1562 loss=0.279582 lr=9.411e-06
[train] step=1563 loss=0.229965 lr=9.411e-06
[train] step=1564 loss=0.328140 lr=9.410e-06
[train] step=1565 loss=0.247890 lr=9.409e-06
[train] step=1566 loss=0.151723 lr=9.408e-06
[train] step=1567 loss=0.262511 lr=9.408e-06
[train] step=1568 loss=0.438385 lr=9.407e-06
[train] step=1569 loss=0.208867 lr=9.406e-06
[train] step=1570 loss=0.196213 lr=9.405e-06
[train] step=1571 loss=0.250448 lr=9.405e-06
[train] step=1572 loss=0.162708 lr=9.404e-06
[train] step=1573 loss=0.146468 lr=9.403e-06
[train] step=1574 loss=0.262012 lr=9.402e-06
[train] step=1575 loss=0.279594 lr=9.402e-06
[train] step=1576 loss=0.224524 lr=9.401e-06
[train] step=1577 loss=0.175125 lr=9.400e-06
[train] step=1578 loss=0.282678 lr=9.399e-06
[train] step=1579 loss=0.181709 lr=9.399e-06
[train] step=1580 loss=0.170048 lr=9.398e-06
[train] step=1581 loss=0.320013 lr=9.397e-06
[train] step=1582 loss=0.323777 lr=9.396e-06
[train] step=1583 loss=0.221248 lr=9.396e-06
[train] step=1584 loss=0.326619 lr=9.395e-06
[train] step=1585 loss=0.194802 lr=9.394e-06
[train] step=1586 loss=0.305707 lr=9.393e-06
[train] step=1587 loss=0.310434 lr=9.393e-06
[train] step=1588 loss=0.185518 lr=9.392e-06
[train] step=1589 loss=0.157574 lr=9.391e-06
[train] step=1590 loss=0.382574 lr=9.390e-06
[train] step=1591 loss=0.431708 lr=9.390e-06
[train] step=1592 loss=0.236381 lr=9.389e-06
[train] step=1593 loss=0.218984 lr=9.388e-06
[train] step=1594 loss=0.300112 lr=9.387e-06
[train] step=1595 loss=0.152659 lr=9.387e-06
[train] step=1596 loss=0.255884 lr=9.386e-06
[train] step=1597 loss=0.163780 lr=9.385e-06
[train] step=1598 loss=0.173654 lr=9.384e-06
[train] step=1599 loss=0.249137 lr=9.384e-06
[train] step=1600 loss=0.226095 lr=9.383e-06
[train] step=1601 loss=0.326236 lr=9.382e-06
[train] step=1602 loss=0.300603 lr=9.381e-06
[train] step=1603 loss=0.299228 lr=9.381e-06
[train] step=1604 loss=0.438021 lr=9.380e-06
[train] step=1605 loss=0.382546 lr=9.379e-06
[train] step=1606 loss=0.258701 lr=9.378e-06
[train] step=1607 loss=0.424920 lr=9.378e-06
[train] step=1608 loss=0.319880 lr=9.377e-06
[train] step=1609 loss=0.256490 lr=9.376e-06
[train] step=1610 loss=0.229664 lr=9.375e-06
[train] step=1611 loss=0.214946 lr=9.375e-06
[train] step=1612 loss=0.238601 lr=9.374e-06
[train] step=1613 loss=0.242888 lr=9.373e-06
[train] step=1614 loss=0.194464 lr=9.372e-06
[train] step=1615 loss=0.302577 lr=9.372e-06
[train] step=1616 loss=0.232689 lr=9.371e-06
[train] step=1617 loss=0.183800 lr=9.370e-06
[train] step=1618 loss=0.165996 lr=9.369e-06
[train] step=1619 loss=0.205298 lr=9.368e-06
[train] step=1620 loss=0.244971 lr=9.368e-06
[train] step=1621 loss=0.220146 lr=9.367e-06
[train] step=1622 loss=0.243462 lr=9.366e-06
[train] step=1623 loss=0.245749 lr=9.365e-06
[train] step=1624 loss=0.190036 lr=9.365e-06
[train] step=1625 loss=0.467207 lr=9.364e-06
[train] step=1626 loss=0.270032 lr=9.363e-06
[train] step=1627 loss=0.163187 lr=9.362e-06
[train] step=1628 loss=0.177296 lr=9.362e-06
[train] step=1629 loss=0.284259 lr=9.361e-06
[train] step=1630 loss=0.233276 lr=9.360e-06
[train] step=1631 loss=0.296444 lr=9.359e-06
[train] step=1632 loss=0.286399 lr=9.359e-06
[train] step=1633 loss=0.224830 lr=9.358e-06
[train] step=1634 loss=0.225910 lr=9.357e-06
[train] step=1635 loss=0.367148 lr=9.356e-06
[train] step=1636 loss=0.224126 lr=9.355e-06
[train] step=1637 loss=0.142701 lr=9.355e-06
[train] step=1638 loss=0.236208 lr=9.354e-06
[train] step=1639 loss=0.266947 lr=9.353e-06
[train] step=1640 loss=0.143653 lr=9.352e-06
[train] step=1641 loss=0.239316 lr=9.352e-06
[train] step=1642 loss=0.202059 lr=9.351e-06
[train] step=1643 loss=0.189819 lr=9.350e-06
[train] step=1644 loss=0.301743 lr=9.349e-06
[train] step=1645 loss=0.166146 lr=9.348e-06
[train] step=1646 loss=0.254461 lr=9.348e-06
[train] step=1647 loss=0.265484 lr=9.347e-06
[train] step=1648 loss=0.234259 lr=9.346e-06
[train] step=1649 loss=0.194603 lr=9.345e-06
[train] step=1650 loss=0.195842 lr=9.345e-06
[train] step=1651 loss=0.248424 lr=9.344e-06
[train] step=1652 loss=0.265759 lr=9.343e-06
[train] step=1653 loss=0.352624 lr=9.342e-06
[train] step=1654 loss=0.140530 lr=9.341e-06
[train] step=1655 loss=0.130589 lr=9.341e-06
[train] step=1656 loss=0.138646 lr=9.340e-06
[train] step=1657 loss=0.368365 lr=9.339e-06
[train] step=1658 loss=0.237158 lr=9.338e-06
[train] step=1659 loss=0.181379 lr=9.338e-06
[train] step=1660 loss=0.136720 lr=9.337e-06
[train] step=1661 loss=0.184768 lr=9.336e-06
[train] step=1662 loss=0.311988 lr=9.335e-06
[train] step=1663 loss=0.207521 lr=9.334e-06
[train] step=1664 loss=0.242776 lr=9.334e-06
[train] step=1665 loss=0.189819 lr=9.333e-06
[train] step=1666 loss=0.276738 lr=9.332e-06
[train] step=1667 loss=0.257281 lr=9.331e-06
[train] step=1668 loss=0.244475 lr=9.331e-06
[train] step=1669 loss=0.199634 lr=9.330e-06
[train] step=1670 loss=0.250832 lr=9.329e-06
[train] step=1671 loss=0.214122 lr=9.328e-06
[train] step=1672 loss=0.240043 lr=9.327e-06
[train] step=1673 loss=0.339483 lr=9.327e-06
[train] step=1674 loss=0.438263 lr=9.326e-06
[train] step=1675 loss=0.182478 lr=9.325e-06
[train] step=1676 loss=0.236240 lr=9.324e-06
[train] step=1677 loss=0.160747 lr=9.323e-06
[train] step=1678 loss=0.216127 lr=9.323e-06
[train] step=1679 loss=0.353495 lr=9.322e-06
[train] step=1680 loss=0.149687 lr=9.321e-06
INFO     [rank 0] Model weights for step 1680 saved in       dit_trainer.py:1085
         checkpoints/model_weights_step_01680.safetensors                       
INFO     [rank 0] Scalar embedding weights for step 1680     dit_trainer.py:1092
         saved                                                                  
INFO     [rank 0] Training state saved:                      dit_trainer.py:1123
         checkpoints/model_weights_step_01680.state.pt                          
DEBUG    [rank 0] Removed old checkpoint:                    dit_trainer.py:1136
         /hppfs/scratch/0D/go76fuz2/windinet/outputs/shockwa                    
         ve_dit_ep20_baseline/checkpoints/model_weights_step                    
         _01080.safetensors                                                     
DEBUG    [rank 0] Removed old checkpoint:                    dit_trainer.py:1136
         /hppfs/scratch/0D/go76fuz2/windinet/outputs/shockwa                    
         ve_dit_ep20_baseline/checkpoints/model_weights_step                    
         _01080.state.pt                                                        
DEBUG    [rank 0] Removed old checkpoint:                    dit_trainer.py:1136
         /hppfs/scratch/0D/go76fuz2/windinet/outputs/shockwa                    
         ve_dit_ep20_baseline/checkpoints/scalar_embedding_s                    
         tep_01080.safetensors                                                  
[epoch 14] step=1680 train_loss=0.248128
[train] step=1681 loss=0.253046 lr=9.320e-06
[train] step=1682 loss=0.224573 lr=9.320e-06
[train] step=1683 loss=0.217268 lr=9.319e-06
[train] step=1684 loss=0.134999 lr=9.318e-06
[train] step=1685 loss=0.313879 lr=9.317e-06
[train] step=1686 loss=0.199278 lr=9.316e-06
[train] step=1687 loss=0.236508 lr=9.316e-06
[train] step=1688 loss=0.154656 lr=9.315e-06
[train] step=1689 loss=0.344699 lr=9.314e-06
[train] step=1690 loss=0.225559 lr=9.313e-06
[train] step=1691 loss=0.285097 lr=9.312e-06
[train] step=1692 loss=0.235759 lr=9.312e-06
[train] step=1693 loss=0.383067 lr=9.311e-06
[train] step=1694 loss=0.117141 lr=9.310e-06
[train] step=1695 loss=0.102252 lr=9.309e-06
[train] step=1696 loss=0.249555 lr=9.308e-06
[train] step=1697 loss=0.217770 lr=9.308e-06
[train] step=1698 loss=0.179326 lr=9.307e-06
[train] step=1699 loss=0.291593 lr=9.306e-06
[train] step=1700 loss=0.307471 lr=9.305e-06
[train] step=1701 loss=0.224254 lr=9.304e-06
[train] step=1702 loss=0.283284 lr=9.304e-06
[train] step=1703 loss=0.160565 lr=9.303e-06
[train] step=1704 loss=0.243905 lr=9.302e-06
[train] step=1705 loss=0.367355 lr=9.301e-06
[train] step=1706 loss=0.208097 lr=9.300e-06
[train] step=1707 loss=0.075204 lr=9.300e-06
[train] step=1708 loss=0.245327 lr=9.299e-06
[train] step=1709 loss=0.135367 lr=9.298e-06
[train] step=1710 loss=0.173192 lr=9.297e-06
[train] step=1711 loss=0.258452 lr=9.296e-06
[train] step=1712 loss=0.180125 lr=9.296e-06
[train] step=1713 loss=0.293131 lr=9.295e-06
[train] step=1714 loss=0.254396 lr=9.294e-06
[train] step=1715 loss=0.313924 lr=9.293e-06
[train] step=1716 loss=0.248035 lr=9.292e-06
[train] step=1717 loss=0.303369 lr=9.292e-06
[train] step=1718 loss=0.216464 lr=9.291e-06
[train] step=1719 loss=0.166319 lr=9.290e-06
[train] step=1720 loss=0.241024 lr=9.289e-06
[train] step=1721 loss=0.257763 lr=9.288e-06
[train] step=1722 loss=0.219612 lr=9.288e-06
[train] step=1723 loss=0.145353 lr=9.287e-06
[train] step=1724 loss=0.281479 lr=9.286e-06
[train] step=1725 loss=0.338965 lr=9.285e-06
[train] step=1726 loss=0.235129 lr=9.284e-06
[train] step=1727 loss=0.292227 lr=9.283e-06
[train] step=1728 loss=0.277561 lr=9.283e-06
[train] step=1729 loss=0.148607 lr=9.282e-06
[train] step=1730 loss=0.187885 lr=9.281e-06
[train] step=1731 loss=0.283127 lr=9.280e-06
[train] step=1732 loss=0.369479 lr=9.279e-06
[train] step=1733 loss=0.371384 lr=9.279e-06
[train] step=1734 loss=0.301715 lr=9.278e-06
[train] step=1735 loss=0.251322 lr=9.277e-06
[train] step=1736 loss=0.295240 lr=9.276e-06
[train] step=1737 loss=0.168963 lr=9.275e-06
[train] step=1738 loss=0.291613 lr=9.275e-06
[train] step=1739 loss=0.264784 lr=9.274e-06
[train] step=1740 loss=0.214040 lr=9.273e-06
[train] step=1741 loss=0.327239 lr=9.272e-06
[train] step=1742 loss=0.362858 lr=9.271e-06
[train] step=1743 loss=0.311784 lr=9.270e-06
[train] step=1744 loss=0.122262 lr=9.270e-06
[train] step=1745 loss=0.162381 lr=9.269e-06
[train] step=1746 loss=0.221689 lr=9.268e-06
[train] step=1747 loss=0.230240 lr=9.267e-06
[train] step=1748 loss=0.130920 lr=9.266e-06
[train] step=1749 loss=0.300452 lr=9.266e-06
[train] step=1750 loss=0.343846 lr=9.265e-06
[train] step=1751 loss=0.205729 lr=9.264e-06
[train] step=1752 loss=0.300608 lr=9.263e-06
[train] step=1753 loss=0.287893 lr=9.262e-06
[train] step=1754 loss=0.230263 lr=9.261e-06
[train] step=1755 loss=0.161215 lr=9.261e-06
[train] step=1756 loss=0.170468 lr=9.260e-06
[train] step=1757 loss=0.191703 lr=9.259e-06
[train] step=1758 loss=0.125738 lr=9.258e-06
[train] step=1759 loss=0.197502 lr=9.257e-06
[train] step=1760 loss=0.189835 lr=9.257e-06
[train] step=1761 loss=0.251670 lr=9.256e-06
[train] step=1762 loss=0.293585 lr=9.255e-06
[train] step=1763 loss=0.242007 lr=9.254e-06
[train] step=1764 loss=0.197049 lr=9.253e-06
[train] step=1765 loss=0.263299 lr=9.252e-06
[train] step=1766 loss=0.117817 lr=9.252e-06
[train] step=1767 loss=0.225775 lr=9.251e-06
[train] step=1768 loss=0.237623 lr=9.250e-06
[train] step=1769 loss=0.292594 lr=9.249e-06
[train] step=1770 loss=0.220359 lr=9.248e-06
[train] step=1771 loss=0.316955 lr=9.247e-06
[train] step=1772 loss=0.184755 lr=9.247e-06
[train] step=1773 loss=0.373591 lr=9.246e-06
[train] step=1774 loss=0.270884 lr=9.245e-06
[train] step=1775 loss=0.249669 lr=9.244e-06
[train] step=1776 loss=0.283918 lr=9.243e-06
[train] step=1777 loss=0.265765 lr=9.242e-06
[train] step=1778 loss=0.238292 lr=9.242e-06
[train] step=1779 loss=0.305690 lr=9.241e-06
[train] step=1780 loss=0.200264 lr=9.240e-06
[train] step=1781 loss=0.232590 lr=9.239e-06
[train] step=1782 loss=0.138935 lr=9.238e-06
[train] step=1783 loss=0.157926 lr=9.237e-06
[train] step=1784 loss=0.222098 lr=9.237e-06
[train] step=1785 loss=0.369550 lr=9.236e-06
[train] step=1786 loss=0.304622 lr=9.235e-06
[train] step=1787 loss=0.179096 lr=9.234e-06
[train] step=1788 loss=0.183756 lr=9.233e-06
[train] step=1789 loss=0.160300 lr=9.232e-06
[train] step=1790 loss=0.182601 lr=9.232e-06
[train] step=1791 loss=0.179907 lr=9.231e-06
[train] step=1792 loss=0.310602 lr=9.230e-06
[train] step=1793 loss=0.098343 lr=9.229e-06
[train] step=1794 loss=0.262308 lr=9.228e-06
[train] step=1795 loss=0.198533 lr=9.227e-06
[train] step=1796 loss=0.212767 lr=9.227e-06
[train] step=1797 loss=0.210739 lr=9.226e-06
[train] step=1798 loss=0.308161 lr=9.225e-06
[train] step=1799 loss=0.352657 lr=9.224e-06
[train] step=1800 loss=0.173110 lr=9.223e-06
[val] step=1800 val_loss=0.241720
INFO     [rank 0] Model weights for step 1800 saved in       dit_trainer.py:1085
         checkpoints/model_weights_step_01800.safetensors                       
INFO     [rank 0] Scalar embedding weights for step 1800     dit_trainer.py:1092
         saved                                                                  
INFO     [rank 0] Training state saved:                      dit_trainer.py:1123
         checkpoints/model_weights_step_01800.state.pt                          
DEBUG    [rank 0] Removed old checkpoint:                    dit_trainer.py:1136
         /hppfs/scratch/0D/go76fuz2/windinet/outputs/shockwa                    
         ve_dit_ep20_baseline/checkpoints/model_weights_step                    
         _01200.safetensors                                                     
DEBUG    [rank 0] Removed old checkpoint:                    dit_trainer.py:1136
         /hppfs/scratch/0D/go76fuz2/windinet/outputs/shockwa                    
         ve_dit_ep20_baseline/checkpoints/model_weights_step                    
         _01200.state.pt                                                        
DEBUG    [rank 0] Removed old checkpoint:                    dit_trainer.py:1136
         /hppfs/scratch/0D/go76fuz2/windinet/outputs/shockwa                    
         ve_dit_ep20_baseline/checkpoints/scalar_embedding_s                    
         tep_01200.safetensors                                                  
[epoch 15] step=1800 train_loss=0.237357 val_loss=0.241720
[train] step=1801 loss=0.158132 lr=9.222e-06
[train] step=1802 loss=0.227610 lr=9.222e-06
[train] step=1803 loss=0.228185 lr=9.221e-06
[train] step=1804 loss=0.317584 lr=9.220e-06
[train] step=1805 loss=0.166070 lr=9.219e-06
[train] step=1806 loss=0.503445 lr=9.218e-06
[train] step=1807 loss=0.203529 lr=9.217e-06
[train] step=1808 loss=0.218415 lr=9.217e-06
[train] step=1809 loss=0.301264 lr=9.216e-06
[train] step=1810 loss=0.348082 lr=9.215e-06
[train] step=1811 loss=0.280140 lr=9.214e-06
[train] step=1812 loss=0.289207 lr=9.213e-06
[train] step=1813 loss=0.243699 lr=9.212e-06
[train] step=1814 loss=0.148619 lr=9.211e-06
[train] step=1815 loss=0.234102 lr=9.211e-06
[train] step=1816 loss=0.161854 lr=9.210e-06
[train] step=1817 loss=0.246954 lr=9.209e-06
[train] step=1818 loss=0.211792 lr=9.208e-06
[train] step=1819 loss=0.211077 lr=9.207e-06
[train] step=1820 loss=0.333247 lr=9.206e-06
[train] step=1821 loss=0.264011 lr=9.206e-06
[train] step=1822 loss=0.204492 lr=9.205e-06
[train] step=1823 loss=0.127692 lr=9.204e-06
[train] step=1824 loss=0.166428 lr=9.203e-06
[train] step=1825 loss=0.283507 lr=9.202e-06
[train] step=1826 loss=0.133681 lr=9.201e-06
[train] step=1827 loss=0.190501 lr=9.200e-06
[train] step=1828 loss=0.167749 lr=9.200e-06
[train] step=1829 loss=0.263859 lr=9.199e-06
[train] step=1830 loss=0.336214 lr=9.198e-06
[train] step=1831 loss=0.305353 lr=9.197e-06
[train] step=1832 loss=0.221203 lr=9.196e-06
[train] step=1833 loss=0.298955 lr=9.195e-06
[train] step=1834 loss=0.270158 lr=9.194e-06
[train] step=1835 loss=0.246960 lr=9.194e-06
[train] step=1836 loss=0.291571 lr=9.193e-06
[train] step=1837 loss=0.321957 lr=9.192e-06
[train] step=1838 loss=0.125475 lr=9.191e-06
[train] step=1839 loss=0.253504 lr=9.190e-06
[train] step=1840 loss=0.174921 lr=9.189e-06
[train] step=1841 loss=0.566267 lr=9.188e-06
[train] step=1842 loss=0.154391 lr=9.188e-06
[train] step=1843 loss=0.238718 lr=9.187e-06
[train] step=1844 loss=0.421330 lr=9.186e-06
[train] step=1845 loss=0.250987 lr=9.185e-06
[train] step=1846 loss=0.206068 lr=9.184e-06
[train] step=1847 loss=0.215219 lr=9.183e-06
[train] step=1848 loss=0.156509 lr=9.182e-06
[train] step=1849 loss=0.313862 lr=9.182e-06
[train] step=1850 loss=0.265681 lr=9.181e-06
[train] step=1851 loss=0.126484 lr=9.180e-06
[train] step=1852 loss=0.277592 lr=9.179e-06
[train] step=1853 loss=0.285050 lr=9.178e-06
[train] step=1854 loss=0.146532 lr=9.177e-06
[train] step=1855 loss=0.276248 lr=9.176e-06
[train] step=1856 loss=0.218101 lr=9.176e-06
[train] step=1857 loss=0.256253 lr=9.175e-06
[train] step=1858 loss=0.259649 lr=9.174e-06
[train] step=1859 loss=0.203391 lr=9.173e-06
[train] step=1860 loss=0.255738 lr=9.172e-06
[train] step=1861 loss=0.189236 lr=9.171e-06
[train] step=1862 loss=0.253471 lr=9.170e-06
[train] step=1863 loss=0.207498 lr=9.169e-06
[train] step=1864 loss=0.326671 lr=9.169e-06
[train] step=1865 loss=0.219278 lr=9.168e-06
[train] step=1866 loss=0.214440 lr=9.167e-06
[train] step=1867 loss=0.242007 lr=9.166e-06
[train] step=1868 loss=0.409026 lr=9.165e-06
[train] step=1869 loss=0.161843 lr=9.164e-06
[train] step=1870 loss=0.177228 lr=9.163e-06
[train] step=1871 loss=0.289927 lr=9.163e-06
[train] step=1872 loss=0.149342 lr=9.162e-06
[train] step=1873 loss=0.276436 lr=9.161e-06
[train] step=1874 loss=0.251587 lr=9.160e-06
[train] step=1875 loss=0.227413 lr=9.159e-06
[train] step=1876 loss=0.209385 lr=9.158e-06
[train] step=1877 loss=0.162174 lr=9.157e-06
[train] step=1878 loss=0.164412 lr=9.156e-06
[train] step=1879 loss=0.331860 lr=9.156e-06
[train] step=1880 loss=0.150587 lr=9.155e-06
[train] step=1881 loss=0.302308 lr=9.154e-06
[train] step=1882 loss=0.237909 lr=9.153e-06
[train] step=1883 loss=0.222313 lr=9.152e-06
[train] step=1884 loss=0.200140 lr=9.151e-06
[train] step=1885 loss=0.349084 lr=9.150e-06
[train] step=1886 loss=0.183095 lr=9.149e-06
[train] step=1887 loss=0.226668 lr=9.149e-06
[train] step=1888 loss=0.222831 lr=9.148e-06
[train] step=1889 loss=0.257656 lr=9.147e-06
[train] step=1890 loss=0.203727 lr=9.146e-06
[train] step=1891 loss=0.350544 lr=9.145e-06
[train] step=1892 loss=0.168690 lr=9.144e-06
[train] step=1893 loss=0.185072 lr=9.143e-06
[train] step=1894 loss=0.175986 lr=9.142e-06
[train] step=1895 loss=0.134257 lr=9.142e-06
[train] step=1896 loss=0.225719 lr=9.141e-06
[train] step=1897 loss=0.238680 lr=9.140e-06
[train] step=1898 loss=0.116256 lr=9.139e-06
[train] step=1899 loss=0.144529 lr=9.138e-06
[train] step=1900 loss=0.148367 lr=9.137e-06
[train] step=1901 loss=0.285199 lr=9.136e-06
[train] step=1902 loss=0.241990 lr=9.135e-06
[train] step=1903 loss=0.276252 lr=9.135e-06
[train] step=1904 loss=0.365506 lr=9.134e-06
[train] step=1905 loss=0.266585 lr=9.133e-06
[train] step=1906 loss=0.197454 lr=9.132e-06
[train] step=1907 loss=0.251522 lr=9.131e-06
[train] step=1908 loss=0.314756 lr=9.130e-06
[train] step=1909 loss=0.182160 lr=9.129e-06
[train] step=1910 loss=0.310791 lr=9.128e-06
[train] step=1911 loss=0.291588 lr=9.127e-06
[train] step=1912 loss=0.284115 lr=9.127e-06
[train] step=1913 loss=0.112959 lr=9.126e-06
[train] step=1914 loss=0.250052 lr=9.125e-06
[train] step=1915 loss=0.231555 lr=9.124e-06
[train] step=1916 loss=0.210640 lr=9.123e-06
[train] step=1917 loss=0.312093 lr=9.122e-06
[train] step=1918 loss=0.253155 lr=9.121e-06
[train] step=1919 loss=0.528205 lr=9.120e-06
[train] step=1920 loss=0.181706 lr=9.119e-06
INFO     [rank 0] Model weights for step 1920 saved in       dit_trainer.py:1085
         checkpoints/model_weights_step_01920.safetensors                       
INFO     [rank 0] Scalar embedding weights for step 1920     dit_trainer.py:1092
         saved                                                                  
INFO     [rank 0] Training state saved:                      dit_trainer.py:1123
         checkpoints/model_weights_step_01920.state.pt                          
DEBUG    [rank 0] Removed old checkpoint:                    dit_trainer.py:1136
         /hppfs/scratch/0D/go76fuz2/windinet/outputs/shockwa                    
         ve_dit_ep20_baseline/checkpoints/model_weights_step                    
         _01320.safetensors                                                     
DEBUG    [rank 0] Removed old checkpoint:                    dit_trainer.py:1136
         /hppfs/scratch/0D/go76fuz2/windinet/outputs/shockwa                    
         ve_dit_ep20_baseline/checkpoints/model_weights_step                    
         _01320.state.pt                                                        
DEBUG    [rank 0] Removed old checkpoint:                    dit_trainer.py:1136
         /hppfs/scratch/0D/go76fuz2/windinet/outputs/shockwa                    
         ve_dit_ep20_baseline/checkpoints/scalar_embedding_s                    
         tep_01320.safetensors                                                  
[epoch 16] step=1920 train_loss=0.241855
[train] step=1921 loss=0.266066 lr=9.119e-06
[train] step=1922 loss=0.130985 lr=9.118e-06
[train] step=1923 loss=0.313488 lr=9.117e-06
[train] step=1924 loss=0.227567 lr=9.116e-06
[train] step=1925 loss=0.217416 lr=9.115e-06
[train] step=1926 loss=0.226959 lr=9.114e-06
[train] step=1927 loss=0.273045 lr=9.113e-06
[train] step=1928 loss=0.179104 lr=9.112e-06
[train] step=1929 loss=0.199224 lr=9.111e-06
[train] step=1930 loss=0.180926 lr=9.111e-06
[train] step=1931 loss=0.211769 lr=9.110e-06
[train] step=1932 loss=0.284694 lr=9.109e-06
[train] step=1933 loss=0.316639 lr=9.108e-06
[train] step=1934 loss=0.216237 lr=9.107e-06
[train] step=1935 loss=0.128187 lr=9.106e-06
[train] step=1936 loss=0.211293 lr=9.105e-06
[train] step=1937 loss=0.235503 lr=9.104e-06
[train] step=1938 loss=0.232949 lr=9.103e-06
[train] step=1939 loss=0.325850 lr=9.102e-06
[train] step=1940 loss=0.183387 lr=9.102e-06
[train] step=1941 loss=0.188146 lr=9.101e-06
[train] step=1942 loss=0.085175 lr=9.100e-06
[train] step=1943 loss=0.243747 lr=9.099e-06
[train] step=1944 loss=0.226894 lr=9.098e-06
[train] step=1945 loss=0.151322 lr=9.097e-06
[train] step=1946 loss=0.478264 lr=9.096e-06
[train] step=1947 loss=0.246983 lr=9.095e-06
[train] step=1948 loss=0.292766 lr=9.094e-06
[train] step=1949 loss=0.246647 lr=9.093e-06
[train] step=1950 loss=0.272350 lr=9.093e-06
[train] step=1951 loss=0.191087 lr=9.092e-06
[train] step=1952 loss=0.186187 lr=9.091e-06
[train] step=1953 loss=0.224852 lr=9.090e-06
[train] step=1954 loss=0.329870 lr=9.089e-06
[train] step=1955 loss=0.214978 lr=9.088e-06
[train] step=1956 loss=0.225960 lr=9.087e-06
[train] step=1957 loss=0.212794 lr=9.086e-06
[train] step=1958 loss=0.194661 lr=9.085e-06
[train] step=1959 loss=0.194635 lr=9.084e-06
[train] step=1960 loss=0.234460 lr=9.084e-06
[train] step=1961 loss=0.223256 lr=9.083e-06
[train] step=1962 loss=0.234191 lr=9.082e-06
[train] step=1963 loss=0.231833 lr=9.081e-06
[train] step=1964 loss=0.165195 lr=9.080e-06
[train] step=1965 loss=0.295459 lr=9.079e-06
[train] step=1966 loss=0.271572 lr=9.078e-06
[train] step=1967 loss=0.386629 lr=9.077e-06
[train] step=1968 loss=0.303243 lr=9.076e-06
[train] step=1969 loss=0.176117 lr=9.075e-06
[train] step=1970 loss=0.199910 lr=9.074e-06
[train] step=1971 loss=0.205857 lr=9.074e-06
[train] step=1972 loss=0.212165 lr=9.073e-06
[train] step=1973 loss=0.177502 lr=9.072e-06
[train] step=1974 loss=0.230453 lr=9.071e-06
[train] step=1975 loss=0.245658 lr=9.070e-06
[train] step=1976 loss=0.189876 lr=9.069e-06
[train] step=1977 loss=0.272547 lr=9.068e-06
[train] step=1978 loss=0.206329 lr=9.067e-06
[train] step=1979 loss=0.325835 lr=9.066e-06
[train] step=1980 loss=0.199322 lr=9.065e-06
[train] step=1981 loss=0.182063 lr=9.064e-06
[train] step=1982 loss=0.186987 lr=9.063e-06
[train] step=1983 loss=0.255709 lr=9.063e-06
[train] step=1984 loss=0.166580 lr=9.062e-06
[train] step=1985 loss=0.265631 lr=9.061e-06
[train] step=1986 loss=0.221789 lr=9.060e-06
[train] step=1987 loss=0.187687 lr=9.059e-06
[train] step=1988 loss=0.177640 lr=9.058e-06
[train] step=1989 loss=0.200459 lr=9.057e-06
[train] step=1990 loss=0.144885 lr=9.056e-06
[train] step=1991 loss=0.135083 lr=9.055e-06
[train] step=1992 loss=0.215070 lr=9.054e-06
[train] step=1993 loss=0.249111 lr=9.053e-06
[train] step=1994 loss=0.282035 lr=9.052e-06
[train] step=1995 loss=0.191469 lr=9.052e-06
[train] step=1996 loss=0.159304 lr=9.051e-06
[train] step=1997 loss=0.267327 lr=9.050e-06
[train] step=1998 loss=0.086565 lr=9.049e-06
[train] step=1999 loss=0.329414 lr=9.048e-06
[train] step=2000 loss=0.187303 lr=9.047e-06
[train] step=2001 loss=0.252498 lr=9.046e-06
[train] step=2002 loss=0.360341 lr=9.045e-06
[train] step=2003 loss=0.210437 lr=9.044e-06
[train] step=2004 loss=0.167292 lr=9.043e-06
[train] step=2005 loss=0.162843 lr=9.042e-06
[train] step=2006 loss=0.369493 lr=9.041e-06
[train] step=2007 loss=0.205448 lr=9.040e-06
[train] step=2008 loss=0.162029 lr=9.040e-06
[train] step=2009 loss=0.170376 lr=9.039e-06
[train] step=2010 loss=0.264791 lr=9.038e-06
[train] step=2011 loss=0.261470 lr=9.037e-06
[train] step=2012 loss=0.298580 lr=9.036e-06
[train] step=2013 loss=0.191770 lr=9.035e-06
[train] step=2014 loss=0.222139 lr=9.034e-06
[train] step=2015 loss=0.285887 lr=9.033e-06
[train] step=2016 loss=0.203011 lr=9.032e-06
[train] step=2017 loss=0.249482 lr=9.031e-06
[train] step=2018 loss=0.260750 lr=9.030e-06
[train] step=2019 loss=0.159560 lr=9.029e-06
[train] step=2020 loss=0.356261 lr=9.028e-06
[train] step=2021 loss=0.106576 lr=9.028e-06
[train] step=2022 loss=0.226813 lr=9.027e-06
[train] step=2023 loss=0.211881 lr=9.026e-06
[train] step=2024 loss=0.243744 lr=9.025e-06
[train] step=2025 loss=0.303714 lr=9.024e-06
[train] step=2026 loss=0.173684 lr=9.023e-06
[train] step=2027 loss=0.277306 lr=9.022e-06
[train] step=2028 loss=0.378504 lr=9.021e-06
[train] step=2029 loss=0.279954 lr=9.020e-06
[train] step=2030 loss=0.308841 lr=9.019e-06
[train] step=2031 loss=0.311410 lr=9.018e-06
[train] step=2032 loss=0.254012 lr=9.017e-06
[train] step=2033 loss=0.228749 lr=9.016e-06
[train] step=2034 loss=0.220518 lr=9.015e-06
[train] step=2035 loss=0.231072 lr=9.014e-06
[train] step=2036 loss=0.218551 lr=9.014e-06
[train] step=2037 loss=0.218986 lr=9.013e-06
[train] step=2038 loss=0.201410 lr=9.012e-06
[train] step=2039 loss=0.237561 lr=9.011e-06
[train] step=2040 loss=0.121552 lr=9.010e-06
INFO     [rank 0] Model weights for step 2040 saved in       dit_trainer.py:1085
         checkpoints/model_weights_step_02040.safetensors                       
INFO     [rank 0] Scalar embedding weights for step 2040     dit_trainer.py:1092
         saved                                                                  
INFO     [rank 0] Training state saved:                      dit_trainer.py:1123
         checkpoints/model_weights_step_02040.state.pt                          
DEBUG    [rank 0] Removed old checkpoint:                    dit_trainer.py:1136
         /hppfs/scratch/0D/go76fuz2/windinet/outputs/shockwa                    
         ve_dit_ep20_baseline/checkpoints/model_weights_step                    
         _01440.safetensors                                                     
DEBUG    [rank 0] Removed old checkpoint:                    dit_trainer.py:1136
         /hppfs/scratch/0D/go76fuz2/windinet/outputs/shockwa                    
         ve_dit_ep20_baseline/checkpoints/model_weights_step                    
         _01440.state.pt                                                        
DEBUG    [rank 0] Removed old checkpoint:                    dit_trainer.py:1136
         /hppfs/scratch/0D/go76fuz2/windinet/outputs/shockwa                    
         ve_dit_ep20_baseline/checkpoints/scalar_embedding_s                    
         tep_01440.safetensors                                                  
[epoch 17] step=2040 train_loss=0.230646
[train] step=2041 loss=0.274435 lr=9.009e-06
[train] step=2042 loss=0.169985 lr=9.008e-06
[train] step=2043 loss=0.286052 lr=9.007e-06
[train] step=2044 loss=0.174098 lr=9.006e-06
[train] step=2045 loss=0.128637 lr=9.005e-06
[train] step=2046 loss=0.216415 lr=9.004e-06
[train] step=2047 loss=0.185698 lr=9.003e-06
[train] step=2048 loss=0.147516 lr=9.002e-06
[train] step=2049 loss=0.449169 lr=9.001e-06
[train] step=2050 loss=0.194324 lr=9.000e-06
[train] step=2051 loss=0.144725 lr=8.999e-06
[train] step=2052 loss=0.196073 lr=8.998e-06
[train] step=2053 loss=0.212253 lr=8.998e-06
[train] step=2054 loss=0.158877 lr=8.997e-06
[train] step=2055 loss=0.152503 lr=8.996e-06
[train] step=2056 loss=0.240508 lr=8.995e-06
[train] step=2057 loss=0.360289 lr=8.994e-06
[train] step=2058 loss=0.286905 lr=8.993e-06
[train] step=2059 loss=0.271053 lr=8.992e-06
[train] step=2060 loss=0.185183 lr=8.991e-06
[train] step=2061 loss=0.276208 lr=8.990e-06
[train] step=2062 loss=0.311164 lr=8.989e-06
[train] step=2063 loss=0.200780 lr=8.988e-06
[train] step=2064 loss=0.238073 lr=8.987e-06
[train] step=2065 loss=0.340172 lr=8.986e-06
[train] step=2066 loss=0.218530 lr=8.985e-06
[train] step=2067 loss=0.203603 lr=8.984e-06
[train] step=2068 loss=0.186846 lr=8.983e-06
[train] step=2069 loss=0.147568 lr=8.982e-06
[train] step=2070 loss=0.375210 lr=8.981e-06
[train] step=2071 loss=0.304266 lr=8.981e-06
[train] step=2072 loss=0.178392 lr=8.980e-06
[train] step=2073 loss=0.210523 lr=8.979e-06
[train] step=2074 loss=0.175808 lr=8.978e-06
[train] step=2075 loss=0.187058 lr=8.977e-06
[train] step=2076 loss=0.272592 lr=8.976e-06
[train] step=2077 loss=0.300927 lr=8.975e-06
[train] step=2078 loss=0.220818 lr=8.974e-06
[train] step=2079 loss=0.233652 lr=8.973e-06
[train] step=2080 loss=0.175527 lr=8.972e-06
[train] step=2081 loss=0.237952 lr=8.971e-06
[train] step=2082 loss=0.183923 lr=8.970e-06
[train] step=2083 loss=0.184152 lr=8.969e-06
[train] step=2084 loss=0.173063 lr=8.968e-06
[train] step=2085 loss=0.216577 lr=8.967e-06
[train] step=2086 loss=0.160189 lr=8.966e-06
[train] step=2087 loss=0.371834 lr=8.965e-06
[train] step=2088 loss=0.287393 lr=8.964e-06
[train] step=2089 loss=0.496109 lr=8.963e-06
[train] step=2090 loss=0.266254 lr=8.962e-06
[train] step=2091 loss=0.258368 lr=8.961e-06
[train] step=2092 loss=0.124861 lr=8.960e-06
[train] step=2093 loss=0.253525 lr=8.960e-06
[train] step=2094 loss=0.302035 lr=8.959e-06
[train] step=2095 loss=0.202363 lr=8.958e-06
[train] step=2096 loss=0.167997 lr=8.957e-06
[train] step=2097 loss=0.179571 lr=8.956e-06
[train] step=2098 loss=0.279036 lr=8.955e-06
[train] step=2099 loss=0.186843 lr=8.954e-06
[train] step=2100 loss=0.269727 lr=8.953e-06
[train] step=2101 loss=0.285468 lr=8.952e-06
[train] step=2102 loss=0.292242 lr=8.951e-06
[train] step=2103 loss=0.248018 lr=8.950e-06
[train] step=2104 loss=0.199342 lr=8.949e-06
[train] step=2105 loss=0.166661 lr=8.948e-06
[train] step=2106 loss=0.245145 lr=8.947e-06
[train] step=2107 loss=0.127270 lr=8.946e-06
[train] step=2108 loss=0.245876 lr=8.945e-06
[train] step=2109 loss=0.305758 lr=8.944e-06
[train] step=2110 loss=0.358347 lr=8.943e-06
[train] step=2111 loss=0.165674 lr=8.942e-06
[train] step=2112 loss=0.237625 lr=8.941e-06
[train] step=2113 loss=0.175150 lr=8.940e-06
[train] step=2114 loss=0.219190 lr=8.939e-06
[train] step=2115 loss=0.307501 lr=8.938e-06
[train] step=2116 loss=0.161725 lr=8.937e-06
[train] step=2117 loss=0.273127 lr=8.936e-06
[train] step=2118 loss=0.748452 lr=8.935e-06
[train] step=2119 loss=0.257441 lr=8.934e-06
[train] step=2120 loss=0.206283 lr=8.933e-06
[train] step=2121 loss=0.147204 lr=8.933e-06
[train] step=2122 loss=0.109838 lr=8.932e-06
[train] step=2123 loss=0.221557 lr=8.931e-06
[train] step=2124 loss=0.242852 lr=8.930e-06
[train] step=2125 loss=0.188515 lr=8.929e-06
[train] step=2126 loss=0.259522 lr=8.928e-06
[train] step=2127 loss=0.146162 lr=8.927e-06
[train] step=2128 loss=0.359770 lr=8.926e-06
[train] step=2129 loss=0.207749 lr=8.925e-06
[train] step=2130 loss=0.169680 lr=8.924e-06
[train] step=2131 loss=0.229683 lr=8.923e-06
[train] step=2132 loss=0.286895 lr=8.922e-06
[train] step=2133 loss=0.272447 lr=8.921e-06
[train] step=2134 loss=0.152146 lr=8.920e-06
[train] step=2135 loss=0.200747 lr=8.919e-06
[train] step=2136 loss=0.207438 lr=8.918e-06
[train] step=2137 loss=0.283079 lr=8.917e-06
[train] step=2138 loss=0.175794 lr=8.916e-06
[train] step=2139 loss=0.246916 lr=8.915e-06
[train] step=2140 loss=0.315714 lr=8.914e-06
[train] step=2141 loss=0.216666 lr=8.913e-06
[train] step=2142 loss=0.247754 lr=8.912e-06
[train] step=2143 loss=0.306311 lr=8.911e-06
[train] step=2144 loss=0.253716 lr=8.910e-06
[train] step=2145 loss=0.232614 lr=8.909e-06
[train] step=2146 loss=0.193013 lr=8.908e-06
[train] step=2147 loss=0.213224 lr=8.907e-06
[train] step=2148 loss=0.414440 lr=8.906e-06
[train] step=2149 loss=0.386143 lr=8.905e-06
[train] step=2150 loss=0.198425 lr=8.904e-06
[train] step=2151 loss=0.199995 lr=8.903e-06
[train] step=2152 loss=0.155711 lr=8.902e-06
[train] step=2153 loss=0.261604 lr=8.901e-06
[train] step=2154 loss=0.248899 lr=8.900e-06
[train] step=2155 loss=0.202981 lr=8.899e-06
[train] step=2156 loss=0.246590 lr=8.898e-06
[train] step=2157 loss=0.225232 lr=8.897e-06
[train] step=2158 loss=0.196538 lr=8.896e-06
[train] step=2159 loss=0.220988 lr=8.895e-06
[train] step=2160 loss=0.267191 lr=8.894e-06
INFO     [rank 0] Model weights for step 2160 saved in       dit_trainer.py:1085
         checkpoints/model_weights_step_02160.safetensors                       
INFO     [rank 0] Scalar embedding weights for step 2160     dit_trainer.py:1092
         saved                                                                  
INFO     [rank 0] Training state saved:                      dit_trainer.py:1123
         checkpoints/model_weights_step_02160.state.pt                          
DEBUG    [rank 0] Removed old checkpoint:                    dit_trainer.py:1136
         /hppfs/scratch/0D/go76fuz2/windinet/outputs/shockwa                    
         ve_dit_ep20_baseline/checkpoints/model_weights_step                    
         _01560.safetensors                                                     
DEBUG    [rank 0] Removed old checkpoint:                    dit_trainer.py:1136
         /hppfs/scratch/0D/go76fuz2/windinet/outputs/shockwa                    
         ve_dit_ep20_baseline/checkpoints/model_weights_step                    
         _01560.state.pt                                                        
DEBUG    [rank 0] Removed old checkpoint:                    dit_trainer.py:1136
         /hppfs/scratch/0D/go76fuz2/windinet/outputs/shockwa                    
         ve_dit_ep20_baseline/checkpoints/scalar_embedding_s                    
         tep_01560.safetensors                                                  
[epoch 18] step=2160 train_loss=0.236555
[train] step=2161 loss=0.207478 lr=8.893e-06
[train] step=2162 loss=0.060298 lr=8.892e-06
[train] step=2163 loss=0.169133 lr=8.891e-06
[train] step=2164 loss=0.189139 lr=8.890e-06
[train] step=2165 loss=0.160342 lr=8.889e-06
[train] step=2166 loss=0.194792 lr=8.888e-06
[train] step=2167 loss=0.221235 lr=8.888e-06
[train] step=2168 loss=0.177828 lr=8.887e-06
[train] step=2169 loss=0.256252 lr=8.886e-06
[train] step=2170 loss=0.211743 lr=8.885e-06
[train] step=2171 loss=0.247494 lr=8.884e-06
[train] step=2172 loss=0.207799 lr=8.883e-06
[train] step=2173 loss=0.216597 lr=8.882e-06
[train] step=2174 loss=0.210251 lr=8.881e-06
[train] step=2175 loss=0.158124 lr=8.880e-06
[train] step=2176 loss=0.140976 lr=8.879e-06
[train] step=2177 loss=0.162401 lr=8.878e-06
[train] step=2178 loss=0.285466 lr=8.877e-06
[train] step=2179 loss=0.221409 lr=8.876e-06
[train] step=2180 loss=0.200630 lr=8.875e-06
[train] step=2181 loss=0.288533 lr=8.874e-06
[train] step=2182 loss=0.322248 lr=8.873e-06
[train] step=2183 loss=0.117607 lr=8.872e-06
[train] step=2184 loss=0.336845 lr=8.871e-06
[train] step=2185 loss=0.271287 lr=8.870e-06
[train] step=2186 loss=0.205352 lr=8.869e-06
[train] step=2187 loss=0.263156 lr=8.868e-06
[train] step=2188 loss=0.196556 lr=8.867e-06
[train] step=2189 loss=0.280966 lr=8.866e-06
[train] step=2190 loss=0.131577 lr=8.865e-06
[train] step=2191 loss=0.270486 lr=8.864e-06
[train] step=2192 loss=0.209352 lr=8.863e-06
[train] step=2193 loss=0.183120 lr=8.862e-06
[train] step=2194 loss=0.207595 lr=8.861e-06
[train] step=2195 loss=0.330678 lr=8.860e-06
[train] step=2196 loss=0.241721 lr=8.859e-06
[train] step=2197 loss=0.157165 lr=8.858e-06
[train] step=2198 loss=0.432456 lr=8.857e-06
[train] step=2199 loss=0.134430 lr=8.856e-06
[train] step=2200 loss=0.193821 lr=8.855e-06
[train] step=2201 loss=0.245001 lr=8.854e-06
[train] step=2202 loss=0.249027 lr=8.853e-06
[train] step=2203 loss=0.232523 lr=8.852e-06
[train] step=2204 loss=0.224560 lr=8.851e-06
[train] step=2205 loss=0.272257 lr=8.850e-06
[train] step=2206 loss=0.259168 lr=8.849e-06
[train] step=2207 loss=0.316780 lr=8.848e-06
[train] step=2208 loss=0.141865 lr=8.847e-06
[train] step=2209 loss=0.177590 lr=8.846e-06
[train] step=2210 loss=0.227089 lr=8.845e-06
[train] step=2211 loss=0.262434 lr=8.844e-06
[train] step=2212 loss=0.523091 lr=8.843e-06
[train] step=2213 loss=0.190473 lr=8.842e-06
[train] step=2214 loss=0.180314 lr=8.841e-06
[train] step=2215 loss=0.191457 lr=8.840e-06
[train] step=2216 loss=0.253189 lr=8.839e-06
[train] step=2217 loss=0.260404 lr=8.838e-06
[train] step=2218 loss=0.162899 lr=8.837e-06
[train] step=2219 loss=0.153761 lr=8.836e-06
[train] step=2220 loss=0.205094 lr=8.835e-06
[train] step=2221 loss=0.254581 lr=8.834e-06
[train] step=2222 loss=0.243112 lr=8.833e-06
[train] step=2223 loss=0.179417 lr=8.832e-06
[train] step=2224 loss=0.192903 lr=8.831e-06
[train] step=2225 loss=0.325646 lr=8.830e-06
[train] step=2226 loss=0.265035 lr=8.829e-06
[train] step=2227 loss=0.167804 lr=8.828e-06
[train] step=2228 loss=0.302654 lr=8.827e-06
[train] step=2229 loss=0.175836 lr=8.826e-06
[train] step=2230 loss=0.195256 lr=8.825e-06
[train] step=2231 loss=0.224006 lr=8.824e-06
[train] step=2232 loss=0.325210 lr=8.823e-06
[train] step=2233 loss=0.242799 lr=8.822e-06
[train] step=2234 loss=0.309704 lr=8.820e-06
[train] step=2235 loss=0.294855 lr=8.819e-06
[train] step=2236 loss=0.144385 lr=8.818e-06
[train] step=2237 loss=0.282288 lr=8.817e-06
[train] step=2238 loss=0.250240 lr=8.816e-06
[train] step=2239 loss=0.290496 lr=8.815e-06
[train] step=2240 loss=0.222025 lr=8.814e-06
[train] step=2241 loss=0.196697 lr=8.813e-06
[train] step=2242 loss=0.184248 lr=8.812e-06
[train] step=2243 loss=0.236379 lr=8.811e-06
[train] step=2244 loss=0.247639 lr=8.810e-06
[train] step=2245 loss=0.145505 lr=8.809e-06
[train] step=2246 loss=0.068607 lr=8.808e-06
[train] step=2247 loss=0.278731 lr=8.807e-06
[train] step=2248 loss=0.165546 lr=8.806e-06
[train] step=2249 loss=0.144779 lr=8.805e-06
[train] step=2250 loss=0.223785 lr=8.804e-06
[train] step=2251 loss=0.213296 lr=8.803e-06
[train] step=2252 loss=0.157219 lr=8.802e-06
[train] step=2253 loss=0.254495 lr=8.801e-06
[train] step=2254 loss=0.235972 lr=8.800e-06
[train] step=2255 loss=0.180312 lr=8.799e-06
[train] step=2256 loss=0.277723 lr=8.798e-06
[train] step=2257 loss=0.169165 lr=8.797e-06
[train] step=2258 loss=0.158199 lr=8.796e-06
[train] step=2259 loss=0.180443 lr=8.795e-06
[train] step=2260 loss=0.240117 lr=8.794e-06
[train] step=2261 loss=0.244386 lr=8.793e-06
[train] step=2262 loss=0.165450 lr=8.792e-06
[train] step=2263 loss=0.441570 lr=8.791e-06
[train] step=2264 loss=0.119296 lr=8.790e-06
[train] step=2265 loss=0.129032 lr=8.789e-06
[train] step=2266 loss=0.338829 lr=8.788e-06
[train] step=2267 loss=0.187146 lr=8.787e-06
[train] step=2268 loss=0.187181 lr=8.786e-06
[train] step=2269 loss=0.302029 lr=8.785e-06
[train] step=2270 loss=0.156900 lr=8.784e-06
[train] step=2271 loss=0.218674 lr=8.783e-06
[train] step=2272 loss=0.250327 lr=8.782e-06
[train] step=2273 loss=0.267675 lr=8.781e-06
[train] step=2274 loss=0.207381 lr=8.780e-06
[train] step=2275 loss=0.145747 lr=8.779e-06
[train] step=2276 loss=0.447747 lr=8.778e-06
[train] step=2277 loss=0.331953 lr=8.777e-06
[train] step=2278 loss=0.237892 lr=8.776e-06
[train] step=2279 loss=0.310998 lr=8.775e-06
[train] step=2280 loss=0.112597 lr=8.774e-06
INFO     [rank 0] Model weights for step 2280 saved in       dit_trainer.py:1085
         checkpoints/model_weights_step_02280.safetensors                       
INFO     [rank 0] Scalar embedding weights for step 2280     dit_trainer.py:1092
         saved                                                                  
INFO     [rank 0] Training state saved:                      dit_trainer.py:1123
         checkpoints/model_weights_step_02280.state.pt                          
DEBUG    [rank 0] Removed old checkpoint:                    dit_trainer.py:1136
         /hppfs/scratch/0D/go76fuz2/windinet/outputs/shockwa                    
         ve_dit_ep20_baseline/checkpoints/model_weights_step                    
         _01680.safetensors                                                     
DEBUG    [rank 0] Removed old checkpoint:                    dit_trainer.py:1136
         /hppfs/scratch/0D/go76fuz2/windinet/outputs/shockwa                    
         ve_dit_ep20_baseline/checkpoints/model_weights_step                    
         _01680.state.pt                                                        
DEBUG    [rank 0] Removed old checkpoint:                    dit_trainer.py:1136
         /hppfs/scratch/0D/go76fuz2/windinet/outputs/shockwa                    
         ve_dit_ep20_baseline/checkpoints/scalar_embedding_s                    
         tep_01680.safetensors                                                  
[epoch 19] step=2280 train_loss=0.226732
[train] step=2281 loss=0.199224 lr=8.772e-06
[train] step=2282 loss=0.212967 lr=8.771e-06
[train] step=2283 loss=0.172652 lr=8.770e-06
[train] step=2284 loss=0.207777 lr=8.769e-06
[train] step=2285 loss=0.234296 lr=8.768e-06
[train] step=2286 loss=0.268827 lr=8.767e-06
[train] step=2287 loss=0.218951 lr=8.766e-06
[train] step=2288 loss=0.297025 lr=8.765e-06
[train] step=2289 loss=0.177182 lr=8.764e-06
[train] step=2290 loss=0.334819 lr=8.763e-06
[train] step=2291 loss=0.165316 lr=8.762e-06
[train] step=2292 loss=0.234609 lr=8.761e-06
[train] step=2293 loss=0.212748 lr=8.760e-06
[train] step=2294 loss=0.227401 lr=8.759e-06
[train] step=2295 loss=0.285540 lr=8.758e-06
[train] step=2296 loss=0.304778 lr=8.757e-06
[train] step=2297 loss=0.315686 lr=8.756e-06
[train] step=2298 loss=0.207403 lr=8.755e-06
[train] step=2299 loss=0.203495 lr=8.754e-06
[train] step=2300 loss=0.265622 lr=8.753e-06
[train] step=2301 loss=0.270195 lr=8.752e-06
[train] step=2302 loss=0.155573 lr=8.751e-06
[train] step=2303 loss=0.172396 lr=8.750e-06
[train] step=2304 loss=0.173940 lr=8.749e-06
[train] step=2305 loss=0.241619 lr=8.748e-06
[train] step=2306 loss=0.228539 lr=8.747e-06
[train] step=2307 loss=0.352092 lr=8.746e-06
[train] step=2308 loss=0.220611 lr=8.745e-06
[train] step=2309 loss=0.251554 lr=8.743e-06
[train] step=2310 loss=0.257928 lr=8.742e-06
[train] step=2311 loss=0.332573 lr=8.741e-06
[train] step=2312 loss=0.360677 lr=8.740e-06
[train] step=2313 loss=0.194731 lr=8.739e-06
[train] step=2314 loss=0.188216 lr=8.738e-06
[train] step=2315 loss=0.182670 lr=8.737e-06
[train] step=2316 loss=0.120050 lr=8.736e-06
[train] step=2317 loss=0.276658 lr=8.735e-06
[train] step=2318 loss=0.204059 lr=8.734e-06
[train] step=2319 loss=0.171059 lr=8.733e-06
[train] step=2320 loss=0.245859 lr=8.732e-06
[train] step=2321 loss=0.203224 lr=8.731e-06
[train] step=2322 loss=0.129168 lr=8.730e-06
[train] step=2323 loss=0.184658 lr=8.729e-06
[train] step=2324 loss=0.177780 lr=8.728e-06
[train] step=2325 loss=0.187076 lr=8.727e-06
[train] step=2326 loss=0.142325 lr=8.726e-06
[train] step=2327 loss=0.250061 lr=8.725e-06
[train] step=2328 loss=0.226398 lr=8.724e-06
[train] step=2329 loss=0.288009 lr=8.723e-06
[train] step=2330 loss=0.325573 lr=8.722e-06
[train] step=2331 loss=0.201236 lr=8.721e-06
[train] step=2332 loss=0.222529 lr=8.719e-06
[train] step=2333 loss=0.186044 lr=8.718e-06
[train] step=2334 loss=0.149629 lr=8.717e-06
[train] step=2335 loss=0.336877 lr=8.716e-06
[train] step=2336 loss=0.106412 lr=8.715e-06
[train] step=2337 loss=0.118922 lr=8.714e-06
[train] step=2338 loss=0.352723 lr=8.713e-06
[train] step=2339 loss=0.196747 lr=8.712e-06
[train] step=2340 loss=0.238755 lr=8.711e-06
[train] step=2341 loss=0.392699 lr=8.710e-06
[train] step=2342 loss=0.375435 lr=8.709e-06
[train] step=2343 loss=0.188731 lr=8.708e-06
[train] step=2344 loss=0.219925 lr=8.707e-06
[train] step=2345 loss=0.291471 lr=8.706e-06
[train] step=2346 loss=0.236098 lr=8.705e-06
[train] step=2347 loss=0.320101 lr=8.704e-06
[train] step=2348 loss=0.221192 lr=8.703e-06
[train] step=2349 loss=0.243503 lr=8.702e-06
[train] step=2350 loss=0.331139 lr=8.701e-06
[train] step=2351 loss=0.146390 lr=8.699e-06
[train] step=2352 loss=0.231101 lr=8.698e-06
[train] step=2353 loss=0.208543 lr=8.697e-06
[train] step=2354 loss=0.205589 lr=8.696e-06
[train] step=2355 loss=0.239543 lr=8.695e-06
[train] step=2356 loss=0.221618 lr=8.694e-06
[train] step=2357 loss=0.164429 lr=8.693e-06
[train] step=2358 loss=0.178828 lr=8.692e-06
[train] step=2359 loss=0.221436 lr=8.691e-06
[train] step=2360 loss=0.215849 lr=8.690e-06
[train] step=2361 loss=0.275681 lr=8.689e-06
[train] step=2362 loss=0.306572 lr=8.688e-06
[train] step=2363 loss=0.227592 lr=8.687e-06
[train] step=2364 loss=0.254729 lr=8.686e-06
[train] step=2365 loss=0.229506 lr=8.685e-06
[train] step=2366 loss=0.175265 lr=8.684e-06
[train] step=2367 loss=0.222691 lr=8.683e-06
[train] step=2368 loss=0.370914 lr=8.681e-06
[train] step=2369 loss=0.147106 lr=8.680e-06
[train] step=2370 loss=0.231567 lr=8.679e-06
[train] step=2371 loss=0.164738 lr=8.678e-06
[train] step=2372 loss=0.174115 lr=8.677e-06
[train] step=2373 loss=0.231994 lr=8.676e-06
[train] step=2374 loss=0.433801 lr=8.675e-06
[train] step=2375 loss=0.235217 lr=8.674e-06
[train] step=2376 loss=0.116451 lr=8.673e-06
[train] step=2377 loss=0.257624 lr=8.672e-06
[train] step=2378 loss=0.180996 lr=8.671e-06
[train] step=2379 loss=0.195586 lr=8.670e-06
[train] step=2380 loss=0.295814 lr=8.669e-06
[train] step=2381 loss=0.157522 lr=8.668e-06
[train] step=2382 loss=0.167676 lr=8.667e-06
[train] step=2383 loss=0.225160 lr=8.665e-06
[train] step=2384 loss=0.377769 lr=8.664e-06
[train] step=2385 loss=0.205464 lr=8.663e-06
[train] step=2386 loss=0.238100 lr=8.662e-06
[train] step=2387 loss=0.183911 lr=8.661e-06
[train] step=2388 loss=0.230356 lr=8.660e-06
[train] step=2389 loss=0.222909 lr=8.659e-06
[train] step=2390 loss=0.159396 lr=8.658e-06
[train] step=2391 loss=0.183535 lr=8.657e-06
[train] step=2392 loss=0.328078 lr=8.656e-06
[train] step=2393 loss=0.186565 lr=8.655e-06
[train] step=2394 loss=0.127776 lr=8.654e-06
[train] step=2395 loss=0.105381 lr=8.653e-06
[train] step=2396 loss=0.175898 lr=8.652e-06
[train] step=2397 loss=0.209660 lr=8.650e-06
[train] step=2398 loss=0.166523 lr=8.649e-06
[train] step=2399 loss=0.178623 lr=8.648e-06
[train] step=2400 loss=0.241840 lr=8.647e-06
[val] step=2400 val_loss=0.231924
INFO     [rank 0] Model weights for step 2400 saved in       dit_trainer.py:1085
         checkpoints/model_weights_step_02400.safetensors                       
INFO     [rank 0] Scalar embedding weights for step 2400     dit_trainer.py:1092
         saved                                                                  
INFO     [rank 0] Training state saved:                      dit_trainer.py:1123
         checkpoints/model_weights_step_02400.state.pt                          
DEBUG    [rank 0] Removed old checkpoint:                    dit_trainer.py:1136
         /hppfs/scratch/0D/go76fuz2/windinet/outputs/shockwa                    
         ve_dit_ep20_baseline/checkpoints/model_weights_step                    
         _01800.safetensors                                                     
DEBUG    [rank 0] Removed old checkpoint:                    dit_trainer.py:1136
         /hppfs/scratch/0D/go76fuz2/windinet/outputs/shockwa                    
         ve_dit_ep20_baseline/checkpoints/model_weights_step                    
         _01800.state.pt                                                        
DEBUG    [rank 0] Removed old checkpoint:                    dit_trainer.py:1136
         /hppfs/scratch/0D/go76fuz2/windinet/outputs/shockwa                    
         ve_dit_ep20_baseline/checkpoints/scalar_embedding_s                    
         tep_01800.safetensors                                                  
[epoch 20] step=2400 train_loss=0.225800 val_loss=0.231924
[train] step=2401 loss=0.238462 lr=8.646e-06
[train] step=2402 loss=0.195611 lr=8.645e-06
[train] step=2403 loss=0.254678 lr=8.644e-06
[train] step=2404 loss=0.220901 lr=8.643e-06
[train] step=2405 loss=0.283962 lr=8.642e-06
[train] step=2406 loss=0.107767 lr=8.641e-06
[train] step=2407 loss=0.349783 lr=8.640e-06
[train] step=2408 loss=0.152226 lr=8.639e-06
[train] step=2409 loss=0.202352 lr=8.638e-06
[train] step=2410 loss=0.144852 lr=8.637e-06
[train] step=2411 loss=0.490781 lr=8.635e-06
[train] step=2412 loss=0.235812 lr=8.634e-06
[train] step=2413 loss=0.263618 lr=8.633e-06
[train] step=2414 loss=0.293059 lr=8.632e-06
[train] step=2415 loss=0.232313 lr=8.631e-06
[train] step=2416 loss=0.279541 lr=8.630e-06
[train] step=2417 loss=0.310796 lr=8.629e-06
[train] step=2418 loss=0.228434 lr=8.628e-06
[train] step=2419 loss=0.161856 lr=8.627e-06
[train] step=2420 loss=0.289624 lr=8.626e-06
[train] step=2421 loss=0.216779 lr=8.625e-06
[train] step=2422 loss=0.164440 lr=8.624e-06
[train] step=2423 loss=0.254496 lr=8.622e-06
[train] step=2424 loss=0.229532 lr=8.621e-06
[train] step=2425 loss=0.231513 lr=8.620e-06
[train] step=2426 loss=0.178933 lr=8.619e-06
[train] step=2427 loss=0.409112 lr=8.618e-06
[train] step=2428 loss=0.235639 lr=8.617e-06
[train] step=2429 loss=0.164779 lr=8.616e-06
[train] step=2430 loss=0.292512 lr=8.615e-06
[train] step=2431 loss=0.233650 lr=8.614e-06
[train] step=2432 loss=0.252810 lr=8.613e-06
[train] step=2433 loss=0.313976 lr=8.612e-06
[train] step=2434 loss=0.233151 lr=8.611e-06
[train] step=2435 loss=0.165431 lr=8.609e-06
[train] step=2436 loss=0.247159 lr=8.608e-06
[train] step=2437 loss=0.230396 lr=8.607e-06
[train] step=2438 loss=0.208455 lr=8.606e-06
[train] step=2439 loss=0.196301 lr=8.605e-06
[train] step=2440 loss=0.155080 lr=8.604e-06
[train] step=2441 loss=0.158999 lr=8.603e-06
[train] step=2442 loss=0.193723 lr=8.602e-06
[train] step=2443 loss=0.124239 lr=8.601e-06
[train] step=2444 loss=0.341151 lr=8.600e-06
[train] step=2445 loss=0.202521 lr=8.599e-06
[train] step=2446 loss=0.206546 lr=8.597e-06
[train] step=2447 loss=0.192221 lr=8.596e-06
[train] step=2448 loss=0.116845 lr=8.595e-06
[train] step=2449 loss=0.290196 lr=8.594e-06
[train] step=2450 loss=0.209164 lr=8.593e-06
[train] step=2451 loss=0.210216 lr=8.592e-06
[train] step=2452 loss=0.187533 lr=8.591e-06
[train] step=2453 loss=0.192765 lr=8.590e-06
[train] step=2454 loss=0.170636 lr=8.589e-06
[train] step=2455 loss=0.228850 lr=8.588e-06
[train] step=2456 loss=0.244826 lr=8.587e-06
[train] step=2457 loss=0.202743 lr=8.585e-06
[train] step=2458 loss=0.165469 lr=8.584e-06
[train] step=2459 loss=0.127415 lr=8.583e-06
[train] step=2460 loss=0.158372 lr=8.582e-06
[train] step=2461 loss=0.337018 lr=8.581e-06
[train] step=2462 loss=0.264757 lr=8.580e-06
[train] step=2463 loss=0.290676 lr=8.579e-06
[train] step=2464 loss=0.212347 lr=8.578e-06
[train] step=2465 loss=0.200281 lr=8.577e-06
[train] step=2466 loss=0.148171 lr=8.576e-06
[train] step=2467 loss=0.292231 lr=8.575e-06
[train] step=2468 loss=0.175241 lr=8.573e-06
[train] step=2469 loss=0.296022 lr=8.572e-06
[train] step=2470 loss=0.106202 lr=8.571e-06
[train] step=2471 loss=0.211745 lr=8.570e-06
[train] step=2472 loss=0.184928 lr=8.569e-06
[train] step=2473 loss=0.284725 lr=8.568e-06
[train] step=2474 loss=0.196505 lr=8.567e-06
[train] step=2475 loss=0.273407 lr=8.566e-06
[train] step=2476 loss=0.193465 lr=8.565e-06
[train] step=2477 loss=0.266416 lr=8.564e-06
[train] step=2478 loss=0.159477 lr=8.562e-06
[train] step=2479 loss=0.371904 lr=8.561e-06
[train] step=2480 loss=0.226389 lr=8.560e-06
[train] step=2481 loss=0.263480 lr=8.559e-06
[train] step=2482 loss=0.220827 lr=8.558e-06
[train] step=2483 loss=0.208766 lr=8.557e-06
[train] step=2484 loss=0.121802 lr=8.556e-06
[train] step=2485 loss=0.193069 lr=8.555e-06
[train] step=2486 loss=0.221151 lr=8.554e-06
[train] step=2487 loss=0.172119 lr=8.552e-06
[train] step=2488 loss=0.281506 lr=8.551e-06
[train] step=2489 loss=0.197478 lr=8.550e-06
[train] step=2490 loss=0.258863 lr=8.549e-06
[train] step=2491 loss=0.171007 lr=8.548e-06
[train] step=2492 loss=0.194202 lr=8.547e-06
[train] step=2493 loss=0.307560 lr=8.546e-06
[train] step=2494 loss=0.416572 lr=8.545e-06
[train] step=2495 loss=0.223379 lr=8.544e-06
[train] step=2496 loss=0.412591 lr=8.543e-06
[train] step=2497 loss=0.176126 lr=8.541e-06
[train] step=2498 loss=0.240103 lr=8.540e-06
[train] step=2499 loss=0.311133 lr=8.539e-06
[train] step=2500 loss=0.249698 lr=8.538e-06
[train] step=2501 loss=0.126980 lr=8.537e-06
[train] step=2502 loss=0.198361 lr=8.536e-06
[train] step=2503 loss=0.094401 lr=8.535e-06
[train] step=2504 loss=0.258117 lr=8.534e-06
[train] step=2505 loss=0.152756 lr=8.533e-06
[train] step=2506 loss=0.188906 lr=8.531e-06
[train] step=2507 loss=0.123300 lr=8.530e-06
[train] step=2508 loss=0.209154 lr=8.529e-06
[train] step=2509 loss=0.282797 lr=8.528e-06
[train] step=2510 loss=0.206131 lr=8.527e-06
[train] step=2511 loss=0.083844 lr=8.526e-06
[train] step=2512 loss=0.248139 lr=8.525e-06
[train] step=2513 loss=0.173524 lr=8.524e-06
[train] step=2514 loss=0.113000 lr=8.523e-06
[train] step=2515 loss=0.301070 lr=8.521e-06
[train] step=2516 loss=0.220649 lr=8.520e-06
[train] step=2517 loss=0.246016 lr=8.519e-06
[train] step=2518 loss=0.232834 lr=8.518e-06
[train] step=2519 loss=0.151385 lr=8.517e-06
[train] step=2520 loss=0.190174 lr=8.516e-06
INFO     [rank 0] Model weights for step 2520 saved in       dit_trainer.py:1085
         checkpoints/model_weights_step_02520.safetensors                       
INFO     [rank 0] Scalar embedding weights for step 2520     dit_trainer.py:1092
         saved                                                                  
INFO     [rank 0] Training state saved:                      dit_trainer.py:1123
         checkpoints/model_weights_step_02520.state.pt                          
DEBUG    [rank 0] Removed old checkpoint:                    dit_trainer.py:1136
         /hppfs/scratch/0D/go76fuz2/windinet/outputs/shockwa                    
         ve_dit_ep20_baseline/checkpoints/model_weights_step                    
         _01920.safetensors                                                     
DEBUG    [rank 0] Removed old checkpoint:                    dit_trainer.py:1136
         /hppfs/scratch/0D/go76fuz2/windinet/outputs/shockwa                    
         ve_dit_ep20_baseline/checkpoints/model_weights_step                    
         _01920.state.pt                                                        
DEBUG    [rank 0] Removed old checkpoint:                    dit_trainer.py:1136
         /hppfs/scratch/0D/go76fuz2/windinet/outputs/shockwa                    
         ve_dit_ep20_baseline/checkpoints/scalar_embedding_s                    
         tep_01920.safetensors                                                  
[epoch 21] step=2520 train_loss=0.223846
[train] step=2521 loss=0.209838 lr=8.515e-06
[train] step=2522 loss=0.230475 lr=8.514e-06
[train] step=2523 loss=0.192273 lr=8.513e-06
[train] step=2524 loss=0.159779 lr=8.511e-06
[train] step=2525 loss=0.169999 lr=8.510e-06
[train] step=2526 loss=0.241875 lr=8.509e-06
[train] step=2527 loss=0.159777 lr=8.508e-06
[train] step=2528 loss=0.268410 lr=8.507e-06
[train] step=2529 loss=0.214488 lr=8.506e-06
[train] step=2530 loss=0.162356 lr=8.505e-06
[train] step=2531 loss=0.214505 lr=8.504e-06
[train] step=2532 loss=0.099680 lr=8.502e-06
[train] step=2533 loss=0.227085 lr=8.501e-06
[train] step=2534 loss=0.170017 lr=8.500e-06
[train] step=2535 loss=0.301749 lr=8.499e-06
[train] step=2536 loss=0.115052 lr=8.498e-06
[train] step=2537 loss=0.168957 lr=8.497e-06
[train] step=2538 loss=0.176319 lr=8.496e-06
[train] step=2539 loss=0.238885 lr=8.495e-06
[train] step=2540 loss=0.170376 lr=8.493e-06
[train] step=2541 loss=0.128257 lr=8.492e-06
[train] step=2542 loss=0.190015 lr=8.491e-06
[train] step=2543 loss=0.245175 lr=8.490e-06
[train] step=2544 loss=0.297022 lr=8.489e-06
[train] step=2545 loss=0.252558 lr=8.488e-06
[train] step=2546 loss=0.252517 lr=8.487e-06
[train] step=2547 loss=0.196247 lr=8.486e-06
[train] step=2548 loss=0.283469 lr=8.484e-06
[train] step=2549 loss=0.230659 lr=8.483e-06
[train] step=2550 loss=0.147163 lr=8.482e-06
[train] step=2551 loss=0.200121 lr=8.481e-06
[train] step=2552 loss=0.187008 lr=8.480e-06
[train] step=2553 loss=0.169994 lr=8.479e-06
[train] step=2554 loss=0.181154 lr=8.478e-06
[train] step=2555 loss=0.216369 lr=8.477e-06
[train] step=2556 loss=0.251275 lr=8.475e-06
[train] step=2557 loss=0.225664 lr=8.474e-06
[train] step=2558 loss=0.283856 lr=8.473e-06
[train] step=2559 loss=0.192086 lr=8.472e-06
[train] step=2560 loss=0.328458 lr=8.471e-06
[train] step=2561 loss=0.254440 lr=8.470e-06
[train] step=2562 loss=0.290316 lr=8.469e-06
[train] step=2563 loss=0.293711 lr=8.468e-06
[train] step=2564 loss=0.403489 lr=8.466e-06
[train] step=2565 loss=0.100330 lr=8.465e-06
[train] step=2566 loss=0.161999 lr=8.464e-06
[train] step=2567 loss=0.122060 lr=8.463e-06
[train] step=2568 loss=0.222171 lr=8.462e-06
[train] step=2569 loss=0.205204 lr=8.461e-06
[train] step=2570 loss=0.244010 lr=8.460e-06
[train] step=2571 loss=0.282498 lr=8.458e-06
[train] step=2572 loss=0.229643 lr=8.457e-06
[train] step=2573 loss=0.328832 lr=8.456e-06
[train] step=2574 loss=0.228300 lr=8.455e-06
[train] step=2575 loss=0.148689 lr=8.454e-06
[train] step=2576 loss=0.150225 lr=8.453e-06
[train] step=2577 loss=0.128147 lr=8.452e-06
[train] step=2578 loss=0.293614 lr=8.451e-06
[train] step=2579 loss=0.355932 lr=8.449e-06
[train] step=2580 loss=0.158196 lr=8.448e-06
[train] step=2581 loss=0.176421 lr=8.447e-06
[train] step=2582 loss=0.358733 lr=8.446e-06
[train] step=2583 loss=0.215362 lr=8.445e-06
[train] step=2584 loss=0.304872 lr=8.444e-06
[train] step=2585 loss=0.088282 lr=8.443e-06
[train] step=2586 loss=0.411469 lr=8.441e-06
[train] step=2587 loss=0.149499 lr=8.440e-06
[train] step=2588 loss=0.236619 lr=8.439e-06
[train] step=2589 loss=0.205382 lr=8.438e-06
[train] step=2590 loss=0.213752 lr=8.437e-06
[train] step=2591 loss=0.255902 lr=8.436e-06
[train] step=2592 loss=0.241374 lr=8.435e-06
[train] step=2593 loss=0.238003 lr=8.433e-06
[train] step=2594 loss=0.110077 lr=8.432e-06
[train] step=2595 loss=0.176008 lr=8.431e-06
[train] step=2596 loss=0.233860 lr=8.430e-06
[train] step=2597 loss=0.267708 lr=8.429e-06
[train] step=2598 loss=0.190949 lr=8.428e-06
[train] step=2599 loss=0.158629 lr=8.427e-06
[train] step=2600 loss=0.285141 lr=8.425e-06
[train] step=2601 loss=0.293857 lr=8.424e-06
[train] step=2602 loss=0.131451 lr=8.423e-06
[train] step=2603 loss=0.237048 lr=8.422e-06
[train] step=2604 loss=0.192027 lr=8.421e-06
[train] step=2605 loss=0.283013 lr=8.420e-06
[train] step=2606 loss=0.186103 lr=8.419e-06
[train] step=2607 loss=0.294825 lr=8.417e-06
[train] step=2608 loss=0.248927 lr=8.416e-06
[train] step=2609 loss=0.222004 lr=8.415e-06
[train] step=2610 loss=0.205540 lr=8.414e-06
[train] step=2611 loss=0.222151 lr=8.413e-06
[train] step=2612 loss=0.199081 lr=8.412e-06
[train] step=2613 loss=0.221918 lr=8.411e-06
[train] step=2614 loss=0.176769 lr=8.409e-06
[train] step=2615 loss=0.235934 lr=8.408e-06
[train] step=2616 loss=0.166858 lr=8.407e-06
[train] step=2617 loss=0.172384 lr=8.406e-06
[train] step=2618 loss=0.172145 lr=8.405e-06
[train] step=2619 loss=0.196253 lr=8.404e-06
[train] step=2620 loss=0.207001 lr=8.403e-06
[train] step=2621 loss=0.314746 lr=8.401e-06
[train] step=2622 loss=0.196946 lr=8.400e-06
[train] step=2623 loss=0.226157 lr=8.399e-06
[train] step=2624 loss=0.237962 lr=8.398e-06
[train] step=2625 loss=0.177749 lr=8.397e-06
[train] step=2626 loss=0.227562 lr=8.396e-06
[train] step=2627 loss=0.233302 lr=8.394e-06
[train] step=2628 loss=0.239796 lr=8.393e-06
[train] step=2629 loss=0.126945 lr=8.392e-06
[train] step=2630 loss=0.217906 lr=8.391e-06
[train] step=2631 loss=0.203485 lr=8.390e-06
[train] step=2632 loss=0.163467 lr=8.389e-06
[train] step=2633 loss=0.167373 lr=8.388e-06
[train] step=2634 loss=0.204978 lr=8.386e-06
[train] step=2635 loss=0.199957 lr=8.385e-06
[train] step=2636 loss=0.168389 lr=8.384e-06
[train] step=2637 loss=0.474316 lr=8.383e-06
[train] step=2638 loss=0.211577 lr=8.382e-06
[train] step=2639 loss=0.227306 lr=8.381e-06
[train] step=2640 loss=0.158652 lr=8.379e-06
INFO     [rank 0] Model weights for step 2640 saved in       dit_trainer.py:1085
         checkpoints/model_weights_step_02640.safetensors                       
INFO     [rank 0] Scalar embedding weights for step 2640     dit_trainer.py:1092
         saved                                                                  
INFO     [rank 0] Training state saved:                      dit_trainer.py:1123
         checkpoints/model_weights_step_02640.state.pt                          
DEBUG    [rank 0] Removed old checkpoint:                    dit_trainer.py:1136
         /hppfs/scratch/0D/go76fuz2/windinet/outputs/shockwa                    
         ve_dit_ep20_baseline/checkpoints/model_weights_step                    
         _02040.safetensors                                                     
DEBUG    [rank 0] Removed old checkpoint:                    dit_trainer.py:1136
         /hppfs/scratch/0D/go76fuz2/windinet/outputs/shockwa                    
         ve_dit_ep20_baseline/checkpoints/model_weights_step                    
         _02040.state.pt                                                        
DEBUG    [rank 0] Removed old checkpoint:                    dit_trainer.py:1136
         /hppfs/scratch/0D/go76fuz2/windinet/outputs/shockwa                    
         ve_dit_ep20_baseline/checkpoints/scalar_embedding_s                    
         tep_02040.safetensors                                                  
[epoch 22] step=2640 train_loss=0.217885
[train] step=2641 loss=0.221063 lr=8.378e-06
[train] step=2642 loss=0.117597 lr=8.377e-06
[train] step=2643 loss=0.167806 lr=8.376e-06
[train] step=2644 loss=0.201772 lr=8.375e-06
[train] step=2645 loss=0.221164 lr=8.374e-06
[train] step=2646 loss=0.290830 lr=8.372e-06
[train] step=2647 loss=0.153804 lr=8.371e-06
[train] step=2648 loss=0.157227 lr=8.370e-06
[train] step=2649 loss=0.276086 lr=8.369e-06
[train] step=2650 loss=0.203189 lr=8.368e-06
[train] step=2651 loss=0.167070 lr=8.367e-06
[train] step=2652 loss=0.208813 lr=8.366e-06
[train] step=2653 loss=0.176015 lr=8.364e-06
[train] step=2654 loss=0.292091 lr=8.363e-06
[train] step=2655 loss=0.234104 lr=8.362e-06
[train] step=2656 loss=0.167833 lr=8.361e-06
[train] step=2657 loss=0.201404 lr=8.360e-06
[train] step=2658 loss=0.151448 lr=8.359e-06
[train] step=2659 loss=0.206382 lr=8.357e-06
[train] step=2660 loss=0.161447 lr=8.356e-06
[train] step=2661 loss=0.227751 lr=8.355e-06
[train] step=2662 loss=0.175338 lr=8.354e-06
[train] step=2663 loss=0.256276 lr=8.353e-06
[train] step=2664 loss=0.233670 lr=8.352e-06
[train] step=2665 loss=0.265394 lr=8.350e-06
[train] step=2666 loss=0.122011 lr=8.349e-06
[train] step=2667 loss=0.211502 lr=8.348e-06
[train] step=2668 loss=0.203640 lr=8.347e-06
[train] step=2669 loss=0.189232 lr=8.346e-06
[train] step=2670 loss=0.243005 lr=8.345e-06
[train] step=2671 loss=0.172779 lr=8.343e-06
[train] step=2672 loss=0.242509 lr=8.342e-06
[train] step=2673 loss=0.215894 lr=8.341e-06
[train] step=2674 loss=0.184369 lr=8.340e-06
[train] step=2675 loss=0.143890 lr=8.339e-06
[train] step=2676 loss=0.194655 lr=8.338e-06
[train] step=2677 loss=0.267494 lr=8.336e-06
[train] step=2678 loss=0.137566 lr=8.335e-06
[train] step=2679 loss=0.308102 lr=8.334e-06
[train] step=2680 loss=0.138241 lr=8.333e-06
[train] step=2681 loss=0.251621 lr=8.332e-06
[train] step=2682 loss=0.386553 lr=8.331e-06
[train] step=2683 loss=0.162547 lr=8.329e-06
[train] step=2684 loss=0.235053 lr=8.328e-06
[train] step=2685 loss=0.184178 lr=8.327e-06
[train] step=2686 loss=0.219264 lr=8.326e-06
[train] step=2687 loss=0.236534 lr=8.325e-06
[train] step=2688 loss=0.086409 lr=8.324e-06
[train] step=2689 loss=0.241121 lr=8.322e-06
[train] step=2690 loss=0.144512 lr=8.321e-06
[train] step=2691 loss=0.195436 lr=8.320e-06
[train] step=2692 loss=0.305438 lr=8.319e-06
[train] step=2693 loss=0.137721 lr=8.318e-06
[train] step=2694 loss=0.393717 lr=8.316e-06
[train] step=2695 loss=0.171144 lr=8.315e-06
[train] step=2696 loss=0.223103 lr=8.314e-06
[train] step=2697 loss=0.268443 lr=8.313e-06
[train] step=2698 loss=0.176820 lr=8.312e-06
[train] step=2699 loss=0.315598 lr=8.311e-06
[train] step=2700 loss=0.265591 lr=8.309e-06
[train] step=2701 loss=0.217281 lr=8.308e-06
[train] step=2702 loss=0.160380 lr=8.307e-06
[train] step=2703 loss=0.266621 lr=8.306e-06
[train] step=2704 loss=0.257811 lr=8.305e-06
[train] step=2705 loss=0.205398 lr=8.304e-06
[train] step=2706 loss=0.169314 lr=8.302e-06
[train] step=2707 loss=0.390016 lr=8.301e-06
[train] step=2708 loss=0.166809 lr=8.300e-06
[train] step=2709 loss=0.225600 lr=8.299e-06
[train] step=2710 loss=0.202583 lr=8.298e-06
[train] step=2711 loss=0.236909 lr=8.296e-06
[train] step=2712 loss=0.154670 lr=8.295e-06
[train] step=2713 loss=0.138861 lr=8.294e-06
[train] step=2714 loss=0.246305 lr=8.293e-06
[train] step=2715 loss=0.214823 lr=8.292e-06
[train] step=2716 loss=0.176145 lr=8.291e-06
[train] step=2717 loss=0.255407 lr=8.289e-06
[train] step=2718 loss=0.216082 lr=8.288e-06
[train] step=2719 loss=0.158488 lr=8.287e-06
[train] step=2720 loss=0.219571 lr=8.286e-06
[train] step=2721 loss=0.300885 lr=8.285e-06
[train] step=2722 loss=0.228473 lr=8.283e-06
[train] step=2723 loss=0.219784 lr=8.282e-06
[train] step=2724 loss=0.284564 lr=8.281e-06
[train] step=2725 loss=0.109283 lr=8.280e-06
[train] step=2726 loss=0.346157 lr=8.279e-06
[train] step=2727 loss=0.191846 lr=8.278e-06
[train] step=2728 loss=0.374407 lr=8.276e-06
[train] step=2729 loss=0.252074 lr=8.275e-06
[train] step=2730 loss=0.134001 lr=8.274e-06
[train] step=2731 loss=0.192289 lr=8.273e-06
[train] step=2732 loss=0.208547 lr=8.272e-06
[train] step=2733 loss=0.178367 lr=8.270e-06
[train] step=2734 loss=0.363188 lr=8.269e-06
[train] step=2735 loss=0.251234 lr=8.268e-06
[train] step=2736 loss=0.272278 lr=8.267e-06
[train] step=2737 loss=0.227943 lr=8.266e-06
[train] step=2738 loss=0.166617 lr=8.264e-06
[train] step=2739 loss=0.241726 lr=8.263e-06
[train] step=2740 loss=0.360163 lr=8.262e-06
[train] step=2741 loss=0.291745 lr=8.261e-06
[train] step=2742 loss=0.174404 lr=8.260e-06
[train] step=2743 loss=0.272846 lr=8.259e-06
[train] step=2744 loss=0.305949 lr=8.257e-06
[train] step=2745 loss=0.259020 lr=8.256e-06
[train] step=2746 loss=0.119429 lr=8.255e-06
[train] step=2747 loss=0.204930 lr=8.254e-06
[train] step=2748 loss=0.595197 lr=8.253e-06
[train] step=2749 loss=0.227326 lr=8.251e-06
[train] step=2750 loss=0.211236 lr=8.250e-06
[train] step=2751 loss=0.225728 lr=8.249e-06
[train] step=2752 loss=0.165158 lr=8.248e-06
[train] step=2753 loss=0.230473 lr=8.247e-06
[train] step=2754 loss=0.207380 lr=8.245e-06
[train] step=2755 loss=0.232032 lr=8.244e-06
[train] step=2756 loss=0.221185 lr=8.243e-06
[train] step=2757 loss=0.207194 lr=8.242e-06
[train] step=2758 loss=0.199774 lr=8.241e-06
[train] step=2759 loss=0.175114 lr=8.239e-06
[train] step=2760 loss=0.266734 lr=8.238e-06
INFO     [rank 0] Model weights for step 2760 saved in       dit_trainer.py:1085
         checkpoints/model_weights_step_02760.safetensors                       
INFO     [rank 0] Scalar embedding weights for step 2760     dit_trainer.py:1092
         saved                                                                  
INFO     [rank 0] Training state saved:                      dit_trainer.py:1123
         checkpoints/model_weights_step_02760.state.pt                          
DEBUG    [rank 0] Removed old checkpoint:                    dit_trainer.py:1136
         /hppfs/scratch/0D/go76fuz2/windinet/outputs/shockwa                    
         ve_dit_ep20_baseline/checkpoints/model_weights_step                    
         _02160.safetensors                                                     
DEBUG    [rank 0] Removed old checkpoint:                    dit_trainer.py:1136
         /hppfs/scratch/0D/go76fuz2/windinet/outputs/shockwa                    
         ve_dit_ep20_baseline/checkpoints/model_weights_step                    
         _02160.state.pt                                                        
DEBUG    [rank 0] Removed old checkpoint:                    dit_trainer.py:1136
         /hppfs/scratch/0D/go76fuz2/windinet/outputs/shockwa                    
         ve_dit_ep20_baseline/checkpoints/scalar_embedding_s                    
         tep_02160.safetensors                                                  
[epoch 23] step=2760 train_loss=0.221491
[train] step=2761 loss=0.141638 lr=8.237e-06
[train] step=2762 loss=0.285026 lr=8.236e-06
[train] step=2763 loss=0.240406 lr=8.235e-06
[train] step=2764 loss=0.233977 lr=8.233e-06
[train] step=2765 loss=0.188010 lr=8.232e-06
[train] step=2766 loss=0.187160 lr=8.231e-06
[train] step=2767 loss=0.247943 lr=8.230e-06
[train] step=2768 loss=0.261565 lr=8.229e-06
[train] step=2769 loss=0.270387 lr=8.227e-06
[train] step=2770 loss=0.205707 lr=8.226e-06
[train] step=2771 loss=0.236166 lr=8.225e-06
[train] step=2772 loss=0.216310 lr=8.224e-06
[train] step=2773 loss=0.386981 lr=8.223e-06
[train] step=2774 loss=0.172988 lr=8.221e-06
[train] step=2775 loss=0.217498 lr=8.220e-06
[train] step=2776 loss=0.114990 lr=8.219e-06
[train] step=2777 loss=0.122146 lr=8.218e-06
[train] step=2778 loss=0.137732 lr=8.217e-06
[train] step=2779 loss=0.259727 lr=8.215e-06
[train] step=2780 loss=0.165154 lr=8.214e-06
[train] step=2781 loss=0.182525 lr=8.213e-06
[train] step=2782 loss=0.285334 lr=8.212e-06
[train] step=2783 loss=0.215564 lr=8.211e-06
[train] step=2784 loss=0.149055 lr=8.209e-06
[train] step=2785 loss=0.287907 lr=8.208e-06
[train] step=2786 loss=0.119412 lr=8.207e-06
[train] step=2787 loss=0.152566 lr=8.206e-06
[train] step=2788 loss=0.281070 lr=8.205e-06
[train] step=2789 loss=0.148120 lr=8.203e-06
[train] step=2790 loss=0.161118 lr=8.202e-06
[train] step=2791 loss=0.168598 lr=8.201e-06
[train] step=2792 loss=0.314909 lr=8.200e-06
[train] step=2793 loss=0.198675 lr=8.199e-06
[train] step=2794 loss=0.243205 lr=8.197e-06
[train] step=2795 loss=0.198590 lr=8.196e-06
[train] step=2796 loss=0.414356 lr=8.195e-06
[train] step=2797 loss=0.152707 lr=8.194e-06
[train] step=2798 loss=0.214728 lr=8.193e-06
[train] step=2799 loss=0.269759 lr=8.191e-06
[train] step=2800 loss=0.219188 lr=8.190e-06
[train] step=2801 loss=0.206289 lr=8.189e-06
[train] step=2802 loss=0.206886 lr=8.188e-06
[train] step=2803 loss=0.196825 lr=8.187e-06
[train] step=2804 loss=0.207508 lr=8.185e-06
[train] step=2805 loss=0.255737 lr=8.184e-06
[train] step=2806 loss=0.265186 lr=8.183e-06
[train] step=2807 loss=0.270845 lr=8.182e-06
[train] step=2808 loss=0.222371 lr=8.180e-06
[train] step=2809 loss=0.191013 lr=8.179e-06
[train] step=2810 loss=0.244183 lr=8.178e-06
[train] step=2811 loss=0.270661 lr=8.177e-06
[train] step=2812 loss=0.137643 lr=8.176e-06
[train] step=2813 loss=0.174880 lr=8.174e-06
[train] step=2814 loss=0.199998 lr=8.173e-06
[train] step=2815 loss=0.188778 lr=8.172e-06
[train] step=2816 loss=0.295303 lr=8.171e-06
[train] step=2817 loss=0.237771 lr=8.170e-06
[train] step=2818 loss=0.243268 lr=8.168e-06
[train] step=2819 loss=0.174372 lr=8.167e-06
[train] step=2820 loss=0.177020 lr=8.166e-06
[train] step=2821 loss=0.182107 lr=8.165e-06
[train] step=2822 loss=0.076551 lr=8.163e-06
[train] step=2823 loss=0.232147 lr=8.162e-06
[train] step=2824 loss=0.235217 lr=8.161e-06
[train] step=2825 loss=0.321619 lr=8.160e-06
[train] step=2826 loss=0.277518 lr=8.159e-06
[train] step=2827 loss=0.129812 lr=8.157e-06
[train] step=2828 loss=0.183531 lr=8.156e-06
[train] step=2829 loss=0.180531 lr=8.155e-06
[train] step=2830 loss=0.188549 lr=8.154e-06
[train] step=2831 loss=0.252588 lr=8.153e-06
[train] step=2832 loss=0.255842 lr=8.151e-06
[train] step=2833 loss=0.300869 lr=8.150e-06
[train] step=2834 loss=0.230188 lr=8.149e-06
[train] step=2835 loss=0.213113 lr=8.148e-06
[train] step=2836 loss=0.255305 lr=8.146e-06
[train] step=2837 loss=0.261396 lr=8.145e-06
[train] step=2838 loss=0.177979 lr=8.144e-06
[train] step=2839 loss=0.238948 lr=8.143e-06
[train] step=2840 loss=0.194471 lr=8.142e-06
[train] step=2841 loss=0.217219 lr=8.140e-06
[train] step=2842 loss=0.235644 lr=8.139e-06
[train] step=2843 loss=0.235448 lr=8.138e-06
[train] step=2844 loss=0.271781 lr=8.137e-06
[train] step=2845 loss=0.194161 lr=8.135e-06
[train] step=2846 loss=0.259356 lr=8.134e-06
[train] step=2847 loss=0.205173 lr=8.133e-06
[train] step=2848 loss=0.182518 lr=8.132e-06
[train] step=2849 loss=0.131021 lr=8.131e-06
[train] step=2850 loss=0.233649 lr=8.129e-06
[train] step=2851 loss=0.220006 lr=8.128e-06
[train] step=2852 loss=0.172568 lr=8.127e-06
[train] step=2853 loss=0.169159 lr=8.126e-06
[train] step=2854 loss=0.263480 lr=8.124e-06
[train] step=2855 loss=0.256471 lr=8.123e-06
[train] step=2856 loss=0.323459 lr=8.122e-06
[train] step=2857 loss=0.187158 lr=8.121e-06
[train] step=2858 loss=0.151499 lr=8.120e-06
[train] step=2859 loss=0.273742 lr=8.118e-06
[train] step=2860 loss=0.184691 lr=8.117e-06
[train] step=2861 loss=0.377527 lr=8.116e-06
[train] step=2862 loss=0.311271 lr=8.115e-06
[train] step=2863 loss=0.304023 lr=8.113e-06
[train] step=2864 loss=0.228353 lr=8.112e-06
[train] step=2865 loss=0.140430 lr=8.111e-06
[train] step=2866 loss=0.160957 lr=8.110e-06
[train] step=2867 loss=0.187821 lr=8.108e-06
[train] step=2868 loss=0.219383 lr=8.107e-06
[train] step=2869 loss=0.251802 lr=8.106e-06
[train] step=2870 loss=0.175850 lr=8.105e-06
[train] step=2871 loss=0.194347 lr=8.104e-06
[train] step=2872 loss=0.327311 lr=8.102e-06
[train] step=2873 loss=0.209923 lr=8.101e-06
[train] step=2874 loss=0.208514 lr=8.100e-06
[train] step=2875 loss=0.322580 lr=8.099e-06
[train] step=2876 loss=0.210053 lr=8.097e-06
[train] step=2877 loss=0.155430 lr=8.096e-06
[train] step=2878 loss=0.243179 lr=8.095e-06
[train] step=2879 loss=0.315942 lr=8.094e-06
[train] step=2880 loss=0.119936 lr=8.092e-06
INFO     [rank 0] Model weights for step 2880 saved in       dit_trainer.py:1085
         checkpoints/model_weights_step_02880.safetensors                       
INFO     [rank 0] Scalar embedding weights for step 2880     dit_trainer.py:1092
         saved                                                                  
INFO     [rank 0] Training state saved:                      dit_trainer.py:1123
         checkpoints/model_weights_step_02880.state.pt                          
DEBUG    [rank 0] Removed old checkpoint:                    dit_trainer.py:1136
         /hppfs/scratch/0D/go76fuz2/windinet/outputs/shockwa                    
         ve_dit_ep20_baseline/checkpoints/model_weights_step                    
         _02280.safetensors                                                     
DEBUG    [rank 0] Removed old checkpoint:                    dit_trainer.py:1136
         /hppfs/scratch/0D/go76fuz2/windinet/outputs/shockwa                    
         ve_dit_ep20_baseline/checkpoints/model_weights_step                    
         _02280.state.pt                                                        
DEBUG    [rank 0] Removed old checkpoint:                    dit_trainer.py:1136
         /hppfs/scratch/0D/go76fuz2/windinet/outputs/shockwa                    
         ve_dit_ep20_baseline/checkpoints/scalar_embedding_s                    
         tep_02280.safetensors                                                  
[epoch 24] step=2880 train_loss=0.221695
[train] step=2881 loss=0.153127 lr=8.091e-06
[train] step=2882 loss=0.318546 lr=8.090e-06
[train] step=2883 loss=0.287272 lr=8.089e-06
[train] step=2884 loss=0.425720 lr=8.088e-06
[train] step=2885 loss=0.211404 lr=8.086e-06
[train] step=2886 loss=0.165427 lr=8.085e-06
[train] step=2887 loss=0.269630 lr=8.084e-06
[train] step=2888 loss=0.267258 lr=8.083e-06
[train] step=2889 loss=0.277062 lr=8.081e-06
[train] step=2890 loss=0.173862 lr=8.080e-06
[train] step=2891 loss=0.220969 lr=8.079e-06
[train] step=2892 loss=0.219586 lr=8.078e-06
[train] step=2893 loss=0.235160 lr=8.076e-06
[train] step=2894 loss=0.186566 lr=8.075e-06
[train] step=2895 loss=0.104066 lr=8.074e-06
[train] step=2896 loss=0.352690 lr=8.073e-06
[train] step=2897 loss=0.274612 lr=8.071e-06
[train] step=2898 loss=0.218876 lr=8.070e-06
[train] step=2899 loss=0.172134 lr=8.069e-06
[train] step=2900 loss=0.154681 lr=8.068e-06
[train] step=2901 loss=0.224442 lr=8.066e-06
[train] step=2902 loss=0.424857 lr=8.065e-06
[train] step=2903 loss=0.387413 lr=8.064e-06
[train] step=2904 loss=0.358834 lr=8.063e-06
[train] step=2905 loss=0.238336 lr=8.062e-06
[train] step=2906 loss=0.190032 lr=8.060e-06
[train] step=2907 loss=0.164852 lr=8.059e-06
[train] step=2908 loss=0.119778 lr=8.058e-06
[train] step=2909 loss=0.124610 lr=8.057e-06
[train] step=2910 loss=0.245903 lr=8.055e-06
[train] step=2911 loss=0.253894 lr=8.054e-06
[train] step=2912 loss=0.307347 lr=8.053e-06
[train] step=2913 loss=0.188561 lr=8.052e-06
[train] step=2914 loss=0.195466 lr=8.050e-06
[train] step=2915 loss=0.129162 lr=8.049e-06
[train] step=2916 loss=0.209354 lr=8.048e-06
[train] step=2917 loss=0.476425 lr=8.047e-06
[train] step=2918 loss=0.169636 lr=8.045e-06
[train] step=2919 loss=0.294706 lr=8.044e-06
[train] step=2920 loss=0.217548 lr=8.043e-06
[train] step=2921 loss=0.233753 lr=8.042e-06
[train] step=2922 loss=0.186554 lr=8.040e-06
[train] step=2923 loss=0.222069 lr=8.039e-06
[train] step=2924 loss=0.249203 lr=8.038e-06
[train] step=2925 loss=0.245999 lr=8.037e-06
[train] step=2926 loss=0.358665 lr=8.035e-06
[train] step=2927 loss=0.196646 lr=8.034e-06
[train] step=2928 loss=0.305316 lr=8.033e-06
[train] step=2929 loss=0.291571 lr=8.032e-06
[train] step=2930 loss=0.153394 lr=8.030e-06
[train] step=2931 loss=0.299668 lr=8.029e-06
[train] step=2932 loss=0.222768 lr=8.028e-06
[train] step=2933 loss=0.182050 lr=8.027e-06
[train] step=2934 loss=0.125022 lr=8.025e-06
[train] step=2935 loss=0.252249 lr=8.024e-06
[train] step=2936 loss=0.179576 lr=8.023e-06
[train] step=2937 loss=0.210634 lr=8.022e-06
[train] step=2938 loss=0.200864 lr=8.020e-06
[train] step=2939 loss=0.218026 lr=8.019e-06
[train] step=2940 loss=0.216487 lr=8.018e-06
[train] step=2941 loss=0.346294 lr=8.017e-06
[train] step=2942 loss=0.154511 lr=8.015e-06
[train] step=2943 loss=0.213304 lr=8.014e-06
[train] step=2944 loss=0.330622 lr=8.013e-06
[train] step=2945 loss=0.201146 lr=8.012e-06
[train] step=2946 loss=0.406995 lr=8.010e-06
[train] step=2947 loss=0.192403 lr=8.009e-06
[train] step=2948 loss=0.179786 lr=8.008e-06
[train] step=2949 loss=0.168251 lr=8.007e-06
[train] step=2950 loss=0.181275 lr=8.005e-06
[train] step=2951 loss=0.198421 lr=8.004e-06
[train] step=2952 loss=0.306773 lr=8.003e-06
[train] step=2953 loss=0.227039 lr=8.002e-06
[train] step=2954 loss=0.129591 lr=8.000e-06
[train] step=2955 loss=0.193785 lr=7.999e-06
[train] step=2956 loss=0.167717 lr=7.998e-06
[train] step=2957 loss=0.233877 lr=7.997e-06
[train] step=2958 loss=0.245091 lr=7.995e-06
[train] step=2959 loss=0.222470 lr=7.994e-06
[train] step=2960 loss=0.235069 lr=7.993e-06
[train] step=2961 loss=0.218985 lr=7.992e-06
[train] step=2962 loss=0.242994 lr=7.990e-06
[train] step=2963 loss=0.088650 lr=7.989e-06
[train] step=2964 loss=0.150929 lr=7.988e-06
[train] step=2965 loss=0.146177 lr=7.987e-06
[train] step=2966 loss=0.135322 lr=7.985e-06
[train] step=2967 loss=0.188189 lr=7.984e-06
[train] step=2968 loss=0.168104 lr=7.983e-06
[train] step=2969 loss=0.253604 lr=7.981e-06
[train] step=2970 loss=0.192731 lr=7.980e-06
[train] step=2971 loss=0.361053 lr=7.979e-06
[train] step=2972 loss=0.226467 lr=7.978e-06
[train] step=2973 loss=0.183405 lr=7.976e-06
[train] step=2974 loss=0.134132 lr=7.975e-06
[train] step=2975 loss=0.319121 lr=7.974e-06
[train] step=2976 loss=0.174490 lr=7.973e-06
[train] step=2977 loss=0.181763 lr=7.971e-06
[train] step=2978 loss=0.254901 lr=7.970e-06
[train] step=2979 loss=0.164687 lr=7.969e-06
[train] step=2980 loss=0.192243 lr=7.968e-06
[train] step=2981 loss=0.189757 lr=7.966e-06
[train] step=2982 loss=0.398978 lr=7.965e-06
[train] step=2983 loss=0.316150 lr=7.964e-06
[train] step=2984 loss=0.261823 lr=7.963e-06
[train] step=2985 loss=0.156510 lr=7.961e-06
[train] step=2986 loss=0.195632 lr=7.960e-06
[train] step=2987 loss=0.142363 lr=7.959e-06
[train] step=2988 loss=0.187130 lr=7.957e-06
[train] step=2989 loss=0.546409 lr=7.956e-06
[train] step=2990 loss=0.182283 lr=7.955e-06
[train] step=2991 loss=0.118615 lr=7.954e-06
[train] step=2992 loss=0.173775 lr=7.952e-06
[train] step=2993 loss=0.431577 lr=7.951e-06
[train] step=2994 loss=0.362255 lr=7.950e-06
[train] step=2995 loss=0.283431 lr=7.949e-06
[train] step=2996 loss=0.186652 lr=7.947e-06
[train] step=2997 loss=0.263926 lr=7.946e-06
[train] step=2998 loss=0.298708 lr=7.945e-06
[train] step=2999 loss=0.136702 lr=7.944e-06
[train] step=3000 loss=0.149684 lr=7.942e-06
[val] step=3000 val_loss=0.228499
INFO     [rank 0] Model weights for step 3000 saved in       dit_trainer.py:1085
         checkpoints/model_weights_step_03000.safetensors                       
INFO     [rank 0] Scalar embedding weights for step 3000     dit_trainer.py:1092
         saved                                                                  
INFO     [rank 0] Training state saved:                      dit_trainer.py:1123
         checkpoints/model_weights_step_03000.state.pt                          
DEBUG    [rank 0] Removed old checkpoint:                    dit_trainer.py:1136
         /hppfs/scratch/0D/go76fuz2/windinet/outputs/shockwa                    
         ve_dit_ep20_baseline/checkpoints/model_weights_step                    
         _02400.safetensors                                                     
DEBUG    [rank 0] Removed old checkpoint:                    dit_trainer.py:1136
         /hppfs/scratch/0D/go76fuz2/windinet/outputs/shockwa                    
         ve_dit_ep20_baseline/checkpoints/model_weights_step                    
         _02400.state.pt                                                        
DEBUG    [rank 0] Removed old checkpoint:                    dit_trainer.py:1136
         /hppfs/scratch/0D/go76fuz2/windinet/outputs/shockwa                    
         ve_dit_ep20_baseline/checkpoints/scalar_embedding_s                    
         tep_02400.safetensors                                                  
[epoch 25] step=3000 train_loss=0.230211 val_loss=0.228499
[train] step=3001 loss=0.170402 lr=7.941e-06
[train] step=3002 loss=0.221886 lr=7.940e-06
[train] step=3003 loss=0.235978 lr=7.938e-06
[train] step=3004 loss=0.253528 lr=7.937e-06
[train] step=3005 loss=0.200165 lr=7.936e-06
[train] step=3006 loss=0.286292 lr=7.935e-06
[train] step=3007 loss=0.206735 lr=7.933e-06
[train] step=3008 loss=0.191914 lr=7.932e-06
[train] step=3009 loss=0.218353 lr=7.931e-06
[train] step=3010 loss=0.274419 lr=7.930e-06
[train] step=3011 loss=0.130992 lr=7.928e-06
[train] step=3012 loss=0.151145 lr=7.927e-06
[train] step=3013 loss=0.133669 lr=7.926e-06
[train] step=3014 loss=0.152624 lr=7.924e-06
[train] step=3015 loss=0.136206 lr=7.923e-06
[train] step=3016 loss=0.292752 lr=7.922e-06
[train] step=3017 loss=0.276343 lr=7.921e-06
[train] step=3018 loss=0.261510 lr=7.919e-06
[train] step=3019 loss=0.486112 lr=7.918e-06
[train] step=3020 loss=0.176563 lr=7.917e-06
[train] step=3021 loss=0.125593 lr=7.916e-06
[train] step=3022 loss=0.137566 lr=7.914e-06
[train] step=3023 loss=0.168706 lr=7.913e-06
[train] step=3024 loss=0.232524 lr=7.912e-06
[train] step=3025 loss=0.190700 lr=7.910e-06
[train] step=3026 loss=0.155814 lr=7.909e-06
[train] step=3027 loss=0.145863 lr=7.908e-06
[train] step=3028 loss=0.185248 lr=7.907e-06
[train] step=3029 loss=0.232191 lr=7.905e-06
[train] step=3030 loss=0.153918 lr=7.904e-06
[train] step=3031 loss=0.193820 lr=7.903e-06
[train] step=3032 loss=0.305895 lr=7.901e-06
[train] step=3033 loss=0.431038 lr=7.900e-06
[train] step=3034 loss=0.181041 lr=7.899e-06
[train] step=3035 loss=0.224913 lr=7.898e-06
[train] step=3036 loss=0.202745 lr=7.896e-06
[train] step=3037 loss=0.338803 lr=7.895e-06
[train] step=3038 loss=0.137756 lr=7.894e-06
[train] step=3039 loss=0.210328 lr=7.893e-06
[train] step=3040 loss=0.278321 lr=7.891e-06
[train] step=3041 loss=0.243858 lr=7.890e-06
[train] step=3042 loss=0.246844 lr=7.889e-06
[train] step=3043 loss=0.319706 lr=7.887e-06
[train] step=3044 loss=0.176824 lr=7.886e-06
[train] step=3045 loss=0.269624 lr=7.885e-06
[train] step=3046 loss=0.200148 lr=7.884e-06
[train] step=3047 loss=0.113422 lr=7.882e-06
[train] step=3048 loss=0.260578 lr=7.881e-06
[train] step=3049 loss=0.204248 lr=7.880e-06
[train] step=3050 loss=0.251660 lr=7.878e-06
[train] step=3051 loss=0.316975 lr=7.877e-06
[train] step=3052 loss=0.282371 lr=7.876e-06
[train] step=3053 loss=0.190942 lr=7.875e-06
[train] step=3054 loss=0.220067 lr=7.873e-06
[train] step=3055 loss=0.107536 lr=7.872e-06
[train] step=3056 loss=0.222318 lr=7.871e-06
[train] step=3057 loss=0.296723 lr=7.869e-06
[train] step=3058 loss=0.295489 lr=7.868e-06
[train] step=3059 loss=0.110254 lr=7.867e-06
[train] step=3060 loss=0.269721 lr=7.866e-06
[train] step=3061 loss=0.173673 lr=7.864e-06
[train] step=3062 loss=0.216905 lr=7.863e-06
[train] step=3063 loss=0.266698 lr=7.862e-06
[train] step=3064 loss=0.254413 lr=7.860e-06
[train] step=3065 loss=0.199834 lr=7.859e-06
[train] step=3066 loss=0.256647 lr=7.858e-06
[train] step=3067 loss=0.217954 lr=7.857e-06
[train] step=3068 loss=0.163790 lr=7.855e-06
[train] step=3069 loss=0.255477 lr=7.854e-06
[train] step=3070 loss=0.295518 lr=7.853e-06
[train] step=3071 loss=0.303242 lr=7.851e-06
[train] step=3072 loss=0.265503 lr=7.850e-06
[train] step=3073 loss=0.200439 lr=7.849e-06
[train] step=3074 loss=0.215062 lr=7.848e-06
[train] step=3075 loss=0.216655 lr=7.846e-06
[train] step=3076 loss=0.147227 lr=7.845e-06
[train] step=3077 loss=0.255999 lr=7.844e-06
[train] step=3078 loss=0.212729 lr=7.842e-06
[train] step=3079 loss=0.263599 lr=7.841e-06
[train] step=3080 loss=0.212429 lr=7.840e-06
[train] step=3081 loss=0.149216 lr=7.839e-06
[train] step=3082 loss=0.175485 lr=7.837e-06
[train] step=3083 loss=0.368096 lr=7.836e-06
[train] step=3084 loss=0.204545 lr=7.835e-06
[train] step=3085 loss=0.145119 lr=7.833e-06
[train] step=3086 loss=0.116528 lr=7.832e-06
[train] step=3087 loss=0.274110 lr=7.831e-06
[train] step=3088 loss=0.148269 lr=7.829e-06
[train] step=3089 loss=0.150251 lr=7.828e-06
[train] step=3090 loss=0.196393 lr=7.827e-06
[train] step=3091 loss=0.261146 lr=7.826e-06
[train] step=3092 loss=0.191200 lr=7.824e-06
[train] step=3093 loss=0.290034 lr=7.823e-06
[train] step=3094 loss=0.257527 lr=7.822e-06
[train] step=3095 loss=0.331081 lr=7.820e-06
[train] step=3096 loss=0.233683 lr=7.819e-06
[train] step=3097 loss=0.159610 lr=7.818e-06
[train] step=3098 loss=0.146738 lr=7.816e-06
[train] step=3099 loss=0.218348 lr=7.815e-06
[train] step=3100 loss=0.270941 lr=7.814e-06
[train] step=3101 loss=0.193064 lr=7.813e-06
[train] step=3102 loss=0.190170 lr=7.811e-06
[train] step=3103 loss=0.274425 lr=7.810e-06
[train] step=3104 loss=0.216102 lr=7.809e-06
[train] step=3105 loss=0.191998 lr=7.807e-06
[train] step=3106 loss=0.278342 lr=7.806e-06
[train] step=3107 loss=0.149999 lr=7.805e-06
[train] step=3108 loss=0.280890 lr=7.804e-06
[train] step=3109 loss=0.256477 lr=7.802e-06
[train] step=3110 loss=0.185977 lr=7.801e-06
[train] step=3111 loss=0.198957 lr=7.800e-06
[train] step=3112 loss=0.343931 lr=7.798e-06
[train] step=3113 loss=0.226318 lr=7.797e-06
[train] step=3114 loss=0.322415 lr=7.796e-06
[train] step=3115 loss=0.151789 lr=7.794e-06
[train] step=3116 loss=0.277868 lr=7.793e-06
[train] step=3117 loss=0.205704 lr=7.792e-06
[train] step=3118 loss=0.145037 lr=7.791e-06
[train] step=3119 loss=0.168586 lr=7.789e-06
[train] step=3120 loss=0.209577 lr=7.788e-06
INFO     [rank 0] Model weights for step 3120 saved in       dit_trainer.py:1085
         checkpoints/model_weights_step_03120.safetensors                       
INFO     [rank 0] Scalar embedding weights for step 3120     dit_trainer.py:1092
         saved                                                                  
INFO     [rank 0] Training state saved:                      dit_trainer.py:1123
         checkpoints/model_weights_step_03120.state.pt                          
DEBUG    [rank 0] Removed old checkpoint:                    dit_trainer.py:1136
         /hppfs/scratch/0D/go76fuz2/windinet/outputs/shockwa                    
         ve_dit_ep20_baseline/checkpoints/model_weights_step                    
         _02520.safetensors                                                     
DEBUG    [rank 0] Removed old checkpoint:                    dit_trainer.py:1136
         /hppfs/scratch/0D/go76fuz2/windinet/outputs/shockwa                    
         ve_dit_ep20_baseline/checkpoints/model_weights_step                    
         _02520.state.pt                                                        
DEBUG    [rank 0] Removed old checkpoint:                    dit_trainer.py:1136
         /hppfs/scratch/0D/go76fuz2/windinet/outputs/shockwa                    
         ve_dit_ep20_baseline/checkpoints/scalar_embedding_s                    
         tep_02520.safetensors                                                  
[epoch 26] step=3120 train_loss=0.221496
[train] step=3121 loss=0.220650 lr=7.787e-06
[train] step=3122 loss=0.150783 lr=7.785e-06
[train] step=3123 loss=0.226264 lr=7.784e-06
[train] step=3124 loss=0.203551 lr=7.783e-06
[train] step=3125 loss=0.334150 lr=7.781e-06
[train] step=3126 loss=0.244616 lr=7.780e-06
[train] step=3127 loss=0.198108 lr=7.779e-06
[train] step=3128 loss=0.190133 lr=7.777e-06
[train] step=3129 loss=0.468812 lr=7.776e-06
[train] step=3130 loss=0.147388 lr=7.775e-06
[train] step=3131 loss=0.200034 lr=7.774e-06
[train] step=3132 loss=0.205746 lr=7.772e-06
[train] step=3133 loss=0.393278 lr=7.771e-06
[train] step=3134 loss=0.110462 lr=7.770e-06
[train] step=3135 loss=0.220648 lr=7.768e-06
[train] step=3136 loss=0.307395 lr=7.767e-06
[train] step=3137 loss=0.260721 lr=7.766e-06
[train] step=3138 loss=0.172607 lr=7.764e-06
[train] step=3139 loss=0.116266 lr=7.763e-06
[train] step=3140 loss=0.246011 lr=7.762e-06
[train] step=3141 loss=0.160194 lr=7.760e-06
[train] step=3142 loss=0.215340 lr=7.759e-06
[train] step=3143 loss=0.173741 lr=7.758e-06
[train] step=3144 loss=0.210559 lr=7.757e-06
[train] step=3145 loss=0.205272 lr=7.755e-06
[train] step=3146 loss=0.315888 lr=7.754e-06
[train] step=3147 loss=0.286945 lr=7.753e-06
[train] step=3148 loss=0.336998 lr=7.751e-06
[train] step=3149 loss=0.229829 lr=7.750e-06
[train] step=3150 loss=0.150620 lr=7.749e-06
[train] step=3151 loss=0.101526 lr=7.747e-06
[train] step=3152 loss=0.236213 lr=7.746e-06
[train] step=3153 loss=0.133273 lr=7.745e-06
[train] step=3154 loss=0.176537 lr=7.743e-06
[train] step=3155 loss=0.241693 lr=7.742e-06
[train] step=3156 loss=0.311812 lr=7.741e-06
[train] step=3157 loss=0.288696 lr=7.739e-06
[train] step=3158 loss=0.210230 lr=7.738e-06
[train] step=3159 loss=0.238932 lr=7.737e-06
[train] step=3160 loss=0.186531 lr=7.736e-06
[train] step=3161 loss=0.262055 lr=7.734e-06
[train] step=3162 loss=0.112560 lr=7.733e-06
[train] step=3163 loss=0.236439 lr=7.732e-06
[train] step=3164 loss=0.224389 lr=7.730e-06
[train] step=3165 loss=0.226251 lr=7.729e-06
[train] step=3166 loss=0.164759 lr=7.728e-06
[train] step=3167 loss=0.202262 lr=7.726e-06
[train] step=3168 loss=0.169843 lr=7.725e-06
[train] step=3169 loss=0.130843 lr=7.724e-06
[train] step=3170 loss=0.179697 lr=7.722e-06
[train] step=3171 loss=0.210658 lr=7.721e-06
[train] step=3172 loss=0.176516 lr=7.720e-06
[train] step=3173 loss=0.205409 lr=7.718e-06
[train] step=3174 loss=0.311369 lr=7.717e-06
[train] step=3175 loss=0.258591 lr=7.716e-06
[train] step=3176 loss=0.105558 lr=7.714e-06
[train] step=3177 loss=0.243735 lr=7.713e-06
[train] step=3178 loss=0.225223 lr=7.712e-06
[train] step=3179 loss=0.429374 lr=7.711e-06
[train] step=3180 loss=0.292995 lr=7.709e-06
[train] step=3181 loss=0.298972 lr=7.708e-06
[train] step=3182 loss=0.290181 lr=7.707e-06
[train] step=3183 loss=0.167028 lr=7.705e-06
[train] step=3184 loss=0.213919 lr=7.704e-06
[train] step=3185 loss=0.252087 lr=7.703e-06
[train] step=3186 loss=0.132745 lr=7.701e-06
[train] step=3187 loss=0.315558 lr=7.700e-06
[train] step=3188 loss=0.224204 lr=7.699e-06
[train] step=3189 loss=0.221269 lr=7.697e-06
[train] step=3190 loss=0.194328 lr=7.696e-06
[train] step=3191 loss=0.294558 lr=7.695e-06
[train] step=3192 loss=0.182450 lr=7.693e-06
[train] step=3193 loss=0.186182 lr=7.692e-06
[train] step=3194 loss=0.273025 lr=7.691e-06
[train] step=3195 loss=0.144410 lr=7.689e-06
[train] step=3196 loss=0.247888 lr=7.688e-06
[train] step=3197 loss=0.173411 lr=7.687e-06
[train] step=3198 loss=0.246323 lr=7.685e-06
[train] step=3199 loss=0.210458 lr=7.684e-06
[train] step=3200 loss=0.226478 lr=7.683e-06
[train] step=3201 loss=0.169936 lr=7.681e-06
[train] step=3202 loss=0.225123 lr=7.680e-06
[train] step=3203 loss=0.226208 lr=7.679e-06
[train] step=3204 loss=0.314859 lr=7.677e-06
[train] step=3205 loss=0.209916 lr=7.676e-06
[train] step=3206 loss=0.204230 lr=7.675e-06
[train] step=3207 loss=0.244531 lr=7.674e-06
[train] step=3208 loss=0.220821 lr=7.672e-06
[train] step=3209 loss=0.181097 lr=7.671e-06
[train] step=3210 loss=0.520434 lr=7.670e-06
[train] step=3211 loss=0.210503 lr=7.668e-06
[train] step=3212 loss=0.260306 lr=7.667e-06
[train] step=3213 loss=0.237036 lr=7.666e-06
[train] step=3214 loss=0.283314 lr=7.664e-06
[train] step=3215 loss=0.162091 lr=7.663e-06
[train] step=3216 loss=0.364364 lr=7.662e-06
[train] step=3217 loss=0.261722 lr=7.660e-06
[train] step=3218 loss=0.157007 lr=7.659e-06
[train] step=3219 loss=0.268455 lr=7.658e-06
[train] step=3220 loss=0.265650 lr=7.656e-06
[train] step=3221 loss=0.200069 lr=7.655e-06
[train] step=3222 loss=0.287355 lr=7.654e-06
[train] step=3223 loss=0.301602 lr=7.652e-06
[train] step=3224 loss=0.347005 lr=7.651e-06
[train] step=3225 loss=0.227539 lr=7.650e-06
[train] step=3226 loss=0.418846 lr=7.648e-06
[train] step=3227 loss=0.200365 lr=7.647e-06
[train] step=3228 loss=0.162196 lr=7.646e-06
[train] step=3229 loss=0.292386 lr=7.644e-06
[train] step=3230 loss=0.229293 lr=7.643e-06
[train] step=3231 loss=0.250854 lr=7.642e-06
[train] step=3232 loss=0.221827 lr=7.640e-06
[train] step=3233 loss=0.226259 lr=7.639e-06
[train] step=3234 loss=0.127097 lr=7.638e-06
[train] step=3235 loss=0.303397 lr=7.636e-06
[train] step=3236 loss=0.240178 lr=7.635e-06
[train] step=3237 loss=0.249067 lr=7.634e-06
[train] step=3238 loss=0.130040 lr=7.632e-06
[train] step=3239 loss=0.147784 lr=7.631e-06
[train] step=3240 loss=0.274724 lr=7.630e-06
INFO     [rank 0] Model weights for step 3240 saved in       dit_trainer.py:1085
         checkpoints/model_weights_step_03240.safetensors                       
INFO     [rank 0] Scalar embedding weights for step 3240     dit_trainer.py:1092
         saved                                                                  
INFO     [rank 0] Training state saved:                      dit_trainer.py:1123
         checkpoints/model_weights_step_03240.state.pt                          
DEBUG    [rank 0] Removed old checkpoint:                    dit_trainer.py:1136
         /hppfs/scratch/0D/go76fuz2/windinet/outputs/shockwa                    
         ve_dit_ep20_baseline/checkpoints/model_weights_step                    
         _02640.safetensors                                                     
DEBUG    [rank 0] Removed old checkpoint:                    dit_trainer.py:1136
         /hppfs/scratch/0D/go76fuz2/windinet/outputs/shockwa                    
         ve_dit_ep20_baseline/checkpoints/model_weights_step                    
         _02640.state.pt                                                        
DEBUG    [rank 0] Removed old checkpoint:                    dit_trainer.py:1136
         /hppfs/scratch/0D/go76fuz2/windinet/outputs/shockwa                    
         ve_dit_ep20_baseline/checkpoints/scalar_embedding_s                    
         tep_02640.safetensors                                                  
[epoch 27] step=3240 train_loss=0.230440
[train] step=3241 loss=0.229030 lr=7.628e-06
[train] step=3242 loss=0.168543 lr=7.627e-06
[train] step=3243 loss=0.278808 lr=7.626e-06
[train] step=3244 loss=0.195548 lr=7.624e-06
[train] step=3245 loss=0.205443 lr=7.623e-06
[train] step=3246 loss=0.199667 lr=7.622e-06
[train] step=3247 loss=0.191902 lr=7.620e-06
[train] step=3248 loss=0.217312 lr=7.619e-06
[train] step=3249 loss=0.298956 lr=7.618e-06
[train] step=3250 loss=0.183686 lr=7.616e-06
[train] step=3251 loss=0.153051 lr=7.615e-06
[train] step=3252 loss=0.150458 lr=7.614e-06
[train] step=3253 loss=0.177202 lr=7.612e-06
[train] step=3254 loss=0.154231 lr=7.611e-06
[train] step=3255 loss=0.173584 lr=7.610e-06
[train] step=3256 loss=0.319505 lr=7.608e-06
[train] step=3257 loss=0.256296 lr=7.607e-06
[train] step=3258 loss=0.165171 lr=7.606e-06
[train] step=3259 loss=0.162178 lr=7.604e-06
[train] step=3260 loss=0.165273 lr=7.603e-06
[train] step=3261 loss=0.190499 lr=7.601e-06
[train] step=3262 loss=0.252016 lr=7.600e-06
[train] step=3263 loss=0.222069 lr=7.599e-06
[train] step=3264 loss=0.243846 lr=7.597e-06
[train] step=3265 loss=0.225598 lr=7.596e-06
[train] step=3266 loss=0.181393 lr=7.595e-06
[train] step=3267 loss=0.151364 lr=7.593e-06
[train] step=3268 loss=0.311928 lr=7.592e-06
[train] step=3269 loss=0.175885 lr=7.591e-06
[train] step=3270 loss=0.067835 lr=7.589e-06
[train] step=3271 loss=0.213399 lr=7.588e-06
[train] step=3272 loss=0.252319 lr=7.587e-06
[train] step=3273 loss=0.147611 lr=7.585e-06
[train] step=3274 loss=0.220451 lr=7.584e-06
[train] step=3275 loss=0.453836 lr=7.583e-06
[train] step=3276 loss=0.271031 lr=7.581e-06
[train] step=3277 loss=0.118788 lr=7.580e-06
[train] step=3278 loss=0.364485 lr=7.579e-06
[train] step=3279 loss=0.202636 lr=7.577e-06
[train] step=3280 loss=0.218660 lr=7.576e-06
[train] step=3281 loss=0.192292 lr=7.575e-06
[train] step=3282 loss=0.172897 lr=7.573e-06
[train] step=3283 loss=0.352703 lr=7.572e-06
[train] step=3284 loss=0.158648 lr=7.571e-06
[train] step=3285 loss=0.176877 lr=7.569e-06
[train] step=3286 loss=0.263765 lr=7.568e-06
[train] step=3287 loss=0.228189 lr=7.567e-06
[train] step=3288 loss=0.102391 lr=7.565e-06
[train] step=3289 loss=0.162056 lr=7.564e-06
[train] step=3290 loss=0.186862 lr=7.563e-06
[train] step=3291 loss=0.417633 lr=7.561e-06
[train] step=3292 loss=0.344530 lr=7.560e-06
[train] step=3293 loss=0.243889 lr=7.558e-06
[train] step=3294 loss=0.212713 lr=7.557e-06
[train] step=3295 loss=0.247553 lr=7.556e-06
[train] step=3296 loss=0.200546 lr=7.554e-06
[train] step=3297 loss=0.308295 lr=7.553e-06
[train] step=3298 loss=0.231531 lr=7.552e-06
[train] step=3299 loss=0.191589 lr=7.550e-06
[train] step=3300 loss=0.377095 lr=7.549e-06
[train] step=3301 loss=0.213753 lr=7.548e-06
[train] step=3302 loss=0.230412 lr=7.546e-06
[train] step=3303 loss=0.189112 lr=7.545e-06
[train] step=3304 loss=0.135435 lr=7.544e-06
[train] step=3305 loss=0.248783 lr=7.542e-06
[train] step=3306 loss=0.232206 lr=7.541e-06
[train] step=3307 loss=0.264484 lr=7.540e-06
[train] step=3308 loss=0.215787 lr=7.538e-06
[train] step=3309 loss=0.226069 lr=7.537e-06
[train] step=3310 loss=0.222820 lr=7.535e-06
[train] step=3311 loss=0.158539 lr=7.534e-06
[train] step=3312 loss=0.155781 lr=7.533e-06
[train] step=3313 loss=0.282859 lr=7.531e-06
[train] step=3314 loss=0.142768 lr=7.530e-06
[train] step=3315 loss=0.195989 lr=7.529e-06
[train] step=3316 loss=0.178144 lr=7.527e-06
[train] step=3317 loss=0.203761 lr=7.526e-06
[train] step=3318 loss=0.270591 lr=7.525e-06
[train] step=3319 loss=0.248386 lr=7.523e-06
[train] step=3320 loss=0.236994 lr=7.522e-06
[train] step=3321 loss=0.145950 lr=7.521e-06
[train] step=3322 loss=0.166406 lr=7.519e-06
[train] step=3323 loss=0.186368 lr=7.518e-06
[train] step=3324 loss=0.183321 lr=7.517e-06
[train] step=3325 loss=0.212416 lr=7.515e-06
[train] step=3326 loss=0.183682 lr=7.514e-06
[train] step=3327 loss=0.176707 lr=7.512e-06
[train] step=3328 loss=0.152201 lr=7.511e-06
[train] step=3329 loss=0.189488 lr=7.510e-06
[train] step=3330 loss=0.170581 lr=7.508e-06
[train] step=3331 loss=0.196663 lr=7.507e-06
[train] step=3332 loss=0.284454 lr=7.506e-06
[train] step=3333 loss=0.172261 lr=7.504e-06
[train] step=3334 loss=0.212795 lr=7.503e-06
[train] step=3335 loss=0.259568 lr=7.502e-06
[train] step=3336 loss=0.174005 lr=7.500e-06
[train] step=3337 loss=0.141373 lr=7.499e-06
[train] step=3338 loss=0.248744 lr=7.498e-06
[train] step=3339 loss=0.234276 lr=7.496e-06
[train] step=3340 loss=0.217737 lr=7.495e-06
[train] step=3341 loss=0.222127 lr=7.493e-06
[train] step=3342 loss=0.211408 lr=7.492e-06
[train] step=3343 loss=0.143493 lr=7.491e-06
[train] step=3344 loss=0.182735 lr=7.489e-06
[train] step=3345 loss=0.186139 lr=7.488e-06
[train] step=3346 loss=0.126194 lr=7.487e-06
[train] step=3347 loss=0.231090 lr=7.485e-06
[train] step=3348 loss=0.215771 lr=7.484e-06
[train] step=3349 loss=0.238585 lr=7.483e-06
[train] step=3350 loss=0.146605 lr=7.481e-06
[train] step=3351 loss=0.263013 lr=7.480e-06
[train] step=3352 loss=0.148664 lr=7.478e-06
[train] step=3353 loss=0.208144 lr=7.477e-06
[train] step=3354 loss=0.191521 lr=7.476e-06
[train] step=3355 loss=0.267050 lr=7.474e-06
[train] step=3356 loss=0.142092 lr=7.473e-06
[train] step=3357 loss=0.218262 lr=7.472e-06
[train] step=3358 loss=0.238347 lr=7.470e-06
[train] step=3359 loss=0.209419 lr=7.469e-06
[train] step=3360 loss=0.099890 lr=7.468e-06
INFO     [rank 0] Model weights for step 3360 saved in       dit_trainer.py:1085
         checkpoints/model_weights_step_03360.safetensors                       
INFO     [rank 0] Scalar embedding weights for step 3360     dit_trainer.py:1092
         saved                                                                  
INFO     [rank 0] Training state saved:                      dit_trainer.py:1123
         checkpoints/model_weights_step_03360.state.pt                          
DEBUG    [rank 0] Removed old checkpoint:                    dit_trainer.py:1136
         /hppfs/scratch/0D/go76fuz2/windinet/outputs/shockwa                    
         ve_dit_ep20_baseline/checkpoints/model_weights_step                    
         _02760.safetensors                                                     
DEBUG    [rank 0] Removed old checkpoint:                    dit_trainer.py:1136
         /hppfs/scratch/0D/go76fuz2/windinet/outputs/shockwa                    
         ve_dit_ep20_baseline/checkpoints/model_weights_step                    
         _02760.state.pt                                                        
DEBUG    [rank 0] Removed old checkpoint:                    dit_trainer.py:1136
         /hppfs/scratch/0D/go76fuz2/windinet/outputs/shockwa                    
         ve_dit_ep20_baseline/checkpoints/scalar_embedding_s                    
         tep_02760.safetensors                                                  
[epoch 28] step=3360 train_loss=0.212755
[train] step=3361 loss=0.285239 lr=7.466e-06
[train] step=3362 loss=0.205934 lr=7.465e-06
[train] step=3363 loss=0.280264 lr=7.463e-06
[train] step=3364 loss=0.200618 lr=7.462e-06
[train] step=3365 loss=0.221843 lr=7.461e-06
[train] step=3366 loss=0.241854 lr=7.459e-06
[train] step=3367 loss=0.244533 lr=7.458e-06
[train] step=3368 loss=0.219838 lr=7.457e-06
[train] step=3369 loss=0.257932 lr=7.455e-06
[train] step=3370 loss=0.216877 lr=7.454e-06
[train] step=3371 loss=0.240693 lr=7.453e-06
[train] step=3372 loss=0.216468 lr=7.451e-06
[train] step=3373 loss=0.211316 lr=7.450e-06
[train] step=3374 loss=0.254080 lr=7.448e-06
[train] step=3375 loss=0.218118 lr=7.447e-06
[train] step=3376 loss=0.263747 lr=7.446e-06
[train] step=3377 loss=0.246579 lr=7.444e-06
[train] step=3378 loss=0.171204 lr=7.443e-06
[train] step=3379 loss=0.444654 lr=7.442e-06
[train] step=3380 loss=0.274914 lr=7.440e-06
[train] step=3381 loss=0.257857 lr=7.439e-06
[train] step=3382 loss=0.213119 lr=7.437e-06
[train] step=3383 loss=0.169335 lr=7.436e-06
[train] step=3384 loss=0.182811 lr=7.435e-06
[train] step=3385 loss=0.268420 lr=7.433e-06
[train] step=3386 loss=0.225709 lr=7.432e-06
[train] step=3387 loss=0.227472 lr=7.431e-06
[train] step=3388 loss=0.133105 lr=7.429e-06
[train] step=3389 loss=0.159363 lr=7.428e-06
[train] step=3390 loss=0.250100 lr=7.426e-06
[train] step=3391 loss=0.154866 lr=7.425e-06
[train] step=3392 loss=0.104998 lr=7.424e-06
[train] step=3393 loss=0.159833 lr=7.422e-06
[train] step=3394 loss=0.329318 lr=7.421e-06
[train] step=3395 loss=0.303822 lr=7.420e-06
[train] step=3396 loss=0.218299 lr=7.418e-06
[train] step=3397 loss=0.151479 lr=7.417e-06
[train] step=3398 loss=0.231188 lr=7.415e-06
[train] step=3399 loss=0.343226 lr=7.414e-06
[train] step=3400 loss=0.220434 lr=7.413e-06
[train] step=3401 loss=0.147899 lr=7.411e-06
[train] step=3402 loss=0.143318 lr=7.410e-06
[train] step=3403 loss=0.255482 lr=7.409e-06
[train] step=3404 loss=0.275868 lr=7.407e-06
[train] step=3405 loss=0.216175 lr=7.406e-06
[train] step=3406 loss=0.304811 lr=7.404e-06
[train] step=3407 loss=0.280995 lr=7.403e-06
[train] step=3408 loss=0.152489 lr=7.402e-06
[train] step=3409 loss=0.246438 lr=7.400e-06
[train] step=3410 loss=0.208672 lr=7.399e-06
[train] step=3411 loss=0.212719 lr=7.398e-06
[train] step=3412 loss=0.305687 lr=7.396e-06
[train] step=3413 loss=0.220092 lr=7.395e-06
[train] step=3414 loss=0.179817 lr=7.393e-06
[train] step=3415 loss=0.134830 lr=7.392e-06
[train] step=3416 loss=0.311796 lr=7.391e-06
[train] step=3417 loss=0.185300 lr=7.389e-06
[train] step=3418 loss=0.127075 lr=7.388e-06
[train] step=3419 loss=0.215738 lr=7.387e-06
[train] step=3420 loss=0.261302 lr=7.385e-06
[train] step=3421 loss=0.111661 lr=7.384e-06
[train] step=3422 loss=0.169667 lr=7.382e-06
[train] step=3423 loss=0.226406 lr=7.381e-06
[train] step=3424 loss=0.120404 lr=7.380e-06
[train] step=3425 loss=0.200752 lr=7.378e-06
[train] step=3426 loss=0.345401 lr=7.377e-06
[train] step=3427 loss=0.212126 lr=7.376e-06
[train] step=3428 loss=0.360070 lr=7.374e-06
[train] step=3429 loss=0.068886 lr=7.373e-06
[train] step=3430 loss=0.254297 lr=7.371e-06
[train] step=3431 loss=0.142706 lr=7.370e-06
[train] step=3432 loss=0.180029 lr=7.369e-06
[train] step=3433 loss=0.321732 lr=7.367e-06
[train] step=3434 loss=0.243783 lr=7.366e-06
[train] step=3435 loss=0.173145 lr=7.364e-06
[train] step=3436 loss=0.169330 lr=7.363e-06
[train] step=3437 loss=0.224306 lr=7.362e-06
[train] step=3438 loss=0.177733 lr=7.360e-06
[train] step=3439 loss=0.253982 lr=7.359e-06
[train] step=3440 loss=0.135315 lr=7.358e-06
[train] step=3441 loss=0.195746 lr=7.356e-06
[train] step=3442 loss=0.204987 lr=7.355e-06
[train] step=3443 loss=0.213379 lr=7.353e-06
[train] step=3444 loss=0.192867 lr=7.352e-06
[train] step=3445 loss=0.167087 lr=7.351e-06
[train] step=3446 loss=0.119211 lr=7.349e-06
[train] step=3447 loss=0.148697 lr=7.348e-06
[train] step=3448 loss=0.217190 lr=7.346e-06
[train] step=3449 loss=0.200478 lr=7.345e-06
[train] step=3450 loss=0.278262 lr=7.344e-06
[train] step=3451 loss=0.197657 lr=7.342e-06
[train] step=3452 loss=0.208801 lr=7.341e-06
[train] step=3453 loss=0.284617 lr=7.340e-06
[train] step=3454 loss=0.209858 lr=7.338e-06
[train] step=3455 loss=0.246000 lr=7.337e-06
[train] step=3456 loss=0.229236 lr=7.335e-06
[train] step=3457 loss=0.348805 lr=7.334e-06
[train] step=3458 loss=0.279473 lr=7.333e-06
[train] step=3459 loss=0.182664 lr=7.331e-06
[train] step=3460 loss=0.300127 lr=7.330e-06
[train] step=3461 loss=0.148172 lr=7.328e-06
[train] step=3462 loss=0.145022 lr=7.327e-06
[train] step=3463 loss=0.271681 lr=7.326e-06
[train] step=3464 loss=0.202865 lr=7.324e-06
[train] step=3465 loss=0.180435 lr=7.323e-06
[train] step=3466 loss=0.200494 lr=7.321e-06
[train] step=3467 loss=0.101958 lr=7.320e-06
[train] step=3468 loss=0.214659 lr=7.319e-06
[train] step=3469 loss=0.187380 lr=7.317e-06
[train] step=3470 loss=0.161529 lr=7.316e-06
[train] step=3471 loss=0.178583 lr=7.315e-06
[train] step=3472 loss=0.234067 lr=7.313e-06
[train] step=3473 loss=0.322346 lr=7.312e-06
[train] step=3474 loss=0.202820 lr=7.310e-06
[train] step=3475 loss=0.178637 lr=7.309e-06
[train] step=3476 loss=0.188086 lr=7.308e-06
[train] step=3477 loss=0.161307 lr=7.306e-06
[train] step=3478 loss=0.219546 lr=7.305e-06
[train] step=3479 loss=0.171542 lr=7.303e-06
[train] step=3480 loss=0.151542 lr=7.302e-06
INFO     [rank 0] Model weights for step 3480 saved in       dit_trainer.py:1085
         checkpoints/model_weights_step_03480.safetensors                       
INFO     [rank 0] Scalar embedding weights for step 3480     dit_trainer.py:1092
         saved                                                                  
INFO     [rank 0] Training state saved:                      dit_trainer.py:1123
         checkpoints/model_weights_step_03480.state.pt                          
DEBUG    [rank 0] Removed old checkpoint:                    dit_trainer.py:1136
         /hppfs/scratch/0D/go76fuz2/windinet/outputs/shockwa                    
         ve_dit_ep20_baseline/checkpoints/model_weights_step                    
         _02880.safetensors                                                     
DEBUG    [rank 0] Removed old checkpoint:                    dit_trainer.py:1136
         /hppfs/scratch/0D/go76fuz2/windinet/outputs/shockwa                    
         ve_dit_ep20_baseline/checkpoints/model_weights_step                    
         _02880.state.pt                                                        
DEBUG    [rank 0] Removed old checkpoint:                    dit_trainer.py:1136
         /hppfs/scratch/0D/go76fuz2/windinet/outputs/shockwa                    
         ve_dit_ep20_baseline/checkpoints/scalar_embedding_s                    
         tep_02880.safetensors                                                  
[epoch 29] step=3480 train_loss=0.215799
[train] step=3481 loss=0.277413 lr=7.301e-06
[train] step=3482 loss=0.280501 lr=7.299e-06
[train] step=3483 loss=0.114155 lr=7.298e-06
[train] step=3484 loss=0.196035 lr=7.296e-06
[train] step=3485 loss=0.242813 lr=7.295e-06
[train] step=3486 loss=0.350724 lr=7.294e-06
[train] step=3487 loss=0.150730 lr=7.292e-06
[train] step=3488 loss=0.160078 lr=7.291e-06
[train] step=3489 loss=0.164390 lr=7.289e-06
[train] step=3490 loss=0.199007 lr=7.288e-06
[train] step=3491 loss=0.193554 lr=7.287e-06
[train] step=3492 loss=0.174591 lr=7.285e-06
[train] step=3493 loss=0.311998 lr=7.284e-06
[train] step=3494 loss=0.255205 lr=7.282e-06
[train] step=3495 loss=0.123228 lr=7.281e-06
[train] step=3496 loss=0.230574 lr=7.280e-06
[train] step=3497 loss=0.329330 lr=7.278e-06
[train] step=3498 loss=0.198778 lr=7.277e-06
[train] step=3499 loss=0.121409 lr=7.275e-06
[train] step=3500 loss=0.271404 lr=7.274e-06
[train] step=3501 loss=0.338084 lr=7.273e-06
[train] step=3502 loss=0.266066 lr=7.271e-06
[train] step=3503 loss=0.228813 lr=7.270e-06
[train] step=3504 loss=0.159216 lr=7.268e-06
[train] step=3505 loss=0.304208 lr=7.267e-06
[train] step=3506 loss=0.155434 lr=7.266e-06
[train] step=3507 loss=0.212948 lr=7.264e-06
[train] step=3508 loss=0.127004 lr=7.263e-06
[train] step=3509 loss=0.212441 lr=7.261e-06
[train] step=3510 loss=0.259773 lr=7.260e-06
[train] step=3511 loss=0.304250 lr=7.259e-06
[train] step=3512 loss=0.249902 lr=7.257e-06
[train] step=3513 loss=0.206128 lr=7.256e-06
[train] step=3514 loss=0.283293 lr=7.254e-06
[train] step=3515 loss=0.262795 lr=7.253e-06
[train] step=3516 loss=0.201882 lr=7.252e-06
[train] step=3517 loss=0.208028 lr=7.250e-06
[train] step=3518 loss=0.344283 lr=7.249e-06
[train] step=3519 loss=0.247936 lr=7.247e-06
[train] step=3520 loss=0.234688 lr=7.246e-06
[train] step=3521 loss=0.254006 lr=7.245e-06
[train] step=3522 loss=0.231084 lr=7.243e-06
[train] step=3523 loss=0.300656 lr=7.242e-06
[train] step=3524 loss=0.174990 lr=7.240e-06
[train] step=3525 loss=0.296560 lr=7.239e-06
[train] step=3526 loss=0.191174 lr=7.238e-06
[train] step=3527 loss=0.244911 lr=7.236e-06
[train] step=3528 loss=0.264322 lr=7.235e-06
[train] step=3529 loss=0.336435 lr=7.233e-06
[train] step=3530 loss=0.190368 lr=7.232e-06
[train] step=3531 loss=0.179378 lr=7.231e-06
[train] step=3532 loss=0.247607 lr=7.229e-06
[train] step=3533 loss=0.418347 lr=7.228e-06
[train] step=3534 loss=0.229864 lr=7.226e-06
[train] step=3535 loss=0.335315 lr=7.225e-06
[train] step=3536 loss=0.128282 lr=7.224e-06
[train] step=3537 loss=0.228786 lr=7.222e-06
[train] step=3538 loss=0.259225 lr=7.221e-06
[train] step=3539 loss=0.216775 lr=7.219e-06
[train] step=3540 loss=0.229729 lr=7.218e-06
[train] step=3541 loss=0.156937 lr=7.217e-06
[train] step=3542 loss=0.215523 lr=7.215e-06
[train] step=3543 loss=0.207743 lr=7.214e-06
[train] step=3544 loss=0.125487 lr=7.212e-06
[train] step=3545 loss=0.275999 lr=7.211e-06
[train] step=3546 loss=0.274156 lr=7.210e-06
[train] step=3547 loss=0.191638 lr=7.208e-06
[train] step=3548 loss=0.140139 lr=7.207e-06
[train] step=3549 loss=0.304776 lr=7.205e-06
[train] step=3550 loss=0.179042 lr=7.204e-06
[train] step=3551 loss=0.264808 lr=7.202e-06
[train] step=3552 loss=0.193088 lr=7.201e-06
[train] step=3553 loss=0.196214 lr=7.200e-06
[train] step=3554 loss=0.216128 lr=7.198e-06
[train] step=3555 loss=0.118108 lr=7.197e-06
[train] step=3556 loss=0.201195 lr=7.195e-06
[train] step=3557 loss=0.203100 lr=7.194e-06
[train] step=3558 loss=0.127914 lr=7.193e-06
[train] step=3559 loss=0.229171 lr=7.191e-06
[train] step=3560 loss=0.210765 lr=7.190e-06
[train] step=3561 loss=0.214397 lr=7.188e-06
[train] step=3562 loss=0.181987 lr=7.187e-06
[train] step=3563 loss=0.192218 lr=7.186e-06
[train] step=3564 loss=0.238055 lr=7.184e-06
[train] step=3565 loss=0.244309 lr=7.183e-06
[train] step=3566 loss=0.192582 lr=7.181e-06
[train] step=3567 loss=0.227968 lr=7.180e-06
[train] step=3568 loss=0.185379 lr=7.179e-06
[train] step=3569 loss=0.162337 lr=7.177e-06
[train] step=3570 loss=0.382092 lr=7.176e-06
[train] step=3571 loss=0.126672 lr=7.174e-06
[train] step=3572 loss=0.141042 lr=7.173e-06
[train] step=3573 loss=0.258507 lr=7.171e-06
[train] step=3574 loss=0.126028 lr=7.170e-06
[train] step=3575 loss=0.201956 lr=7.169e-06
[train] step=3576 loss=0.129612 lr=7.167e-06
[train] step=3577 loss=0.229547 lr=7.166e-06
[train] step=3578 loss=0.169707 lr=7.164e-06
[train] step=3579 loss=0.204624 lr=7.163e-06
[train] step=3580 loss=0.163278 lr=7.162e-06
[train] step=3581 loss=0.252362 lr=7.160e-06
[train] step=3582 loss=0.203145 lr=7.159e-06
[train] step=3583 loss=0.165884 lr=7.157e-06
[train] step=3584 loss=0.155696 lr=7.156e-06
[train] step=3585 loss=0.118829 lr=7.154e-06
[train] step=3586 loss=0.194732 lr=7.153e-06
[train] step=3587 loss=0.325074 lr=7.152e-06
[train] step=3588 loss=0.299585 lr=7.150e-06
[train] step=3589 loss=0.214318 lr=7.149e-06
[train] step=3590 loss=0.199060 lr=7.147e-06
[train] step=3591 loss=0.307053 lr=7.146e-06
[train] step=3592 loss=0.201136 lr=7.145e-06
[train] step=3593 loss=0.299670 lr=7.143e-06
[train] step=3594 loss=0.240374 lr=7.142e-06
[train] step=3595 loss=0.259863 lr=7.140e-06
[train] step=3596 loss=0.142848 lr=7.139e-06
[train] step=3597 loss=0.150936 lr=7.137e-06
[train] step=3598 loss=0.160668 lr=7.136e-06
[train] step=3599 loss=0.424426 lr=7.135e-06
[train] step=3600 loss=0.223625 lr=7.133e-06
[val] step=3600 val_loss=0.220667
INFO     [rank 0] Model weights for step 3600 saved in       dit_trainer.py:1085
         checkpoints/model_weights_step_03600.safetensors                       
INFO     [rank 0] Scalar embedding weights for step 3600     dit_trainer.py:1092
         saved                                                                  
INFO     [rank 0] Training state saved:                      dit_trainer.py:1123
         checkpoints/model_weights_step_03600.state.pt                          
DEBUG    [rank 0] Removed old checkpoint:                    dit_trainer.py:1136
         /hppfs/scratch/0D/go76fuz2/windinet/outputs/shockwa                    
         ve_dit_ep20_baseline/checkpoints/model_weights_step                    
         _03000.safetensors                                                     
DEBUG    [rank 0] Removed old checkpoint:                    dit_trainer.py:1136
         /hppfs/scratch/0D/go76fuz2/windinet/outputs/shockwa                    
         ve_dit_ep20_baseline/checkpoints/model_weights_step                    
         _03000.state.pt                                                        
DEBUG    [rank 0] Removed old checkpoint:                    dit_trainer.py:1136
         /hppfs/scratch/0D/go76fuz2/windinet/outputs/shockwa                    
         ve_dit_ep20_baseline/checkpoints/scalar_embedding_s                    
         tep_03000.safetensors                                                  
[epoch 30] step=3600 train_loss=0.221519 val_loss=0.220667
[train] step=3601 loss=0.250730 lr=7.132e-06
[train] step=3602 loss=0.209681 lr=7.130e-06
[train] step=3603 loss=0.216668 lr=7.129e-06
[train] step=3604 loss=0.253712 lr=7.128e-06
[train] step=3605 loss=0.173807 lr=7.126e-06
[train] step=3606 loss=0.094712 lr=7.125e-06
[train] step=3607 loss=0.151770 lr=7.123e-06
[train] step=3608 loss=0.203501 lr=7.122e-06
[train] step=3609 loss=0.109069 lr=7.120e-06
[train] step=3610 loss=0.203270 lr=7.119e-06
[train] step=3611 loss=0.216477 lr=7.118e-06
[train] step=3612 loss=0.170972 lr=7.116e-06
[train] step=3613 loss=0.234930 lr=7.115e-06
[train] step=3614 loss=0.129018 lr=7.113e-06
[train] step=3615 loss=0.182151 lr=7.112e-06
[train] step=3616 loss=0.188130 lr=7.110e-06
[train] step=3617 loss=0.173908 lr=7.109e-06
[train] step=3618 loss=0.240884 lr=7.108e-06
[train] step=3619 loss=0.168631 lr=7.106e-06
[train] step=3620 loss=0.293433 lr=7.105e-06
[train] step=3621 loss=0.199267 lr=7.103e-06
[train] step=3622 loss=0.220614 lr=7.102e-06
[train] step=3623 loss=0.411118 lr=7.100e-06
[train] step=3624 loss=0.349968 lr=7.099e-06
[train] step=3625 loss=0.191072 lr=7.098e-06
[train] step=3626 loss=0.199534 lr=7.096e-06
[train] step=3627 loss=0.346612 lr=7.095e-06
[train] step=3628 loss=0.260506 lr=7.093e-06
[train] step=3629 loss=0.320667 lr=7.092e-06
[train] step=3630 loss=0.141557 lr=7.091e-06
[train] step=3631 loss=0.215506 lr=7.089e-06
[train] step=3632 loss=0.185151 lr=7.088e-06
[train] step=3633 loss=0.308382 lr=7.086e-06
[train] step=3634 loss=0.231937 lr=7.085e-06
[train] step=3635 loss=0.266729 lr=7.083e-06
[train] step=3636 loss=0.214612 lr=7.082e-06
[train] step=3637 loss=0.210249 lr=7.081e-06
[train] step=3638 loss=0.329799 lr=7.079e-06
[train] step=3639 loss=0.171966 lr=7.078e-06
[train] step=3640 loss=0.189858 lr=7.076e-06
[train] step=3641 loss=0.078577 lr=7.075e-06
[train] step=3642 loss=0.183119 lr=7.073e-06
[train] step=3643 loss=0.133515 lr=7.072e-06
[train] step=3644 loss=0.180134 lr=7.071e-06
[train] step=3645 loss=0.130830 lr=7.069e-06
[train] step=3646 loss=0.198645 lr=7.068e-06
[train] step=3647 loss=0.250364 lr=7.066e-06
[train] step=3648 loss=0.191169 lr=7.065e-06
[train] step=3649 loss=0.315074 lr=7.063e-06
[train] step=3650 loss=0.173002 lr=7.062e-06
[train] step=3651 loss=0.247698 lr=7.061e-06
[train] step=3652 loss=0.153455 lr=7.059e-06
[train] step=3653 loss=0.183521 lr=7.058e-06
[train] step=3654 loss=0.166545 lr=7.056e-06
[train] step=3655 loss=0.207706 lr=7.055e-06
[train] step=3656 loss=0.106400 lr=7.053e-06
[train] step=3657 loss=0.298295 lr=7.052e-06
[train] step=3658 loss=0.364664 lr=7.050e-06
[train] step=3659 loss=0.104802 lr=7.049e-06
[train] step=3660 loss=0.190620 lr=7.048e-06
[train] step=3661 loss=0.152041 lr=7.046e-06
[train] step=3662 loss=0.270481 lr=7.045e-06
[train] step=3663 loss=0.213835 lr=7.043e-06
[train] step=3664 loss=0.199768 lr=7.042e-06
[train] step=3665 loss=0.211117 lr=7.040e-06
[train] step=3666 loss=0.307953 lr=7.039e-06
[train] step=3667 loss=0.331103 lr=7.038e-06
[train] step=3668 loss=0.105001 lr=7.036e-06
[train] step=3669 loss=0.294151 lr=7.035e-06
[train] step=3670 loss=0.246368 lr=7.033e-06
[train] step=3671 loss=0.300306 lr=7.032e-06
[train] step=3672 loss=0.305447 lr=7.030e-06
[train] step=3673 loss=0.136585 lr=7.029e-06
[train] step=3674 loss=0.256348 lr=7.028e-06
[train] step=3675 loss=0.185441 lr=7.026e-06
[train] step=3676 loss=0.170809 lr=7.025e-06
[train] step=3677 loss=0.180509 lr=7.023e-06
[train] step=3678 loss=0.173148 lr=7.022e-06
[train] step=3679 loss=0.166976 lr=7.020e-06
[train] step=3680 loss=0.223194 lr=7.019e-06
[train] step=3681 loss=0.264684 lr=7.018e-06
[train] step=3682 loss=0.116091 lr=7.016e-06
[train] step=3683 loss=0.157053 lr=7.015e-06
[train] step=3684 loss=0.122779 lr=7.013e-06
[train] step=3685 loss=0.182871 lr=7.012e-06
[train] step=3686 loss=0.276325 lr=7.010e-06
[train] step=3687 loss=0.179917 lr=7.009e-06
[train] step=3688 loss=0.270407 lr=7.007e-06
[train] step=3689 loss=0.168938 lr=7.006e-06
[train] step=3690 loss=0.204303 lr=7.005e-06
[train] step=3691 loss=0.200563 lr=7.003e-06
[train] step=3692 loss=0.235237 lr=7.002e-06
[train] step=3693 loss=0.211966 lr=7.000e-06
[train] step=3694 loss=0.193351 lr=6.999e-06
[train] step=3695 loss=0.163220 lr=6.997e-06
[train] step=3696 loss=0.227177 lr=6.996e-06
[train] step=3697 loss=0.246960 lr=6.995e-06
[train] step=3698 loss=0.127764 lr=6.993e-06
[train] step=3699 loss=0.339476 lr=6.992e-06
[train] step=3700 loss=0.104681 lr=6.990e-06
[train] step=3701 loss=0.228166 lr=6.989e-06
[train] step=3702 loss=0.264697 lr=6.987e-06
[train] step=3703 loss=0.180721 lr=6.986e-06
[train] step=3704 loss=0.186621 lr=6.984e-06
[train] step=3705 loss=0.153822 lr=6.983e-06
[train] step=3706 loss=0.439911 lr=6.982e-06
[train] step=3707 loss=0.303186 lr=6.980e-06
[train] step=3708 loss=0.207072 lr=6.979e-06
[train] step=3709 loss=0.366897 lr=6.977e-06
[train] step=3710 loss=0.186290 lr=6.976e-06
[train] step=3711 loss=0.123426 lr=6.974e-06
[train] step=3712 loss=0.237503 lr=6.973e-06
[train] step=3713 loss=0.166524 lr=6.971e-06
[train] step=3714 loss=0.265926 lr=6.970e-06
[train] step=3715 loss=0.196098 lr=6.969e-06
[train] step=3716 loss=0.151845 lr=6.967e-06
[train] step=3717 loss=0.162505 lr=6.966e-06
[train] step=3718 loss=0.316749 lr=6.964e-06
[train] step=3719 loss=0.250517 lr=6.963e-06
[train] step=3720 loss=0.122202 lr=6.961e-06
INFO     [rank 0] Model weights for step 3720 saved in       dit_trainer.py:1085
         checkpoints/model_weights_step_03720.safetensors                       
INFO     [rank 0] Scalar embedding weights for step 3720     dit_trainer.py:1092
         saved                                                                  
INFO     [rank 0] Training state saved:                      dit_trainer.py:1123
         checkpoints/model_weights_step_03720.state.pt                          
DEBUG    [rank 0] Removed old checkpoint:                    dit_trainer.py:1136
         /hppfs/scratch/0D/go76fuz2/windinet/outputs/shockwa                    
         ve_dit_ep20_baseline/checkpoints/model_weights_step                    
         _03120.safetensors                                                     
DEBUG    [rank 0] Removed old checkpoint:                    dit_trainer.py:1136
         /hppfs/scratch/0D/go76fuz2/windinet/outputs/shockwa                    
         ve_dit_ep20_baseline/checkpoints/model_weights_step                    
         _03120.state.pt                                                        
DEBUG    [rank 0] Removed old checkpoint:                    dit_trainer.py:1136
         /hppfs/scratch/0D/go76fuz2/windinet/outputs/shockwa                    
         ve_dit_ep20_baseline/checkpoints/scalar_embedding_s                    
         tep_03120.safetensors                                                  
[epoch 31] step=3720 train_loss=0.214376
[train] step=3721 loss=0.136681 lr=6.960e-06
[train] step=3722 loss=0.080681 lr=6.958e-06
[train] step=3723 loss=0.281954 lr=6.957e-06
[train] step=3724 loss=0.117327 lr=6.956e-06
[train] step=3725 loss=0.266162 lr=6.954e-06
[train] step=3726 loss=0.212538 lr=6.953e-06
[train] step=3727 loss=0.149300 lr=6.951e-06
[train] step=3728 loss=0.248756 lr=6.950e-06
[train] step=3729 loss=0.192783 lr=6.948e-06
[train] step=3730 loss=0.101997 lr=6.947e-06
[train] step=3731 loss=0.368419 lr=6.945e-06
[train] step=3732 loss=0.234436 lr=6.944e-06
[train] step=3733 loss=0.177667 lr=6.943e-06
[train] step=3734 loss=0.221121 lr=6.941e-06
[train] step=3735 loss=0.182288 lr=6.940e-06
[train] step=3736 loss=0.189483 lr=6.938e-06
[train] step=3737 loss=0.288485 lr=6.937e-06
[train] step=3738 loss=0.174989 lr=6.935e-06
[train] step=3739 loss=0.178878 lr=6.934e-06
[train] step=3740 loss=0.245454 lr=6.932e-06
[train] step=3741 loss=0.214575 lr=6.931e-06
[train] step=3742 loss=0.175066 lr=6.930e-06
[train] step=3743 loss=0.195178 lr=6.928e-06
[train] step=3744 loss=0.244977 lr=6.927e-06
[train] step=3745 loss=0.254680 lr=6.925e-06
[train] step=3746 loss=0.209546 lr=6.924e-06
[train] step=3747 loss=0.277155 lr=6.922e-06
[train] step=3748 loss=0.156356 lr=6.921e-06
[train] step=3749 loss=0.234285 lr=6.919e-06
[train] step=3750 loss=0.250837 lr=6.918e-06
[train] step=3751 loss=0.205796 lr=6.917e-06
[train] step=3752 loss=0.263282 lr=6.915e-06
[train] step=3753 loss=0.250430 lr=6.914e-06
[train] step=3754 loss=0.271087 lr=6.912e-06
[train] step=3755 loss=0.203522 lr=6.911e-06
[train] step=3756 loss=0.313515 lr=6.909e-06
[train] step=3757 loss=0.098919 lr=6.908e-06
[train] step=3758 loss=0.167022 lr=6.906e-06
[train] step=3759 loss=0.179841 lr=6.905e-06
[train] step=3760 loss=0.167555 lr=6.903e-06
[train] step=3761 loss=0.322484 lr=6.902e-06
[train] step=3762 loss=0.108909 lr=6.901e-06
[train] step=3763 loss=0.202344 lr=6.899e-06
[train] step=3764 loss=0.235180 lr=6.898e-06
[train] step=3765 loss=0.161771 lr=6.896e-06
[train] step=3766 loss=0.210058 lr=6.895e-06
[train] step=3767 loss=0.128907 lr=6.893e-06
[train] step=3768 loss=0.243433 lr=6.892e-06
[train] step=3769 loss=0.179309 lr=6.890e-06
[train] step=3770 loss=0.173644 lr=6.889e-06
[train] step=3771 loss=0.232765 lr=6.887e-06
[train] step=3772 loss=0.213082 lr=6.886e-06
[train] step=3773 loss=0.164324 lr=6.885e-06
[train] step=3774 loss=0.205365 lr=6.883e-06
[train] step=3775 loss=0.190478 lr=6.882e-06
[train] step=3776 loss=0.182224 lr=6.880e-06
[train] step=3777 loss=0.119735 lr=6.879e-06
[train] step=3778 loss=0.271486 lr=6.877e-06
[train] step=3779 loss=0.406766 lr=6.876e-06
[train] step=3780 loss=0.182377 lr=6.874e-06
[train] step=3781 loss=0.196122 lr=6.873e-06
[train] step=3782 loss=0.206202 lr=6.871e-06
[train] step=3783 loss=0.268294 lr=6.870e-06
[train] step=3784 loss=0.210034 lr=6.869e-06
[train] step=3785 loss=0.331372 lr=6.867e-06
[train] step=3786 loss=0.177422 lr=6.866e-06
[train] step=3787 loss=0.240862 lr=6.864e-06
[train] step=3788 loss=0.167069 lr=6.863e-06
[train] step=3789 loss=0.278874 lr=6.861e-06
[train] step=3790 loss=0.183480 lr=6.860e-06
[train] step=3791 loss=0.263601 lr=6.858e-06
[train] step=3792 loss=0.120441 lr=6.857e-06
[train] step=3793 loss=0.182438 lr=6.855e-06
[train] step=3794 loss=0.155997 lr=6.854e-06
[train] step=3795 loss=0.161016 lr=6.853e-06
[train] step=3796 loss=0.398271 lr=6.851e-06
[train] step=3797 loss=0.217068 lr=6.850e-06
[train] step=3798 loss=0.138108 lr=6.848e-06
[train] step=3799 loss=0.251801 lr=6.847e-06
[train] step=3800 loss=0.283122 lr=6.845e-06
[train] step=3801 loss=0.208800 lr=6.844e-06
[train] step=3802 loss=0.115509 lr=6.842e-06
[train] step=3803 loss=0.299175 lr=6.841e-06
[train] step=3804 loss=0.250776 lr=6.839e-06
[train] step=3805 loss=0.221245 lr=6.838e-06
[train] step=3806 loss=0.223577 lr=6.836e-06
[train] step=3807 loss=0.141480 lr=6.835e-06
[train] step=3808 loss=0.158250 lr=6.834e-06
[train] step=3809 loss=0.213401 lr=6.832e-06
[train] step=3810 loss=0.229179 lr=6.831e-06
[train] step=3811 loss=0.174136 lr=6.829e-06
[train] step=3812 loss=0.210370 lr=6.828e-06
[train] step=3813 loss=0.260397 lr=6.826e-06
[train] step=3814 loss=0.167905 lr=6.825e-06
[train] step=3815 loss=0.131859 lr=6.823e-06
[train] step=3816 loss=0.105032 lr=6.822e-06
[train] step=3817 loss=0.184479 lr=6.820e-06
[train] step=3818 loss=0.231774 lr=6.819e-06
[train] step=3819 loss=0.271955 lr=6.817e-06
[train] step=3820 loss=0.228492 lr=6.816e-06
[train] step=3821 loss=0.169719 lr=6.815e-06
[train] step=3822 loss=0.295651 lr=6.813e-06
[train] step=3823 loss=0.322831 lr=6.812e-06
[train] step=3824 loss=0.170336 lr=6.810e-06
[train] step=3825 loss=0.162141 lr=6.809e-06
[train] step=3826 loss=0.118552 lr=6.807e-06
[train] step=3827 loss=0.255210 lr=6.806e-06
[train] step=3828 loss=0.210537 lr=6.804e-06
[train] step=3829 loss=0.258909 lr=6.803e-06
[train] step=3830 loss=0.202130 lr=6.801e-06
[train] step=3831 loss=0.207314 lr=6.800e-06
[train] step=3832 loss=0.184517 lr=6.798e-06
[train] step=3833 loss=0.227743 lr=6.797e-06
[train] step=3834 loss=0.200747 lr=6.796e-06
[train] step=3835 loss=0.186101 lr=6.794e-06
[train] step=3836 loss=0.259077 lr=6.793e-06
[train] step=3837 loss=0.273814 lr=6.791e-06
[train] step=3838 loss=0.175859 lr=6.790e-06
[train] step=3839 loss=0.166076 lr=6.788e-06
[train] step=3840 loss=0.161931 lr=6.787e-06
INFO     [rank 0] Model weights for step 3840 saved in       dit_trainer.py:1085
         checkpoints/model_weights_step_03840.safetensors                       
INFO     [rank 0] Scalar embedding weights for step 3840     dit_trainer.py:1092
         saved                                                                  
INFO     [rank 0] Training state saved:                      dit_trainer.py:1123
         checkpoints/model_weights_step_03840.state.pt                          
DEBUG    [rank 0] Removed old checkpoint:                    dit_trainer.py:1136
         /hppfs/scratch/0D/go76fuz2/windinet/outputs/shockwa                    
         ve_dit_ep20_baseline/checkpoints/model_weights_step                    
         _03240.safetensors                                                     
DEBUG    [rank 0] Removed old checkpoint:                    dit_trainer.py:1136
         /hppfs/scratch/0D/go76fuz2/windinet/outputs/shockwa                    
         ve_dit_ep20_baseline/checkpoints/model_weights_step                    
         _03240.state.pt                                                        
DEBUG    [rank 0] Removed old checkpoint:                    dit_trainer.py:1136
         /hppfs/scratch/0D/go76fuz2/windinet/outputs/shockwa                    
         ve_dit_ep20_baseline/checkpoints/scalar_embedding_s                    
         tep_03240.safetensors                                                  
[epoch 32] step=3840 train_loss=0.209554
[train] step=3841 loss=0.143078 lr=6.785e-06
[train] step=3842 loss=0.171522 lr=6.784e-06
[train] step=3843 loss=0.186211 lr=6.782e-06
[train] step=3844 loss=0.228724 lr=6.781e-06
[train] step=3845 loss=0.299690 lr=6.779e-06
[train] step=3846 loss=0.321373 lr=6.778e-06
[train] step=3847 loss=0.330454 lr=6.776e-06
[train] step=3848 loss=0.277834 lr=6.775e-06
[train] step=3849 loss=0.258814 lr=6.774e-06
[train] step=3850 loss=0.190157 lr=6.772e-06
[train] step=3851 loss=0.128183 lr=6.771e-06
[train] step=3852 loss=0.195064 lr=6.769e-06
[train] step=3853 loss=0.178432 lr=6.768e-06
[train] step=3854 loss=0.245010 lr=6.766e-06
[train] step=3855 loss=0.220716 lr=6.765e-06
[train] step=3856 loss=0.211670 lr=6.763e-06
[train] step=3857 loss=0.204464 lr=6.762e-06
[train] step=3858 loss=0.169447 lr=6.760e-06
[train] step=3859 loss=0.217346 lr=6.759e-06
[train] step=3860 loss=0.304144 lr=6.757e-06
[train] step=3861 loss=0.234463 lr=6.756e-06
[train] step=3862 loss=0.257813 lr=6.754e-06
[train] step=3863 loss=0.116866 lr=6.753e-06
[train] step=3864 loss=0.200220 lr=6.752e-06
[train] step=3865 loss=0.221716 lr=6.750e-06
[train] step=3866 loss=0.201394 lr=6.749e-06
[train] step=3867 loss=0.172866 lr=6.747e-06
[train] step=3868 loss=0.240505 lr=6.746e-06
[train] step=3869 loss=0.248300 lr=6.744e-06
[train] step=3870 loss=0.162531 lr=6.743e-06
[train] step=3871 loss=0.163450 lr=6.741e-06
[train] step=3872 loss=0.228654 lr=6.740e-06
[train] step=3873 loss=0.206635 lr=6.738e-06
[train] step=3874 loss=0.159273 lr=6.737e-06
[train] step=3875 loss=0.103399 lr=6.735e-06
[train] step=3876 loss=0.143525 lr=6.734e-06
[train] step=3877 loss=0.177239 lr=6.732e-06
[train] step=3878 loss=0.097193 lr=6.731e-06
[train] step=3879 loss=0.244067 lr=6.729e-06
[train] step=3880 loss=0.163507 lr=6.728e-06
[train] step=3881 loss=0.200230 lr=6.726e-06
[train] step=3882 loss=0.197754 lr=6.725e-06
[train] step=3883 loss=0.220068 lr=6.724e-06
[train] step=3884 loss=0.104400 lr=6.722e-06
[train] step=3885 loss=0.303462 lr=6.721e-06
[train] step=3886 loss=0.361626 lr=6.719e-06
[train] step=3887 loss=0.176144 lr=6.718e-06
[train] step=3888 loss=0.301457 lr=6.716e-06
[train] step=3889 loss=0.319430 lr=6.715e-06
[train] step=3890 loss=0.239926 lr=6.713e-06
[train] step=3891 loss=0.173012 lr=6.712e-06
[train] step=3892 loss=0.251751 lr=6.710e-06
[train] step=3893 loss=0.177664 lr=6.709e-06
[train] step=3894 loss=0.298816 lr=6.707e-06
[train] step=3895 loss=0.291901 lr=6.706e-06
[train] step=3896 loss=0.213523 lr=6.704e-06
[train] step=3897 loss=0.169776 lr=6.703e-06
[train] step=3898 loss=0.125735 lr=6.701e-06
[train] step=3899 loss=0.241254 lr=6.700e-06
[train] step=3900 loss=0.201849 lr=6.698e-06
[train] step=3901 loss=0.182078 lr=6.697e-06
[train] step=3902 loss=0.156329 lr=6.696e-06
[train] step=3903 loss=0.277165 lr=6.694e-06
[train] step=3904 loss=0.234261 lr=6.693e-06
[train] step=3905 loss=0.139331 lr=6.691e-06
[train] step=3906 loss=0.190288 lr=6.690e-06
[train] step=3907 loss=0.158233 lr=6.688e-06
[train] step=3908 loss=0.103799 lr=6.687e-06
[train] step=3909 loss=0.221882 lr=6.685e-06
[train] step=3910 loss=0.164101 lr=6.684e-06
[train] step=3911 loss=0.176690 lr=6.682e-06
[train] step=3912 loss=0.139365 lr=6.681e-06
[train] step=3913 loss=0.272776 lr=6.679e-06
[train] step=3914 loss=0.088661 lr=6.678e-06
[train] step=3915 loss=0.161725 lr=6.676e-06
[train] step=3916 loss=0.176976 lr=6.675e-06
[train] step=3917 loss=0.294573 lr=6.673e-06
[train] step=3918 loss=0.183169 lr=6.672e-06
[train] step=3919 loss=0.188845 lr=6.670e-06
[train] step=3920 loss=0.165081 lr=6.669e-06
[train] step=3921 loss=0.234558 lr=6.667e-06
[train] step=3922 loss=0.265595 lr=6.666e-06
[train] step=3923 loss=0.116818 lr=6.664e-06
[train] step=3924 loss=0.338220 lr=6.663e-06
[train] step=3925 loss=0.293944 lr=6.662e-06
[train] step=3926 loss=0.156862 lr=6.660e-06
[train] step=3927 loss=0.205765 lr=6.659e-06
[train] step=3928 loss=0.266821 lr=6.657e-06
[train] step=3929 loss=0.166130 lr=6.656e-06
[train] step=3930 loss=0.266925 lr=6.654e-06
[train] step=3931 loss=0.239595 lr=6.653e-06
[train] step=3932 loss=0.177184 lr=6.651e-06
[train] step=3933 loss=0.140430 lr=6.650e-06
[train] step=3934 loss=0.176245 lr=6.648e-06
[train] step=3935 loss=0.252576 lr=6.647e-06
[train] step=3936 loss=0.212970 lr=6.645e-06
[train] step=3937 loss=0.165201 lr=6.644e-06
[train] step=3938 loss=0.224362 lr=6.642e-06
[train] step=3939 loss=0.238215 lr=6.641e-06
[train] step=3940 loss=0.194546 lr=6.639e-06
[train] step=3941 loss=0.176523 lr=6.638e-06
[train] step=3942 loss=0.253709 lr=6.636e-06
[train] step=3943 loss=0.141533 lr=6.635e-06
[train] step=3944 loss=0.230576 lr=6.633e-06
[train] step=3945 loss=0.276647 lr=6.632e-06
[train] step=3946 loss=0.160871 lr=6.630e-06
[train] step=3947 loss=0.243479 lr=6.629e-06
[train] step=3948 loss=0.172220 lr=6.627e-06
[train] step=3949 loss=0.183366 lr=6.626e-06
[train] step=3950 loss=0.119129 lr=6.624e-06
[train] step=3951 loss=0.300889 lr=6.623e-06
[train] step=3952 loss=0.194959 lr=6.621e-06
[train] step=3953 loss=0.178044 lr=6.620e-06
[train] step=3954 loss=0.137180 lr=6.619e-06
[train] step=3955 loss=0.265160 lr=6.617e-06
[train] step=3956 loss=0.257743 lr=6.616e-06
[train] step=3957 loss=0.221652 lr=6.614e-06
[train] step=3958 loss=0.147450 lr=6.613e-06
[train] step=3959 loss=0.285317 lr=6.611e-06
[train] step=3960 loss=0.302124 lr=6.610e-06
INFO     [rank 0] Model weights for step 3960 saved in       dit_trainer.py:1085
         checkpoints/model_weights_step_03960.safetensors                       
INFO     [rank 0] Scalar embedding weights for step 3960     dit_trainer.py:1092
         saved                                                                  
INFO     [rank 0] Training state saved:                      dit_trainer.py:1123
         checkpoints/model_weights_step_03960.state.pt                          
DEBUG    [rank 0] Removed old checkpoint:                    dit_trainer.py:1136
         /hppfs/scratch/0D/go76fuz2/windinet/outputs/shockwa                    
         ve_dit_ep20_baseline/checkpoints/model_weights_step                    
         _03360.safetensors                                                     
DEBUG    [rank 0] Removed old checkpoint:                    dit_trainer.py:1136
         /hppfs/scratch/0D/go76fuz2/windinet/outputs/shockwa                    
         ve_dit_ep20_baseline/checkpoints/model_weights_step                    
         _03360.state.pt                                                        
DEBUG    [rank 0] Removed old checkpoint:                    dit_trainer.py:1136
         /hppfs/scratch/0D/go76fuz2/windinet/outputs/shockwa                    
         ve_dit_ep20_baseline/checkpoints/scalar_embedding_s                    
         tep_03360.safetensors                                                  
[epoch 33] step=3960 train_loss=0.207603
[train] step=3961 loss=0.258724 lr=6.608e-06
[train] step=3962 loss=0.258977 lr=6.607e-06
[train] step=3963 loss=0.182302 lr=6.605e-06
[train] step=3964 loss=0.186824 lr=6.604e-06
[train] step=3965 loss=0.293997 lr=6.602e-06
[train] step=3966 loss=0.247956 lr=6.601e-06
[train] step=3967 loss=0.168839 lr=6.599e-06
[train] step=3968 loss=0.250638 lr=6.598e-06
[train] step=3969 loss=0.336466 lr=6.596e-06
[train] step=3970 loss=0.282617 lr=6.595e-06
[train] step=3971 loss=0.304169 lr=6.593e-06
[train] step=3972 loss=0.158491 lr=6.592e-06
[train] step=3973 loss=0.133460 lr=6.590e-06
[train] step=3974 loss=0.299686 lr=6.589e-06
[train] step=3975 loss=0.160522 lr=6.587e-06
[train] step=3976 loss=0.168465 lr=6.586e-06
[train] step=3977 loss=0.301608 lr=6.584e-06
[train] step=3978 loss=0.174755 lr=6.583e-06
[train] step=3979 loss=0.182816 lr=6.581e-06
[train] step=3980 loss=0.185562 lr=6.580e-06
[train] step=3981 loss=0.162318 lr=6.578e-06
[train] step=3982 loss=0.246488 lr=6.577e-06
[train] step=3983 loss=0.182942 lr=6.575e-06
[train] step=3984 loss=0.188407 lr=6.574e-06
[train] step=3985 loss=0.151626 lr=6.572e-06
[train] step=3986 loss=0.125920 lr=6.571e-06
[train] step=3987 loss=0.158047 lr=6.569e-06
[train] step=3988 loss=0.394656 lr=6.568e-06
[train] step=3989 loss=0.212903 lr=6.566e-06
[train] step=3990 loss=0.150582 lr=6.565e-06
[train] step=3991 loss=0.283741 lr=6.563e-06
[train] step=3992 loss=0.164549 lr=6.562e-06
[train] step=3993 loss=0.201401 lr=6.560e-06
[train] step=3994 loss=0.319963 lr=6.559e-06
[train] step=3995 loss=0.128429 lr=6.557e-06
[train] step=3996 loss=0.135304 lr=6.556e-06
[train] step=3997 loss=0.194904 lr=6.555e-06
[train] step=3998 loss=0.216032 lr=6.553e-06
[train] step=3999 loss=0.303667 lr=6.552e-06
[train] step=4000 loss=0.185966 lr=6.550e-06
[train] step=4001 loss=0.194486 lr=6.549e-06
[train] step=4002 loss=0.088416 lr=6.547e-06
[train] step=4003 loss=0.160612 lr=6.546e-06
[train] step=4004 loss=0.253926 lr=6.544e-06
[train] step=4005 loss=0.172062 lr=6.543e-06
[train] step=4006 loss=0.296317 lr=6.541e-06
[train] step=4007 loss=0.164265 lr=6.540e-06
[train] step=4008 loss=0.203023 lr=6.538e-06
[train] step=4009 loss=0.180295 lr=6.537e-06
[train] step=4010 loss=0.195653 lr=6.535e-06
[train] step=4011 loss=0.300811 lr=6.534e-06
[train] step=4012 loss=0.339499 lr=6.532e-06
[train] step=4013 loss=0.396541 lr=6.531e-06
[train] step=4014 loss=0.147382 lr=6.529e-06
[train] step=4015 loss=0.181345 lr=6.528e-06
[train] step=4016 loss=0.285015 lr=6.526e-06
[train] step=4017 loss=0.117898 lr=6.525e-06
[train] step=4018 loss=0.223430 lr=6.523e-06
[train] step=4019 loss=0.166374 lr=6.522e-06
[train] step=4020 loss=0.259923 lr=6.520e-06
[train] step=4021 loss=0.630290 lr=6.519e-06
[train] step=4022 loss=0.227499 lr=6.517e-06
[train] step=4023 loss=0.132475 lr=6.516e-06
[train] step=4024 loss=0.226323 lr=6.514e-06
[train] step=4025 loss=0.126078 lr=6.513e-06
[train] step=4026 loss=0.272229 lr=6.511e-06
[train] step=4027 loss=0.172475 lr=6.510e-06
[train] step=4028 loss=0.201720 lr=6.508e-06
[train] step=4029 loss=0.153288 lr=6.507e-06
[train] step=4030 loss=0.154406 lr=6.505e-06
[train] step=4031 loss=0.174607 lr=6.504e-06
[train] step=4032 loss=0.181438 lr=6.502e-06
[train] step=4033 loss=0.271002 lr=6.501e-06
[train] step=4034 loss=0.225938 lr=6.499e-06
[train] step=4035 loss=0.165078 lr=6.498e-06
[train] step=4036 loss=0.156700 lr=6.496e-06
[train] step=4037 loss=0.203346 lr=6.495e-06
[train] step=4038 loss=0.415015 lr=6.493e-06
[train] step=4039 loss=0.197797 lr=6.492e-06
[train] step=4040 loss=0.299908 lr=6.490e-06
[train] step=4041 loss=0.154530 lr=6.489e-06
[train] step=4042 loss=0.195725 lr=6.487e-06
[train] step=4043 loss=0.197778 lr=6.486e-06
[train] step=4044 loss=0.164654 lr=6.484e-06
[train] step=4045 loss=0.210948 lr=6.483e-06
[train] step=4046 loss=0.167323 lr=6.481e-06
[train] step=4047 loss=0.085278 lr=6.480e-06
[train] step=4048 loss=0.287638 lr=6.478e-06
[train] step=4049 loss=0.207091 lr=6.477e-06
[train] step=4050 loss=0.227418 lr=6.475e-06
[train] step=4051 loss=0.414417 lr=6.474e-06
[train] step=4052 loss=0.192763 lr=6.472e-06
[train] step=4053 loss=0.245436 lr=6.471e-06
[train] step=4054 loss=0.189709 lr=6.469e-06
[train] step=4055 loss=0.198494 lr=6.468e-06
[train] step=4056 loss=0.237338 lr=6.466e-06
[train] step=4057 loss=0.135221 lr=6.465e-06
[train] step=4058 loss=0.308504 lr=6.463e-06
[train] step=4059 loss=0.173644 lr=6.462e-06
[train] step=4060 loss=0.286070 lr=6.460e-06
[train] step=4061 loss=0.268766 lr=6.459e-06
[train] step=4062 loss=0.230351 lr=6.457e-06
[train] step=4063 loss=0.422885 lr=6.456e-06
[train] step=4064 loss=0.274713 lr=6.454e-06
[train] step=4065 loss=0.159292 lr=6.453e-06
[train] step=4066 loss=0.197376 lr=6.451e-06
[train] step=4067 loss=0.237283 lr=6.450e-06
[train] step=4068 loss=0.162300 lr=6.448e-06
[train] step=4069 loss=0.278584 lr=6.447e-06
[train] step=4070 loss=0.262340 lr=6.445e-06
[train] step=4071 loss=0.145336 lr=6.444e-06
[train] step=4072 loss=0.353852 lr=6.442e-06
[train] step=4073 loss=0.142890 lr=6.441e-06
[train] step=4074 loss=0.076125 lr=6.439e-06
[train] step=4075 loss=0.191088 lr=6.438e-06
[train] step=4076 loss=0.262607 lr=6.436e-06
[train] step=4077 loss=0.239182 lr=6.435e-06
[train] step=4078 loss=0.146702 lr=6.433e-06
[train] step=4079 loss=0.163151 lr=6.432e-06
[train] step=4080 loss=0.254122 lr=6.430e-06
INFO     [rank 0] Model weights for step 4080 saved in       dit_trainer.py:1085
         checkpoints/model_weights_step_04080.safetensors                       
INFO     [rank 0] Scalar embedding weights for step 4080     dit_trainer.py:1092
         saved                                                                  
INFO     [rank 0] Training state saved:                      dit_trainer.py:1123
         checkpoints/model_weights_step_04080.state.pt                          
DEBUG    [rank 0] Removed old checkpoint:                    dit_trainer.py:1136
         /hppfs/scratch/0D/go76fuz2/windinet/outputs/shockwa                    
         ve_dit_ep20_baseline/checkpoints/model_weights_step                    
         _03480.safetensors                                                     
DEBUG    [rank 0] Removed old checkpoint:                    dit_trainer.py:1136
         /hppfs/scratch/0D/go76fuz2/windinet/outputs/shockwa                    
         ve_dit_ep20_baseline/checkpoints/model_weights_step                    
         _03480.state.pt                                                        
DEBUG    [rank 0] Removed old checkpoint:                    dit_trainer.py:1136
         /hppfs/scratch/0D/go76fuz2/windinet/outputs/shockwa                    
         ve_dit_ep20_baseline/checkpoints/scalar_embedding_s                    
         tep_03480.safetensors                                                  
[epoch 34] step=4080 train_loss=0.219638
[train] step=4081 loss=0.203326 lr=6.429e-06
[train] step=4082 loss=0.213781 lr=6.427e-06
[train] step=4083 loss=0.185531 lr=6.426e-06
[train] step=4084 loss=0.219910 lr=6.424e-06
[train] step=4085 loss=0.207405 lr=6.423e-06
[train] step=4086 loss=0.137595 lr=6.421e-06
[train] step=4087 loss=0.212695 lr=6.420e-06
[train] step=4088 loss=0.228338 lr=6.418e-06
[train] step=4089 loss=0.239105 lr=6.417e-06
[train] step=4090 loss=0.125246 lr=6.415e-06
[train] step=4091 loss=0.243860 lr=6.414e-06
[train] step=4092 loss=0.266654 lr=6.412e-06
[train] step=4093 loss=0.235982 lr=6.411e-06
[train] step=4094 loss=0.195964 lr=6.409e-06
[train] step=4095 loss=0.136353 lr=6.408e-06
[train] step=4096 loss=0.229833 lr=6.406e-06
[train] step=4097 loss=0.275339 lr=6.405e-06
[train] step=4098 loss=0.181824 lr=6.403e-06
[train] step=4099 loss=0.332801 lr=6.402e-06
[train] step=4100 loss=0.135434 lr=6.400e-06
[train] step=4101 loss=0.259973 lr=6.399e-06
[train] step=4102 loss=0.239058 lr=6.397e-06
[train] step=4103 loss=0.405490 lr=6.396e-06
[train] step=4104 loss=0.225016 lr=6.394e-06
[train] step=4105 loss=0.206768 lr=6.393e-06
[train] step=4106 loss=0.131491 lr=6.391e-06
[train] step=4107 loss=0.212839 lr=6.390e-06
[train] step=4108 loss=0.146505 lr=6.388e-06
[train] step=4109 loss=0.176102 lr=6.387e-06
[train] step=4110 loss=0.175213 lr=6.385e-06
[train] step=4111 loss=0.187826 lr=6.383e-06
[train] step=4112 loss=0.198117 lr=6.382e-06
[train] step=4113 loss=0.278968 lr=6.380e-06
[train] step=4114 loss=0.202045 lr=6.379e-06
[train] step=4115 loss=0.202555 lr=6.377e-06
[train] step=4116 loss=0.193476 lr=6.376e-06
[train] step=4117 loss=0.229706 lr=6.374e-06
[train] step=4118 loss=0.224037 lr=6.373e-06
[train] step=4119 loss=0.156622 lr=6.371e-06
[train] step=4120 loss=0.337604 lr=6.370e-06
[train] step=4121 loss=0.342350 lr=6.368e-06
[train] step=4122 loss=0.234509 lr=6.367e-06
[train] step=4123 loss=0.150776 lr=6.365e-06
[train] step=4124 loss=0.141623 lr=6.364e-06
[train] step=4125 loss=0.431712 lr=6.362e-06
[train] step=4126 loss=0.164414 lr=6.361e-06
[train] step=4127 loss=0.314376 lr=6.359e-06
[train] step=4128 loss=0.135603 lr=6.358e-06
[train] step=4129 loss=0.277300 lr=6.356e-06
[train] step=4130 loss=0.224760 lr=6.355e-06
[train] step=4131 loss=0.164525 lr=6.353e-06
[train] step=4132 loss=0.190081 lr=6.352e-06
[train] step=4133 loss=0.159930 lr=6.350e-06
[train] step=4134 loss=0.350125 lr=6.349e-06
[train] step=4135 loss=0.366082 lr=6.347e-06
[train] step=4136 loss=0.255710 lr=6.346e-06
[train] step=4137 loss=0.179338 lr=6.344e-06
[train] step=4138 loss=0.174698 lr=6.343e-06
[train] step=4139 loss=0.303227 lr=6.341e-06
[train] step=4140 loss=0.214654 lr=6.340e-06
[train] step=4141 loss=0.139643 lr=6.338e-06
[train] step=4142 loss=0.248540 lr=6.337e-06
[train] step=4143 loss=0.150254 lr=6.335e-06
[train] step=4144 loss=0.248205 lr=6.334e-06
[train] step=4145 loss=0.210117 lr=6.332e-06
[train] step=4146 loss=0.135289 lr=6.331e-06
[train] step=4147 loss=0.192485 lr=6.329e-06
[train] step=4148 loss=0.193496 lr=6.328e-06
[train] step=4149 loss=0.194096 lr=6.326e-06
[train] step=4150 loss=0.200764 lr=6.325e-06
[train] step=4151 loss=0.158622 lr=6.323e-06
[train] step=4152 loss=0.176008 lr=6.322e-06
[train] step=4153 loss=0.336419 lr=6.320e-06
[train] step=4154 loss=0.254452 lr=6.319e-06
[train] step=4155 loss=0.153689 lr=6.317e-06
[train] step=4156 loss=0.180229 lr=6.315e-06
[train] step=4157 loss=0.238334 lr=6.314e-06
[train] step=4158 loss=0.126665 lr=6.312e-06
[train] step=4159 loss=0.256899 lr=6.311e-06
[train] step=4160 loss=0.204367 lr=6.309e-06
[train] step=4161 loss=0.253063 lr=6.308e-06
[train] step=4162 loss=0.197726 lr=6.306e-06
[train] step=4163 loss=0.603147 lr=6.305e-06
[train] step=4164 loss=0.205182 lr=6.303e-06
[train] step=4165 loss=0.206949 lr=6.302e-06
[train] step=4166 loss=0.151480 lr=6.300e-06
[train] step=4167 loss=0.266577 lr=6.299e-06
[train] step=4168 loss=0.145658 lr=6.297e-06
[train] step=4169 loss=0.122363 lr=6.296e-06
[train] step=4170 loss=0.208689 lr=6.294e-06
[train] step=4171 loss=0.187539 lr=6.293e-06
[train] step=4172 loss=0.228891 lr=6.291e-06
[train] step=4173 loss=0.441752 lr=6.290e-06
[train] step=4174 loss=0.124436 lr=6.288e-06
[train] step=4175 loss=0.205113 lr=6.287e-06
[train] step=4176 loss=0.205291 lr=6.285e-06
[train] step=4177 loss=0.275079 lr=6.284e-06
[train] step=4178 loss=0.164715 lr=6.282e-06
[train] step=4179 loss=0.158189 lr=6.281e-06
[train] step=4180 loss=0.165289 lr=6.279e-06
[train] step=4181 loss=0.285608 lr=6.278e-06
[train] step=4182 loss=0.156271 lr=6.276e-06
[train] step=4183 loss=0.191294 lr=6.275e-06
[train] step=4184 loss=0.164217 lr=6.273e-06
[train] step=4185 loss=0.248592 lr=6.272e-06
[train] step=4186 loss=0.131001 lr=6.270e-06
[train] step=4187 loss=0.217586 lr=6.268e-06
[train] step=4188 loss=0.140807 lr=6.267e-06
[train] step=4189 loss=0.231790 lr=6.265e-06
[train] step=4190 loss=0.164786 lr=6.264e-06
[train] step=4191 loss=0.251961 lr=6.262e-06
[train] step=4192 loss=0.131105 lr=6.261e-06
[train] step=4193 loss=0.208584 lr=6.259e-06
[train] step=4194 loss=0.207736 lr=6.258e-06
[train] step=4195 loss=0.422852 lr=6.256e-06
[train] step=4196 loss=0.158081 lr=6.255e-06
[train] step=4197 loss=0.118829 lr=6.253e-06
[train] step=4198 loss=0.245871 lr=6.252e-06
[train] step=4199 loss=0.162391 lr=6.250e-06
[train] step=4200 loss=0.171332 lr=6.249e-06
[val] step=4200 val_loss=0.215922
INFO     [rank 0] Model weights for step 4200 saved in       dit_trainer.py:1085
         checkpoints/model_weights_step_04200.safetensors                       
INFO     [rank 0] Scalar embedding weights for step 4200     dit_trainer.py:1092
         saved                                                                  
INFO     [rank 0] Training state saved:                      dit_trainer.py:1123
         checkpoints/model_weights_step_04200.state.pt                          
DEBUG    [rank 0] Removed old checkpoint:                    dit_trainer.py:1136
         /hppfs/scratch/0D/go76fuz2/windinet/outputs/shockwa                    
         ve_dit_ep20_baseline/checkpoints/model_weights_step                    
         _03600.safetensors                                                     
DEBUG    [rank 0] Removed old checkpoint:                    dit_trainer.py:1136
         /hppfs/scratch/0D/go76fuz2/windinet/outputs/shockwa                    
         ve_dit_ep20_baseline/checkpoints/model_weights_step                    
         _03600.state.pt                                                        
DEBUG    [rank 0] Removed old checkpoint:                    dit_trainer.py:1136
         /hppfs/scratch/0D/go76fuz2/windinet/outputs/shockwa                    
         ve_dit_ep20_baseline/checkpoints/scalar_embedding_s                    
         tep_03600.safetensors                                                  
[epoch 35] step=4200 train_loss=0.216511 val_loss=0.215922
[train] step=4201 loss=0.217194 lr=6.247e-06
[train] step=4202 loss=0.163772 lr=6.246e-06
[train] step=4203 loss=0.387297 lr=6.244e-06
[train] step=4204 loss=0.132331 lr=6.243e-06
[train] step=4205 loss=0.205503 lr=6.241e-06
[train] step=4206 loss=0.151832 lr=6.240e-06
[train] step=4207 loss=0.205537 lr=6.238e-06
[train] step=4208 loss=0.247621 lr=6.237e-06
[train] step=4209 loss=0.233103 lr=6.235e-06
[train] step=4210 loss=0.274974 lr=6.234e-06
[train] step=4211 loss=0.222308 lr=6.232e-06
[train] step=4212 loss=0.093591 lr=6.230e-06
[train] step=4213 loss=0.147509 lr=6.229e-06
[train] step=4214 loss=0.254214 lr=6.227e-06
[train] step=4215 loss=0.103293 lr=6.226e-06
[train] step=4216 loss=0.100681 lr=6.224e-06
[train] step=4217 loss=0.158092 lr=6.223e-06
[train] step=4218 loss=0.223614 lr=6.221e-06
[train] step=4219 loss=0.094715 lr=6.220e-06
[train] step=4220 loss=0.360614 lr=6.218e-06
[train] step=4221 loss=0.210409 lr=6.217e-06
[train] step=4222 loss=0.224197 lr=6.215e-06
[train] step=4223 loss=0.208919 lr=6.214e-06
[train] step=4224 loss=0.282278 lr=6.212e-06
[train] step=4225 loss=0.202035 lr=6.211e-06
[train] step=4226 loss=0.139242 lr=6.209e-06
[train] step=4227 loss=0.240036 lr=6.208e-06
[train] step=4228 loss=0.324093 lr=6.206e-06
[train] step=4229 loss=0.179959 lr=6.205e-06
[train] step=4230 loss=0.236611 lr=6.203e-06
[train] step=4231 loss=0.244846 lr=6.202e-06
[train] step=4232 loss=0.179531 lr=6.200e-06
[train] step=4233 loss=0.199665 lr=6.199e-06
[train] step=4234 loss=0.203612 lr=6.197e-06
[train] step=4235 loss=0.212882 lr=6.195e-06
[train] step=4236 loss=0.201010 lr=6.194e-06
[train] step=4237 loss=0.128650 lr=6.192e-06
[train] step=4238 loss=0.141911 lr=6.191e-06
[train] step=4239 loss=0.135221 lr=6.189e-06
[train] step=4240 loss=0.230226 lr=6.188e-06
[train] step=4241 loss=0.119830 lr=6.186e-06
[train] step=4242 loss=0.217546 lr=6.185e-06
[train] step=4243 loss=0.202669 lr=6.183e-06
[train] step=4244 loss=0.190739 lr=6.182e-06
[train] step=4245 loss=0.147392 lr=6.180e-06
[train] step=4246 loss=0.218453 lr=6.179e-06
[train] step=4247 loss=0.206266 lr=6.177e-06
[train] step=4248 loss=0.118963 lr=6.176e-06
[train] step=4249 loss=0.204248 lr=6.174e-06
[train] step=4250 loss=0.211738 lr=6.173e-06
[train] step=4251 loss=0.150053 lr=6.171e-06
[train] step=4252 loss=0.220524 lr=6.170e-06
[train] step=4253 loss=0.169655 lr=6.168e-06
[train] step=4254 loss=0.295864 lr=6.166e-06
[train] step=4255 loss=0.189794 lr=6.165e-06
[train] step=4256 loss=0.269411 lr=6.163e-06
[train] step=4257 loss=0.203172 lr=6.162e-06
[train] step=4258 loss=0.195241 lr=6.160e-06
[train] step=4259 loss=0.165274 lr=6.159e-06
[train] step=4260 loss=0.135032 lr=6.157e-06
[train] step=4261 loss=0.276027 lr=6.156e-06
[train] step=4262 loss=0.128508 lr=6.154e-06
[train] step=4263 loss=0.154664 lr=6.153e-06
[train] step=4264 loss=0.233538 lr=6.151e-06
[train] step=4265 loss=0.129041 lr=6.150e-06
[train] step=4266 loss=0.086511 lr=6.148e-06
[train] step=4267 loss=0.257569 lr=6.147e-06
[train] step=4268 loss=0.157156 lr=6.145e-06
[train] step=4269 loss=0.237996 lr=6.144e-06
[train] step=4270 loss=0.171462 lr=6.142e-06
[train] step=4271 loss=0.246402 lr=6.141e-06
[train] step=4272 loss=0.233897 lr=6.139e-06
[train] step=4273 loss=0.215577 lr=6.137e-06
[train] step=4274 loss=0.243104 lr=6.136e-06
[train] step=4275 loss=0.183026 lr=6.134e-06
[train] step=4276 loss=0.274377 lr=6.133e-06
[train] step=4277 loss=0.199696 lr=6.131e-06
[train] step=4278 loss=0.141775 lr=6.130e-06
[train] step=4279 loss=0.124991 lr=6.128e-06
[train] step=4280 loss=0.187100 lr=6.127e-06
[train] step=4281 loss=0.205094 lr=6.125e-06
[train] step=4282 loss=0.116979 lr=6.124e-06
[train] step=4283 loss=0.291949 lr=6.122e-06
[train] step=4284 loss=0.223179 lr=6.121e-06
[train] step=4285 loss=0.382527 lr=6.119e-06
[train] step=4286 loss=0.174422 lr=6.118e-06
[train] step=4287 loss=0.217821 lr=6.116e-06
[train] step=4288 loss=0.230383 lr=6.115e-06
[train] step=4289 loss=0.221011 lr=6.113e-06
[train] step=4290 loss=0.203815 lr=6.111e-06
[train] step=4291 loss=0.312401 lr=6.110e-06
[train] step=4292 loss=0.143224 lr=6.108e-06
[train] step=4293 loss=0.171848 lr=6.107e-06
[train] step=4294 loss=0.205086 lr=6.105e-06
[train] step=4295 loss=0.134606 lr=6.104e-06
[train] step=4296 loss=0.242540 lr=6.102e-06
[train] step=4297 loss=0.293014 lr=6.101e-06
[train] step=4298 loss=0.263678 lr=6.099e-06
[train] step=4299 loss=0.213208 lr=6.098e-06
[train] step=4300 loss=0.156910 lr=6.096e-06
[train] step=4301 loss=0.131610 lr=6.095e-06
[train] step=4302 loss=0.372250 lr=6.093e-06
[train] step=4303 loss=0.120653 lr=6.092e-06
[train] step=4304 loss=0.279900 lr=6.090e-06
[train] step=4305 loss=0.132318 lr=6.088e-06
[train] step=4306 loss=0.166908 lr=6.087e-06
[train] step=4307 loss=0.211767 lr=6.085e-06
[train] step=4308 loss=0.205675 lr=6.084e-06
[train] step=4309 loss=0.283422 lr=6.082e-06
[train] step=4310 loss=0.184567 lr=6.081e-06
[train] step=4311 loss=0.224882 lr=6.079e-06
[train] step=4312 loss=0.166238 lr=6.078e-06
[train] step=4313 loss=0.214495 lr=6.076e-06
[train] step=4314 loss=0.174232 lr=6.075e-06
[train] step=4315 loss=0.150113 lr=6.073e-06
[train] step=4316 loss=0.172947 lr=6.072e-06
[train] step=4317 loss=0.221091 lr=6.070e-06
[train] step=4318 loss=0.132060 lr=6.069e-06
[train] step=4319 loss=0.296511 lr=6.067e-06
[train] step=4320 loss=0.269502 lr=6.066e-06
INFO     [rank 0] Model weights for step 4320 saved in       dit_trainer.py:1085
         checkpoints/model_weights_step_04320.safetensors                       
INFO     [rank 0] Scalar embedding weights for step 4320     dit_trainer.py:1092
         saved                                                                  
INFO     [rank 0] Training state saved:                      dit_trainer.py:1123
         checkpoints/model_weights_step_04320.state.pt                          
DEBUG    [rank 0] Removed old checkpoint:                    dit_trainer.py:1136
         /hppfs/scratch/0D/go76fuz2/windinet/outputs/shockwa                    
         ve_dit_ep20_baseline/checkpoints/model_weights_step                    
         _03720.safetensors                                                     
DEBUG    [rank 0] Removed old checkpoint:                    dit_trainer.py:1136
         /hppfs/scratch/0D/go76fuz2/windinet/outputs/shockwa                    
         ve_dit_ep20_baseline/checkpoints/model_weights_step                    
         _03720.state.pt                                                        
DEBUG    [rank 0] Removed old checkpoint:                    dit_trainer.py:1136
         /hppfs/scratch/0D/go76fuz2/windinet/outputs/shockwa                    
         ve_dit_ep20_baseline/checkpoints/scalar_embedding_s                    
         tep_03720.safetensors                                                  
[epoch 36] step=4320 train_loss=0.201951
[train] step=4321 loss=0.289699 lr=6.064e-06
[train] step=4322 loss=0.206642 lr=6.062e-06
[train] step=4323 loss=0.084809 lr=6.061e-06
[train] step=4324 loss=0.202159 lr=6.059e-06
[train] step=4325 loss=0.181084 lr=6.058e-06
[train] step=4326 loss=0.173821 lr=6.056e-06
[train] step=4327 loss=0.185844 lr=6.055e-06
[train] step=4328 loss=0.246836 lr=6.053e-06
[train] step=4329 loss=0.228424 lr=6.052e-06
[train] step=4330 loss=0.245518 lr=6.050e-06
[train] step=4331 loss=0.233168 lr=6.049e-06
[train] step=4332 loss=0.275232 lr=6.047e-06
[train] step=4333 loss=0.263420 lr=6.046e-06
[train] step=4334 loss=0.148960 lr=6.044e-06
[train] step=4335 loss=0.391810 lr=6.042e-06
[train] step=4336 loss=0.187446 lr=6.041e-06
[train] step=4337 loss=0.123485 lr=6.039e-06
[train] step=4338 loss=0.167338 lr=6.038e-06
[train] step=4339 loss=0.201903 lr=6.036e-06
[train] step=4340 loss=0.171396 lr=6.035e-06
[train] step=4341 loss=0.203589 lr=6.033e-06
[train] step=4342 loss=0.164276 lr=6.032e-06
[train] step=4343 loss=0.144296 lr=6.030e-06
[train] step=4344 loss=0.203461 lr=6.029e-06
[train] step=4345 loss=0.243024 lr=6.027e-06
[train] step=4346 loss=0.229282 lr=6.026e-06
[train] step=4347 loss=0.484492 lr=6.024e-06
[train] step=4348 loss=0.209570 lr=6.023e-06
[train] step=4349 loss=0.223897 lr=6.021e-06
[train] step=4350 loss=0.211212 lr=6.019e-06
[train] step=4351 loss=0.141106 lr=6.018e-06
[train] step=4352 loss=0.173256 lr=6.016e-06
[train] step=4353 loss=0.172388 lr=6.015e-06
[train] step=4354 loss=0.391124 lr=6.013e-06
[train] step=4355 loss=0.242772 lr=6.012e-06
[train] step=4356 loss=0.231669 lr=6.010e-06
[train] step=4357 loss=0.164765 lr=6.009e-06
[train] step=4358 loss=0.223712 lr=6.007e-06
[train] step=4359 loss=0.175896 lr=6.006e-06
[train] step=4360 loss=0.218037 lr=6.004e-06
[train] step=4361 loss=0.342012 lr=6.003e-06
[train] step=4362 loss=0.323786 lr=6.001e-06
[train] step=4363 loss=0.191163 lr=5.999e-06
[train] step=4364 loss=0.134518 lr=5.998e-06
[train] step=4365 loss=0.238983 lr=5.996e-06
[train] step=4366 loss=0.539295 lr=5.995e-06
[train] step=4367 loss=0.190591 lr=5.993e-06
[train] step=4368 loss=0.241384 lr=5.992e-06
[train] step=4369 loss=0.179910 lr=5.990e-06
[train] step=4370 loss=0.119845 lr=5.989e-06
[train] step=4371 loss=0.414827 lr=5.987e-06
[train] step=4372 loss=0.151466 lr=5.986e-06
[train] step=4373 loss=0.215109 lr=5.984e-06
[train] step=4374 loss=0.315248 lr=5.983e-06
[train] step=4375 loss=0.130274 lr=5.981e-06
[train] step=4376 loss=0.167261 lr=5.979e-06
[train] step=4377 loss=0.227912 lr=5.978e-06
[train] step=4378 loss=0.102381 lr=5.976e-06
[train] step=4379 loss=0.171298 lr=5.975e-06
[train] step=4380 loss=0.265951 lr=5.973e-06
[train] step=4381 loss=0.229147 lr=5.972e-06
[train] step=4382 loss=0.188962 lr=5.970e-06
[train] step=4383 loss=0.227384 lr=5.969e-06
[train] step=4384 loss=0.211181 lr=5.967e-06
[train] step=4385 loss=0.198777 lr=5.966e-06
[train] step=4386 loss=0.248230 lr=5.964e-06
[train] step=4387 loss=0.069394 lr=5.963e-06
[train] step=4388 loss=0.208436 lr=5.961e-06
[train] step=4389 loss=0.238275 lr=5.959e-06
[train] step=4390 loss=0.202886 lr=5.958e-06
[train] step=4391 loss=0.221863 lr=5.956e-06
[train] step=4392 loss=0.159674 lr=5.955e-06
[train] step=4393 loss=0.209664 lr=5.953e-06
[train] step=4394 loss=0.205832 lr=5.952e-06
[train] step=4395 loss=0.204854 lr=5.950e-06
[train] step=4396 loss=0.185470 lr=5.949e-06
[train] step=4397 loss=0.238224 lr=5.947e-06
[train] step=4398 loss=0.234997 lr=5.946e-06
[train] step=4399 loss=0.132985 lr=5.944e-06
[train] step=4400 loss=0.228971 lr=5.943e-06
[train] step=4401 loss=0.161591 lr=5.941e-06
[train] step=4402 loss=0.176029 lr=5.939e-06
[train] step=4403 loss=0.224659 lr=5.938e-06
[train] step=4404 loss=0.133902 lr=5.936e-06
[train] step=4405 loss=0.225788 lr=5.935e-06
[train] step=4406 loss=0.213884 lr=5.933e-06
[train] step=4407 loss=0.222479 lr=5.932e-06
[train] step=4408 loss=0.224809 lr=5.930e-06
[train] step=4409 loss=0.299664 lr=5.929e-06
[train] step=4410 loss=0.259215 lr=5.927e-06
[train] step=4411 loss=0.210418 lr=5.926e-06
[train] step=4412 loss=0.216685 lr=5.924e-06
[train] step=4413 loss=0.177069 lr=5.922e-06
[train] step=4414 loss=0.193306 lr=5.921e-06
[train] step=4415 loss=0.204998 lr=5.919e-06
[train] step=4416 loss=0.135357 lr=5.918e-06
[train] step=4417 loss=0.280812 lr=5.916e-06
[train] step=4418 loss=0.159972 lr=5.915e-06
[train] step=4419 loss=0.165308 lr=5.913e-06
[train] step=4420 loss=0.196547 lr=5.912e-06
[train] step=4421 loss=0.187095 lr=5.910e-06
[train] step=4422 loss=0.112062 lr=5.909e-06
[train] step=4423 loss=0.154438 lr=5.907e-06
[train] step=4424 loss=0.290970 lr=5.905e-06
[train] step=4425 loss=0.255551 lr=5.904e-06
[train] step=4426 loss=0.159898 lr=5.902e-06
[train] step=4427 loss=0.187320 lr=5.901e-06
[train] step=4428 loss=0.266953 lr=5.899e-06
[train] step=4429 loss=0.190187 lr=5.898e-06
[train] step=4430 loss=0.329287 lr=5.896e-06
[train] step=4431 loss=0.149192 lr=5.895e-06
[train] step=4432 loss=0.210188 lr=5.893e-06
[train] step=4433 loss=0.205771 lr=5.892e-06
[train] step=4434 loss=0.228634 lr=5.890e-06
[train] step=4435 loss=0.147379 lr=5.889e-06
[train] step=4436 loss=0.142986 lr=5.887e-06
[train] step=4437 loss=0.250723 lr=5.885e-06
[train] step=4438 loss=0.176181 lr=5.884e-06
[train] step=4439 loss=0.154336 lr=5.882e-06
[train] step=4440 loss=0.242890 lr=5.881e-06
INFO     [rank 0] Model weights for step 4440 saved in       dit_trainer.py:1085
         checkpoints/model_weights_step_04440.safetensors                       
INFO     [rank 0] Scalar embedding weights for step 4440     dit_trainer.py:1092
         saved                                                                  
INFO     [rank 0] Training state saved:                      dit_trainer.py:1123
         checkpoints/model_weights_step_04440.state.pt                          
DEBUG    [rank 0] Removed old checkpoint:                    dit_trainer.py:1136
         /hppfs/scratch/0D/go76fuz2/windinet/outputs/shockwa                    
         ve_dit_ep20_baseline/checkpoints/model_weights_step                    
         _03840.safetensors                                                     
DEBUG    [rank 0] Removed old checkpoint:                    dit_trainer.py:1136
         /hppfs/scratch/0D/go76fuz2/windinet/outputs/shockwa                    
         ve_dit_ep20_baseline/checkpoints/model_weights_step                    
         _03840.state.pt                                                        
DEBUG    [rank 0] Removed old checkpoint:                    dit_trainer.py:1136
         /hppfs/scratch/0D/go76fuz2/windinet/outputs/shockwa                    
         ve_dit_ep20_baseline/checkpoints/scalar_embedding_s                    
         tep_03840.safetensors                                                  
[epoch 37] step=4440 train_loss=0.212670
[train] step=4441 loss=0.142659 lr=5.879e-06
[train] step=4442 loss=0.134490 lr=5.878e-06
[train] step=4443 loss=0.203341 lr=5.876e-06
[train] step=4444 loss=0.164002 lr=5.875e-06
[train] step=4445 loss=0.330508 lr=5.873e-06
[train] step=4446 loss=0.231445 lr=5.872e-06
[train] step=4447 loss=0.157498 lr=5.870e-06
[train] step=4448 loss=0.294108 lr=5.868e-06
[train] step=4449 loss=0.245581 lr=5.867e-06
[train] step=4450 loss=0.238146 lr=5.865e-06
[train] step=4451 loss=0.198878 lr=5.864e-06
[train] step=4452 loss=0.201765 lr=5.862e-06
[train] step=4453 loss=0.239588 lr=5.861e-06
[train] step=4454 loss=0.129547 lr=5.859e-06
[train] step=4455 loss=0.245872 lr=5.858e-06
[train] step=4456 loss=0.174159 lr=5.856e-06
[train] step=4457 loss=0.184752 lr=5.855e-06
[train] step=4458 loss=0.146578 lr=5.853e-06
[train] step=4459 loss=0.221386 lr=5.851e-06
[train] step=4460 loss=0.292226 lr=5.850e-06
[train] step=4461 loss=0.095951 lr=5.848e-06
[train] step=4462 loss=0.146662 lr=5.847e-06
[train] step=4463 loss=0.198754 lr=5.845e-06
[train] step=4464 loss=0.204503 lr=5.844e-06
[train] step=4465 loss=0.222995 lr=5.842e-06
[train] step=4466 loss=0.154544 lr=5.841e-06
[train] step=4467 loss=0.185509 lr=5.839e-06
[train] step=4468 loss=0.189537 lr=5.837e-06
[train] step=4469 loss=0.260427 lr=5.836e-06
[train] step=4470 loss=0.313565 lr=5.834e-06
[train] step=4471 loss=0.181879 lr=5.833e-06
[train] step=4472 loss=0.299952 lr=5.831e-06
[train] step=4473 loss=0.167131 lr=5.830e-06
[train] step=4474 loss=0.192318 lr=5.828e-06
[train] step=4475 loss=0.157591 lr=5.827e-06
[train] step=4476 loss=0.162984 lr=5.825e-06
[train] step=4477 loss=0.179902 lr=5.824e-06
[train] step=4478 loss=0.150935 lr=5.822e-06
[train] step=4479 loss=0.307115 lr=5.820e-06
[train] step=4480 loss=0.195375 lr=5.819e-06
[train] step=4481 loss=0.339184 lr=5.817e-06
[train] step=4482 loss=0.165332 lr=5.816e-06
[train] step=4483 loss=0.202581 lr=5.814e-06
[train] step=4484 loss=0.284373 lr=5.813e-06
[train] step=4485 loss=0.187340 lr=5.811e-06
[train] step=4486 loss=0.235544 lr=5.810e-06
[train] step=4487 loss=0.171052 lr=5.808e-06
[train] step=4488 loss=0.140937 lr=5.807e-06
[train] step=4489 loss=0.132360 lr=5.805e-06
[train] step=4490 loss=0.307346 lr=5.803e-06
[train] step=4491 loss=0.181412 lr=5.802e-06
[train] step=4492 loss=0.226657 lr=5.800e-06
[train] step=4493 loss=0.144121 lr=5.799e-06
[train] step=4494 loss=0.196396 lr=5.797e-06
[train] step=4495 loss=0.279290 lr=5.796e-06
[train] step=4496 loss=0.204271 lr=5.794e-06
[train] step=4497 loss=0.172959 lr=5.793e-06
[train] step=4498 loss=0.130016 lr=5.791e-06
[train] step=4499 loss=0.179208 lr=5.789e-06
[train] step=4500 loss=0.148168 lr=5.788e-06
[train] step=4501 loss=0.205525 lr=5.786e-06
[train] step=4502 loss=0.186691 lr=5.785e-06
[train] step=4503 loss=0.193325 lr=5.783e-06
[train] step=4504 loss=0.179862 lr=5.782e-06
[train] step=4505 loss=0.172976 lr=5.780e-06
[train] step=4506 loss=0.136560 lr=5.779e-06
[train] step=4507 loss=0.265855 lr=5.777e-06
[train] step=4508 loss=0.141001 lr=5.776e-06
[train] step=4509 loss=0.188093 lr=5.774e-06
[train] step=4510 loss=0.135880 lr=5.772e-06
[train] step=4511 loss=0.100621 lr=5.771e-06
[train] step=4512 loss=0.189287 lr=5.769e-06
[train] step=4513 loss=0.167072 lr=5.768e-06
[train] step=4514 loss=0.154685 lr=5.766e-06
[train] step=4515 loss=0.095249 lr=5.765e-06
[train] step=4516 loss=0.187220 lr=5.763e-06
[train] step=4517 loss=0.219668 lr=5.762e-06
[train] step=4518 loss=0.285002 lr=5.760e-06
[train] step=4519 loss=0.172008 lr=5.758e-06
[train] step=4520 loss=0.229352 lr=5.757e-06
[train] step=4521 loss=0.275212 lr=5.755e-06
[train] step=4522 loss=0.223597 lr=5.754e-06
[train] step=4523 loss=0.102261 lr=5.752e-06
[train] step=4524 loss=0.223047 lr=5.751e-06
[train] step=4525 loss=0.141636 lr=5.749e-06
[train] step=4526 loss=0.202056 lr=5.748e-06
[train] step=4527 loss=0.163732 lr=5.746e-06
[train] step=4528 loss=0.079856 lr=5.745e-06
[train] step=4529 loss=0.214098 lr=5.743e-06
[train] step=4530 loss=0.243562 lr=5.741e-06
[train] step=4531 loss=0.238285 lr=5.740e-06
[train] step=4532 loss=0.333891 lr=5.738e-06
[train] step=4533 loss=0.159300 lr=5.737e-06
[train] step=4534 loss=0.167155 lr=5.735e-06
[train] step=4535 loss=0.179581 lr=5.734e-06
[train] step=4536 loss=0.394884 lr=5.732e-06
[train] step=4537 loss=0.157702 lr=5.731e-06
[train] step=4538 loss=0.156906 lr=5.729e-06
[train] step=4539 loss=0.229505 lr=5.727e-06
[train] step=4540 loss=0.273775 lr=5.726e-06
[train] step=4541 loss=0.203921 lr=5.724e-06
[train] step=4542 loss=0.161539 lr=5.723e-06
[train] step=4543 loss=0.175384 lr=5.721e-06
[train] step=4544 loss=0.310117 lr=5.720e-06
[train] step=4545 loss=0.160889 lr=5.718e-06
[train] step=4546 loss=0.133748 lr=5.717e-06
[train] step=4547 loss=0.163975 lr=5.715e-06
[train] step=4548 loss=0.143666 lr=5.713e-06
[train] step=4549 loss=0.106843 lr=5.712e-06
[train] step=4550 loss=0.198240 lr=5.710e-06
[train] step=4551 loss=0.238798 lr=5.709e-06
[train] step=4552 loss=0.224860 lr=5.707e-06
[train] step=4553 loss=0.165300 lr=5.706e-06
[train] step=4554 loss=0.190466 lr=5.704e-06
[train] step=4555 loss=0.217968 lr=5.703e-06
[train] step=4556 loss=0.214169 lr=5.701e-06
[train] step=4557 loss=0.165237 lr=5.699e-06
[train] step=4558 loss=0.208694 lr=5.698e-06
[train] step=4559 loss=0.233098 lr=5.696e-06
[train] step=4560 loss=0.229312 lr=5.695e-06
INFO     [rank 0] Model weights for step 4560 saved in       dit_trainer.py:1085
         checkpoints/model_weights_step_04560.safetensors                       
INFO     [rank 0] Scalar embedding weights for step 4560     dit_trainer.py:1092
         saved                                                                  
INFO     [rank 0] Training state saved:                      dit_trainer.py:1123
         checkpoints/model_weights_step_04560.state.pt                          
DEBUG    [rank 0] Removed old checkpoint:                    dit_trainer.py:1136
         /hppfs/scratch/0D/go76fuz2/windinet/outputs/shockwa                    
         ve_dit_ep20_baseline/checkpoints/model_weights_step                    
         _03960.safetensors                                                     
DEBUG    [rank 0] Removed old checkpoint:                    dit_trainer.py:1136
         /hppfs/scratch/0D/go76fuz2/windinet/outputs/shockwa                    
         ve_dit_ep20_baseline/checkpoints/model_weights_step                    
         _03960.state.pt                                                        
DEBUG    [rank 0] Removed old checkpoint:                    dit_trainer.py:1136
         /hppfs/scratch/0D/go76fuz2/windinet/outputs/shockwa                    
         ve_dit_ep20_baseline/checkpoints/scalar_embedding_s                    
         tep_03960.safetensors                                                  
[epoch 38] step=4560 train_loss=0.198321
[train] step=4561 loss=0.160644 lr=5.693e-06
[train] step=4562 loss=0.138996 lr=5.692e-06
[train] step=4563 loss=0.141289 lr=5.690e-06
[train] step=4564 loss=0.176787 lr=5.689e-06
[train] step=4565 loss=0.192678 lr=5.687e-06
[train] step=4566 loss=0.179514 lr=5.685e-06
[train] step=4567 loss=0.284322 lr=5.684e-06
[train] step=4568 loss=0.214685 lr=5.682e-06
[train] step=4569 loss=0.191535 lr=5.681e-06
[train] step=4570 loss=0.338475 lr=5.679e-06
[train] step=4571 loss=0.131332 lr=5.678e-06
[train] step=4572 loss=0.236880 lr=5.676e-06
[train] step=4573 loss=0.151364 lr=5.675e-06
[train] step=4574 loss=0.167012 lr=5.673e-06
[train] step=4575 loss=0.203378 lr=5.671e-06
[train] step=4576 loss=0.261905 lr=5.670e-06
[train] step=4577 loss=0.137474 lr=5.668e-06
[train] step=4578 loss=0.181098 lr=5.667e-06
[train] step=4579 loss=0.128640 lr=5.665e-06
[train] step=4580 loss=0.254488 lr=5.664e-06
[train] step=4581 loss=0.261623 lr=5.662e-06
[train] step=4582 loss=0.159382 lr=5.661e-06
[train] step=4583 loss=0.255563 lr=5.659e-06
[train] step=4584 loss=0.171781 lr=5.657e-06
[train] step=4585 loss=0.125794 lr=5.656e-06
[train] step=4586 loss=0.216721 lr=5.654e-06
[train] step=4587 loss=0.209306 lr=5.653e-06
[train] step=4588 loss=0.174067 lr=5.651e-06
[train] step=4589 loss=0.163686 lr=5.650e-06
[train] step=4590 loss=0.193159 lr=5.648e-06
[train] step=4591 loss=0.144602 lr=5.647e-06
[train] step=4592 loss=0.301690 lr=5.645e-06
[train] step=4593 loss=0.271522 lr=5.643e-06
[train] step=4594 loss=0.294070 lr=5.642e-06
[train] step=4595 loss=0.179422 lr=5.640e-06
[train] step=4596 loss=0.182038 lr=5.639e-06
[train] step=4597 loss=0.120665 lr=5.637e-06
[train] step=4598 loss=0.218962 lr=5.636e-06
[train] step=4599 loss=0.165016 lr=5.634e-06
[train] step=4600 loss=0.129681 lr=5.633e-06
[train] step=4601 loss=0.183736 lr=5.631e-06
[train] step=4602 loss=0.217360 lr=5.629e-06
[train] step=4603 loss=0.158601 lr=5.628e-06
[train] step=4604 loss=0.214129 lr=5.626e-06
[train] step=4605 loss=0.147824 lr=5.625e-06
[train] step=4606 loss=0.190857 lr=5.623e-06
[train] step=4607 loss=0.175772 lr=5.622e-06
[train] step=4608 loss=0.234146 lr=5.620e-06
[train] step=4609 loss=0.172844 lr=5.619e-06
[train] step=4610 loss=0.133790 lr=5.617e-06
[train] step=4611 loss=0.203069 lr=5.615e-06
[train] step=4612 loss=0.252694 lr=5.614e-06
[train] step=4613 loss=0.162296 lr=5.612e-06
[train] step=4614 loss=0.183294 lr=5.611e-06
[train] step=4615 loss=0.186358 lr=5.609e-06
[train] step=4616 loss=0.274980 lr=5.608e-06
[train] step=4617 loss=0.221780 lr=5.606e-06
[train] step=4618 loss=0.256245 lr=5.605e-06
[train] step=4619 loss=0.143423 lr=5.603e-06
[train] step=4620 loss=0.183190 lr=5.601e-06
[train] step=4621 loss=0.378705 lr=5.600e-06
[train] step=4622 loss=0.188068 lr=5.598e-06
[train] step=4623 loss=0.190558 lr=5.597e-06
[train] step=4624 loss=0.273656 lr=5.595e-06
[train] step=4625 loss=0.355266 lr=5.594e-06
[train] step=4626 loss=0.153237 lr=5.592e-06
[train] step=4627 loss=0.193920 lr=5.591e-06
[train] step=4628 loss=0.231230 lr=5.589e-06
[train] step=4629 loss=0.263738 lr=5.587e-06
[train] step=4630 loss=0.147892 lr=5.586e-06
[train] step=4631 loss=0.199041 lr=5.584e-06
[train] step=4632 loss=0.151804 lr=5.583e-06
[train] step=4633 loss=0.125495 lr=5.581e-06
[train] step=4634 loss=0.209673 lr=5.580e-06
[train] step=4635 loss=0.260970 lr=5.578e-06
[train] step=4636 loss=0.239026 lr=5.577e-06
[train] step=4637 loss=0.309625 lr=5.575e-06
[train] step=4638 loss=0.154800 lr=5.573e-06
[train] step=4639 loss=0.177381 lr=5.572e-06
[train] step=4640 loss=0.240933 lr=5.570e-06
[train] step=4641 loss=0.152660 lr=5.569e-06
[train] step=4642 loss=0.244171 lr=5.567e-06
[train] step=4643 loss=0.204665 lr=5.566e-06
[train] step=4644 loss=0.230949 lr=5.564e-06
[train] step=4645 loss=0.140654 lr=5.562e-06
[train] step=4646 loss=0.200210 lr=5.561e-06
[train] step=4647 loss=0.135743 lr=5.559e-06
[train] step=4648 loss=0.195572 lr=5.558e-06
[train] step=4649 loss=0.196197 lr=5.556e-06
[train] step=4650 loss=0.313840 lr=5.555e-06
[train] step=4651 loss=0.172122 lr=5.553e-06
[train] step=4652 loss=0.236389 lr=5.552e-06
[train] step=4653 loss=0.249762 lr=5.550e-06
[train] step=4654 loss=0.169903 lr=5.548e-06
[train] step=4655 loss=0.209447 lr=5.547e-06
[train] step=4656 loss=0.192069 lr=5.545e-06
[train] step=4657 loss=0.208333 lr=5.544e-06
[train] step=4658 loss=0.161519 lr=5.542e-06
[train] step=4659 loss=0.204333 lr=5.541e-06
[train] step=4660 loss=0.284296 lr=5.539e-06
[train] step=4661 loss=0.233188 lr=5.538e-06
[train] step=4662 loss=0.229844 lr=5.536e-06
[train] step=4663 loss=0.165188 lr=5.534e-06
[train] step=4664 loss=0.269846 lr=5.533e-06
[train] step=4665 loss=0.206030 lr=5.531e-06
[train] step=4666 loss=0.190245 lr=5.530e-06
[train] step=4667 loss=0.165769 lr=5.528e-06
[train] step=4668 loss=0.244500 lr=5.527e-06
[train] step=4669 loss=0.326653 lr=5.525e-06
[train] step=4670 loss=0.133804 lr=5.523e-06
[train] step=4671 loss=0.144866 lr=5.522e-06
[train] step=4672 loss=0.217040 lr=5.520e-06
[train] step=4673 loss=0.248489 lr=5.519e-06
[train] step=4674 loss=0.112280 lr=5.517e-06
[train] step=4675 loss=0.188372 lr=5.516e-06
[train] step=4676 loss=0.251875 lr=5.514e-06
[train] step=4677 loss=0.188086 lr=5.513e-06
[train] step=4678 loss=0.274216 lr=5.511e-06
[train] step=4679 loss=0.207543 lr=5.509e-06
[train] step=4680 loss=0.144768 lr=5.508e-06
INFO     [rank 0] Model weights for step 4680 saved in       dit_trainer.py:1085
         checkpoints/model_weights_step_04680.safetensors                       
INFO     [rank 0] Scalar embedding weights for step 4680     dit_trainer.py:1092
         saved                                                                  
INFO     [rank 0] Training state saved:                      dit_trainer.py:1123
         checkpoints/model_weights_step_04680.state.pt                          
DEBUG    [rank 0] Removed old checkpoint:                    dit_trainer.py:1136
         /hppfs/scratch/0D/go76fuz2/windinet/outputs/shockwa                    
         ve_dit_ep20_baseline/checkpoints/model_weights_step                    
         _04080.safetensors                                                     
DEBUG    [rank 0] Removed old checkpoint:                    dit_trainer.py:1136
         /hppfs/scratch/0D/go76fuz2/windinet/outputs/shockwa                    
         ve_dit_ep20_baseline/checkpoints/model_weights_step                    
         _04080.state.pt                                                        
DEBUG    [rank 0] Removed old checkpoint:                    dit_trainer.py:1136
         /hppfs/scratch/0D/go76fuz2/windinet/outputs/shockwa                    
         ve_dit_ep20_baseline/checkpoints/scalar_embedding_s                    
         tep_04080.safetensors                                                  
[epoch 39] step=4680 train_loss=0.204022
[train] step=4681 loss=0.255770 lr=5.506e-06
[train] step=4682 loss=0.279171 lr=5.505e-06
[train] step=4683 loss=0.163581 lr=5.503e-06
[train] step=4684 loss=0.294921 lr=5.502e-06
[train] step=4685 loss=0.246179 lr=5.500e-06
[train] step=4686 loss=0.216582 lr=5.498e-06
[train] step=4687 loss=0.239533 lr=5.497e-06
[train] step=4688 loss=0.213234 lr=5.495e-06
[train] step=4689 loss=0.265555 lr=5.494e-06
[train] step=4690 loss=0.270971 lr=5.492e-06
[train] step=4691 loss=0.217345 lr=5.491e-06
[train] step=4692 loss=0.164262 lr=5.489e-06
[train] step=4693 loss=0.145621 lr=5.488e-06
[train] step=4694 loss=0.290092 lr=5.486e-06
[train] step=4695 loss=0.176828 lr=5.484e-06
[train] step=4696 loss=0.279670 lr=5.483e-06
[train] step=4697 loss=0.087995 lr=5.481e-06
[train] step=4698 loss=0.266115 lr=5.480e-06
[train] step=4699 loss=0.248889 lr=5.478e-06
[train] step=4700 loss=0.171090 lr=5.477e-06
[train] step=4701 loss=0.218452 lr=5.475e-06
[train] step=4702 loss=0.261556 lr=5.474e-06
[train] step=4703 loss=0.142503 lr=5.472e-06
[train] step=4704 loss=0.330562 lr=5.470e-06
[train] step=4705 loss=0.158970 lr=5.469e-06
[train] step=4706 loss=0.177259 lr=5.467e-06
[train] step=4707 loss=0.103020 lr=5.466e-06
[train] step=4708 loss=0.146272 lr=5.464e-06
[train] step=4709 loss=0.167223 lr=5.463e-06
[train] step=4710 loss=0.229677 lr=5.461e-06
[train] step=4711 loss=0.179990 lr=5.459e-06
[train] step=4712 loss=0.157080 lr=5.458e-06
[train] step=4713 loss=0.341761 lr=5.456e-06
[train] step=4714 loss=0.257093 lr=5.455e-06
[train] step=4715 loss=0.122076 lr=5.453e-06
[train] step=4716 loss=0.171756 lr=5.452e-06
[train] step=4717 loss=0.160878 lr=5.450e-06
[train] step=4718 loss=0.214850 lr=5.449e-06
[train] step=4719 loss=0.273341 lr=5.447e-06
[train] step=4720 loss=0.197969 lr=5.445e-06
[train] step=4721 loss=0.188738 lr=5.444e-06
[train] step=4722 loss=0.266945 lr=5.442e-06
[train] step=4723 loss=0.395329 lr=5.441e-06
[train] step=4724 loss=0.255342 lr=5.439e-06
[train] step=4725 loss=0.142919 lr=5.438e-06
[train] step=4726 loss=0.285490 lr=5.436e-06
[train] step=4727 loss=0.142553 lr=5.434e-06
[train] step=4728 loss=0.155065 lr=5.433e-06
[train] step=4729 loss=0.149426 lr=5.431e-06
[train] step=4730 loss=0.137333 lr=5.430e-06
[train] step=4731 loss=0.123391 lr=5.428e-06
[train] step=4732 loss=0.191450 lr=5.427e-06
[train] step=4733 loss=0.382618 lr=5.425e-06
[train] step=4734 loss=0.176507 lr=5.423e-06
[train] step=4735 loss=0.373393 lr=5.422e-06
[train] step=4736 loss=0.177094 lr=5.420e-06
[train] step=4737 loss=0.237220 lr=5.419e-06
[train] step=4738 loss=0.318226 lr=5.417e-06
[train] step=4739 loss=0.201327 lr=5.416e-06
[train] step=4740 loss=0.198352 lr=5.414e-06
[train] step=4741 loss=0.730081 lr=5.413e-06
[train] step=4742 loss=0.286401 lr=5.411e-06
[train] step=4743 loss=0.089522 lr=5.409e-06
[train] step=4744 loss=0.139316 lr=5.408e-06
[train] step=4745 loss=0.231801 lr=5.406e-06
[train] step=4746 loss=0.214036 lr=5.405e-06
[train] step=4747 loss=0.266450 lr=5.403e-06
[train] step=4748 loss=0.333015 lr=5.402e-06
[train] step=4749 loss=0.240187 lr=5.400e-06
[train] step=4750 loss=0.208337 lr=5.398e-06
[train] step=4751 loss=0.204994 lr=5.397e-06
[train] step=4752 loss=0.191989 lr=5.395e-06
[train] step=4753 loss=0.300006 lr=5.394e-06
[train] step=4754 loss=0.181180 lr=5.392e-06
[train] step=4755 loss=0.222236 lr=5.391e-06
[train] step=4756 loss=0.223156 lr=5.389e-06
[train] step=4757 loss=0.292629 lr=5.388e-06
[train] step=4758 loss=0.164712 lr=5.386e-06
[train] step=4759 loss=0.165010 lr=5.384e-06
[train] step=4760 loss=0.167934 lr=5.383e-06
[train] step=4761 loss=0.273551 lr=5.381e-06
[train] step=4762 loss=0.266522 lr=5.380e-06
[train] step=4763 loss=0.184592 lr=5.378e-06
[train] step=4764 loss=0.319972 lr=5.377e-06
[train] step=4765 loss=0.206288 lr=5.375e-06
[train] step=4766 loss=0.150018 lr=5.373e-06
[train] step=4767 loss=0.382868 lr=5.372e-06
[train] step=4768 loss=0.290723 lr=5.370e-06
[train] step=4769 loss=0.288218 lr=5.369e-06
[train] step=4770 loss=0.133479 lr=5.367e-06
[train] step=4771 loss=0.198354 lr=5.366e-06
[train] step=4772 loss=0.163248 lr=5.364e-06
[train] step=4773 loss=0.166297 lr=5.362e-06
[train] step=4774 loss=0.149775 lr=5.361e-06
[train] step=4775 loss=0.191323 lr=5.359e-06
[train] step=4776 loss=0.163305 lr=5.358e-06
[train] step=4777 loss=0.090182 lr=5.356e-06
[train] step=4778 loss=0.228305 lr=5.355e-06
[train] step=4779 loss=0.166785 lr=5.353e-06
[train] step=4780 loss=0.156137 lr=5.352e-06
[train] step=4781 loss=0.281567 lr=5.350e-06
[train] step=4782 loss=0.284920 lr=5.348e-06
[train] step=4783 loss=0.182589 lr=5.347e-06
[train] step=4784 loss=0.239789 lr=5.345e-06
[train] step=4785 loss=0.174659 lr=5.344e-06
[train] step=4786 loss=0.170343 lr=5.342e-06
[train] step=4787 loss=0.206043 lr=5.341e-06
[train] step=4788 loss=0.261533 lr=5.339e-06
[train] step=4789 loss=0.150587 lr=5.337e-06
[train] step=4790 loss=0.163625 lr=5.336e-06
[train] step=4791 loss=0.177373 lr=5.334e-06
[train] step=4792 loss=0.167587 lr=5.333e-06
[train] step=4793 loss=0.204896 lr=5.331e-06
[train] step=4794 loss=0.136163 lr=5.330e-06
[train] step=4795 loss=0.187647 lr=5.328e-06
[train] step=4796 loss=0.139747 lr=5.326e-06
[train] step=4797 loss=0.178504 lr=5.325e-06
[train] step=4798 loss=0.134050 lr=5.323e-06
[train] step=4799 loss=0.233765 lr=5.322e-06
[train] step=4800 loss=0.202059 lr=5.320e-06
[val] step=4800 val_loss=0.213592
INFO     [rank 0] Model weights for step 4800 saved in       dit_trainer.py:1085
         checkpoints/model_weights_step_04800.safetensors                       
INFO     [rank 0] Scalar embedding weights for step 4800     dit_trainer.py:1092
         saved                                                                  
INFO     [rank 0] Training state saved:                      dit_trainer.py:1123
         checkpoints/model_weights_step_04800.state.pt                          
DEBUG    [rank 0] Removed old checkpoint:                    dit_trainer.py:1136
         /hppfs/scratch/0D/go76fuz2/windinet/outputs/shockwa                    
         ve_dit_ep20_baseline/checkpoints/model_weights_step                    
         _04200.safetensors                                                     
DEBUG    [rank 0] Removed old checkpoint:                    dit_trainer.py:1136
         /hppfs/scratch/0D/go76fuz2/windinet/outputs/shockwa                    
         ve_dit_ep20_baseline/checkpoints/model_weights_step                    
         _04200.state.pt                                                        
DEBUG    [rank 0] Removed old checkpoint:                    dit_trainer.py:1136
         /hppfs/scratch/0D/go76fuz2/windinet/outputs/shockwa                    
         ve_dit_ep20_baseline/checkpoints/scalar_embedding_s                    
         tep_04200.safetensors                                                  
[epoch 40] step=4800 train_loss=0.215396 val_loss=0.213592
[train] step=4801 loss=0.337271 lr=5.319e-06
[train] step=4802 loss=0.209041 lr=5.317e-06
[train] step=4803 loss=0.294434 lr=5.316e-06
[train] step=4804 loss=0.218524 lr=5.314e-06
[train] step=4805 loss=0.234423 lr=5.312e-06
[train] step=4806 loss=0.425292 lr=5.311e-06
[train] step=4807 loss=0.222925 lr=5.309e-06
[train] step=4808 loss=0.146411 lr=5.308e-06
[train] step=4809 loss=0.165706 lr=5.306e-06
[train] step=4810 loss=0.231141 lr=5.305e-06
[train] step=4811 loss=0.097751 lr=5.303e-06
[train] step=4812 loss=0.211981 lr=5.301e-06
[train] step=4813 loss=0.210940 lr=5.300e-06
[train] step=4814 loss=0.237999 lr=5.298e-06
[train] step=4815 loss=0.330211 lr=5.297e-06
[train] step=4816 loss=0.162038 lr=5.295e-06
[train] step=4817 loss=0.261852 lr=5.294e-06
[train] step=4818 loss=0.124746 lr=5.292e-06
[train] step=4819 loss=0.219547 lr=5.290e-06
[train] step=4820 loss=0.244769 lr=5.289e-06
[train] step=4821 loss=0.249558 lr=5.287e-06
[train] step=4822 loss=0.298131 lr=5.286e-06
[train] step=4823 loss=0.282612 lr=5.284e-06
[train] step=4824 loss=0.170363 lr=5.283e-06
[train] step=4825 loss=0.227539 lr=5.281e-06
[train] step=4826 loss=0.193930 lr=5.279e-06
[train] step=4827 loss=0.204134 lr=5.278e-06
[train] step=4828 loss=0.243642 lr=5.276e-06
[train] step=4829 loss=0.167913 lr=5.275e-06
[train] step=4830 loss=0.194843 lr=5.273e-06
[train] step=4831 loss=0.282504 lr=5.272e-06
[train] step=4832 loss=0.187066 lr=5.270e-06
[train] step=4833 loss=0.167976 lr=5.269e-06
[train] step=4834 loss=0.255547 lr=5.267e-06
[train] step=4835 loss=0.211239 lr=5.265e-06
[train] step=4836 loss=0.189296 lr=5.264e-06
[train] step=4837 loss=0.393364 lr=5.262e-06
[train] step=4838 loss=0.156258 lr=5.261e-06
[train] step=4839 loss=0.207960 lr=5.259e-06
[train] step=4840 loss=0.213637 lr=5.258e-06
[train] step=4841 loss=0.258342 lr=5.256e-06
[train] step=4842 loss=0.197187 lr=5.254e-06
[train] step=4843 loss=0.213212 lr=5.253e-06
[train] step=4844 loss=0.182701 lr=5.251e-06
[train] step=4845 loss=0.122655 lr=5.250e-06
[train] step=4846 loss=0.194628 lr=5.248e-06
[train] step=4847 loss=0.288913 lr=5.247e-06
[train] step=4848 loss=0.270306 lr=5.245e-06
[train] step=4849 loss=0.257741 lr=5.243e-06
[train] step=4850 loss=0.160415 lr=5.242e-06
[train] step=4851 loss=0.142352 lr=5.240e-06
[train] step=4852 loss=0.184076 lr=5.239e-06
[train] step=4853 loss=0.195345 lr=5.237e-06
[train] step=4854 loss=0.233215 lr=5.236e-06
[train] step=4855 loss=0.146942 lr=5.234e-06
[train] step=4856 loss=0.199434 lr=5.232e-06
[train] step=4857 loss=0.219754 lr=5.231e-06
[train] step=4858 loss=0.259660 lr=5.229e-06
[train] step=4859 loss=0.283153 lr=5.228e-06
[train] step=4860 loss=0.160740 lr=5.226e-06
[train] step=4861 loss=0.416679 lr=5.225e-06
[train] step=4862 loss=0.133864 lr=5.223e-06
[train] step=4863 loss=0.278390 lr=5.221e-06
[train] step=4864 loss=0.177534 lr=5.220e-06
[train] step=4865 loss=0.171786 lr=5.218e-06
[train] step=4866 loss=0.162336 lr=5.217e-06
[train] step=4867 loss=0.155175 lr=5.215e-06
[train] step=4868 loss=0.183286 lr=5.214e-06
[train] step=4869 loss=0.406682 lr=5.212e-06
[train] step=4870 loss=0.205135 lr=5.211e-06
[train] step=4871 loss=0.157205 lr=5.209e-06
[train] step=4872 loss=0.279115 lr=5.207e-06
[train] step=4873 loss=0.257627 lr=5.206e-06
[train] step=4874 loss=0.140726 lr=5.204e-06
[train] step=4875 loss=0.228544 lr=5.203e-06
[train] step=4876 loss=0.201289 lr=5.201e-06
[train] step=4877 loss=0.168804 lr=5.200e-06
[train] step=4878 loss=0.231923 lr=5.198e-06
[train] step=4879 loss=0.194992 lr=5.196e-06
[train] step=4880 loss=0.220931 lr=5.195e-06
[train] step=4881 loss=0.057845 lr=5.193e-06
[train] step=4882 loss=0.141280 lr=5.192e-06
[train] step=4883 loss=0.232585 lr=5.190e-06
[train] step=4884 loss=0.134275 lr=5.189e-06
[train] step=4885 loss=0.216026 lr=5.187e-06
[train] step=4886 loss=0.161553 lr=5.185e-06
[train] step=4887 loss=0.208878 lr=5.184e-06
[train] step=4888 loss=0.288994 lr=5.182e-06
[train] step=4889 loss=0.170379 lr=5.181e-06
[train] step=4890 loss=0.239202 lr=5.179e-06
[train] step=4891 loss=0.309472 lr=5.178e-06
[train] step=4892 loss=0.163735 lr=5.176e-06
[train] step=4893 loss=0.173387 lr=5.174e-06
[train] step=4894 loss=0.163312 lr=5.173e-06
[train] step=4895 loss=0.190394 lr=5.171e-06
[train] step=4896 loss=0.297004 lr=5.170e-06
[train] step=4897 loss=0.201628 lr=5.168e-06
[train] step=4898 loss=0.202036 lr=5.167e-06
[train] step=4899 loss=0.097537 lr=5.165e-06
[train] step=4900 loss=0.159569 lr=5.163e-06
[train] step=4901 loss=0.170418 lr=5.162e-06
[train] step=4902 loss=0.146349 lr=5.160e-06
[train] step=4903 loss=0.172298 lr=5.159e-06
[train] step=4904 loss=0.281881 lr=5.157e-06
[train] step=4905 loss=0.112064 lr=5.156e-06
[train] step=4906 loss=0.158601 lr=5.154e-06
[train] step=4907 loss=0.210223 lr=5.152e-06
[train] step=4908 loss=0.193474 lr=5.151e-06
[train] step=4909 loss=0.249711 lr=5.149e-06
[train] step=4910 loss=0.140248 lr=5.148e-06
[train] step=4911 loss=0.180414 lr=5.146e-06
[train] step=4912 loss=0.226145 lr=5.145e-06
[train] step=4913 loss=0.214383 lr=5.143e-06
[train] step=4914 loss=0.239313 lr=5.142e-06
[train] step=4915 loss=0.192340 lr=5.140e-06
[train] step=4916 loss=0.269966 lr=5.138e-06
[train] step=4917 loss=0.173296 lr=5.137e-06
[train] step=4918 loss=0.122066 lr=5.135e-06
[train] step=4919 loss=0.196630 lr=5.134e-06
[train] step=4920 loss=0.241442 lr=5.132e-06
INFO     [rank 0] Model weights for step 4920 saved in       dit_trainer.py:1085
         checkpoints/model_weights_step_04920.safetensors                       
INFO     [rank 0] Scalar embedding weights for step 4920     dit_trainer.py:1092
         saved                                                                  
INFO     [rank 0] Training state saved:                      dit_trainer.py:1123
         checkpoints/model_weights_step_04920.state.pt                          
DEBUG    [rank 0] Removed old checkpoint:                    dit_trainer.py:1136
         /hppfs/scratch/0D/go76fuz2/windinet/outputs/shockwa                    
         ve_dit_ep20_baseline/checkpoints/model_weights_step                    
         _04320.safetensors                                                     
DEBUG    [rank 0] Removed old checkpoint:                    dit_trainer.py:1136
         /hppfs/scratch/0D/go76fuz2/windinet/outputs/shockwa                    
         ve_dit_ep20_baseline/checkpoints/model_weights_step                    
         _04320.state.pt                                                        
DEBUG    [rank 0] Removed old checkpoint:                    dit_trainer.py:1136
         /hppfs/scratch/0D/go76fuz2/windinet/outputs/shockwa                    
         ve_dit_ep20_baseline/checkpoints/scalar_embedding_s                    
         tep_04320.safetensors                                                  
[epoch 41] step=4920 train_loss=0.210736
[train] step=4921 loss=0.162261 lr=5.131e-06
[train] step=4922 loss=0.146339 lr=5.129e-06
[train] step=4923 loss=0.167923 lr=5.127e-06
[train] step=4924 loss=0.288819 lr=5.126e-06
[train] step=4925 loss=0.259314 lr=5.124e-06
[train] step=4926 loss=0.202804 lr=5.123e-06
[train] step=4927 loss=0.146336 lr=5.121e-06
[train] step=4928 loss=0.095057 lr=5.120e-06
[train] step=4929 loss=0.229049 lr=5.118e-06
[train] step=4930 loss=0.196419 lr=5.116e-06
[train] step=4931 loss=0.215804 lr=5.115e-06
[train] step=4932 loss=0.172883 lr=5.113e-06
[train] step=4933 loss=0.317034 lr=5.112e-06
[train] step=4934 loss=0.212691 lr=5.110e-06
[train] step=4935 loss=0.173478 lr=5.109e-06
[train] step=4936 loss=0.159878 lr=5.107e-06
[train] step=4937 loss=0.351511 lr=5.105e-06
[train] step=4938 loss=0.165047 lr=5.104e-06
[train] step=4939 loss=0.214341 lr=5.102e-06
[train] step=4940 loss=0.137775 lr=5.101e-06
[train] step=4941 loss=0.224360 lr=5.099e-06
[train] step=4942 loss=0.213889 lr=5.098e-06
[train] step=4943 loss=0.159938 lr=5.096e-06
[train] step=4944 loss=0.250611 lr=5.094e-06
[train] step=4945 loss=0.100886 lr=5.093e-06
[train] step=4946 loss=0.231867 lr=5.091e-06
[train] step=4947 loss=0.206390 lr=5.090e-06
[train] step=4948 loss=0.127410 lr=5.088e-06
[train] step=4949 loss=0.228757 lr=5.087e-06
[train] step=4950 loss=0.138459 lr=5.085e-06
[train] step=4951 loss=0.247958 lr=5.083e-06
[train] step=4952 loss=0.229183 lr=5.082e-06
[train] step=4953 loss=0.084130 lr=5.080e-06
[train] step=4954 loss=0.255146 lr=5.079e-06
[train] step=4955 loss=0.171985 lr=5.077e-06
[train] step=4956 loss=0.172665 lr=5.076e-06
[train] step=4957 loss=0.161961 lr=5.074e-06
[train] step=4958 loss=0.261122 lr=5.072e-06
[train] step=4959 loss=0.261086 lr=5.071e-06
[train] step=4960 loss=0.183916 lr=5.069e-06
[train] step=4961 loss=0.247171 lr=5.068e-06
[train] step=4962 loss=0.215014 lr=5.066e-06
[train] step=4963 loss=0.191261 lr=5.065e-06
[train] step=4964 loss=0.104626 lr=5.063e-06
[train] step=4965 loss=0.189116 lr=5.061e-06
[train] step=4966 loss=0.168618 lr=5.060e-06
[train] step=4967 loss=0.264729 lr=5.058e-06
[train] step=4968 loss=0.208535 lr=5.057e-06
[train] step=4969 loss=0.194647 lr=5.055e-06
[train] step=4970 loss=0.227264 lr=5.054e-06
[train] step=4971 loss=0.216858 lr=5.052e-06
[train] step=4972 loss=0.205770 lr=5.051e-06
[train] step=4973 loss=0.226091 lr=5.049e-06
[train] step=4974 loss=0.225899 lr=5.047e-06
[train] step=4975 loss=0.217812 lr=5.046e-06
[train] step=4976 loss=0.250440 lr=5.044e-06
[train] step=4977 loss=0.163858 lr=5.043e-06
[train] step=4978 loss=0.160611 lr=5.041e-06
[train] step=4979 loss=0.208122 lr=5.040e-06
[train] step=4980 loss=0.117460 lr=5.038e-06
[train] step=4981 loss=0.115370 lr=5.036e-06
[train] step=4982 loss=0.238104 lr=5.035e-06
[train] step=4983 loss=0.147585 lr=5.033e-06
[train] step=4984 loss=0.215376 lr=5.032e-06
[train] step=4985 loss=0.151971 lr=5.030e-06
[train] step=4986 loss=0.296014 lr=5.029e-06
[train] step=4987 loss=0.222894 lr=5.027e-06
[train] step=4988 loss=0.180756 lr=5.025e-06
[train] step=4989 loss=0.187850 lr=5.024e-06
[train] step=4990 loss=0.213648 lr=5.022e-06
[train] step=4991 loss=0.275564 lr=5.021e-06
[train] step=4992 loss=0.177899 lr=5.019e-06
[train] step=4993 loss=0.144792 lr=5.018e-06
[train] step=4994 loss=0.254420 lr=5.016e-06
[train] step=4995 loss=0.272600 lr=5.014e-06
[train] step=4996 loss=0.201134 lr=5.013e-06
[train] step=4997 loss=0.297873 lr=5.011e-06
[train] step=4998 loss=0.227262 lr=5.010e-06
[train] step=4999 loss=0.293794 lr=5.008e-06
[train] step=5000 loss=0.208768 lr=5.007e-06
[train] step=5001 loss=0.116283 lr=5.005e-06
[train] step=5002 loss=0.197770 lr=5.003e-06
[train] step=5003 loss=0.130285 lr=5.002e-06
[train] step=5004 loss=0.179358 lr=5.000e-06
[train] step=5005 loss=0.197138 lr=4.999e-06
[train] step=5006 loss=0.218140 lr=4.997e-06
[train] step=5007 loss=0.203641 lr=4.996e-06
[train] step=5008 loss=0.202722 lr=4.994e-06
[train] step=5009 loss=0.137420 lr=4.992e-06
[train] step=5010 loss=0.133188 lr=4.991e-06
[train] step=5011 loss=0.145284 lr=4.989e-06
[train] step=5012 loss=0.251470 lr=4.988e-06
[train] step=5013 loss=0.227261 lr=4.986e-06
[train] step=5014 loss=0.146613 lr=4.985e-06
[train] step=5015 loss=0.243979 lr=4.983e-06
[train] step=5016 loss=0.207386 lr=4.981e-06
[train] step=5017 loss=0.172383 lr=4.980e-06
[train] step=5018 loss=0.392464 lr=4.978e-06
[train] step=5019 loss=0.174075 lr=4.977e-06
[train] step=5020 loss=0.223101 lr=4.975e-06
[train] step=5021 loss=0.382586 lr=4.974e-06
[train] step=5022 loss=0.143067 lr=4.972e-06
[train] step=5023 loss=0.258436 lr=4.970e-06
[train] step=5024 loss=0.235719 lr=4.969e-06
[train] step=5025 loss=0.215591 lr=4.967e-06
[train] step=5026 loss=0.177217 lr=4.966e-06
[train] step=5027 loss=0.169087 lr=4.964e-06
[train] step=5028 loss=0.140397 lr=4.963e-06
[train] step=5029 loss=0.141791 lr=4.961e-06
[train] step=5030 loss=0.252623 lr=4.959e-06
[train] step=5031 loss=0.137417 lr=4.958e-06
[train] step=5032 loss=0.169892 lr=4.956e-06
[train] step=5033 loss=0.125778 lr=4.955e-06
[train] step=5034 loss=0.168890 lr=4.953e-06
[train] step=5035 loss=0.178248 lr=4.952e-06
[train] step=5036 loss=0.089143 lr=4.950e-06
[train] step=5037 loss=0.218670 lr=4.949e-06
[train] step=5038 loss=0.207245 lr=4.947e-06
[train] step=5039 loss=0.402629 lr=4.945e-06
[train] step=5040 loss=0.171350 lr=4.944e-06
INFO     [rank 0] Model weights for step 5040 saved in       dit_trainer.py:1085
         checkpoints/model_weights_step_05040.safetensors                       
INFO     [rank 0] Scalar embedding weights for step 5040     dit_trainer.py:1092
         saved                                                                  
INFO     [rank 0] Training state saved:                      dit_trainer.py:1123
         checkpoints/model_weights_step_05040.state.pt                          
DEBUG    [rank 0] Removed old checkpoint:                    dit_trainer.py:1136
         /hppfs/scratch/0D/go76fuz2/windinet/outputs/shockwa                    
         ve_dit_ep20_baseline/checkpoints/model_weights_step                    
         _04440.safetensors                                                     
DEBUG    [rank 0] Removed old checkpoint:                    dit_trainer.py:1136
         /hppfs/scratch/0D/go76fuz2/windinet/outputs/shockwa                    
         ve_dit_ep20_baseline/checkpoints/model_weights_step                    
         _04440.state.pt                                                        
DEBUG    [rank 0] Removed old checkpoint:                    dit_trainer.py:1136
         /hppfs/scratch/0D/go76fuz2/windinet/outputs/shockwa                    
         ve_dit_ep20_baseline/checkpoints/scalar_embedding_s                    
         tep_04440.safetensors                                                  
[epoch 42] step=5040 train_loss=0.201749
[train] step=5041 loss=0.222493 lr=4.942e-06
[train] step=5042 loss=0.060669 lr=4.941e-06
[train] step=5043 loss=0.322199 lr=4.939e-06
[train] step=5044 loss=0.208649 lr=4.938e-06
[train] step=5045 loss=0.127020 lr=4.936e-06
[train] step=5046 loss=0.215016 lr=4.934e-06
[train] step=5047 loss=0.185704 lr=4.933e-06
[train] step=5048 loss=0.205856 lr=4.931e-06
[train] step=5049 loss=0.136294 lr=4.930e-06
[train] step=5050 loss=0.350555 lr=4.928e-06
[train] step=5051 loss=0.176785 lr=4.927e-06
[train] step=5052 loss=0.163320 lr=4.925e-06
[train] step=5053 loss=0.292494 lr=4.923e-06
[train] step=5054 loss=0.144949 lr=4.922e-06
[train] step=5055 loss=0.174111 lr=4.920e-06
[train] step=5056 loss=0.251691 lr=4.919e-06
[train] step=5057 loss=0.095359 lr=4.917e-06
[train] step=5058 loss=0.128517 lr=4.916e-06
[train] step=5059 loss=0.153344 lr=4.914e-06
[train] step=5060 loss=0.238596 lr=4.912e-06
[train] step=5061 loss=0.196770 lr=4.911e-06
[train] step=5062 loss=0.200093 lr=4.909e-06
[train] step=5063 loss=0.195002 lr=4.908e-06
[train] step=5064 loss=0.216847 lr=4.906e-06
[train] step=5065 loss=0.214464 lr=4.905e-06
[train] step=5066 loss=0.146407 lr=4.903e-06
[train] step=5067 loss=0.185528 lr=4.901e-06
[train] step=5068 loss=0.177796 lr=4.900e-06
[train] step=5069 loss=0.142630 lr=4.898e-06
[train] step=5070 loss=0.130161 lr=4.897e-06
[train] step=5071 loss=0.208531 lr=4.895e-06
[train] step=5072 loss=0.455027 lr=4.894e-06
[train] step=5073 loss=0.350277 lr=4.892e-06
[train] step=5074 loss=0.122835 lr=4.890e-06
[train] step=5075 loss=0.285497 lr=4.889e-06
[train] step=5076 loss=0.155603 lr=4.887e-06
[train] step=5077 loss=0.146654 lr=4.886e-06
[train] step=5078 loss=0.171990 lr=4.884e-06
[train] step=5079 loss=0.238275 lr=4.883e-06
[train] step=5080 loss=0.200308 lr=4.881e-06
[train] step=5081 loss=0.137279 lr=4.879e-06
[train] step=5082 loss=0.078755 lr=4.878e-06
[train] step=5083 loss=0.260007 lr=4.876e-06
[train] step=5084 loss=0.215567 lr=4.875e-06
[train] step=5085 loss=0.202779 lr=4.873e-06
[train] step=5086 loss=0.160513 lr=4.872e-06
[train] step=5087 loss=0.147308 lr=4.870e-06
[train] step=5088 loss=0.226812 lr=4.868e-06
[train] step=5089 loss=0.139456 lr=4.867e-06
[train] step=5090 loss=0.153132 lr=4.865e-06
[train] step=5091 loss=0.197281 lr=4.864e-06
[train] step=5092 loss=0.247761 lr=4.862e-06
[train] step=5093 loss=0.230487 lr=4.861e-06
[train] step=5094 loss=0.214748 lr=4.859e-06
[train] step=5095 loss=0.199929 lr=4.858e-06
[train] step=5096 loss=0.234514 lr=4.856e-06
[train] step=5097 loss=0.181153 lr=4.854e-06
[train] step=5098 loss=0.210846 lr=4.853e-06
[train] step=5099 loss=0.212081 lr=4.851e-06
[train] step=5100 loss=0.142829 lr=4.850e-06
[train] step=5101 loss=0.209942 lr=4.848e-06
[train] step=5102 loss=0.105135 lr=4.847e-06
[train] step=5103 loss=0.163017 lr=4.845e-06
[train] step=5104 loss=0.272615 lr=4.843e-06
[train] step=5105 loss=0.227111 lr=4.842e-06
[train] step=5106 loss=0.176909 lr=4.840e-06
[train] step=5107 loss=0.271777 lr=4.839e-06
[train] step=5108 loss=0.202403 lr=4.837e-06
[train] step=5109 loss=0.183541 lr=4.836e-06
[train] step=5110 loss=0.141725 lr=4.834e-06
[train] step=5111 loss=0.163920 lr=4.832e-06
[train] step=5112 loss=0.256043 lr=4.831e-06
[train] step=5113 loss=0.150262 lr=4.829e-06
[train] step=5114 loss=0.109336 lr=4.828e-06
[train] step=5115 loss=0.153163 lr=4.826e-06
[train] step=5116 loss=0.105744 lr=4.825e-06
[train] step=5117 loss=0.179293 lr=4.823e-06
[train] step=5118 loss=0.122381 lr=4.821e-06
[train] step=5119 loss=0.233921 lr=4.820e-06
[train] step=5120 loss=0.222022 lr=4.818e-06
[train] step=5121 loss=0.202256 lr=4.817e-06
[train] step=5122 loss=0.165418 lr=4.815e-06
[train] step=5123 loss=0.282877 lr=4.814e-06
[train] step=5124 loss=0.145961 lr=4.812e-06
[train] step=5125 loss=0.173640 lr=4.810e-06
[train] step=5126 loss=0.220441 lr=4.809e-06
[train] step=5127 loss=0.297655 lr=4.807e-06
[train] step=5128 loss=0.288827 lr=4.806e-06
[train] step=5129 loss=0.176514 lr=4.804e-06
[train] step=5130 loss=0.209487 lr=4.803e-06
[train] step=5131 loss=0.233563 lr=4.801e-06
[train] step=5132 loss=0.161690 lr=4.799e-06
[train] step=5133 loss=0.184615 lr=4.798e-06
[train] step=5134 loss=0.222667 lr=4.796e-06
[train] step=5135 loss=0.334441 lr=4.795e-06
[train] step=5136 loss=0.206535 lr=4.793e-06
[train] step=5137 loss=0.191630 lr=4.792e-06
[train] step=5138 loss=0.217420 lr=4.790e-06
[train] step=5139 loss=0.316089 lr=4.789e-06
[train] step=5140 loss=0.257173 lr=4.787e-06
[train] step=5141 loss=0.447875 lr=4.785e-06
[train] step=5142 loss=0.166656 lr=4.784e-06
[train] step=5143 loss=0.222902 lr=4.782e-06
[train] step=5144 loss=0.262986 lr=4.781e-06
[train] step=5145 loss=0.137975 lr=4.779e-06
[train] step=5146 loss=0.164000 lr=4.778e-06
[train] step=5147 loss=0.238705 lr=4.776e-06
[train] step=5148 loss=0.207993 lr=4.774e-06
[train] step=5149 loss=0.218636 lr=4.773e-06
[train] step=5150 loss=0.127785 lr=4.771e-06
[train] step=5151 loss=0.144296 lr=4.770e-06
[train] step=5152 loss=0.146723 lr=4.768e-06
[train] step=5153 loss=0.194249 lr=4.767e-06
[train] step=5154 loss=0.345548 lr=4.765e-06
[train] step=5155 loss=0.222546 lr=4.763e-06
[train] step=5156 loss=0.196410 lr=4.762e-06
[train] step=5157 loss=0.216248 lr=4.760e-06
[train] step=5158 loss=0.369588 lr=4.759e-06
[train] step=5159 loss=0.189840 lr=4.757e-06
[train] step=5160 loss=0.122108 lr=4.756e-06
INFO     [rank 0] Model weights for step 5160 saved in       dit_trainer.py:1085
         checkpoints/model_weights_step_05160.safetensors                       
INFO     [rank 0] Scalar embedding weights for step 5160     dit_trainer.py:1092
         saved                                                                  
INFO     [rank 0] Training state saved:                      dit_trainer.py:1123
         checkpoints/model_weights_step_05160.state.pt                          
DEBUG    [rank 0] Removed old checkpoint:                    dit_trainer.py:1136
         /hppfs/scratch/0D/go76fuz2/windinet/outputs/shockwa                    
         ve_dit_ep20_baseline/checkpoints/model_weights_step                    
         _04560.safetensors                                                     
DEBUG    [rank 0] Removed old checkpoint:                    dit_trainer.py:1136
         /hppfs/scratch/0D/go76fuz2/windinet/outputs/shockwa                    
         ve_dit_ep20_baseline/checkpoints/model_weights_step                    
         _04560.state.pt                                                        
DEBUG    [rank 0] Removed old checkpoint:                    dit_trainer.py:1136
         /hppfs/scratch/0D/go76fuz2/windinet/outputs/shockwa                    
         ve_dit_ep20_baseline/checkpoints/scalar_embedding_s                    
         tep_04560.safetensors                                                  
[epoch 43] step=5160 train_loss=0.202659
[train] step=5161 loss=0.208109 lr=4.754e-06
[train] step=5162 loss=0.185741 lr=4.752e-06
[train] step=5163 loss=0.114430 lr=4.751e-06
[train] step=5164 loss=0.287693 lr=4.749e-06
[train] step=5165 loss=0.163280 lr=4.748e-06
[train] step=5166 loss=0.220963 lr=4.746e-06
[train] step=5167 loss=0.115718 lr=4.745e-06
[train] step=5168 loss=0.288218 lr=4.743e-06
[train] step=5169 loss=0.115986 lr=4.741e-06
[train] step=5170 loss=0.258298 lr=4.740e-06
[train] step=5171 loss=0.127629 lr=4.738e-06
[train] step=5172 loss=0.146785 lr=4.737e-06
[train] step=5173 loss=0.213562 lr=4.735e-06
[train] step=5174 loss=0.224861 lr=4.734e-06
[train] step=5175 loss=0.234083 lr=4.732e-06
[train] step=5176 loss=0.216044 lr=4.731e-06
[train] step=5177 loss=0.198634 lr=4.729e-06
[train] step=5178 loss=0.145076 lr=4.727e-06
[train] step=5179 loss=0.143615 lr=4.726e-06
[train] step=5180 loss=0.136131 lr=4.724e-06
[train] step=5181 loss=0.191278 lr=4.723e-06
[train] step=5182 loss=0.173952 lr=4.721e-06
[train] step=5183 loss=0.149861 lr=4.720e-06
[train] step=5184 loss=0.208744 lr=4.718e-06
[train] step=5185 loss=0.155360 lr=4.716e-06
[train] step=5186 loss=0.210944 lr=4.715e-06
[train] step=5187 loss=0.151594 lr=4.713e-06
[train] step=5188 loss=0.306740 lr=4.712e-06
[train] step=5189 loss=0.267382 lr=4.710e-06
[train] step=5190 loss=0.209963 lr=4.709e-06
[train] step=5191 loss=0.163365 lr=4.707e-06
[train] step=5192 loss=0.178962 lr=4.705e-06
[train] step=5193 loss=0.144947 lr=4.704e-06
[train] step=5194 loss=0.176614 lr=4.702e-06
[train] step=5195 loss=0.144503 lr=4.701e-06
[train] step=5196 loss=0.193609 lr=4.699e-06
[train] step=5197 loss=0.120932 lr=4.698e-06
[train] step=5198 loss=0.130412 lr=4.696e-06
[train] step=5199 loss=0.300880 lr=4.694e-06
[train] step=5200 loss=0.146669 lr=4.693e-06
[train] step=5201 loss=0.217550 lr=4.691e-06
[train] step=5202 loss=0.158286 lr=4.690e-06
[train] step=5203 loss=0.305960 lr=4.688e-06
[train] step=5204 loss=0.164433 lr=4.687e-06
[train] step=5205 loss=0.214177 lr=4.685e-06
[train] step=5206 loss=0.147286 lr=4.684e-06
[train] step=5207 loss=0.224236 lr=4.682e-06
[train] step=5208 loss=0.189415 lr=4.680e-06
[train] step=5209 loss=0.162362 lr=4.679e-06
[train] step=5210 loss=0.119138 lr=4.677e-06
[train] step=5211 loss=0.284295 lr=4.676e-06
[train] step=5212 loss=0.206524 lr=4.674e-06
[train] step=5213 loss=0.122707 lr=4.673e-06
[train] step=5214 loss=0.095093 lr=4.671e-06
[train] step=5215 loss=0.163973 lr=4.669e-06
[train] step=5216 loss=0.116702 lr=4.668e-06
[train] step=5217 loss=0.322972 lr=4.666e-06
[train] step=5218 loss=0.136643 lr=4.665e-06
[train] step=5219 loss=0.205260 lr=4.663e-06
[train] step=5220 loss=0.178339 lr=4.662e-06
[train] step=5221 loss=0.116728 lr=4.660e-06
[train] step=5222 loss=0.228212 lr=4.658e-06
[train] step=5223 loss=0.297845 lr=4.657e-06
[train] step=5224 loss=0.195825 lr=4.655e-06
[train] step=5225 loss=0.368342 lr=4.654e-06
[train] step=5226 loss=0.235026 lr=4.652e-06
[train] step=5227 loss=0.268032 lr=4.651e-06
[train] step=5228 loss=0.155293 lr=4.649e-06
[train] step=5229 loss=0.153619 lr=4.648e-06
[train] step=5230 loss=0.123144 lr=4.646e-06
[train] step=5231 loss=0.158876 lr=4.644e-06
[train] step=5232 loss=0.096832 lr=4.643e-06
[train] step=5233 loss=0.167262 lr=4.641e-06
[train] step=5234 loss=0.218021 lr=4.640e-06
[train] step=5235 loss=0.183058 lr=4.638e-06
[train] step=5236 loss=0.233816 lr=4.637e-06
[train] step=5237 loss=0.148723 lr=4.635e-06
[train] step=5238 loss=0.231169 lr=4.633e-06
[train] step=5239 loss=0.150911 lr=4.632e-06
[train] step=5240 loss=0.218756 lr=4.630e-06
[train] step=5241 loss=0.255495 lr=4.629e-06
[train] step=5242 loss=0.193789 lr=4.627e-06
[train] step=5243 loss=0.175148 lr=4.626e-06
[train] step=5244 loss=0.293860 lr=4.624e-06
[train] step=5245 loss=0.194206 lr=4.622e-06
[train] step=5246 loss=0.162716 lr=4.621e-06
[train] step=5247 loss=0.168686 lr=4.619e-06
[train] step=5248 loss=0.097267 lr=4.618e-06
[train] step=5249 loss=0.230249 lr=4.616e-06
[train] step=5250 loss=0.201565 lr=4.615e-06
[train] step=5251 loss=0.154532 lr=4.613e-06
[train] step=5252 loss=0.282934 lr=4.612e-06
[train] step=5253 loss=0.143975 lr=4.610e-06
[train] step=5254 loss=0.182763 lr=4.608e-06
[train] step=5255 loss=0.173223 lr=4.607e-06
[train] step=5256 loss=0.221228 lr=4.605e-06
[train] step=5257 loss=0.219446 lr=4.604e-06
[train] step=5258 loss=0.205943 lr=4.602e-06
[train] step=5259 loss=0.213705 lr=4.601e-06
[train] step=5260 loss=0.206206 lr=4.599e-06
[train] step=5261 loss=0.117966 lr=4.597e-06
[train] step=5262 loss=0.432207 lr=4.596e-06
[train] step=5263 loss=0.362543 lr=4.594e-06
[train] step=5264 loss=0.217364 lr=4.593e-06
[train] step=5265 loss=0.304578 lr=4.591e-06
[train] step=5266 loss=0.211753 lr=4.590e-06
[train] step=5267 loss=0.091130 lr=4.588e-06
[train] step=5268 loss=0.141978 lr=4.587e-06
[train] step=5269 loss=0.209042 lr=4.585e-06
[train] step=5270 loss=0.246148 lr=4.583e-06
[train] step=5271 loss=0.195807 lr=4.582e-06
[train] step=5272 loss=0.240118 lr=4.580e-06
[train] step=5273 loss=0.151489 lr=4.579e-06
[train] step=5274 loss=0.215783 lr=4.577e-06
[train] step=5275 loss=0.374502 lr=4.576e-06
[train] step=5276 loss=0.107497 lr=4.574e-06
[train] step=5277 loss=0.243198 lr=4.572e-06
[train] step=5278 loss=0.201249 lr=4.571e-06
[train] step=5279 loss=0.226833 lr=4.569e-06
[train] step=5280 loss=0.154286 lr=4.568e-06
INFO     [rank 0] Model weights for step 5280 saved in       dit_trainer.py:1085
         checkpoints/model_weights_step_05280.safetensors                       
INFO     [rank 0] Scalar embedding weights for step 5280     dit_trainer.py:1092
         saved                                                                  
INFO     [rank 0] Training state saved:                      dit_trainer.py:1123
         checkpoints/model_weights_step_05280.state.pt                          
DEBUG    [rank 0] Removed old checkpoint:                    dit_trainer.py:1136
         /hppfs/scratch/0D/go76fuz2/windinet/outputs/shockwa                    
         ve_dit_ep20_baseline/checkpoints/model_weights_step                    
         _04680.safetensors                                                     
DEBUG    [rank 0] Removed old checkpoint:                    dit_trainer.py:1136
         /hppfs/scratch/0D/go76fuz2/windinet/outputs/shockwa                    
         ve_dit_ep20_baseline/checkpoints/model_weights_step                    
         _04680.state.pt                                                        
DEBUG    [rank 0] Removed old checkpoint:                    dit_trainer.py:1136
         /hppfs/scratch/0D/go76fuz2/windinet/outputs/shockwa                    
         ve_dit_ep20_baseline/checkpoints/scalar_embedding_s                    
         tep_04680.safetensors                                                  
[epoch 44] step=5280 train_loss=0.196222
[train] step=5281 loss=0.234968 lr=4.566e-06
[train] step=5282 loss=0.273078 lr=4.565e-06
[train] step=5283 loss=0.284000 lr=4.563e-06
[train] step=5284 loss=0.346085 lr=4.561e-06
[train] step=5285 loss=0.148957 lr=4.560e-06
[train] step=5286 loss=0.210618 lr=4.558e-06
[train] step=5287 loss=0.096083 lr=4.557e-06
[train] step=5288 loss=0.158012 lr=4.555e-06
[train] step=5289 loss=0.214880 lr=4.554e-06
[train] step=5290 loss=0.216782 lr=4.552e-06
[train] step=5291 loss=0.136797 lr=4.551e-06
[train] step=5292 loss=0.163571 lr=4.549e-06
[train] step=5293 loss=0.205011 lr=4.547e-06
[train] step=5294 loss=0.214905 lr=4.546e-06
[train] step=5295 loss=0.286698 lr=4.544e-06
[train] step=5296 loss=0.301112 lr=4.543e-06
[train] step=5297 loss=0.152809 lr=4.541e-06
[train] step=5298 loss=0.253473 lr=4.540e-06
[train] step=5299 loss=0.140188 lr=4.538e-06
[train] step=5300 loss=0.290024 lr=4.536e-06
[train] step=5301 loss=0.159405 lr=4.535e-06
[train] step=5302 loss=0.210677 lr=4.533e-06
[train] step=5303 loss=0.180315 lr=4.532e-06
[train] step=5304 loss=0.157340 lr=4.530e-06
[train] step=5305 loss=0.139819 lr=4.529e-06
[train] step=5306 loss=0.228580 lr=4.527e-06
[train] step=5307 loss=0.195788 lr=4.526e-06
[train] step=5308 loss=0.309551 lr=4.524e-06
[train] step=5309 loss=0.162516 lr=4.522e-06
[train] step=5310 loss=0.282226 lr=4.521e-06
[train] step=5311 loss=0.096096 lr=4.519e-06
[train] step=5312 loss=0.150998 lr=4.518e-06
[train] step=5313 loss=0.152390 lr=4.516e-06
[train] step=5314 loss=0.163703 lr=4.515e-06
[train] step=5315 loss=0.258273 lr=4.513e-06
[train] step=5316 loss=0.140481 lr=4.512e-06
[train] step=5317 loss=0.307527 lr=4.510e-06
[train] step=5318 loss=0.282314 lr=4.508e-06
[train] step=5319 loss=0.182325 lr=4.507e-06
[train] step=5320 loss=0.172408 lr=4.505e-06
[train] step=5321 loss=0.483063 lr=4.504e-06
[train] step=5322 loss=0.197943 lr=4.502e-06
[train] step=5323 loss=0.148601 lr=4.501e-06
[train] step=5324 loss=0.238659 lr=4.499e-06
[train] step=5325 loss=0.175149 lr=4.497e-06
[train] step=5326 loss=0.202767 lr=4.496e-06
[train] step=5327 loss=0.225732 lr=4.494e-06
[train] step=5328 loss=0.151262 lr=4.493e-06
[train] step=5329 loss=0.221691 lr=4.491e-06
[train] step=5330 loss=0.162087 lr=4.490e-06
[train] step=5331 loss=0.167046 lr=4.488e-06
[train] step=5332 loss=0.180118 lr=4.487e-06
[train] step=5333 loss=0.167375 lr=4.485e-06
[train] step=5334 loss=0.189382 lr=4.483e-06
[train] step=5335 loss=0.201360 lr=4.482e-06
[train] step=5336 loss=0.119896 lr=4.480e-06
[train] step=5337 loss=0.396451 lr=4.479e-06
[train] step=5338 loss=0.343223 lr=4.477e-06
[train] step=5339 loss=0.144537 lr=4.476e-06
[train] step=5340 loss=0.217872 lr=4.474e-06
[train] step=5341 loss=0.107395 lr=4.472e-06
[train] step=5342 loss=0.390508 lr=4.471e-06
[train] step=5343 loss=0.251371 lr=4.469e-06
[train] step=5344 loss=0.208682 lr=4.468e-06
[train] step=5345 loss=0.172585 lr=4.466e-06
[train] step=5346 loss=0.155797 lr=4.465e-06
[train] step=5347 loss=0.196917 lr=4.463e-06
[train] step=5348 loss=0.140039 lr=4.462e-06
[train] step=5349 loss=0.235768 lr=4.460e-06
[train] step=5350 loss=0.169250 lr=4.458e-06
[train] step=5351 loss=0.250032 lr=4.457e-06
[train] step=5352 loss=0.242014 lr=4.455e-06
[train] step=5353 loss=0.146292 lr=4.454e-06
[train] step=5354 loss=0.238920 lr=4.452e-06
[train] step=5355 loss=0.159865 lr=4.451e-06
[train] step=5356 loss=0.102607 lr=4.449e-06
[train] step=5357 loss=0.192916 lr=4.448e-06
[train] step=5358 loss=0.238234 lr=4.446e-06
[train] step=5359 loss=0.204975 lr=4.444e-06
[train] step=5360 loss=0.322296 lr=4.443e-06
[train] step=5361 loss=0.187901 lr=4.441e-06
[train] step=5362 loss=0.127405 lr=4.440e-06
[train] step=5363 loss=0.209813 lr=4.438e-06
[train] step=5364 loss=0.313682 lr=4.437e-06
[train] step=5365 loss=0.222660 lr=4.435e-06
[train] step=5366 loss=0.189808 lr=4.433e-06
[train] step=5367 loss=0.151718 lr=4.432e-06
[train] step=5368 loss=0.328865 lr=4.430e-06
[train] step=5369 loss=0.233331 lr=4.429e-06
[train] step=5370 loss=0.218960 lr=4.427e-06
[train] step=5371 loss=0.229521 lr=4.426e-06
[train] step=5372 loss=0.195459 lr=4.424e-06
[train] step=5373 loss=0.327606 lr=4.423e-06
[train] step=5374 loss=0.152838 lr=4.421e-06
[train] step=5375 loss=0.170459 lr=4.419e-06
[train] step=5376 loss=0.178995 lr=4.418e-06
[train] step=5377 loss=0.221938 lr=4.416e-06
[train] step=5378 loss=0.287593 lr=4.415e-06
[train] step=5379 loss=0.170428 lr=4.413e-06
[train] step=5380 loss=0.252752 lr=4.412e-06
[train] step=5381 loss=0.246383 lr=4.410e-06
[train] step=5382 loss=0.204720 lr=4.409e-06
[train] step=5383 loss=0.236191 lr=4.407e-06
[train] step=5384 loss=0.243617 lr=4.405e-06
[train] step=5385 loss=0.134733 lr=4.404e-06
[train] step=5386 loss=0.222971 lr=4.402e-06
[train] step=5387 loss=0.115338 lr=4.401e-06
[train] step=5388 loss=0.278426 lr=4.399e-06
[train] step=5389 loss=0.277049 lr=4.398e-06
[train] step=5390 loss=0.101032 lr=4.396e-06
[train] step=5391 loss=0.134139 lr=4.395e-06
[train] step=5392 loss=0.151877 lr=4.393e-06
[train] step=5393 loss=0.237112 lr=4.391e-06
[train] step=5394 loss=0.166901 lr=4.390e-06
[train] step=5395 loss=0.129268 lr=4.388e-06
[train] step=5396 loss=0.244825 lr=4.387e-06
[train] step=5397 loss=0.194480 lr=4.385e-06
[train] step=5398 loss=0.304211 lr=4.384e-06
[train] step=5399 loss=0.078325 lr=4.382e-06
[train] step=5400 loss=0.110384 lr=4.381e-06
[val] step=5400 val_loss=0.209960
INFO     [rank 0] Model weights for step 5400 saved in       dit_trainer.py:1085
         checkpoints/model_weights_step_05400.safetensors                       
INFO     [rank 0] Scalar embedding weights for step 5400     dit_trainer.py:1092
         saved                                                                  
INFO     [rank 0] Training state saved:                      dit_trainer.py:1123
         checkpoints/model_weights_step_05400.state.pt                          
DEBUG    [rank 0] Removed old checkpoint:                    dit_trainer.py:1136
         /hppfs/scratch/0D/go76fuz2/windinet/outputs/shockwa                    
         ve_dit_ep20_baseline/checkpoints/model_weights_step                    
         _04800.safetensors                                                     
DEBUG    [rank 0] Removed old checkpoint:                    dit_trainer.py:1136
         /hppfs/scratch/0D/go76fuz2/windinet/outputs/shockwa                    
         ve_dit_ep20_baseline/checkpoints/model_weights_step                    
         _04800.state.pt                                                        
DEBUG    [rank 0] Removed old checkpoint:                    dit_trainer.py:1136
         /hppfs/scratch/0D/go76fuz2/windinet/outputs/shockwa                    
         ve_dit_ep20_baseline/checkpoints/scalar_embedding_s                    
         tep_04800.safetensors                                                  
[epoch 45] step=5400 train_loss=0.207909 val_loss=0.209960
[train] step=5401 loss=0.216262 lr=4.379e-06
[train] step=5402 loss=0.238210 lr=4.377e-06
[train] step=5403 loss=0.317090 lr=4.376e-06
[train] step=5404 loss=0.149253 lr=4.374e-06
[train] step=5405 loss=0.252568 lr=4.373e-06
[train] step=5406 loss=0.142077 lr=4.371e-06
[train] step=5407 loss=0.227479 lr=4.370e-06
[train] step=5408 loss=0.157581 lr=4.368e-06
[train] step=5409 loss=0.231300 lr=4.367e-06
[train] step=5410 loss=0.351758 lr=4.365e-06
[train] step=5411 loss=0.150962 lr=4.363e-06
[train] step=5412 loss=0.214953 lr=4.362e-06
[train] step=5413 loss=0.155915 lr=4.360e-06
[train] step=5414 loss=0.141441 lr=4.359e-06
[train] step=5415 loss=0.188022 lr=4.357e-06
[train] step=5416 loss=0.218224 lr=4.356e-06
[train] step=5417 loss=0.158915 lr=4.354e-06
[train] step=5418 loss=0.164283 lr=4.353e-06
[train] step=5419 loss=0.252863 lr=4.351e-06
[train] step=5420 loss=0.143486 lr=4.349e-06
[train] step=5421 loss=0.131821 lr=4.348e-06
[train] step=5422 loss=0.146183 lr=4.346e-06
[train] step=5423 loss=0.210277 lr=4.345e-06
[train] step=5424 loss=0.163689 lr=4.343e-06
[train] step=5425 loss=0.181037 lr=4.342e-06
[train] step=5426 loss=0.199983 lr=4.340e-06
[train] step=5427 loss=0.120053 lr=4.339e-06
[train] step=5428 loss=0.206254 lr=4.337e-06
[train] step=5429 loss=0.170648 lr=4.335e-06
[train] step=5430 loss=0.153811 lr=4.334e-06
[train] step=5431 loss=0.310554 lr=4.332e-06
[train] step=5432 loss=0.161557 lr=4.331e-06
[train] step=5433 loss=0.171719 lr=4.329e-06
[train] step=5434 loss=0.206931 lr=4.328e-06
[train] step=5435 loss=0.255755 lr=4.326e-06
[train] step=5436 loss=0.208312 lr=4.325e-06
[train] step=5437 loss=0.345523 lr=4.323e-06
[train] step=5438 loss=0.224483 lr=4.321e-06
[train] step=5439 loss=0.203784 lr=4.320e-06
[train] step=5440 loss=0.146881 lr=4.318e-06
[train] step=5441 loss=0.191333 lr=4.317e-06
[train] step=5442 loss=0.209150 lr=4.315e-06
[train] step=5443 loss=0.212551 lr=4.314e-06
[train] step=5444 loss=0.129813 lr=4.312e-06
[train] step=5445 loss=0.191037 lr=4.311e-06
[train] step=5446 loss=0.193948 lr=4.309e-06
[train] step=5447 loss=0.163708 lr=4.307e-06
[train] step=5448 loss=0.221927 lr=4.306e-06
[train] step=5449 loss=0.226558 lr=4.304e-06
[train] step=5450 loss=0.265421 lr=4.303e-06
[train] step=5451 loss=0.166412 lr=4.301e-06
[train] step=5452 loss=0.220699 lr=4.300e-06
[train] step=5453 loss=0.150762 lr=4.298e-06
[train] step=5454 loss=0.145838 lr=4.297e-06
[train] step=5455 loss=0.230558 lr=4.295e-06
[train] step=5456 loss=0.150319 lr=4.293e-06
[train] step=5457 loss=0.133448 lr=4.292e-06
[train] step=5458 loss=0.212793 lr=4.290e-06
[train] step=5459 loss=0.339763 lr=4.289e-06
[train] step=5460 loss=0.230797 lr=4.287e-06
[train] step=5461 loss=0.233758 lr=4.286e-06
[train] step=5462 loss=0.124552 lr=4.284e-06
[train] step=5463 loss=0.163552 lr=4.283e-06
[train] step=5464 loss=0.175278 lr=4.281e-06
[train] step=5465 loss=0.277924 lr=4.279e-06
[train] step=5466 loss=0.220762 lr=4.278e-06
[train] step=5467 loss=0.181661 lr=4.276e-06
[train] step=5468 loss=0.143320 lr=4.275e-06
[train] step=5469 loss=0.106692 lr=4.273e-06
[train] step=5470 loss=0.210482 lr=4.272e-06
[train] step=5471 loss=0.225537 lr=4.270e-06
[train] step=5472 loss=0.189204 lr=4.269e-06
[train] step=5473 loss=0.145179 lr=4.267e-06
[train] step=5474 loss=0.154621 lr=4.265e-06
[train] step=5475 loss=0.197815 lr=4.264e-06
[train] step=5476 loss=0.251383 lr=4.262e-06
[train] step=5477 loss=0.127986 lr=4.261e-06
[train] step=5478 loss=0.216548 lr=4.259e-06
[train] step=5479 loss=0.221432 lr=4.258e-06
[train] step=5480 loss=0.196819 lr=4.256e-06
[train] step=5481 loss=0.194909 lr=4.255e-06
[train] step=5482 loss=0.195516 lr=4.253e-06
[train] step=5483 loss=0.126466 lr=4.252e-06
[train] step=5484 loss=0.242083 lr=4.250e-06
[train] step=5485 loss=0.186893 lr=4.248e-06
[train] step=5486 loss=0.216086 lr=4.247e-06
[train] step=5487 loss=0.177989 lr=4.245e-06
[train] step=5488 loss=0.173532 lr=4.244e-06
[train] step=5489 loss=0.215097 lr=4.242e-06
[train] step=5490 loss=0.233924 lr=4.241e-06
[train] step=5491 loss=0.221276 lr=4.239e-06
[train] step=5492 loss=0.152357 lr=4.238e-06
[train] step=5493 loss=0.225264 lr=4.236e-06
[train] step=5494 loss=0.196437 lr=4.234e-06
[train] step=5495 loss=0.168220 lr=4.233e-06
[train] step=5496 loss=0.244995 lr=4.231e-06
[train] step=5497 loss=0.262364 lr=4.230e-06
[train] step=5498 loss=0.182975 lr=4.228e-06
[train] step=5499 loss=0.167123 lr=4.227e-06
[train] step=5500 loss=0.132570 lr=4.225e-06
[train] step=5501 loss=0.223300 lr=4.224e-06
[train] step=5502 loss=0.168043 lr=4.222e-06
[train] step=5503 loss=0.210907 lr=4.221e-06
[train] step=5504 loss=0.209376 lr=4.219e-06
[train] step=5505 loss=0.210317 lr=4.217e-06
[train] step=5506 loss=0.202714 lr=4.216e-06
[train] step=5507 loss=0.143354 lr=4.214e-06
[train] step=5508 loss=0.194471 lr=4.213e-06
[train] step=5509 loss=0.180638 lr=4.211e-06
[train] step=5510 loss=0.409202 lr=4.210e-06
[train] step=5511 loss=0.368606 lr=4.208e-06
[train] step=5512 loss=0.233455 lr=4.207e-06
[train] step=5513 loss=0.268865 lr=4.205e-06
[train] step=5514 loss=0.222646 lr=4.203e-06
[train] step=5515 loss=0.197019 lr=4.202e-06
[train] step=5516 loss=0.508031 lr=4.200e-06
[train] step=5517 loss=0.141429 lr=4.199e-06
[train] step=5518 loss=0.300057 lr=4.197e-06
[train] step=5519 loss=0.231978 lr=4.196e-06
[train] step=5520 loss=0.200723 lr=4.194e-06
INFO     [rank 0] Model weights for step 5520 saved in       dit_trainer.py:1085
         checkpoints/model_weights_step_05520.safetensors                       
INFO     [rank 0] Scalar embedding weights for step 5520     dit_trainer.py:1092
         saved                                                                  
INFO     [rank 0] Training state saved:                      dit_trainer.py:1123
         checkpoints/model_weights_step_05520.state.pt                          
DEBUG    [rank 0] Removed old checkpoint:                    dit_trainer.py:1136
         /hppfs/scratch/0D/go76fuz2/windinet/outputs/shockwa                    
         ve_dit_ep20_baseline/checkpoints/model_weights_step                    
         _04920.safetensors                                                     
DEBUG    [rank 0] Removed old checkpoint:                    dit_trainer.py:1136
         /hppfs/scratch/0D/go76fuz2/windinet/outputs/shockwa                    
         ve_dit_ep20_baseline/checkpoints/model_weights_step                    
         _04920.state.pt                                                        
DEBUG    [rank 0] Removed old checkpoint:                    dit_trainer.py:1136
         /hppfs/scratch/0D/go76fuz2/windinet/outputs/shockwa                    
         ve_dit_ep20_baseline/checkpoints/scalar_embedding_s                    
         tep_04920.safetensors                                                  
[epoch 46] step=5520 train_loss=0.203284
[train] step=5521 loss=0.194745 lr=4.193e-06
[train] step=5522 loss=0.156916 lr=4.191e-06
[train] step=5523 loss=0.162284 lr=4.190e-06
[train] step=5524 loss=0.199934 lr=4.188e-06
[train] step=5525 loss=0.240079 lr=4.186e-06
[train] step=5526 loss=0.312595 lr=4.185e-06
[train] step=5527 loss=0.232364 lr=4.183e-06
[train] step=5528 loss=0.694749 lr=4.182e-06
[train] step=5529 loss=0.178374 lr=4.180e-06
[train] step=5530 loss=0.148908 lr=4.179e-06
[train] step=5531 loss=0.400410 lr=4.177e-06
[train] step=5532 loss=0.239352 lr=4.176e-06
[train] step=5533 loss=0.143555 lr=4.174e-06
[train] step=5534 loss=0.225578 lr=4.173e-06
[train] step=5535 loss=0.315544 lr=4.171e-06
[train] step=5536 loss=0.196941 lr=4.169e-06
[train] step=5537 loss=0.191081 lr=4.168e-06
[train] step=5538 loss=0.147817 lr=4.166e-06
[train] step=5539 loss=0.395846 lr=4.165e-06
[train] step=5540 loss=0.117775 lr=4.163e-06
[train] step=5541 loss=0.155579 lr=4.162e-06
[train] step=5542 loss=0.362631 lr=4.160e-06
[train] step=5543 loss=0.159268 lr=4.159e-06
[train] step=5544 loss=0.281943 lr=4.157e-06
[train] step=5545 loss=0.259977 lr=4.155e-06
[train] step=5546 loss=0.137242 lr=4.154e-06
[train] step=5547 loss=0.357374 lr=4.152e-06
[train] step=5548 loss=0.216493 lr=4.151e-06
[train] step=5549 loss=0.226722 lr=4.149e-06
[train] step=5550 loss=0.220294 lr=4.148e-06
[train] step=5551 loss=0.216561 lr=4.146e-06
[train] step=5552 loss=0.197151 lr=4.145e-06
[train] step=5553 loss=0.159399 lr=4.143e-06
[train] step=5554 loss=0.300971 lr=4.142e-06
[train] step=5555 loss=0.387007 lr=4.140e-06
[train] step=5556 loss=0.148682 lr=4.138e-06
[train] step=5557 loss=0.155854 lr=4.137e-06
[train] step=5558 loss=0.142885 lr=4.135e-06
[train] step=5559 loss=0.291073 lr=4.134e-06
[train] step=5560 loss=0.191534 lr=4.132e-06
[train] step=5561 loss=0.255093 lr=4.131e-06
[train] step=5562 loss=0.243972 lr=4.129e-06
[train] step=5563 loss=0.276554 lr=4.128e-06
[train] step=5564 loss=0.112349 lr=4.126e-06
[train] step=5565 loss=0.173858 lr=4.125e-06
[train] step=5566 loss=0.196562 lr=4.123e-06
[train] step=5567 loss=0.169506 lr=4.121e-06
[train] step=5568 loss=0.224549 lr=4.120e-06
[train] step=5569 loss=0.186512 lr=4.118e-06
[train] step=5570 loss=0.209169 lr=4.117e-06
[train] step=5571 loss=0.234254 lr=4.115e-06
[train] step=5572 loss=0.199944 lr=4.114e-06
[train] step=5573 loss=0.319521 lr=4.112e-06
[train] step=5574 loss=0.157216 lr=4.111e-06
[train] step=5575 loss=0.263687 lr=4.109e-06
[train] step=5576 loss=0.131049 lr=4.108e-06
[train] step=5577 loss=0.257463 lr=4.106e-06
[train] step=5578 loss=0.150508 lr=4.105e-06
[train] step=5579 loss=0.120324 lr=4.103e-06
[train] step=5580 loss=0.280192 lr=4.101e-06
[train] step=5581 loss=0.166569 lr=4.100e-06
[train] step=5582 loss=0.300503 lr=4.098e-06
[train] step=5583 loss=0.239824 lr=4.097e-06
[train] step=5584 loss=0.227864 lr=4.095e-06
[train] step=5585 loss=0.246315 lr=4.094e-06
[train] step=5586 loss=0.279255 lr=4.092e-06
[train] step=5587 loss=0.156537 lr=4.091e-06
[train] step=5588 loss=0.221608 lr=4.089e-06
[train] step=5589 loss=0.196400 lr=4.088e-06
[train] step=5590 loss=0.158939 lr=4.086e-06
[train] step=5591 loss=0.189874 lr=4.084e-06
[train] step=5592 loss=0.150974 lr=4.083e-06
[train] step=5593 loss=0.202693 lr=4.081e-06
[train] step=5594 loss=0.190565 lr=4.080e-06
[train] step=5595 loss=0.271684 lr=4.078e-06
[train] step=5596 loss=0.185056 lr=4.077e-06
[train] step=5597 loss=0.132251 lr=4.075e-06
[train] step=5598 loss=0.213579 lr=4.074e-06
[train] step=5599 loss=0.133686 lr=4.072e-06
[train] step=5600 loss=0.241709 lr=4.071e-06
[train] step=5601 loss=0.163836 lr=4.069e-06
[train] step=5602 loss=0.218193 lr=4.067e-06
[train] step=5603 loss=0.242749 lr=4.066e-06
[train] step=5604 loss=0.245330 lr=4.064e-06
[train] step=5605 loss=0.205158 lr=4.063e-06
[train] step=5606 loss=0.154437 lr=4.061e-06
[train] step=5607 loss=0.164241 lr=4.060e-06
[train] step=5608 loss=0.255738 lr=4.058e-06
[train] step=5609 loss=0.143944 lr=4.057e-06
[train] step=5610 loss=0.318743 lr=4.055e-06
[train] step=5611 loss=0.226943 lr=4.054e-06
[train] step=5612 loss=0.106715 lr=4.052e-06
[train] step=5613 loss=0.160658 lr=4.051e-06
[train] step=5614 loss=0.159136 lr=4.049e-06
[train] step=5615 loss=0.215426 lr=4.047e-06
[train] step=5616 loss=0.248486 lr=4.046e-06
[train] step=5617 loss=0.245214 lr=4.044e-06
[train] step=5618 loss=0.167295 lr=4.043e-06
[train] step=5619 loss=0.255252 lr=4.041e-06
[train] step=5620 loss=0.231784 lr=4.040e-06
[train] step=5621 loss=0.229754 lr=4.038e-06
[train] step=5622 loss=0.210042 lr=4.037e-06
[train] step=5623 loss=0.131413 lr=4.035e-06
[train] step=5624 loss=0.202980 lr=4.034e-06
[train] step=5625 loss=0.204147 lr=4.032e-06
[train] step=5626 loss=0.138311 lr=4.031e-06
[train] step=5627 loss=0.194157 lr=4.029e-06
[train] step=5628 loss=0.252867 lr=4.027e-06
[train] step=5629 loss=0.180481 lr=4.026e-06
[train] step=5630 loss=0.149202 lr=4.024e-06
[train] step=5631 loss=0.114463 lr=4.023e-06
[train] step=5632 loss=0.199845 lr=4.021e-06
[train] step=5633 loss=0.120820 lr=4.020e-06
[train] step=5634 loss=0.308960 lr=4.018e-06
[train] step=5635 loss=0.242006 lr=4.017e-06
[train] step=5636 loss=0.280336 lr=4.015e-06
[train] step=5637 loss=0.197560 lr=4.014e-06
[train] step=5638 loss=0.201477 lr=4.012e-06
[train] step=5639 loss=0.251778 lr=4.011e-06
[train] step=5640 loss=0.216596 lr=4.009e-06
INFO     [rank 0] Model weights for step 5640 saved in       dit_trainer.py:1085
         checkpoints/model_weights_step_05640.safetensors                       
INFO     [rank 0] Scalar embedding weights for step 5640     dit_trainer.py:1092
         saved                                                                  
INFO     [rank 0] Training state saved:                      dit_trainer.py:1123
         checkpoints/model_weights_step_05640.state.pt                          
DEBUG    [rank 0] Removed old checkpoint:                    dit_trainer.py:1136
         /hppfs/scratch/0D/go76fuz2/windinet/outputs/shockwa                    
         ve_dit_ep20_baseline/checkpoints/model_weights_step                    
         _05040.safetensors                                                     
DEBUG    [rank 0] Removed old checkpoint:                    dit_trainer.py:1136
         /hppfs/scratch/0D/go76fuz2/windinet/outputs/shockwa                    
         ve_dit_ep20_baseline/checkpoints/model_weights_step                    
         _05040.state.pt                                                        
DEBUG    [rank 0] Removed old checkpoint:                    dit_trainer.py:1136
         /hppfs/scratch/0D/go76fuz2/windinet/outputs/shockwa                    
         ve_dit_ep20_baseline/checkpoints/scalar_embedding_s                    
         tep_05040.safetensors                                                  
[epoch 47] step=5640 train_loss=0.215602
[train] step=5641 loss=0.141661 lr=4.007e-06
[train] step=5642 loss=0.219305 lr=4.006e-06
[train] step=5643 loss=0.237887 lr=4.004e-06
[train] step=5644 loss=0.185240 lr=4.003e-06
[train] step=5645 loss=0.191387 lr=4.001e-06
[train] step=5646 loss=0.286763 lr=4.000e-06
[train] step=5647 loss=0.171371 lr=3.998e-06
[train] step=5648 loss=0.180302 lr=3.997e-06
[train] step=5649 loss=0.239986 lr=3.995e-06
[train] step=5650 loss=0.220291 lr=3.994e-06
[train] step=5651 loss=0.413668 lr=3.992e-06
[train] step=5652 loss=0.253770 lr=3.991e-06
[train] step=5653 loss=0.199271 lr=3.989e-06
[train] step=5654 loss=0.203458 lr=3.987e-06
[train] step=5655 loss=0.238460 lr=3.986e-06
[train] step=5656 loss=0.459635 lr=3.984e-06
[train] step=5657 loss=0.179579 lr=3.983e-06
[train] step=5658 loss=0.195768 lr=3.981e-06
[train] step=5659 loss=0.175328 lr=3.980e-06
[train] step=5660 loss=0.167741 lr=3.978e-06
[train] step=5661 loss=0.326340 lr=3.977e-06
[train] step=5662 loss=0.199819 lr=3.975e-06
[train] step=5663 loss=0.289169 lr=3.974e-06
[train] step=5664 loss=0.209759 lr=3.972e-06
[train] step=5665 loss=0.249812 lr=3.971e-06
[train] step=5666 loss=0.225010 lr=3.969e-06
[train] step=5667 loss=0.260477 lr=3.968e-06
[train] step=5668 loss=0.276951 lr=3.966e-06
[train] step=5669 loss=0.169312 lr=3.964e-06
[train] step=5670 loss=0.244471 lr=3.963e-06
[train] step=5671 loss=0.223803 lr=3.961e-06
[train] step=5672 loss=0.180816 lr=3.960e-06
[train] step=5673 loss=0.319205 lr=3.958e-06
[train] step=5674 loss=0.137446 lr=3.957e-06
[train] step=5675 loss=0.297323 lr=3.955e-06
[train] step=5676 loss=0.159517 lr=3.954e-06
[train] step=5677 loss=0.222145 lr=3.952e-06
[train] step=5678 loss=0.157481 lr=3.951e-06
[train] step=5679 loss=0.147425 lr=3.949e-06
[train] step=5680 loss=0.127990 lr=3.948e-06
[train] step=5681 loss=0.240856 lr=3.946e-06
[train] step=5682 loss=0.263986 lr=3.944e-06
[train] step=5683 loss=0.199002 lr=3.943e-06
[train] step=5684 loss=0.083628 lr=3.941e-06
[train] step=5685 loss=0.170194 lr=3.940e-06
[train] step=5686 loss=0.145203 lr=3.938e-06
[train] step=5687 loss=0.189593 lr=3.937e-06
[train] step=5688 loss=0.180737 lr=3.935e-06
[train] step=5689 loss=0.215055 lr=3.934e-06
[train] step=5690 loss=0.183574 lr=3.932e-06
[train] step=5691 loss=0.092588 lr=3.931e-06
[train] step=5692 loss=0.197013 lr=3.929e-06
[train] step=5693 loss=0.159877 lr=3.928e-06
[train] step=5694 loss=0.134322 lr=3.926e-06
[train] step=5695 loss=0.211480 lr=3.925e-06
[train] step=5696 loss=0.157439 lr=3.923e-06
[train] step=5697 loss=0.159477 lr=3.922e-06
[train] step=5698 loss=0.196435 lr=3.920e-06
[train] step=5699 loss=0.281010 lr=3.918e-06
[train] step=5700 loss=0.148216 lr=3.917e-06
[train] step=5701 loss=0.095821 lr=3.915e-06
[train] step=5702 loss=0.213798 lr=3.914e-06
[train] step=5703 loss=0.135457 lr=3.912e-06
[train] step=5704 loss=0.160014 lr=3.911e-06
[train] step=5705 loss=0.226160 lr=3.909e-06
[train] step=5706 loss=0.225118 lr=3.908e-06
[train] step=5707 loss=0.151901 lr=3.906e-06
[train] step=5708 loss=0.166807 lr=3.905e-06
[train] step=5709 loss=0.170596 lr=3.903e-06
[train] step=5710 loss=0.174878 lr=3.902e-06
[train] step=5711 loss=0.169459 lr=3.900e-06
[train] step=5712 loss=0.187021 lr=3.899e-06
[train] step=5713 loss=0.144203 lr=3.897e-06
[train] step=5714 loss=0.170871 lr=3.895e-06
[train] step=5715 loss=0.148441 lr=3.894e-06
[train] step=5716 loss=0.284752 lr=3.892e-06
[train] step=5717 loss=0.227097 lr=3.891e-06
[train] step=5718 loss=0.144048 lr=3.889e-06
[train] step=5719 loss=0.089810 lr=3.888e-06
[train] step=5720 loss=0.211356 lr=3.886e-06
[train] step=5721 loss=0.362370 lr=3.885e-06
[train] step=5722 loss=0.174484 lr=3.883e-06
[train] step=5723 loss=0.297760 lr=3.882e-06
[train] step=5724 loss=0.257850 lr=3.880e-06
[train] step=5725 loss=0.191270 lr=3.879e-06
[train] step=5726 loss=0.174170 lr=3.877e-06
[train] step=5727 loss=0.166258 lr=3.876e-06
[train] step=5728 loss=0.238862 lr=3.874e-06
[train] step=5729 loss=0.156377 lr=3.873e-06
[train] step=5730 loss=0.199913 lr=3.871e-06
[train] step=5731 loss=0.119639 lr=3.869e-06
[train] step=5732 loss=0.279267 lr=3.868e-06
[train] step=5733 loss=0.234168 lr=3.866e-06
[train] step=5734 loss=0.246410 lr=3.865e-06
[train] step=5735 loss=0.167406 lr=3.863e-06
[train] step=5736 loss=0.283890 lr=3.862e-06
[train] step=5737 loss=0.185025 lr=3.860e-06
[train] step=5738 loss=0.186853 lr=3.859e-06
[train] step=5739 loss=0.232726 lr=3.857e-06
[train] step=5740 loss=0.228192 lr=3.856e-06
[train] step=5741 loss=0.127718 lr=3.854e-06
[train] step=5742 loss=0.212718 lr=3.853e-06
[train] step=5743 loss=0.183762 lr=3.851e-06
[train] step=5744 loss=0.147413 lr=3.850e-06
[train] step=5745 loss=0.160568 lr=3.848e-06
[train] step=5746 loss=0.184418 lr=3.847e-06
[train] step=5747 loss=0.170898 lr=3.845e-06
[train] step=5748 loss=0.224113 lr=3.844e-06
[train] step=5749 loss=0.299337 lr=3.842e-06
[train] step=5750 loss=0.168478 lr=3.840e-06
[train] step=5751 loss=0.233301 lr=3.839e-06
[train] step=5752 loss=0.176647 lr=3.837e-06
[train] step=5753 loss=0.200254 lr=3.836e-06
[train] step=5754 loss=0.221112 lr=3.834e-06
[train] step=5755 loss=0.132026 lr=3.833e-06
[train] step=5756 loss=0.170958 lr=3.831e-06
[train] step=5757 loss=0.209244 lr=3.830e-06
[train] step=5758 loss=0.184244 lr=3.828e-06
[train] step=5759 loss=0.160288 lr=3.827e-06
[train] step=5760 loss=0.135015 lr=3.825e-06
INFO     [rank 0] Model weights for step 5760 saved in       dit_trainer.py:1085
         checkpoints/model_weights_step_05760.safetensors                       
INFO     [rank 0] Scalar embedding weights for step 5760     dit_trainer.py:1092
         saved                                                                  
INFO     [rank 0] Training state saved:                      dit_trainer.py:1123
         checkpoints/model_weights_step_05760.state.pt                          
DEBUG    [rank 0] Removed old checkpoint:                    dit_trainer.py:1136
         /hppfs/scratch/0D/go76fuz2/windinet/outputs/shockwa                    
         ve_dit_ep20_baseline/checkpoints/model_weights_step                    
         _05160.safetensors                                                     
DEBUG    [rank 0] Removed old checkpoint:                    dit_trainer.py:1136
         /hppfs/scratch/0D/go76fuz2/windinet/outputs/shockwa                    
         ve_dit_ep20_baseline/checkpoints/model_weights_step                    
         _05160.state.pt                                                        
DEBUG    [rank 0] Removed old checkpoint:                    dit_trainer.py:1136
         /hppfs/scratch/0D/go76fuz2/windinet/outputs/shockwa                    
         ve_dit_ep20_baseline/checkpoints/scalar_embedding_s                    
         tep_05160.safetensors                                                  
[epoch 48] step=5760 train_loss=0.202162
[train] step=5761 loss=0.122088 lr=3.824e-06
[train] step=5762 loss=0.282903 lr=3.822e-06
[train] step=5763 loss=0.145128 lr=3.821e-06
[train] step=5764 loss=0.198570 lr=3.819e-06
[train] step=5765 loss=0.225788 lr=3.818e-06
[train] step=5766 loss=0.110118 lr=3.816e-06
[train] step=5767 loss=0.258576 lr=3.815e-06
[train] step=5768 loss=0.258150 lr=3.813e-06
[train] step=5769 loss=0.192985 lr=3.811e-06
[train] step=5770 loss=0.159990 lr=3.810e-06
[train] step=5771 loss=0.242883 lr=3.808e-06
[train] step=5772 loss=0.187492 lr=3.807e-06
[train] step=5773 loss=0.141104 lr=3.805e-06
[train] step=5774 loss=0.206938 lr=3.804e-06
[train] step=5775 loss=0.137484 lr=3.802e-06
[train] step=5776 loss=0.231016 lr=3.801e-06
[train] step=5777 loss=0.216975 lr=3.799e-06
[train] step=5778 loss=0.180767 lr=3.798e-06
[train] step=5779 loss=0.168721 lr=3.796e-06
[train] step=5780 loss=0.219404 lr=3.795e-06
[train] step=5781 loss=0.205870 lr=3.793e-06
[train] step=5782 loss=0.142263 lr=3.792e-06
[train] step=5783 loss=0.191641 lr=3.790e-06
[train] step=5784 loss=0.277562 lr=3.789e-06
[train] step=5785 loss=0.194797 lr=3.787e-06
[train] step=5786 loss=0.368116 lr=3.786e-06
[train] step=5787 loss=0.210447 lr=3.784e-06
[train] step=5788 loss=0.108580 lr=3.783e-06
[train] step=5789 loss=0.172372 lr=3.781e-06
[train] step=5790 loss=0.155900 lr=3.780e-06
[train] step=5791 loss=0.171873 lr=3.778e-06
[train] step=5792 loss=0.177690 lr=3.776e-06
[train] step=5793 loss=0.150799 lr=3.775e-06
[train] step=5794 loss=0.226328 lr=3.773e-06
[train] step=5795 loss=0.223362 lr=3.772e-06
[train] step=5796 loss=0.149269 lr=3.770e-06
[train] step=5797 loss=0.182141 lr=3.769e-06
[train] step=5798 loss=0.185521 lr=3.767e-06
[train] step=5799 loss=0.126392 lr=3.766e-06
[train] step=5800 loss=0.250183 lr=3.764e-06
[train] step=5801 loss=0.151827 lr=3.763e-06
[train] step=5802 loss=0.143505 lr=3.761e-06
[train] step=5803 loss=0.156856 lr=3.760e-06
[train] step=5804 loss=0.210832 lr=3.758e-06
[train] step=5805 loss=0.191027 lr=3.757e-06
[train] step=5806 loss=0.211780 lr=3.755e-06
[train] step=5807 loss=0.226433 lr=3.754e-06
[train] step=5808 loss=0.279267 lr=3.752e-06
[train] step=5809 loss=0.219364 lr=3.751e-06
[train] step=5810 loss=0.238266 lr=3.749e-06
[train] step=5811 loss=0.129297 lr=3.748e-06
[train] step=5812 loss=0.215359 lr=3.746e-06
[train] step=5813 loss=0.170049 lr=3.745e-06
[train] step=5814 loss=0.265784 lr=3.743e-06
[train] step=5815 loss=0.203709 lr=3.742e-06
[train] step=5816 loss=0.109988 lr=3.740e-06
[train] step=5817 loss=0.223904 lr=3.738e-06
[train] step=5818 loss=0.199827 lr=3.737e-06
[train] step=5819 loss=0.206362 lr=3.735e-06
[train] step=5820 loss=0.169150 lr=3.734e-06
[train] step=5821 loss=0.466754 lr=3.732e-06
[train] step=5822 loss=0.201671 lr=3.731e-06
[train] step=5823 loss=0.231307 lr=3.729e-06
[train] step=5824 loss=0.175824 lr=3.728e-06
[train] step=5825 loss=0.101447 lr=3.726e-06
[train] step=5826 loss=0.162665 lr=3.725e-06
[train] step=5827 loss=0.239573 lr=3.723e-06
[train] step=5828 loss=0.241333 lr=3.722e-06
[train] step=5829 loss=0.187474 lr=3.720e-06
[train] step=5830 loss=0.179223 lr=3.719e-06
[train] step=5831 loss=0.263046 lr=3.717e-06
[train] step=5832 loss=0.169312 lr=3.716e-06
[train] step=5833 loss=0.121833 lr=3.714e-06
[train] step=5834 loss=0.257107 lr=3.713e-06
[train] step=5835 loss=0.204506 lr=3.711e-06
[train] step=5836 loss=0.252510 lr=3.710e-06
[train] step=5837 loss=0.105553 lr=3.708e-06
[train] step=5838 loss=0.248623 lr=3.707e-06
[train] step=5839 loss=0.168647 lr=3.705e-06
[train] step=5840 loss=0.139673 lr=3.704e-06
[train] step=5841 loss=0.236084 lr=3.702e-06
[train] step=5842 loss=0.257746 lr=3.701e-06
[train] step=5843 loss=0.253542 lr=3.699e-06
[train] step=5844 loss=0.246637 lr=3.698e-06
[train] step=5845 loss=0.182727 lr=3.696e-06
[train] step=5846 loss=0.265880 lr=3.695e-06
[train] step=5847 loss=0.303991 lr=3.693e-06
[train] step=5848 loss=0.150402 lr=3.691e-06
[train] step=5849 loss=0.188720 lr=3.690e-06
[train] step=5850 loss=0.150218 lr=3.688e-06
[train] step=5851 loss=0.311372 lr=3.687e-06
[train] step=5852 loss=0.328984 lr=3.685e-06
[train] step=5853 loss=0.163319 lr=3.684e-06
[train] step=5854 loss=0.122068 lr=3.682e-06
[train] step=5855 loss=0.090150 lr=3.681e-06
[train] step=5856 loss=0.146951 lr=3.679e-06
[train] step=5857 loss=0.146786 lr=3.678e-06
[train] step=5858 loss=0.090068 lr=3.676e-06
[train] step=5859 loss=0.171486 lr=3.675e-06
[train] step=5860 loss=0.181098 lr=3.673e-06
[train] step=5861 loss=0.141893 lr=3.672e-06
[train] step=5862 loss=0.157773 lr=3.670e-06
[train] step=5863 loss=0.236153 lr=3.669e-06
[train] step=5864 loss=0.244706 lr=3.667e-06
[train] step=5865 loss=0.207134 lr=3.666e-06
[train] step=5866 loss=0.202815 lr=3.664e-06
[train] step=5867 loss=0.215825 lr=3.663e-06
[train] step=5868 loss=0.259053 lr=3.661e-06
[train] step=5869 loss=0.218158 lr=3.660e-06
[train] step=5870 loss=0.228968 lr=3.658e-06
[train] step=5871 loss=0.119506 lr=3.657e-06
[train] step=5872 loss=0.277046 lr=3.655e-06
[train] step=5873 loss=0.081297 lr=3.654e-06
[train] step=5874 loss=0.204267 lr=3.652e-06
[train] step=5875 loss=0.177071 lr=3.651e-06
[train] step=5876 loss=0.160915 lr=3.649e-06
[train] step=5877 loss=0.194270 lr=3.648e-06
[train] step=5878 loss=0.218425 lr=3.646e-06
[train] step=5879 loss=0.164905 lr=3.645e-06
[train] step=5880 loss=0.317807 lr=3.643e-06
INFO     [rank 0] Model weights for step 5880 saved in       dit_trainer.py:1085
         checkpoints/model_weights_step_05880.safetensors                       
INFO     [rank 0] Scalar embedding weights for step 5880     dit_trainer.py:1092
         saved                                                                  
INFO     [rank 0] Training state saved:                      dit_trainer.py:1123
         checkpoints/model_weights_step_05880.state.pt                          
DEBUG    [rank 0] Removed old checkpoint:                    dit_trainer.py:1136
         /hppfs/scratch/0D/go76fuz2/windinet/outputs/shockwa                    
         ve_dit_ep20_baseline/checkpoints/model_weights_step                    
         _05280.safetensors                                                     
DEBUG    [rank 0] Removed old checkpoint:                    dit_trainer.py:1136
         /hppfs/scratch/0D/go76fuz2/windinet/outputs/shockwa                    
         ve_dit_ep20_baseline/checkpoints/model_weights_step                    
         _05280.state.pt                                                        
DEBUG    [rank 0] Removed old checkpoint:                    dit_trainer.py:1136
         /hppfs/scratch/0D/go76fuz2/windinet/outputs/shockwa                    
         ve_dit_ep20_baseline/checkpoints/scalar_embedding_s                    
         tep_05280.safetensors                                                  
[epoch 49] step=5880 train_loss=0.196936
[train] step=5881 loss=0.183006 lr=3.642e-06
[train] step=5882 loss=0.287234 lr=3.640e-06
[train] step=5883 loss=0.144058 lr=3.639e-06
[train] step=5884 loss=0.164181 lr=3.637e-06
[train] step=5885 loss=0.287724 lr=3.636e-06
[train] step=5886 loss=0.227255 lr=3.634e-06
[train] step=5887 loss=0.150412 lr=3.633e-06
[train] step=5888 loss=0.308334 lr=3.631e-06
[train] step=5889 loss=0.121364 lr=3.630e-06
[train] step=5890 loss=0.137774 lr=3.628e-06
[train] step=5891 loss=0.225118 lr=3.627e-06
[train] step=5892 loss=0.209719 lr=3.625e-06
[train] step=5893 loss=0.121043 lr=3.623e-06
[train] step=5894 loss=0.139080 lr=3.622e-06
[train] step=5895 loss=0.167814 lr=3.620e-06
[train] step=5896 loss=0.257056 lr=3.619e-06
[train] step=5897 loss=0.279966 lr=3.617e-06
[train] step=5898 loss=0.198776 lr=3.616e-06
[train] step=5899 loss=0.228886 lr=3.614e-06
[train] step=5900 loss=0.156257 lr=3.613e-06
[train] step=5901 loss=0.528876 lr=3.611e-06
[train] step=5902 loss=0.155079 lr=3.610e-06
[train] step=5903 loss=0.222786 lr=3.608e-06
[train] step=5904 loss=0.233536 lr=3.607e-06
[train] step=5905 loss=0.415504 lr=3.605e-06
[train] step=5906 loss=0.148877 lr=3.604e-06
[train] step=5907 loss=0.208509 lr=3.602e-06
[train] step=5908 loss=0.285702 lr=3.601e-06
[train] step=5909 loss=0.276371 lr=3.599e-06
[train] step=5910 loss=0.281983 lr=3.598e-06
[train] step=5911 loss=0.146851 lr=3.596e-06
[train] step=5912 loss=0.159896 lr=3.595e-06
[train] step=5913 loss=0.184268 lr=3.593e-06
[train] step=5914 loss=0.162506 lr=3.592e-06
[train] step=5915 loss=0.103757 lr=3.590e-06
[train] step=5916 loss=0.144869 lr=3.589e-06
[train] step=5917 loss=0.189794 lr=3.587e-06
[train] step=5918 loss=0.122418 lr=3.586e-06
[train] step=5919 loss=0.172770 lr=3.584e-06
[train] step=5920 loss=0.151730 lr=3.583e-06
[train] step=5921 loss=0.246457 lr=3.581e-06
[train] step=5922 loss=0.136983 lr=3.580e-06
[train] step=5923 loss=0.195095 lr=3.578e-06
[train] step=5924 loss=0.098167 lr=3.577e-06
[train] step=5925 loss=0.263358 lr=3.575e-06
[train] step=5926 loss=0.166980 lr=3.574e-06
[train] step=5927 loss=0.151223 lr=3.572e-06
[train] step=5928 loss=0.153371 lr=3.571e-06
[train] step=5929 loss=0.204020 lr=3.569e-06
[train] step=5930 loss=0.139248 lr=3.568e-06
[train] step=5931 loss=0.217578 lr=3.566e-06
[train] step=5932 loss=0.217139 lr=3.565e-06
[train] step=5933 loss=0.156964 lr=3.563e-06
[train] step=5934 loss=0.209061 lr=3.562e-06
[train] step=5935 loss=0.144252 lr=3.560e-06
[train] step=5936 loss=0.145370 lr=3.559e-06
[train] step=5937 loss=0.235311 lr=3.557e-06
[train] step=5938 loss=0.202875 lr=3.556e-06
[train] step=5939 loss=0.164776 lr=3.554e-06
[train] step=5940 loss=0.183689 lr=3.553e-06
[train] step=5941 loss=0.209299 lr=3.551e-06
[train] step=5942 loss=0.159648 lr=3.550e-06
[train] step=5943 loss=0.246751 lr=3.548e-06
[train] step=5944 loss=0.331252 lr=3.547e-06
[train] step=5945 loss=0.178061 lr=3.545e-06
[train] step=5946 loss=0.133964 lr=3.544e-06
[train] step=5947 loss=0.206105 lr=3.542e-06
[train] step=5948 loss=0.285141 lr=3.541e-06
[train] step=5949 loss=0.235969 lr=3.539e-06
[train] step=5950 loss=0.174173 lr=3.538e-06
[train] step=5951 loss=0.136444 lr=3.536e-06
[train] step=5952 loss=0.137936 lr=3.535e-06
[train] step=5953 loss=0.136297 lr=3.533e-06
[train] step=5954 loss=0.235952 lr=3.532e-06
[train] step=5955 loss=0.210705 lr=3.530e-06
[train] step=5956 loss=0.138208 lr=3.529e-06
[train] step=5957 loss=0.215478 lr=3.527e-06
[train] step=5958 loss=0.204830 lr=3.526e-06
[train] step=5959 loss=0.170132 lr=3.524e-06
[train] step=5960 loss=0.084349 lr=3.523e-06
[train] step=5961 loss=0.228690 lr=3.521e-06
[train] step=5962 loss=0.195431 lr=3.520e-06
[train] step=5963 loss=0.271351 lr=3.518e-06
[train] step=5964 loss=0.227510 lr=3.517e-06
[train] step=5965 loss=0.218922 lr=3.515e-06
[train] step=5966 loss=0.221615 lr=3.514e-06
[train] step=5967 loss=0.157210 lr=3.512e-06
[train] step=5968 loss=0.119269 lr=3.511e-06
[train] step=5969 loss=0.192158 lr=3.509e-06
[train] step=5970 loss=0.110502 lr=3.508e-06
[train] step=5971 loss=0.267459 lr=3.506e-06
[train] step=5972 loss=0.180635 lr=3.505e-06
[train] step=5973 loss=0.113866 lr=3.503e-06
[train] step=5974 loss=0.208180 lr=3.502e-06
[train] step=5975 loss=0.160455 lr=3.500e-06
[train] step=5976 loss=0.164219 lr=3.499e-06
[train] step=5977 loss=0.168099 lr=3.497e-06
[train] step=5978 loss=0.120493 lr=3.496e-06
[train] step=5979 loss=0.171102 lr=3.494e-06
[train] step=5980 loss=0.266564 lr=3.493e-06
[train] step=5981 loss=0.167783 lr=3.491e-06
[train] step=5982 loss=0.195234 lr=3.490e-06
[train] step=5983 loss=0.166146 lr=3.488e-06
[train] step=5984 loss=0.118219 lr=3.487e-06
[train] step=5985 loss=0.179451 lr=3.485e-06
[train] step=5986 loss=0.144630 lr=3.484e-06
[train] step=5987 loss=0.293974 lr=3.482e-06
[train] step=5988 loss=0.206198 lr=3.481e-06
[train] step=5989 loss=0.292908 lr=3.479e-06
[train] step=5990 loss=0.259505 lr=3.478e-06
[train] step=5991 loss=0.187918 lr=3.476e-06
[train] step=5992 loss=0.422201 lr=3.475e-06
[train] step=5993 loss=0.431286 lr=3.473e-06
[train] step=5994 loss=0.231521 lr=3.472e-06
[train] step=5995 loss=0.165446 lr=3.470e-06
[train] step=5996 loss=0.217969 lr=3.469e-06
[train] step=5997 loss=0.175264 lr=3.467e-06
[train] step=5998 loss=0.133014 lr=3.466e-06
[train] step=5999 loss=0.149020 lr=3.464e-06
[train] step=6000 loss=0.201353 lr=3.463e-06
[val] step=6000 val_loss=0.209472
INFO     [rank 0] Model weights for step 6000 saved in       dit_trainer.py:1085
         checkpoints/model_weights_step_06000.safetensors                       
INFO     [rank 0] Scalar embedding weights for step 6000     dit_trainer.py:1092
         saved                                                                  
INFO     [rank 0] Training state saved:                      dit_trainer.py:1123
         checkpoints/model_weights_step_06000.state.pt                          
DEBUG    [rank 0] Removed old checkpoint:                    dit_trainer.py:1136
         /hppfs/scratch/0D/go76fuz2/windinet/outputs/shockwa                    
         ve_dit_ep20_baseline/checkpoints/model_weights_step                    
         _05400.safetensors                                                     
DEBUG    [rank 0] Removed old checkpoint:                    dit_trainer.py:1136
         /hppfs/scratch/0D/go76fuz2/windinet/outputs/shockwa                    
         ve_dit_ep20_baseline/checkpoints/model_weights_step                    
         _05400.state.pt                                                        
DEBUG    [rank 0] Removed old checkpoint:                    dit_trainer.py:1136
         /hppfs/scratch/0D/go76fuz2/windinet/outputs/shockwa                    
         ve_dit_ep20_baseline/checkpoints/scalar_embedding_s                    
         tep_05400.safetensors                                                  
[epoch 50] step=6000 train_loss=0.199775 val_loss=0.209472
[train] step=6001 loss=0.248363 lr=3.461e-06
[train] step=6002 loss=0.265194 lr=3.460e-06
[train] step=6003 loss=0.101919 lr=3.458e-06
[train] step=6004 loss=0.335988 lr=3.457e-06
[train] step=6005 loss=0.165040 lr=3.455e-06
[train] step=6006 loss=0.172728 lr=3.454e-06
[train] step=6007 loss=0.226779 lr=3.453e-06
[train] step=6008 loss=0.177144 lr=3.451e-06
[train] step=6009 loss=0.169509 lr=3.450e-06
[train] step=6010 loss=0.238776 lr=3.448e-06
[train] step=6011 loss=0.111220 lr=3.447e-06
[train] step=6012 loss=0.214384 lr=3.445e-06
[train] step=6013 loss=0.265349 lr=3.444e-06
[train] step=6014 loss=0.180972 lr=3.442e-06
[train] step=6015 loss=0.185273 lr=3.441e-06
[train] step=6016 loss=0.136570 lr=3.439e-06
[train] step=6017 loss=0.188425 lr=3.438e-06
[train] step=6018 loss=0.281502 lr=3.436e-06
[train] step=6019 loss=0.172893 lr=3.435e-06
[train] step=6020 loss=0.193452 lr=3.433e-06
[train] step=6021 loss=0.123537 lr=3.432e-06
[train] step=6022 loss=0.286965 lr=3.430e-06
[train] step=6023 loss=0.160444 lr=3.429e-06
[train] step=6024 loss=0.260670 lr=3.427e-06
[train] step=6025 loss=0.137691 lr=3.426e-06
[train] step=6026 loss=0.134753 lr=3.424e-06
[train] step=6027 loss=0.161189 lr=3.423e-06
[train] step=6028 loss=0.186925 lr=3.421e-06
[train] step=6029 loss=0.201293 lr=3.420e-06
[train] step=6030 loss=0.149012 lr=3.418e-06
[train] step=6031 loss=0.253109 lr=3.417e-06
[train] step=6032 loss=0.285023 lr=3.415e-06
[train] step=6033 loss=0.230507 lr=3.414e-06
[train] step=6034 loss=0.176965 lr=3.412e-06
[train] step=6035 loss=0.184411 lr=3.411e-06
[train] step=6036 loss=0.148096 lr=3.409e-06
[train] step=6037 loss=0.245245 lr=3.408e-06
[train] step=6038 loss=0.215104 lr=3.406e-06
[train] step=6039 loss=0.254562 lr=3.405e-06
[train] step=6040 loss=0.182062 lr=3.403e-06
[train] step=6041 loss=0.150365 lr=3.402e-06
[train] step=6042 loss=0.126495 lr=3.400e-06
[train] step=6043 loss=0.278213 lr=3.399e-06
[train] step=6044 loss=0.113054 lr=3.397e-06
[train] step=6045 loss=0.138364 lr=3.396e-06
[train] step=6046 loss=0.201230 lr=3.394e-06
[train] step=6047 loss=0.167951 lr=3.393e-06
[train] step=6048 loss=0.210363 lr=3.391e-06
[train] step=6049 loss=0.153110 lr=3.390e-06
[train] step=6050 loss=0.168952 lr=3.389e-06
[train] step=6051 loss=0.286341 lr=3.387e-06
[train] step=6052 loss=0.245108 lr=3.386e-06
[train] step=6053 loss=0.181343 lr=3.384e-06
[train] step=6054 loss=0.157364 lr=3.383e-06
[train] step=6055 loss=0.279786 lr=3.381e-06
[train] step=6056 loss=0.093868 lr=3.380e-06
[train] step=6057 loss=0.188321 lr=3.378e-06
[train] step=6058 loss=0.129333 lr=3.377e-06
[train] step=6059 loss=0.146399 lr=3.375e-06
[train] step=6060 loss=0.150623 lr=3.374e-06
[train] step=6061 loss=0.065590 lr=3.372e-06
[train] step=6062 loss=0.244616 lr=3.371e-06
[train] step=6063 loss=0.158877 lr=3.369e-06
[train] step=6064 loss=0.172042 lr=3.368e-06
[train] step=6065 loss=0.099137 lr=3.366e-06
[train] step=6066 loss=0.163838 lr=3.365e-06
[train] step=6067 loss=0.205018 lr=3.363e-06
[train] step=6068 loss=0.170032 lr=3.362e-06
[train] step=6069 loss=0.136898 lr=3.360e-06
[train] step=6070 loss=0.166655 lr=3.359e-06
[train] step=6071 loss=0.225272 lr=3.357e-06
[train] step=6072 loss=0.180506 lr=3.356e-06
[train] step=6073 loss=0.138609 lr=3.354e-06
[train] step=6074 loss=0.157550 lr=3.353e-06
[train] step=6075 loss=0.165517 lr=3.351e-06
[train] step=6076 loss=0.176731 lr=3.350e-06
[train] step=6077 loss=0.209599 lr=3.348e-06
[train] step=6078 loss=0.211647 lr=3.347e-06
[train] step=6079 loss=0.250818 lr=3.346e-06
[train] step=6080 loss=0.257551 lr=3.344e-06
[train] step=6081 loss=0.163474 lr=3.343e-06
[train] step=6082 loss=0.132677 lr=3.341e-06
[train] step=6083 loss=0.232784 lr=3.340e-06
[train] step=6084 loss=0.111092 lr=3.338e-06
[train] step=6085 loss=0.164305 lr=3.337e-06
[train] step=6086 loss=0.102505 lr=3.335e-06
[train] step=6087 loss=0.129063 lr=3.334e-06
[train] step=6088 loss=0.170908 lr=3.332e-06
[train] step=6089 loss=0.226153 lr=3.331e-06
[train] step=6090 loss=0.318078 lr=3.329e-06
[train] step=6091 loss=0.123026 lr=3.328e-06
[train] step=6092 loss=0.095331 lr=3.326e-06
[train] step=6093 loss=0.159000 lr=3.325e-06
[train] step=6094 loss=0.234279 lr=3.323e-06
[train] step=6095 loss=0.292438 lr=3.322e-06
[train] step=6096 loss=0.168441 lr=3.320e-06
[train] step=6097 loss=0.290884 lr=3.319e-06
[train] step=6098 loss=0.218431 lr=3.317e-06
[train] step=6099 loss=0.246215 lr=3.316e-06
[train] step=6100 loss=0.169956 lr=3.314e-06
[train] step=6101 loss=0.120024 lr=3.313e-06
[train] step=6102 loss=0.178487 lr=3.312e-06
[train] step=6103 loss=0.198532 lr=3.310e-06
[train] step=6104 loss=0.167482 lr=3.309e-06
[train] step=6105 loss=0.216845 lr=3.307e-06
[train] step=6106 loss=0.112229 lr=3.306e-06
[train] step=6107 loss=0.225030 lr=3.304e-06
[train] step=6108 loss=0.219271 lr=3.303e-06
[train] step=6109 loss=0.214010 lr=3.301e-06
[train] step=6110 loss=0.145740 lr=3.300e-06
[train] step=6111 loss=0.308799 lr=3.298e-06
[train] step=6112 loss=0.258712 lr=3.297e-06
[train] step=6113 loss=0.327128 lr=3.295e-06
[train] step=6114 loss=0.215757 lr=3.294e-06
[train] step=6115 loss=0.081707 lr=3.292e-06
[train] step=6116 loss=0.126353 lr=3.291e-06
[train] step=6117 loss=0.309375 lr=3.289e-06
[train] step=6118 loss=0.149873 lr=3.288e-06
[train] step=6119 loss=0.197295 lr=3.286e-06
[train] step=6120 loss=0.192523 lr=3.285e-06
INFO     [rank 0] Model weights for step 6120 saved in       dit_trainer.py:1085
         checkpoints/model_weights_step_06120.safetensors                       
INFO     [rank 0] Scalar embedding weights for step 6120     dit_trainer.py:1092
         saved                                                                  
INFO     [rank 0] Training state saved:                      dit_trainer.py:1123
         checkpoints/model_weights_step_06120.state.pt                          
DEBUG    [rank 0] Removed old checkpoint:                    dit_trainer.py:1136
         /hppfs/scratch/0D/go76fuz2/windinet/outputs/shockwa                    
         ve_dit_ep20_baseline/checkpoints/model_weights_step                    
         _05520.safetensors                                                     
DEBUG    [rank 0] Removed old checkpoint:                    dit_trainer.py:1136
         /hppfs/scratch/0D/go76fuz2/windinet/outputs/shockwa                    
         ve_dit_ep20_baseline/checkpoints/model_weights_step                    
         _05520.state.pt                                                        
DEBUG    [rank 0] Removed old checkpoint:                    dit_trainer.py:1136
         /hppfs/scratch/0D/go76fuz2/windinet/outputs/shockwa                    
         ve_dit_ep20_baseline/checkpoints/scalar_embedding_s                    
         tep_05520.safetensors                                                  
[epoch 51] step=6120 train_loss=0.190460
[train] step=6121 loss=0.342991 lr=3.284e-06
[train] step=6122 loss=0.239068 lr=3.282e-06
[train] step=6123 loss=0.214623 lr=3.281e-06
[train] step=6124 loss=0.173204 lr=3.279e-06
[train] step=6125 loss=0.557251 lr=3.278e-06
[train] step=6126 loss=0.149400 lr=3.276e-06
[train] step=6127 loss=0.174519 lr=3.275e-06
[train] step=6128 loss=0.091983 lr=3.273e-06
[train] step=6129 loss=0.225283 lr=3.272e-06
[train] step=6130 loss=0.250194 lr=3.270e-06
[train] step=6131 loss=0.130363 lr=3.269e-06
[train] step=6132 loss=0.215288 lr=3.267e-06
[train] step=6133 loss=0.263663 lr=3.266e-06
[train] step=6134 loss=0.157797 lr=3.264e-06
[train] step=6135 loss=0.199937 lr=3.263e-06
[train] step=6136 loss=0.138220 lr=3.261e-06
[train] step=6137 loss=0.191475 lr=3.260e-06
[train] step=6138 loss=0.269402 lr=3.258e-06
[train] step=6139 loss=0.200521 lr=3.257e-06
[train] step=6140 loss=0.240555 lr=3.256e-06
[train] step=6141 loss=0.174421 lr=3.254e-06
[train] step=6142 loss=0.140208 lr=3.253e-06
[train] step=6143 loss=0.215203 lr=3.251e-06
[train] step=6144 loss=0.203011 lr=3.250e-06
[train] step=6145 loss=0.335541 lr=3.248e-06
[train] step=6146 loss=0.158664 lr=3.247e-06
[train] step=6147 loss=0.080964 lr=3.245e-06
[train] step=6148 loss=0.267459 lr=3.244e-06
[train] step=6149 loss=0.281311 lr=3.242e-06
[train] step=6150 loss=0.210796 lr=3.241e-06
[train] step=6151 loss=0.237751 lr=3.239e-06
[train] step=6152 loss=0.252265 lr=3.238e-06
[train] step=6153 loss=0.331553 lr=3.236e-06
[train] step=6154 loss=0.148703 lr=3.235e-06
[train] step=6155 loss=0.073410 lr=3.234e-06
[train] step=6156 loss=0.277058 lr=3.232e-06
[train] step=6157 loss=0.221217 lr=3.231e-06
[train] step=6158 loss=0.195796 lr=3.229e-06
[train] step=6159 loss=0.108496 lr=3.228e-06
[train] step=6160 loss=0.174035 lr=3.226e-06
[train] step=6161 loss=0.153841 lr=3.225e-06
[train] step=6162 loss=0.265579 lr=3.223e-06
[train] step=6163 loss=0.094872 lr=3.222e-06
[train] step=6164 loss=0.235101 lr=3.220e-06
[train] step=6165 loss=0.180634 lr=3.219e-06
[train] step=6166 loss=0.135386 lr=3.217e-06
[train] step=6167 loss=0.209233 lr=3.216e-06
[train] step=6168 loss=0.167971 lr=3.214e-06
[train] step=6169 loss=0.195110 lr=3.213e-06
[train] step=6170 loss=0.153419 lr=3.212e-06
[train] step=6171 loss=0.169353 lr=3.210e-06
[train] step=6172 loss=0.228606 lr=3.209e-06
[train] step=6173 loss=0.213203 lr=3.207e-06
[train] step=6174 loss=0.328845 lr=3.206e-06
[train] step=6175 loss=0.201016 lr=3.204e-06
[train] step=6176 loss=0.138290 lr=3.203e-06
[train] step=6177 loss=0.167964 lr=3.201e-06
[train] step=6178 loss=0.084437 lr=3.200e-06
[train] step=6179 loss=0.403318 lr=3.198e-06
[train] step=6180 loss=0.248525 lr=3.197e-06
[train] step=6181 loss=0.210354 lr=3.195e-06
[train] step=6182 loss=0.346731 lr=3.194e-06
[train] step=6183 loss=0.134985 lr=3.193e-06
[train] step=6184 loss=0.118169 lr=3.191e-06
[train] step=6185 loss=0.234717 lr=3.190e-06
[train] step=6186 loss=0.264187 lr=3.188e-06
[train] step=6187 loss=0.218024 lr=3.187e-06
[train] step=6188 loss=0.216193 lr=3.185e-06
[train] step=6189 loss=0.193687 lr=3.184e-06
[train] step=6190 loss=0.252147 lr=3.182e-06
[train] step=6191 loss=0.244899 lr=3.181e-06
[train] step=6192 loss=0.156143 lr=3.179e-06
[train] step=6193 loss=0.159986 lr=3.178e-06
[train] step=6194 loss=0.198595 lr=3.176e-06
[train] step=6195 loss=0.273916 lr=3.175e-06
[train] step=6196 loss=0.187110 lr=3.174e-06
[train] step=6197 loss=0.244011 lr=3.172e-06
[train] step=6198 loss=0.142136 lr=3.171e-06
[train] step=6199 loss=0.191433 lr=3.169e-06
[train] step=6200 loss=0.206194 lr=3.168e-06
[train] step=6201 loss=0.122281 lr=3.166e-06
[train] step=6202 loss=0.213409 lr=3.165e-06
[train] step=6203 loss=0.236514 lr=3.163e-06
[train] step=6204 loss=0.116261 lr=3.162e-06
[train] step=6205 loss=0.179094 lr=3.160e-06
[train] step=6206 loss=0.237783 lr=3.159e-06
[train] step=6207 loss=0.210910 lr=3.157e-06
[train] step=6208 loss=0.130387 lr=3.156e-06
[train] step=6209 loss=0.206572 lr=3.155e-06
[train] step=6210 loss=0.263259 lr=3.153e-06
[train] step=6211 loss=0.286424 lr=3.152e-06
[train] step=6212 loss=0.199796 lr=3.150e-06
[train] step=6213 loss=0.248757 lr=3.149e-06
[train] step=6214 loss=0.169359 lr=3.147e-06
[train] step=6215 loss=0.557047 lr=3.146e-06
[train] step=6216 loss=0.190849 lr=3.144e-06
[train] step=6217 loss=0.184516 lr=3.143e-06
[train] step=6218 loss=0.232141 lr=3.141e-06
[train] step=6219 loss=0.383014 lr=3.140e-06
[train] step=6220 loss=0.221267 lr=3.139e-06
[train] step=6221 loss=0.315175 lr=3.137e-06
[train] step=6222 loss=0.098383 lr=3.136e-06
[train] step=6223 loss=0.200072 lr=3.134e-06
[train] step=6224 loss=0.231778 lr=3.133e-06
[train] step=6225 loss=0.217488 lr=3.131e-06
[train] step=6226 loss=0.224928 lr=3.130e-06
[train] step=6227 loss=0.153260 lr=3.128e-06
[train] step=6228 loss=0.104891 lr=3.127e-06
[train] step=6229 loss=0.208317 lr=3.125e-06
[train] step=6230 loss=0.186811 lr=3.124e-06
[train] step=6231 loss=0.305929 lr=3.123e-06
[train] step=6232 loss=0.212404 lr=3.121e-06
[train] step=6233 loss=0.222087 lr=3.120e-06
[train] step=6234 loss=0.182417 lr=3.118e-06
[train] step=6235 loss=0.409626 lr=3.117e-06
[train] step=6236 loss=0.162188 lr=3.115e-06
[train] step=6237 loss=0.296303 lr=3.114e-06
[train] step=6238 loss=0.205949 lr=3.112e-06
[train] step=6239 loss=0.225953 lr=3.111e-06
[train] step=6240 loss=0.322898 lr=3.109e-06
INFO     [rank 0] Model weights for step 6240 saved in       dit_trainer.py:1085
         checkpoints/model_weights_step_06240.safetensors                       
INFO     [rank 0] Scalar embedding weights for step 6240     dit_trainer.py:1092
         saved                                                                  
INFO     [rank 0] Training state saved:                      dit_trainer.py:1123
         checkpoints/model_weights_step_06240.state.pt                          
DEBUG    [rank 0] Removed old checkpoint:                    dit_trainer.py:1136
         /hppfs/scratch/0D/go76fuz2/windinet/outputs/shockwa                    
         ve_dit_ep20_baseline/checkpoints/model_weights_step                    
         _05640.safetensors                                                     
DEBUG    [rank 0] Removed old checkpoint:                    dit_trainer.py:1136
         /hppfs/scratch/0D/go76fuz2/windinet/outputs/shockwa                    
         ve_dit_ep20_baseline/checkpoints/model_weights_step                    
         _05640.state.pt                                                        
DEBUG    [rank 0] Removed old checkpoint:                    dit_trainer.py:1136
         /hppfs/scratch/0D/go76fuz2/windinet/outputs/shockwa                    
         ve_dit_ep20_baseline/checkpoints/scalar_embedding_s                    
         tep_05640.safetensors                                                  
[epoch 52] step=6240 train_loss=0.213567
[train] step=6241 loss=0.148644 lr=3.108e-06
[train] step=6242 loss=0.181425 lr=3.107e-06
[train] step=6243 loss=0.148400 lr=3.105e-06
[train] step=6244 loss=0.249071 lr=3.104e-06
[train] step=6245 loss=0.138416 lr=3.102e-06
[train] step=6246 loss=0.109343 lr=3.101e-06
[train] step=6247 loss=0.370532 lr=3.099e-06
[train] step=6248 loss=0.227038 lr=3.098e-06
[train] step=6249 loss=0.304633 lr=3.096e-06
[train] step=6250 loss=0.235156 lr=3.095e-06
[train] step=6251 loss=0.134828 lr=3.093e-06
[train] step=6252 loss=0.183952 lr=3.092e-06
[train] step=6253 loss=0.133972 lr=3.091e-06
[train] step=6254 loss=0.124335 lr=3.089e-06
[train] step=6255 loss=0.164518 lr=3.088e-06
[train] step=6256 loss=0.483133 lr=3.086e-06
[train] step=6257 loss=0.291940 lr=3.085e-06
[train] step=6258 loss=0.175812 lr=3.083e-06
[train] step=6259 loss=0.208783 lr=3.082e-06
[train] step=6260 loss=0.098175 lr=3.080e-06
[train] step=6261 loss=0.114871 lr=3.079e-06
[train] step=6262 loss=0.174001 lr=3.078e-06
[train] step=6263 loss=0.172600 lr=3.076e-06
[train] step=6264 loss=0.208755 lr=3.075e-06
[train] step=6265 loss=0.141325 lr=3.073e-06
[train] step=6266 loss=0.214777 lr=3.072e-06
[train] step=6267 loss=0.252680 lr=3.070e-06
[train] step=6268 loss=0.165993 lr=3.069e-06
[train] step=6269 loss=0.183399 lr=3.067e-06
[train] step=6270 loss=0.216429 lr=3.066e-06
[train] step=6271 loss=0.132298 lr=3.065e-06
[train] step=6272 loss=0.346078 lr=3.063e-06
[train] step=6273 loss=0.176491 lr=3.062e-06
[train] step=6274 loss=0.109899 lr=3.060e-06
[train] step=6275 loss=0.186914 lr=3.059e-06
[train] step=6276 loss=0.144181 lr=3.057e-06
[train] step=6277 loss=0.240006 lr=3.056e-06
[train] step=6278 loss=0.302748 lr=3.054e-06
[train] step=6279 loss=0.418612 lr=3.053e-06
[train] step=6280 loss=0.198686 lr=3.052e-06
[train] step=6281 loss=0.179085 lr=3.050e-06
[train] step=6282 loss=0.095989 lr=3.049e-06
[train] step=6283 loss=0.165995 lr=3.047e-06
[train] step=6284 loss=0.253853 lr=3.046e-06
[train] step=6285 loss=0.270082 lr=3.044e-06
[train] step=6286 loss=0.198907 lr=3.043e-06
[train] step=6287 loss=0.117040 lr=3.041e-06
[train] step=6288 loss=0.220436 lr=3.040e-06
[train] step=6289 loss=0.146103 lr=3.039e-06
[train] step=6290 loss=0.184551 lr=3.037e-06
[train] step=6291 loss=0.170006 lr=3.036e-06
[train] step=6292 loss=0.149433 lr=3.034e-06
[train] step=6293 loss=0.246430 lr=3.033e-06
[train] step=6294 loss=0.199683 lr=3.031e-06
[train] step=6295 loss=0.321811 lr=3.030e-06
[train] step=6296 loss=0.114426 lr=3.028e-06
[train] step=6297 loss=0.385325 lr=3.027e-06
[train] step=6298 loss=0.213055 lr=3.026e-06
[train] step=6299 loss=0.247986 lr=3.024e-06
[train] step=6300 loss=0.180335 lr=3.023e-06
[train] step=6301 loss=0.145193 lr=3.021e-06
[train] step=6302 loss=0.382071 lr=3.020e-06
[train] step=6303 loss=0.173872 lr=3.018e-06
[train] step=6304 loss=0.156928 lr=3.017e-06
[train] step=6305 loss=0.206954 lr=3.015e-06
[train] step=6306 loss=0.125378 lr=3.014e-06
[train] step=6307 loss=0.089879 lr=3.013e-06
[train] step=6308 loss=0.165362 lr=3.011e-06
[train] step=6309 loss=0.142444 lr=3.010e-06
[train] step=6310 loss=0.297159 lr=3.008e-06
[train] step=6311 loss=0.275257 lr=3.007e-06
[train] step=6312 loss=0.208011 lr=3.005e-06
[train] step=6313 loss=0.214822 lr=3.004e-06
[train] step=6314 loss=0.169750 lr=3.003e-06
[train] step=6315 loss=0.152011 lr=3.001e-06
[train] step=6316 loss=0.261879 lr=3.000e-06
[train] step=6317 loss=0.152057 lr=2.998e-06
[train] step=6318 loss=0.225326 lr=2.997e-06
[train] step=6319 loss=0.158926 lr=2.995e-06
[train] step=6320 loss=0.138233 lr=2.994e-06
[train] step=6321 loss=0.092411 lr=2.992e-06
[train] step=6322 loss=0.113590 lr=2.991e-06
[train] step=6323 loss=0.135569 lr=2.990e-06
[train] step=6324 loss=0.287532 lr=2.988e-06
[train] step=6325 loss=0.430639 lr=2.987e-06
[train] step=6326 loss=0.144663 lr=2.985e-06
[train] step=6327 loss=0.165400 lr=2.984e-06
[train] step=6328 loss=0.252138 lr=2.982e-06
[train] step=6329 loss=0.194392 lr=2.981e-06
[train] step=6330 loss=0.247705 lr=2.980e-06
[train] step=6331 loss=0.101122 lr=2.978e-06
[train] step=6332 loss=0.208373 lr=2.977e-06
[train] step=6333 loss=0.151985 lr=2.975e-06
[train] step=6334 loss=0.214308 lr=2.974e-06
[train] step=6335 loss=0.300735 lr=2.972e-06
[train] step=6336 loss=0.259276 lr=2.971e-06
[train] step=6337 loss=0.248615 lr=2.970e-06
[train] step=6338 loss=0.148411 lr=2.968e-06
[train] step=6339 loss=0.269361 lr=2.967e-06
[train] step=6340 loss=0.221482 lr=2.965e-06
[train] step=6341 loss=0.153876 lr=2.964e-06
[train] step=6342 loss=0.179726 lr=2.962e-06
[train] step=6343 loss=0.178367 lr=2.961e-06
[train] step=6344 loss=0.269002 lr=2.960e-06
[train] step=6345 loss=0.203185 lr=2.958e-06
[train] step=6346 loss=0.255981 lr=2.957e-06
[train] step=6347 loss=0.137506 lr=2.955e-06
[train] step=6348 loss=0.152351 lr=2.954e-06
[train] step=6349 loss=0.157850 lr=2.952e-06
[train] step=6350 loss=0.129606 lr=2.951e-06
[train] step=6351 loss=0.165714 lr=2.949e-06
[train] step=6352 loss=0.172911 lr=2.948e-06
[train] step=6353 loss=0.158091 lr=2.947e-06
[train] step=6354 loss=0.339949 lr=2.945e-06
[train] step=6355 loss=0.274286 lr=2.944e-06
[train] step=6356 loss=0.103836 lr=2.942e-06
[train] step=6357 loss=0.272922 lr=2.941e-06
[train] step=6358 loss=0.175579 lr=2.939e-06
[train] step=6359 loss=0.119590 lr=2.938e-06
[train] step=6360 loss=0.352023 lr=2.937e-06
INFO     [rank 0] Model weights for step 6360 saved in       dit_trainer.py:1085
         checkpoints/model_weights_step_06360.safetensors                       
INFO     [rank 0] Scalar embedding weights for step 6360     dit_trainer.py:1092
         saved                                                                  
INFO     [rank 0] Training state saved:                      dit_trainer.py:1123
         checkpoints/model_weights_step_06360.state.pt                          
DEBUG    [rank 0] Removed old checkpoint:                    dit_trainer.py:1136
         /hppfs/scratch/0D/go76fuz2/windinet/outputs/shockwa                    
         ve_dit_ep20_baseline/checkpoints/model_weights_step                    
         _05760.safetensors                                                     
DEBUG    [rank 0] Removed old checkpoint:                    dit_trainer.py:1136
         /hppfs/scratch/0D/go76fuz2/windinet/outputs/shockwa                    
         ve_dit_ep20_baseline/checkpoints/model_weights_step                    
         _05760.state.pt                                                        
DEBUG    [rank 0] Removed old checkpoint:                    dit_trainer.py:1136
         /hppfs/scratch/0D/go76fuz2/windinet/outputs/shockwa                    
         ve_dit_ep20_baseline/checkpoints/scalar_embedding_s                    
         tep_05760.safetensors                                                  
[epoch 53] step=6360 train_loss=0.201882
[train] step=6361 loss=0.139855 lr=2.935e-06
[train] step=6362 loss=0.222336 lr=2.934e-06
[train] step=6363 loss=0.184288 lr=2.932e-06
[train] step=6364 loss=0.204155 lr=2.931e-06
[train] step=6365 loss=0.244648 lr=2.929e-06
[train] step=6366 loss=0.268424 lr=2.928e-06
[train] step=6367 loss=0.246477 lr=2.927e-06
[train] step=6368 loss=0.360304 lr=2.925e-06
[train] step=6369 loss=0.174968 lr=2.924e-06
[train] step=6370 loss=0.156724 lr=2.922e-06
[train] step=6371 loss=0.124553 lr=2.921e-06
[train] step=6372 loss=0.184919 lr=2.919e-06
[train] step=6373 loss=0.135601 lr=2.918e-06
[train] step=6374 loss=0.211866 lr=2.917e-06
[train] step=6375 loss=0.221662 lr=2.915e-06
[train] step=6376 loss=0.193160 lr=2.914e-06
[train] step=6377 loss=0.110073 lr=2.912e-06
[train] step=6378 loss=0.302284 lr=2.911e-06
[train] step=6379 loss=0.168210 lr=2.910e-06
[train] step=6380 loss=0.227272 lr=2.908e-06
[train] step=6381 loss=0.280519 lr=2.907e-06
[train] step=6382 loss=0.247666 lr=2.905e-06
[train] step=6383 loss=0.288901 lr=2.904e-06
[train] step=6384 loss=0.178808 lr=2.902e-06
[train] step=6385 loss=0.136552 lr=2.901e-06
[train] step=6386 loss=0.228843 lr=2.900e-06
[train] step=6387 loss=0.194126 lr=2.898e-06
[train] step=6388 loss=0.215259 lr=2.897e-06
[train] step=6389 loss=0.194019 lr=2.895e-06
[train] step=6390 loss=0.178982 lr=2.894e-06
[train] step=6391 loss=0.186865 lr=2.892e-06
[train] step=6392 loss=0.203882 lr=2.891e-06
[train] step=6393 loss=0.220645 lr=2.890e-06
[train] step=6394 loss=0.145616 lr=2.888e-06
[train] step=6395 loss=0.296168 lr=2.887e-06
[train] step=6396 loss=0.113429 lr=2.885e-06
[train] step=6397 loss=0.366090 lr=2.884e-06
[train] step=6398 loss=0.155349 lr=2.882e-06
[train] step=6399 loss=0.131015 lr=2.881e-06
[train] step=6400 loss=0.092308 lr=2.880e-06
[train] step=6401 loss=0.217305 lr=2.878e-06
[train] step=6402 loss=0.139334 lr=2.877e-06
[train] step=6403 loss=0.208459 lr=2.875e-06
[train] step=6404 loss=0.196956 lr=2.874e-06
[train] step=6405 loss=0.079291 lr=2.873e-06
[train] step=6406 loss=0.300650 lr=2.871e-06
[train] step=6407 loss=0.237822 lr=2.870e-06
[train] step=6408 loss=0.203377 lr=2.868e-06
[train] step=6409 loss=0.199517 lr=2.867e-06
[train] step=6410 loss=0.204710 lr=2.865e-06
[train] step=6411 loss=0.261216 lr=2.864e-06
[train] step=6412 loss=0.118224 lr=2.863e-06
[train] step=6413 loss=0.216306 lr=2.861e-06
[train] step=6414 loss=0.241012 lr=2.860e-06
[train] step=6415 loss=0.244515 lr=2.858e-06
[train] step=6416 loss=0.199199 lr=2.857e-06
[train] step=6417 loss=0.097873 lr=2.856e-06
[train] step=6418 loss=0.227633 lr=2.854e-06
[train] step=6419 loss=0.231630 lr=2.853e-06
[train] step=6420 loss=0.244052 lr=2.851e-06
[train] step=6421 loss=0.173008 lr=2.850e-06
[train] step=6422 loss=0.175293 lr=2.848e-06
[train] step=6423 loss=0.169469 lr=2.847e-06
[train] step=6424 loss=0.164045 lr=2.846e-06
[train] step=6425 loss=0.190879 lr=2.844e-06
[train] step=6426 loss=0.217245 lr=2.843e-06
[train] step=6427 loss=0.237415 lr=2.841e-06
[train] step=6428 loss=0.176724 lr=2.840e-06
[train] step=6429 loss=0.162037 lr=2.839e-06
[train] step=6430 loss=0.230061 lr=2.837e-06
[train] step=6431 loss=0.137297 lr=2.836e-06
[train] step=6432 loss=0.262881 lr=2.834e-06
[train] step=6433 loss=0.219100 lr=2.833e-06
[train] step=6434 loss=0.187190 lr=2.831e-06
[train] step=6435 loss=0.121360 lr=2.830e-06
[train] step=6436 loss=0.158401 lr=2.829e-06
[train] step=6437 loss=0.167147 lr=2.827e-06
[train] step=6438 loss=0.162046 lr=2.826e-06
[train] step=6439 loss=0.362489 lr=2.824e-06
[train] step=6440 loss=0.119562 lr=2.823e-06
[train] step=6441 loss=0.300690 lr=2.822e-06
[train] step=6442 loss=0.277412 lr=2.820e-06
[train] step=6443 loss=0.258183 lr=2.819e-06
[train] step=6444 loss=0.153384 lr=2.817e-06
[train] step=6445 loss=0.097644 lr=2.816e-06
[train] step=6446 loss=0.216295 lr=2.815e-06
[train] step=6447 loss=0.232179 lr=2.813e-06
[train] step=6448 loss=0.224284 lr=2.812e-06
[train] step=6449 loss=0.099742 lr=2.810e-06
[train] step=6450 loss=0.160341 lr=2.809e-06
[train] step=6451 loss=0.164035 lr=2.808e-06
[train] step=6452 loss=0.213746 lr=2.806e-06
[train] step=6453 loss=0.155723 lr=2.805e-06
[train] step=6454 loss=0.103015 lr=2.803e-06
[train] step=6455 loss=0.173852 lr=2.802e-06
[train] step=6456 loss=0.104613 lr=2.800e-06
[train] step=6457 loss=0.200952 lr=2.799e-06
[train] step=6458 loss=0.145466 lr=2.798e-06
[train] step=6459 loss=0.580641 lr=2.796e-06
[train] step=6460 loss=0.273728 lr=2.795e-06
[train] step=6461 loss=0.135165 lr=2.793e-06
[train] step=6462 loss=0.153965 lr=2.792e-06
[train] step=6463 loss=0.275541 lr=2.791e-06
[train] step=6464 loss=0.143114 lr=2.789e-06
[train] step=6465 loss=0.263422 lr=2.788e-06
[train] step=6466 loss=0.102907 lr=2.786e-06
[train] step=6467 loss=0.086487 lr=2.785e-06
[train] step=6468 loss=0.155581 lr=2.784e-06
[train] step=6469 loss=0.207652 lr=2.782e-06
[train] step=6470 loss=0.128307 lr=2.781e-06
[train] step=6471 loss=0.252768 lr=2.779e-06
[train] step=6472 loss=0.300436 lr=2.778e-06
[train] step=6473 loss=0.208040 lr=2.777e-06
[train] step=6474 loss=0.245577 lr=2.775e-06
[train] step=6475 loss=0.245414 lr=2.774e-06
[train] step=6476 loss=0.224274 lr=2.772e-06
[train] step=6477 loss=0.203137 lr=2.771e-06
[train] step=6478 loss=0.212757 lr=2.770e-06
[train] step=6479 loss=0.154900 lr=2.768e-06
[train] step=6480 loss=0.227611 lr=2.767e-06
INFO     [rank 0] Model weights for step 6480 saved in       dit_trainer.py:1085
         checkpoints/model_weights_step_06480.safetensors                       
INFO     [rank 0] Scalar embedding weights for step 6480     dit_trainer.py:1092
         saved                                                                  
INFO     [rank 0] Training state saved:                      dit_trainer.py:1123
         checkpoints/model_weights_step_06480.state.pt                          
DEBUG    [rank 0] Removed old checkpoint:                    dit_trainer.py:1136
         /hppfs/scratch/0D/go76fuz2/windinet/outputs/shockwa                    
         ve_dit_ep20_baseline/checkpoints/model_weights_step                    
         _05880.safetensors                                                     
DEBUG    [rank 0] Removed old checkpoint:                    dit_trainer.py:1136
         /hppfs/scratch/0D/go76fuz2/windinet/outputs/shockwa                    
         ve_dit_ep20_baseline/checkpoints/model_weights_step                    
         _05880.state.pt                                                        
DEBUG    [rank 0] Removed old checkpoint:                    dit_trainer.py:1136
         /hppfs/scratch/0D/go76fuz2/windinet/outputs/shockwa                    
         ve_dit_ep20_baseline/checkpoints/scalar_embedding_s                    
         tep_05880.safetensors                                                  
[epoch 54] step=6480 train_loss=0.201558
[train] step=6481 loss=0.231023 lr=2.765e-06
[train] step=6482 loss=0.171592 lr=2.764e-06
[train] step=6483 loss=0.284378 lr=2.763e-06
[train] step=6484 loss=0.237654 lr=2.761e-06
[train] step=6485 loss=0.164339 lr=2.760e-06
[train] step=6486 loss=0.277629 lr=2.758e-06
[train] step=6487 loss=0.196665 lr=2.757e-06
[train] step=6488 loss=0.212926 lr=2.756e-06
[train] step=6489 loss=0.173324 lr=2.754e-06
[train] step=6490 loss=0.202268 lr=2.753e-06
[train] step=6491 loss=0.110235 lr=2.751e-06
[train] step=6492 loss=0.141428 lr=2.750e-06
[train] step=6493 loss=0.230891 lr=2.749e-06
[train] step=6494 loss=0.203809 lr=2.747e-06
[train] step=6495 loss=0.262425 lr=2.746e-06
[train] step=6496 loss=0.213307 lr=2.744e-06
[train] step=6497 loss=0.244076 lr=2.743e-06
[train] step=6498 loss=0.189628 lr=2.742e-06
[train] step=6499 loss=0.200169 lr=2.740e-06
[train] step=6500 loss=0.175913 lr=2.739e-06
[train] step=6501 loss=0.168100 lr=2.737e-06
[train] step=6502 loss=0.178706 lr=2.736e-06
[train] step=6503 loss=0.234420 lr=2.735e-06
[train] step=6504 loss=0.185721 lr=2.733e-06
[train] step=6505 loss=0.096609 lr=2.732e-06
[train] step=6506 loss=0.189260 lr=2.730e-06
[train] step=6507 loss=0.260675 lr=2.729e-06
[train] step=6508 loss=0.215813 lr=2.728e-06
[train] step=6509 loss=0.243196 lr=2.726e-06
[train] step=6510 loss=0.192915 lr=2.725e-06
[train] step=6511 loss=0.211652 lr=2.723e-06
[train] step=6512 loss=0.171780 lr=2.722e-06
[train] step=6513 loss=0.152325 lr=2.721e-06
[train] step=6514 loss=0.193093 lr=2.719e-06
[train] step=6515 loss=0.144581 lr=2.718e-06
[train] step=6516 loss=0.163794 lr=2.716e-06
[train] step=6517 loss=0.161840 lr=2.715e-06
[train] step=6518 loss=0.158879 lr=2.714e-06
[train] step=6519 loss=0.089642 lr=2.712e-06
[train] step=6520 loss=0.270758 lr=2.711e-06
[train] step=6521 loss=0.147304 lr=2.709e-06
[train] step=6522 loss=0.260470 lr=2.708e-06
[train] step=6523 loss=0.197921 lr=2.707e-06
[train] step=6524 loss=0.383192 lr=2.705e-06
[train] step=6525 loss=0.124202 lr=2.704e-06
[train] step=6526 loss=0.331668 lr=2.702e-06
[train] step=6527 loss=0.161701 lr=2.701e-06
[train] step=6528 loss=0.150416 lr=2.700e-06
[train] step=6529 loss=0.210998 lr=2.698e-06
[train] step=6530 loss=0.125105 lr=2.697e-06
[train] step=6531 loss=0.189787 lr=2.695e-06
[train] step=6532 loss=0.145430 lr=2.694e-06
[train] step=6533 loss=0.172907 lr=2.693e-06
[train] step=6534 loss=0.171664 lr=2.691e-06
[train] step=6535 loss=0.136046 lr=2.690e-06
[train] step=6536 loss=0.132511 lr=2.689e-06
[train] step=6537 loss=0.170419 lr=2.687e-06
[train] step=6538 loss=0.122303 lr=2.686e-06
[train] step=6539 loss=0.178131 lr=2.684e-06
[train] step=6540 loss=0.267456 lr=2.683e-06
[train] step=6541 loss=0.202571 lr=2.682e-06
[train] step=6542 loss=0.198754 lr=2.680e-06
[train] step=6543 loss=0.238367 lr=2.679e-06
[train] step=6544 loss=0.201610 lr=2.677e-06
[train] step=6545 loss=0.214427 lr=2.676e-06
[train] step=6546 loss=0.190143 lr=2.675e-06
[train] step=6547 loss=0.139801 lr=2.673e-06
[train] step=6548 loss=0.175306 lr=2.672e-06
[train] step=6549 loss=0.233798 lr=2.670e-06
[train] step=6550 loss=0.199811 lr=2.669e-06
[train] step=6551 loss=0.120173 lr=2.668e-06
[train] step=6552 loss=0.255812 lr=2.666e-06
[train] step=6553 loss=0.196316 lr=2.665e-06
[train] step=6554 loss=0.184488 lr=2.664e-06
[train] step=6555 loss=0.211047 lr=2.662e-06
[train] step=6556 loss=0.159378 lr=2.661e-06
[train] step=6557 loss=0.176536 lr=2.659e-06
[train] step=6558 loss=0.143926 lr=2.658e-06
[train] step=6559 loss=0.191001 lr=2.657e-06
[train] step=6560 loss=0.193743 lr=2.655e-06
[train] step=6561 loss=0.216843 lr=2.654e-06
[train] step=6562 loss=0.191596 lr=2.652e-06
[train] step=6563 loss=0.122347 lr=2.651e-06
[train] step=6564 loss=0.158505 lr=2.650e-06
[train] step=6565 loss=0.180987 lr=2.648e-06
[train] step=6566 loss=0.132599 lr=2.647e-06
[train] step=6567 loss=0.238766 lr=2.646e-06
[train] step=6568 loss=0.080406 lr=2.644e-06
[train] step=6569 loss=0.199299 lr=2.643e-06
[train] step=6570 loss=0.222615 lr=2.641e-06
[train] step=6571 loss=0.302863 lr=2.640e-06
[train] step=6572 loss=0.164739 lr=2.639e-06
[train] step=6573 loss=0.206432 lr=2.637e-06
[train] step=6574 loss=0.225191 lr=2.636e-06
[train] step=6575 loss=0.207344 lr=2.634e-06
[train] step=6576 loss=0.164594 lr=2.633e-06
[train] step=6577 loss=0.255965 lr=2.632e-06
[train] step=6578 loss=0.344492 lr=2.630e-06
[train] step=6579 loss=0.374833 lr=2.629e-06
[train] step=6580 loss=0.154798 lr=2.628e-06
[train] step=6581 loss=0.239983 lr=2.626e-06
[train] step=6582 loss=0.224438 lr=2.625e-06
[train] step=6583 loss=0.134471 lr=2.623e-06
[train] step=6584 loss=0.203093 lr=2.622e-06
[train] step=6585 loss=0.193232 lr=2.621e-06
[train] step=6586 loss=0.274093 lr=2.619e-06
[train] step=6587 loss=0.193525 lr=2.618e-06
[train] step=6588 loss=0.174906 lr=2.617e-06
[train] step=6589 loss=0.158917 lr=2.615e-06
[train] step=6590 loss=0.171179 lr=2.614e-06
[train] step=6591 loss=0.112952 lr=2.612e-06
[train] step=6592 loss=0.204495 lr=2.611e-06
[train] step=6593 loss=0.281718 lr=2.610e-06
[train] step=6594 loss=0.259129 lr=2.608e-06
[train] step=6595 loss=0.203799 lr=2.607e-06
[train] step=6596 loss=0.119651 lr=2.606e-06
[train] step=6597 loss=0.136468 lr=2.604e-06
[train] step=6598 loss=0.155467 lr=2.603e-06
[train] step=6599 loss=0.160998 lr=2.601e-06
[train] step=6600 loss=0.176103 lr=2.600e-06
[val] step=6600 val_loss=0.206923
INFO     [rank 0] Model weights for step 6600 saved in       dit_trainer.py:1085
         checkpoints/model_weights_step_06600.safetensors                       
INFO     [rank 0] Scalar embedding weights for step 6600     dit_trainer.py:1092
         saved                                                                  
INFO     [rank 0] Training state saved:                      dit_trainer.py:1123
         checkpoints/model_weights_step_06600.state.pt                          
DEBUG    [rank 0] Removed old checkpoint:                    dit_trainer.py:1136
         /hppfs/scratch/0D/go76fuz2/windinet/outputs/shockwa                    
         ve_dit_ep20_baseline/checkpoints/model_weights_step                    
         _06000.safetensors                                                     
DEBUG    [rank 0] Removed old checkpoint:                    dit_trainer.py:1136
         /hppfs/scratch/0D/go76fuz2/windinet/outputs/shockwa                    
         ve_dit_ep20_baseline/checkpoints/model_weights_step                    
         _06000.state.pt                                                        
DEBUG    [rank 0] Removed old checkpoint:                    dit_trainer.py:1136
         /hppfs/scratch/0D/go76fuz2/windinet/outputs/shockwa                    
         ve_dit_ep20_baseline/checkpoints/scalar_embedding_s                    
         tep_06000.safetensors                                                  
[epoch 55] step=6600 train_loss=0.194912 val_loss=0.206923
[train] step=6601 loss=0.336114 lr=2.599e-06
[train] step=6602 loss=0.174469 lr=2.597e-06
[train] step=6603 loss=0.195132 lr=2.596e-06
[train] step=6604 loss=0.184339 lr=2.595e-06
[train] step=6605 loss=0.094306 lr=2.593e-06
[train] step=6606 loss=0.102077 lr=2.592e-06
[train] step=6607 loss=0.135743 lr=2.590e-06
[train] step=6608 loss=0.220841 lr=2.589e-06
[train] step=6609 loss=0.171094 lr=2.588e-06
[train] step=6610 loss=0.198230 lr=2.586e-06
[train] step=6611 loss=0.214421 lr=2.585e-06
[train] step=6612 loss=0.351094 lr=2.584e-06
[train] step=6613 loss=0.404682 lr=2.582e-06
[train] step=6614 loss=0.226024 lr=2.581e-06
[train] step=6615 loss=0.254340 lr=2.579e-06
[train] step=6616 loss=0.239568 lr=2.578e-06
[train] step=6617 loss=0.138938 lr=2.577e-06
[train] step=6618 loss=0.243416 lr=2.575e-06
[train] step=6619 loss=0.248748 lr=2.574e-06
[train] step=6620 loss=0.211830 lr=2.573e-06
[train] step=6621 loss=0.279527 lr=2.571e-06
[train] step=6622 loss=0.154042 lr=2.570e-06
[train] step=6623 loss=0.205714 lr=2.568e-06
[train] step=6624 loss=0.209675 lr=2.567e-06
[train] step=6625 loss=0.165763 lr=2.566e-06
[train] step=6626 loss=0.208391 lr=2.564e-06
[train] step=6627 loss=0.150017 lr=2.563e-06
[train] step=6628 loss=0.249590 lr=2.562e-06
[train] step=6629 loss=0.276458 lr=2.560e-06
[train] step=6630 loss=0.171507 lr=2.559e-06
[train] step=6631 loss=0.120553 lr=2.557e-06
[train] step=6632 loss=0.190797 lr=2.556e-06
[train] step=6633 loss=0.179565 lr=2.555e-06
[train] step=6634 loss=0.205600 lr=2.553e-06
[train] step=6635 loss=0.125475 lr=2.552e-06
[train] step=6636 loss=0.235947 lr=2.551e-06
[train] step=6637 loss=0.181846 lr=2.549e-06
[train] step=6638 loss=0.263294 lr=2.548e-06
[train] step=6639 loss=0.309118 lr=2.547e-06
[train] step=6640 loss=0.368937 lr=2.545e-06
[train] step=6641 loss=0.231714 lr=2.544e-06
[train] step=6642 loss=0.380517 lr=2.542e-06
[train] step=6643 loss=0.225279 lr=2.541e-06
[train] step=6644 loss=0.198919 lr=2.540e-06
[train] step=6645 loss=0.103920 lr=2.538e-06
[train] step=6646 loss=0.236030 lr=2.537e-06
[train] step=6647 loss=0.196561 lr=2.536e-06
[train] step=6648 loss=0.184097 lr=2.534e-06
[train] step=6649 loss=0.225208 lr=2.533e-06
[train] step=6650 loss=0.275766 lr=2.532e-06
[train] step=6651 loss=0.193870 lr=2.530e-06
[train] step=6652 loss=0.161133 lr=2.529e-06
[train] step=6653 loss=0.214526 lr=2.527e-06
[train] step=6654 loss=0.207003 lr=2.526e-06
[train] step=6655 loss=0.105949 lr=2.525e-06
[train] step=6656 loss=0.195600 lr=2.523e-06
[train] step=6657 loss=0.248626 lr=2.522e-06
[train] step=6658 loss=0.232242 lr=2.521e-06
[train] step=6659 loss=0.248735 lr=2.519e-06
[train] step=6660 loss=0.167584 lr=2.518e-06
[train] step=6661 loss=0.180691 lr=2.517e-06
[train] step=6662 loss=0.221260 lr=2.515e-06
[train] step=6663 loss=0.129374 lr=2.514e-06
[train] step=6664 loss=0.098930 lr=2.512e-06
[train] step=6665 loss=0.179707 lr=2.511e-06
[train] step=6666 loss=0.129062 lr=2.510e-06
[train] step=6667 loss=0.199676 lr=2.508e-06
[train] step=6668 loss=0.179352 lr=2.507e-06
[train] step=6669 loss=0.251787 lr=2.506e-06
[train] step=6670 loss=0.232043 lr=2.504e-06
[train] step=6671 loss=0.163389 lr=2.503e-06
[train] step=6672 loss=0.141879 lr=2.502e-06
[train] step=6673 loss=0.346645 lr=2.500e-06
[train] step=6674 loss=0.276978 lr=2.499e-06
[train] step=6675 loss=0.159300 lr=2.498e-06
[train] step=6676 loss=0.118229 lr=2.496e-06
[train] step=6677 loss=0.146509 lr=2.495e-06
[train] step=6678 loss=0.173125 lr=2.493e-06
[train] step=6679 loss=0.213852 lr=2.492e-06
[train] step=6680 loss=0.133570 lr=2.491e-06
[train] step=6681 loss=0.201586 lr=2.489e-06
[train] step=6682 loss=0.207021 lr=2.488e-06
[train] step=6683 loss=0.207813 lr=2.487e-06
[train] step=6684 loss=0.228874 lr=2.485e-06
[train] step=6685 loss=0.296229 lr=2.484e-06
[train] step=6686 loss=0.199566 lr=2.483e-06
[train] step=6687 loss=0.193851 lr=2.481e-06
[train] step=6688 loss=0.339849 lr=2.480e-06
[train] step=6689 loss=0.166707 lr=2.479e-06
[train] step=6690 loss=0.186237 lr=2.477e-06
[train] step=6691 loss=0.255180 lr=2.476e-06
[train] step=6692 loss=0.209711 lr=2.475e-06
[train] step=6693 loss=0.183556 lr=2.473e-06
[train] step=6694 loss=0.154303 lr=2.472e-06
[train] step=6695 loss=0.273299 lr=2.470e-06
[train] step=6696 loss=0.178935 lr=2.469e-06
[train] step=6697 loss=0.137847 lr=2.468e-06
[train] step=6698 loss=0.190930 lr=2.466e-06
[train] step=6699 loss=0.212348 lr=2.465e-06
[train] step=6700 loss=0.199917 lr=2.464e-06
[train] step=6701 loss=0.135058 lr=2.462e-06
[train] step=6702 loss=0.189540 lr=2.461e-06
[train] step=6703 loss=0.202878 lr=2.460e-06
[train] step=6704 loss=0.248116 lr=2.458e-06
[train] step=6705 loss=0.160599 lr=2.457e-06
[train] step=6706 loss=0.233318 lr=2.456e-06
[train] step=6707 loss=0.219352 lr=2.454e-06
[train] step=6708 loss=0.229868 lr=2.453e-06
[train] step=6709 loss=0.080303 lr=2.452e-06
[train] step=6710 loss=0.356988 lr=2.450e-06
[train] step=6711 loss=0.320946 lr=2.449e-06
[train] step=6712 loss=0.149070 lr=2.447e-06
[train] step=6713 loss=0.152152 lr=2.446e-06
[train] step=6714 loss=0.141357 lr=2.445e-06
[train] step=6715 loss=0.151705 lr=2.443e-06
[train] step=6716 loss=0.263217 lr=2.442e-06
[train] step=6717 loss=0.190526 lr=2.441e-06
[train] step=6718 loss=0.142433 lr=2.439e-06
[train] step=6719 loss=0.271066 lr=2.438e-06
[train] step=6720 loss=0.210677 lr=2.437e-06
INFO     [rank 0] Model weights for step 6720 saved in       dit_trainer.py:1085
         checkpoints/model_weights_step_06720.safetensors                       
INFO     [rank 0] Scalar embedding weights for step 6720     dit_trainer.py:1092
         saved                                                                  
INFO     [rank 0] Training state saved:                      dit_trainer.py:1123
         checkpoints/model_weights_step_06720.state.pt                          
DEBUG    [rank 0] Removed old checkpoint:                    dit_trainer.py:1136
         /hppfs/scratch/0D/go76fuz2/windinet/outputs/shockwa                    
         ve_dit_ep20_baseline/checkpoints/model_weights_step                    
         _06120.safetensors                                                     
DEBUG    [rank 0] Removed old checkpoint:                    dit_trainer.py:1136
         /hppfs/scratch/0D/go76fuz2/windinet/outputs/shockwa                    
         ve_dit_ep20_baseline/checkpoints/model_weights_step                    
         _06120.state.pt                                                        
DEBUG    [rank 0] Removed old checkpoint:                    dit_trainer.py:1136
         /hppfs/scratch/0D/go76fuz2/windinet/outputs/shockwa                    
         ve_dit_ep20_baseline/checkpoints/scalar_embedding_s                    
         tep_06120.safetensors                                                  
[epoch 56] step=6720 train_loss=0.206202
[train] step=6721 loss=0.081491 lr=2.435e-06
[train] step=6722 loss=0.140251 lr=2.434e-06
[train] step=6723 loss=0.381615 lr=2.433e-06
[train] step=6724 loss=0.208230 lr=2.431e-06
[train] step=6725 loss=0.139651 lr=2.430e-06
[train] step=6726 loss=0.283261 lr=2.429e-06
[train] step=6727 loss=0.174003 lr=2.427e-06
[train] step=6728 loss=0.155821 lr=2.426e-06
[train] step=6729 loss=0.242280 lr=2.425e-06
[train] step=6730 loss=0.216622 lr=2.423e-06
[train] step=6731 loss=0.207101 lr=2.422e-06
[train] step=6732 loss=0.182396 lr=2.421e-06
[train] step=6733 loss=0.314769 lr=2.419e-06
[train] step=6734 loss=0.318927 lr=2.418e-06
[train] step=6735 loss=0.225648 lr=2.417e-06
[train] step=6736 loss=0.204030 lr=2.415e-06
[train] step=6737 loss=0.142156 lr=2.414e-06
[train] step=6738 loss=0.162547 lr=2.413e-06
[train] step=6739 loss=0.157451 lr=2.411e-06
[train] step=6740 loss=0.160523 lr=2.410e-06
[train] step=6741 loss=0.151222 lr=2.409e-06
[train] step=6742 loss=0.304112 lr=2.407e-06
[train] step=6743 loss=0.117143 lr=2.406e-06
[train] step=6744 loss=0.173344 lr=2.404e-06
[train] step=6745 loss=0.166827 lr=2.403e-06
[train] step=6746 loss=0.190665 lr=2.402e-06
[train] step=6747 loss=0.214024 lr=2.400e-06
[train] step=6748 loss=0.227933 lr=2.399e-06
[train] step=6749 loss=0.103165 lr=2.398e-06
[train] step=6750 loss=0.216893 lr=2.396e-06
[train] step=6751 loss=0.201061 lr=2.395e-06
[train] step=6752 loss=0.184756 lr=2.394e-06
[train] step=6753 loss=0.172332 lr=2.392e-06
[train] step=6754 loss=0.238726 lr=2.391e-06
[train] step=6755 loss=0.126181 lr=2.390e-06
[train] step=6756 loss=0.194650 lr=2.388e-06
[train] step=6757 loss=0.200612 lr=2.387e-06
[train] step=6758 loss=0.165349 lr=2.386e-06
[train] step=6759 loss=0.194537 lr=2.384e-06
[train] step=6760 loss=0.225267 lr=2.383e-06
[train] step=6761 loss=0.191826 lr=2.382e-06
[train] step=6762 loss=0.181912 lr=2.380e-06
[train] step=6763 loss=0.189939 lr=2.379e-06
[train] step=6764 loss=0.415538 lr=2.378e-06
[train] step=6765 loss=0.182795 lr=2.376e-06
[train] step=6766 loss=0.145135 lr=2.375e-06
[train] step=6767 loss=0.204207 lr=2.374e-06
[train] step=6768 loss=0.200797 lr=2.372e-06
[train] step=6769 loss=0.184193 lr=2.371e-06
[train] step=6770 loss=0.203313 lr=2.370e-06
[train] step=6771 loss=0.135570 lr=2.368e-06
[train] step=6772 loss=0.182301 lr=2.367e-06
[train] step=6773 loss=0.215291 lr=2.366e-06
[train] step=6774 loss=0.188168 lr=2.364e-06
[train] step=6775 loss=0.142849 lr=2.363e-06
[train] step=6776 loss=0.146352 lr=2.362e-06
[train] step=6777 loss=0.208739 lr=2.360e-06
[train] step=6778 loss=0.169584 lr=2.359e-06
[train] step=6779 loss=0.253039 lr=2.358e-06
[train] step=6780 loss=0.142087 lr=2.356e-06
[train] step=6781 loss=0.148264 lr=2.355e-06
[train] step=6782 loss=0.146292 lr=2.354e-06
[train] step=6783 loss=0.283871 lr=2.352e-06
[train] step=6784 loss=0.246483 lr=2.351e-06
[train] step=6785 loss=0.319521 lr=2.350e-06
[train] step=6786 loss=0.099132 lr=2.348e-06
[train] step=6787 loss=0.259365 lr=2.347e-06
[train] step=6788 loss=0.214306 lr=2.346e-06
[train] step=6789 loss=0.170956 lr=2.344e-06
[train] step=6790 loss=0.149489 lr=2.343e-06
[train] step=6791 loss=0.176228 lr=2.342e-06
[train] step=6792 loss=0.233492 lr=2.340e-06
[train] step=6793 loss=0.349518 lr=2.339e-06
[train] step=6794 loss=0.101023 lr=2.338e-06
[train] step=6795 loss=0.156796 lr=2.336e-06
[train] step=6796 loss=0.172387 lr=2.335e-06
[train] step=6797 loss=0.188744 lr=2.334e-06
[train] step=6798 loss=0.199977 lr=2.333e-06
[train] step=6799 loss=0.161507 lr=2.331e-06
[train] step=6800 loss=0.176326 lr=2.330e-06
[train] step=6801 loss=0.182837 lr=2.329e-06
[train] step=6802 loss=0.335853 lr=2.327e-06
[train] step=6803 loss=0.094895 lr=2.326e-06
[train] step=6804 loss=0.143424 lr=2.325e-06
[train] step=6805 loss=0.204537 lr=2.323e-06
[train] step=6806 loss=0.258586 lr=2.322e-06
[train] step=6807 loss=0.198704 lr=2.321e-06
[train] step=6808 loss=0.186919 lr=2.319e-06
[train] step=6809 loss=0.326262 lr=2.318e-06
[train] step=6810 loss=0.230708 lr=2.317e-06
[train] step=6811 loss=0.136117 lr=2.315e-06
[train] step=6812 loss=0.228755 lr=2.314e-06
[train] step=6813 loss=0.285436 lr=2.313e-06
[train] step=6814 loss=0.313067 lr=2.311e-06
[train] step=6815 loss=0.190264 lr=2.310e-06
[train] step=6816 loss=0.189727 lr=2.309e-06
[train] step=6817 loss=0.113175 lr=2.307e-06
[train] step=6818 loss=0.180278 lr=2.306e-06
[train] step=6819 loss=0.101919 lr=2.305e-06
[train] step=6820 loss=0.214235 lr=2.303e-06
[train] step=6821 loss=0.132361 lr=2.302e-06
[train] step=6822 loss=0.185041 lr=2.301e-06
[train] step=6823 loss=0.157372 lr=2.299e-06
[train] step=6824 loss=0.144630 lr=2.298e-06
[train] step=6825 loss=0.166071 lr=2.297e-06
[train] step=6826 loss=0.169535 lr=2.296e-06
[train] step=6827 loss=0.241104 lr=2.294e-06
[train] step=6828 loss=0.161972 lr=2.293e-06
[train] step=6829 loss=0.112097 lr=2.292e-06
[train] step=6830 loss=0.255544 lr=2.290e-06
[train] step=6831 loss=0.257027 lr=2.289e-06
[train] step=6832 loss=0.165316 lr=2.288e-06
[train] step=6833 loss=0.160176 lr=2.286e-06
[train] step=6834 loss=0.152021 lr=2.285e-06
[train] step=6835 loss=0.167251 lr=2.284e-06
[train] step=6836 loss=0.121976 lr=2.282e-06
[train] step=6837 loss=0.188943 lr=2.281e-06
[train] step=6838 loss=0.112629 lr=2.280e-06
[train] step=6839 loss=0.187178 lr=2.278e-06
[train] step=6840 loss=0.167912 lr=2.277e-06
INFO     [rank 0] Model weights for step 6840 saved in       dit_trainer.py:1085
         checkpoints/model_weights_step_06840.safetensors                       
INFO     [rank 0] Scalar embedding weights for step 6840     dit_trainer.py:1092
         saved                                                                  
INFO     [rank 0] Training state saved:                      dit_trainer.py:1123
         checkpoints/model_weights_step_06840.state.pt                          
DEBUG    [rank 0] Removed old checkpoint:                    dit_trainer.py:1136
         /hppfs/scratch/0D/go76fuz2/windinet/outputs/shockwa                    
         ve_dit_ep20_baseline/checkpoints/model_weights_step                    
         _06240.safetensors                                                     
DEBUG    [rank 0] Removed old checkpoint:                    dit_trainer.py:1136
         /hppfs/scratch/0D/go76fuz2/windinet/outputs/shockwa                    
         ve_dit_ep20_baseline/checkpoints/model_weights_step                    
         _06240.state.pt                                                        
DEBUG    [rank 0] Removed old checkpoint:                    dit_trainer.py:1136
         /hppfs/scratch/0D/go76fuz2/windinet/outputs/shockwa                    
         ve_dit_ep20_baseline/checkpoints/scalar_embedding_s                    
         tep_06240.safetensors                                                  
[epoch 57] step=6840 train_loss=0.193913
[train] step=6841 loss=0.204996 lr=2.276e-06
[train] step=6842 loss=0.138659 lr=2.274e-06
[train] step=6843 loss=0.305841 lr=2.273e-06
[train] step=6844 loss=0.203734 lr=2.272e-06
[train] step=6845 loss=0.188767 lr=2.271e-06
[train] step=6846 loss=0.344759 lr=2.269e-06
[train] step=6847 loss=0.189937 lr=2.268e-06
[train] step=6848 loss=0.185900 lr=2.267e-06
[train] step=6849 loss=0.192046 lr=2.265e-06
[train] step=6850 loss=0.199541 lr=2.264e-06
[train] step=6851 loss=0.160594 lr=2.263e-06
[train] step=6852 loss=0.239959 lr=2.261e-06
[train] step=6853 loss=0.132644 lr=2.260e-06
[train] step=6854 loss=0.151779 lr=2.259e-06
[train] step=6855 loss=0.246028 lr=2.257e-06
[train] step=6856 loss=0.166452 lr=2.256e-06
[train] step=6857 loss=0.181659 lr=2.255e-06
[train] step=6858 loss=0.149737 lr=2.253e-06
[train] step=6859 loss=0.207233 lr=2.252e-06
[train] step=6860 loss=0.257797 lr=2.251e-06
[train] step=6861 loss=0.217990 lr=2.250e-06
[train] step=6862 loss=0.167711 lr=2.248e-06
[train] step=6863 loss=0.225661 lr=2.247e-06
[train] step=6864 loss=0.238121 lr=2.246e-06
[train] step=6865 loss=0.275884 lr=2.244e-06
[train] step=6866 loss=0.241003 lr=2.243e-06
[train] step=6867 loss=0.105820 lr=2.242e-06
[train] step=6868 loss=0.153577 lr=2.240e-06
[train] step=6869 loss=0.415477 lr=2.239e-06
[train] step=6870 loss=0.113839 lr=2.238e-06
[train] step=6871 loss=0.195373 lr=2.236e-06
[train] step=6872 loss=0.262846 lr=2.235e-06
[train] step=6873 loss=0.298186 lr=2.234e-06
[train] step=6874 loss=0.127187 lr=2.233e-06
[train] step=6875 loss=0.105601 lr=2.231e-06
[train] step=6876 loss=0.299106 lr=2.230e-06
[train] step=6877 loss=0.158041 lr=2.229e-06
[train] step=6878 loss=0.105673 lr=2.227e-06
[train] step=6879 loss=0.179360 lr=2.226e-06
[train] step=6880 loss=0.235196 lr=2.225e-06
[train] step=6881 loss=0.199451 lr=2.223e-06
[train] step=6882 loss=0.151428 lr=2.222e-06
[train] step=6883 loss=0.159859 lr=2.221e-06
[train] step=6884 loss=0.287417 lr=2.219e-06
[train] step=6885 loss=0.253489 lr=2.218e-06
[train] step=6886 loss=0.151261 lr=2.217e-06
[train] step=6887 loss=0.166324 lr=2.216e-06
[train] step=6888 loss=0.189623 lr=2.214e-06
[train] step=6889 loss=0.171996 lr=2.213e-06
[train] step=6890 loss=0.172166 lr=2.212e-06
[train] step=6891 loss=0.154319 lr=2.210e-06
[train] step=6892 loss=0.252545 lr=2.209e-06
[train] step=6893 loss=0.279602 lr=2.208e-06
[train] step=6894 loss=0.202471 lr=2.206e-06
[train] step=6895 loss=0.148558 lr=2.205e-06
[train] step=6896 loss=0.109846 lr=2.204e-06
[train] step=6897 loss=0.119441 lr=2.203e-06
[train] step=6898 loss=0.205158 lr=2.201e-06
[train] step=6899 loss=0.225159 lr=2.200e-06
[train] step=6900 loss=0.233310 lr=2.199e-06
[train] step=6901 loss=0.139617 lr=2.197e-06
[train] step=6902 loss=0.187635 lr=2.196e-06
[train] step=6903 loss=0.177928 lr=2.195e-06
[train] step=6904 loss=0.112271 lr=2.194e-06
[train] step=6905 loss=0.184198 lr=2.192e-06
[train] step=6906 loss=0.251984 lr=2.191e-06
[train] step=6907 loss=0.091206 lr=2.190e-06
[train] step=6908 loss=0.178737 lr=2.188e-06
[train] step=6909 loss=0.135159 lr=2.187e-06
[train] step=6910 loss=0.222454 lr=2.186e-06
[train] step=6911 loss=0.133641 lr=2.184e-06
[train] step=6912 loss=0.164704 lr=2.183e-06
[train] step=6913 loss=0.233918 lr=2.182e-06
[train] step=6914 loss=0.116595 lr=2.181e-06
[train] step=6915 loss=0.104677 lr=2.179e-06
[train] step=6916 loss=0.235506 lr=2.178e-06
[train] step=6917 loss=0.238936 lr=2.177e-06
[train] step=6918 loss=0.176154 lr=2.175e-06
[train] step=6919 loss=0.213683 lr=2.174e-06
[train] step=6920 loss=0.189059 lr=2.173e-06
[train] step=6921 loss=0.197065 lr=2.171e-06
[train] step=6922 loss=0.155573 lr=2.170e-06
[train] step=6923 loss=0.200178 lr=2.169e-06
[train] step=6924 loss=0.123945 lr=2.168e-06
[train] step=6925 loss=0.172779 lr=2.166e-06
[train] step=6926 loss=0.270418 lr=2.165e-06
[train] step=6927 loss=0.432845 lr=2.164e-06
[train] step=6928 loss=0.173218 lr=2.162e-06
[train] step=6929 loss=0.098092 lr=2.161e-06
[train] step=6930 loss=0.151707 lr=2.160e-06
[train] step=6931 loss=0.299084 lr=2.159e-06
[train] step=6932 loss=0.197813 lr=2.157e-06
[train] step=6933 loss=0.243544 lr=2.156e-06
[train] step=6934 loss=0.180419 lr=2.155e-06
[train] step=6935 loss=0.168561 lr=2.153e-06
[train] step=6936 loss=0.154335 lr=2.152e-06
[train] step=6937 loss=0.220392 lr=2.151e-06
[train] step=6938 loss=0.138704 lr=2.150e-06
[train] step=6939 loss=0.140113 lr=2.148e-06
[train] step=6940 loss=0.143701 lr=2.147e-06
[train] step=6941 loss=0.425404 lr=2.146e-06
[train] step=6942 loss=0.093653 lr=2.144e-06
[train] step=6943 loss=0.622860 lr=2.143e-06
[train] step=6944 loss=0.250583 lr=2.142e-06
[train] step=6945 loss=0.197363 lr=2.141e-06
[train] step=6946 loss=0.179063 lr=2.139e-06
[train] step=6947 loss=0.119036 lr=2.138e-06
[train] step=6948 loss=0.229152 lr=2.137e-06
[train] step=6949 loss=0.163669 lr=2.135e-06
[train] step=6950 loss=0.149160 lr=2.134e-06
[train] step=6951 loss=0.182040 lr=2.133e-06
[train] step=6952 loss=0.146007 lr=2.132e-06
[train] step=6953 loss=0.182919 lr=2.130e-06
[train] step=6954 loss=0.213532 lr=2.129e-06
[train] step=6955 loss=0.291503 lr=2.128e-06
[train] step=6956 loss=0.151379 lr=2.126e-06
[train] step=6957 loss=0.167434 lr=2.125e-06
[train] step=6958 loss=0.239021 lr=2.124e-06
[train] step=6959 loss=0.160568 lr=2.123e-06
[train] step=6960 loss=0.231583 lr=2.121e-06
INFO     [rank 0] Model weights for step 6960 saved in       dit_trainer.py:1085
         checkpoints/model_weights_step_06960.safetensors                       
INFO     [rank 0] Scalar embedding weights for step 6960     dit_trainer.py:1092
         saved                                                                  
INFO     [rank 0] Training state saved:                      dit_trainer.py:1123
         checkpoints/model_weights_step_06960.state.pt                          
DEBUG    [rank 0] Removed old checkpoint:                    dit_trainer.py:1136
         /hppfs/scratch/0D/go76fuz2/windinet/outputs/shockwa                    
         ve_dit_ep20_baseline/checkpoints/model_weights_step                    
         _06360.safetensors                                                     
DEBUG    [rank 0] Removed old checkpoint:                    dit_trainer.py:1136
         /hppfs/scratch/0D/go76fuz2/windinet/outputs/shockwa                    
         ve_dit_ep20_baseline/checkpoints/model_weights_step                    
         _06360.state.pt                                                        
DEBUG    [rank 0] Removed old checkpoint:                    dit_trainer.py:1136
         /hppfs/scratch/0D/go76fuz2/windinet/outputs/shockwa                    
         ve_dit_ep20_baseline/checkpoints/scalar_embedding_s                    
         tep_06360.safetensors                                                  
[epoch 58] step=6960 train_loss=0.197383
[train] step=6961 loss=0.151808 lr=2.120e-06
[train] step=6962 loss=0.231101 lr=2.119e-06
[train] step=6963 loss=0.221654 lr=2.117e-06
[train] step=6964 loss=0.331627 lr=2.116e-06
[train] step=6965 loss=0.230882 lr=2.115e-06
[train] step=6966 loss=0.241469 lr=2.114e-06
[train] step=6967 loss=0.136239 lr=2.112e-06
[train] step=6968 loss=0.269350 lr=2.111e-06
[train] step=6969 loss=0.157687 lr=2.110e-06
[train] step=6970 loss=0.121998 lr=2.109e-06
[train] step=6971 loss=0.260386 lr=2.107e-06
[train] step=6972 loss=0.108297 lr=2.106e-06
[train] step=6973 loss=0.194573 lr=2.105e-06
[train] step=6974 loss=0.119844 lr=2.103e-06
[train] step=6975 loss=0.194389 lr=2.102e-06
[train] step=6976 loss=0.165437 lr=2.101e-06
[train] step=6977 loss=0.191655 lr=2.100e-06
[train] step=6978 loss=0.193564 lr=2.098e-06
[train] step=6979 loss=0.162260 lr=2.097e-06
[train] step=6980 loss=0.237251 lr=2.096e-06
[train] step=6981 loss=0.098942 lr=2.094e-06
[train] step=6982 loss=0.268242 lr=2.093e-06
[train] step=6983 loss=0.248536 lr=2.092e-06
[train] step=6984 loss=0.163621 lr=2.091e-06
[train] step=6985 loss=0.309452 lr=2.089e-06
[train] step=6986 loss=0.102927 lr=2.088e-06
[train] step=6987 loss=0.062867 lr=2.087e-06
[train] step=6988 loss=0.202856 lr=2.086e-06
[train] step=6989 loss=0.177333 lr=2.084e-06
[train] step=6990 loss=0.201721 lr=2.083e-06
[train] step=6991 loss=0.140641 lr=2.082e-06
[train] step=6992 loss=0.178201 lr=2.080e-06
[train] step=6993 loss=0.221724 lr=2.079e-06
[train] step=6994 loss=0.301790 lr=2.078e-06
[train] step=6995 loss=0.230010 lr=2.077e-06
[train] step=6996 loss=0.196065 lr=2.075e-06
[train] step=6997 loss=0.171756 lr=2.074e-06
[train] step=6998 loss=0.262532 lr=2.073e-06
[train] step=6999 loss=0.190482 lr=2.072e-06
[train] step=7000 loss=0.130219 lr=2.070e-06
[train] step=7001 loss=0.111999 lr=2.069e-06
[train] step=7002 loss=0.228831 lr=2.068e-06
[train] step=7003 loss=0.183539 lr=2.066e-06
[train] step=7004 loss=0.158663 lr=2.065e-06
[train] step=7005 loss=0.164483 lr=2.064e-06
[train] step=7006 loss=0.213125 lr=2.063e-06
[train] step=7007 loss=0.255443 lr=2.061e-06
[train] step=7008 loss=0.207002 lr=2.060e-06
[train] step=7009 loss=0.195055 lr=2.059e-06
[train] step=7010 loss=0.207246 lr=2.058e-06
[train] step=7011 loss=0.247668 lr=2.056e-06
[train] step=7012 loss=0.185838 lr=2.055e-06
[train] step=7013 loss=0.273155 lr=2.054e-06
[train] step=7014 loss=0.152479 lr=2.053e-06
[train] step=7015 loss=0.142501 lr=2.051e-06
[train] step=7016 loss=0.165672 lr=2.050e-06
[train] step=7017 loss=0.241449 lr=2.049e-06
[train] step=7018 loss=0.248583 lr=2.047e-06
[train] step=7019 loss=0.273208 lr=2.046e-06
[train] step=7020 loss=0.150161 lr=2.045e-06
[train] step=7021 loss=0.360492 lr=2.044e-06
[train] step=7022 loss=0.181892 lr=2.042e-06
[train] step=7023 loss=0.182153 lr=2.041e-06
[train] step=7024 loss=0.213108 lr=2.040e-06
[train] step=7025 loss=0.162547 lr=2.039e-06
[train] step=7026 loss=0.169578 lr=2.037e-06
[train] step=7027 loss=0.145149 lr=2.036e-06
[train] step=7028 loss=0.138405 lr=2.035e-06
[train] step=7029 loss=0.203365 lr=2.034e-06
[train] step=7030 loss=0.220760 lr=2.032e-06
[train] step=7031 loss=0.229773 lr=2.031e-06
[train] step=7032 loss=0.257485 lr=2.030e-06
[train] step=7033 loss=0.162066 lr=2.029e-06
[train] step=7034 loss=0.184173 lr=2.027e-06
[train] step=7035 loss=0.362946 lr=2.026e-06
[train] step=7036 loss=0.243222 lr=2.025e-06
[train] step=7037 loss=0.148103 lr=2.023e-06
[train] step=7038 loss=0.094240 lr=2.022e-06
[train] step=7039 loss=0.242170 lr=2.021e-06
[train] step=7040 loss=0.140577 lr=2.020e-06
[train] step=7041 loss=0.203724 lr=2.018e-06
[train] step=7042 loss=0.116682 lr=2.017e-06
[train] step=7043 loss=0.238344 lr=2.016e-06
[train] step=7044 loss=0.189273 lr=2.015e-06
[train] step=7045 loss=0.206564 lr=2.013e-06
[train] step=7046 loss=0.105320 lr=2.012e-06
[train] step=7047 loss=0.136584 lr=2.011e-06
[train] step=7048 loss=0.207412 lr=2.010e-06
[train] step=7049 loss=0.355654 lr=2.008e-06
[train] step=7050 loss=0.229148 lr=2.007e-06
[train] step=7051 loss=0.259783 lr=2.006e-06
[train] step=7052 loss=0.217578 lr=2.005e-06
[train] step=7053 loss=0.202911 lr=2.003e-06
[train] step=7054 loss=0.235164 lr=2.002e-06
[train] step=7055 loss=0.164199 lr=2.001e-06
[train] step=7056 loss=0.223561 lr=2.000e-06
[train] step=7057 loss=0.157969 lr=1.998e-06
[train] step=7058 loss=0.177288 lr=1.997e-06
[train] step=7059 loss=0.177038 lr=1.996e-06
[train] step=7060 loss=0.151998 lr=1.995e-06
[train] step=7061 loss=0.139946 lr=1.993e-06
[train] step=7062 loss=0.179475 lr=1.992e-06
[train] step=7063 loss=0.133267 lr=1.991e-06
[train] step=7064 loss=0.150796 lr=1.990e-06
[train] step=7065 loss=0.215396 lr=1.988e-06
[train] step=7066 loss=0.190113 lr=1.987e-06
[train] step=7067 loss=0.189815 lr=1.986e-06
[train] step=7068 loss=0.252872 lr=1.985e-06
[train] step=7069 loss=0.164473 lr=1.983e-06
[train] step=7070 loss=0.248494 lr=1.982e-06
[train] step=7071 loss=0.220156 lr=1.981e-06
[train] step=7072 loss=0.202033 lr=1.980e-06
[train] step=7073 loss=0.149021 lr=1.978e-06
[train] step=7074 loss=0.130557 lr=1.977e-06
[train] step=7075 loss=0.192449 lr=1.976e-06
[train] step=7076 loss=0.153450 lr=1.975e-06
[train] step=7077 loss=0.195103 lr=1.973e-06
[train] step=7078 loss=0.127264 lr=1.972e-06
[train] step=7079 loss=0.264523 lr=1.971e-06
[train] step=7080 loss=0.177103 lr=1.970e-06
INFO     [rank 0] Model weights for step 7080 saved in       dit_trainer.py:1085
         checkpoints/model_weights_step_07080.safetensors                       
INFO     [rank 0] Scalar embedding weights for step 7080     dit_trainer.py:1092
         saved                                                                  
INFO     [rank 0] Training state saved:                      dit_trainer.py:1123
         checkpoints/model_weights_step_07080.state.pt                          
DEBUG    [rank 0] Removed old checkpoint:                    dit_trainer.py:1136
         /hppfs/scratch/0D/go76fuz2/windinet/outputs/shockwa                    
         ve_dit_ep20_baseline/checkpoints/model_weights_step                    
         _06480.safetensors                                                     
DEBUG    [rank 0] Removed old checkpoint:                    dit_trainer.py:1136
         /hppfs/scratch/0D/go76fuz2/windinet/outputs/shockwa                    
         ve_dit_ep20_baseline/checkpoints/model_weights_step                    
         _06480.state.pt                                                        
DEBUG    [rank 0] Removed old checkpoint:                    dit_trainer.py:1136
         /hppfs/scratch/0D/go76fuz2/windinet/outputs/shockwa                    
         ve_dit_ep20_baseline/checkpoints/scalar_embedding_s                    
         tep_06480.safetensors                                                  
[epoch 59] step=7080 train_loss=0.195972
[train] step=7081 loss=0.136323 lr=1.968e-06
[train] step=7082 loss=0.253228 lr=1.967e-06
[train] step=7083 loss=0.194493 lr=1.966e-06
[train] step=7084 loss=0.278259 lr=1.965e-06
[train] step=7085 loss=0.143775 lr=1.963e-06
[train] step=7086 loss=0.310611 lr=1.962e-06
[train] step=7087 loss=0.173902 lr=1.961e-06
[train] step=7088 loss=0.105459 lr=1.960e-06
[train] step=7089 loss=0.205632 lr=1.958e-06
[train] step=7090 loss=0.277785 lr=1.957e-06
[train] step=7091 loss=0.105821 lr=1.956e-06
[train] step=7092 loss=0.226622 lr=1.955e-06
[train] step=7093 loss=0.184074 lr=1.953e-06
[train] step=7094 loss=0.183109 lr=1.952e-06
[train] step=7095 loss=0.133028 lr=1.951e-06
[train] step=7096 loss=0.292976 lr=1.950e-06
[train] step=7097 loss=0.201417 lr=1.948e-06
[train] step=7098 loss=0.282312 lr=1.947e-06
[train] step=7099 loss=0.176624 lr=1.946e-06
[train] step=7100 loss=0.199145 lr=1.945e-06
[train] step=7101 loss=0.202331 lr=1.944e-06
[train] step=7102 loss=0.122794 lr=1.942e-06
[train] step=7103 loss=0.246886 lr=1.941e-06
[train] step=7104 loss=0.276527 lr=1.940e-06
[train] step=7105 loss=0.151182 lr=1.939e-06
[train] step=7106 loss=0.250816 lr=1.937e-06
[train] step=7107 loss=0.497996 lr=1.936e-06
[train] step=7108 loss=0.180625 lr=1.935e-06
[train] step=7109 loss=0.149847 lr=1.934e-06
[train] step=7110 loss=0.181993 lr=1.932e-06
[train] step=7111 loss=0.193663 lr=1.931e-06
[train] step=7112 loss=0.182297 lr=1.930e-06
[train] step=7113 loss=0.186162 lr=1.929e-06
[train] step=7114 loss=0.330104 lr=1.927e-06
[train] step=7115 loss=0.135981 lr=1.926e-06
[train] step=7116 loss=0.142082 lr=1.925e-06
[train] step=7117 loss=0.181447 lr=1.924e-06
[train] step=7118 loss=0.250386 lr=1.922e-06
[train] step=7119 loss=0.190668 lr=1.921e-06
[train] step=7120 loss=0.198277 lr=1.920e-06
[train] step=7121 loss=0.156032 lr=1.919e-06
[train] step=7122 loss=0.184079 lr=1.918e-06
[train] step=7123 loss=0.281922 lr=1.916e-06
[train] step=7124 loss=0.202124 lr=1.915e-06
[train] step=7125 loss=0.139708 lr=1.914e-06
[train] step=7126 loss=0.184310 lr=1.913e-06
[train] step=7127 loss=0.197725 lr=1.911e-06
[train] step=7128 loss=0.168669 lr=1.910e-06
[train] step=7129 loss=0.189107 lr=1.909e-06
[train] step=7130 loss=0.140618 lr=1.908e-06
[train] step=7131 loss=0.105994 lr=1.906e-06
[train] step=7132 loss=0.177642 lr=1.905e-06
[train] step=7133 loss=0.206246 lr=1.904e-06
[train] step=7134 loss=0.195978 lr=1.903e-06
[train] step=7135 loss=0.137212 lr=1.902e-06
[train] step=7136 loss=0.210065 lr=1.900e-06
[train] step=7137 loss=0.379334 lr=1.899e-06
[train] step=7138 loss=0.152823 lr=1.898e-06
[train] step=7139 loss=0.187995 lr=1.897e-06
[train] step=7140 loss=0.206428 lr=1.895e-06
[train] step=7141 loss=0.146306 lr=1.894e-06
[train] step=7142 loss=0.224656 lr=1.893e-06
[train] step=7143 loss=0.163104 lr=1.892e-06
[train] step=7144 loss=0.185811 lr=1.890e-06
[train] step=7145 loss=0.171061 lr=1.889e-06
[train] step=7146 loss=0.151407 lr=1.888e-06
[train] step=7147 loss=0.169353 lr=1.887e-06
[train] step=7148 loss=0.503762 lr=1.886e-06
[train] step=7149 loss=0.147941 lr=1.884e-06
[train] step=7150 loss=0.235047 lr=1.883e-06
[train] step=7151 loss=0.326753 lr=1.882e-06
[train] step=7152 loss=0.241540 lr=1.881e-06
[train] step=7153 loss=0.256586 lr=1.879e-06
[train] step=7154 loss=0.170877 lr=1.878e-06
[train] step=7155 loss=0.220061 lr=1.877e-06
[train] step=7156 loss=0.150865 lr=1.876e-06
[train] step=7157 loss=0.132000 lr=1.875e-06
[train] step=7158 loss=0.189313 lr=1.873e-06
[train] step=7159 loss=0.179284 lr=1.872e-06
[train] step=7160 loss=0.180923 lr=1.871e-06
[train] step=7161 loss=0.104955 lr=1.870e-06
[train] step=7162 loss=0.157511 lr=1.868e-06
[train] step=7163 loss=0.253549 lr=1.867e-06
[train] step=7164 loss=0.160514 lr=1.866e-06
[train] step=7165 loss=0.129890 lr=1.865e-06
[train] step=7166 loss=0.206598 lr=1.864e-06
[train] step=7167 loss=0.240967 lr=1.862e-06
[train] step=7168 loss=0.143544 lr=1.861e-06
[train] step=7169 loss=0.176201 lr=1.860e-06
[train] step=7170 loss=0.198599 lr=1.859e-06
[train] step=7171 loss=0.160424 lr=1.857e-06
[train] step=7172 loss=0.210510 lr=1.856e-06
[train] step=7173 loss=0.244977 lr=1.855e-06
[train] step=7174 loss=0.159354 lr=1.854e-06
[train] step=7175 loss=0.181125 lr=1.853e-06
[train] step=7176 loss=0.248522 lr=1.851e-06
[train] step=7177 loss=0.210471 lr=1.850e-06
[train] step=7178 loss=0.137165 lr=1.849e-06
[train] step=7179 loss=0.198483 lr=1.848e-06
[train] step=7180 loss=0.296645 lr=1.847e-06
[train] step=7181 loss=0.101175 lr=1.845e-06
[train] step=7182 loss=0.115365 lr=1.844e-06
[train] step=7183 loss=0.141440 lr=1.843e-06
[train] step=7184 loss=0.157777 lr=1.842e-06
[train] step=7185 loss=0.150981 lr=1.840e-06
[train] step=7186 loss=0.201929 lr=1.839e-06
[train] step=7187 loss=0.276830 lr=1.838e-06
[train] step=7188 loss=0.264694 lr=1.837e-06
[train] step=7189 loss=0.119756 lr=1.836e-06
[train] step=7190 loss=0.107515 lr=1.834e-06
[train] step=7191 loss=0.231721 lr=1.833e-06
[train] step=7192 loss=0.113605 lr=1.832e-06
[train] step=7193 loss=0.159211 lr=1.831e-06
[train] step=7194 loss=0.236221 lr=1.830e-06
[train] step=7195 loss=0.126947 lr=1.828e-06
[train] step=7196 loss=0.164103 lr=1.827e-06
[train] step=7197 loss=0.130540 lr=1.826e-06
[train] step=7198 loss=0.226751 lr=1.825e-06
[train] step=7199 loss=0.237318 lr=1.823e-06
[train] step=7200 loss=0.139186 lr=1.822e-06
[val] step=7200 val_loss=0.205708
INFO     [rank 0] Model weights for step 7200 saved in       dit_trainer.py:1085
         checkpoints/model_weights_step_07200.safetensors                       
INFO     [rank 0] Scalar embedding weights for step 7200     dit_trainer.py:1092
         saved                                                                  
INFO     [rank 0] Training state saved:                      dit_trainer.py:1123
         checkpoints/model_weights_step_07200.state.pt                          
DEBUG    [rank 0] Removed old checkpoint:                    dit_trainer.py:1136
         /hppfs/scratch/0D/go76fuz2/windinet/outputs/shockwa                    
         ve_dit_ep20_baseline/checkpoints/model_weights_step                    
         _06600.safetensors                                                     
DEBUG    [rank 0] Removed old checkpoint:                    dit_trainer.py:1136
         /hppfs/scratch/0D/go76fuz2/windinet/outputs/shockwa                    
         ve_dit_ep20_baseline/checkpoints/model_weights_step                    
         _06600.state.pt                                                        
DEBUG    [rank 0] Removed old checkpoint:                    dit_trainer.py:1136
         /hppfs/scratch/0D/go76fuz2/windinet/outputs/shockwa                    
         ve_dit_ep20_baseline/checkpoints/scalar_embedding_s                    
         tep_06600.safetensors                                                  
[epoch 60] step=7200 train_loss=0.196069 val_loss=0.205708
[train] step=7201 loss=0.118502 lr=1.821e-06
[train] step=7202 loss=0.174335 lr=1.820e-06
[train] step=7203 loss=0.163412 lr=1.819e-06
[train] step=7204 loss=0.177142 lr=1.817e-06
[train] step=7205 loss=0.190426 lr=1.816e-06
[train] step=7206 loss=0.203690 lr=1.815e-06
[train] step=7207 loss=0.193754 lr=1.814e-06
[train] step=7208 loss=0.250504 lr=1.813e-06
[train] step=7209 loss=0.152331 lr=1.811e-06
[train] step=7210 loss=0.156627 lr=1.810e-06
[train] step=7211 loss=0.178088 lr=1.809e-06
[train] step=7212 loss=0.249458 lr=1.808e-06
[train] step=7213 loss=0.161739 lr=1.807e-06
[train] step=7214 loss=0.159598 lr=1.805e-06
[train] step=7215 loss=0.178602 lr=1.804e-06
[train] step=7216 loss=0.207634 lr=1.803e-06
[train] step=7217 loss=0.286677 lr=1.802e-06
[train] step=7218 loss=0.237760 lr=1.801e-06
[train] step=7219 loss=0.220684 lr=1.799e-06
[train] step=7220 loss=0.302961 lr=1.798e-06
[train] step=7221 loss=0.188248 lr=1.797e-06
[train] step=7222 loss=0.154477 lr=1.796e-06
[train] step=7223 loss=0.195176 lr=1.795e-06
[train] step=7224 loss=0.140560 lr=1.793e-06
[train] step=7225 loss=0.151778 lr=1.792e-06
[train] step=7226 loss=0.174590 lr=1.791e-06
[train] step=7227 loss=0.193313 lr=1.790e-06
[train] step=7228 loss=0.317203 lr=1.789e-06
[train] step=7229 loss=0.341103 lr=1.787e-06
[train] step=7230 loss=0.203320 lr=1.786e-06
[train] step=7231 loss=0.209459 lr=1.785e-06
[train] step=7232 loss=0.323457 lr=1.784e-06
[train] step=7233 loss=0.224185 lr=1.783e-06
[train] step=7234 loss=0.171598 lr=1.781e-06
[train] step=7235 loss=0.261484 lr=1.780e-06
[train] step=7236 loss=0.183221 lr=1.779e-06
[train] step=7237 loss=0.176993 lr=1.778e-06
[train] step=7238 loss=0.183264 lr=1.777e-06
[train] step=7239 loss=0.073416 lr=1.775e-06
[train] step=7240 loss=0.245658 lr=1.774e-06
[train] step=7241 loss=0.164638 lr=1.773e-06
[train] step=7242 loss=0.265544 lr=1.772e-06
[train] step=7243 loss=0.176097 lr=1.771e-06
[train] step=7244 loss=0.141276 lr=1.769e-06
[train] step=7245 loss=0.178547 lr=1.768e-06
[train] step=7246 loss=0.214262 lr=1.767e-06
[train] step=7247 loss=0.339736 lr=1.766e-06
[train] step=7248 loss=0.182530 lr=1.765e-06
[train] step=7249 loss=0.273130 lr=1.763e-06
[train] step=7250 loss=0.200961 lr=1.762e-06
[train] step=7251 loss=0.285402 lr=1.761e-06
[train] step=7252 loss=0.296542 lr=1.760e-06
[train] step=7253 loss=0.356207 lr=1.759e-06
[train] step=7254 loss=0.478682 lr=1.757e-06
[train] step=7255 loss=0.175294 lr=1.756e-06
[train] step=7256 loss=0.225197 lr=1.755e-06
[train] step=7257 loss=0.156508 lr=1.754e-06
[train] step=7258 loss=0.165504 lr=1.753e-06
[train] step=7259 loss=0.224863 lr=1.751e-06
[train] step=7260 loss=0.137565 lr=1.750e-06
[train] step=7261 loss=0.212152 lr=1.749e-06
[train] step=7262 loss=0.154202 lr=1.748e-06
[train] step=7263 loss=0.238468 lr=1.747e-06
[train] step=7264 loss=0.199174 lr=1.746e-06
[train] step=7265 loss=0.168765 lr=1.744e-06
[train] step=7266 loss=0.201246 lr=1.743e-06
[train] step=7267 loss=0.246748 lr=1.742e-06
[train] step=7268 loss=0.188463 lr=1.741e-06
[train] step=7269 loss=0.094080 lr=1.740e-06
[train] step=7270 loss=0.245442 lr=1.738e-06
[train] step=7271 loss=0.187763 lr=1.737e-06
[train] step=7272 loss=0.267513 lr=1.736e-06
[train] step=7273 loss=0.261346 lr=1.735e-06
[train] step=7274 loss=0.224689 lr=1.734e-06
[train] step=7275 loss=0.202327 lr=1.732e-06
[train] step=7276 loss=0.196526 lr=1.731e-06
[train] step=7277 loss=0.185219 lr=1.730e-06
[train] step=7278 loss=0.214634 lr=1.729e-06
[train] step=7279 loss=0.256181 lr=1.728e-06
[train] step=7280 loss=0.104060 lr=1.727e-06
[train] step=7281 loss=0.191409 lr=1.725e-06
[train] step=7282 loss=0.190258 lr=1.724e-06
[train] step=7283 loss=0.241053 lr=1.723e-06
[train] step=7284 loss=0.213268 lr=1.722e-06
[train] step=7285 loss=0.089791 lr=1.721e-06
[train] step=7286 loss=0.249652 lr=1.719e-06
[train] step=7287 loss=0.206479 lr=1.718e-06
[train] step=7288 loss=0.193052 lr=1.717e-06
[train] step=7289 loss=0.117326 lr=1.716e-06
[train] step=7290 loss=0.290722 lr=1.715e-06
[train] step=7291 loss=0.130618 lr=1.714e-06
[train] step=7292 loss=0.211477 lr=1.712e-06
[train] step=7293 loss=0.173404 lr=1.711e-06
[train] step=7294 loss=0.259626 lr=1.710e-06
[train] step=7295 loss=0.141242 lr=1.709e-06
[train] step=7296 loss=0.232033 lr=1.708e-06
[train] step=7297 loss=0.253094 lr=1.706e-06
[train] step=7298 loss=0.158785 lr=1.705e-06
[train] step=7299 loss=0.248721 lr=1.704e-06
[train] step=7300 loss=0.180560 lr=1.703e-06
[train] step=7301 loss=0.120057 lr=1.702e-06
[train] step=7302 loss=0.238732 lr=1.701e-06
[train] step=7303 loss=0.353991 lr=1.699e-06
[train] step=7304 loss=0.150558 lr=1.698e-06
[train] step=7305 loss=0.221460 lr=1.697e-06
[train] step=7306 loss=0.113071 lr=1.696e-06
[train] step=7307 loss=0.178418 lr=1.695e-06
[train] step=7308 loss=0.123863 lr=1.694e-06
[train] step=7309 loss=0.152251 lr=1.692e-06
[train] step=7310 loss=0.116939 lr=1.691e-06
[train] step=7311 loss=0.314147 lr=1.690e-06
[train] step=7312 loss=0.156577 lr=1.689e-06
[train] step=7313 loss=0.230090 lr=1.688e-06
[train] step=7314 loss=0.255539 lr=1.686e-06
[train] step=7315 loss=0.162221 lr=1.685e-06
[train] step=7316 loss=0.151021 lr=1.684e-06
[train] step=7317 loss=0.219640 lr=1.683e-06
[train] step=7318 loss=0.196480 lr=1.682e-06
[train] step=7319 loss=0.305316 lr=1.681e-06
[train] step=7320 loss=0.152166 lr=1.679e-06
INFO     [rank 0] Model weights for step 7320 saved in       dit_trainer.py:1085
         checkpoints/model_weights_step_07320.safetensors                       
INFO     [rank 0] Scalar embedding weights for step 7320     dit_trainer.py:1092
         saved                                                                  
INFO     [rank 0] Training state saved:                      dit_trainer.py:1123
         checkpoints/model_weights_step_07320.state.pt                          
DEBUG    [rank 0] Removed old checkpoint:                    dit_trainer.py:1136
         /hppfs/scratch/0D/go76fuz2/windinet/outputs/shockwa                    
         ve_dit_ep20_baseline/checkpoints/model_weights_step                    
         _06720.safetensors                                                     
DEBUG    [rank 0] Removed old checkpoint:                    dit_trainer.py:1136
         /hppfs/scratch/0D/go76fuz2/windinet/outputs/shockwa                    
         ve_dit_ep20_baseline/checkpoints/model_weights_step                    
         _06720.state.pt                                                        
DEBUG    [rank 0] Removed old checkpoint:                    dit_trainer.py:1136
         /hppfs/scratch/0D/go76fuz2/windinet/outputs/shockwa                    
         ve_dit_ep20_baseline/checkpoints/scalar_embedding_s                    
         tep_06720.safetensors                                                  
[epoch 61] step=7320 train_loss=0.205300
[train] step=7321 loss=0.138142 lr=1.678e-06
[train] step=7322 loss=0.238953 lr=1.677e-06
[train] step=7323 loss=0.187161 lr=1.676e-06
[train] step=7324 loss=0.204291 lr=1.675e-06
[train] step=7325 loss=0.163341 lr=1.674e-06
[train] step=7326 loss=0.235608 lr=1.672e-06
[train] step=7327 loss=0.182324 lr=1.671e-06
[train] step=7328 loss=0.131408 lr=1.670e-06
[train] step=7329 loss=0.307334 lr=1.669e-06
[train] step=7330 loss=0.148503 lr=1.668e-06
[train] step=7331 loss=0.270852 lr=1.667e-06
[train] step=7332 loss=0.197216 lr=1.665e-06
[train] step=7333 loss=0.299273 lr=1.664e-06
[train] step=7334 loss=0.238506 lr=1.663e-06
[train] step=7335 loss=0.238094 lr=1.662e-06
[train] step=7336 loss=0.150188 lr=1.661e-06
[train] step=7337 loss=0.244265 lr=1.660e-06
[train] step=7338 loss=0.167999 lr=1.658e-06
[train] step=7339 loss=0.200950 lr=1.657e-06
[train] step=7340 loss=0.244493 lr=1.656e-06
[train] step=7341 loss=0.185327 lr=1.655e-06
[train] step=7342 loss=0.286229 lr=1.654e-06
[train] step=7343 loss=0.165429 lr=1.653e-06
[train] step=7344 loss=0.206755 lr=1.651e-06
[train] step=7345 loss=0.153021 lr=1.650e-06
[train] step=7346 loss=0.124616 lr=1.649e-06
[train] step=7347 loss=0.173385 lr=1.648e-06
[train] step=7348 loss=0.223675 lr=1.647e-06
[train] step=7349 loss=0.275521 lr=1.646e-06
[train] step=7350 loss=0.147433 lr=1.644e-06
[train] step=7351 loss=0.054721 lr=1.643e-06
[train] step=7352 loss=0.213264 lr=1.642e-06
[train] step=7353 loss=0.201327 lr=1.641e-06
[train] step=7354 loss=0.201253 lr=1.640e-06
[train] step=7355 loss=0.123617 lr=1.639e-06
[train] step=7356 loss=0.163484 lr=1.638e-06
[train] step=7357 loss=0.313533 lr=1.636e-06
[train] step=7358 loss=0.185226 lr=1.635e-06
[train] step=7359 loss=0.276566 lr=1.634e-06
[train] step=7360 loss=0.238675 lr=1.633e-06
[train] step=7361 loss=0.250365 lr=1.632e-06
[train] step=7362 loss=0.174879 lr=1.631e-06
[train] step=7363 loss=0.201201 lr=1.629e-06
[train] step=7364 loss=0.192889 lr=1.628e-06
[train] step=7365 loss=0.257355 lr=1.627e-06
[train] step=7366 loss=0.181076 lr=1.626e-06
[train] step=7367 loss=0.204059 lr=1.625e-06
[train] step=7368 loss=0.141574 lr=1.624e-06
[train] step=7369 loss=0.153241 lr=1.622e-06
[train] step=7370 loss=0.205934 lr=1.621e-06
[train] step=7371 loss=0.138669 lr=1.620e-06
[train] step=7372 loss=0.177883 lr=1.619e-06
[train] step=7373 loss=0.169831 lr=1.618e-06
[train] step=7374 loss=0.197998 lr=1.617e-06
[train] step=7375 loss=0.179774 lr=1.616e-06
[train] step=7376 loss=0.266342 lr=1.614e-06
[train] step=7377 loss=0.179738 lr=1.613e-06
[train] step=7378 loss=0.234227 lr=1.612e-06
[train] step=7379 loss=0.178986 lr=1.611e-06
[train] step=7380 loss=0.154496 lr=1.610e-06
[train] step=7381 loss=0.349871 lr=1.609e-06
[train] step=7382 loss=0.151767 lr=1.607e-06
[train] step=7383 loss=0.353400 lr=1.606e-06
[train] step=7384 loss=0.115954 lr=1.605e-06
[train] step=7385 loss=0.247065 lr=1.604e-06
[train] step=7386 loss=0.139428 lr=1.603e-06
[train] step=7387 loss=0.184480 lr=1.602e-06
[train] step=7388 loss=0.196306 lr=1.601e-06
[train] step=7389 loss=0.110775 lr=1.599e-06
[train] step=7390 loss=0.290938 lr=1.598e-06
[train] step=7391 loss=0.130990 lr=1.597e-06
[train] step=7392 loss=0.236495 lr=1.596e-06
[train] step=7393 loss=0.229435 lr=1.595e-06
[train] step=7394 loss=0.328905 lr=1.594e-06
[train] step=7395 loss=0.261964 lr=1.593e-06
[train] step=7396 loss=0.229187 lr=1.591e-06
[train] step=7397 loss=0.205672 lr=1.590e-06
[train] step=7398 loss=0.101220 lr=1.589e-06
[train] step=7399 loss=0.195567 lr=1.588e-06
[train] step=7400 loss=0.278448 lr=1.587e-06
[train] step=7401 loss=0.238557 lr=1.586e-06
[train] step=7402 loss=0.290683 lr=1.585e-06
[train] step=7403 loss=0.203793 lr=1.583e-06
[train] step=7404 loss=0.177962 lr=1.582e-06
[train] step=7405 loss=0.304010 lr=1.581e-06
[train] step=7406 loss=0.223637 lr=1.580e-06
[train] step=7407 loss=0.134929 lr=1.579e-06
[train] step=7408 loss=0.179787 lr=1.578e-06
[train] step=7409 loss=0.273815 lr=1.577e-06
[train] step=7410 loss=0.194677 lr=1.575e-06
[train] step=7411 loss=0.162111 lr=1.574e-06
[train] step=7412 loss=0.203482 lr=1.573e-06
[train] step=7413 loss=0.243445 lr=1.572e-06
[train] step=7414 loss=0.095952 lr=1.571e-06
[train] step=7415 loss=0.132394 lr=1.570e-06
[train] step=7416 loss=0.255798 lr=1.569e-06
[train] step=7417 loss=0.209319 lr=1.567e-06
[train] step=7418 loss=0.148164 lr=1.566e-06
[train] step=7419 loss=0.252536 lr=1.565e-06
[train] step=7420 loss=0.102724 lr=1.564e-06
[train] step=7421 loss=0.212953 lr=1.563e-06
[train] step=7422 loss=0.199028 lr=1.562e-06
[train] step=7423 loss=0.119184 lr=1.561e-06
[train] step=7424 loss=0.099438 lr=1.559e-06
[train] step=7425 loss=0.280855 lr=1.558e-06
[train] step=7426 loss=0.105565 lr=1.557e-06
[train] step=7427 loss=0.194751 lr=1.556e-06
[train] step=7428 loss=0.282398 lr=1.555e-06
[train] step=7429 loss=0.321601 lr=1.554e-06
[train] step=7430 loss=0.173945 lr=1.553e-06
[train] step=7431 loss=0.255646 lr=1.552e-06
[train] step=7432 loss=0.149889 lr=1.550e-06
[train] step=7433 loss=0.226958 lr=1.549e-06
[train] step=7434 loss=0.124200 lr=1.548e-06
[train] step=7435 loss=0.120866 lr=1.547e-06
[train] step=7436 loss=0.182696 lr=1.546e-06
[train] step=7437 loss=0.106382 lr=1.545e-06
[train] step=7438 loss=0.298206 lr=1.544e-06
[train] step=7439 loss=0.190911 lr=1.542e-06
[train] step=7440 loss=0.186059 lr=1.541e-06
INFO     [rank 0] Model weights for step 7440 saved in       dit_trainer.py:1085
         checkpoints/model_weights_step_07440.safetensors                       
INFO     [rank 0] Scalar embedding weights for step 7440     dit_trainer.py:1092
         saved                                                                  
INFO     [rank 0] Training state saved:                      dit_trainer.py:1123
         checkpoints/model_weights_step_07440.state.pt                          
DEBUG    [rank 0] Removed old checkpoint:                    dit_trainer.py:1136
         /hppfs/scratch/0D/go76fuz2/windinet/outputs/shockwa                    
         ve_dit_ep20_baseline/checkpoints/model_weights_step                    
         _06840.safetensors                                                     
DEBUG    [rank 0] Removed old checkpoint:                    dit_trainer.py:1136
         /hppfs/scratch/0D/go76fuz2/windinet/outputs/shockwa                    
         ve_dit_ep20_baseline/checkpoints/model_weights_step                    
         _06840.state.pt                                                        
DEBUG    [rank 0] Removed old checkpoint:                    dit_trainer.py:1136
         /hppfs/scratch/0D/go76fuz2/windinet/outputs/shockwa                    
         ve_dit_ep20_baseline/checkpoints/scalar_embedding_s                    
         tep_06840.safetensors                                                  
[epoch 62] step=7440 train_loss=0.200881
[train] step=7441 loss=0.304175 lr=1.540e-06
[train] step=7442 loss=0.114415 lr=1.539e-06
[train] step=7443 loss=0.080355 lr=1.538e-06
[train] step=7444 loss=0.261507 lr=1.537e-06
[train] step=7445 loss=0.158937 lr=1.536e-06
[train] step=7446 loss=0.290280 lr=1.535e-06
[train] step=7447 loss=0.132154 lr=1.533e-06
[train] step=7448 loss=0.172412 lr=1.532e-06
[train] step=7449 loss=0.194203 lr=1.531e-06
[train] step=7450 loss=0.236196 lr=1.530e-06
[train] step=7451 loss=0.123145 lr=1.529e-06
[train] step=7452 loss=0.195021 lr=1.528e-06
[train] step=7453 loss=0.200560 lr=1.527e-06
[train] step=7454 loss=0.318025 lr=1.526e-06
[train] step=7455 loss=0.222255 lr=1.524e-06
[train] step=7456 loss=0.247725 lr=1.523e-06
[train] step=7457 loss=0.212695 lr=1.522e-06
[train] step=7458 loss=0.227618 lr=1.521e-06
[train] step=7459 loss=0.189318 lr=1.520e-06
[train] step=7460 loss=0.143195 lr=1.519e-06
[train] step=7461 loss=0.180777 lr=1.518e-06
[train] step=7462 loss=0.121703 lr=1.517e-06
[train] step=7463 loss=0.243435 lr=1.515e-06
[train] step=7464 loss=0.164670 lr=1.514e-06
[train] step=7465 loss=0.280060 lr=1.513e-06
[train] step=7466 loss=0.163210 lr=1.512e-06
[train] step=7467 loss=0.162050 lr=1.511e-06
[train] step=7468 loss=0.160690 lr=1.510e-06
[train] step=7469 loss=0.244563 lr=1.509e-06
[train] step=7470 loss=0.145642 lr=1.508e-06
[train] step=7471 loss=0.249244 lr=1.506e-06
[train] step=7472 loss=0.207466 lr=1.505e-06
[train] step=7473 loss=0.177588 lr=1.504e-06
[train] step=7474 loss=0.393686 lr=1.503e-06
[train] step=7475 loss=0.145445 lr=1.502e-06
[train] step=7476 loss=0.184583 lr=1.501e-06
[train] step=7477 loss=0.204886 lr=1.500e-06
[train] step=7478 loss=0.202972 lr=1.499e-06
[train] step=7479 loss=0.112766 lr=1.497e-06
[train] step=7480 loss=0.204740 lr=1.496e-06
[train] step=7481 loss=0.150267 lr=1.495e-06
[train] step=7482 loss=0.303690 lr=1.494e-06
[train] step=7483 loss=0.315508 lr=1.493e-06
[train] step=7484 loss=0.155536 lr=1.492e-06
[train] step=7485 loss=0.243516 lr=1.491e-06
[train] step=7486 loss=0.102295 lr=1.490e-06
[train] step=7487 loss=0.148928 lr=1.489e-06
[train] step=7488 loss=0.072973 lr=1.487e-06
[train] step=7489 loss=0.172367 lr=1.486e-06
[train] step=7490 loss=0.275351 lr=1.485e-06
[train] step=7491 loss=0.144721 lr=1.484e-06
[train] step=7492 loss=0.204839 lr=1.483e-06
[train] step=7493 loss=0.243184 lr=1.482e-06
[train] step=7494 loss=0.088098 lr=1.481e-06
[train] step=7495 loss=0.164082 lr=1.480e-06
[train] step=7496 loss=0.156673 lr=1.479e-06
[train] step=7497 loss=0.316339 lr=1.477e-06
[train] step=7498 loss=0.288334 lr=1.476e-06
[train] step=7499 loss=0.179013 lr=1.475e-06
[train] step=7500 loss=0.120234 lr=1.474e-06
[train] step=7501 loss=0.216770 lr=1.473e-06
[train] step=7502 loss=0.144191 lr=1.472e-06
[train] step=7503 loss=0.320710 lr=1.471e-06
[train] step=7504 loss=0.155531 lr=1.470e-06
[train] step=7505 loss=0.202244 lr=1.469e-06
[train] step=7506 loss=0.233127 lr=1.467e-06
[train] step=7507 loss=0.222636 lr=1.466e-06
[train] step=7508 loss=0.172980 lr=1.465e-06
[train] step=7509 loss=0.237628 lr=1.464e-06
[train] step=7510 loss=0.320179 lr=1.463e-06
[train] step=7511 loss=0.305991 lr=1.462e-06
[train] step=7512 loss=0.188887 lr=1.461e-06
[train] step=7513 loss=0.286133 lr=1.460e-06
[train] step=7514 loss=0.179601 lr=1.459e-06
[train] step=7515 loss=0.164658 lr=1.458e-06
[train] step=7516 loss=0.136211 lr=1.456e-06
[train] step=7517 loss=0.192973 lr=1.455e-06
[train] step=7518 loss=0.177573 lr=1.454e-06
[train] step=7519 loss=0.170230 lr=1.453e-06
[train] step=7520 loss=0.134361 lr=1.452e-06
[train] step=7521 loss=0.215965 lr=1.451e-06
[train] step=7522 loss=0.192298 lr=1.450e-06
[train] step=7523 loss=0.211400 lr=1.449e-06
[train] step=7524 loss=0.125298 lr=1.448e-06
[train] step=7525 loss=0.245599 lr=1.446e-06
[train] step=7526 loss=0.149240 lr=1.445e-06
[train] step=7527 loss=0.210955 lr=1.444e-06
[train] step=7528 loss=0.208076 lr=1.443e-06
[train] step=7529 loss=0.277605 lr=1.442e-06
[train] step=7530 loss=0.173153 lr=1.441e-06
[train] step=7531 loss=0.145728 lr=1.440e-06
[train] step=7532 loss=0.153455 lr=1.439e-06
[train] step=7533 loss=0.177962 lr=1.438e-06
[train] step=7534 loss=0.179324 lr=1.437e-06
[train] step=7535 loss=0.141509 lr=1.435e-06
[train] step=7536 loss=0.210343 lr=1.434e-06
[train] step=7537 loss=0.271292 lr=1.433e-06
[train] step=7538 loss=0.199642 lr=1.432e-06
[train] step=7539 loss=0.100931 lr=1.431e-06
[train] step=7540 loss=0.215452 lr=1.430e-06
[train] step=7541 loss=0.131067 lr=1.429e-06
[train] step=7542 loss=0.137582 lr=1.428e-06
[train] step=7543 loss=0.176667 lr=1.427e-06
[train] step=7544 loss=0.157877 lr=1.426e-06
[train] step=7545 loss=0.198891 lr=1.425e-06
[train] step=7546 loss=0.117681 lr=1.423e-06
[train] step=7547 loss=0.149283 lr=1.422e-06
[train] step=7548 loss=0.190772 lr=1.421e-06
[train] step=7549 loss=0.138624 lr=1.420e-06
[train] step=7550 loss=0.187801 lr=1.419e-06
[train] step=7551 loss=0.253406 lr=1.418e-06
[train] step=7552 loss=0.216123 lr=1.417e-06
[train] step=7553 loss=0.208422 lr=1.416e-06
[train] step=7554 loss=0.150114 lr=1.415e-06
[train] step=7555 loss=0.168943 lr=1.414e-06
[train] step=7556 loss=0.260278 lr=1.413e-06
[train] step=7557 loss=0.297314 lr=1.411e-06
[train] step=7558 loss=0.146769 lr=1.410e-06
[train] step=7559 loss=0.209838 lr=1.409e-06
[train] step=7560 loss=0.237437 lr=1.408e-06
INFO     [rank 0] Model weights for step 7560 saved in       dit_trainer.py:1085
         checkpoints/model_weights_step_07560.safetensors                       
INFO     [rank 0] Scalar embedding weights for step 7560     dit_trainer.py:1092
         saved                                                                  
INFO     [rank 0] Training state saved:                      dit_trainer.py:1123
         checkpoints/model_weights_step_07560.state.pt                          
DEBUG    [rank 0] Removed old checkpoint:                    dit_trainer.py:1136
         /hppfs/scratch/0D/go76fuz2/windinet/outputs/shockwa                    
         ve_dit_ep20_baseline/checkpoints/model_weights_step                    
         _06960.safetensors                                                     
DEBUG    [rank 0] Removed old checkpoint:                    dit_trainer.py:1136
         /hppfs/scratch/0D/go76fuz2/windinet/outputs/shockwa                    
         ve_dit_ep20_baseline/checkpoints/model_weights_step                    
         _06960.state.pt                                                        
DEBUG    [rank 0] Removed old checkpoint:                    dit_trainer.py:1136
         /hppfs/scratch/0D/go76fuz2/windinet/outputs/shockwa                    
         ve_dit_ep20_baseline/checkpoints/scalar_embedding_s                    
         tep_06960.safetensors                                                  
[epoch 63] step=7560 train_loss=0.195597
[train] step=7561 loss=0.177430 lr=1.407e-06
[train] step=7562 loss=0.147246 lr=1.406e-06
[train] step=7563 loss=0.131887 lr=1.405e-06
[train] step=7564 loss=0.286218 lr=1.404e-06
[train] step=7565 loss=0.188285 lr=1.403e-06
[train] step=7566 loss=0.256484 lr=1.402e-06
[train] step=7567 loss=0.296847 lr=1.401e-06
[train] step=7568 loss=0.179199 lr=1.399e-06
[train] step=7569 loss=0.238133 lr=1.398e-06
[train] step=7570 loss=0.170539 lr=1.397e-06
[train] step=7571 loss=0.217962 lr=1.396e-06
[train] step=7572 loss=0.184795 lr=1.395e-06
[train] step=7573 loss=0.215794 lr=1.394e-06
[train] step=7574 loss=0.239563 lr=1.393e-06
[train] step=7575 loss=0.110885 lr=1.392e-06
[train] step=7576 loss=0.103710 lr=1.391e-06
[train] step=7577 loss=0.152411 lr=1.390e-06
[train] step=7578 loss=0.170982 lr=1.389e-06
[train] step=7579 loss=0.124004 lr=1.388e-06
[train] step=7580 loss=0.183057 lr=1.386e-06
[train] step=7581 loss=0.259847 lr=1.385e-06
