START TIME: Sat 05 Sep 2026 04:38:17 PM CEST
job=534572 node=i20r05c03s10
+-----------+--------------------------------------------------------------------------------------+
| Device ID | Device Information                                                                   |
+-----------+--------------------------------------------------------------------------------------+
| 0         | Device Name: Intel(R) Data Center GPU Max 1550                                       |
|           | Vendor Name: Intel(R) Corporation                                                    |
|           | SOC UUID: 00000000-0000-003a-0000-002f0bd58086                                       |
|           | PCI BDF Address: 0000:3a:00.0                                                        |
|           | DRM Device: /dev/dri/card0                                                           |
|           | Function Type: physical                                                              |
+-----------+--------------------------------------------------------------------------------------+
| 1         | Device Name: Intel(R) Data Center GPU Max 1550                                       |
|           | Vendor Name: Intel(R) Corporation                                                    |
|           | SOC UUID: 00000000-0000-004b-0000-002f0bd58086                                       |
|           | PCI BDF Address: 0000:4b:00.0                                                        |
|           | DRM Device: /dev/dri/card1                                                           |
|           | Function Type: physical                                                              |
+-----------+--------------------------------------------------------------------------------------+
| 2         | Device Name: Intel(R) Data Center GPU Max 1550                                       |
|           | Vendor Name: Intel(R) Corporation                                                    |
|           | SOC UUID: 00000000-0000-00ca-0000-002f0bd58086                                       |
|           | PCI BDF Address: 0000:ca:00.0                                                        |
|           | DRM Device: /dev/dri/card2                                                           |
|           | Function Type: physical                                                              |
+-----------+--------------------------------------------------------------------------------------+
| 3         | Device Name: Intel(R) Data Center GPU Max 1550                                       |
|           | Vendor Name: Intel(R) Corporation                                                    |
|           | SOC UUID: 00000000-0000-00da-0000-002f0bd58086                                       |
|           | PCI BDF Address: 0000:da:00.0                                                        |
|           | DRM Device: /dev/dri/card3                                                           |
|           | Function Type: physical                                                              |
+-----------+--------------------------------------------------------------------------------------+
PREPROCESSED_NAME: finetune_vae_whole_structure_baseline_ep20_256res_cosine_kl1e5
BASE_CONFIG: configs/dit/train_dit_sng_pvc_cosine_kl1e5.yaml
STEPS override: <none, using BASE_CONFIG default>
MASTER_ADDR: i20r05c03s10  MASTER_PORT: 48745
preprocessed_data_root=/hppfs/scratch/0D/go76fuz2/windinet/dit_preprocessed/finetune_vae_whole_structure_baseline_ep20_256res_cosine_kl1e5 output_dir=$SCRATCH/windinet/outputs/shockwave_dit_cosine_kl1e5 steps=8000
INFO     [rank 6] Failed to extract font properties from    font_manager.py:1107
         /usr/share/fonts/truetype/Cantarell-VF.otf: Can                        
         not load face (SFNT font table missing; error code                     
         0x8e)                                                                  
INFO     [rank 6] generated new fontManager                 font_manager.py:1639
                             Training Configuration                             
┏━━━━━━━━━━━━━━━━━━━━━━━━━━━━━━━━━━━━━━┳━━━━━━━━━━━━━━━━━━━━━━━━━━━━━━━━━━━━━━━┓
┃ Parameter                            ┃ Value                                 ┃
┡━━━━━━━━━━━━━━━━━━━━━━━━━━━━━━━━━━━━━━╇━━━━━━━━━━━━━━━━━━━━━━━━━━━━━━━━━━━━━━━┩
│ model.model_source                   │ LTXV_2B_0.9.6_DEV                     │
│ model.load_checkpoint                │ None                                  │
│ conditioning.first_frame_conditioni… │ 1.0                                   │
│ scalar_conditioning.enabled          │ True                                  │
│ scalar_conditioning.scalar_names     │ gamma                                 │
│ scalar_conditioning.scalar_ranges    │ {'gamma': (1.0, 2.0)}                 │
│ scalar_conditioning.embedding_dim    │ 4096                                  │
│ scalar_conditioning.num_tokens_per_… │ 4                                     │
│ scalar_conditioning.fourier_features │ 64                                    │
│ scalar_conditioning.mlp_hidden_dim   │ 256                                   │
│ scalar_conditioning.dropout          │ 0.1                                   │
│ optimization.learning_rate           │ 1e-05                                 │
│ optimization.steps                   │ 8000                                  │
│ optimization.batch_size              │ 1                                     │
│ optimization.gradient_accumulation_… │ 4                                     │
│ optimization.max_grad_norm           │ 1.0                                   │
│ optimization.optimizer_type          │ adamw                                 │
│ optimization.scheduler_type          │ cosine                                │
│ optimization.scheduler_params        │ {'eta_min': 1e-08}                    │
│ optimization.enable_gradient_checkp… │ True                                  │
│ acceleration.mixed_precision_mode    │ bf16                                  │
│ acceleration.compile_with_inductor   │ False                                 │
│ acceleration.compilation_mode        │ reduce-overhead                       │
│ data.preprocessed_data_root          │ /hppfs/scratch/0D/go76fuz2/windinet/… │
│ data.num_dataloader_workers          │ 4                                     │
│ validation.data_root                 │ /hppfs/scratch/0D/go76fuz2/windinet/… │
│ validation.interval                  │ 600                                   │
│ validation.max_samples               │ 0                                     │
│ checkpoints.interval                 │ 120                                   │
│ checkpoints.keep_last_n              │ 2                                     │
│ checkpoints.save_best_only           │ False                                 │
│ checkpoints.best_metric              │ val_total_loss                        │
│ checkpoints.save_last_state          │ True                                  │
│ checkpoints.save_epochs              │                                       │
│ flow_matching.timestep_sampling_mode │ shifted_logit_normal                  │
│ flow_matching.timestep_sampling_par… │ {}                                    │
│ visualization.enabled                │ True                                  │
│ visualization.interval               │ 2000                                  │
│ visualization.num_samples            │ 3                                     │
│ visualization.frame_numbers          │ 25, 50, 75, 100                       │
│ visualization.num_inference_steps    │ 20                                    │
│ visualization.dpi                    │ 150                                   │
│ wandb.enabled                        │ False                                 │
│ wandb.project                        │ shockwavenet                          │
│ wandb.entity                         │ None                                  │
│ wandb.tags                           │ cfd, full, 2b, scalar-only, sng_pvc,  │
│                                      │ 256res, cosine-vae, kl1e5             │
│ seed                                 │ 42                                    │
│ output_dir                           │ /hppfs/scratch/0D/go76fuz2/windinet/… │
│ resume_weights_only                  │ False                                 │
└──────────────────────────────────────┴───────────────────────────────────────┘
INFO     [rank 0] Distributed training enabled with 8        dit_trainer.py:1369
         processes                                                              
INFO     [rank 0] Global batch size: 32                      dit_trainer.py:1375
INFO     [rank 0] Initializing scalar embeddings for:         dit_trainer.py:822
         ['gamma']                                                              
DEBUG    [rank 0] Scalar embedding params: 4,310,528          dit_trainer.py:845
DEBUG    [rank 0] Total trainable params count: 1,927,696,000 dit_trainer.py:849
2026:09:05-16:53:21:214396 |CCL_WARN| could not get local_idx/count from environment variables, trying to get them from ATL
2026:09:05-16:53:21:214397 |CCL_WARN| could not get local_idx/count from environment variables, trying to get them from ATL
2026:09:05-16:53:21:214398 |CCL_WARN| could not get local_idx/count from environment variables, trying to get them from ATL
2026:09:05-16:53:21:214399 |CCL_WARN| could not get local_idx/count from environment variables, trying to get them from ATL
2026:09:05-16:53:21:214394 |CCL_WARN| could not get local_idx/count from environment variables, trying to get them from ATL
2026:09:05-16:53:21:214392 |CCL_WARN| value of CCL_ATL_TRANSPORT changed to be ofi (default:mpi)
2026:09:05-16:53:21:214392 |CCL_WARN| value of CCL_ALLREDUCE changed to be ring (default:)
2026:09:05-16:53:21:214392 |CCL_WARN| could not get local_idx/count from environment variables, trying to get them from ATL
2026:09:05-16:53:21:214393 |CCL_WARN| could not get local_idx/count from environment variables, trying to get them from ATL
2026:09:05-16:53:21:214395 |CCL_WARN| could not get local_idx/count from environment variables, trying to get them from ATL
DEBUG    [rank 0] Process 0 using seed: 42                    dit_trainer.py:388
DEBUG    [rank 0] Loaded dataset with 3,825 samples from     dit_trainer.py:1048
         sources: ['latents', 'scalars']                                        
INFO     [rank 0] Validation split: 675 samples from         dit_trainer.py:1131
         /hppfs/scratch/0D/go76fuz2/windinet/dit_preprocesse                    
         d/finetune_vae_whole_structure_baseline_ep20_256res                    
         _cosine_kl1e5/val                                                      
INFO     [rank 0] Training configuration saved to:           dit_trainer.py:1361
         training_config.yaml                                                   
INFO     [rank 0] Training on latents from VAE               dit_trainer.py:1092
         /hppfs/scratch/0D/go76fuz2/windinet/finetune_vae_ou                    
         tputs_sng_pvc/finetune_vae_whole_structure_baseline                    
         _ep20_256res_cosine_kl1e5/checkpoints/vae_shockwave                    
         _best.safetensors (fingerprint 124522492c8f4a5e);                      
         recorded in latent_provenance.json                                     
INFO     [rank 0] Starting training...                        dit_trainer.py:409
[train] step=1 loss=0.108331 lr=1.000e-05
[train] step=2 loss=0.131029 lr=1.000e-05
[train] step=3 loss=0.075709 lr=1.000e-05
[train] step=4 loss=0.059563 lr=1.000e-05
[train] step=5 loss=0.050938 lr=1.000e-05
[train] step=6 loss=0.083180 lr=1.000e-05
[train] step=7 loss=0.043580 lr=1.000e-05
[train] step=8 loss=0.045044 lr=1.000e-05
[train] step=9 loss=0.050764 lr=1.000e-05
[train] step=10 loss=0.135590 lr=1.000e-05
[train] step=11 loss=0.057928 lr=1.000e-05
[train] step=12 loss=0.052868 lr=1.000e-05
[train] step=13 loss=0.154221 lr=1.000e-05
[train] step=14 loss=0.051057 lr=1.000e-05
[train] step=15 loss=0.055061 lr=1.000e-05
[train] step=16 loss=0.026773 lr=1.000e-05
[train] step=17 loss=0.051942 lr=1.000e-05
[train] step=18 loss=0.075251 lr=1.000e-05
[train] step=19 loss=0.045148 lr=1.000e-05
[train] step=20 loss=0.041927 lr=1.000e-05
[train] step=21 loss=0.034945 lr=1.000e-05
[train] step=22 loss=0.071349 lr=1.000e-05
[train] step=23 loss=0.044674 lr=1.000e-05
[train] step=24 loss=0.033055 lr=1.000e-05
[train] step=25 loss=0.028236 lr=1.000e-05
[train] step=26 loss=0.032457 lr=1.000e-05
[train] step=27 loss=0.041618 lr=1.000e-05
[train] step=28 loss=0.037300 lr=1.000e-05
[train] step=29 loss=0.034768 lr=1.000e-05
[train] step=30 loss=0.039179 lr=1.000e-05
[train] step=31 loss=0.073774 lr=1.000e-05
[train] step=32 loss=0.035608 lr=1.000e-05
[train] step=33 loss=0.035257 lr=1.000e-05
[train] step=34 loss=0.035301 lr=1.000e-05
[train] step=35 loss=0.047697 lr=1.000e-05
[train] step=36 loss=0.062783 lr=1.000e-05
[train] step=37 loss=0.043650 lr=1.000e-05
[train] step=38 loss=0.035880 lr=9.999e-06
[train] step=39 loss=0.057328 lr=9.999e-06
[train] step=40 loss=0.038904 lr=9.999e-06
[train] step=41 loss=0.045642 lr=9.999e-06
[train] step=42 loss=0.055437 lr=9.999e-06
[train] step=43 loss=0.080312 lr=9.999e-06
[train] step=44 loss=0.028564 lr=9.999e-06
[train] step=45 loss=0.042056 lr=9.999e-06
[train] step=46 loss=0.053629 lr=9.999e-06
[train] step=47 loss=0.075182 lr=9.999e-06
[train] step=48 loss=0.042273 lr=9.999e-06
[train] step=49 loss=0.051394 lr=9.999e-06
[train] step=50 loss=0.045603 lr=9.999e-06
[train] step=51 loss=0.036617 lr=9.999e-06
[train] step=52 loss=0.036991 lr=9.999e-06
[train] step=53 loss=0.030835 lr=9.999e-06
[train] step=54 loss=0.033242 lr=9.999e-06
[train] step=55 loss=0.036941 lr=9.999e-06
[train] step=56 loss=0.049158 lr=9.999e-06
[train] step=57 loss=0.025359 lr=9.999e-06
[train] step=58 loss=0.027322 lr=9.999e-06
[train] step=59 loss=0.033773 lr=9.999e-06
[train] step=60 loss=0.041399 lr=9.999e-06
[train] step=61 loss=0.050992 lr=9.999e-06
[train] step=62 loss=0.046823 lr=9.999e-06
[train] step=63 loss=0.053829 lr=9.999e-06
[train] step=64 loss=0.046438 lr=9.998e-06
[train] step=65 loss=0.045461 lr=9.998e-06
[train] step=66 loss=0.035265 lr=9.998e-06
[train] step=67 loss=0.043974 lr=9.998e-06
[train] step=68 loss=0.039632 lr=9.998e-06
[train] step=69 loss=0.049308 lr=9.998e-06
[train] step=70 loss=0.037749 lr=9.998e-06
[train] step=71 loss=0.040999 lr=9.998e-06
[train] step=72 loss=0.071526 lr=9.998e-06
[train] step=73 loss=0.053342 lr=9.998e-06
[train] step=74 loss=0.033534 lr=9.998e-06
[train] step=75 loss=0.030249 lr=9.998e-06
[train] step=76 loss=0.039647 lr=9.998e-06
[train] step=77 loss=0.036494 lr=9.998e-06
[train] step=78 loss=0.039921 lr=9.998e-06
[train] step=79 loss=0.044610 lr=9.998e-06
[train] step=80 loss=0.030319 lr=9.998e-06
[train] step=81 loss=0.030700 lr=9.998e-06
[train] step=82 loss=0.037742 lr=9.997e-06
[train] step=83 loss=0.045751 lr=9.997e-06
[train] step=84 loss=0.035054 lr=9.997e-06
[train] step=85 loss=0.072356 lr=9.997e-06
[train] step=86 loss=0.047253 lr=9.997e-06
[train] step=87 loss=0.037337 lr=9.997e-06
[train] step=88 loss=0.028682 lr=9.997e-06
[train] step=89 loss=0.026901 lr=9.997e-06
[train] step=90 loss=0.034647 lr=9.997e-06
[train] step=91 loss=0.109341 lr=9.997e-06
[train] step=92 loss=0.031142 lr=9.997e-06
[train] step=93 loss=0.035926 lr=9.997e-06
[train] step=94 loss=0.031555 lr=9.997e-06
[train] step=95 loss=0.048397 lr=9.997e-06
[train] step=96 loss=0.035023 lr=9.997e-06
[train] step=97 loss=0.058015 lr=9.996e-06
[train] step=98 loss=0.039876 lr=9.996e-06
[train] step=99 loss=0.034942 lr=9.996e-06
[train] step=100 loss=0.034604 lr=9.996e-06
[train] step=101 loss=0.023365 lr=9.996e-06
[train] step=102 loss=0.040103 lr=9.996e-06
[train] step=103 loss=0.030983 lr=9.996e-06
[train] step=104 loss=0.035094 lr=9.996e-06
[train] step=105 loss=0.038982 lr=9.996e-06
[train] step=106 loss=0.038118 lr=9.996e-06
[train] step=107 loss=0.046459 lr=9.996e-06
[train] step=108 loss=0.059498 lr=9.996e-06
[train] step=109 loss=0.029418 lr=9.996e-06
[train] step=110 loss=0.028924 lr=9.995e-06
[train] step=111 loss=0.048358 lr=9.995e-06
[train] step=112 loss=0.038337 lr=9.995e-06
[train] step=113 loss=0.027525 lr=9.995e-06
[train] step=114 loss=0.044950 lr=9.995e-06
[train] step=115 loss=0.063604 lr=9.995e-06
[train] step=116 loss=0.032878 lr=9.995e-06
[train] step=117 loss=0.060361 lr=9.995e-06
[train] step=118 loss=0.039655 lr=9.995e-06
[train] step=119 loss=0.041472 lr=9.995e-06
[train] step=120 loss=0.037626 lr=9.995e-06
INFO     [rank 0] Model weights for step 120 saved in        dit_trainer.py:1216
         checkpoints/model_weights_step_00120.safetensors                       
INFO     [rank 0] Scalar embedding weights for step 120      dit_trainer.py:1225
         saved                                                                  
INFO     [rank 0] Training state saved:                      dit_trainer.py:1313
         checkpoints/model_weights_step_00120.state.pt                          
[epoch 1] step=120 train_loss=0.047268
[train] step=121 loss=0.031119 lr=9.994e-06
[train] step=122 loss=0.035248 lr=9.994e-06
[train] step=123 loss=0.031679 lr=9.994e-06
[train] step=124 loss=0.049600 lr=9.994e-06
[train] step=125 loss=0.032270 lr=9.994e-06
[train] step=126 loss=0.063746 lr=9.994e-06
[train] step=127 loss=0.034330 lr=9.994e-06
[train] step=128 loss=0.027508 lr=9.994e-06
[train] step=129 loss=0.047967 lr=9.994e-06
[train] step=130 loss=0.040195 lr=9.994e-06
[train] step=131 loss=0.027754 lr=9.993e-06
[train] step=132 loss=0.042621 lr=9.993e-06
[train] step=133 loss=0.040883 lr=9.993e-06
[train] step=134 loss=0.084275 lr=9.993e-06
[train] step=135 loss=0.025314 lr=9.993e-06
[train] step=136 loss=0.049605 lr=9.993e-06
[train] step=137 loss=0.036934 lr=9.993e-06
[train] step=138 loss=0.017439 lr=9.993e-06
[train] step=139 loss=0.032958 lr=9.993e-06
[train] step=140 loss=0.033538 lr=9.993e-06
[train] step=141 loss=0.035798 lr=9.992e-06
[train] step=142 loss=0.028411 lr=9.992e-06
[train] step=143 loss=0.030553 lr=9.992e-06
[train] step=144 loss=0.054693 lr=9.992e-06
[train] step=145 loss=0.031117 lr=9.992e-06
[train] step=146 loss=0.057273 lr=9.992e-06
[train] step=147 loss=0.084788 lr=9.992e-06
[train] step=148 loss=0.031802 lr=9.992e-06
[train] step=149 loss=0.076452 lr=9.992e-06
[train] step=150 loss=0.032091 lr=9.991e-06
[train] step=151 loss=0.051052 lr=9.991e-06
[train] step=152 loss=0.028536 lr=9.991e-06
[train] step=153 loss=0.033059 lr=9.991e-06
[train] step=154 loss=0.040887 lr=9.991e-06
[train] step=155 loss=0.049294 lr=9.991e-06
[train] step=156 loss=0.032434 lr=9.991e-06
[train] step=157 loss=0.088513 lr=9.991e-06
[train] step=158 loss=0.033051 lr=9.991e-06
[train] step=159 loss=0.025280 lr=9.990e-06
[train] step=160 loss=0.032442 lr=9.990e-06
[train] step=161 loss=0.064846 lr=9.990e-06
[train] step=162 loss=0.034651 lr=9.990e-06
[train] step=163 loss=0.029584 lr=9.990e-06
[train] step=164 loss=0.041821 lr=9.990e-06
[train] step=165 loss=0.038897 lr=9.990e-06
[train] step=166 loss=0.032612 lr=9.990e-06
[train] step=167 loss=0.037129 lr=9.989e-06
[train] step=168 loss=0.041018 lr=9.989e-06
[train] step=169 loss=0.027008 lr=9.989e-06
[train] step=170 loss=0.039067 lr=9.989e-06
[train] step=171 loss=0.020423 lr=9.989e-06
[train] step=172 loss=0.027327 lr=9.989e-06
[train] step=173 loss=0.032412 lr=9.989e-06
[train] step=174 loss=0.022963 lr=9.988e-06
[train] step=175 loss=0.031916 lr=9.988e-06
[train] step=176 loss=0.035237 lr=9.988e-06
[train] step=177 loss=0.032412 lr=9.988e-06
[train] step=178 loss=0.037757 lr=9.988e-06
[train] step=179 loss=0.042992 lr=9.988e-06
[train] step=180 loss=0.047682 lr=9.988e-06
[train] step=181 loss=0.031303 lr=9.988e-06
[train] step=182 loss=0.031369 lr=9.987e-06
[train] step=183 loss=0.030313 lr=9.987e-06
[train] step=184 loss=0.081624 lr=9.987e-06
[train] step=185 loss=0.035884 lr=9.987e-06
[train] step=186 loss=0.028771 lr=9.987e-06
[train] step=187 loss=0.065338 lr=9.987e-06
[train] step=188 loss=0.051328 lr=9.987e-06
[train] step=189 loss=0.019702 lr=9.986e-06
[train] step=190 loss=0.029893 lr=9.986e-06
[train] step=191 loss=0.058901 lr=9.986e-06
[train] step=192 loss=0.037941 lr=9.986e-06
[train] step=193 loss=0.042781 lr=9.986e-06
[train] step=194 loss=0.022472 lr=9.986e-06
[train] step=195 loss=0.024644 lr=9.986e-06
[train] step=196 loss=0.027128 lr=9.985e-06
[train] step=197 loss=0.044230 lr=9.985e-06
[train] step=198 loss=0.034427 lr=9.985e-06
[train] step=199 loss=0.024059 lr=9.985e-06
[train] step=200 loss=0.022062 lr=9.985e-06
[train] step=201 loss=0.033330 lr=9.985e-06
[train] step=202 loss=0.028824 lr=9.984e-06
[train] step=203 loss=0.040335 lr=9.984e-06
[train] step=204 loss=0.035972 lr=9.984e-06
[train] step=205 loss=0.022825 lr=9.984e-06
[train] step=206 loss=0.042889 lr=9.984e-06
[train] step=207 loss=0.037408 lr=9.984e-06
[train] step=208 loss=0.040635 lr=9.984e-06
[train] step=209 loss=0.043258 lr=9.983e-06
[train] step=210 loss=0.018951 lr=9.983e-06
[train] step=211 loss=0.066857 lr=9.983e-06
[train] step=212 loss=0.034593 lr=9.983e-06
[train] step=213 loss=0.039797 lr=9.983e-06
[train] step=214 loss=0.034612 lr=9.983e-06
[train] step=215 loss=0.032798 lr=9.982e-06
[train] step=216 loss=0.047013 lr=9.982e-06
[train] step=217 loss=0.024087 lr=9.982e-06
[train] step=218 loss=0.046025 lr=9.982e-06
[train] step=219 loss=0.028130 lr=9.982e-06
[train] step=220 loss=0.034849 lr=9.982e-06
[train] step=221 loss=0.019450 lr=9.981e-06
[train] step=222 loss=0.028972 lr=9.981e-06
[train] step=223 loss=0.035218 lr=9.981e-06
[train] step=224 loss=0.021883 lr=9.981e-06
[train] step=225 loss=0.032507 lr=9.981e-06
[train] step=226 loss=0.038609 lr=9.981e-06
[train] step=227 loss=0.030214 lr=9.980e-06
[train] step=228 loss=0.036104 lr=9.980e-06
[train] step=229 loss=0.030142 lr=9.980e-06
[train] step=230 loss=0.021226 lr=9.980e-06
[train] step=231 loss=0.335365 lr=9.980e-06
[train] step=232 loss=0.029777 lr=9.979e-06
[train] step=233 loss=0.045458 lr=9.979e-06
[train] step=234 loss=0.022089 lr=9.979e-06
[train] step=235 loss=0.037629 lr=9.979e-06
[train] step=236 loss=0.031252 lr=9.979e-06
[train] step=237 loss=0.026313 lr=9.979e-06
[train] step=238 loss=0.032299 lr=9.978e-06
[train] step=239 loss=0.035007 lr=9.978e-06
[train] step=240 loss=0.026888 lr=9.978e-06
INFO     [rank 0] Model weights for step 240 saved in        dit_trainer.py:1216
         checkpoints/model_weights_step_00240.safetensors                       
INFO     [rank 0] Scalar embedding weights for step 240      dit_trainer.py:1225
         saved                                                                  
INFO     [rank 0] Training state saved:                      dit_trainer.py:1313
         checkpoints/model_weights_step_00240.state.pt                          
DEBUG    [rank 0] Removed optimizer state for older kept     dit_trainer.py:1341
         checkpoint:                                                            
         /hppfs/scratch/0D/go76fuz2/windinet/outputs/shockwa                    
         ve_dit_cosine_kl1e5/checkpoints/model_weights_step_                    
         00120.state.pt                                                         
[epoch 2] step=240 train_loss=0.039873
[train] step=241 loss=0.074444 lr=9.978e-06
[train] step=242 loss=0.039840 lr=9.978e-06
[train] step=243 loss=0.040594 lr=9.977e-06
[train] step=244 loss=0.027586 lr=9.977e-06
[train] step=245 loss=0.023960 lr=9.977e-06
[train] step=246 loss=0.024387 lr=9.977e-06
[train] step=247 loss=0.030782 lr=9.977e-06
[train] step=248 loss=0.030120 lr=9.977e-06
[train] step=249 loss=0.074660 lr=9.976e-06
[train] step=250 loss=0.050689 lr=9.976e-06
[train] step=251 loss=0.056740 lr=9.976e-06
[train] step=252 loss=0.024188 lr=9.976e-06
[train] step=253 loss=0.041895 lr=9.976e-06
[train] step=254 loss=0.034577 lr=9.975e-06
[train] step=255 loss=0.076727 lr=9.975e-06
[train] step=256 loss=0.049616 lr=9.975e-06
[train] step=257 loss=0.029439 lr=9.975e-06
[train] step=258 loss=0.034885 lr=9.975e-06
[train] step=259 loss=0.070528 lr=9.974e-06
[train] step=260 loss=0.031279 lr=9.974e-06
[train] step=261 loss=0.029162 lr=9.974e-06
[train] step=262 loss=0.029976 lr=9.974e-06
[train] step=263 loss=0.089151 lr=9.974e-06
[train] step=264 loss=0.027232 lr=9.973e-06
[train] step=265 loss=0.033213 lr=9.973e-06
[train] step=266 loss=0.019991 lr=9.973e-06
[train] step=267 loss=0.046353 lr=9.973e-06
[train] step=268 loss=0.033785 lr=9.973e-06
[train] step=269 loss=0.024767 lr=9.972e-06
[train] step=270 loss=0.029359 lr=9.972e-06
[train] step=271 loss=0.015446 lr=9.972e-06
[train] step=272 loss=0.077555 lr=9.972e-06
[train] step=273 loss=0.030737 lr=9.972e-06
[train] step=274 loss=0.031361 lr=9.971e-06
[train] step=275 loss=0.050973 lr=9.971e-06
[train] step=276 loss=0.025907 lr=9.971e-06
[train] step=277 loss=0.038453 lr=9.971e-06
[train] step=278 loss=0.042328 lr=9.970e-06
[train] step=279 loss=0.044950 lr=9.970e-06
[train] step=280 loss=0.021798 lr=9.970e-06
[train] step=281 loss=0.049668 lr=9.970e-06
[train] step=282 loss=0.023378 lr=9.970e-06
[train] step=283 loss=0.027232 lr=9.969e-06
[train] step=284 loss=0.033584 lr=9.969e-06
[train] step=285 loss=0.056895 lr=9.969e-06
[train] step=286 loss=0.032554 lr=9.969e-06
[train] step=287 loss=0.021153 lr=9.969e-06
[train] step=288 loss=0.037468 lr=9.968e-06
[train] step=289 loss=0.031548 lr=9.968e-06
[train] step=290 loss=0.075526 lr=9.968e-06
[train] step=291 loss=0.019983 lr=9.968e-06
[train] step=292 loss=0.026687 lr=9.967e-06
[train] step=293 loss=0.030566 lr=9.967e-06
[train] step=294 loss=0.024140 lr=9.967e-06
[train] step=295 loss=0.022323 lr=9.967e-06
[train] step=296 loss=0.022927 lr=9.967e-06
[train] step=297 loss=0.040373 lr=9.966e-06
[train] step=298 loss=0.032223 lr=9.966e-06
[train] step=299 loss=0.020881 lr=9.966e-06
[train] step=300 loss=0.026002 lr=9.966e-06
[train] step=301 loss=0.023268 lr=9.965e-06
[train] step=302 loss=0.027759 lr=9.965e-06
[train] step=303 loss=0.032775 lr=9.965e-06
[train] step=304 loss=0.028880 lr=9.965e-06
[train] step=305 loss=0.038226 lr=9.964e-06
[train] step=306 loss=0.047909 lr=9.964e-06
[train] step=307 loss=0.027236 lr=9.964e-06
[train] step=308 loss=0.021380 lr=9.964e-06
[train] step=309 loss=0.027912 lr=9.964e-06
[train] step=310 loss=0.064265 lr=9.963e-06
[train] step=311 loss=0.030539 lr=9.963e-06
[train] step=312 loss=0.030097 lr=9.963e-06
[train] step=313 loss=0.035368 lr=9.963e-06
[train] step=314 loss=0.026026 lr=9.962e-06
[train] step=315 loss=0.095814 lr=9.962e-06
[train] step=316 loss=0.033770 lr=9.962e-06
[train] step=317 loss=0.050513 lr=9.962e-06
[train] step=318 loss=0.041503 lr=9.961e-06
[train] step=319 loss=0.027632 lr=9.961e-06
[train] step=320 loss=0.018617 lr=9.961e-06
[train] step=321 loss=0.043084 lr=9.961e-06
[train] step=322 loss=0.026672 lr=9.960e-06
[train] step=323 loss=0.041206 lr=9.960e-06
[train] step=324 loss=0.031126 lr=9.960e-06
[train] step=325 loss=0.028587 lr=9.960e-06
[train] step=326 loss=0.043341 lr=9.959e-06
[train] step=327 loss=0.031343 lr=9.959e-06
[train] step=328 loss=0.064767 lr=9.959e-06
[train] step=329 loss=0.042010 lr=9.959e-06
[train] step=330 loss=0.033676 lr=9.958e-06
[train] step=331 loss=0.039343 lr=9.958e-06
[train] step=332 loss=0.033408 lr=9.958e-06
[train] step=333 loss=0.025730 lr=9.958e-06
[train] step=334 loss=0.028097 lr=9.957e-06
[train] step=335 loss=0.037888 lr=9.957e-06
[train] step=336 loss=0.030639 lr=9.957e-06
[train] step=337 loss=0.028694 lr=9.957e-06
[train] step=338 loss=0.033923 lr=9.956e-06
[train] step=339 loss=0.055949 lr=9.956e-06
[train] step=340 loss=0.028181 lr=9.956e-06
[train] step=341 loss=0.032744 lr=9.956e-06
[train] step=342 loss=0.035072 lr=9.955e-06
[train] step=343 loss=0.024092 lr=9.955e-06
[train] step=344 loss=0.028752 lr=9.955e-06
[train] step=345 loss=0.074857 lr=9.954e-06
[train] step=346 loss=0.034434 lr=9.954e-06
[train] step=347 loss=0.027913 lr=9.954e-06
[train] step=348 loss=0.032857 lr=9.954e-06
[train] step=349 loss=0.028415 lr=9.953e-06
[train] step=350 loss=0.027483 lr=9.953e-06
[train] step=351 loss=0.021493 lr=9.953e-06
[train] step=352 loss=0.031019 lr=9.953e-06
[train] step=353 loss=0.025137 lr=9.952e-06
[train] step=354 loss=0.026333 lr=9.952e-06
[train] step=355 loss=0.052958 lr=9.952e-06
[train] step=356 loss=0.025792 lr=9.952e-06
[train] step=357 loss=0.024306 lr=9.951e-06
[train] step=358 loss=0.026775 lr=9.951e-06
[train] step=359 loss=0.060623 lr=9.951e-06
[train] step=360 loss=0.026370 lr=9.950e-06
INFO     [rank 0] Model weights for step 360 saved in        dit_trainer.py:1216
         checkpoints/model_weights_step_00360.safetensors                       
INFO     [rank 0] Scalar embedding weights for step 360      dit_trainer.py:1225
         saved                                                                  
INFO     [rank 0] Training state saved:                      dit_trainer.py:1313
         checkpoints/model_weights_step_00360.state.pt                          
DEBUG    [rank 0] Removed old checkpoint:                    dit_trainer.py:1326
         /hppfs/scratch/0D/go76fuz2/windinet/outputs/shockwa                    
         ve_dit_cosine_kl1e5/checkpoints/model_weights_step_                    
         00120.safetensors                                                      
DEBUG    [rank 0] Removed old checkpoint:                    dit_trainer.py:1326
         /hppfs/scratch/0D/go76fuz2/windinet/outputs/shockwa                    
         ve_dit_cosine_kl1e5/checkpoints/scalar_embedding_st                    
         ep_00120.safetensors                                                   
DEBUG    [rank 0] Removed optimizer state for older kept     dit_trainer.py:1341
         checkpoint:                                                            
         /hppfs/scratch/0D/go76fuz2/windinet/outputs/shockwa                    
         ve_dit_cosine_kl1e5/checkpoints/model_weights_step_                    
         00240.state.pt                                                         
[epoch 3] step=360 train_loss=0.036580
[train] step=361 loss=0.036781 lr=9.950e-06
[train] step=362 loss=0.021386 lr=9.950e-06
[train] step=363 loss=0.027607 lr=9.950e-06
[train] step=364 loss=0.029878 lr=9.949e-06
[train] step=365 loss=0.026690 lr=9.949e-06
[train] step=366 loss=0.030794 lr=9.949e-06
[train] step=367 loss=0.023729 lr=9.948e-06
[train] step=368 loss=0.059668 lr=9.948e-06
[train] step=369 loss=0.047958 lr=9.948e-06
[train] step=370 loss=0.049250 lr=9.948e-06
[train] step=371 loss=0.059077 lr=9.947e-06
[train] step=372 loss=0.027711 lr=9.947e-06
[train] step=373 loss=0.023082 lr=9.947e-06
[train] step=374 loss=0.028283 lr=9.947e-06
[train] step=375 loss=0.023757 lr=9.946e-06
[train] step=376 loss=0.027770 lr=9.946e-06
[train] step=377 loss=0.020054 lr=9.946e-06
[train] step=378 loss=0.030518 lr=9.945e-06
[train] step=379 loss=0.032756 lr=9.945e-06
[train] step=380 loss=0.025819 lr=9.945e-06
[train] step=381 loss=0.019987 lr=9.944e-06
[train] step=382 loss=0.036623 lr=9.944e-06
[train] step=383 loss=0.028928 lr=9.944e-06
[train] step=384 loss=0.040230 lr=9.944e-06
[train] step=385 loss=0.030746 lr=9.943e-06
[train] step=386 loss=0.057351 lr=9.943e-06
[train] step=387 loss=0.021040 lr=9.943e-06
[train] step=388 loss=0.015115 lr=9.942e-06
[train] step=389 loss=0.031980 lr=9.942e-06
[train] step=390 loss=0.023599 lr=9.942e-06
[train] step=391 loss=0.070202 lr=9.942e-06
[train] step=392 loss=0.028056 lr=9.941e-06
[train] step=393 loss=0.026560 lr=9.941e-06
[train] step=394 loss=0.026605 lr=9.941e-06
[train] step=395 loss=0.040468 lr=9.940e-06
[train] step=396 loss=0.032366 lr=9.940e-06
[train] step=397 loss=0.095502 lr=9.940e-06
[train] step=398 loss=0.061103 lr=9.939e-06
[train] step=399 loss=0.038432 lr=9.939e-06
[train] step=400 loss=0.084138 lr=9.939e-06
[train] step=401 loss=0.021730 lr=9.939e-06
[train] step=402 loss=0.022606 lr=9.938e-06
[train] step=403 loss=0.033755 lr=9.938e-06
[train] step=404 loss=0.040212 lr=9.938e-06
[train] step=405 loss=0.021517 lr=9.937e-06
[train] step=406 loss=0.029268 lr=9.937e-06
[train] step=407 loss=0.024696 lr=9.937e-06
[train] step=408 loss=0.025627 lr=9.936e-06
[train] step=409 loss=0.028721 lr=9.936e-06
[train] step=410 loss=0.020082 lr=9.936e-06
[train] step=411 loss=0.019800 lr=9.935e-06
[train] step=412 loss=0.032505 lr=9.935e-06
[train] step=413 loss=0.021769 lr=9.935e-06
[train] step=414 loss=0.025980 lr=9.934e-06
[train] step=415 loss=0.073371 lr=9.934e-06
[train] step=416 loss=0.025264 lr=9.934e-06
[train] step=417 loss=0.023535 lr=9.933e-06
[train] step=418 loss=0.023561 lr=9.933e-06
[train] step=419 loss=0.046486 lr=9.933e-06
[train] step=420 loss=0.047200 lr=9.933e-06
[train] step=421 loss=0.024854 lr=9.932e-06
[train] step=422 loss=0.105852 lr=9.932e-06
[train] step=423 loss=0.027834 lr=9.932e-06
[train] step=424 loss=0.027763 lr=9.931e-06
[train] step=425 loss=0.034970 lr=9.931e-06
[train] step=426 loss=0.017941 lr=9.931e-06
[train] step=427 loss=0.016109 lr=9.930e-06
[train] step=428 loss=0.028520 lr=9.930e-06
[train] step=429 loss=0.023975 lr=9.930e-06
[train] step=430 loss=0.039633 lr=9.929e-06
[train] step=431 loss=0.034889 lr=9.929e-06
[train] step=432 loss=0.027479 lr=9.929e-06
[train] step=433 loss=0.043127 lr=9.928e-06
[train] step=434 loss=0.035823 lr=9.928e-06
[train] step=435 loss=0.038724 lr=9.928e-06
[train] step=436 loss=0.040647 lr=9.927e-06
[train] step=437 loss=0.032091 lr=9.927e-06
[train] step=438 loss=0.025260 lr=9.927e-06
[train] step=439 loss=0.029026 lr=9.926e-06
[train] step=440 loss=0.028643 lr=9.926e-06
[train] step=441 loss=0.032720 lr=9.926e-06
[train] step=442 loss=0.031963 lr=9.925e-06
[train] step=443 loss=0.028397 lr=9.925e-06
[train] step=444 loss=0.026070 lr=9.925e-06
[train] step=445 loss=0.019761 lr=9.924e-06
[train] step=446 loss=0.025623 lr=9.924e-06
[train] step=447 loss=0.028216 lr=9.924e-06
[train] step=448 loss=0.033450 lr=9.923e-06
[train] step=449 loss=0.035958 lr=9.923e-06
[train] step=450 loss=0.060200 lr=9.923e-06
[train] step=451 loss=0.030517 lr=9.922e-06
[train] step=452 loss=0.048416 lr=9.922e-06
[train] step=453 loss=0.012897 lr=9.922e-06
[train] step=454 loss=0.028713 lr=9.921e-06
[train] step=455 loss=0.013958 lr=9.921e-06
[train] step=456 loss=0.023074 lr=9.920e-06
[train] step=457 loss=0.031271 lr=9.920e-06
[train] step=458 loss=0.029367 lr=9.920e-06
[train] step=459 loss=0.039929 lr=9.919e-06
[train] step=460 loss=0.024846 lr=9.919e-06
[train] step=461 loss=0.033930 lr=9.919e-06
[train] step=462 loss=0.034456 lr=9.918e-06
[train] step=463 loss=0.018462 lr=9.918e-06
[train] step=464 loss=0.033979 lr=9.918e-06
[train] step=465 loss=0.026293 lr=9.917e-06
[train] step=466 loss=0.027424 lr=9.917e-06
[train] step=467 loss=0.019426 lr=9.917e-06
[train] step=468 loss=0.037097 lr=9.916e-06
[train] step=469 loss=0.035306 lr=9.916e-06
[train] step=470 loss=0.044763 lr=9.916e-06
[train] step=471 loss=0.040289 lr=9.915e-06
[train] step=472 loss=0.035236 lr=9.915e-06
[train] step=473 loss=0.032690 lr=9.914e-06
[train] step=474 loss=0.040164 lr=9.914e-06
[train] step=475 loss=0.019954 lr=9.914e-06
[train] step=476 loss=0.080724 lr=9.913e-06
[train] step=477 loss=0.027882 lr=9.913e-06
[train] step=478 loss=0.036850 lr=9.913e-06
[train] step=479 loss=0.021211 lr=9.912e-06
[train] step=480 loss=0.020599 lr=9.912e-06
INFO     [rank 0] Model weights for step 480 saved in        dit_trainer.py:1216
         checkpoints/model_weights_step_00480.safetensors                       
INFO     [rank 0] Scalar embedding weights for step 480      dit_trainer.py:1225
         saved                                                                  
INFO     [rank 0] Training state saved:                      dit_trainer.py:1313
         checkpoints/model_weights_step_00480.state.pt                          
DEBUG    [rank 0] Removed old checkpoint:                    dit_trainer.py:1326
         /hppfs/scratch/0D/go76fuz2/windinet/outputs/shockwa                    
         ve_dit_cosine_kl1e5/checkpoints/model_weights_step_                    
         00240.safetensors                                                      
DEBUG    [rank 0] Removed old checkpoint:                    dit_trainer.py:1326
         /hppfs/scratch/0D/go76fuz2/windinet/outputs/shockwa                    
         ve_dit_cosine_kl1e5/checkpoints/scalar_embedding_st                    
         ep_00240.safetensors                                                   
DEBUG    [rank 0] Removed optimizer state for older kept     dit_trainer.py:1341
         checkpoint:                                                            
         /hppfs/scratch/0D/go76fuz2/windinet/outputs/shockwa                    
         ve_dit_cosine_kl1e5/checkpoints/model_weights_step_                    
         00360.state.pt                                                         
[epoch 4] step=480 train_loss=0.033586
[train] step=481 loss=0.024416 lr=9.912e-06
[train] step=482 loss=0.022646 lr=9.911e-06
[train] step=483 loss=0.035944 lr=9.911e-06
[train] step=484 loss=0.030695 lr=9.910e-06
[train] step=485 loss=0.057167 lr=9.910e-06
[train] step=486 loss=0.024194 lr=9.910e-06
[train] step=487 loss=0.018961 lr=9.909e-06
[train] step=488 loss=0.046339 lr=9.909e-06
[train] step=489 loss=0.034252 lr=9.909e-06
[train] step=490 loss=0.028479 lr=9.908e-06
[train] step=491 loss=0.039652 lr=9.908e-06
[train] step=492 loss=0.059517 lr=9.907e-06
[train] step=493 loss=0.018708 lr=9.907e-06
[train] step=494 loss=0.023359 lr=9.907e-06
[train] step=495 loss=0.020296 lr=9.906e-06
[train] step=496 loss=0.028202 lr=9.906e-06
[train] step=497 loss=0.017949 lr=9.906e-06
[train] step=498 loss=0.025650 lr=9.905e-06
[train] step=499 loss=0.017836 lr=9.905e-06
[train] step=500 loss=0.041055 lr=9.904e-06
[train] step=501 loss=0.037631 lr=9.904e-06
[train] step=502 loss=0.021511 lr=9.904e-06
[train] step=503 loss=0.020786 lr=9.903e-06
[train] step=504 loss=0.040032 lr=9.903e-06
[train] step=505 loss=0.046587 lr=9.902e-06
[train] step=506 loss=0.030027 lr=9.902e-06
[train] step=507 loss=0.020806 lr=9.902e-06
[train] step=508 loss=0.157164 lr=9.901e-06
[train] step=509 loss=0.022707 lr=9.901e-06
[train] step=510 loss=0.023934 lr=9.901e-06
[train] step=511 loss=0.021906 lr=9.900e-06
[train] step=512 loss=0.016999 lr=9.900e-06
[train] step=513 loss=0.022924 lr=9.899e-06
[train] step=514 loss=0.028777 lr=9.899e-06
[train] step=515 loss=0.034883 lr=9.899e-06
[train] step=516 loss=0.109707 lr=9.898e-06
[train] step=517 loss=0.084103 lr=9.898e-06
[train] step=518 loss=0.036232 lr=9.897e-06
[train] step=519 loss=0.016180 lr=9.897e-06
[train] step=520 loss=0.054907 lr=9.897e-06
[train] step=521 loss=0.022598 lr=9.896e-06
[train] step=522 loss=0.029891 lr=9.896e-06
[train] step=523 loss=0.021546 lr=9.895e-06
[train] step=524 loss=0.037201 lr=9.895e-06
[train] step=525 loss=0.020906 lr=9.895e-06
[train] step=526 loss=0.021234 lr=9.894e-06
[train] step=527 loss=0.041989 lr=9.894e-06
[train] step=528 loss=0.231923 lr=9.893e-06
[train] step=529 loss=0.098291 lr=9.893e-06
[train] step=530 loss=0.017214 lr=9.893e-06
[train] step=531 loss=0.030735 lr=9.892e-06
[train] step=532 loss=0.056232 lr=9.892e-06
[train] step=533 loss=0.017546 lr=9.891e-06
[train] step=534 loss=0.035810 lr=9.891e-06
[train] step=535 loss=0.030898 lr=9.891e-06
[train] step=536 loss=0.026334 lr=9.890e-06
[train] step=537 loss=0.030032 lr=9.890e-06
[train] step=538 loss=0.039147 lr=9.889e-06
[train] step=539 loss=0.023711 lr=9.889e-06
[train] step=540 loss=0.027199 lr=9.889e-06
[train] step=541 loss=0.036402 lr=9.888e-06
[train] step=542 loss=0.026640 lr=9.888e-06
[train] step=543 loss=0.029967 lr=9.887e-06
[train] step=544 loss=0.025534 lr=9.887e-06
[train] step=545 loss=0.035626 lr=9.886e-06
[train] step=546 loss=0.035423 lr=9.886e-06
[train] step=547 loss=0.018013 lr=9.886e-06
[train] step=548 loss=0.038489 lr=9.885e-06
[train] step=549 loss=0.014487 lr=9.885e-06
[train] step=550 loss=0.031508 lr=9.884e-06
[train] step=551 loss=0.020806 lr=9.884e-06
[train] step=552 loss=0.022182 lr=9.884e-06
[train] step=553 loss=0.026202 lr=9.883e-06
[train] step=554 loss=0.033753 lr=9.883e-06
[train] step=555 loss=0.083497 lr=9.882e-06
[train] step=556 loss=0.023162 lr=9.882e-06
[train] step=557 loss=0.028560 lr=9.881e-06
[train] step=558 loss=0.022535 lr=9.881e-06
[train] step=559 loss=0.029844 lr=9.881e-06
[train] step=560 loss=0.024706 lr=9.880e-06
[train] step=561 loss=0.028856 lr=9.880e-06
[train] step=562 loss=0.018705 lr=9.879e-06
[train] step=563 loss=0.050496 lr=9.879e-06
[train] step=564 loss=0.040692 lr=9.878e-06
[train] step=565 loss=0.051066 lr=9.878e-06
[train] step=566 loss=0.050248 lr=9.878e-06
[train] step=567 loss=0.025293 lr=9.877e-06
[train] step=568 loss=0.027502 lr=9.877e-06
[train] step=569 loss=0.015823 lr=9.876e-06
[train] step=570 loss=0.035237 lr=9.876e-06
[train] step=571 loss=0.018237 lr=9.875e-06
[train] step=572 loss=0.051507 lr=9.875e-06
[train] step=573 loss=0.035085 lr=9.875e-06
[train] step=574 loss=0.025344 lr=9.874e-06
[train] step=575 loss=0.035857 lr=9.874e-06
[train] step=576 loss=0.031165 lr=9.873e-06
[train] step=577 loss=0.018849 lr=9.873e-06
[train] step=578 loss=0.017493 lr=9.872e-06
[train] step=579 loss=0.033092 lr=9.872e-06
[train] step=580 loss=0.025900 lr=9.871e-06
[train] step=581 loss=0.034205 lr=9.871e-06
[train] step=582 loss=0.029783 lr=9.871e-06
[train] step=583 loss=0.024225 lr=9.870e-06
[train] step=584 loss=0.052619 lr=9.870e-06
[train] step=585 loss=0.043865 lr=9.869e-06
[train] step=586 loss=0.017483 lr=9.869e-06
[train] step=587 loss=0.036413 lr=9.868e-06
[train] step=588 loss=0.033453 lr=9.868e-06
[train] step=589 loss=0.029689 lr=9.867e-06
[train] step=590 loss=0.023559 lr=9.867e-06
[train] step=591 loss=0.029069 lr=9.867e-06
[train] step=592 loss=0.016399 lr=9.866e-06
[train] step=593 loss=0.028844 lr=9.866e-06
[train] step=594 loss=0.019492 lr=9.865e-06
[train] step=595 loss=0.012928 lr=9.865e-06
[train] step=596 loss=0.035905 lr=9.864e-06
[train] step=597 loss=0.045835 lr=9.864e-06
[train] step=598 loss=0.044210 lr=9.863e-06
[train] step=599 loss=0.037551 lr=9.863e-06
[train] step=600 loss=0.036263 lr=9.862e-06
[val] step=600 val_loss=0.030649
INFO     [rank 0] Model weights for step 600 saved in        dit_trainer.py:1216
         checkpoints/model_weights_step_00600.safetensors                       
INFO     [rank 0] Scalar embedding weights for step 600      dit_trainer.py:1225
         saved                                                                  
INFO     [rank 0] Training state saved:                      dit_trainer.py:1313
         checkpoints/model_weights_step_00600.state.pt                          
INFO     [rank 0] New best checkpoint (step 600,             dit_trainer.py:1248
         val_loss=0.030649):                                                    
         checkpoints/model_weights_best.safetensors                             
DEBUG    [rank 0] Removed old checkpoint:                    dit_trainer.py:1326
         /hppfs/scratch/0D/go76fuz2/windinet/outputs/shockwa                    
         ve_dit_cosine_kl1e5/checkpoints/model_weights_step_                    
         00360.safetensors                                                      
DEBUG    [rank 0] Removed old checkpoint:                    dit_trainer.py:1326
         /hppfs/scratch/0D/go76fuz2/windinet/outputs/shockwa                    
         ve_dit_cosine_kl1e5/checkpoints/scalar_embedding_st                    
         ep_00360.safetensors                                                   
DEBUG    [rank 0] Removed optimizer state for older kept     dit_trainer.py:1341
         checkpoint:                                                            
         /hppfs/scratch/0D/go76fuz2/windinet/outputs/shockwa                    
         ve_dit_cosine_kl1e5/checkpoints/model_weights_step_                    
         00480.state.pt                                                         
[epoch 5] step=600 train_loss=0.034862 val_loss=0.030649
[train] step=601 loss=0.027830 lr=9.862e-06
[train] step=602 loss=0.025538 lr=9.862e-06
[train] step=603 loss=0.032004 lr=9.861e-06
[train] step=604 loss=0.027258 lr=9.861e-06
[train] step=605 loss=0.044060 lr=9.860e-06
[train] step=606 loss=0.022753 lr=9.860e-06
[train] step=607 loss=0.025527 lr=9.859e-06
[train] step=608 loss=0.024299 lr=9.859e-06
[train] step=609 loss=0.032815 lr=9.858e-06
[train] step=610 loss=0.027199 lr=9.858e-06
[train] step=611 loss=0.018538 lr=9.857e-06
[train] step=612 loss=0.031516 lr=9.857e-06
[train] step=613 loss=0.032662 lr=9.856e-06
[train] step=614 loss=0.016935 lr=9.856e-06
[train] step=615 loss=0.023548 lr=9.856e-06
[train] step=616 loss=0.033420 lr=9.855e-06
[train] step=617 loss=0.038659 lr=9.855e-06
[train] step=618 loss=0.021524 lr=9.854e-06
[train] step=619 loss=0.061269 lr=9.854e-06
[train] step=620 loss=0.025780 lr=9.853e-06
[train] step=621 loss=0.029051 lr=9.853e-06
[train] step=622 loss=0.025524 lr=9.852e-06
[train] step=623 loss=0.034314 lr=9.852e-06
[train] step=624 loss=0.029120 lr=9.851e-06
[train] step=625 loss=0.020100 lr=9.851e-06
[train] step=626 loss=0.015454 lr=9.850e-06
[train] step=627 loss=0.022931 lr=9.850e-06
[train] step=628 loss=0.031814 lr=9.849e-06
[train] step=629 loss=0.024744 lr=9.849e-06
[train] step=630 loss=0.025280 lr=9.848e-06
[train] step=631 loss=0.021991 lr=9.848e-06
[train] step=632 loss=0.020099 lr=9.847e-06
[train] step=633 loss=0.183721 lr=9.847e-06
[train] step=634 loss=0.034970 lr=9.846e-06
[train] step=635 loss=0.028477 lr=9.846e-06
[train] step=636 loss=0.084695 lr=9.846e-06
[train] step=637 loss=0.017613 lr=9.845e-06
[train] step=638 loss=0.035243 lr=9.845e-06
[train] step=639 loss=0.033056 lr=9.844e-06
[train] step=640 loss=0.028927 lr=9.844e-06
[train] step=641 loss=0.025445 lr=9.843e-06
[train] step=642 loss=0.019165 lr=9.843e-06
[train] step=643 loss=0.023408 lr=9.842e-06
[train] step=644 loss=0.051744 lr=9.842e-06
[train] step=645 loss=0.030159 lr=9.841e-06
[train] step=646 loss=0.034378 lr=9.841e-06
[train] step=647 loss=0.041692 lr=9.840e-06
[train] step=648 loss=0.025594 lr=9.840e-06
[train] step=649 loss=0.016359 lr=9.839e-06
[train] step=650 loss=0.020556 lr=9.839e-06
[train] step=651 loss=0.036912 lr=9.838e-06
[train] step=652 loss=0.028972 lr=9.838e-06
[train] step=653 loss=0.021282 lr=9.837e-06
[train] step=654 loss=0.030647 lr=9.837e-06
[train] step=655 loss=0.025993 lr=9.836e-06
[train] step=656 loss=0.016086 lr=9.836e-06
[train] step=657 loss=0.016660 lr=9.835e-06
[train] step=658 loss=0.023919 lr=9.835e-06
[train] step=659 loss=0.026559 lr=9.834e-06
[train] step=660 loss=0.024210 lr=9.834e-06
[train] step=661 loss=0.015263 lr=9.833e-06
[train] step=662 loss=0.030000 lr=9.833e-06
[train] step=663 loss=0.022140 lr=9.832e-06
[train] step=664 loss=0.017174 lr=9.832e-06
[train] step=665 loss=0.020719 lr=9.831e-06
[train] step=666 loss=0.023246 lr=9.831e-06
[train] step=667 loss=0.036410 lr=9.830e-06
[train] step=668 loss=0.015759 lr=9.830e-06
[train] step=669 loss=0.028202 lr=9.829e-06
[train] step=670 loss=0.020909 lr=9.829e-06
[train] step=671 loss=0.031059 lr=9.828e-06
[train] step=672 loss=0.053631 lr=9.828e-06
[train] step=673 loss=0.026312 lr=9.827e-06
[train] step=674 loss=0.031706 lr=9.827e-06
[train] step=675 loss=0.025625 lr=9.826e-06
[train] step=676 loss=0.092649 lr=9.826e-06
[train] step=677 loss=0.025865 lr=9.825e-06
[train] step=678 loss=0.027648 lr=9.825e-06
[train] step=679 loss=0.031031 lr=9.824e-06
[train] step=680 loss=0.017960 lr=9.823e-06
[train] step=681 loss=0.019256 lr=9.823e-06
[train] step=682 loss=0.032607 lr=9.822e-06
[train] step=683 loss=0.024586 lr=9.822e-06
[train] step=684 loss=0.042666 lr=9.821e-06
[train] step=685 loss=0.029512 lr=9.821e-06
[train] step=686 loss=0.024148 lr=9.820e-06
[train] step=687 loss=0.018090 lr=9.820e-06
[train] step=688 loss=0.021229 lr=9.819e-06
[train] step=689 loss=0.023935 lr=9.819e-06
[train] step=690 loss=0.034220 lr=9.818e-06
[train] step=691 loss=0.025315 lr=9.818e-06
[train] step=692 loss=0.024577 lr=9.817e-06
[train] step=693 loss=0.023714 lr=9.817e-06
[train] step=694 loss=0.023846 lr=9.816e-06
[train] step=695 loss=0.033278 lr=9.816e-06
[train] step=696 loss=0.028229 lr=9.815e-06
[train] step=697 loss=0.023506 lr=9.815e-06
[train] step=698 loss=0.041688 lr=9.814e-06
[train] step=699 loss=0.017367 lr=9.814e-06
[train] step=700 loss=0.017412 lr=9.813e-06
[train] step=701 loss=0.018751 lr=9.812e-06
[train] step=702 loss=0.018019 lr=9.812e-06
[train] step=703 loss=0.012889 lr=9.811e-06
[train] step=704 loss=0.030191 lr=9.811e-06
[train] step=705 loss=0.031718 lr=9.810e-06
[train] step=706 loss=0.040075 lr=9.810e-06
[train] step=707 loss=0.036535 lr=9.809e-06
[train] step=708 loss=0.027008 lr=9.809e-06
[train] step=709 loss=0.030691 lr=9.808e-06
[train] step=710 loss=0.022049 lr=9.808e-06
[train] step=711 loss=0.031357 lr=9.807e-06
[train] step=712 loss=0.035056 lr=9.807e-06
[train] step=713 loss=0.021258 lr=9.806e-06
[train] step=714 loss=0.020373 lr=9.805e-06
[train] step=715 loss=0.038639 lr=9.805e-06
[train] step=716 loss=0.018761 lr=9.804e-06
[train] step=717 loss=0.023477 lr=9.804e-06
[train] step=718 loss=0.038051 lr=9.803e-06
[train] step=719 loss=0.032918 lr=9.803e-06
[train] step=720 loss=0.013211 lr=9.802e-06
INFO     [rank 0] Model weights for step 720 saved in        dit_trainer.py:1216
         checkpoints/model_weights_step_00720.safetensors                       
INFO     [rank 0] Scalar embedding weights for step 720      dit_trainer.py:1225
         saved                                                                  
INFO     [rank 0] Training state saved:                      dit_trainer.py:1313
         checkpoints/model_weights_step_00720.state.pt                          
DEBUG    [rank 0] Removed old checkpoint:                    dit_trainer.py:1326
         /hppfs/scratch/0D/go76fuz2/windinet/outputs/shockwa                    
         ve_dit_cosine_kl1e5/checkpoints/model_weights_step_                    
         00480.safetensors                                                      
DEBUG    [rank 0] Removed old checkpoint:                    dit_trainer.py:1326
         /hppfs/scratch/0D/go76fuz2/windinet/outputs/shockwa                    
         ve_dit_cosine_kl1e5/checkpoints/scalar_embedding_st                    
         ep_00480.safetensors                                                   
DEBUG    [rank 0] Removed optimizer state for older kept     dit_trainer.py:1341
         checkpoint:                                                            
         /hppfs/scratch/0D/go76fuz2/windinet/outputs/shockwa                    
         ve_dit_cosine_kl1e5/checkpoints/model_weights_step_                    
         00600.state.pt                                                         
[epoch 6] step=720 train_loss=0.029721
[train] step=721 loss=0.023025 lr=9.802e-06
[train] step=722 loss=0.037476 lr=9.801e-06
[train] step=723 loss=0.030543 lr=9.801e-06
[train] step=724 loss=0.023697 lr=9.800e-06
[train] step=725 loss=0.023326 lr=9.799e-06
[train] step=726 loss=0.015350 lr=9.799e-06
[train] step=727 loss=0.023558 lr=9.798e-06
[train] step=728 loss=0.045447 lr=9.798e-06
[train] step=729 loss=0.032686 lr=9.797e-06
[train] step=730 loss=0.017583 lr=9.797e-06
[train] step=731 loss=0.017054 lr=9.796e-06
[train] step=732 loss=0.020366 lr=9.796e-06
[train] step=733 loss=0.129934 lr=9.795e-06
[train] step=734 loss=0.027601 lr=9.794e-06
[train] step=735 loss=0.019017 lr=9.794e-06
[train] step=736 loss=0.026721 lr=9.793e-06
[train] step=737 loss=0.039909 lr=9.793e-06
[train] step=738 loss=0.018666 lr=9.792e-06
[train] step=739 loss=0.027691 lr=9.792e-06
[train] step=740 loss=0.024870 lr=9.791e-06
[train] step=741 loss=0.020104 lr=9.791e-06
[train] step=742 loss=0.031012 lr=9.790e-06
[train] step=743 loss=0.023224 lr=9.789e-06
[train] step=744 loss=0.019097 lr=9.789e-06
[train] step=745 loss=0.027717 lr=9.788e-06
[train] step=746 loss=0.041619 lr=9.788e-06
[train] step=747 loss=0.035986 lr=9.787e-06
[train] step=748 loss=0.026997 lr=9.787e-06
[train] step=749 loss=0.020207 lr=9.786e-06
[train] step=750 loss=0.019458 lr=9.785e-06
[train] step=751 loss=0.025116 lr=9.785e-06
[train] step=752 loss=0.027091 lr=9.784e-06
[train] step=753 loss=0.024388 lr=9.784e-06
[train] step=754 loss=0.029925 lr=9.783e-06
[train] step=755 loss=0.018697 lr=9.783e-06
[train] step=756 loss=0.045994 lr=9.782e-06
[train] step=757 loss=0.027100 lr=9.781e-06
[train] step=758 loss=0.010840 lr=9.781e-06
[train] step=759 loss=0.017545 lr=9.780e-06
[train] step=760 loss=0.013970 lr=9.780e-06
[train] step=761 loss=0.019049 lr=9.779e-06
[train] step=762 loss=0.033074 lr=9.779e-06
[train] step=763 loss=0.023409 lr=9.778e-06
[train] step=764 loss=0.018446 lr=9.777e-06
[train] step=765 loss=0.022531 lr=9.777e-06
[train] step=766 loss=0.024276 lr=9.776e-06
[train] step=767 loss=0.038061 lr=9.776e-06
[train] step=768 loss=0.030105 lr=9.775e-06
[train] step=769 loss=0.021576 lr=9.775e-06
[train] step=770 loss=0.026348 lr=9.774e-06
[train] step=771 loss=0.016394 lr=9.773e-06
[train] step=772 loss=0.027161 lr=9.773e-06
[train] step=773 loss=0.016159 lr=9.772e-06
[train] step=774 loss=0.031462 lr=9.772e-06
[train] step=775 loss=0.025384 lr=9.771e-06
[train] step=776 loss=0.083769 lr=9.770e-06
[train] step=777 loss=0.026701 lr=9.770e-06
[train] step=778 loss=0.033150 lr=9.769e-06
[train] step=779 loss=0.040336 lr=9.769e-06
[train] step=780 loss=0.029173 lr=9.768e-06
[train] step=781 loss=0.017173 lr=9.768e-06
[train] step=782 loss=0.020350 lr=9.767e-06
[train] step=783 loss=0.021638 lr=9.766e-06
[train] step=784 loss=0.028751 lr=9.766e-06
[train] step=785 loss=0.026118 lr=9.765e-06
[train] step=786 loss=0.023329 lr=9.765e-06
[train] step=787 loss=0.032481 lr=9.764e-06
[train] step=788 loss=0.019912 lr=9.763e-06
[train] step=789 loss=0.027082 lr=9.763e-06
[train] step=790 loss=0.027652 lr=9.762e-06
[train] step=791 loss=0.039041 lr=9.762e-06
[train] step=792 loss=0.019202 lr=9.761e-06
[train] step=793 loss=0.027056 lr=9.760e-06
[train] step=794 loss=0.031131 lr=9.760e-06
[train] step=795 loss=0.021131 lr=9.759e-06
[train] step=796 loss=0.045789 lr=9.759e-06
[train] step=797 loss=0.018026 lr=9.758e-06
[train] step=798 loss=0.042762 lr=9.757e-06
[train] step=799 loss=0.106234 lr=9.757e-06
[train] step=800 loss=0.023652 lr=9.756e-06
[train] step=801 loss=0.015220 lr=9.756e-06
[train] step=802 loss=0.021103 lr=9.755e-06
[train] step=803 loss=0.019858 lr=9.754e-06
[train] step=804 loss=0.037048 lr=9.754e-06
[train] step=805 loss=0.023046 lr=9.753e-06
[train] step=806 loss=0.028783 lr=9.752e-06
[train] step=807 loss=0.047883 lr=9.752e-06
[train] step=808 loss=0.025887 lr=9.751e-06
[train] step=809 loss=0.025496 lr=9.751e-06
[train] step=810 loss=0.020539 lr=9.750e-06
[train] step=811 loss=0.030295 lr=9.749e-06
[train] step=812 loss=0.018606 lr=9.749e-06
[train] step=813 loss=0.029559 lr=9.748e-06
[train] step=814 loss=0.023929 lr=9.748e-06
[train] step=815 loss=0.020723 lr=9.747e-06
[train] step=816 loss=0.027650 lr=9.746e-06
[train] step=817 loss=0.017762 lr=9.746e-06
[train] step=818 loss=0.024540 lr=9.745e-06
[train] step=819 loss=0.017184 lr=9.744e-06
[train] step=820 loss=0.015247 lr=9.744e-06
[train] step=821 loss=0.016746 lr=9.743e-06
[train] step=822 loss=0.035921 lr=9.743e-06
[train] step=823 loss=0.039083 lr=9.742e-06
[train] step=824 loss=0.026650 lr=9.741e-06
[train] step=825 loss=0.019838 lr=9.741e-06
[train] step=826 loss=0.018487 lr=9.740e-06
[train] step=827 loss=0.016741 lr=9.740e-06
[train] step=828 loss=0.030569 lr=9.739e-06
[train] step=829 loss=0.025632 lr=9.738e-06
[train] step=830 loss=0.026282 lr=9.738e-06
[train] step=831 loss=0.022377 lr=9.737e-06
[train] step=832 loss=0.028760 lr=9.736e-06
[train] step=833 loss=0.043118 lr=9.736e-06
[train] step=834 loss=0.038865 lr=9.735e-06
[train] step=835 loss=0.123927 lr=9.734e-06
[train] step=836 loss=0.023556 lr=9.734e-06
[train] step=837 loss=0.022389 lr=9.733e-06
[train] step=838 loss=0.038666 lr=9.733e-06
[train] step=839 loss=0.015966 lr=9.732e-06
[train] step=840 loss=0.054362 lr=9.731e-06
INFO     [rank 0] Model weights for step 840 saved in        dit_trainer.py:1216
         checkpoints/model_weights_step_00840.safetensors                       
INFO     [rank 0] Scalar embedding weights for step 840      dit_trainer.py:1225
         saved                                                                  
INFO     [rank 0] Training state saved:                      dit_trainer.py:1313
         checkpoints/model_weights_step_00840.state.pt                          
DEBUG    [rank 0] Removed old checkpoint:                    dit_trainer.py:1326
         /hppfs/scratch/0D/go76fuz2/windinet/outputs/shockwa                    
         ve_dit_cosine_kl1e5/checkpoints/model_weights_step_                    
         00600.safetensors                                                      
DEBUG    [rank 0] Removed old checkpoint:                    dit_trainer.py:1326
         /hppfs/scratch/0D/go76fuz2/windinet/outputs/shockwa                    
         ve_dit_cosine_kl1e5/checkpoints/scalar_embedding_st                    
         ep_00600.safetensors                                                   
DEBUG    [rank 0] Removed optimizer state for older kept     dit_trainer.py:1341
         checkpoint:                                                            
         /hppfs/scratch/0D/go76fuz2/windinet/outputs/shockwa                    
         ve_dit_cosine_kl1e5/checkpoints/model_weights_step_                    
         00720.state.pt                                                         
[epoch 7] step=840 train_loss=0.028774
[train] step=841 loss=0.023460 lr=9.731e-06
[train] step=842 loss=0.040359 lr=9.730e-06
[train] step=843 loss=0.025410 lr=9.729e-06
[train] step=844 loss=0.029530 lr=9.729e-06
[train] step=845 loss=0.021725 lr=9.728e-06
[train] step=846 loss=0.061581 lr=9.728e-06
[train] step=847 loss=0.072906 lr=9.727e-06
[train] step=848 loss=0.016806 lr=9.726e-06
[train] step=849 loss=0.029261 lr=9.726e-06
[train] step=850 loss=0.028359 lr=9.725e-06
[train] step=851 loss=0.022754 lr=9.724e-06
[train] step=852 loss=0.023135 lr=9.724e-06
[train] step=853 loss=0.019854 lr=9.723e-06
[train] step=854 loss=0.015375 lr=9.722e-06
[train] step=855 loss=0.026410 lr=9.722e-06
[train] step=856 loss=0.023591 lr=9.721e-06
[train] step=857 loss=0.019692 lr=9.720e-06
[train] step=858 loss=0.029506 lr=9.720e-06
[train] step=859 loss=0.024705 lr=9.719e-06
[train] step=860 loss=0.015735 lr=9.718e-06
[train] step=861 loss=0.018557 lr=9.718e-06
[train] step=862 loss=0.026641 lr=9.717e-06
[train] step=863 loss=0.017051 lr=9.717e-06
[train] step=864 loss=0.024197 lr=9.716e-06
[train] step=865 loss=0.055214 lr=9.715e-06
[train] step=866 loss=0.026594 lr=9.715e-06
[train] step=867 loss=0.030945 lr=9.714e-06
[train] step=868 loss=0.032541 lr=9.713e-06
[train] step=869 loss=0.019308 lr=9.713e-06
[train] step=870 loss=0.020884 lr=9.712e-06
[train] step=871 loss=0.016654 lr=9.711e-06
[train] step=872 loss=0.028022 lr=9.711e-06
[train] step=873 loss=0.027416 lr=9.710e-06
[train] step=874 loss=0.026480 lr=9.709e-06
[train] step=875 loss=0.027475 lr=9.709e-06
[train] step=876 loss=0.024314 lr=9.708e-06
[train] step=877 loss=0.044705 lr=9.707e-06
[train] step=878 loss=0.037115 lr=9.707e-06
[train] step=879 loss=0.024794 lr=9.706e-06
[train] step=880 loss=0.026233 lr=9.705e-06
[train] step=881 loss=0.018361 lr=9.705e-06
[train] step=882 loss=0.070441 lr=9.704e-06
[train] step=883 loss=0.086163 lr=9.703e-06
[train] step=884 loss=0.033478 lr=9.703e-06
[train] step=885 loss=0.018742 lr=9.702e-06
[train] step=886 loss=0.042122 lr=9.701e-06
[train] step=887 loss=0.014901 lr=9.701e-06
[train] step=888 loss=0.027302 lr=9.700e-06
[train] step=889 loss=0.025888 lr=9.699e-06
[train] step=890 loss=0.024058 lr=9.699e-06
[train] step=891 loss=0.017599 lr=9.698e-06
[train] step=892 loss=0.022494 lr=9.697e-06
[train] step=893 loss=0.026492 lr=9.697e-06
[train] step=894 loss=0.023217 lr=9.696e-06
[train] step=895 loss=0.060307 lr=9.695e-06
[train] step=896 loss=0.050785 lr=9.695e-06
[train] step=897 loss=0.030943 lr=9.694e-06
[train] step=898 loss=0.017964 lr=9.693e-06
[train] step=899 loss=0.019511 lr=9.693e-06
[train] step=900 loss=0.020055 lr=9.692e-06
[train] step=901 loss=0.026086 lr=9.691e-06
[train] step=902 loss=0.017137 lr=9.691e-06
[train] step=903 loss=0.020317 lr=9.690e-06
[train] step=904 loss=0.041539 lr=9.689e-06
[train] step=905 loss=0.023683 lr=9.689e-06
[train] step=906 loss=0.013335 lr=9.688e-06
[train] step=907 loss=0.021557 lr=9.687e-06
[train] step=908 loss=0.037546 lr=9.686e-06
[train] step=909 loss=0.028131 lr=9.686e-06
[train] step=910 loss=0.023128 lr=9.685e-06
[train] step=911 loss=0.029160 lr=9.684e-06
[train] step=912 loss=0.013034 lr=9.684e-06
[train] step=913 loss=0.021004 lr=9.683e-06
[train] step=914 loss=0.023533 lr=9.682e-06
[train] step=915 loss=0.025928 lr=9.682e-06
[train] step=916 loss=0.060116 lr=9.681e-06
[train] step=917 loss=0.014096 lr=9.680e-06
[train] step=918 loss=0.040937 lr=9.680e-06
[train] step=919 loss=0.024749 lr=9.679e-06
[train] step=920 loss=0.016431 lr=9.678e-06
[train] step=921 loss=0.026263 lr=9.678e-06
[train] step=922 loss=0.009228 lr=9.677e-06
[train] step=923 loss=0.016493 lr=9.676e-06
[train] step=924 loss=0.018144 lr=9.675e-06
[train] step=925 loss=0.037836 lr=9.675e-06
[train] step=926 loss=0.027804 lr=9.674e-06
[train] step=927 loss=0.018926 lr=9.673e-06
[train] step=928 loss=0.026304 lr=9.673e-06
[train] step=929 loss=0.128469 lr=9.672e-06
[train] step=930 loss=0.042557 lr=9.671e-06
[train] step=931 loss=0.033943 lr=9.671e-06
[train] step=932 loss=0.017774 lr=9.670e-06
[train] step=933 loss=0.027901 lr=9.669e-06
[train] step=934 loss=0.019534 lr=9.668e-06
[train] step=935 loss=0.036854 lr=9.668e-06
[train] step=936 loss=0.025237 lr=9.667e-06
[train] step=937 loss=0.030860 lr=9.666e-06
[train] step=938 loss=0.017165 lr=9.666e-06
[train] step=939 loss=0.034385 lr=9.665e-06
[train] step=940 loss=0.021938 lr=9.664e-06
[train] step=941 loss=0.017521 lr=9.664e-06
[train] step=942 loss=0.043622 lr=9.663e-06
[train] step=943 loss=0.022885 lr=9.662e-06
[train] step=944 loss=0.030638 lr=9.661e-06
[train] step=945 loss=0.032332 lr=9.661e-06
[train] step=946 loss=0.030121 lr=9.660e-06
[train] step=947 loss=0.058086 lr=9.659e-06
[train] step=948 loss=0.039261 lr=9.659e-06
[train] step=949 loss=0.020302 lr=9.658e-06
[train] step=950 loss=0.037754 lr=9.657e-06
[train] step=951 loss=0.013290 lr=9.656e-06
[train] step=952 loss=0.014990 lr=9.656e-06
[train] step=953 loss=0.037045 lr=9.655e-06
[train] step=954 loss=0.022249 lr=9.654e-06
[train] step=955 loss=0.019069 lr=9.654e-06
[train] step=956 loss=0.055547 lr=9.653e-06
[train] step=957 loss=0.027958 lr=9.652e-06
[train] step=958 loss=0.020225 lr=9.651e-06
[train] step=959 loss=0.021162 lr=9.651e-06
[train] step=960 loss=0.023131 lr=9.650e-06
INFO     [rank 0] Model weights for step 960 saved in        dit_trainer.py:1216
         checkpoints/model_weights_step_00960.safetensors                       
INFO     [rank 0] Scalar embedding weights for step 960      dit_trainer.py:1225
         saved                                                                  
INFO     [rank 0] Training state saved:                      dit_trainer.py:1313
         checkpoints/model_weights_step_00960.state.pt                          
DEBUG    [rank 0] Removed old checkpoint:                    dit_trainer.py:1326
         /hppfs/scratch/0D/go76fuz2/windinet/outputs/shockwa                    
         ve_dit_cosine_kl1e5/checkpoints/model_weights_step_                    
         00720.safetensors                                                      
DEBUG    [rank 0] Removed old checkpoint:                    dit_trainer.py:1326
         /hppfs/scratch/0D/go76fuz2/windinet/outputs/shockwa                    
         ve_dit_cosine_kl1e5/checkpoints/scalar_embedding_st                    
         ep_00720.safetensors                                                   
DEBUG    [rank 0] Removed optimizer state for older kept     dit_trainer.py:1341
         checkpoint:                                                            
         /hppfs/scratch/0D/go76fuz2/windinet/outputs/shockwa                    
         ve_dit_cosine_kl1e5/checkpoints/model_weights_step_                    
         00840.state.pt                                                         
[epoch 8] step=960 train_loss=0.029447
[train] step=961 loss=0.014521 lr=9.649e-06
[train] step=962 loss=0.015702 lr=9.649e-06
[train] step=963 loss=0.045603 lr=9.648e-06
[train] step=964 loss=0.024679 lr=9.647e-06
[train] step=965 loss=0.020702 lr=9.646e-06
[train] step=966 loss=0.017466 lr=9.646e-06
[train] step=967 loss=0.031236 lr=9.645e-06
[train] step=968 loss=0.050208 lr=9.644e-06
[train] step=969 loss=0.022037 lr=9.643e-06
[train] step=970 loss=0.022115 lr=9.643e-06
[train] step=971 loss=0.027492 lr=9.642e-06
[train] step=972 loss=0.026063 lr=9.641e-06
[train] step=973 loss=0.022755 lr=9.641e-06
[train] step=974 loss=0.038036 lr=9.640e-06
[train] step=975 loss=0.025305 lr=9.639e-06
[train] step=976 loss=0.043247 lr=9.638e-06
[train] step=977 loss=0.024070 lr=9.638e-06
[train] step=978 loss=0.022920 lr=9.637e-06
[train] step=979 loss=0.019315 lr=9.636e-06
[train] step=980 loss=0.030467 lr=9.635e-06
[train] step=981 loss=0.026949 lr=9.635e-06
[train] step=982 loss=0.024252 lr=9.634e-06
[train] step=983 loss=0.024520 lr=9.633e-06
[train] step=984 loss=0.016246 lr=9.632e-06
[train] step=985 loss=0.020776 lr=9.632e-06
[train] step=986 loss=0.023931 lr=9.631e-06
[train] step=987 loss=0.018215 lr=9.630e-06
[train] step=988 loss=0.021333 lr=9.629e-06
[train] step=989 loss=0.024874 lr=9.629e-06
[train] step=990 loss=0.022114 lr=9.628e-06
[train] step=991 loss=0.026129 lr=9.627e-06
[train] step=992 loss=0.024081 lr=9.627e-06
[train] step=993 loss=0.041353 lr=9.626e-06
[train] step=994 loss=0.024072 lr=9.625e-06
[train] step=995 loss=0.025689 lr=9.624e-06
[train] step=996 loss=0.034761 lr=9.624e-06
[train] step=997 loss=0.016182 lr=9.623e-06
[train] step=998 loss=0.032715 lr=9.622e-06
[train] step=999 loss=0.035930 lr=9.621e-06
[train] step=1000 loss=0.063624 lr=9.621e-06
[train] step=1001 loss=0.032651 lr=9.620e-06
[train] step=1002 loss=0.026326 lr=9.619e-06
[train] step=1003 loss=0.027177 lr=9.618e-06
[train] step=1004 loss=0.017051 lr=9.618e-06
[train] step=1005 loss=0.020333 lr=9.617e-06
[train] step=1006 loss=0.034701 lr=9.616e-06
[train] step=1007 loss=0.016223 lr=9.615e-06
[train] step=1008 loss=0.024424 lr=9.615e-06
[train] step=1009 loss=0.023456 lr=9.614e-06
[train] step=1010 loss=0.042088 lr=9.613e-06
[train] step=1011 loss=0.023335 lr=9.612e-06
[train] step=1012 loss=0.021485 lr=9.611e-06
[train] step=1013 loss=0.035422 lr=9.611e-06
[train] step=1014 loss=0.040583 lr=9.610e-06
[train] step=1015 loss=0.032888 lr=9.609e-06
[train] step=1016 loss=0.059376 lr=9.608e-06
[train] step=1017 loss=0.021709 lr=9.608e-06
[train] step=1018 loss=0.020122 lr=9.607e-06
[train] step=1019 loss=0.020366 lr=9.606e-06
[train] step=1020 loss=0.022467 lr=9.605e-06
[train] step=1021 loss=0.019954 lr=9.605e-06
[train] step=1022 loss=0.027302 lr=9.604e-06
[train] step=1023 loss=0.021791 lr=9.603e-06
[train] step=1024 loss=0.027677 lr=9.602e-06
[train] step=1025 loss=0.024607 lr=9.602e-06
[train] step=1026 loss=0.021164 lr=9.601e-06
[train] step=1027 loss=0.071371 lr=9.600e-06
[train] step=1028 loss=0.016090 lr=9.599e-06
[train] step=1029 loss=0.018818 lr=9.598e-06
[train] step=1030 loss=0.031766 lr=9.598e-06
[train] step=1031 loss=0.017855 lr=9.597e-06
[train] step=1032 loss=0.014620 lr=9.596e-06
[train] step=1033 loss=0.029279 lr=9.595e-06
[train] step=1034 loss=0.027448 lr=9.595e-06
[train] step=1035 loss=0.022062 lr=9.594e-06
[train] step=1036 loss=0.032543 lr=9.593e-06
[train] step=1037 loss=0.042897 lr=9.592e-06
[train] step=1038 loss=0.022108 lr=9.592e-06
[train] step=1039 loss=0.024083 lr=9.591e-06
[train] step=1040 loss=0.028711 lr=9.590e-06
[train] step=1041 loss=0.040681 lr=9.589e-06
[train] step=1042 loss=0.032655 lr=9.588e-06
[train] step=1043 loss=0.017533 lr=9.588e-06
[train] step=1044 loss=0.029801 lr=9.587e-06
[train] step=1045 loss=0.040445 lr=9.586e-06
[train] step=1046 loss=0.028095 lr=9.585e-06
[train] step=1047 loss=0.026937 lr=9.584e-06
[train] step=1048 loss=0.018701 lr=9.584e-06
[train] step=1049 loss=0.016713 lr=9.583e-06
[train] step=1050 loss=0.025517 lr=9.582e-06
[train] step=1051 loss=0.021871 lr=9.581e-06
[train] step=1052 loss=0.021360 lr=9.581e-06
[train] step=1053 loss=0.013454 lr=9.580e-06
[train] step=1054 loss=0.030373 lr=9.579e-06
[train] step=1055 loss=0.021433 lr=9.578e-06
[train] step=1056 loss=0.015325 lr=9.577e-06
[train] step=1057 loss=0.018279 lr=9.577e-06
[train] step=1058 loss=0.021205 lr=9.576e-06
[train] step=1059 loss=0.031388 lr=9.575e-06
[train] step=1060 loss=0.023546 lr=9.574e-06
[train] step=1061 loss=0.021664 lr=9.573e-06
[train] step=1062 loss=0.023337 lr=9.573e-06
[train] step=1063 loss=0.051806 lr=9.572e-06
[train] step=1064 loss=0.018837 lr=9.571e-06
[train] step=1065 loss=0.034224 lr=9.570e-06
[train] step=1066 loss=0.034969 lr=9.569e-06
[train] step=1067 loss=0.019904 lr=9.569e-06
[train] step=1068 loss=0.014103 lr=9.568e-06
[train] step=1069 loss=0.024928 lr=9.567e-06
[train] step=1070 loss=0.018534 lr=9.566e-06
[train] step=1071 loss=0.026077 lr=9.565e-06
[train] step=1072 loss=0.017763 lr=9.565e-06
[train] step=1073 loss=0.024039 lr=9.564e-06
[train] step=1074 loss=0.065709 lr=9.563e-06
[train] step=1075 loss=0.033848 lr=9.562e-06
[train] step=1076 loss=0.016655 lr=9.561e-06
[train] step=1077 loss=0.013818 lr=9.561e-06
[train] step=1078 loss=0.026373 lr=9.560e-06
[train] step=1079 loss=0.018961 lr=9.559e-06
[train] step=1080 loss=0.110878 lr=9.558e-06
INFO     [rank 0] Model weights for step 1080 saved in       dit_trainer.py:1216
         checkpoints/model_weights_step_01080.safetensors                       
INFO     [rank 0] Scalar embedding weights for step 1080     dit_trainer.py:1225
         saved                                                                  
INFO     [rank 0] Training state saved:                      dit_trainer.py:1313
         checkpoints/model_weights_step_01080.state.pt                          
DEBUG    [rank 0] Removed old checkpoint:                    dit_trainer.py:1326
         /hppfs/scratch/0D/go76fuz2/windinet/outputs/shockwa                    
         ve_dit_cosine_kl1e5/checkpoints/model_weights_step_                    
         00840.safetensors                                                      
DEBUG    [rank 0] Removed old checkpoint:                    dit_trainer.py:1326
         /hppfs/scratch/0D/go76fuz2/windinet/outputs/shockwa                    
         ve_dit_cosine_kl1e5/checkpoints/scalar_embedding_st                    
         ep_00840.safetensors                                                   
DEBUG    [rank 0] Removed optimizer state for older kept     dit_trainer.py:1341
         checkpoint:                                                            
         /hppfs/scratch/0D/go76fuz2/windinet/outputs/shockwa                    
         ve_dit_cosine_kl1e5/checkpoints/model_weights_step_                    
         00960.state.pt                                                         
[epoch 9] step=1080 train_loss=0.026833
[train] step=1081 loss=0.027847 lr=9.557e-06
[train] step=1082 loss=0.027711 lr=9.557e-06
[train] step=1083 loss=0.017985 lr=9.556e-06
[train] step=1084 loss=0.030412 lr=9.555e-06
[train] step=1085 loss=0.045900 lr=9.554e-06
[train] step=1086 loss=0.012920 lr=9.553e-06
[train] step=1087 loss=0.072700 lr=9.553e-06
[train] step=1088 loss=0.029684 lr=9.552e-06
[train] step=1089 loss=0.041021 lr=9.551e-06
[train] step=1090 loss=0.017690 lr=9.550e-06
[train] step=1091 loss=0.031873 lr=9.549e-06
[train] step=1092 loss=0.019166 lr=9.549e-06
[train] step=1093 loss=0.018534 lr=9.548e-06
[train] step=1094 loss=0.021542 lr=9.547e-06
[train] step=1095 loss=0.082988 lr=9.546e-06
[train] step=1096 loss=0.025516 lr=9.545e-06
[train] step=1097 loss=0.019930 lr=9.544e-06
[train] step=1098 loss=0.016072 lr=9.544e-06
[train] step=1099 loss=0.022543 lr=9.543e-06
[train] step=1100 loss=0.098605 lr=9.542e-06
[train] step=1101 loss=0.013586 lr=9.541e-06
[train] step=1102 loss=0.025815 lr=9.540e-06
[train] step=1103 loss=0.033159 lr=9.540e-06
[train] step=1104 loss=0.017848 lr=9.539e-06
[train] step=1105 loss=0.016350 lr=9.538e-06
[train] step=1106 loss=0.037505 lr=9.537e-06
[train] step=1107 loss=0.023592 lr=9.536e-06
[train] step=1108 loss=0.014633 lr=9.535e-06
[train] step=1109 loss=0.031642 lr=9.535e-06
[train] step=1110 loss=0.024632 lr=9.534e-06
[train] step=1111 loss=0.014930 lr=9.533e-06
[train] step=1112 loss=0.020101 lr=9.532e-06
[train] step=1113 loss=0.024049 lr=9.531e-06
[train] step=1114 loss=0.022602 lr=9.530e-06
[train] step=1115 loss=0.021885 lr=9.530e-06
[train] step=1116 loss=0.021122 lr=9.529e-06
[train] step=1117 loss=0.013552 lr=9.528e-06
[train] step=1118 loss=0.014713 lr=9.527e-06
[train] step=1119 loss=0.015358 lr=9.526e-06
[train] step=1120 loss=0.028964 lr=9.525e-06
[train] step=1121 loss=0.114014 lr=9.525e-06
[train] step=1122 loss=0.049824 lr=9.524e-06
[train] step=1123 loss=0.014430 lr=9.523e-06
[train] step=1124 loss=0.036855 lr=9.522e-06
[train] step=1125 loss=0.028496 lr=9.521e-06
[train] step=1126 loss=0.028497 lr=9.520e-06
[train] step=1127 loss=0.021642 lr=9.520e-06
[train] step=1128 loss=0.027103 lr=9.519e-06
[train] step=1129 loss=0.041189 lr=9.518e-06
[train] step=1130 loss=0.020866 lr=9.517e-06
[train] step=1131 loss=0.024969 lr=9.516e-06
[train] step=1132 loss=0.033092 lr=9.515e-06
[train] step=1133 loss=0.050120 lr=9.515e-06
[train] step=1134 loss=0.026153 lr=9.514e-06
[train] step=1135 loss=0.024976 lr=9.513e-06
[train] step=1136 loss=0.012731 lr=9.512e-06
[train] step=1137 loss=0.069103 lr=9.511e-06
[train] step=1138 loss=0.014486 lr=9.510e-06
[train] step=1139 loss=0.017661 lr=9.509e-06
[train] step=1140 loss=0.015130 lr=9.509e-06
[train] step=1141 loss=0.025289 lr=9.508e-06
[train] step=1142 loss=0.021409 lr=9.507e-06
[train] step=1143 loss=0.019527 lr=9.506e-06
[train] step=1144 loss=0.024223 lr=9.505e-06
[train] step=1145 loss=0.015460 lr=9.504e-06
[train] step=1146 loss=0.027996 lr=9.504e-06
[train] step=1147 loss=0.012957 lr=9.503e-06
[train] step=1148 loss=0.023878 lr=9.502e-06
[train] step=1149 loss=0.010303 lr=9.501e-06
[train] step=1150 loss=0.027100 lr=9.500e-06
[train] step=1151 loss=0.019141 lr=9.499e-06
[train] step=1152 loss=0.018024 lr=9.498e-06
[train] step=1153 loss=0.019624 lr=9.498e-06
[train] step=1154 loss=0.049324 lr=9.497e-06
[train] step=1155 loss=0.038428 lr=9.496e-06
[train] step=1156 loss=0.020014 lr=9.495e-06
[train] step=1157 loss=0.033757 lr=9.494e-06
[train] step=1158 loss=0.018528 lr=9.493e-06
[train] step=1159 loss=0.030340 lr=9.492e-06
[train] step=1160 loss=0.034859 lr=9.492e-06
[train] step=1161 loss=0.053085 lr=9.491e-06
[train] step=1162 loss=0.033112 lr=9.490e-06
[train] step=1163 loss=0.019424 lr=9.489e-06
[train] step=1164 loss=0.020271 lr=9.488e-06
[train] step=1165 loss=0.019089 lr=9.487e-06
[train] step=1166 loss=0.022651 lr=9.486e-06
[train] step=1167 loss=0.034915 lr=9.485e-06
[train] step=1168 loss=0.039839 lr=9.485e-06
[train] step=1169 loss=0.049539 lr=9.484e-06
[train] step=1170 loss=0.015211 lr=9.483e-06
[train] step=1171 loss=0.028366 lr=9.482e-06
[train] step=1172 loss=0.046255 lr=9.481e-06
[train] step=1173 loss=0.022291 lr=9.480e-06
[train] step=1174 loss=0.016424 lr=9.479e-06
[train] step=1175 loss=0.018969 lr=9.478e-06
[train] step=1176 loss=0.025535 lr=9.478e-06
[train] step=1177 loss=0.022141 lr=9.477e-06
[train] step=1178 loss=0.020968 lr=9.476e-06
[train] step=1179 loss=0.108290 lr=9.475e-06
[train] step=1180 loss=0.019313 lr=9.474e-06
[train] step=1181 loss=0.019656 lr=9.473e-06
[train] step=1182 loss=0.017936 lr=9.472e-06
[train] step=1183 loss=0.015798 lr=9.471e-06
[train] step=1184 loss=0.033252 lr=9.471e-06
[train] step=1185 loss=0.087566 lr=9.470e-06
[train] step=1186 loss=0.024966 lr=9.469e-06
[train] step=1187 loss=0.027134 lr=9.468e-06
[train] step=1188 loss=0.019330 lr=9.467e-06
[train] step=1189 loss=0.026252 lr=9.466e-06
[train] step=1190 loss=0.024143 lr=9.465e-06
[train] step=1191 loss=0.030159 lr=9.464e-06
[train] step=1192 loss=0.009314 lr=9.464e-06
[train] step=1193 loss=0.067975 lr=9.463e-06
[train] step=1194 loss=0.071353 lr=9.462e-06
[train] step=1195 loss=0.015671 lr=9.461e-06
[train] step=1196 loss=0.033142 lr=9.460e-06
[train] step=1197 loss=0.019675 lr=9.459e-06
[train] step=1198 loss=0.022253 lr=9.458e-06
[train] step=1199 loss=0.036198 lr=9.457e-06
[train] step=1200 loss=0.028561 lr=9.456e-06
[val] step=1200 val_loss=0.027359
INFO     [rank 0] Model weights for step 1200 saved in       dit_trainer.py:1216
         checkpoints/model_weights_step_01200.safetensors                       
INFO     [rank 0] Scalar embedding weights for step 1200     dit_trainer.py:1225
         saved                                                                  
INFO     [rank 0] Training state saved:                      dit_trainer.py:1313
         checkpoints/model_weights_step_01200.state.pt                          
INFO     [rank 0] New best checkpoint (step 1200,            dit_trainer.py:1248
         val_loss=0.027359):                                                    
         checkpoints/model_weights_best.safetensors                             
DEBUG    [rank 0] Removed old checkpoint:                    dit_trainer.py:1326
         /hppfs/scratch/0D/go76fuz2/windinet/outputs/shockwa                    
         ve_dit_cosine_kl1e5/checkpoints/model_weights_step_                    
         00960.safetensors                                                      
DEBUG    [rank 0] Removed old checkpoint:                    dit_trainer.py:1326
         /hppfs/scratch/0D/go76fuz2/windinet/outputs/shockwa                    
         ve_dit_cosine_kl1e5/checkpoints/scalar_embedding_st                    
         ep_00960.safetensors                                                   
DEBUG    [rank 0] Removed optimizer state for older kept     dit_trainer.py:1341
         checkpoint:                                                            
         /hppfs/scratch/0D/go76fuz2/windinet/outputs/shockwa                    
         ve_dit_cosine_kl1e5/checkpoints/model_weights_step_                    
         01080.state.pt                                                         
[epoch 10] step=1200 train_loss=0.030221 val_loss=0.027359
[train] step=1201 loss=0.023708 lr=9.456e-06
[train] step=1202 loss=0.033364 lr=9.455e-06
[train] step=1203 loss=0.028205 lr=9.454e-06
[train] step=1204 loss=0.024951 lr=9.453e-06
[train] step=1205 loss=0.021177 lr=9.452e-06
[train] step=1206 loss=0.022599 lr=9.451e-06
[train] step=1207 loss=0.017481 lr=9.450e-06
[train] step=1208 loss=0.021519 lr=9.449e-06
[train] step=1209 loss=0.014358 lr=9.448e-06
[train] step=1210 loss=0.016875 lr=9.448e-06
[train] step=1211 loss=0.018616 lr=9.447e-06
[train] step=1212 loss=0.027273 lr=9.446e-06
[train] step=1213 loss=0.029788 lr=9.445e-06
[train] step=1214 loss=0.022468 lr=9.444e-06
[train] step=1215 loss=0.030162 lr=9.443e-06
[train] step=1216 loss=0.029680 lr=9.442e-06
[train] step=1217 loss=0.014931 lr=9.441e-06
[train] step=1218 loss=0.033343 lr=9.440e-06
[train] step=1219 loss=0.016158 lr=9.439e-06
[train] step=1220 loss=0.024768 lr=9.439e-06
[train] step=1221 loss=0.026155 lr=9.438e-06
[train] step=1222 loss=0.031896 lr=9.437e-06
[train] step=1223 loss=0.023383 lr=9.436e-06
[train] step=1224 loss=0.020630 lr=9.435e-06
[train] step=1225 loss=0.031407 lr=9.434e-06
[train] step=1226 loss=0.015380 lr=9.433e-06
[train] step=1227 loss=0.025248 lr=9.432e-06
[train] step=1228 loss=0.028155 lr=9.431e-06
[train] step=1229 loss=0.042305 lr=9.430e-06
[train] step=1230 loss=0.020870 lr=9.429e-06
[train] step=1231 loss=0.013500 lr=9.429e-06
[train] step=1232 loss=0.026411 lr=9.428e-06
[train] step=1233 loss=0.026612 lr=9.427e-06
[train] step=1234 loss=0.011940 lr=9.426e-06
[train] step=1235 loss=0.013481 lr=9.425e-06
[train] step=1236 loss=0.028461 lr=9.424e-06
[train] step=1237 loss=0.022206 lr=9.423e-06
[train] step=1238 loss=0.015803 lr=9.422e-06
[train] step=1239 loss=0.033441 lr=9.421e-06
[train] step=1240 loss=0.025751 lr=9.420e-06
[train] step=1241 loss=0.018421 lr=9.419e-06
[train] step=1242 loss=0.020818 lr=9.418e-06
[train] step=1243 loss=0.018004 lr=9.418e-06
[train] step=1244 loss=0.019280 lr=9.417e-06
[train] step=1245 loss=0.016618 lr=9.416e-06
[train] step=1246 loss=0.020016 lr=9.415e-06
[train] step=1247 loss=0.017093 lr=9.414e-06
[train] step=1248 loss=0.017875 lr=9.413e-06
[train] step=1249 loss=0.033221 lr=9.412e-06
[train] step=1250 loss=0.023635 lr=9.411e-06
[train] step=1251 loss=0.017921 lr=9.410e-06
[train] step=1252 loss=0.022603 lr=9.409e-06
[train] step=1253 loss=0.020648 lr=9.408e-06
[train] step=1254 loss=0.050513 lr=9.407e-06
[train] step=1255 loss=0.027140 lr=9.406e-06
[train] step=1256 loss=0.032288 lr=9.406e-06
[train] step=1257 loss=0.023833 lr=9.405e-06
[train] step=1258 loss=0.014729 lr=9.404e-06
[train] step=1259 loss=0.020842 lr=9.403e-06
[train] step=1260 loss=0.029722 lr=9.402e-06
[train] step=1261 loss=0.033128 lr=9.401e-06
[train] step=1262 loss=0.014563 lr=9.400e-06
[train] step=1263 loss=0.023450 lr=9.399e-06
[train] step=1264 loss=0.020610 lr=9.398e-06
[train] step=1265 loss=0.026126 lr=9.397e-06
[train] step=1266 loss=0.024461 lr=9.396e-06
[train] step=1267 loss=0.019616 lr=9.395e-06
[train] step=1268 loss=0.017140 lr=9.394e-06
[train] step=1269 loss=0.069117 lr=9.393e-06
[train] step=1270 loss=0.027806 lr=9.393e-06
[train] step=1271 loss=0.010594 lr=9.392e-06
[train] step=1272 loss=0.015273 lr=9.391e-06
[train] step=1273 loss=0.023831 lr=9.390e-06
[train] step=1274 loss=0.018711 lr=9.389e-06
[train] step=1275 loss=0.037247 lr=9.388e-06
[train] step=1276 loss=0.023881 lr=9.387e-06
[train] step=1277 loss=0.020237 lr=9.386e-06
[train] step=1278 loss=0.033999 lr=9.385e-06
[train] step=1279 loss=0.012434 lr=9.384e-06
[train] step=1280 loss=0.028937 lr=9.383e-06
[train] step=1281 loss=0.032815 lr=9.382e-06
[train] step=1282 loss=0.020799 lr=9.381e-06
[train] step=1283 loss=0.050692 lr=9.380e-06
[train] step=1284 loss=0.030937 lr=9.379e-06
[train] step=1285 loss=0.025602 lr=9.378e-06
[train] step=1286 loss=0.018159 lr=9.377e-06
[train] step=1287 loss=0.061419 lr=9.376e-06
[train] step=1288 loss=0.030025 lr=9.376e-06
[train] step=1289 loss=0.010909 lr=9.375e-06
[train] step=1290 loss=0.014784 lr=9.374e-06
[train] step=1291 loss=0.019868 lr=9.373e-06
[train] step=1292 loss=0.087363 lr=9.372e-06
[train] step=1293 loss=0.032958 lr=9.371e-06
[train] step=1294 loss=0.041105 lr=9.370e-06
[train] step=1295 loss=0.050351 lr=9.369e-06
[train] step=1296 loss=0.027044 lr=9.368e-06
[train] step=1297 loss=0.020265 lr=9.367e-06
[train] step=1298 loss=0.019823 lr=9.366e-06
[train] step=1299 loss=0.018729 lr=9.365e-06
[train] step=1300 loss=0.046312 lr=9.364e-06
[train] step=1301 loss=0.017242 lr=9.363e-06
[train] step=1302 loss=0.047901 lr=9.362e-06
[train] step=1303 loss=0.057725 lr=9.361e-06
[train] step=1304 loss=0.021984 lr=9.360e-06
[train] step=1305 loss=0.015514 lr=9.359e-06
[train] step=1306 loss=0.035479 lr=9.358e-06
[train] step=1307 loss=0.021689 lr=9.357e-06
[train] step=1308 loss=0.021836 lr=9.356e-06
[train] step=1309 loss=0.014527 lr=9.355e-06
[train] step=1310 loss=0.016929 lr=9.354e-06
[train] step=1311 loss=0.011483 lr=9.353e-06
[train] step=1312 loss=0.047301 lr=9.353e-06
[train] step=1313 loss=0.017164 lr=9.352e-06
[train] step=1314 loss=0.022857 lr=9.351e-06
[train] step=1315 loss=0.025606 lr=9.350e-06
[train] step=1316 loss=0.020706 lr=9.349e-06
[train] step=1317 loss=0.014039 lr=9.348e-06
[train] step=1318 loss=0.017063 lr=9.347e-06
[train] step=1319 loss=0.024693 lr=9.346e-06
[train] step=1320 loss=0.026459 lr=9.345e-06
INFO     [rank 0] Model weights for step 1320 saved in       dit_trainer.py:1216
         checkpoints/model_weights_step_01320.safetensors                       
INFO     [rank 0] Scalar embedding weights for step 1320     dit_trainer.py:1225
         saved                                                                  
INFO     [rank 0] Training state saved:                      dit_trainer.py:1313
         checkpoints/model_weights_step_01320.state.pt                          
DEBUG    [rank 0] Removed old checkpoint:                    dit_trainer.py:1326
         /hppfs/scratch/0D/go76fuz2/windinet/outputs/shockwa                    
         ve_dit_cosine_kl1e5/checkpoints/model_weights_step_                    
         01080.safetensors                                                      
DEBUG    [rank 0] Removed old checkpoint:                    dit_trainer.py:1326
         /hppfs/scratch/0D/go76fuz2/windinet/outputs/shockwa                    
         ve_dit_cosine_kl1e5/checkpoints/scalar_embedding_st                    
         ep_01080.safetensors                                                   
DEBUG    [rank 0] Removed optimizer state for older kept     dit_trainer.py:1341
         checkpoint:                                                            
         /hppfs/scratch/0D/go76fuz2/windinet/outputs/shockwa                    
         ve_dit_cosine_kl1e5/checkpoints/model_weights_step_                    
         01200.state.pt                                                         
[epoch 11] step=1320 train_loss=0.025676
[train] step=1321 loss=0.028161 lr=9.344e-06
[train] step=1322 loss=0.025236 lr=9.343e-06
[train] step=1323 loss=0.034735 lr=9.342e-06
[train] step=1324 loss=0.027121 lr=9.341e-06
[train] step=1325 loss=0.017270 lr=9.340e-06
[train] step=1326 loss=0.012993 lr=9.339e-06
[train] step=1327 loss=0.021030 lr=9.338e-06
[train] step=1328 loss=0.031961 lr=9.337e-06
[train] step=1329 loss=0.016586 lr=9.336e-06
[train] step=1330 loss=0.024753 lr=9.335e-06
[train] step=1331 loss=0.022167 lr=9.334e-06
[train] step=1332 loss=0.036718 lr=9.333e-06
[train] step=1333 loss=0.018740 lr=9.332e-06
[train] step=1334 loss=0.036792 lr=9.331e-06
[train] step=1335 loss=0.021158 lr=9.330e-06
[train] step=1336 loss=0.023147 lr=9.329e-06
[train] step=1337 loss=0.015214 lr=9.328e-06
[train] step=1338 loss=0.021270 lr=9.327e-06
[train] step=1339 loss=0.015176 lr=9.326e-06
[train] step=1340 loss=0.023382 lr=9.325e-06
[train] step=1341 loss=0.026954 lr=9.324e-06
[train] step=1342 loss=0.022395 lr=9.323e-06
[train] step=1343 loss=0.018783 lr=9.322e-06
[train] step=1344 loss=0.016743 lr=9.321e-06
[train] step=1345 loss=0.032609 lr=9.320e-06
[train] step=1346 loss=0.018585 lr=9.319e-06
[train] step=1347 loss=0.030047 lr=9.318e-06
[train] step=1348 loss=0.023959 lr=9.317e-06
[train] step=1349 loss=0.019251 lr=9.316e-06
[train] step=1350 loss=0.028471 lr=9.315e-06
[train] step=1351 loss=0.038155 lr=9.314e-06
[train] step=1352 loss=0.052170 lr=9.313e-06
[train] step=1353 loss=0.021461 lr=9.312e-06
[train] step=1354 loss=0.030079 lr=9.311e-06
[train] step=1355 loss=0.020490 lr=9.310e-06
[train] step=1356 loss=0.014248 lr=9.309e-06
[train] step=1357 loss=0.023825 lr=9.308e-06
[train] step=1358 loss=0.013846 lr=9.307e-06
[train] step=1359 loss=0.028462 lr=9.306e-06
[train] step=1360 loss=0.020964 lr=9.305e-06
[train] step=1361 loss=0.021068 lr=9.304e-06
[train] step=1362 loss=0.040693 lr=9.303e-06
[train] step=1363 loss=0.027842 lr=9.302e-06
[train] step=1364 loss=0.017211 lr=9.301e-06
[train] step=1365 loss=0.014731 lr=9.300e-06
[train] step=1366 loss=0.062194 lr=9.299e-06
[train] step=1367 loss=0.018228 lr=9.298e-06
[train] step=1368 loss=0.019748 lr=9.297e-06
[train] step=1369 loss=0.019836 lr=9.296e-06
[train] step=1370 loss=0.027550 lr=9.295e-06
[train] step=1371 loss=0.062746 lr=9.294e-06
[train] step=1372 loss=0.046959 lr=9.293e-06
[train] step=1373 loss=0.025990 lr=9.292e-06
[train] step=1374 loss=0.035181 lr=9.291e-06
[train] step=1375 loss=0.032910 lr=9.290e-06
[train] step=1376 loss=0.016125 lr=9.289e-06
[train] step=1377 loss=0.027217 lr=9.288e-06
[train] step=1378 loss=0.047473 lr=9.287e-06
[train] step=1379 loss=0.025416 lr=9.286e-06
[train] step=1380 loss=0.017293 lr=9.285e-06
[train] step=1381 loss=0.019751 lr=9.284e-06
[train] step=1382 loss=0.015945 lr=9.283e-06
[train] step=1383 loss=0.035711 lr=9.282e-06
[train] step=1384 loss=0.107394 lr=9.281e-06
[train] step=1385 loss=0.028623 lr=9.280e-06
[train] step=1386 loss=0.021483 lr=9.279e-06
[train] step=1387 loss=0.019902 lr=9.278e-06
[train] step=1388 loss=0.024565 lr=9.277e-06
[train] step=1389 loss=0.018723 lr=9.276e-06
[train] step=1390 loss=0.015939 lr=9.275e-06
[train] step=1391 loss=0.016319 lr=9.274e-06
[train] step=1392 loss=0.020617 lr=9.273e-06
[train] step=1393 loss=0.035161 lr=9.272e-06
[train] step=1394 loss=0.016780 lr=9.271e-06
[train] step=1395 loss=0.017314 lr=9.270e-06
[train] step=1396 loss=0.024827 lr=9.269e-06
[train] step=1397 loss=0.035230 lr=9.268e-06
[train] step=1398 loss=0.015562 lr=9.267e-06
[train] step=1399 loss=0.020829 lr=9.266e-06
[train] step=1400 loss=0.025579 lr=9.265e-06
[train] step=1401 loss=0.017178 lr=9.264e-06
[train] step=1402 loss=0.019784 lr=9.263e-06
[train] step=1403 loss=0.025852 lr=9.262e-06
[train] step=1404 loss=0.063922 lr=9.261e-06
[train] step=1405 loss=0.013214 lr=9.260e-06
[train] step=1406 loss=0.022821 lr=9.259e-06
[train] step=1407 loss=0.024051 lr=9.258e-06
[train] step=1408 loss=0.030409 lr=9.257e-06
[train] step=1409 loss=0.019743 lr=9.256e-06
[train] step=1410 loss=0.015319 lr=9.255e-06
[train] step=1411 loss=0.017869 lr=9.254e-06
[train] step=1412 loss=0.023055 lr=9.253e-06
[train] step=1413 loss=0.034267 lr=9.252e-06
[train] step=1414 loss=0.057842 lr=9.251e-06
[train] step=1415 loss=0.012192 lr=9.250e-06
[train] step=1416 loss=0.037341 lr=9.248e-06
[train] step=1417 loss=0.012223 lr=9.247e-06
[train] step=1418 loss=0.024926 lr=9.246e-06
[train] step=1419 loss=0.094471 lr=9.245e-06
[train] step=1420 loss=0.034838 lr=9.244e-06
[train] step=1421 loss=0.013767 lr=9.243e-06
[train] step=1422 loss=0.023283 lr=9.242e-06
[train] step=1423 loss=0.025785 lr=9.241e-06
[train] step=1424 loss=0.023894 lr=9.240e-06
[train] step=1425 loss=0.017288 lr=9.239e-06
[train] step=1426 loss=0.029454 lr=9.238e-06
[train] step=1427 loss=0.022048 lr=9.237e-06
[train] step=1428 loss=0.042894 lr=9.236e-06
[train] step=1429 loss=0.020104 lr=9.235e-06
[train] step=1430 loss=0.017890 lr=9.234e-06
[train] step=1431 loss=0.017799 lr=9.233e-06
[train] step=1432 loss=0.031990 lr=9.232e-06
[train] step=1433 loss=0.016263 lr=9.231e-06
[train] step=1434 loss=0.019243 lr=9.230e-06
[train] step=1435 loss=0.023904 lr=9.229e-06
[train] step=1436 loss=0.010474 lr=9.228e-06
[train] step=1437 loss=0.015994 lr=9.227e-06
[train] step=1438 loss=0.058044 lr=9.226e-06
[train] step=1439 loss=0.035709 lr=9.225e-06
[train] step=1440 loss=0.027754 lr=9.223e-06
INFO     [rank 0] Model weights for step 1440 saved in       dit_trainer.py:1216
         checkpoints/model_weights_step_01440.safetensors                       
INFO     [rank 0] Scalar embedding weights for step 1440     dit_trainer.py:1225
         saved                                                                  
INFO     [rank 0] Training state saved:                      dit_trainer.py:1313
         checkpoints/model_weights_step_01440.state.pt                          
DEBUG    [rank 0] Removed old checkpoint:                    dit_trainer.py:1326
         /hppfs/scratch/0D/go76fuz2/windinet/outputs/shockwa                    
         ve_dit_cosine_kl1e5/checkpoints/model_weights_step_                    
         01200.safetensors                                                      
DEBUG    [rank 0] Removed old checkpoint:                    dit_trainer.py:1326
         /hppfs/scratch/0D/go76fuz2/windinet/outputs/shockwa                    
         ve_dit_cosine_kl1e5/checkpoints/scalar_embedding_st                    
         ep_01200.safetensors                                                   
DEBUG    [rank 0] Removed optimizer state for older kept     dit_trainer.py:1341
         checkpoint:                                                            
         /hppfs/scratch/0D/go76fuz2/windinet/outputs/shockwa                    
         ve_dit_cosine_kl1e5/checkpoints/model_weights_step_                    
         01320.state.pt                                                         
[epoch 12] step=1440 train_loss=0.026761
[train] step=1441 loss=0.025348 lr=9.222e-06
[train] step=1442 loss=0.026352 lr=9.221e-06
[train] step=1443 loss=0.017337 lr=9.220e-06
[train] step=1444 loss=0.029226 lr=9.219e-06
[train] step=1445 loss=0.016408 lr=9.218e-06
[train] step=1446 loss=0.022818 lr=9.217e-06
[train] step=1447 loss=0.015405 lr=9.216e-06
[train] step=1448 loss=0.011540 lr=9.215e-06
[train] step=1449 loss=0.022869 lr=9.214e-06
[train] step=1450 loss=0.016005 lr=9.213e-06
[train] step=1451 loss=0.013565 lr=9.212e-06
[train] step=1452 loss=0.047958 lr=9.211e-06
[train] step=1453 loss=0.012071 lr=9.210e-06
[train] step=1454 loss=0.019640 lr=9.209e-06
[train] step=1455 loss=0.018866 lr=9.208e-06
[train] step=1456 loss=0.022456 lr=9.207e-06
[train] step=1457 loss=0.027485 lr=9.206e-06
[train] step=1458 loss=0.025102 lr=9.204e-06
[train] step=1459 loss=0.040781 lr=9.203e-06
[train] step=1460 loss=0.020268 lr=9.202e-06
[train] step=1461 loss=0.014521 lr=9.201e-06
[train] step=1462 loss=0.031951 lr=9.200e-06
[train] step=1463 loss=0.016004 lr=9.199e-06
[train] step=1464 loss=0.023404 lr=9.198e-06
[train] step=1465 loss=0.024687 lr=9.197e-06
[train] step=1466 loss=0.075927 lr=9.196e-06
[train] step=1467 loss=0.022251 lr=9.195e-06
[train] step=1468 loss=0.017646 lr=9.194e-06
[train] step=1469 loss=0.014020 lr=9.193e-06
[train] step=1470 loss=0.019121 lr=9.192e-06
[train] step=1471 loss=0.015503 lr=9.191e-06
[train] step=1472 loss=0.014860 lr=9.190e-06
[train] step=1473 loss=0.021776 lr=9.188e-06
[train] step=1474 loss=0.031210 lr=9.187e-06
[train] step=1475 loss=0.038216 lr=9.186e-06
[train] step=1476 loss=0.041727 lr=9.185e-06
[train] step=1477 loss=0.048402 lr=9.184e-06
[train] step=1478 loss=0.017866 lr=9.183e-06
[train] step=1479 loss=0.023051 lr=9.182e-06
[train] step=1480 loss=0.035043 lr=9.181e-06
[train] step=1481 loss=0.017616 lr=9.180e-06
[train] step=1482 loss=0.019772 lr=9.179e-06
[train] step=1483 loss=0.026114 lr=9.178e-06
[train] step=1484 loss=0.017950 lr=9.177e-06
[train] step=1485 loss=0.028663 lr=9.176e-06
[train] step=1486 loss=0.023435 lr=9.174e-06
[train] step=1487 loss=0.024886 lr=9.173e-06
[train] step=1488 loss=0.048583 lr=9.172e-06
[train] step=1489 loss=0.040673 lr=9.171e-06
[train] step=1490 loss=0.013960 lr=9.170e-06
[train] step=1491 loss=0.028535 lr=9.169e-06
[train] step=1492 loss=0.023491 lr=9.168e-06
[train] step=1493 loss=0.022842 lr=9.167e-06
[train] step=1494 loss=0.031154 lr=9.166e-06
[train] step=1495 loss=0.019317 lr=9.165e-06
[train] step=1496 loss=0.018754 lr=9.164e-06
[train] step=1497 loss=0.027478 lr=9.163e-06
[train] step=1498 loss=0.029076 lr=9.161e-06
[train] step=1499 loss=0.021223 lr=9.160e-06
[train] step=1500 loss=0.019759 lr=9.159e-06
[train] step=1501 loss=0.022406 lr=9.158e-06
[train] step=1502 loss=0.027655 lr=9.157e-06
[train] step=1503 loss=0.131989 lr=9.156e-06
[train] step=1504 loss=0.020967 lr=9.155e-06
[train] step=1505 loss=0.015866 lr=9.154e-06
[train] step=1506 loss=0.020809 lr=9.153e-06
[train] step=1507 loss=0.011816 lr=9.152e-06
[train] step=1508 loss=0.023186 lr=9.151e-06
[train] step=1509 loss=0.012805 lr=9.149e-06
[train] step=1510 loss=0.041611 lr=9.148e-06
[train] step=1511 loss=0.019289 lr=9.147e-06
[train] step=1512 loss=0.011523 lr=9.146e-06
[train] step=1513 loss=0.015286 lr=9.145e-06
[train] step=1514 loss=0.021653 lr=9.144e-06
[train] step=1515 loss=0.022576 lr=9.143e-06
[train] step=1516 loss=0.022334 lr=9.142e-06
[train] step=1517 loss=0.030282 lr=9.141e-06
[train] step=1518 loss=0.017794 lr=9.140e-06
[train] step=1519 loss=0.015882 lr=9.138e-06
[train] step=1520 loss=0.024672 lr=9.137e-06
[train] step=1521 loss=0.057082 lr=9.136e-06
[train] step=1522 loss=0.026400 lr=9.135e-06
[train] step=1523 loss=0.018129 lr=9.134e-06
[train] step=1524 loss=0.029795 lr=9.133e-06
[train] step=1525 loss=0.022940 lr=9.132e-06
[train] step=1526 loss=0.019802 lr=9.131e-06
[train] step=1527 loss=0.026242 lr=9.130e-06
[train] step=1528 loss=0.028433 lr=9.129e-06
[train] step=1529 loss=0.020585 lr=9.127e-06
[train] step=1530 loss=0.040645 lr=9.126e-06
[train] step=1531 loss=0.023353 lr=9.125e-06
[train] step=1532 loss=0.025646 lr=9.124e-06
[train] step=1533 loss=0.028413 lr=9.123e-06
[train] step=1534 loss=0.021524 lr=9.122e-06
[train] step=1535 loss=0.035807 lr=9.121e-06
[train] step=1536 loss=0.017253 lr=9.120e-06
[train] step=1537 loss=0.013223 lr=9.119e-06
[train] step=1538 loss=0.012264 lr=9.117e-06
[train] step=1539 loss=0.016285 lr=9.116e-06
[train] step=1540 loss=0.021758 lr=9.115e-06
[train] step=1541 loss=0.026204 lr=9.114e-06
[train] step=1542 loss=0.016703 lr=9.113e-06
[train] step=1543 loss=0.019574 lr=9.112e-06
[train] step=1544 loss=0.013249 lr=9.111e-06
[train] step=1545 loss=0.018762 lr=9.110e-06
[train] step=1546 loss=0.024230 lr=9.109e-06
[train] step=1547 loss=0.021177 lr=9.107e-06
[train] step=1548 loss=0.019840 lr=9.106e-06
[train] step=1549 loss=0.021436 lr=9.105e-06
[train] step=1550 loss=0.016070 lr=9.104e-06
[train] step=1551 loss=0.026047 lr=9.103e-06
[train] step=1552 loss=0.025749 lr=9.102e-06
[train] step=1553 loss=0.049855 lr=9.101e-06
[train] step=1554 loss=0.025037 lr=9.100e-06
[train] step=1555 loss=0.027294 lr=9.098e-06
[train] step=1556 loss=0.028394 lr=9.097e-06
[train] step=1557 loss=0.017738 lr=9.096e-06
[train] step=1558 loss=0.033120 lr=9.095e-06
[train] step=1559 loss=0.034023 lr=9.094e-06
[train] step=1560 loss=0.021452 lr=9.093e-06
INFO     [rank 0] Model weights for step 1560 saved in       dit_trainer.py:1216
         checkpoints/model_weights_step_01560.safetensors                       
INFO     [rank 0] Scalar embedding weights for step 1560     dit_trainer.py:1225
         saved                                                                  
INFO     [rank 0] Training state saved:                      dit_trainer.py:1313
         checkpoints/model_weights_step_01560.state.pt                          
DEBUG    [rank 0] Removed old checkpoint:                    dit_trainer.py:1326
         /hppfs/scratch/0D/go76fuz2/windinet/outputs/shockwa                    
         ve_dit_cosine_kl1e5/checkpoints/model_weights_step_                    
         01320.safetensors                                                      
DEBUG    [rank 0] Removed old checkpoint:                    dit_trainer.py:1326
         /hppfs/scratch/0D/go76fuz2/windinet/outputs/shockwa                    
         ve_dit_cosine_kl1e5/checkpoints/scalar_embedding_st                    
         ep_01320.safetensors                                                   
DEBUG    [rank 0] Removed optimizer state for older kept     dit_trainer.py:1341
         checkpoint:                                                            
         /hppfs/scratch/0D/go76fuz2/windinet/outputs/shockwa                    
         ve_dit_cosine_kl1e5/checkpoints/model_weights_step_                    
         01440.state.pt                                                         
[epoch 13] step=1560 train_loss=0.025252
[train] step=1561 loss=0.023802 lr=9.092e-06
[train] step=1562 loss=0.021841 lr=9.091e-06
[train] step=1563 loss=0.029774 lr=9.089e-06
[train] step=1564 loss=0.025545 lr=9.088e-06
[train] step=1565 loss=0.021504 lr=9.087e-06
[train] step=1566 loss=0.022801 lr=9.086e-06
[train] step=1567 loss=0.037685 lr=9.085e-06
[train] step=1568 loss=0.022568 lr=9.084e-06
[train] step=1569 loss=0.014739 lr=9.083e-06
[train] step=1570 loss=0.019305 lr=9.081e-06
[train] step=1571 loss=0.028335 lr=9.080e-06
[train] step=1572 loss=0.014479 lr=9.079e-06
[train] step=1573 loss=0.016524 lr=9.078e-06
[train] step=1574 loss=0.029141 lr=9.077e-06
[train] step=1575 loss=0.023871 lr=9.076e-06
[train] step=1576 loss=0.014595 lr=9.075e-06
[train] step=1577 loss=0.022715 lr=9.074e-06
[train] step=1578 loss=0.025163 lr=9.072e-06
[train] step=1579 loss=0.009242 lr=9.071e-06
[train] step=1580 loss=0.016957 lr=9.070e-06
[train] step=1581 loss=0.023747 lr=9.069e-06
[train] step=1582 loss=0.032190 lr=9.068e-06
[train] step=1583 loss=0.016944 lr=9.067e-06
[train] step=1584 loss=0.055578 lr=9.066e-06
[train] step=1585 loss=0.019507 lr=9.064e-06
[train] step=1586 loss=0.027684 lr=9.063e-06
[train] step=1587 loss=0.036185 lr=9.062e-06
[train] step=1588 loss=0.023139 lr=9.061e-06
[train] step=1589 loss=0.014478 lr=9.060e-06
[train] step=1590 loss=0.064909 lr=9.059e-06
[train] step=1591 loss=0.079005 lr=9.058e-06
[train] step=1592 loss=0.029630 lr=9.056e-06
[train] step=1593 loss=0.026821 lr=9.055e-06
[train] step=1594 loss=0.037721 lr=9.054e-06
[train] step=1595 loss=0.015248 lr=9.053e-06
[train] step=1596 loss=0.039370 lr=9.052e-06
[train] step=1597 loss=0.019923 lr=9.051e-06
[train] step=1598 loss=0.013424 lr=9.049e-06
[train] step=1599 loss=0.018400 lr=9.048e-06
[train] step=1600 loss=0.031320 lr=9.047e-06
[train] step=1601 loss=0.051013 lr=9.046e-06
[train] step=1602 loss=0.047616 lr=9.045e-06
[train] step=1603 loss=0.037659 lr=9.044e-06
[train] step=1604 loss=0.081798 lr=9.043e-06
[train] step=1605 loss=0.022985 lr=9.041e-06
[train] step=1606 loss=0.015522 lr=9.040e-06
[train] step=1607 loss=0.018909 lr=9.039e-06
[train] step=1608 loss=0.018840 lr=9.038e-06
[train] step=1609 loss=0.022240 lr=9.037e-06
[train] step=1610 loss=0.033667 lr=9.036e-06
[train] step=1611 loss=0.014853 lr=9.034e-06
[train] step=1612 loss=0.031268 lr=9.033e-06
[train] step=1613 loss=0.027922 lr=9.032e-06
[train] step=1614 loss=0.020936 lr=9.031e-06
[train] step=1615 loss=0.047090 lr=9.030e-06
[train] step=1616 loss=0.024482 lr=9.029e-06
[train] step=1617 loss=0.021973 lr=9.028e-06
[train] step=1618 loss=0.019021 lr=9.026e-06
[train] step=1619 loss=0.019852 lr=9.025e-06
[train] step=1620 loss=0.025955 lr=9.024e-06
[train] step=1621 loss=0.027913 lr=9.023e-06
[train] step=1622 loss=0.014433 lr=9.022e-06
[train] step=1623 loss=0.025118 lr=9.021e-06
[train] step=1624 loss=0.017633 lr=9.019e-06
[train] step=1625 loss=0.096872 lr=9.018e-06
[train] step=1626 loss=0.034327 lr=9.017e-06
[train] step=1627 loss=0.023103 lr=9.016e-06
[train] step=1628 loss=0.022823 lr=9.015e-06
[train] step=1629 loss=0.017706 lr=9.014e-06
[train] step=1630 loss=0.019863 lr=9.012e-06
[train] step=1631 loss=0.035932 lr=9.011e-06
[train] step=1632 loss=0.037839 lr=9.010e-06
[train] step=1633 loss=0.014748 lr=9.009e-06
[train] step=1634 loss=0.021380 lr=9.008e-06
[train] step=1635 loss=0.066089 lr=9.006e-06
[train] step=1636 loss=0.031813 lr=9.005e-06
[train] step=1637 loss=0.012493 lr=9.004e-06
[train] step=1638 loss=0.024411 lr=9.003e-06
[train] step=1639 loss=0.038075 lr=9.002e-06
[train] step=1640 loss=0.014058 lr=9.001e-06
[train] step=1641 loss=0.023564 lr=8.999e-06
[train] step=1642 loss=0.014228 lr=8.998e-06
[train] step=1643 loss=0.017402 lr=8.997e-06
[train] step=1644 loss=0.021965 lr=8.996e-06
[train] step=1645 loss=0.014675 lr=8.995e-06
[train] step=1646 loss=0.022742 lr=8.994e-06
[train] step=1647 loss=0.033674 lr=8.992e-06
[train] step=1648 loss=0.027801 lr=8.991e-06
[train] step=1649 loss=0.018728 lr=8.990e-06
[train] step=1650 loss=0.016475 lr=8.989e-06
[train] step=1651 loss=0.036673 lr=8.988e-06
[train] step=1652 loss=0.022069 lr=8.986e-06
[train] step=1653 loss=0.026153 lr=8.985e-06
[train] step=1654 loss=0.014527 lr=8.984e-06
[train] step=1655 loss=0.015868 lr=8.983e-06
[train] step=1656 loss=0.015235 lr=8.982e-06
[train] step=1657 loss=0.021414 lr=8.981e-06
[train] step=1658 loss=0.014239 lr=8.979e-06
[train] step=1659 loss=0.020884 lr=8.978e-06
[train] step=1660 loss=0.015977 lr=8.977e-06
[train] step=1661 loss=0.019858 lr=8.976e-06
[train] step=1662 loss=0.025450 lr=8.975e-06
[train] step=1663 loss=0.018670 lr=8.973e-06
[train] step=1664 loss=0.024379 lr=8.972e-06
[train] step=1665 loss=0.017695 lr=8.971e-06
[train] step=1666 loss=0.020816 lr=8.970e-06
[train] step=1667 loss=0.019664 lr=8.969e-06
[train] step=1668 loss=0.020865 lr=8.967e-06
[train] step=1669 loss=0.022984 lr=8.966e-06
[train] step=1670 loss=0.020876 lr=8.965e-06
[train] step=1671 loss=0.023473 lr=8.964e-06
[train] step=1672 loss=0.034626 lr=8.963e-06
[train] step=1673 loss=0.054692 lr=8.961e-06
[train] step=1674 loss=0.072493 lr=8.960e-06
[train] step=1675 loss=0.022782 lr=8.959e-06
[train] step=1676 loss=0.024027 lr=8.958e-06
[train] step=1677 loss=0.014289 lr=8.957e-06
[train] step=1678 loss=0.033424 lr=8.955e-06
[train] step=1679 loss=0.052955 lr=8.954e-06
[train] step=1680 loss=0.016141 lr=8.953e-06
INFO     [rank 0] Model weights for step 1680 saved in       dit_trainer.py:1216
         checkpoints/model_weights_step_01680.safetensors                       
INFO     [rank 0] Scalar embedding weights for step 1680     dit_trainer.py:1225
         saved                                                                  
INFO     [rank 0] Training state saved:                      dit_trainer.py:1313
         checkpoints/model_weights_step_01680.state.pt                          
DEBUG    [rank 0] Removed old checkpoint:                    dit_trainer.py:1326
         /hppfs/scratch/0D/go76fuz2/windinet/outputs/shockwa                    
         ve_dit_cosine_kl1e5/checkpoints/model_weights_step_                    
         01440.safetensors                                                      
DEBUG    [rank 0] Removed old checkpoint:                    dit_trainer.py:1326
         /hppfs/scratch/0D/go76fuz2/windinet/outputs/shockwa                    
         ve_dit_cosine_kl1e5/checkpoints/scalar_embedding_st                    
         ep_01440.safetensors                                                   
DEBUG    [rank 0] Removed optimizer state for older kept     dit_trainer.py:1341
         checkpoint:                                                            
         /hppfs/scratch/0D/go76fuz2/windinet/outputs/shockwa                    
         ve_dit_cosine_kl1e5/checkpoints/model_weights_step_                    
         01560.state.pt                                                         
[epoch 14] step=1680 train_loss=0.027048
[train] step=1681 loss=0.025740 lr=8.952e-06
[train] step=1682 loss=0.015506 lr=8.951e-06
[train] step=1683 loss=0.014861 lr=8.949e-06
[train] step=1684 loss=0.012918 lr=8.948e-06
[train] step=1685 loss=0.025326 lr=8.947e-06
[train] step=1686 loss=0.012697 lr=8.946e-06
[train] step=1687 loss=0.022311 lr=8.945e-06
[train] step=1688 loss=0.013764 lr=8.943e-06
[train] step=1689 loss=0.044084 lr=8.942e-06
[train] step=1690 loss=0.017797 lr=8.941e-06
[train] step=1691 loss=0.022977 lr=8.940e-06
[train] step=1692 loss=0.016811 lr=8.939e-06
[train] step=1693 loss=0.051453 lr=8.937e-06
[train] step=1694 loss=0.010967 lr=8.936e-06
[train] step=1695 loss=0.011951 lr=8.935e-06
[train] step=1696 loss=0.032872 lr=8.934e-06
[train] step=1697 loss=0.027976 lr=8.933e-06
[train] step=1698 loss=0.021206 lr=8.931e-06
[train] step=1699 loss=0.042933 lr=8.930e-06
[train] step=1700 loss=0.022829 lr=8.929e-06
[train] step=1701 loss=0.035580 lr=8.928e-06
[train] step=1702 loss=0.022752 lr=8.926e-06
[train] step=1703 loss=0.013838 lr=8.925e-06
[train] step=1704 loss=0.015470 lr=8.924e-06
[train] step=1705 loss=0.024445 lr=8.923e-06
[train] step=1706 loss=0.024071 lr=8.922e-06
[train] step=1707 loss=0.010926 lr=8.920e-06
[train] step=1708 loss=0.029841 lr=8.919e-06
[train] step=1709 loss=0.010636 lr=8.918e-06
[train] step=1710 loss=0.013943 lr=8.917e-06
[train] step=1711 loss=0.032356 lr=8.915e-06
[train] step=1712 loss=0.024308 lr=8.914e-06
[train] step=1713 loss=0.027979 lr=8.913e-06
[train] step=1714 loss=0.029332 lr=8.912e-06
[train] step=1715 loss=0.031758 lr=8.911e-06
[train] step=1716 loss=0.014155 lr=8.909e-06
[train] step=1717 loss=0.031103 lr=8.908e-06
[train] step=1718 loss=0.015941 lr=8.907e-06
[train] step=1719 loss=0.014458 lr=8.906e-06
[train] step=1720 loss=0.017065 lr=8.904e-06
[train] step=1721 loss=0.039890 lr=8.903e-06
[train] step=1722 loss=0.025540 lr=8.902e-06
[train] step=1723 loss=0.012594 lr=8.901e-06
[train] step=1724 loss=0.022966 lr=8.900e-06
[train] step=1725 loss=0.045247 lr=8.898e-06
[train] step=1726 loss=0.019196 lr=8.897e-06
[train] step=1727 loss=0.021359 lr=8.896e-06
[train] step=1728 loss=0.018344 lr=8.895e-06
[train] step=1729 loss=0.015170 lr=8.893e-06
[train] step=1730 loss=0.015559 lr=8.892e-06
[train] step=1731 loss=0.049055 lr=8.891e-06
[train] step=1732 loss=0.064233 lr=8.890e-06
[train] step=1733 loss=0.053507 lr=8.888e-06
[train] step=1734 loss=0.014481 lr=8.887e-06
[train] step=1735 loss=0.018193 lr=8.886e-06
[train] step=1736 loss=0.018793 lr=8.885e-06
[train] step=1737 loss=0.010572 lr=8.884e-06
[train] step=1738 loss=0.019203 lr=8.882e-06
[train] step=1739 loss=0.023972 lr=8.881e-06
[train] step=1740 loss=0.026561 lr=8.880e-06
[train] step=1741 loss=0.020218 lr=8.879e-06
[train] step=1742 loss=0.050845 lr=8.877e-06
[train] step=1743 loss=0.014908 lr=8.876e-06
[train] step=1744 loss=0.011808 lr=8.875e-06
[train] step=1745 loss=0.017594 lr=8.874e-06
[train] step=1746 loss=0.021116 lr=8.872e-06
[train] step=1747 loss=0.027845 lr=8.871e-06
[train] step=1748 loss=0.015729 lr=8.870e-06
[train] step=1749 loss=0.020800 lr=8.869e-06
[train] step=1750 loss=0.039882 lr=8.867e-06
[train] step=1751 loss=0.016749 lr=8.866e-06
[train] step=1752 loss=0.033473 lr=8.865e-06
[train] step=1753 loss=0.032605 lr=8.864e-06
[train] step=1754 loss=0.022022 lr=8.862e-06
[train] step=1755 loss=0.014628 lr=8.861e-06
[train] step=1756 loss=0.011666 lr=8.860e-06
[train] step=1757 loss=0.017769 lr=8.859e-06
[train] step=1758 loss=0.011710 lr=8.857e-06
[train] step=1759 loss=0.028769 lr=8.856e-06
[train] step=1760 loss=0.017266 lr=8.855e-06
[train] step=1761 loss=0.022600 lr=8.854e-06
[train] step=1762 loss=0.045496 lr=8.852e-06
[train] step=1763 loss=0.032013 lr=8.851e-06
[train] step=1764 loss=0.018797 lr=8.850e-06
[train] step=1765 loss=0.027020 lr=8.849e-06
[train] step=1766 loss=0.013019 lr=8.847e-06
[train] step=1767 loss=0.025112 lr=8.846e-06
[train] step=1768 loss=0.014051 lr=8.845e-06
[train] step=1769 loss=0.020847 lr=8.844e-06
[train] step=1770 loss=0.019500 lr=8.842e-06
[train] step=1771 loss=0.054053 lr=8.841e-06
[train] step=1772 loss=0.018039 lr=8.840e-06
[train] step=1773 loss=0.071291 lr=8.839e-06
[train] step=1774 loss=0.037428 lr=8.837e-06
[train] step=1775 loss=0.014454 lr=8.836e-06
[train] step=1776 loss=0.049242 lr=8.835e-06
[train] step=1777 loss=0.043715 lr=8.834e-06
[train] step=1778 loss=0.027195 lr=8.832e-06
[train] step=1779 loss=0.018477 lr=8.831e-06
[train] step=1780 loss=0.021340 lr=8.830e-06
[train] step=1781 loss=0.017173 lr=8.829e-06
[train] step=1782 loss=0.016295 lr=8.827e-06
[train] step=1783 loss=0.013586 lr=8.826e-06
[train] step=1784 loss=0.023276 lr=8.825e-06
[train] step=1785 loss=0.019915 lr=8.824e-06
[train] step=1786 loss=0.049813 lr=8.822e-06
[train] step=1787 loss=0.012565 lr=8.821e-06
[train] step=1788 loss=0.018567 lr=8.820e-06
[train] step=1789 loss=0.016115 lr=8.818e-06
[train] step=1790 loss=0.012883 lr=8.817e-06
[train] step=1791 loss=0.025557 lr=8.816e-06
[train] step=1792 loss=0.042365 lr=8.815e-06
[train] step=1793 loss=0.012582 lr=8.813e-06
[train] step=1794 loss=0.016681 lr=8.812e-06
[train] step=1795 loss=0.025276 lr=8.811e-06
[train] step=1796 loss=0.021436 lr=8.810e-06
[train] step=1797 loss=0.009583 lr=8.808e-06
[train] step=1798 loss=0.025593 lr=8.807e-06
[train] step=1799 loss=0.019013 lr=8.806e-06
[train] step=1800 loss=0.018385 lr=8.805e-06
[val] step=1800 val_loss=0.025176
INFO     [rank 0] Model weights for step 1800 saved in       dit_trainer.py:1216
         checkpoints/model_weights_step_01800.safetensors                       
INFO     [rank 0] Scalar embedding weights for step 1800     dit_trainer.py:1225
         saved                                                                  
INFO     [rank 0] Training state saved:                      dit_trainer.py:1313
         checkpoints/model_weights_step_01800.state.pt                          
INFO     [rank 0] New best checkpoint (step 1800,            dit_trainer.py:1248
         val_loss=0.025176):                                                    
         checkpoints/model_weights_best.safetensors                             
DEBUG    [rank 0] Removed old checkpoint:                    dit_trainer.py:1326
         /hppfs/scratch/0D/go76fuz2/windinet/outputs/shockwa                    
         ve_dit_cosine_kl1e5/checkpoints/model_weights_step_                    
         01560.safetensors                                                      
DEBUG    [rank 0] Removed old checkpoint:                    dit_trainer.py:1326
         /hppfs/scratch/0D/go76fuz2/windinet/outputs/shockwa                    
         ve_dit_cosine_kl1e5/checkpoints/scalar_embedding_st                    
         ep_01560.safetensors                                                   
DEBUG    [rank 0] Removed optimizer state for older kept     dit_trainer.py:1341
         checkpoint:                                                            
         /hppfs/scratch/0D/go76fuz2/windinet/outputs/shockwa                    
         ve_dit_cosine_kl1e5/checkpoints/model_weights_step_                    
         01680.state.pt                                                         
[epoch 15] step=1800 train_loss=0.024141 val_loss=0.025176
[train] step=1801 loss=0.011572 lr=8.803e-06
[train] step=1802 loss=0.017379 lr=8.802e-06
[train] step=1803 loss=0.015503 lr=8.801e-06
[train] step=1804 loss=0.033566 lr=8.799e-06
[train] step=1805 loss=0.020166 lr=8.798e-06
[train] step=1806 loss=0.095380 lr=8.797e-06
[train] step=1807 loss=0.015782 lr=8.796e-06
[train] step=1808 loss=0.023148 lr=8.794e-06
[train] step=1809 loss=0.047894 lr=8.793e-06
[train] step=1810 loss=0.035216 lr=8.792e-06
[train] step=1811 loss=0.034848 lr=8.790e-06
[train] step=1812 loss=0.017974 lr=8.789e-06
[train] step=1813 loss=0.029794 lr=8.788e-06
[train] step=1814 loss=0.014794 lr=8.787e-06
[train] step=1815 loss=0.017671 lr=8.785e-06
[train] step=1816 loss=0.013707 lr=8.784e-06
[train] step=1817 loss=0.027601 lr=8.783e-06
[train] step=1818 loss=0.025948 lr=8.781e-06
[train] step=1819 loss=0.019657 lr=8.780e-06
[train] step=1820 loss=0.055096 lr=8.779e-06
[train] step=1821 loss=0.017208 lr=8.778e-06
[train] step=1822 loss=0.018605 lr=8.776e-06
[train] step=1823 loss=0.012170 lr=8.775e-06
[train] step=1824 loss=0.014898 lr=8.774e-06
[train] step=1825 loss=0.015178 lr=8.772e-06
[train] step=1826 loss=0.018451 lr=8.771e-06
[train] step=1827 loss=0.023461 lr=8.770e-06
[train] step=1828 loss=0.015949 lr=8.769e-06
[train] step=1829 loss=0.030833 lr=8.767e-06
[train] step=1830 loss=0.017120 lr=8.766e-06
[train] step=1831 loss=0.015422 lr=8.765e-06
[train] step=1832 loss=0.024933 lr=8.763e-06
[train] step=1833 loss=0.041994 lr=8.762e-06
[train] step=1834 loss=0.040072 lr=8.761e-06
[train] step=1835 loss=0.016519 lr=8.760e-06
[train] step=1836 loss=0.032645 lr=8.758e-06
[train] step=1837 loss=0.019561 lr=8.757e-06
[train] step=1838 loss=0.010207 lr=8.756e-06
[train] step=1839 loss=0.023186 lr=8.754e-06
[train] step=1840 loss=0.015217 lr=8.753e-06
[train] step=1841 loss=0.172680 lr=8.752e-06
[train] step=1842 loss=0.017225 lr=8.751e-06
[train] step=1843 loss=0.029874 lr=8.749e-06
[train] step=1844 loss=0.020228 lr=8.748e-06
[train] step=1845 loss=0.026300 lr=8.747e-06
[train] step=1846 loss=0.017086 lr=8.745e-06
[train] step=1847 loss=0.022370 lr=8.744e-06
[train] step=1848 loss=0.013991 lr=8.743e-06
[train] step=1849 loss=0.034073 lr=8.741e-06
[train] step=1850 loss=0.032923 lr=8.740e-06
[train] step=1851 loss=0.016729 lr=8.739e-06
[train] step=1852 loss=0.028220 lr=8.738e-06
[train] step=1853 loss=0.029516 lr=8.736e-06
[train] step=1854 loss=0.011037 lr=8.735e-06
[train] step=1855 loss=0.025475 lr=8.734e-06
[train] step=1856 loss=0.026119 lr=8.732e-06
[train] step=1857 loss=0.018625 lr=8.731e-06
[train] step=1858 loss=0.025155 lr=8.730e-06
[train] step=1859 loss=0.015833 lr=8.728e-06
[train] step=1860 loss=0.048278 lr=8.727e-06
[train] step=1861 loss=0.018458 lr=8.726e-06
[train] step=1862 loss=0.025510 lr=8.724e-06
[train] step=1863 loss=0.019098 lr=8.723e-06
[train] step=1864 loss=0.031062 lr=8.722e-06
[train] step=1865 loss=0.030542 lr=8.721e-06
[train] step=1866 loss=0.021891 lr=8.719e-06
[train] step=1867 loss=0.025539 lr=8.718e-06
[train] step=1868 loss=0.085239 lr=8.717e-06
[train] step=1869 loss=0.014891 lr=8.715e-06
[train] step=1870 loss=0.021590 lr=8.714e-06
[train] step=1871 loss=0.023812 lr=8.713e-06
[train] step=1872 loss=0.014159 lr=8.711e-06
[train] step=1873 loss=0.016250 lr=8.710e-06
[train] step=1874 loss=0.017224 lr=8.709e-06
[train] step=1875 loss=0.018334 lr=8.707e-06
[train] step=1876 loss=0.029429 lr=8.706e-06
[train] step=1877 loss=0.015292 lr=8.705e-06
[train] step=1878 loss=0.013124 lr=8.703e-06
[train] step=1879 loss=0.020690 lr=8.702e-06
[train] step=1880 loss=0.017713 lr=8.701e-06
[train] step=1881 loss=0.042218 lr=8.699e-06
[train] step=1882 loss=0.021409 lr=8.698e-06
[train] step=1883 loss=0.012160 lr=8.697e-06
[train] step=1884 loss=0.025530 lr=8.695e-06
[train] step=1885 loss=0.017253 lr=8.694e-06
[train] step=1886 loss=0.014572 lr=8.693e-06
[train] step=1887 loss=0.027180 lr=8.692e-06
[train] step=1888 loss=0.031756 lr=8.690e-06
[train] step=1889 loss=0.020083 lr=8.689e-06
[train] step=1890 loss=0.021556 lr=8.688e-06
[train] step=1891 loss=0.024803 lr=8.686e-06
[train] step=1892 loss=0.019393 lr=8.685e-06
[train] step=1893 loss=0.022092 lr=8.684e-06
[train] step=1894 loss=0.026430 lr=8.682e-06
[train] step=1895 loss=0.012362 lr=8.681e-06
[train] step=1896 loss=0.016781 lr=8.680e-06
[train] step=1897 loss=0.019716 lr=8.678e-06
[train] step=1898 loss=0.015509 lr=8.677e-06
[train] step=1899 loss=0.013376 lr=8.676e-06
[train] step=1900 loss=0.014663 lr=8.674e-06
[train] step=1901 loss=0.023835 lr=8.673e-06
[train] step=1902 loss=0.024360 lr=8.672e-06
[train] step=1903 loss=0.033278 lr=8.670e-06
[train] step=1904 loss=0.046253 lr=8.669e-06
[train] step=1905 loss=0.033181 lr=8.668e-06
[train] step=1906 loss=0.022004 lr=8.666e-06
[train] step=1907 loss=0.015238 lr=8.665e-06
[train] step=1908 loss=0.045583 lr=8.664e-06
[train] step=1909 loss=0.020706 lr=8.662e-06
[train] step=1910 loss=0.036691 lr=8.661e-06
[train] step=1911 loss=0.028350 lr=8.660e-06
[train] step=1912 loss=0.033139 lr=8.658e-06
[train] step=1913 loss=0.015160 lr=8.657e-06
[train] step=1914 loss=0.023164 lr=8.656e-06
[train] step=1915 loss=0.013858 lr=8.654e-06
[train] step=1916 loss=0.021580 lr=8.653e-06
[train] step=1917 loss=0.055131 lr=8.652e-06
[train] step=1918 loss=0.023962 lr=8.650e-06
[train] step=1919 loss=0.145150 lr=8.649e-06
[train] step=1920 loss=0.023207 lr=8.648e-06
INFO     [rank 0] Model weights for step 1920 saved in       dit_trainer.py:1216
         checkpoints/model_weights_step_01920.safetensors                       
INFO     [rank 0] Scalar embedding weights for step 1920     dit_trainer.py:1225
         saved                                                                  
INFO     [rank 0] Training state saved:                      dit_trainer.py:1313
         checkpoints/model_weights_step_01920.state.pt                          
DEBUG    [rank 0] Removed old checkpoint:                    dit_trainer.py:1326
         /hppfs/scratch/0D/go76fuz2/windinet/outputs/shockwa                    
         ve_dit_cosine_kl1e5/checkpoints/model_weights_step_                    
         01680.safetensors                                                      
DEBUG    [rank 0] Removed old checkpoint:                    dit_trainer.py:1326
         /hppfs/scratch/0D/go76fuz2/windinet/outputs/shockwa                    
         ve_dit_cosine_kl1e5/checkpoints/scalar_embedding_st                    
         ep_01680.safetensors                                                   
DEBUG    [rank 0] Removed optimizer state for older kept     dit_trainer.py:1341
         checkpoint:                                                            
         /hppfs/scratch/0D/go76fuz2/windinet/outputs/shockwa                    
         ve_dit_cosine_kl1e5/checkpoints/model_weights_step_                    
         01800.state.pt                                                         
[epoch 16] step=1920 train_loss=0.026715
[train] step=1921 loss=0.028536 lr=8.646e-06
[train] step=1922 loss=0.011636 lr=8.645e-06
[train] step=1923 loss=0.082063 lr=8.644e-06
[train] step=1924 loss=0.011999 lr=8.642e-06
[train] step=1925 loss=0.019357 lr=8.641e-06
[train] step=1926 loss=0.018216 lr=8.639e-06
[train] step=1927 loss=0.026197 lr=8.638e-06
[train] step=1928 loss=0.024176 lr=8.637e-06
[train] step=1929 loss=0.016051 lr=8.635e-06
[train] step=1930 loss=0.014194 lr=8.634e-06
[train] step=1931 loss=0.016155 lr=8.633e-06
[train] step=1932 loss=0.017390 lr=8.631e-06
[train] step=1933 loss=0.018764 lr=8.630e-06
[train] step=1934 loss=0.023875 lr=8.629e-06
[train] step=1935 loss=0.012247 lr=8.627e-06
[train] step=1936 loss=0.026638 lr=8.626e-06
[train] step=1937 loss=0.030553 lr=8.625e-06
[train] step=1938 loss=0.027415 lr=8.623e-06
[train] step=1939 loss=0.046389 lr=8.622e-06
[train] step=1940 loss=0.017160 lr=8.621e-06
[train] step=1941 loss=0.026828 lr=8.619e-06
[train] step=1942 loss=0.009127 lr=8.618e-06
[train] step=1943 loss=0.020404 lr=8.617e-06
[train] step=1944 loss=0.015291 lr=8.615e-06
[train] step=1945 loss=0.020809 lr=8.614e-06
[train] step=1946 loss=0.102897 lr=8.612e-06
[train] step=1947 loss=0.016324 lr=8.611e-06
[train] step=1948 loss=0.042805 lr=8.610e-06
[train] step=1949 loss=0.011291 lr=8.608e-06
[train] step=1950 loss=0.029088 lr=8.607e-06
[train] step=1951 loss=0.028057 lr=8.606e-06
[train] step=1952 loss=0.021339 lr=8.604e-06
[train] step=1953 loss=0.032666 lr=8.603e-06
[train] step=1954 loss=0.059523 lr=8.602e-06
[train] step=1955 loss=0.013847 lr=8.600e-06
[train] step=1956 loss=0.017899 lr=8.599e-06
[train] step=1957 loss=0.015828 lr=8.597e-06
[train] step=1958 loss=0.018446 lr=8.596e-06
[train] step=1959 loss=0.026632 lr=8.595e-06
[train] step=1960 loss=0.015330 lr=8.593e-06
[train] step=1961 loss=0.027037 lr=8.592e-06
[train] step=1962 loss=0.025653 lr=8.591e-06
[train] step=1963 loss=0.018921 lr=8.589e-06
[train] step=1964 loss=0.016247 lr=8.588e-06
[train] step=1965 loss=0.059688 lr=8.587e-06
[train] step=1966 loss=0.019198 lr=8.585e-06
[train] step=1967 loss=0.021501 lr=8.584e-06
[train] step=1968 loss=0.023930 lr=8.582e-06
[train] step=1969 loss=0.018060 lr=8.581e-06
[train] step=1970 loss=0.022433 lr=8.580e-06
[train] step=1971 loss=0.021990 lr=8.578e-06
[train] step=1972 loss=0.020076 lr=8.577e-06
[train] step=1973 loss=0.016732 lr=8.576e-06
[train] step=1974 loss=0.028159 lr=8.574e-06
[train] step=1975 loss=0.021006 lr=8.573e-06
[train] step=1976 loss=0.018878 lr=8.572e-06
[train] step=1977 loss=0.024305 lr=8.570e-06
[train] step=1978 loss=0.028754 lr=8.569e-06
[train] step=1979 loss=0.022931 lr=8.567e-06
[train] step=1980 loss=0.024570 lr=8.566e-06
[train] step=1981 loss=0.024489 lr=8.565e-06
[train] step=1982 loss=0.022676 lr=8.563e-06
[train] step=1983 loss=0.016045 lr=8.562e-06
[train] step=1984 loss=0.019082 lr=8.560e-06
[train] step=1985 loss=0.040252 lr=8.559e-06
[train] step=1986 loss=0.016955 lr=8.558e-06
[train] step=1987 loss=0.024167 lr=8.556e-06
[train] step=1988 loss=0.012056 lr=8.555e-06
[train] step=1989 loss=0.020079 lr=8.554e-06
[train] step=1990 loss=0.014636 lr=8.552e-06
[train] step=1991 loss=0.013166 lr=8.551e-06
[train] step=1992 loss=0.026771 lr=8.549e-06
[train] step=1993 loss=0.029893 lr=8.548e-06
[train] step=1994 loss=0.046434 lr=8.547e-06
[train] step=1995 loss=0.019743 lr=8.545e-06
[train] step=1996 loss=0.017271 lr=8.544e-06
[train] step=1997 loss=0.030022 lr=8.543e-06
[train] step=1998 loss=0.009943 lr=8.541e-06
[train] step=1999 loss=0.059641 lr=8.540e-06
[train] step=2000 loss=0.012658 lr=8.538e-06
INFO     [rank 0] DiT visualization fixed on 3 samples  dit_visualization.py:244
         from                                                                   
         /hppfs/scratch/0D/go76fuz2/windinet/euler_mq_d                         
         ataset/256x256_ds/train.h5:                                            
         ['0000_gamma1.1299999952',                                             
         '2159_gamma1.3650000095',                                              
         '4498_gamma1.7599999905']                                              
INFO     [rank 0] Loading DiT-visualization VAE from    dit_visualization.py:249
         /hppfs/scratch/0D/go76fuz2/windinet/finetune_v                         
         ae_outputs_sng_pvc/finetune_vae_whole_structur                         
         e_baseline_ep20_256res_cosine_kl1e5/checkpoint                         
         s/vae_shockwave_best.safetensors                                       
[windinet] loaded inflated VAE checkpoint: /hppfs/scratch/0D/go76fuz2/windinet/finetune_vae_outputs_sng_pvc/finetune_vae_whole_structure_baseline_ep20_256res_cosine_kl1e5/checkpoints/vae_shockwave_best.safetensors (epoch=20, step=2380)
╭──────────────────────────────────────────────────────────────────────────────╮
│ Training Step 19…    Loss: 0.0132 LR: 8.54e-06 Time/Step: 3.29s 5:… ETA: 14… │
