START TIME: Tue 08 Sep 2026 06:46:45 AM CEST
job=534979 node=i20r01c04s04
+-----------+--------------------------------------------------------------------------------------+
| Device ID | Device Information                                                                   |
+-----------+--------------------------------------------------------------------------------------+
| 0         | Device Name: Intel(R) Data Center GPU Max 1550                                       |
|           | Vendor Name: Intel(R) Corporation                                                    |
|           | SOC UUID: 00000000-0000-003a-0000-002f0bd58086                                       |
|           | PCI BDF Address: 0000:3a:00.0                                                        |
|           | DRM Device: /dev/dri/card0                                                           |
|           | Function Type: physical                                                              |
+-----------+--------------------------------------------------------------------------------------+
| 1         | Device Name: Intel(R) Data Center GPU Max 1550                                       |
|           | Vendor Name: Intel(R) Corporation                                                    |
|           | SOC UUID: 00000000-0000-004b-0000-002f0bd58086                                       |
|           | PCI BDF Address: 0000:4b:00.0                                                        |
|           | DRM Device: /dev/dri/card1                                                           |
|           | Function Type: physical                                                              |
+-----------+--------------------------------------------------------------------------------------+
| 2         | Device Name: Intel(R) Data Center GPU Max 1550                                       |
|           | Vendor Name: Intel(R) Corporation                                                    |
|           | SOC UUID: 00000000-0000-00ca-0000-002f0bd58086                                       |
|           | PCI BDF Address: 0000:ca:00.0                                                        |
|           | DRM Device: /dev/dri/card2                                                           |
|           | Function Type: physical                                                              |
+-----------+--------------------------------------------------------------------------------------+
| 3         | Device Name: Intel(R) Data Center GPU Max 1550                                       |
|           | Vendor Name: Intel(R) Corporation                                                    |
|           | SOC UUID: 00000000-0000-00da-0000-002f0bd58086                                       |
|           | PCI BDF Address: 0000:da:00.0                                                        |
|           | DRM Device: /dev/dri/card3                                                           |
|           | Function Type: physical                                                              |
+-----------+--------------------------------------------------------------------------------------+
PREPROCESSED_NAME: finetune_vae_whole_structure_baseline_ep20_256res_cosine_kl1e5
BASE_CONFIG: configs/dit/train_dit_sng_pvc_cosine_kl1e5_resume.yaml
STEPS override: <none, using BASE_CONFIG default>
MASTER_ADDR: i20r01c04s04  MASTER_PORT: 33445
preprocessed_data_root=/hppfs/scratch/0D/go76fuz2/windinet/dit_preprocessed/finetune_vae_whole_structure_baseline_ep20_256res_cosine_kl1e5 output_dir=$SCRATCH/windinet/outputs/shockwave_dit_cosine_kl1e5 steps=8000
INFO     [rank 6] Failed to extract font properties from    font_manager.py:1107
         /usr/share/fonts/truetype/Cantarell-VF.otf: Can                        
         not load face (SFNT font table missing; error code                     
         0x8e)                                                                  
INFO     [rank 7] Failed to extract font properties from    font_manager.py:1107
         /usr/share/fonts/truetype/Cantarell-VF.otf: Can                        
         not load face (SFNT font table missing; error code                     
         0x8e)                                                                  
INFO     [rank 3] Failed to extract font properties from    font_manager.py:1107
         /usr/share/fonts/truetype/Cantarell-VF.otf: Can                        
         not load face (SFNT font table missing; error code                     
         0x8e)                                                                  
INFO     [rank 4] Failed to extract font properties from    font_manager.py:1107
         /usr/share/fonts/truetype/Cantarell-VF.otf: Can                        
         not load face (SFNT font table missing; error code                     
         0x8e)                                                                  
INFO     [rank 0] Failed to extract font properties from    font_manager.py:1107
         /usr/share/fonts/truetype/Cantarell-VF.otf: Can                        
         not load face (SFNT font table missing; error code                     
         0x8e)                                                                  
INFO     [rank 1] Failed to extract font properties from    font_manager.py:1107
         /usr/share/fonts/truetype/Cantarell-VF.otf: Can                        
         not load face (SFNT font table missing; error code                     
         0x8e)                                                                  
INFO     [rank 4] generated new fontManager                 font_manager.py:1639
INFO     [rank 5] Failed to extract font properties from    font_manager.py:1107
         /usr/share/fonts/truetype/Cantarell-VF.otf: Can                        
         not load face (SFNT font table missing; error code                     
         0x8e)                                                                  
INFO     [rank 2] Failed to extract font properties from    font_manager.py:1107
         /usr/share/fonts/truetype/Cantarell-VF.otf: Can                        
         not load face (SFNT font table missing; error code                     
         0x8e)                                                                  
INFO     [rank 1] generated new fontManager                 font_manager.py:1639
INFO     [rank 3] generated new fontManager                 font_manager.py:1639
INFO     [rank 2] generated new fontManager                 font_manager.py:1639
INFO     [rank 6] generated new fontManager                 font_manager.py:1639
INFO     [rank 0] generated new fontManager                 font_manager.py:1639
INFO     [rank 7] generated new fontManager                 font_manager.py:1639
INFO     [rank 5] generated new fontManager                 font_manager.py:1639
                             Training Configuration                             
┏━━━━━━━━━━━━━━━━━━━━━━━━━━━━━━━━━━━━━━┳━━━━━━━━━━━━━━━━━━━━━━━━━━━━━━━━━━━━━━━┓
┃ Parameter                            ┃ Value                                 ┃
┡━━━━━━━━━━━━━━━━━━━━━━━━━━━━━━━━━━━━━━╇━━━━━━━━━━━━━━━━━━━━━━━━━━━━━━━━━━━━━━━┩
│ model.model_source                   │ LTXV_2B_0.9.6_DEV                     │
│ model.load_checkpoint                │ /hppfs/scratch/0D/go76fuz2/windinet/… │
│ conditioning.first_frame_conditioni… │ 1.0                                   │
│ lora.enabled                         │ False                                 │
│ lora.rank                            │ 16                                    │
│ lora.alpha                           │ 16                                    │
│ lora.dropout                         │ 0.0                                   │
│ lora.target_modules                  │ to_q, to_k, to_v, to_out.0            │
│ scalar_conditioning.enabled          │ True                                  │
│ scalar_conditioning.scalar_names     │ gamma                                 │
│ scalar_conditioning.scalar_ranges    │ {'gamma': (1.0, 2.0)}                 │
│ scalar_conditioning.embedding_dim    │ 4096                                  │
│ scalar_conditioning.num_tokens_per_… │ 4                                     │
│ scalar_conditioning.fourier_features │ 64                                    │
│ scalar_conditioning.mlp_hidden_dim   │ 256                                   │
│ scalar_conditioning.dropout          │ 0.1                                   │
│ optimization.learning_rate           │ 1e-05                                 │
│ optimization.steps                   │ 8000                                  │
│ optimization.batch_size              │ 1                                     │
│ optimization.gradient_accumulation_… │ 4                                     │
│ optimization.max_grad_norm           │ 1.0                                   │
│ optimization.optimizer_type          │ adamw                                 │
│ optimization.scheduler_type          │ cosine                                │
│ optimization.scheduler_params        │ {'eta_min': 1e-08}                    │
│ optimization.enable_gradient_checkp… │ True                                  │
│ acceleration.mixed_precision_mode    │ bf16                                  │
│ acceleration.compile_with_inductor   │ False                                 │
│ acceleration.compilation_mode        │ reduce-overhead                       │
│ data.preprocessed_data_root          │ /hppfs/scratch/0D/go76fuz2/windinet/… │
│ data.num_dataloader_workers          │ 4                                     │
│ validation.data_root                 │ /hppfs/scratch/0D/go76fuz2/windinet/… │
│ validation.interval                  │ 600                                   │
│ validation.max_samples               │ 0                                     │
│ checkpoints.interval                 │ 120                                   │
│ checkpoints.keep_last_n              │ 2                                     │
│ checkpoints.save_best_only           │ False                                 │
│ checkpoints.best_metric              │ val_total_loss                        │
│ checkpoints.save_last_state          │ True                                  │
│ checkpoints.save_epochs              │                                       │
│ flow_matching.timestep_sampling_mode │ shifted_logit_normal                  │
│ flow_matching.timestep_sampling_par… │ {}                                    │
│ visualization.enabled                │ False                                 │
│ visualization.interval               │ 2000                                  │
│ visualization.num_samples            │ 3                                     │
│ visualization.frame_numbers          │ 25, 50, 75, 100                       │
│ visualization.num_inference_steps    │ 20                                    │
│ visualization.dpi                    │ 150                                   │
│ wandb.enabled                        │ False                                 │
│ wandb.project                        │ shockwavenet                          │
│ wandb.entity                         │ None                                  │
│ wandb.tags                           │ cfd, full, 2b, scalar-only, sng_pvc,  │
│                                      │ 256res, cosine-vae, kl1e5             │
│ seed                                 │ 42                                    │
│ output_dir                           │ /hppfs/scratch/0D/go76fuz2/windinet/… │
│ resume_weights_only                  │ False                                 │
└──────────────────────────────────────┴───────────────────────────────────────┘
INFO     [rank 0] Distributed training enabled with 8        dit_trainer.py:1421
         processes                                                              
INFO     [rank 0] Global batch size: 32                      dit_trainer.py:1427
INFO     [rank 0] Initializing scalar embeddings for:         dit_trainer.py:859
         ['gamma']                                                              
DEBUG    [rank 0] Scalar embedding params: 4,310,528          dit_trainer.py:886
DEBUG    [rank 0] Total trainable params count: 1,927,696,000 dit_trainer.py:890
INFO     [rank 0] Loading checkpoint from                     dit_trainer.py:907
         /hppfs/scratch/0D/go76fuz2/windinet/outputs/shockwav                   
         e_dit_cosine_kl1e5/checkpoints/model_weights_step_01                   
         920.safetensors                                                        
INFO     [rank 0] Loading scalar embedding from               dit_trainer.py:914
         /hppfs/scratch/0D/go76fuz2/windinet/outputs/shockwav                   
         e_dit_cosine_kl1e5/checkpoints/scalar_embedding_step                   
         _01920.safetensors                                                     
INFO     [rank 0] Loaded training state from                  dit_trainer.py:954
         /hppfs/scratch/0D/go76fuz2/windinet/outputs/shockwav                   
         e_dit_cosine_kl1e5/checkpoints/model_weights_step_01                   
         920.state.pt: resuming at global_step 1920                             
2026:09:08-07:30:44:188075 |CCL_WARN| value of CCL_ATL_TRANSPORT changed to be ofi (default:mpi)
2026:09:08-07:30:44:188075 |CCL_WARN| value of CCL_ALLREDUCE changed to be ring (default:)
2026:09:08-07:30:44:188080 |CCL_WARN| could not get local_idx/count from environment variables, trying to get them from ATL
2026:09:08-07:30:44:188076 |CCL_WARN| could not get local_idx/count from environment variables, trying to get them from ATL
2026:09:08-07:30:44:188081 |CCL_WARN| could not get local_idx/count from environment variables, trying to get them from ATL
2026:09:08-07:30:44:188078 |CCL_WARN| could not get local_idx/count from environment variables, trying to get them from ATL2026:09:08-07:30:44:188079 |CCL_WARN| could not get local_idx/count from environment variables, trying to get them from ATL
2026:09:08-07:30:44:188077 |CCL_WARN| could not get local_idx/count from environment variables, trying to get them from ATL

2026:09:08-07:30:44:188082 |CCL_WARN| could not get local_idx/count from environment variables, trying to get them from ATL2026:09:08-07:30:44:188075 |CCL_WARN| could not get local_idx/count from environment variables, trying to get them from ATL

DEBUG    [rank 0] Process 0 using seed: 42                    dit_trainer.py:389
DEBUG    [rank 0] Loaded dataset with 3,825 samples from     dit_trainer.py:1095
         sources: ['latents', 'scalars']                                        
INFO     [rank 0] Validation split: 675 samples from         dit_trainer.py:1178
         /hppfs/scratch/0D/go76fuz2/windinet/dit_preprocesse                    
         d/finetune_vae_whole_structure_baseline_ep20_256res                    
         _cosine_kl1e5/val                                                      
INFO     [rank 0] Training configuration saved to:           dit_trainer.py:1413
         training_config.yaml                                                   
INFO     [rank 0] Training on latents from VAE               dit_trainer.py:1139
         /hppfs/scratch/0D/go76fuz2/windinet/finetune_vae_ou                    
         tputs_sng_pvc/finetune_vae_whole_structure_baseline                    
         _ep20_256res_cosine_kl1e5/checkpoints/vae_shockwave                    
         _best.safetensors (fingerprint 124522492c8f4a5e);                      
         recorded in latent_provenance.json                                     
INFO     [rank 0] Starting training...                        dit_trainer.py:410
INFO     [rank 0] Resuming training at global_step 1920       dit_trainer.py:439
[train] step=1921 loss=0.019908 lr=8.646e-06
[train] step=1922 loss=0.034079 lr=8.645e-06
[train] step=1923 loss=0.019620 lr=8.644e-06
[train] step=1924 loss=0.020398 lr=8.642e-06
[train] step=1925 loss=0.018244 lr=8.641e-06
[train] step=1926 loss=0.020862 lr=8.639e-06
[train] step=1927 loss=0.013591 lr=8.638e-06
[train] step=1928 loss=0.020018 lr=8.637e-06
[train] step=1929 loss=0.014345 lr=8.635e-06
[train] step=1930 loss=0.040860 lr=8.634e-06
[train] step=1931 loss=0.018361 lr=8.633e-06
[train] step=1932 loss=0.029229 lr=8.631e-06
[train] step=1933 loss=0.071747 lr=8.630e-06
[train] step=1934 loss=0.027124 lr=8.629e-06
[train] step=1935 loss=0.015084 lr=8.627e-06
[train] step=1936 loss=0.015543 lr=8.626e-06
[train] step=1937 loss=0.031831 lr=8.625e-06
[train] step=1938 loss=0.027054 lr=8.623e-06
[train] step=1939 loss=0.018166 lr=8.622e-06
[train] step=1940 loss=0.021387 lr=8.621e-06
[train] step=1941 loss=0.015206 lr=8.619e-06
[train] step=1942 loss=0.022083 lr=8.618e-06
[train] step=1943 loss=0.021757 lr=8.617e-06
[train] step=1944 loss=0.014937 lr=8.615e-06
[train] step=1945 loss=0.013464 lr=8.614e-06
[train] step=1946 loss=0.012864 lr=8.612e-06
[train] step=1947 loss=0.014092 lr=8.611e-06
[train] step=1948 loss=0.030680 lr=8.610e-06
[train] step=1949 loss=0.012860 lr=8.608e-06
[train] step=1950 loss=0.028396 lr=8.607e-06
[train] step=1951 loss=0.053250 lr=8.606e-06
[train] step=1952 loss=0.023112 lr=8.604e-06
[train] step=1953 loss=0.010200 lr=8.603e-06
[train] step=1954 loss=0.015274 lr=8.602e-06
[train] step=1955 loss=0.010590 lr=8.600e-06
[train] step=1956 loss=0.024170 lr=8.599e-06
[train] step=1957 loss=0.015032 lr=8.597e-06
[train] step=1958 loss=0.016049 lr=8.596e-06
[train] step=1959 loss=0.033531 lr=8.595e-06
[train] step=1960 loss=0.021149 lr=8.593e-06
[train] step=1961 loss=0.017928 lr=8.592e-06
[train] step=1962 loss=0.023939 lr=8.591e-06
[train] step=1963 loss=0.066291 lr=8.589e-06
[train] step=1964 loss=0.020342 lr=8.588e-06
[train] step=1965 loss=0.025062 lr=8.587e-06
[train] step=1966 loss=0.036296 lr=8.585e-06
[train] step=1967 loss=0.025250 lr=8.584e-06
[train] step=1968 loss=0.016461 lr=8.582e-06
[train] step=1969 loss=0.014046 lr=8.581e-06
[train] step=1970 loss=0.036739 lr=8.580e-06
[train] step=1971 loss=0.017966 lr=8.578e-06
[train] step=1972 loss=0.036901 lr=8.577e-06
[train] step=1973 loss=0.021953 lr=8.576e-06
[train] step=1974 loss=0.013303 lr=8.574e-06
[train] step=1975 loss=0.016116 lr=8.573e-06
[train] step=1976 loss=0.015163 lr=8.572e-06
[train] step=1977 loss=0.014940 lr=8.570e-06
[train] step=1978 loss=0.022390 lr=8.569e-06
[train] step=1979 loss=0.015162 lr=8.567e-06
[train] step=1980 loss=0.024144 lr=8.566e-06
[train] step=1981 loss=0.021814 lr=8.565e-06
[train] step=1982 loss=0.025179 lr=8.563e-06
[train] step=1983 loss=0.017702 lr=8.562e-06
[train] step=1984 loss=0.019634 lr=8.560e-06
[train] step=1985 loss=0.026870 lr=8.559e-06
[train] step=1986 loss=0.014446 lr=8.558e-06
[train] step=1987 loss=0.023263 lr=8.556e-06
[train] step=1988 loss=0.030013 lr=8.555e-06
[train] step=1989 loss=0.010585 lr=8.554e-06
[train] step=1990 loss=0.012463 lr=8.552e-06
[train] step=1991 loss=0.012320 lr=8.551e-06
[train] step=1992 loss=0.037070 lr=8.549e-06
[train] step=1993 loss=0.026798 lr=8.548e-06
[train] step=1994 loss=0.022412 lr=8.547e-06
[train] step=1995 loss=0.013153 lr=8.545e-06
[train] step=1996 loss=0.016135 lr=8.544e-06
[train] step=1997 loss=0.021476 lr=8.543e-06
[train] step=1998 loss=0.018501 lr=8.541e-06
[train] step=1999 loss=0.016433 lr=8.540e-06
[train] step=2000 loss=0.017110 lr=8.538e-06
[train] step=2001 loss=0.019832 lr=8.537e-06
[train] step=2002 loss=0.032306 lr=8.536e-06
[train] step=2003 loss=0.019323 lr=8.534e-06
[train] step=2004 loss=0.028258 lr=8.533e-06
[train] step=2005 loss=0.029325 lr=8.531e-06
[train] step=2006 loss=0.020839 lr=8.530e-06
[train] step=2007 loss=0.015916 lr=8.529e-06
[train] step=2008 loss=0.013590 lr=8.527e-06
[train] step=2009 loss=0.009458 lr=8.526e-06
[train] step=2010 loss=0.029996 lr=8.524e-06
[train] step=2011 loss=0.069901 lr=8.523e-06
[train] step=2012 loss=0.013847 lr=8.522e-06
[train] step=2013 loss=0.017825 lr=8.520e-06
[train] step=2014 loss=0.018715 lr=8.519e-06
[train] step=2015 loss=0.021924 lr=8.518e-06
[train] step=2016 loss=0.012071 lr=8.516e-06
[train] step=2017 loss=0.048369 lr=8.515e-06
[train] step=2018 loss=0.019558 lr=8.513e-06
[train] step=2019 loss=0.017726 lr=8.512e-06
[train] step=2020 loss=0.023446 lr=8.511e-06
[train] step=2021 loss=0.018720 lr=8.509e-06
[train] step=2022 loss=0.021089 lr=8.508e-06
[train] step=2023 loss=0.021928 lr=8.506e-06
[train] step=2024 loss=0.017394 lr=8.505e-06
[train] step=2025 loss=0.020345 lr=8.504e-06
[train] step=2026 loss=0.020194 lr=8.502e-06
[train] step=2027 loss=0.033905 lr=8.501e-06
[train] step=2028 loss=0.016559 lr=8.499e-06
[train] step=2029 loss=0.020010 lr=8.498e-06
[train] step=2030 loss=0.035329 lr=8.497e-06
[train] step=2031 loss=0.017586 lr=8.495e-06
[train] step=2032 loss=0.016636 lr=8.494e-06
[train] step=2033 loss=0.018157 lr=8.492e-06
[train] step=2034 loss=0.017785 lr=8.491e-06
[train] step=2035 loss=0.029950 lr=8.490e-06
[train] step=2036 loss=0.028591 lr=8.488e-06
[train] step=2037 loss=0.023783 lr=8.487e-06
[train] step=2038 loss=0.040184 lr=8.485e-06
[train] step=2039 loss=0.024890 lr=8.484e-06
[train] step=2040 loss=0.025075 lr=8.482e-06
INFO     [rank 0] Model weights for step 2040 saved in       dit_trainer.py:1268
         checkpoints/model_weights_step_02040.safetensors                       
INFO     [rank 0] Scalar embedding weights for step 2040     dit_trainer.py:1277
         saved                                                                  
INFO     [rank 0] Training state saved:                      dit_trainer.py:1365
         checkpoints/model_weights_step_02040.state.pt                          
[epoch 17] step=2040 train_loss=0.022817
[train] step=2041 loss=0.018916 lr=8.481e-06
[train] step=2042 loss=0.035716 lr=8.480e-06
[train] step=2043 loss=0.021082 lr=8.478e-06
[train] step=2044 loss=0.039580 lr=8.477e-06
[train] step=2045 loss=0.018313 lr=8.475e-06
[train] step=2046 loss=0.033149 lr=8.474e-06
[train] step=2047 loss=0.021848 lr=8.473e-06
[train] step=2048 loss=0.014268 lr=8.471e-06
[train] step=2049 loss=0.014807 lr=8.470e-06
[train] step=2050 loss=0.027565 lr=8.468e-06
[train] step=2051 loss=0.025066 lr=8.467e-06
[train] step=2052 loss=0.015631 lr=8.466e-06
[train] step=2053 loss=0.029176 lr=8.464e-06
[train] step=2054 loss=0.094498 lr=8.463e-06
[train] step=2055 loss=0.018006 lr=8.461e-06
[train] step=2056 loss=0.049827 lr=8.460e-06
[train] step=2057 loss=0.024923 lr=8.458e-06
[train] step=2058 loss=0.024597 lr=8.457e-06
[train] step=2059 loss=0.029874 lr=8.456e-06
[train] step=2060 loss=0.039350 lr=8.454e-06
[train] step=2061 loss=0.021203 lr=8.453e-06
[train] step=2062 loss=0.017171 lr=8.451e-06
[train] step=2063 loss=0.015582 lr=8.450e-06
[train] step=2064 loss=0.043248 lr=8.449e-06
[train] step=2065 loss=0.014799 lr=8.447e-06
[train] step=2066 loss=0.039064 lr=8.446e-06
[train] step=2067 loss=0.030531 lr=8.444e-06
[train] step=2068 loss=0.018522 lr=8.443e-06
[train] step=2069 loss=0.052268 lr=8.441e-06
[train] step=2070 loss=0.020644 lr=8.440e-06
[train] step=2071 loss=0.029044 lr=8.439e-06
[train] step=2072 loss=0.017807 lr=8.437e-06
[train] step=2073 loss=0.021399 lr=8.436e-06
[train] step=2074 loss=0.020671 lr=8.434e-06
[train] step=2075 loss=0.021005 lr=8.433e-06
[train] step=2076 loss=0.018429 lr=8.431e-06
[train] step=2077 loss=0.046695 lr=8.430e-06
[train] step=2078 loss=0.012396 lr=8.429e-06
[train] step=2079 loss=0.018276 lr=8.427e-06
[train] step=2080 loss=0.030255 lr=8.426e-06
[train] step=2081 loss=0.035410 lr=8.424e-06
[train] step=2082 loss=0.028169 lr=8.423e-06
[train] step=2083 loss=0.033203 lr=8.421e-06
[train] step=2084 loss=0.030679 lr=8.420e-06
[train] step=2085 loss=0.022602 lr=8.419e-06
[train] step=2086 loss=0.017488 lr=8.417e-06
[train] step=2087 loss=0.020334 lr=8.416e-06
[train] step=2088 loss=0.023224 lr=8.414e-06
[train] step=2089 loss=0.011493 lr=8.413e-06
[train] step=2090 loss=0.014930 lr=8.411e-06
[train] step=2091 loss=0.017909 lr=8.410e-06
[train] step=2092 loss=0.013124 lr=8.409e-06
[train] step=2093 loss=0.012420 lr=8.407e-06
[train] step=2094 loss=0.014049 lr=8.406e-06
[train] step=2095 loss=0.021648 lr=8.404e-06
[train] step=2096 loss=0.025809 lr=8.403e-06
[train] step=2097 loss=0.014862 lr=8.401e-06
[train] step=2098 loss=0.013045 lr=8.400e-06
[train] step=2099 loss=0.026666 lr=8.398e-06
[train] step=2100 loss=0.042950 lr=8.397e-06
[train] step=2101 loss=0.014514 lr=8.396e-06
[train] step=2102 loss=0.019269 lr=8.394e-06
[train] step=2103 loss=0.016615 lr=8.393e-06
[train] step=2104 loss=0.058356 lr=8.391e-06
[train] step=2105 loss=0.025385 lr=8.390e-06
[train] step=2106 loss=0.014325 lr=8.388e-06
[train] step=2107 loss=0.025993 lr=8.387e-06
[train] step=2108 loss=0.031111 lr=8.386e-06
[train] step=2109 loss=0.015681 lr=8.384e-06
[train] step=2110 loss=0.015504 lr=8.383e-06
[train] step=2111 loss=0.039154 lr=8.381e-06
[train] step=2112 loss=0.019520 lr=8.380e-06
[train] step=2113 loss=0.023218 lr=8.378e-06
[train] step=2114 loss=0.011367 lr=8.377e-06
[train] step=2115 loss=0.010212 lr=8.375e-06
[train] step=2116 loss=0.020426 lr=8.374e-06
[train] step=2117 loss=0.032711 lr=8.372e-06
[train] step=2118 loss=0.033765 lr=8.371e-06
[train] step=2119 loss=0.019542 lr=8.370e-06
[train] step=2120 loss=0.027528 lr=8.368e-06
[train] step=2121 loss=0.015850 lr=8.367e-06
[train] step=2122 loss=0.007983 lr=8.365e-06
[train] step=2123 loss=0.019913 lr=8.364e-06
[train] step=2124 loss=0.026475 lr=8.362e-06
[train] step=2125 loss=0.020800 lr=8.361e-06
[train] step=2126 loss=0.025129 lr=8.359e-06
[train] step=2127 loss=0.012886 lr=8.358e-06
[train] step=2128 loss=0.029569 lr=8.357e-06
[train] step=2129 loss=0.016893 lr=8.355e-06
[train] step=2130 loss=0.017544 lr=8.354e-06
[train] step=2131 loss=0.028203 lr=8.352e-06
[train] step=2132 loss=0.027767 lr=8.351e-06
[train] step=2133 loss=0.019461 lr=8.349e-06
[train] step=2134 loss=0.015102 lr=8.348e-06
[train] step=2135 loss=0.012703 lr=8.346e-06
[train] step=2136 loss=0.026397 lr=8.345e-06
[train] step=2137 loss=0.016492 lr=8.343e-06
[train] step=2138 loss=0.040532 lr=8.342e-06
[train] step=2139 loss=0.030497 lr=8.340e-06
[train] step=2140 loss=0.043185 lr=8.339e-06
[train] step=2141 loss=0.017124 lr=8.338e-06
[train] step=2142 loss=0.017772 lr=8.336e-06
[train] step=2143 loss=0.017842 lr=8.335e-06
[train] step=2144 loss=0.025235 lr=8.333e-06
[train] step=2145 loss=0.015212 lr=8.332e-06
[train] step=2146 loss=0.022203 lr=8.330e-06
[train] step=2147 loss=0.014599 lr=8.329e-06
[train] step=2148 loss=0.048170 lr=8.327e-06
[train] step=2149 loss=0.014934 lr=8.326e-06
[train] step=2150 loss=0.016036 lr=8.324e-06
[train] step=2151 loss=0.267407 lr=8.323e-06
[train] step=2152 loss=0.021805 lr=8.321e-06
[train] step=2153 loss=0.025412 lr=8.320e-06
[train] step=2154 loss=0.024722 lr=8.319e-06
[train] step=2155 loss=0.015261 lr=8.317e-06
[train] step=2156 loss=0.021489 lr=8.316e-06
[train] step=2157 loss=0.026600 lr=8.314e-06
[train] step=2158 loss=0.026031 lr=8.313e-06
[train] step=2159 loss=0.017332 lr=8.311e-06
[train] step=2160 loss=0.022142 lr=8.310e-06
INFO     [rank 0] Model weights for step 2160 saved in       dit_trainer.py:1268
         checkpoints/model_weights_step_02160.safetensors                       
INFO     [rank 0] Scalar embedding weights for step 2160     dit_trainer.py:1277
         saved                                                                  
INFO     [rank 0] Training state saved:                      dit_trainer.py:1365
         checkpoints/model_weights_step_02160.state.pt                          
DEBUG    [rank 0] Removed optimizer state for older kept     dit_trainer.py:1393
         checkpoint:                                                            
         /hppfs/scratch/0D/go76fuz2/windinet/outputs/shockwa                    
         ve_dit_cosine_kl1e5/checkpoints/model_weights_step_                    
         02040.state.pt                                                         
[epoch 18] step=2160 train_loss=0.026275
[train] step=2161 loss=0.064999 lr=8.308e-06
[train] step=2162 loss=0.014110 lr=8.307e-06
[train] step=2163 loss=0.014473 lr=8.305e-06
[train] step=2164 loss=0.018871 lr=8.304e-06
[train] step=2165 loss=0.010039 lr=8.302e-06
[train] step=2166 loss=0.015823 lr=8.301e-06
[train] step=2167 loss=0.017788 lr=8.299e-06
[train] step=2168 loss=0.022175 lr=8.298e-06
[train] step=2169 loss=0.036147 lr=8.296e-06
[train] step=2170 loss=0.044188 lr=8.295e-06
[train] step=2171 loss=0.049207 lr=8.294e-06
[train] step=2172 loss=0.011883 lr=8.292e-06
[train] step=2173 loss=0.040363 lr=8.291e-06
[train] step=2174 loss=0.018119 lr=8.289e-06
[train] step=2175 loss=0.038698 lr=8.288e-06
[train] step=2176 loss=0.016842 lr=8.286e-06
[train] step=2177 loss=0.022997 lr=8.285e-06
[train] step=2178 loss=0.014444 lr=8.283e-06
[train] step=2179 loss=0.064231 lr=8.282e-06
[train] step=2180 loss=0.018960 lr=8.280e-06
[train] step=2181 loss=0.024700 lr=8.279e-06
[train] step=2182 loss=0.014818 lr=8.277e-06
[train] step=2183 loss=0.047624 lr=8.276e-06
[train] step=2184 loss=0.017042 lr=8.274e-06
[train] step=2185 loss=0.013836 lr=8.273e-06
[train] step=2186 loss=0.021861 lr=8.271e-06
[train] step=2187 loss=0.017601 lr=8.270e-06
[train] step=2188 loss=0.023062 lr=8.268e-06
[train] step=2189 loss=0.011505 lr=8.267e-06
[train] step=2190 loss=0.022906 lr=8.265e-06
[train] step=2191 loss=0.018905 lr=8.264e-06
[train] step=2192 loss=0.078914 lr=8.262e-06
[train] step=2193 loss=0.008054 lr=8.261e-06
[train] step=2194 loss=0.018148 lr=8.259e-06
[train] step=2195 loss=0.046612 lr=8.258e-06
[train] step=2196 loss=0.010463 lr=8.256e-06
[train] step=2197 loss=0.014121 lr=8.255e-06
[train] step=2198 loss=0.022763 lr=8.253e-06
[train] step=2199 loss=0.015836 lr=8.252e-06
[train] step=2200 loss=0.010616 lr=8.250e-06
[train] step=2201 loss=0.016305 lr=8.249e-06
[train] step=2202 loss=0.020622 lr=8.248e-06
[train] step=2203 loss=0.025172 lr=8.246e-06
[train] step=2204 loss=0.020076 lr=8.245e-06
[train] step=2205 loss=0.052787 lr=8.243e-06
[train] step=2206 loss=0.021370 lr=8.242e-06
[train] step=2207 loss=0.013007 lr=8.240e-06
[train] step=2208 loss=0.017712 lr=8.239e-06
[train] step=2209 loss=0.018089 lr=8.237e-06
[train] step=2210 loss=0.035130 lr=8.236e-06
[train] step=2211 loss=0.011962 lr=8.234e-06
[train] step=2212 loss=0.034665 lr=8.233e-06
[train] step=2213 loss=0.022345 lr=8.231e-06
[train] step=2214 loss=0.035246 lr=8.230e-06
[train] step=2215 loss=0.026978 lr=8.228e-06
[train] step=2216 loss=0.025624 lr=8.227e-06
[train] step=2217 loss=0.036913 lr=8.225e-06
[train] step=2218 loss=0.017918 lr=8.224e-06
[train] step=2219 loss=0.022795 lr=8.222e-06
[train] step=2220 loss=0.012017 lr=8.221e-06
[train] step=2221 loss=0.018429 lr=8.219e-06
[train] step=2222 loss=0.019325 lr=8.218e-06
[train] step=2223 loss=0.024462 lr=8.216e-06
[train] step=2224 loss=0.027486 lr=8.215e-06
[train] step=2225 loss=0.019464 lr=8.213e-06
[train] step=2226 loss=0.020213 lr=8.212e-06
[train] step=2227 loss=0.015162 lr=8.210e-06
[train] step=2228 loss=0.014337 lr=8.209e-06
[train] step=2229 loss=0.012092 lr=8.207e-06
[train] step=2230 loss=0.049706 lr=8.206e-06
[train] step=2231 loss=0.020588 lr=8.204e-06
[train] step=2232 loss=0.012102 lr=8.203e-06
[train] step=2233 loss=0.031302 lr=8.201e-06
[train] step=2234 loss=0.012391 lr=8.200e-06
[train] step=2235 loss=0.090041 lr=8.198e-06
[train] step=2236 loss=0.016880 lr=8.196e-06
[train] step=2237 loss=0.055044 lr=8.195e-06
[train] step=2238 loss=0.057467 lr=8.193e-06
[train] step=2239 loss=0.018669 lr=8.192e-06
[train] step=2240 loss=0.014859 lr=8.190e-06
[train] step=2241 loss=0.018020 lr=8.189e-06
[train] step=2242 loss=0.017656 lr=8.187e-06
[train] step=2243 loss=0.026255 lr=8.186e-06
[train] step=2244 loss=0.011952 lr=8.184e-06
[train] step=2245 loss=0.028625 lr=8.183e-06
[train] step=2246 loss=0.047277 lr=8.181e-06
[train] step=2247 loss=0.013154 lr=8.180e-06
[train] step=2248 loss=0.077994 lr=8.178e-06
[train] step=2249 loss=0.035356 lr=8.177e-06
[train] step=2250 loss=0.012845 lr=8.175e-06
[train] step=2251 loss=0.031865 lr=8.174e-06
[train] step=2252 loss=0.018786 lr=8.172e-06
[train] step=2253 loss=0.019889 lr=8.171e-06
[train] step=2254 loss=0.021680 lr=8.169e-06
[train] step=2255 loss=0.021386 lr=8.168e-06
[train] step=2256 loss=0.019317 lr=8.166e-06
[train] step=2257 loss=0.018960 lr=8.165e-06
[train] step=2258 loss=0.027134 lr=8.163e-06
[train] step=2259 loss=0.038201 lr=8.162e-06
[train] step=2260 loss=0.017517 lr=8.160e-06
[train] step=2261 loss=0.025961 lr=8.159e-06
[train] step=2262 loss=0.019328 lr=8.157e-06
[train] step=2263 loss=0.017126 lr=8.156e-06
[train] step=2264 loss=0.018811 lr=8.154e-06
[train] step=2265 loss=0.098386 lr=8.153e-06
[train] step=2266 loss=0.014706 lr=8.151e-06
[train] step=2267 loss=0.012376 lr=8.149e-06
[train] step=2268 loss=0.016767 lr=8.148e-06
[train] step=2269 loss=0.033717 lr=8.146e-06
[train] step=2270 loss=0.032842 lr=8.145e-06
[train] step=2271 loss=0.016594 lr=8.143e-06
[train] step=2272 loss=0.014196 lr=8.142e-06
[train] step=2273 loss=0.015578 lr=8.140e-06
[train] step=2274 loss=0.009857 lr=8.139e-06
[train] step=2275 loss=0.022386 lr=8.137e-06
[train] step=2276 loss=0.017449 lr=8.136e-06
[train] step=2277 loss=0.022679 lr=8.134e-06
[train] step=2278 loss=0.014755 lr=8.133e-06
[train] step=2279 loss=0.048217 lr=8.131e-06
[train] step=2280 loss=0.008975 lr=8.130e-06
INFO     [rank 0] Model weights for step 2280 saved in       dit_trainer.py:1268
         checkpoints/model_weights_step_02280.safetensors                       
INFO     [rank 0] Scalar embedding weights for step 2280     dit_trainer.py:1277
         saved                                                                  
INFO     [rank 0] Training state saved:                      dit_trainer.py:1365
         checkpoints/model_weights_step_02280.state.pt                          
DEBUG    [rank 0] Removed old checkpoint:                    dit_trainer.py:1378
         /hppfs/scratch/0D/go76fuz2/windinet/outputs/shockwa                    
         ve_dit_cosine_kl1e5/checkpoints/model_weights_step_                    
         02040.safetensors                                                      
DEBUG    [rank 0] Removed old checkpoint:                    dit_trainer.py:1378
         /hppfs/scratch/0D/go76fuz2/windinet/outputs/shockwa                    
         ve_dit_cosine_kl1e5/checkpoints/scalar_embedding_st                    
         ep_02040.safetensors                                                   
DEBUG    [rank 0] Removed optimizer state for older kept     dit_trainer.py:1393
         checkpoint:                                                            
         /hppfs/scratch/0D/go76fuz2/windinet/outputs/shockwa                    
         ve_dit_cosine_kl1e5/checkpoints/model_weights_step_                    
         02160.state.pt                                                         
[epoch 19] step=2280 train_loss=0.025569
[train] step=2281 loss=0.012288 lr=8.128e-06
[train] step=2282 loss=0.022115 lr=8.127e-06
[train] step=2283 loss=0.014737 lr=8.125e-06
[train] step=2284 loss=0.011123 lr=8.123e-06
[train] step=2285 loss=0.029550 lr=8.122e-06
[train] step=2286 loss=0.033525 lr=8.120e-06
[train] step=2287 loss=0.011329 lr=8.119e-06
[train] step=2288 loss=0.057505 lr=8.117e-06
[train] step=2289 loss=0.024125 lr=8.116e-06
[train] step=2290 loss=0.030789 lr=8.114e-06
[train] step=2291 loss=0.054047 lr=8.113e-06
[train] step=2292 loss=0.015950 lr=8.111e-06
[train] step=2293 loss=0.014181 lr=8.110e-06
[train] step=2294 loss=0.020640 lr=8.108e-06
[train] step=2295 loss=0.012542 lr=8.107e-06
[train] step=2296 loss=0.020938 lr=8.105e-06
[train] step=2297 loss=0.020677 lr=8.104e-06
[train] step=2298 loss=0.015463 lr=8.102e-06
[train] step=2299 loss=0.009316 lr=8.100e-06
[train] step=2300 loss=0.014057 lr=8.099e-06
[train] step=2301 loss=0.015759 lr=8.097e-06
[train] step=2302 loss=0.028990 lr=8.096e-06
[train] step=2303 loss=0.025551 lr=8.094e-06
[train] step=2304 loss=0.021301 lr=8.093e-06
[train] step=2305 loss=0.028209 lr=8.091e-06
[train] step=2306 loss=0.022423 lr=8.090e-06
[train] step=2307 loss=0.013646 lr=8.088e-06
[train] step=2308 loss=0.024217 lr=8.087e-06
[train] step=2309 loss=0.021832 lr=8.085e-06
[train] step=2310 loss=0.017763 lr=8.083e-06
[train] step=2311 loss=0.041773 lr=8.082e-06
[train] step=2312 loss=0.031753 lr=8.080e-06
[train] step=2313 loss=0.020191 lr=8.079e-06
[train] step=2314 loss=0.012360 lr=8.077e-06
[train] step=2315 loss=0.051591 lr=8.076e-06
[train] step=2316 loss=0.048121 lr=8.074e-06
[train] step=2317 loss=0.093134 lr=8.073e-06
[train] step=2318 loss=0.036703 lr=8.071e-06
[train] step=2319 loss=0.022239 lr=8.070e-06
[train] step=2320 loss=0.035413 lr=8.068e-06
[train] step=2321 loss=0.014346 lr=8.066e-06
[train] step=2322 loss=0.020540 lr=8.065e-06
[train] step=2323 loss=0.015835 lr=8.063e-06
[train] step=2324 loss=0.021249 lr=8.062e-06
[train] step=2325 loss=0.018507 lr=8.060e-06
[train] step=2326 loss=0.015827 lr=8.059e-06
[train] step=2327 loss=0.006450 lr=8.057e-06
[train] step=2328 loss=0.026078 lr=8.056e-06
[train] step=2329 loss=0.016853 lr=8.054e-06
[train] step=2330 loss=0.012962 lr=8.053e-06
[train] step=2331 loss=0.013815 lr=8.051e-06
[train] step=2332 loss=0.016731 lr=8.049e-06
[train] step=2333 loss=0.018233 lr=8.048e-06
[train] step=2334 loss=0.018575 lr=8.046e-06
[train] step=2335 loss=0.034586 lr=8.045e-06
[train] step=2336 loss=0.010333 lr=8.043e-06
[train] step=2337 loss=0.024466 lr=8.042e-06
[train] step=2338 loss=0.022562 lr=8.040e-06
[train] step=2339 loss=0.025975 lr=8.038e-06
[train] step=2340 loss=0.052834 lr=8.037e-06
[train] step=2341 loss=0.019442 lr=8.035e-06
[train] step=2342 loss=0.083706 lr=8.034e-06
[train] step=2343 loss=0.016060 lr=8.032e-06
[train] step=2344 loss=0.027069 lr=8.031e-06
[train] step=2345 loss=0.033442 lr=8.029e-06
[train] step=2346 loss=0.011620 lr=8.028e-06
[train] step=2347 loss=0.027082 lr=8.026e-06
[train] step=2348 loss=0.020961 lr=8.024e-06
[train] step=2349 loss=0.020470 lr=8.023e-06
[train] step=2350 loss=0.029615 lr=8.021e-06
[train] step=2351 loss=0.025021 lr=8.020e-06
[train] step=2352 loss=0.024523 lr=8.018e-06
[train] step=2353 loss=0.017733 lr=8.017e-06
[train] step=2354 loss=0.022234 lr=8.015e-06
[train] step=2355 loss=0.030810 lr=8.014e-06
[train] step=2356 loss=0.028065 lr=8.012e-06
[train] step=2357 loss=0.025387 lr=8.010e-06
[train] step=2358 loss=0.020977 lr=8.009e-06
[train] step=2359 loss=0.021717 lr=8.007e-06
[train] step=2360 loss=0.027326 lr=8.006e-06
[train] step=2361 loss=0.024421 lr=8.004e-06
[train] step=2362 loss=0.025631 lr=8.003e-06
[train] step=2363 loss=0.026999 lr=8.001e-06
[train] step=2364 loss=0.014401 lr=7.999e-06
[train] step=2365 loss=0.025990 lr=7.998e-06
[train] step=2366 loss=0.014255 lr=7.996e-06
[train] step=2367 loss=0.014939 lr=7.995e-06
[train] step=2368 loss=0.041084 lr=7.993e-06
[train] step=2369 loss=0.009683 lr=7.992e-06
[train] step=2370 loss=0.034306 lr=7.990e-06
[train] step=2371 loss=0.014414 lr=7.988e-06
[train] step=2372 loss=0.037974 lr=7.987e-06
[train] step=2373 loss=0.016215 lr=7.985e-06
[train] step=2374 loss=0.024664 lr=7.984e-06
[train] step=2375 loss=0.016903 lr=7.982e-06
[train] step=2376 loss=0.019291 lr=7.981e-06
[train] step=2377 loss=0.024895 lr=7.979e-06
[train] step=2378 loss=0.023274 lr=7.977e-06
[train] step=2379 loss=0.045493 lr=7.976e-06
[train] step=2380 loss=0.022002 lr=7.974e-06
[train] step=2381 loss=0.025019 lr=7.973e-06
[train] step=2382 loss=0.022293 lr=7.971e-06
[train] step=2383 loss=0.022675 lr=7.969e-06
[train] step=2384 loss=0.030269 lr=7.968e-06
[train] step=2385 loss=0.036298 lr=7.966e-06
[train] step=2386 loss=0.012193 lr=7.965e-06
[train] step=2387 loss=0.021094 lr=7.963e-06
[train] step=2388 loss=0.023825 lr=7.962e-06
[train] step=2389 loss=0.025900 lr=7.960e-06
[train] step=2390 loss=0.039743 lr=7.958e-06
[train] step=2391 loss=0.010456 lr=7.957e-06
[train] step=2392 loss=0.029337 lr=7.955e-06
[train] step=2393 loss=0.014997 lr=7.954e-06
[train] step=2394 loss=0.082990 lr=7.952e-06
[train] step=2395 loss=0.025306 lr=7.951e-06
[train] step=2396 loss=0.056522 lr=7.949e-06
[train] step=2397 loss=0.016515 lr=7.947e-06
[train] step=2398 loss=0.016350 lr=7.946e-06
[train] step=2399 loss=0.016866 lr=7.944e-06
[train] step=2400 loss=0.015741 lr=7.943e-06
[val] step=2400 val_loss=0.024097
INFO     [rank 0] Model weights for step 2400 saved in       dit_trainer.py:1268
         checkpoints/model_weights_step_02400.safetensors                       
INFO     [rank 0] Scalar embedding weights for step 2400     dit_trainer.py:1277
         saved                                                                  
INFO     [rank 0] Training state saved:                      dit_trainer.py:1365
         checkpoints/model_weights_step_02400.state.pt                          
INFO     [rank 0] New best checkpoint (step 2400,            dit_trainer.py:1300
         val_loss=0.024097):                                                    
         checkpoints/model_weights_best.safetensors                             
DEBUG    [rank 0] Removed old checkpoint:                    dit_trainer.py:1378
         /hppfs/scratch/0D/go76fuz2/windinet/outputs/shockwa                    
         ve_dit_cosine_kl1e5/checkpoints/model_weights_step_                    
         02160.safetensors                                                      
DEBUG    [rank 0] Removed old checkpoint:                    dit_trainer.py:1378
         /hppfs/scratch/0D/go76fuz2/windinet/outputs/shockwa                    
         ve_dit_cosine_kl1e5/checkpoints/scalar_embedding_st                    
         ep_02160.safetensors                                                   
DEBUG    [rank 0] Removed optimizer state for older kept     dit_trainer.py:1393
         checkpoint:                                                            
         /hppfs/scratch/0D/go76fuz2/windinet/outputs/shockwa                    
         ve_dit_cosine_kl1e5/checkpoints/model_weights_step_                    
         02280.state.pt                                                         
[epoch 20] step=2400 train_loss=0.025103 val_loss=0.024097
[train] step=2401 loss=0.021987 lr=7.941e-06
[train] step=2402 loss=0.018281 lr=7.939e-06
[train] step=2403 loss=0.022708 lr=7.938e-06
[train] step=2404 loss=0.026906 lr=7.936e-06
[train] step=2405 loss=0.028921 lr=7.935e-06
[train] step=2406 loss=0.016609 lr=7.933e-06
[train] step=2407 loss=0.021986 lr=7.931e-06
[train] step=2408 loss=0.023511 lr=7.930e-06
[train] step=2409 loss=0.013047 lr=7.928e-06
[train] step=2410 loss=0.022262 lr=7.927e-06
[train] step=2411 loss=0.014336 lr=7.925e-06
[train] step=2412 loss=0.030646 lr=7.924e-06
[train] step=2413 loss=0.022557 lr=7.922e-06
[train] step=2414 loss=0.019019 lr=7.920e-06
[train] step=2415 loss=0.017657 lr=7.919e-06
[train] step=2416 loss=0.012990 lr=7.917e-06
[train] step=2417 loss=0.011799 lr=7.916e-06
[train] step=2418 loss=0.018798 lr=7.914e-06
[train] step=2419 loss=0.012593 lr=7.912e-06
[train] step=2420 loss=0.016709 lr=7.911e-06
[train] step=2421 loss=0.026807 lr=7.909e-06
[train] step=2422 loss=0.012478 lr=7.908e-06
[train] step=2423 loss=0.017943 lr=7.906e-06
[train] step=2424 loss=0.018184 lr=7.904e-06
[train] step=2425 loss=0.024385 lr=7.903e-06
[train] step=2426 loss=0.020241 lr=7.901e-06
[train] step=2427 loss=0.024538 lr=7.900e-06
[train] step=2428 loss=0.149544 lr=7.898e-06
[train] step=2429 loss=0.022525 lr=7.896e-06
[train] step=2430 loss=0.026861 lr=7.895e-06
[train] step=2431 loss=0.019073 lr=7.893e-06
[train] step=2432 loss=0.017438 lr=7.892e-06
[train] step=2433 loss=0.029344 lr=7.890e-06
[train] step=2434 loss=0.019854 lr=7.888e-06
[train] step=2435 loss=0.011586 lr=7.887e-06
[train] step=2436 loss=0.080125 lr=7.885e-06
[train] step=2437 loss=0.036755 lr=7.884e-06
[train] step=2438 loss=0.026002 lr=7.882e-06
[train] step=2439 loss=0.019617 lr=7.880e-06
[train] step=2440 loss=0.049233 lr=7.879e-06
[train] step=2441 loss=0.022847 lr=7.877e-06
[train] step=2442 loss=0.026841 lr=7.876e-06
[train] step=2443 loss=0.010562 lr=7.874e-06
[train] step=2444 loss=0.030336 lr=7.872e-06
[train] step=2445 loss=0.012098 lr=7.871e-06
[train] step=2446 loss=0.019430 lr=7.869e-06
[train] step=2447 loss=0.038205 lr=7.868e-06
[train] step=2448 loss=0.242064 lr=7.866e-06
[train] step=2449 loss=0.073139 lr=7.864e-06
[train] step=2450 loss=0.028254 lr=7.863e-06
[train] step=2451 loss=0.020505 lr=7.861e-06
[train] step=2452 loss=0.063200 lr=7.859e-06
[train] step=2453 loss=0.026746 lr=7.858e-06
[train] step=2454 loss=0.032797 lr=7.856e-06
[train] step=2455 loss=0.025150 lr=7.855e-06
[train] step=2456 loss=0.016891 lr=7.853e-06
[train] step=2457 loss=0.020515 lr=7.851e-06
[train] step=2458 loss=0.022657 lr=7.850e-06
[train] step=2459 loss=0.013514 lr=7.848e-06
[train] step=2460 loss=0.017576 lr=7.847e-06
[train] step=2461 loss=0.029034 lr=7.845e-06
[train] step=2462 loss=0.026057 lr=7.843e-06
[train] step=2463 loss=0.014844 lr=7.842e-06
[train] step=2464 loss=0.015824 lr=7.840e-06
[train] step=2465 loss=0.022812 lr=7.839e-06
[train] step=2466 loss=0.017628 lr=7.837e-06
[train] step=2467 loss=0.017243 lr=7.835e-06
[train] step=2468 loss=0.018520 lr=7.834e-06
[train] step=2469 loss=0.013935 lr=7.832e-06
[train] step=2470 loss=0.020709 lr=7.830e-06
[train] step=2471 loss=0.019754 lr=7.829e-06
[train] step=2472 loss=0.021145 lr=7.827e-06
[train] step=2473 loss=0.012002 lr=7.826e-06
[train] step=2474 loss=0.013992 lr=7.824e-06
[train] step=2475 loss=0.036007 lr=7.822e-06
[train] step=2476 loss=0.023313 lr=7.821e-06
[train] step=2477 loss=0.016755 lr=7.819e-06
[train] step=2478 loss=0.018508 lr=7.817e-06
[train] step=2479 loss=0.017461 lr=7.816e-06
[train] step=2480 loss=0.017752 lr=7.814e-06
[train] step=2481 loss=0.021130 lr=7.813e-06
[train] step=2482 loss=0.012159 lr=7.811e-06
[train] step=2483 loss=0.029299 lr=7.809e-06
[train] step=2484 loss=0.022065 lr=7.808e-06
[train] step=2485 loss=0.050458 lr=7.806e-06
[train] step=2486 loss=0.026352 lr=7.804e-06
[train] step=2487 loss=0.007219 lr=7.803e-06
[train] step=2488 loss=0.018951 lr=7.801e-06
[train] step=2489 loss=0.014365 lr=7.800e-06
[train] step=2490 loss=0.040101 lr=7.798e-06
[train] step=2491 loss=0.023930 lr=7.796e-06
[train] step=2492 loss=0.031333 lr=7.795e-06
[train] step=2493 loss=0.017589 lr=7.793e-06
[train] step=2494 loss=0.021215 lr=7.791e-06
[train] step=2495 loss=0.027610 lr=7.790e-06
[train] step=2496 loss=0.017667 lr=7.788e-06
[train] step=2497 loss=0.015682 lr=7.787e-06
[train] step=2498 loss=0.016405 lr=7.785e-06
[train] step=2499 loss=0.021409 lr=7.783e-06
[train] step=2500 loss=0.027402 lr=7.782e-06
[train] step=2501 loss=0.023623 lr=7.780e-06
[train] step=2502 loss=0.026583 lr=7.778e-06
[train] step=2503 loss=0.009837 lr=7.777e-06
[train] step=2504 loss=0.074919 lr=7.775e-06
[train] step=2505 loss=0.036741 lr=7.774e-06
[train] step=2506 loss=0.018738 lr=7.772e-06
[train] step=2507 loss=0.022205 lr=7.770e-06
[train] step=2508 loss=0.026990 lr=7.769e-06
[train] step=2509 loss=0.020744 lr=7.767e-06
[train] step=2510 loss=0.022195 lr=7.765e-06
[train] step=2511 loss=0.017465 lr=7.764e-06
[train] step=2512 loss=0.012785 lr=7.762e-06
[train] step=2513 loss=0.019891 lr=7.760e-06
[train] step=2514 loss=0.013609 lr=7.759e-06
[train] step=2515 loss=0.016346 lr=7.757e-06
[train] step=2516 loss=0.035436 lr=7.756e-06
[train] step=2517 loss=0.070217 lr=7.754e-06
[train] step=2518 loss=0.023293 lr=7.752e-06
[train] step=2519 loss=0.028674 lr=7.751e-06
[train] step=2520 loss=0.025475 lr=7.749e-06
INFO     [rank 0] Model weights for step 2520 saved in       dit_trainer.py:1268
         checkpoints/model_weights_step_02520.safetensors                       
INFO     [rank 0] Scalar embedding weights for step 2520     dit_trainer.py:1277
         saved                                                                  
INFO     [rank 0] Training state saved:                      dit_trainer.py:1365
         checkpoints/model_weights_step_02520.state.pt                          
DEBUG    [rank 0] Removed old checkpoint:                    dit_trainer.py:1378
         /hppfs/scratch/0D/go76fuz2/windinet/outputs/shockwa                    
         ve_dit_cosine_kl1e5/checkpoints/model_weights_step_                    
         02280.safetensors                                                      
DEBUG    [rank 0] Removed old checkpoint:                    dit_trainer.py:1378
         /hppfs/scratch/0D/go76fuz2/windinet/outputs/shockwa                    
         ve_dit_cosine_kl1e5/checkpoints/scalar_embedding_st                    
         ep_02280.safetensors                                                   
DEBUG    [rank 0] Removed optimizer state for older kept     dit_trainer.py:1393
         checkpoint:                                                            
         /hppfs/scratch/0D/go76fuz2/windinet/outputs/shockwa                    
         ve_dit_cosine_kl1e5/checkpoints/model_weights_step_                    
         02400.state.pt                                                         
[epoch 21] step=2520 train_loss=0.026674
[train] step=2521 loss=0.034670 lr=7.747e-06
[train] step=2522 loss=0.020836 lr=7.746e-06
[train] step=2523 loss=0.022177 lr=7.744e-06
[train] step=2524 loss=0.023762 lr=7.742e-06
[train] step=2525 loss=0.041810 lr=7.741e-06
[train] step=2526 loss=0.019350 lr=7.739e-06
[train] step=2527 loss=0.024219 lr=7.738e-06
[train] step=2528 loss=0.018719 lr=7.736e-06
[train] step=2529 loss=0.023217 lr=7.734e-06
[train] step=2530 loss=0.019306 lr=7.733e-06
[train] step=2531 loss=0.020516 lr=7.731e-06
[train] step=2532 loss=0.014596 lr=7.729e-06
[train] step=2533 loss=0.014857 lr=7.728e-06
[train] step=2534 loss=0.026644 lr=7.726e-06
[train] step=2535 loss=0.022751 lr=7.724e-06
[train] step=2536 loss=0.030790 lr=7.723e-06
[train] step=2537 loss=0.034298 lr=7.721e-06
[train] step=2538 loss=0.020996 lr=7.719e-06
[train] step=2539 loss=0.039275 lr=7.718e-06
[train] step=2540 loss=0.017855 lr=7.716e-06
[train] step=2541 loss=0.014517 lr=7.714e-06
[train] step=2542 loss=0.021688 lr=7.713e-06
[train] step=2543 loss=0.025988 lr=7.711e-06
[train] step=2544 loss=0.025725 lr=7.710e-06
[train] step=2545 loss=0.015960 lr=7.708e-06
[train] step=2546 loss=0.015361 lr=7.706e-06
[train] step=2547 loss=0.017479 lr=7.705e-06
[train] step=2548 loss=0.029909 lr=7.703e-06
[train] step=2549 loss=0.014680 lr=7.701e-06
[train] step=2550 loss=0.023347 lr=7.700e-06
[train] step=2551 loss=0.010996 lr=7.698e-06
[train] step=2552 loss=0.014859 lr=7.696e-06
[train] step=2553 loss=0.127637 lr=7.695e-06
[train] step=2554 loss=0.038824 lr=7.693e-06
[train] step=2555 loss=0.017772 lr=7.691e-06
[train] step=2556 loss=0.081193 lr=7.690e-06
[train] step=2557 loss=0.023160 lr=7.688e-06
[train] step=2558 loss=0.005993 lr=7.686e-06
[train] step=2559 loss=0.018530 lr=7.685e-06
[train] step=2560 loss=0.017998 lr=7.683e-06
[train] step=2561 loss=0.023497 lr=7.681e-06
[train] step=2562 loss=0.014976 lr=7.680e-06
[train] step=2563 loss=0.010053 lr=7.678e-06
[train] step=2564 loss=0.038714 lr=7.676e-06
[train] step=2565 loss=0.016774 lr=7.675e-06
[train] step=2566 loss=0.011972 lr=7.673e-06
[train] step=2567 loss=0.022767 lr=7.672e-06
[train] step=2568 loss=0.017256 lr=7.670e-06
[train] step=2569 loss=0.022682 lr=7.668e-06
[train] step=2570 loss=0.015902 lr=7.667e-06
[train] step=2571 loss=0.021891 lr=7.665e-06
[train] step=2572 loss=0.020418 lr=7.663e-06
[train] step=2573 loss=0.013502 lr=7.662e-06
[train] step=2574 loss=0.026662 lr=7.660e-06
[train] step=2575 loss=0.015731 lr=7.658e-06
[train] step=2576 loss=0.016668 lr=7.657e-06
[train] step=2577 loss=0.015982 lr=7.655e-06
[train] step=2578 loss=0.025211 lr=7.653e-06
[train] step=2579 loss=0.025844 lr=7.652e-06
[train] step=2580 loss=0.017567 lr=7.650e-06
[train] step=2581 loss=0.019002 lr=7.648e-06
[train] step=2582 loss=0.010321 lr=7.647e-06
[train] step=2583 loss=0.036746 lr=7.645e-06
[train] step=2584 loss=0.013236 lr=7.643e-06
[train] step=2585 loss=0.012123 lr=7.642e-06
[train] step=2586 loss=0.022111 lr=7.640e-06
[train] step=2587 loss=0.018485 lr=7.638e-06
[train] step=2588 loss=0.020830 lr=7.637e-06
[train] step=2589 loss=0.021231 lr=7.635e-06
[train] step=2590 loss=0.032443 lr=7.633e-06
[train] step=2591 loss=0.018862 lr=7.632e-06
[train] step=2592 loss=0.026207 lr=7.630e-06
[train] step=2593 loss=0.022889 lr=7.628e-06
[train] step=2594 loss=0.031360 lr=7.627e-06
[train] step=2595 loss=0.017673 lr=7.625e-06
[train] step=2596 loss=0.064485 lr=7.623e-06
[train] step=2597 loss=0.017696 lr=7.622e-06
[train] step=2598 loss=0.016489 lr=7.620e-06
[train] step=2599 loss=0.023528 lr=7.618e-06
[train] step=2600 loss=0.017848 lr=7.617e-06
[train] step=2601 loss=0.014225 lr=7.615e-06
[train] step=2602 loss=0.024081 lr=7.613e-06
[train] step=2603 loss=0.018016 lr=7.612e-06
[train] step=2604 loss=0.043516 lr=7.610e-06
[train] step=2605 loss=0.018498 lr=7.608e-06
[train] step=2606 loss=0.015360 lr=7.607e-06
[train] step=2607 loss=0.013668 lr=7.605e-06
[train] step=2608 loss=0.011166 lr=7.603e-06
[train] step=2609 loss=0.024019 lr=7.601e-06
[train] step=2610 loss=0.028687 lr=7.600e-06
[train] step=2611 loss=0.009799 lr=7.598e-06
[train] step=2612 loss=0.012174 lr=7.596e-06
[train] step=2613 loss=0.014664 lr=7.595e-06
[train] step=2614 loss=0.015792 lr=7.593e-06
[train] step=2615 loss=0.028456 lr=7.591e-06
[train] step=2616 loss=0.028052 lr=7.590e-06
[train] step=2617 loss=0.012717 lr=7.588e-06
[train] step=2618 loss=0.026776 lr=7.586e-06
[train] step=2619 loss=0.013978 lr=7.585e-06
[train] step=2620 loss=0.031621 lr=7.583e-06
[train] step=2621 loss=0.023546 lr=7.581e-06
[train] step=2622 loss=0.013520 lr=7.580e-06
[train] step=2623 loss=0.014853 lr=7.578e-06
[train] step=2624 loss=0.024387 lr=7.576e-06
[train] step=2625 loss=0.049666 lr=7.575e-06
[train] step=2626 loss=0.043240 lr=7.573e-06
[train] step=2627 loss=0.021992 lr=7.571e-06
[train] step=2628 loss=0.022388 lr=7.570e-06
[train] step=2629 loss=0.032759 lr=7.568e-06
[train] step=2630 loss=0.019217 lr=7.566e-06
[train] step=2631 loss=0.017325 lr=7.565e-06
[train] step=2632 loss=0.024286 lr=7.563e-06
[train] step=2633 loss=0.020683 lr=7.561e-06
[train] step=2634 loss=0.019093 lr=7.559e-06
[train] step=2635 loss=0.021444 lr=7.558e-06
[train] step=2636 loss=0.020126 lr=7.556e-06
[train] step=2637 loss=0.019656 lr=7.554e-06
[train] step=2638 loss=0.022180 lr=7.553e-06
[train] step=2639 loss=0.019347 lr=7.551e-06
[train] step=2640 loss=0.015455 lr=7.549e-06
INFO     [rank 0] Model weights for step 2640 saved in       dit_trainer.py:1268
         checkpoints/model_weights_step_02640.safetensors                       
INFO     [rank 0] Scalar embedding weights for step 2640     dit_trainer.py:1277
         saved                                                                  
INFO     [rank 0] Training state saved:                      dit_trainer.py:1365
         checkpoints/model_weights_step_02640.state.pt                          
DEBUG    [rank 0] Removed old checkpoint:                    dit_trainer.py:1378
         /hppfs/scratch/0D/go76fuz2/windinet/outputs/shockwa                    
         ve_dit_cosine_kl1e5/checkpoints/model_weights_step_                    
         02400.safetensors                                                      
DEBUG    [rank 0] Removed old checkpoint:                    dit_trainer.py:1378
         /hppfs/scratch/0D/go76fuz2/windinet/outputs/shockwa                    
         ve_dit_cosine_kl1e5/checkpoints/scalar_embedding_st                    
         ep_02400.safetensors                                                   
DEBUG    [rank 0] Removed optimizer state for older kept     dit_trainer.py:1393
         checkpoint:                                                            
         /hppfs/scratch/0D/go76fuz2/windinet/outputs/shockwa                    
         ve_dit_cosine_kl1e5/checkpoints/model_weights_step_                    
         02520.state.pt                                                         
[epoch 22] step=2640 train_loss=0.023253
[train] step=2641 loss=0.017239 lr=7.548e-06
[train] step=2642 loss=0.044721 lr=7.546e-06
[train] step=2643 loss=0.011862 lr=7.544e-06
[train] step=2644 loss=0.025307 lr=7.543e-06
[train] step=2645 loss=0.024156 lr=7.541e-06
[train] step=2646 loss=0.016370 lr=7.539e-06
[train] step=2647 loss=0.027319 lr=7.538e-06
[train] step=2648 loss=0.047829 lr=7.536e-06
[train] step=2649 loss=0.029605 lr=7.534e-06
[train] step=2650 loss=0.015858 lr=7.532e-06
[train] step=2651 loss=0.025861 lr=7.531e-06
[train] step=2652 loss=0.010059 lr=7.529e-06
[train] step=2653 loss=0.201441 lr=7.527e-06
[train] step=2654 loss=0.030615 lr=7.526e-06
[train] step=2655 loss=0.014031 lr=7.524e-06
[train] step=2656 loss=0.018283 lr=7.522e-06
[train] step=2657 loss=0.022641 lr=7.521e-06
[train] step=2658 loss=0.014420 lr=7.519e-06
[train] step=2659 loss=0.016363 lr=7.517e-06
[train] step=2660 loss=0.015540 lr=7.516e-06
[train] step=2661 loss=0.012968 lr=7.514e-06
[train] step=2662 loss=0.015282 lr=7.512e-06
[train] step=2663 loss=0.028819 lr=7.510e-06
[train] step=2664 loss=0.014717 lr=7.509e-06
[train] step=2665 loss=0.024239 lr=7.507e-06
[train] step=2666 loss=0.043451 lr=7.505e-06
[train] step=2667 loss=0.013629 lr=7.504e-06
[train] step=2668 loss=0.010461 lr=7.502e-06
[train] step=2669 loss=0.018800 lr=7.500e-06
[train] step=2670 loss=0.013851 lr=7.499e-06
[train] step=2671 loss=0.014533 lr=7.497e-06
[train] step=2672 loss=0.042276 lr=7.495e-06
[train] step=2673 loss=0.013083 lr=7.493e-06
[train] step=2674 loss=0.023890 lr=7.492e-06
[train] step=2675 loss=0.013804 lr=7.490e-06
[train] step=2676 loss=0.027260 lr=7.488e-06
[train] step=2677 loss=0.015076 lr=7.487e-06
[train] step=2678 loss=0.011755 lr=7.485e-06
[train] step=2679 loss=0.017986 lr=7.483e-06
[train] step=2680 loss=0.022189 lr=7.482e-06
[train] step=2681 loss=0.015080 lr=7.480e-06
[train] step=2682 loss=0.026840 lr=7.478e-06
[train] step=2683 loss=0.015165 lr=7.476e-06
[train] step=2684 loss=0.015467 lr=7.475e-06
[train] step=2685 loss=0.008775 lr=7.473e-06
[train] step=2686 loss=0.020670 lr=7.471e-06
[train] step=2687 loss=0.021134 lr=7.470e-06
[train] step=2688 loss=0.016433 lr=7.468e-06
[train] step=2689 loss=0.017731 lr=7.466e-06
[train] step=2690 loss=0.018478 lr=7.464e-06
[train] step=2691 loss=0.017381 lr=7.463e-06
[train] step=2692 loss=0.018260 lr=7.461e-06
[train] step=2693 loss=0.015703 lr=7.459e-06
[train] step=2694 loss=0.019194 lr=7.458e-06
[train] step=2695 loss=0.021674 lr=7.456e-06
[train] step=2696 loss=0.060294 lr=7.454e-06
[train] step=2697 loss=0.022535 lr=7.453e-06
[train] step=2698 loss=0.016380 lr=7.451e-06
[train] step=2699 loss=0.019807 lr=7.449e-06
[train] step=2700 loss=0.022934 lr=7.447e-06
[train] step=2701 loss=0.028410 lr=7.446e-06
[train] step=2702 loss=0.018564 lr=7.444e-06
[train] step=2703 loss=0.025850 lr=7.442e-06
[train] step=2704 loss=0.011995 lr=7.441e-06
[train] step=2705 loss=0.015204 lr=7.439e-06
[train] step=2706 loss=0.010113 lr=7.437e-06
[train] step=2707 loss=0.016073 lr=7.435e-06
[train] step=2708 loss=0.013746 lr=7.434e-06
[train] step=2709 loss=0.028568 lr=7.432e-06
[train] step=2710 loss=0.019551 lr=7.430e-06
[train] step=2711 loss=0.030313 lr=7.429e-06
[train] step=2712 loss=0.028233 lr=7.427e-06
[train] step=2713 loss=0.012871 lr=7.425e-06
[train] step=2714 loss=0.014670 lr=7.423e-06
[train] step=2715 loss=0.015402 lr=7.422e-06
[train] step=2716 loss=0.040964 lr=7.420e-06
[train] step=2717 loss=0.014891 lr=7.418e-06
[train] step=2718 loss=0.026485 lr=7.417e-06
[train] step=2719 loss=0.103673 lr=7.415e-06
[train] step=2720 loss=0.015665 lr=7.413e-06
[train] step=2721 loss=0.017738 lr=7.411e-06
[train] step=2722 loss=0.014610 lr=7.410e-06
[train] step=2723 loss=0.032673 lr=7.408e-06
[train] step=2724 loss=0.025836 lr=7.406e-06
[train] step=2725 loss=0.015931 lr=7.404e-06
[train] step=2726 loss=0.017459 lr=7.403e-06
[train] step=2727 loss=0.031858 lr=7.401e-06
[train] step=2728 loss=0.034102 lr=7.399e-06
[train] step=2729 loss=0.016301 lr=7.398e-06
[train] step=2730 loss=0.020133 lr=7.396e-06
[train] step=2731 loss=0.019432 lr=7.394e-06
[train] step=2732 loss=0.015644 lr=7.392e-06
[train] step=2733 loss=0.022972 lr=7.391e-06
[train] step=2734 loss=0.015324 lr=7.389e-06
[train] step=2735 loss=0.014275 lr=7.387e-06
[train] step=2736 loss=0.018259 lr=7.386e-06
[train] step=2737 loss=0.020927 lr=7.384e-06
[train] step=2738 loss=0.013646 lr=7.382e-06
[train] step=2739 loss=0.020015 lr=7.380e-06
[train] step=2740 loss=0.017911 lr=7.379e-06
[train] step=2741 loss=0.008115 lr=7.377e-06
[train] step=2742 loss=0.014118 lr=7.375e-06
[train] step=2743 loss=0.025936 lr=7.373e-06
[train] step=2744 loss=0.026108 lr=7.372e-06
[train] step=2745 loss=0.020902 lr=7.370e-06
[train] step=2746 loss=0.012917 lr=7.368e-06
[train] step=2747 loss=0.015130 lr=7.367e-06
[train] step=2748 loss=0.017734 lr=7.365e-06
[train] step=2749 loss=0.012966 lr=7.363e-06
[train] step=2750 loss=0.012395 lr=7.361e-06
[train] step=2751 loss=0.014873 lr=7.360e-06
[train] step=2752 loss=0.028604 lr=7.358e-06
[train] step=2753 loss=0.030530 lr=7.356e-06
[train] step=2754 loss=0.034640 lr=7.354e-06
[train] step=2755 loss=0.088112 lr=7.353e-06
[train] step=2756 loss=0.021557 lr=7.351e-06
[train] step=2757 loss=0.011248 lr=7.349e-06
[train] step=2758 loss=0.024135 lr=7.348e-06
[train] step=2759 loss=0.024379 lr=7.346e-06
[train] step=2760 loss=0.025356 lr=7.344e-06
INFO     [rank 0] Model weights for step 2760 saved in       dit_trainer.py:1268
         checkpoints/model_weights_step_02760.safetensors                       
INFO     [rank 0] Scalar embedding weights for step 2760     dit_trainer.py:1277
         saved                                                                  
INFO     [rank 0] Training state saved:                      dit_trainer.py:1365
         checkpoints/model_weights_step_02760.state.pt                          
DEBUG    [rank 0] Removed old checkpoint:                    dit_trainer.py:1378
         /hppfs/scratch/0D/go76fuz2/windinet/outputs/shockwa                    
         ve_dit_cosine_kl1e5/checkpoints/model_weights_step_                    
         02520.safetensors                                                      
DEBUG    [rank 0] Removed old checkpoint:                    dit_trainer.py:1378
         /hppfs/scratch/0D/go76fuz2/windinet/outputs/shockwa                    
         ve_dit_cosine_kl1e5/checkpoints/scalar_embedding_st                    
         ep_02520.safetensors                                                   
DEBUG    [rank 0] Removed optimizer state for older kept     dit_trainer.py:1393
         checkpoint:                                                            
         /hppfs/scratch/0D/go76fuz2/windinet/outputs/shockwa                    
         ve_dit_cosine_kl1e5/checkpoints/model_weights_step_                    
         02640.state.pt                                                         
[epoch 23] step=2760 train_loss=0.023281
[train] step=2761 loss=0.012675 lr=7.342e-06
[train] step=2762 loss=0.020421 lr=7.341e-06
[train] step=2763 loss=0.021837 lr=7.339e-06
[train] step=2764 loss=0.010678 lr=7.337e-06
[train] step=2765 loss=0.020981 lr=7.335e-06
[train] step=2766 loss=0.030411 lr=7.334e-06
[train] step=2767 loss=0.058208 lr=7.332e-06
[train] step=2768 loss=0.028862 lr=7.330e-06
[train] step=2769 loss=0.014350 lr=7.328e-06
[train] step=2770 loss=0.040584 lr=7.327e-06
[train] step=2771 loss=0.017814 lr=7.325e-06
[train] step=2772 loss=0.036050 lr=7.323e-06
[train] step=2773 loss=0.011465 lr=7.321e-06
[train] step=2774 loss=0.006999 lr=7.320e-06
[train] step=2775 loss=0.010217 lr=7.318e-06
[train] step=2776 loss=0.024599 lr=7.316e-06
[train] step=2777 loss=0.016383 lr=7.315e-06
[train] step=2778 loss=0.022511 lr=7.313e-06
[train] step=2779 loss=0.024509 lr=7.311e-06
[train] step=2780 loss=0.021265 lr=7.309e-06
[train] step=2781 loss=0.015827 lr=7.308e-06
[train] step=2782 loss=0.019443 lr=7.306e-06
[train] step=2783 loss=0.021381 lr=7.304e-06
[train] step=2784 loss=0.018061 lr=7.302e-06
[train] step=2785 loss=0.034782 lr=7.301e-06
[train] step=2786 loss=0.021137 lr=7.299e-06
[train] step=2787 loss=0.023923 lr=7.297e-06
[train] step=2788 loss=0.016524 lr=7.295e-06
[train] step=2789 loss=0.016567 lr=7.294e-06
[train] step=2790 loss=0.027343 lr=7.292e-06
[train] step=2791 loss=0.019335 lr=7.290e-06
[train] step=2792 loss=0.008758 lr=7.288e-06
[train] step=2793 loss=0.017268 lr=7.287e-06
[train] step=2794 loss=0.009821 lr=7.285e-06
[train] step=2795 loss=0.016750 lr=7.283e-06
[train] step=2796 loss=0.026813 lr=7.281e-06
[train] step=2797 loss=0.019405 lr=7.280e-06
[train] step=2798 loss=0.014479 lr=7.278e-06
[train] step=2799 loss=0.020736 lr=7.276e-06
[train] step=2800 loss=0.019051 lr=7.274e-06
[train] step=2801 loss=0.025076 lr=7.273e-06
[train] step=2802 loss=0.032555 lr=7.271e-06
[train] step=2803 loss=0.098507 lr=7.269e-06
[train] step=2804 loss=0.030160 lr=7.267e-06
[train] step=2805 loss=0.011626 lr=7.266e-06
[train] step=2806 loss=0.038018 lr=7.264e-06
[train] step=2807 loss=0.025131 lr=7.262e-06
[train] step=2808 loss=0.023644 lr=7.260e-06
[train] step=2809 loss=0.019227 lr=7.259e-06
[train] step=2810 loss=0.015713 lr=7.257e-06
[train] step=2811 loss=0.013619 lr=7.255e-06
[train] step=2812 loss=0.013048 lr=7.253e-06
[train] step=2813 loss=0.017458 lr=7.252e-06
[train] step=2814 loss=0.024434 lr=7.250e-06
[train] step=2815 loss=0.047589 lr=7.248e-06
[train] step=2816 loss=0.068816 lr=7.246e-06
[train] step=2817 loss=0.023893 lr=7.245e-06
[train] step=2818 loss=0.011809 lr=7.243e-06
[train] step=2819 loss=0.017519 lr=7.241e-06
[train] step=2820 loss=0.015534 lr=7.239e-06
[train] step=2821 loss=0.027652 lr=7.238e-06
[train] step=2822 loss=0.017643 lr=7.236e-06
[train] step=2823 loss=0.023421 lr=7.234e-06
[train] step=2824 loss=0.034131 lr=7.232e-06
[train] step=2825 loss=0.025825 lr=7.231e-06
[train] step=2826 loss=0.013733 lr=7.229e-06
[train] step=2827 loss=0.023981 lr=7.227e-06
[train] step=2828 loss=0.029768 lr=7.225e-06
[train] step=2829 loss=0.020822 lr=7.224e-06
[train] step=2830 loss=0.026071 lr=7.222e-06
[train] step=2831 loss=0.022781 lr=7.220e-06
[train] step=2832 loss=0.021064 lr=7.218e-06
[train] step=2833 loss=0.021055 lr=7.217e-06
[train] step=2834 loss=0.020279 lr=7.215e-06
[train] step=2835 loss=0.018157 lr=7.213e-06
[train] step=2836 loss=0.021493 lr=7.211e-06
[train] step=2837 loss=0.011398 lr=7.210e-06
[train] step=2838 loss=0.029827 lr=7.208e-06
[train] step=2839 loss=0.014021 lr=7.206e-06
[train] step=2840 loss=0.026465 lr=7.204e-06
[train] step=2841 loss=0.019705 lr=7.202e-06
[train] step=2842 loss=0.016843 lr=7.201e-06
[train] step=2843 loss=0.010851 lr=7.199e-06
[train] step=2844 loss=0.011689 lr=7.197e-06
[train] step=2845 loss=0.023627 lr=7.195e-06
[train] step=2846 loss=0.010988 lr=7.194e-06
[train] step=2847 loss=0.020597 lr=7.192e-06
[train] step=2848 loss=0.021206 lr=7.190e-06
[train] step=2849 loss=0.090976 lr=7.188e-06
[train] step=2850 loss=0.039786 lr=7.187e-06
[train] step=2851 loss=0.021557 lr=7.185e-06
[train] step=2852 loss=0.010837 lr=7.183e-06
[train] step=2853 loss=0.016976 lr=7.181e-06
[train] step=2854 loss=0.015117 lr=7.180e-06
[train] step=2855 loss=0.040724 lr=7.178e-06
[train] step=2856 loss=0.012616 lr=7.176e-06
[train] step=2857 loss=0.022668 lr=7.174e-06
[train] step=2858 loss=0.011749 lr=7.173e-06
[train] step=2859 loss=0.027534 lr=7.171e-06
[train] step=2860 loss=0.020508 lr=7.169e-06
[train] step=2861 loss=0.016503 lr=7.167e-06
[train] step=2862 loss=0.037447 lr=7.165e-06
[train] step=2863 loss=0.013680 lr=7.164e-06
[train] step=2864 loss=0.015588 lr=7.162e-06
[train] step=2865 loss=0.053089 lr=7.160e-06
[train] step=2866 loss=0.016449 lr=7.158e-06
[train] step=2867 loss=0.066472 lr=7.157e-06
[train] step=2868 loss=0.020396 lr=7.155e-06
[train] step=2869 loss=0.021436 lr=7.153e-06
[train] step=2870 loss=0.027349 lr=7.151e-06
[train] step=2871 loss=0.009520 lr=7.149e-06
[train] step=2872 loss=0.017845 lr=7.148e-06
[train] step=2873 loss=0.026739 lr=7.146e-06
[train] step=2874 loss=0.025257 lr=7.144e-06
[train] step=2875 loss=0.014391 lr=7.142e-06
[train] step=2876 loss=0.033274 lr=7.141e-06
[train] step=2877 loss=0.028685 lr=7.139e-06
[train] step=2878 loss=0.015086 lr=7.137e-06
[train] step=2879 loss=0.013616 lr=7.135e-06
[train] step=2880 loss=0.016191 lr=7.134e-06
INFO     [rank 0] Model weights for step 2880 saved in       dit_trainer.py:1268
         checkpoints/model_weights_step_02880.safetensors                       
INFO     [rank 0] Scalar embedding weights for step 2880     dit_trainer.py:1277
         saved                                                                  
INFO     [rank 0] Training state saved:                      dit_trainer.py:1365
         checkpoints/model_weights_step_02880.state.pt                          
DEBUG    [rank 0] Removed old checkpoint:                    dit_trainer.py:1378
         /hppfs/scratch/0D/go76fuz2/windinet/outputs/shockwa                    
         ve_dit_cosine_kl1e5/checkpoints/model_weights_step_                    
         02640.safetensors                                                      
DEBUG    [rank 0] Removed old checkpoint:                    dit_trainer.py:1378
         /hppfs/scratch/0D/go76fuz2/windinet/outputs/shockwa                    
         ve_dit_cosine_kl1e5/checkpoints/scalar_embedding_st                    
         ep_02640.safetensors                                                   
DEBUG    [rank 0] Removed optimizer state for older kept     dit_trainer.py:1393
         checkpoint:                                                            
         /hppfs/scratch/0D/go76fuz2/windinet/outputs/shockwa                    
         ve_dit_cosine_kl1e5/checkpoints/model_weights_step_                    
         02760.state.pt                                                         
[epoch 24] step=2880 train_loss=0.023549
[train] step=2881 loss=0.019703 lr=7.132e-06
[train] step=2882 loss=0.022153 lr=7.130e-06
[train] step=2883 loss=0.034212 lr=7.128e-06
[train] step=2884 loss=0.021575 lr=7.126e-06
[train] step=2885 loss=0.017330 lr=7.125e-06
[train] step=2886 loss=0.012380 lr=7.123e-06
[train] step=2887 loss=0.029890 lr=7.121e-06
[train] step=2888 loss=0.047928 lr=7.119e-06
[train] step=2889 loss=0.023956 lr=7.118e-06
[train] step=2890 loss=0.016514 lr=7.116e-06
[train] step=2891 loss=0.014773 lr=7.114e-06
[train] step=2892 loss=0.025575 lr=7.112e-06
[train] step=2893 loss=0.019828 lr=7.110e-06
[train] step=2894 loss=0.012923 lr=7.109e-06
[train] step=2895 loss=0.022742 lr=7.107e-06
[train] step=2896 loss=0.064316 lr=7.105e-06
[train] step=2897 loss=0.014323 lr=7.103e-06
[train] step=2898 loss=0.015952 lr=7.102e-06
[train] step=2899 loss=0.011958 lr=7.100e-06
[train] step=2900 loss=0.033032 lr=7.098e-06
[train] step=2901 loss=0.026234 lr=7.096e-06
[train] step=2902 loss=0.013543 lr=7.094e-06
[train] step=2903 loss=0.020606 lr=7.093e-06
[train] step=2904 loss=0.022650 lr=7.091e-06
[train] step=2905 loss=0.015653 lr=7.089e-06
[train] step=2906 loss=0.033756 lr=7.087e-06
[train] step=2907 loss=0.018497 lr=7.086e-06
[train] step=2908 loss=0.016221 lr=7.084e-06
[train] step=2909 loss=0.015835 lr=7.082e-06
[train] step=2910 loss=0.028578 lr=7.080e-06
[train] step=2911 loss=0.019386 lr=7.078e-06
[train] step=2912 loss=0.013215 lr=7.077e-06
[train] step=2913 loss=0.030452 lr=7.075e-06
[train] step=2914 loss=0.012221 lr=7.073e-06
[train] step=2915 loss=0.026202 lr=7.071e-06
[train] step=2916 loss=0.025844 lr=7.069e-06
[train] step=2917 loss=0.015545 lr=7.068e-06
[train] step=2918 loss=0.013296 lr=7.066e-06
[train] step=2919 loss=0.022219 lr=7.064e-06
[train] step=2920 loss=0.061421 lr=7.062e-06
[train] step=2921 loss=0.019822 lr=7.061e-06
[train] step=2922 loss=0.023309 lr=7.059e-06
[train] step=2923 loss=0.030841 lr=7.057e-06
[train] step=2924 loss=0.020299 lr=7.055e-06
[train] step=2925 loss=0.013745 lr=7.053e-06
[train] step=2926 loss=0.043215 lr=7.052e-06
[train] step=2927 loss=0.017201 lr=7.050e-06
[train] step=2928 loss=0.020007 lr=7.048e-06
[train] step=2929 loss=0.019752 lr=7.046e-06
[train] step=2930 loss=0.033161 lr=7.044e-06
[train] step=2931 loss=0.019047 lr=7.043e-06
[train] step=2932 loss=0.006866 lr=7.041e-06
[train] step=2933 loss=0.020892 lr=7.039e-06
[train] step=2934 loss=0.034933 lr=7.037e-06
[train] step=2935 loss=0.024261 lr=7.035e-06
[train] step=2936 loss=0.034093 lr=7.034e-06
[train] step=2937 loss=0.022061 lr=7.032e-06
[train] step=2938 loss=0.016317 lr=7.030e-06
[train] step=2939 loss=0.014468 lr=7.028e-06
[train] step=2940 loss=0.016092 lr=7.026e-06
[train] step=2941 loss=0.013915 lr=7.025e-06
[train] step=2942 loss=0.024786 lr=7.023e-06
[train] step=2943 loss=0.013913 lr=7.021e-06
[train] step=2944 loss=0.031952 lr=7.019e-06
[train] step=2945 loss=0.012495 lr=7.018e-06
[train] step=2946 loss=0.017087 lr=7.016e-06
[train] step=2947 loss=0.064030 lr=7.014e-06
[train] step=2948 loss=0.010752 lr=7.012e-06
[train] step=2949 loss=0.015335 lr=7.010e-06
[train] step=2950 loss=0.065097 lr=7.009e-06
[train] step=2951 loss=0.009413 lr=7.007e-06
[train] step=2952 loss=0.014852 lr=7.005e-06
[train] step=2953 loss=0.017017 lr=7.003e-06
[train] step=2954 loss=0.017894 lr=7.001e-06
[train] step=2955 loss=0.016207 lr=7.000e-06
[train] step=2956 loss=0.025656 lr=6.998e-06
[train] step=2957 loss=0.025182 lr=6.996e-06
[train] step=2958 loss=0.020962 lr=6.994e-06
[train] step=2959 loss=0.015675 lr=6.992e-06
[train] step=2960 loss=0.023625 lr=6.991e-06
[train] step=2961 loss=0.024185 lr=6.989e-06
[train] step=2962 loss=0.040521 lr=6.987e-06
[train] step=2963 loss=0.012063 lr=6.985e-06
[train] step=2964 loss=0.024378 lr=6.983e-06
[train] step=2965 loss=0.033660 lr=6.982e-06
[train] step=2966 loss=0.023564 lr=6.980e-06
[train] step=2967 loss=0.018623 lr=6.978e-06
[train] step=2968 loss=0.023636 lr=6.976e-06
[train] step=2969 loss=0.011847 lr=6.974e-06
[train] step=2970 loss=0.022879 lr=6.973e-06
[train] step=2971 loss=0.013629 lr=6.971e-06
[train] step=2972 loss=0.015625 lr=6.969e-06
[train] step=2973 loss=0.009844 lr=6.967e-06
[train] step=2974 loss=0.014787 lr=6.965e-06
[train] step=2975 loss=0.020343 lr=6.964e-06
[train] step=2976 loss=0.017623 lr=6.962e-06
[train] step=2977 loss=0.013391 lr=6.960e-06
[train] step=2978 loss=0.012335 lr=6.958e-06
[train] step=2979 loss=0.021493 lr=6.956e-06
[train] step=2980 loss=0.015432 lr=6.954e-06
[train] step=2981 loss=0.021525 lr=6.953e-06
[train] step=2982 loss=0.016566 lr=6.951e-06
[train] step=2983 loss=0.044437 lr=6.949e-06
[train] step=2984 loss=0.019570 lr=6.947e-06
[train] step=2985 loss=0.027478 lr=6.945e-06
[train] step=2986 loss=0.026272 lr=6.944e-06
[train] step=2987 loss=0.017846 lr=6.942e-06
[train] step=2988 loss=0.017177 lr=6.940e-06
[train] step=2989 loss=0.014929 lr=6.938e-06
[train] step=2990 loss=0.020593 lr=6.936e-06
[train] step=2991 loss=0.020088 lr=6.935e-06
[train] step=2992 loss=0.008603 lr=6.933e-06
[train] step=2993 loss=0.035760 lr=6.931e-06
[train] step=2994 loss=0.048803 lr=6.929e-06
[train] step=2995 loss=0.042248 lr=6.927e-06
[train] step=2996 loss=0.014775 lr=6.926e-06
[train] step=2997 loss=0.013441 lr=6.924e-06
[train] step=2998 loss=0.013538 lr=6.922e-06
[train] step=2999 loss=0.010785 lr=6.920e-06
[train] step=3000 loss=0.077883 lr=6.918e-06
[val] step=3000 val_loss=0.023169
INFO     [rank 0] Model weights for step 3000 saved in       dit_trainer.py:1268
         checkpoints/model_weights_step_03000.safetensors                       
INFO     [rank 0] Scalar embedding weights for step 3000     dit_trainer.py:1277
         saved                                                                  
INFO     [rank 0] Training state saved:                      dit_trainer.py:1365
         checkpoints/model_weights_step_03000.state.pt                          
INFO     [rank 0] New best checkpoint (step 3000,            dit_trainer.py:1300
         val_loss=0.023169):                                                    
         checkpoints/model_weights_best.safetensors                             
DEBUG    [rank 0] Removed old checkpoint:                    dit_trainer.py:1378
         /hppfs/scratch/0D/go76fuz2/windinet/outputs/shockwa                    
         ve_dit_cosine_kl1e5/checkpoints/model_weights_step_                    
         02760.safetensors                                                      
DEBUG    [rank 0] Removed old checkpoint:                    dit_trainer.py:1378
         /hppfs/scratch/0D/go76fuz2/windinet/outputs/shockwa                    
         ve_dit_cosine_kl1e5/checkpoints/scalar_embedding_st                    
         ep_02760.safetensors                                                   
DEBUG    [rank 0] Removed optimizer state for older kept     dit_trainer.py:1393
         checkpoint:                                                            
         /hppfs/scratch/0D/go76fuz2/windinet/outputs/shockwa                    
         ve_dit_cosine_kl1e5/checkpoints/model_weights_step_                    
         02880.state.pt                                                         
[epoch 25] step=3000 train_loss=0.022326 val_loss=0.023169
[train] step=3001 loss=0.021484 lr=6.917e-06
[train] step=3002 loss=0.016063 lr=6.915e-06
[train] step=3003 loss=0.019364 lr=6.913e-06
[train] step=3004 loss=0.022284 lr=6.911e-06
[train] step=3005 loss=0.017644 lr=6.909e-06
[train] step=3006 loss=0.019357 lr=6.907e-06
[train] step=3007 loss=0.039433 lr=6.906e-06
[train] step=3008 loss=0.015443 lr=6.904e-06
[train] step=3009 loss=0.054517 lr=6.902e-06
[train] step=3010 loss=0.021751 lr=6.900e-06
[train] step=3011 loss=0.022059 lr=6.898e-06
[train] step=3012 loss=0.023058 lr=6.897e-06
[train] step=3013 loss=0.009469 lr=6.895e-06
[train] step=3014 loss=0.013536 lr=6.893e-06
[train] step=3015 loss=0.077089 lr=6.891e-06
[train] step=3016 loss=0.013915 lr=6.889e-06
[train] step=3017 loss=0.022471 lr=6.887e-06
[train] step=3018 loss=0.018710 lr=6.886e-06
[train] step=3019 loss=0.015636 lr=6.884e-06
[train] step=3020 loss=0.077443 lr=6.882e-06
[train] step=3021 loss=0.014541 lr=6.880e-06
[train] step=3022 loss=0.018532 lr=6.878e-06
[train] step=3023 loss=0.018638 lr=6.877e-06
[train] step=3024 loss=0.021053 lr=6.875e-06
[train] step=3025 loss=0.019296 lr=6.873e-06
[train] step=3026 loss=0.036778 lr=6.871e-06
[train] step=3027 loss=0.026815 lr=6.869e-06
[train] step=3028 loss=0.013467 lr=6.867e-06
[train] step=3029 loss=0.024676 lr=6.866e-06
[train] step=3030 loss=0.013729 lr=6.864e-06
[train] step=3031 loss=0.016587 lr=6.862e-06
[train] step=3032 loss=0.013044 lr=6.860e-06
[train] step=3033 loss=0.034753 lr=6.858e-06
[train] step=3034 loss=0.012452 lr=6.857e-06
[train] step=3035 loss=0.014103 lr=6.855e-06
[train] step=3036 loss=0.017581 lr=6.853e-06
[train] step=3037 loss=0.013679 lr=6.851e-06
[train] step=3038 loss=0.021149 lr=6.849e-06
[train] step=3039 loss=0.009092 lr=6.847e-06
[train] step=3040 loss=0.020385 lr=6.846e-06
[train] step=3041 loss=0.099278 lr=6.844e-06
[train] step=3042 loss=0.030292 lr=6.842e-06
[train] step=3043 loss=0.019579 lr=6.840e-06
[train] step=3044 loss=0.026976 lr=6.838e-06
[train] step=3045 loss=0.022749 lr=6.836e-06
[train] step=3046 loss=0.019001 lr=6.835e-06
[train] step=3047 loss=0.021817 lr=6.833e-06
[train] step=3048 loss=0.013799 lr=6.831e-06
[train] step=3049 loss=0.034468 lr=6.829e-06
[train] step=3050 loss=0.030356 lr=6.827e-06
[train] step=3051 loss=0.028681 lr=6.826e-06
[train] step=3052 loss=0.022174 lr=6.824e-06
[train] step=3053 loss=0.033442 lr=6.822e-06
[train] step=3054 loss=0.032098 lr=6.820e-06
[train] step=3055 loss=0.016074 lr=6.818e-06
[train] step=3056 loss=0.012856 lr=6.816e-06
[train] step=3057 loss=0.075284 lr=6.815e-06
[train] step=3058 loss=0.013677 lr=6.813e-06
[train] step=3059 loss=0.007872 lr=6.811e-06
[train] step=3060 loss=0.021510 lr=6.809e-06
[train] step=3061 loss=0.021786 lr=6.807e-06
[train] step=3062 loss=0.017863 lr=6.805e-06
[train] step=3063 loss=0.023764 lr=6.804e-06
[train] step=3064 loss=0.013153 lr=6.802e-06
[train] step=3065 loss=0.014849 lr=6.800e-06
[train] step=3066 loss=0.026411 lr=6.798e-06
[train] step=3067 loss=0.013785 lr=6.796e-06
[train] step=3068 loss=0.024558 lr=6.794e-06
[train] step=3069 loss=0.013157 lr=6.793e-06
[train] step=3070 loss=0.014712 lr=6.791e-06
[train] step=3071 loss=0.015464 lr=6.789e-06
[train] step=3072 loss=0.022845 lr=6.787e-06
[train] step=3073 loss=0.014469 lr=6.785e-06
[train] step=3074 loss=0.058654 lr=6.783e-06
[train] step=3075 loss=0.035520 lr=6.782e-06
[train] step=3076 loss=0.021602 lr=6.780e-06
[train] step=3077 loss=0.011026 lr=6.778e-06
[train] step=3078 loss=0.018594 lr=6.776e-06
[train] step=3079 loss=0.029052 lr=6.774e-06
[train] step=3080 loss=0.030830 lr=6.772e-06
[train] step=3081 loss=0.039618 lr=6.771e-06
[train] step=3082 loss=0.020743 lr=6.769e-06
[train] step=3083 loss=0.015852 lr=6.767e-06
[train] step=3084 loss=0.012408 lr=6.765e-06
[train] step=3085 loss=0.014317 lr=6.763e-06
[train] step=3086 loss=0.015954 lr=6.761e-06
[train] step=3087 loss=0.014973 lr=6.760e-06
[train] step=3088 loss=0.024964 lr=6.758e-06
[train] step=3089 loss=0.027998 lr=6.756e-06
[train] step=3090 loss=0.020435 lr=6.754e-06
[train] step=3091 loss=0.017764 lr=6.752e-06
[train] step=3092 loss=0.026881 lr=6.750e-06
[train] step=3093 loss=0.020823 lr=6.749e-06
[train] step=3094 loss=0.016599 lr=6.747e-06
[train] step=3095 loss=0.021130 lr=6.745e-06
[train] step=3096 loss=0.017090 lr=6.743e-06
[train] step=3097 loss=0.012358 lr=6.741e-06
[train] step=3098 loss=0.022368 lr=6.739e-06
[train] step=3099 loss=0.079218 lr=6.738e-06
[train] step=3100 loss=0.017402 lr=6.736e-06
[train] step=3101 loss=0.012867 lr=6.734e-06
[train] step=3102 loss=0.015243 lr=6.732e-06
[train] step=3103 loss=0.031810 lr=6.730e-06
[train] step=3104 loss=0.027176 lr=6.728e-06
[train] step=3105 loss=0.036422 lr=6.726e-06
[train] step=3106 loss=0.020064 lr=6.725e-06
[train] step=3107 loss=0.023885 lr=6.723e-06
[train] step=3108 loss=0.010628 lr=6.721e-06
[train] step=3109 loss=0.022125 lr=6.719e-06
[train] step=3110 loss=0.017057 lr=6.717e-06
[train] step=3111 loss=0.026782 lr=6.715e-06
[train] step=3112 loss=0.016957 lr=6.714e-06
[train] step=3113 loss=0.069959 lr=6.712e-06
[train] step=3114 loss=0.061141 lr=6.710e-06
[train] step=3115 loss=0.024648 lr=6.708e-06
[train] step=3116 loss=0.035271 lr=6.706e-06
[train] step=3117 loss=0.018738 lr=6.704e-06
[train] step=3118 loss=0.016676 lr=6.703e-06
[train] step=3119 loss=0.026187 lr=6.701e-06
[train] step=3120 loss=0.016559 lr=6.699e-06
INFO     [rank 0] Model weights for step 3120 saved in       dit_trainer.py:1268
         checkpoints/model_weights_step_03120.safetensors                       
INFO     [rank 0] Scalar embedding weights for step 3120     dit_trainer.py:1277
         saved                                                                  
INFO     [rank 0] Training state saved:                      dit_trainer.py:1365
         checkpoints/model_weights_step_03120.state.pt                          
DEBUG    [rank 0] Removed old checkpoint:                    dit_trainer.py:1378
         /hppfs/scratch/0D/go76fuz2/windinet/outputs/shockwa                    
         ve_dit_cosine_kl1e5/checkpoints/model_weights_step_                    
         02880.safetensors                                                      
DEBUG    [rank 0] Removed old checkpoint:                    dit_trainer.py:1378
         /hppfs/scratch/0D/go76fuz2/windinet/outputs/shockwa                    
         ve_dit_cosine_kl1e5/checkpoints/scalar_embedding_st                    
         ep_02880.safetensors                                                   
DEBUG    [rank 0] Removed optimizer state for older kept     dit_trainer.py:1393
         checkpoint:                                                            
         /hppfs/scratch/0D/go76fuz2/windinet/outputs/shockwa                    
         ve_dit_cosine_kl1e5/checkpoints/model_weights_step_                    
         03000.state.pt                                                         
[epoch 26] step=3120 train_loss=0.024963
[train] step=3121 loss=0.016384 lr=6.697e-06
[train] step=3122 loss=0.017118 lr=6.695e-06
[train] step=3123 loss=0.033375 lr=6.693e-06
[train] step=3124 loss=0.021667 lr=6.691e-06
[train] step=3125 loss=0.015083 lr=6.690e-06
[train] step=3126 loss=0.011641 lr=6.688e-06
[train] step=3127 loss=0.015238 lr=6.686e-06
[train] step=3128 loss=0.014371 lr=6.684e-06
[train] step=3129 loss=0.012061 lr=6.682e-06
[train] step=3130 loss=0.019422 lr=6.680e-06
[train] step=3131 loss=0.022960 lr=6.679e-06
[train] step=3132 loss=0.030194 lr=6.677e-06
[train] step=3133 loss=0.011327 lr=6.675e-06
[train] step=3134 loss=0.016341 lr=6.673e-06
[train] step=3135 loss=0.029341 lr=6.671e-06
[train] step=3136 loss=0.012441 lr=6.669e-06
[train] step=3137 loss=0.016452 lr=6.667e-06
[train] step=3138 loss=0.023745 lr=6.666e-06
[train] step=3139 loss=0.014272 lr=6.664e-06
[train] step=3140 loss=0.012243 lr=6.662e-06
[train] step=3141 loss=0.029972 lr=6.660e-06
[train] step=3142 loss=0.022771 lr=6.658e-06
[train] step=3143 loss=0.014719 lr=6.656e-06
[train] step=3144 loss=0.024024 lr=6.654e-06
[train] step=3145 loss=0.018353 lr=6.653e-06
[train] step=3146 loss=0.010833 lr=6.651e-06
[train] step=3147 loss=0.034936 lr=6.649e-06
[train] step=3148 loss=0.022763 lr=6.647e-06
[train] step=3149 loss=0.030171 lr=6.645e-06
[train] step=3150 loss=0.019222 lr=6.643e-06
[train] step=3151 loss=0.012150 lr=6.642e-06
[train] step=3152 loss=0.027097 lr=6.640e-06
[train] step=3153 loss=0.011018 lr=6.638e-06
[train] step=3154 loss=0.007089 lr=6.636e-06
[train] step=3155 loss=0.012267 lr=6.634e-06
[train] step=3156 loss=0.023382 lr=6.632e-06
[train] step=3157 loss=0.013784 lr=6.630e-06
[train] step=3158 loss=0.014607 lr=6.629e-06
[train] step=3159 loss=0.018136 lr=6.627e-06
[train] step=3160 loss=0.015674 lr=6.625e-06
[train] step=3161 loss=0.023467 lr=6.623e-06
[train] step=3162 loss=0.007253 lr=6.621e-06
[train] step=3163 loss=0.016088 lr=6.619e-06
[train] step=3164 loss=0.012905 lr=6.617e-06
[train] step=3165 loss=0.017546 lr=6.616e-06
[train] step=3166 loss=0.013620 lr=6.614e-06
[train] step=3167 loss=0.013808 lr=6.612e-06
[train] step=3168 loss=0.017948 lr=6.610e-06
[train] step=3169 loss=0.019438 lr=6.608e-06
[train] step=3170 loss=0.008809 lr=6.606e-06
[train] step=3171 loss=0.018319 lr=6.604e-06
[train] step=3172 loss=0.017349 lr=6.603e-06
[train] step=3173 loss=0.012147 lr=6.601e-06
[train] step=3174 loss=0.019381 lr=6.599e-06
[train] step=3175 loss=0.014958 lr=6.597e-06
[train] step=3176 loss=0.019763 lr=6.595e-06
[train] step=3177 loss=0.021620 lr=6.593e-06
[train] step=3178 loss=0.013056 lr=6.591e-06
[train] step=3179 loss=0.025539 lr=6.590e-06
[train] step=3180 loss=0.018477 lr=6.588e-06
[train] step=3181 loss=0.018356 lr=6.586e-06
[train] step=3182 loss=0.012428 lr=6.584e-06
[train] step=3183 loss=0.014483 lr=6.582e-06
[train] step=3184 loss=0.019235 lr=6.580e-06
[train] step=3185 loss=0.039812 lr=6.578e-06
[train] step=3186 loss=0.011755 lr=6.576e-06
[train] step=3187 loss=0.017979 lr=6.575e-06
[train] step=3188 loss=0.017723 lr=6.573e-06
[train] step=3189 loss=0.070648 lr=6.571e-06
[train] step=3190 loss=0.027180 lr=6.569e-06
[train] step=3191 loss=0.017203 lr=6.567e-06
[train] step=3192 loss=0.016486 lr=6.565e-06
[train] step=3193 loss=0.018383 lr=6.563e-06
[train] step=3194 loss=0.023768 lr=6.562e-06
[train] step=3195 loss=0.025072 lr=6.560e-06
[train] step=3196 loss=0.020355 lr=6.558e-06
[train] step=3197 loss=0.011705 lr=6.556e-06
[train] step=3198 loss=0.025949 lr=6.554e-06
[train] step=3199 loss=0.021870 lr=6.552e-06
[train] step=3200 loss=0.014913 lr=6.550e-06
[train] step=3201 loss=0.029974 lr=6.549e-06
[train] step=3202 loss=0.012021 lr=6.547e-06
[train] step=3203 loss=0.051827 lr=6.545e-06
[train] step=3204 loss=0.011877 lr=6.543e-06
[train] step=3205 loss=0.012662 lr=6.541e-06
[train] step=3206 loss=0.021355 lr=6.539e-06
[train] step=3207 loss=0.051176 lr=6.537e-06
[train] step=3208 loss=0.007924 lr=6.535e-06
[train] step=3209 loss=0.011486 lr=6.534e-06
[train] step=3210 loss=0.017432 lr=6.532e-06
[train] step=3211 loss=0.018783 lr=6.530e-06
[train] step=3212 loss=0.040587 lr=6.528e-06
[train] step=3213 loss=0.014290 lr=6.526e-06
[train] step=3214 loss=0.019881 lr=6.524e-06
[train] step=3215 loss=0.042503 lr=6.522e-06
[train] step=3216 loss=0.022638 lr=6.521e-06
[train] step=3217 loss=0.020336 lr=6.519e-06
[train] step=3218 loss=0.030817 lr=6.517e-06
[train] step=3219 loss=0.020892 lr=6.515e-06
[train] step=3220 loss=0.023766 lr=6.513e-06
[train] step=3221 loss=0.017463 lr=6.511e-06
[train] step=3222 loss=0.040258 lr=6.509e-06
[train] step=3223 loss=0.050428 lr=6.507e-06
[train] step=3224 loss=0.029799 lr=6.506e-06
[train] step=3225 loss=0.015067 lr=6.504e-06
[train] step=3226 loss=0.036658 lr=6.502e-06
[train] step=3227 loss=0.011565 lr=6.500e-06
[train] step=3228 loss=0.018216 lr=6.498e-06
[train] step=3229 loss=0.007507 lr=6.496e-06
[train] step=3230 loss=0.016401 lr=6.494e-06
[train] step=3231 loss=0.015919 lr=6.492e-06
[train] step=3232 loss=0.031503 lr=6.491e-06
[train] step=3233 loss=0.013607 lr=6.489e-06
[train] step=3234 loss=0.015839 lr=6.487e-06
[train] step=3235 loss=0.015755 lr=6.485e-06
[train] step=3236 loss=0.010977 lr=6.483e-06
[train] step=3237 loss=0.022649 lr=6.481e-06
[train] step=3238 loss=0.011448 lr=6.479e-06
[train] step=3239 loss=0.011543 lr=6.477e-06
[train] step=3240 loss=0.016874 lr=6.476e-06
INFO     [rank 0] Model weights for step 3240 saved in       dit_trainer.py:1268
         checkpoints/model_weights_step_03240.safetensors                       
INFO     [rank 0] Scalar embedding weights for step 3240     dit_trainer.py:1277
         saved                                                                  
INFO     [rank 0] Training state saved:                      dit_trainer.py:1365
         checkpoints/model_weights_step_03240.state.pt                          
DEBUG    [rank 0] Removed old checkpoint:                    dit_trainer.py:1378
         /hppfs/scratch/0D/go76fuz2/windinet/outputs/shockwa                    
         ve_dit_cosine_kl1e5/checkpoints/model_weights_step_                    
         03000.safetensors                                                      
DEBUG    [rank 0] Removed old checkpoint:                    dit_trainer.py:1378
         /hppfs/scratch/0D/go76fuz2/windinet/outputs/shockwa                    
         ve_dit_cosine_kl1e5/checkpoints/scalar_embedding_st                    
         ep_03000.safetensors                                                   
DEBUG    [rank 0] Removed optimizer state for older kept     dit_trainer.py:1393
         checkpoint:                                                            
         /hppfs/scratch/0D/go76fuz2/windinet/outputs/shockwa                    
         ve_dit_cosine_kl1e5/checkpoints/model_weights_step_                    
         03120.state.pt                                                         
[epoch 27] step=3240 train_loss=0.020140
[train] step=3241 loss=0.013695 lr=6.474e-06
[train] step=3242 loss=0.023063 lr=6.472e-06
[train] step=3243 loss=0.030374 lr=6.470e-06
[train] step=3244 loss=0.020130 lr=6.468e-06
[train] step=3245 loss=0.014770 lr=6.466e-06
[train] step=3246 loss=0.013617 lr=6.464e-06
[train] step=3247 loss=0.012109 lr=6.462e-06
[train] step=3248 loss=0.014310 lr=6.461e-06
[train] step=3249 loss=0.020775 lr=6.459e-06
[train] step=3250 loss=0.009493 lr=6.457e-06
[train] step=3251 loss=0.016826 lr=6.455e-06
[train] step=3252 loss=0.034981 lr=6.453e-06
[train] step=3253 loss=0.012623 lr=6.451e-06
[train] step=3254 loss=0.020703 lr=6.449e-06
[train] step=3255 loss=0.025284 lr=6.447e-06
[train] step=3256 loss=0.019476 lr=6.446e-06
[train] step=3257 loss=0.014848 lr=6.444e-06
[train] step=3258 loss=0.024962 lr=6.442e-06
[train] step=3259 loss=0.011510 lr=6.440e-06
[train] step=3260 loss=0.012611 lr=6.438e-06
[train] step=3261 loss=0.011788 lr=6.436e-06
[train] step=3262 loss=0.018337 lr=6.434e-06
[train] step=3263 loss=0.018255 lr=6.432e-06
[train] step=3264 loss=0.017220 lr=6.431e-06
[train] step=3265 loss=0.016464 lr=6.429e-06
[train] step=3266 loss=0.011221 lr=6.427e-06
[train] step=3267 loss=0.020161 lr=6.425e-06
[train] step=3268 loss=0.016955 lr=6.423e-06
[train] step=3269 loss=0.010980 lr=6.421e-06
[train] step=3270 loss=0.033930 lr=6.419e-06
[train] step=3271 loss=0.032891 lr=6.417e-06
[train] step=3272 loss=0.020742 lr=6.416e-06
[train] step=3273 loss=0.010485 lr=6.414e-06
[train] step=3274 loss=0.047475 lr=6.412e-06
[train] step=3275 loss=0.017045 lr=6.410e-06
[train] step=3276 loss=0.021091 lr=6.408e-06
[train] step=3277 loss=0.016679 lr=6.406e-06
[train] step=3278 loss=0.020729 lr=6.404e-06
[train] step=3279 loss=0.023970 lr=6.402e-06
[train] step=3280 loss=0.019095 lr=6.400e-06
[train] step=3281 loss=0.022656 lr=6.399e-06
[train] step=3282 loss=0.051738 lr=6.397e-06
[train] step=3283 loss=0.028992 lr=6.395e-06
[train] step=3284 loss=0.020765 lr=6.393e-06
[train] step=3285 loss=0.014888 lr=6.391e-06
[train] step=3286 loss=0.043730 lr=6.389e-06
[train] step=3287 loss=0.012375 lr=6.387e-06
[train] step=3288 loss=0.033027 lr=6.385e-06
[train] step=3289 loss=0.007806 lr=6.383e-06
[train] step=3290 loss=0.022462 lr=6.382e-06
[train] step=3291 loss=0.037308 lr=6.380e-06
[train] step=3292 loss=0.034325 lr=6.378e-06
[train] step=3293 loss=0.029124 lr=6.376e-06
[train] step=3294 loss=0.018717 lr=6.374e-06
[train] step=3295 loss=0.038590 lr=6.372e-06
[train] step=3296 loss=0.013492 lr=6.370e-06
[train] step=3297 loss=0.017861 lr=6.368e-06
[train] step=3298 loss=0.019420 lr=6.367e-06
[train] step=3299 loss=0.016420 lr=6.365e-06
[train] step=3300 loss=0.014053 lr=6.363e-06
[train] step=3301 loss=0.030446 lr=6.361e-06
[train] step=3302 loss=0.023215 lr=6.359e-06
[train] step=3303 loss=0.020728 lr=6.357e-06
[train] step=3304 loss=0.040157 lr=6.355e-06
[train] step=3305 loss=0.019791 lr=6.353e-06
[train] step=3306 loss=0.005981 lr=6.351e-06
[train] step=3307 loss=0.010889 lr=6.350e-06
[train] step=3308 loss=0.016315 lr=6.348e-06
[train] step=3309 loss=0.018644 lr=6.346e-06
[train] step=3310 loss=0.013639 lr=6.344e-06
[train] step=3311 loss=0.012237 lr=6.342e-06
[train] step=3312 loss=0.020024 lr=6.340e-06
[train] step=3313 loss=0.026037 lr=6.338e-06
[train] step=3314 loss=0.018012 lr=6.336e-06
[train] step=3315 loss=0.027026 lr=6.334e-06
[train] step=3316 loss=0.012890 lr=6.333e-06
[train] step=3317 loss=0.024829 lr=6.331e-06
[train] step=3318 loss=0.012796 lr=6.329e-06
[train] step=3319 loss=0.042739 lr=6.327e-06
[train] step=3320 loss=0.012365 lr=6.325e-06
[train] step=3321 loss=0.013106 lr=6.323e-06
[train] step=3322 loss=0.017713 lr=6.321e-06
[train] step=3323 loss=0.028815 lr=6.319e-06
[train] step=3324 loss=0.022498 lr=6.317e-06
[train] step=3325 loss=0.016296 lr=6.315e-06
[train] step=3326 loss=0.010115 lr=6.314e-06
[train] step=3327 loss=0.010661 lr=6.312e-06
[train] step=3328 loss=0.016630 lr=6.310e-06
[train] step=3329 loss=0.015795 lr=6.308e-06
[train] step=3330 loss=0.023444 lr=6.306e-06
[train] step=3331 loss=0.008297 lr=6.304e-06
[train] step=3332 loss=0.015916 lr=6.302e-06
[train] step=3333 loss=0.027132 lr=6.300e-06
[train] step=3334 loss=0.026218 lr=6.298e-06
[train] step=3335 loss=0.022621 lr=6.297e-06
[train] step=3336 loss=0.030006 lr=6.295e-06
[train] step=3337 loss=0.017605 lr=6.293e-06
[train] step=3338 loss=0.022688 lr=6.291e-06
[train] step=3339 loss=0.077575 lr=6.289e-06
[train] step=3340 loss=0.026084 lr=6.287e-06
[train] step=3341 loss=0.016786 lr=6.285e-06
[train] step=3342 loss=0.021210 lr=6.283e-06
[train] step=3343 loss=0.032433 lr=6.281e-06
[train] step=3344 loss=0.031425 lr=6.279e-06
[train] step=3345 loss=0.018215 lr=6.278e-06
[train] step=3346 loss=0.028694 lr=6.276e-06
[train] step=3347 loss=0.018065 lr=6.274e-06
[train] step=3348 loss=0.022783 lr=6.272e-06
[train] step=3349 loss=0.024912 lr=6.270e-06
[train] step=3350 loss=0.013474 lr=6.268e-06
[train] step=3351 loss=0.010108 lr=6.266e-06
[train] step=3352 loss=0.043791 lr=6.264e-06
[train] step=3353 loss=0.014967 lr=6.262e-06
[train] step=3354 loss=0.016224 lr=6.261e-06
[train] step=3355 loss=0.015923 lr=6.259e-06
[train] step=3356 loss=0.012676 lr=6.257e-06
[train] step=3357 loss=0.016748 lr=6.255e-06
[train] step=3358 loss=0.025160 lr=6.253e-06
[train] step=3359 loss=0.027046 lr=6.251e-06
[train] step=3360 loss=0.031021 lr=6.249e-06
INFO     [rank 0] Model weights for step 3360 saved in       dit_trainer.py:1268
         checkpoints/model_weights_step_03360.safetensors                       
INFO     [rank 0] Scalar embedding weights for step 3360     dit_trainer.py:1277
         saved                                                                  
INFO     [rank 0] Training state saved:                      dit_trainer.py:1365
         checkpoints/model_weights_step_03360.state.pt                          
DEBUG    [rank 0] Removed old checkpoint:                    dit_trainer.py:1378
         /hppfs/scratch/0D/go76fuz2/windinet/outputs/shockwa                    
         ve_dit_cosine_kl1e5/checkpoints/model_weights_step_                    
         03120.safetensors                                                      
DEBUG    [rank 0] Removed old checkpoint:                    dit_trainer.py:1378
         /hppfs/scratch/0D/go76fuz2/windinet/outputs/shockwa                    
         ve_dit_cosine_kl1e5/checkpoints/scalar_embedding_st                    
         ep_03120.safetensors                                                   
DEBUG    [rank 0] Removed optimizer state for older kept     dit_trainer.py:1393
         checkpoint:                                                            
         /hppfs/scratch/0D/go76fuz2/windinet/outputs/shockwa                    
         ve_dit_cosine_kl1e5/checkpoints/model_weights_step_                    
         03240.state.pt                                                         
[epoch 28] step=3360 train_loss=0.021291
[train] step=3361 loss=0.017949 lr=6.247e-06
[train] step=3362 loss=0.017359 lr=6.245e-06
[train] step=3363 loss=0.011526 lr=6.243e-06
[train] step=3364 loss=0.014362 lr=6.242e-06
[train] step=3365 loss=0.014717 lr=6.240e-06
[train] step=3366 loss=0.020025 lr=6.238e-06
[train] step=3367 loss=0.017671 lr=6.236e-06
[train] step=3368 loss=0.022018 lr=6.234e-06
[train] step=3369 loss=0.015772 lr=6.232e-06
[train] step=3370 loss=0.013842 lr=6.230e-06
[train] step=3371 loss=0.013244 lr=6.228e-06
[train] step=3372 loss=0.032657 lr=6.226e-06
[train] step=3373 loss=0.014066 lr=6.224e-06
[train] step=3374 loss=0.030857 lr=6.222e-06
[train] step=3375 loss=0.014058 lr=6.221e-06
[train] step=3376 loss=0.014041 lr=6.219e-06
[train] step=3377 loss=0.014599 lr=6.217e-06
[train] step=3378 loss=0.019807 lr=6.215e-06
[train] step=3379 loss=0.031009 lr=6.213e-06
[train] step=3380 loss=0.012505 lr=6.211e-06
[train] step=3381 loss=0.016350 lr=6.209e-06
[train] step=3382 loss=0.023887 lr=6.207e-06
[train] step=3383 loss=0.011685 lr=6.205e-06
[train] step=3384 loss=0.023428 lr=6.203e-06
[train] step=3385 loss=0.015347 lr=6.202e-06
[train] step=3386 loss=0.050964 lr=6.200e-06
[train] step=3387 loss=0.019332 lr=6.198e-06
[train] step=3388 loss=0.010245 lr=6.196e-06
[train] step=3389 loss=0.019421 lr=6.194e-06
[train] step=3390 loss=0.012973 lr=6.192e-06
[train] step=3391 loss=0.009723 lr=6.190e-06
[train] step=3392 loss=0.018727 lr=6.188e-06
[train] step=3393 loss=0.010919 lr=6.186e-06
[train] step=3394 loss=0.035061 lr=6.184e-06
[train] step=3395 loss=0.023090 lr=6.183e-06
[train] step=3396 loss=0.038840 lr=6.181e-06
[train] step=3397 loss=0.034053 lr=6.179e-06
[train] step=3398 loss=0.014996 lr=6.177e-06
[train] step=3399 loss=0.034062 lr=6.175e-06
[train] step=3400 loss=0.011020 lr=6.173e-06
[train] step=3401 loss=0.021769 lr=6.171e-06
[train] step=3402 loss=0.012025 lr=6.169e-06
[train] step=3403 loss=0.023300 lr=6.167e-06
[train] step=3404 loss=0.019604 lr=6.165e-06
[train] step=3405 loss=0.023412 lr=6.163e-06
[train] step=3406 loss=0.022111 lr=6.162e-06
[train] step=3407 loss=0.020950 lr=6.160e-06
[train] step=3408 loss=0.033135 lr=6.158e-06
[train] step=3409 loss=0.020593 lr=6.156e-06
[train] step=3410 loss=0.016102 lr=6.154e-06
[train] step=3411 loss=0.020608 lr=6.152e-06
[train] step=3412 loss=0.011846 lr=6.150e-06
[train] step=3413 loss=0.017605 lr=6.148e-06
[train] step=3414 loss=0.021756 lr=6.146e-06
[train] step=3415 loss=0.019293 lr=6.144e-06
[train] step=3416 loss=0.026508 lr=6.142e-06
