START TIME: Tue 08 Sep 2026 05:49:18 AM CEST
job=535065 node=i20r06c03s02
+-----------+--------------------------------------------------------------------------------------+
| Device ID | Device Information                                                                   |
+-----------+--------------------------------------------------------------------------------------+
| 0         | Device Name: Intel(R) Data Center GPU Max 1550                                       |
|           | Vendor Name: Intel(R) Corporation                                                    |
|           | SOC UUID: 00000000-0000-003a-0000-002f0bd58086                                       |
|           | PCI BDF Address: 0000:3a:00.0                                                        |
|           | DRM Device: /dev/dri/card0                                                           |
|           | Function Type: physical                                                              |
+-----------+--------------------------------------------------------------------------------------+
| 1         | Device Name: Intel(R) Data Center GPU Max 1550                                       |
|           | Vendor Name: Intel(R) Corporation                                                    |
|           | SOC UUID: 00000000-0000-004b-0000-002f0bd58086                                       |
|           | PCI BDF Address: 0000:4b:00.0                                                        |
|           | DRM Device: /dev/dri/card1                                                           |
|           | Function Type: physical                                                              |
+-----------+--------------------------------------------------------------------------------------+
| 2         | Device Name: Intel(R) Data Center GPU Max 1550                                       |
|           | Vendor Name: Intel(R) Corporation                                                    |
|           | SOC UUID: 00000000-0000-00ca-0000-002f0bd58086                                       |
|           | PCI BDF Address: 0000:ca:00.0                                                        |
|           | DRM Device: /dev/dri/card2                                                           |
|           | Function Type: physical                                                              |
+-----------+--------------------------------------------------------------------------------------+
| 3         | Device Name: Intel(R) Data Center GPU Max 1550                                       |
|           | Vendor Name: Intel(R) Corporation                                                    |
|           | SOC UUID: 00000000-0000-00da-0000-002f0bd58086                                       |
|           | PCI BDF Address: 0000:da:00.0                                                        |
|           | DRM Device: /dev/dri/card3                                                           |
|           | Function Type: physical                                                              |
+-----------+--------------------------------------------------------------------------------------+
PREPROCESSED_NAME: finetune_vae_whole_structure_baseline_ep20_256res
BASE_CONFIG: configs/dit/train_dit_sng_pvc_ep20_baseline_std1p5.yaml
STEPS override: <none, using BASE_CONFIG default>
MASTER_ADDR: i20r06c03s02  MASTER_PORT: 59735
preprocessed_data_root=/hppfs/scratch/0D/go76fuz2/windinet/dit_preprocessed/finetune_vae_whole_structure_baseline_ep20_256res output_dir=$SCRATCH/windinet/outputs/shockwave_dit_ep20_baseline_std1p5 steps=8000
INFO     [rank 4] Failed to extract font properties from    font_manager.py:1107
         /usr/share/fonts/truetype/Cantarell-VF.otf: Can                        
         not load face (SFNT font table missing; error code                     
         0x8e)                                                                  
INFO     [rank 0] Failed to extract font properties from    font_manager.py:1107
         /usr/share/fonts/truetype/Cantarell-VF.otf: Can                        
         not load face (SFNT font table missing; error code                     
         0x8e)                                                                  
INFO     [rank 2] Failed to extract font properties from    font_manager.py:1107
         /usr/share/fonts/truetype/Cantarell-VF.otf: Can                        
         not load face (SFNT font table missing; error code                     
         0x8e)                                                                  
INFO     [rank 6] Failed to extract font properties from    font_manager.py:1107
         /usr/share/fonts/truetype/Cantarell-VF.otf: Can                        
         not load face (SFNT font table missing; error code                     
         0x8e)                                                                  
INFO     [rank 5] Failed to extract font properties from    font_manager.py:1107
         /usr/share/fonts/truetype/Cantarell-VF.otf: Can                        
         not load face (SFNT font table missing; error code                     
         0x8e)                                                                  
INFO     [rank 7] Failed to extract font properties from    font_manager.py:1107
         /usr/share/fonts/truetype/Cantarell-VF.otf: Can                        
         not load face (SFNT font table missing; error code                     
         0x8e)                                                                  
INFO     [rank 6] generated new fontManager                 font_manager.py:1639
INFO     [rank 3] Failed to extract font properties from    font_manager.py:1107
         /usr/share/fonts/truetype/Cantarell-VF.otf: Can                        
         not load face (SFNT font table missing; error code                     
         0x8e)                                                                  
INFO     [rank 5] generated new fontManager                 font_manager.py:1639
INFO     [rank 1] Failed to extract font properties from    font_manager.py:1107
         /usr/share/fonts/truetype/Cantarell-VF.otf: Can                        
         not load face (SFNT font table missing; error code                     
         0x8e)                                                                  
INFO     [rank 3] generated new fontManager                 font_manager.py:1639
INFO     [rank 4] generated new fontManager                 font_manager.py:1639
INFO     [rank 2] generated new fontManager                 font_manager.py:1639
INFO     [rank 7] generated new fontManager                 font_manager.py:1639
INFO     [rank 0] generated new fontManager                 font_manager.py:1639
INFO     [rank 1] generated new fontManager                 font_manager.py:1639
                             Training Configuration                             
┏━━━━━━━━━━━━━━━━━━━━━━━━━━━━━━━━━━━━━━┳━━━━━━━━━━━━━━━━━━━━━━━━━━━━━━━━━━━━━━━┓
┃ Parameter                            ┃ Value                                 ┃
┡━━━━━━━━━━━━━━━━━━━━━━━━━━━━━━━━━━━━━━╇━━━━━━━━━━━━━━━━━━━━━━━━━━━━━━━━━━━━━━━┩
│ model.model_source                   │ LTXV_2B_0.9.6_DEV                     │
│ model.load_checkpoint                │ None                                  │
│ conditioning.first_frame_conditioni… │ 1.0                                   │
│ lora.enabled                         │ False                                 │
│ lora.rank                            │ 16                                    │
│ lora.alpha                           │ 16                                    │
│ lora.dropout                         │ 0.0                                   │
│ lora.target_modules                  │ to_q, to_k, to_v, to_out.0            │
│ scalar_conditioning.enabled          │ True                                  │
│ scalar_conditioning.scalar_names     │ gamma                                 │
│ scalar_conditioning.scalar_ranges    │ {'gamma': (1.0, 2.0)}                 │
│ scalar_conditioning.embedding_dim    │ 4096                                  │
│ scalar_conditioning.num_tokens_per_… │ 4                                     │
│ scalar_conditioning.fourier_features │ 64                                    │
│ scalar_conditioning.mlp_hidden_dim   │ 256                                   │
│ scalar_conditioning.dropout          │ 0.1                                   │
│ optimization.learning_rate           │ 1e-05                                 │
│ optimization.steps                   │ 8000                                  │
│ optimization.batch_size              │ 1                                     │
│ optimization.gradient_accumulation_… │ 4                                     │
│ optimization.max_grad_norm           │ 1.0                                   │
│ optimization.optimizer_type          │ adamw                                 │
│ optimization.scheduler_type          │ cosine                                │
│ optimization.scheduler_params        │ {'eta_min': 1e-08}                    │
│ optimization.enable_gradient_checkp… │ True                                  │
│ acceleration.mixed_precision_mode    │ bf16                                  │
│ acceleration.compile_with_inductor   │ False                                 │
│ acceleration.compilation_mode        │ reduce-overhead                       │
│ data.preprocessed_data_root          │ /hppfs/scratch/0D/go76fuz2/windinet/… │
│ data.num_dataloader_workers          │ 4                                     │
│ validation.data_root                 │ /hppfs/scratch/0D/go76fuz2/windinet/… │
│ validation.interval                  │ 600                                   │
│ validation.max_samples               │ 0                                     │
│ checkpoints.interval                 │ 120                                   │
│ checkpoints.keep_last_n              │ 2                                     │
│ checkpoints.save_best_only           │ False                                 │
│ checkpoints.best_metric              │ val_total_loss                        │
│ checkpoints.save_last_state          │ True                                  │
│ checkpoints.save_epochs              │                                       │
│ flow_matching.timestep_sampling_mode │ shifted_logit_normal                  │
│ flow_matching.timestep_sampling_par… │ {'std': 1.5}                          │
│ visualization.enabled                │ False                                 │
│ visualization.interval               │ 2000                                  │
│ visualization.num_samples            │ 3                                     │
│ visualization.frame_numbers          │ 25, 50, 75, 100                       │
│ visualization.num_inference_steps    │ 20                                    │
│ visualization.dpi                    │ 150                                   │
│ wandb.enabled                        │ False                                 │
│ wandb.project                        │ shockwavenet                          │
│ wandb.entity                         │ None                                  │
│ wandb.tags                           │ cfd, full, 2b, scalar-only, sng_pvc,  │
│                                      │ 256res, ep20_baseline, timestep-s...  │
│ seed                                 │ 42                                    │
│ output_dir                           │ /hppfs/scratch/0D/go76fuz2/windinet/… │
│ resume_weights_only                  │ False                                 │
└──────────────────────────────────────┴───────────────────────────────────────┘
INFO     [rank 0] Distributed training enabled with 8        dit_trainer.py:1421
         processes                                                              
INFO     [rank 0] Global batch size: 32                      dit_trainer.py:1427
INFO     [rank 0] Initializing scalar embeddings for:         dit_trainer.py:859
         ['gamma']                                                              
DEBUG    [rank 0] Scalar embedding params: 4,310,528          dit_trainer.py:886
DEBUG    [rank 0] Total trainable params count: 1,927,696,000 dit_trainer.py:890
2026:09:08-06:06:23:105370 |CCL_WARN| value of CCL_ATL_TRANSPORT changed to be ofi (default:mpi)
2026:09:08-06:06:23:105370 |CCL_WARN| value of CCL_ALLREDUCE changed to be ring (default:)
2026:09:08-06:06:23:105371 |CCL_WARN| could not get local_idx/count from environment variables, trying to get them from ATL
2026:09:08-06:06:23:105372 |CCL_WARN| could not get local_idx/count from environment variables, trying to get them from ATL
2026:09:08-06:06:23:105370 |CCL_WARN| could not get local_idx/count from environment variables, trying to get them from ATL2026:09:08-06:06:23:105376 |CCL_WARN| could not get local_idx/count from environment variables, trying to get them from ATL

2026:09:08-06:06:23:105373 |CCL_WARN| could not get local_idx/count from environment variables, trying to get them from ATL
2026:09:08-06:06:23:105374 |CCL_WARN| could not get local_idx/count from environment variables, trying to get them from ATL
2026:09:08-06:06:23:105375 |CCL_WARN| could not get local_idx/count from environment variables, trying to get them from ATL
2026:09:08-06:06:23:105377 |CCL_WARN| could not get local_idx/count from environment variables, trying to get them from ATL
DEBUG    [rank 0] Process 0 using seed: 42                    dit_trainer.py:389
DEBUG    [rank 0] Loaded dataset with 3,825 samples from     dit_trainer.py:1095
         sources: ['latents', 'scalars']                                        
INFO     [rank 0] Validation split: 675 samples from         dit_trainer.py:1178
         /hppfs/scratch/0D/go76fuz2/windinet/dit_preprocesse                    
         d/finetune_vae_whole_structure_baseline_ep20_256res                    
         /val                                                                   
INFO     [rank 0] Training configuration saved to:           dit_trainer.py:1413
         training_config.yaml                                                   
INFO     [rank 0] Training on latents from VAE               dit_trainer.py:1139
         /hppfs/scratch/0D/go76fuz2/windinet/finetune_vae_ou                    
         tputs_sng_pvc/finetune_vae_whole_structure_baseline                    
         _ep20_256res/checkpoints/vae_shockwave_best.safeten                    
         sors (fingerprint 22b5994360e2c75d); recorded in                       
         latent_provenance.json                                                 
INFO     [rank 0] Starting training...                        dit_trainer.py:410
[train] step=1 loss=0.963940 lr=1.000e-05
[train] step=2 loss=0.794249 lr=1.000e-05
[train] step=3 loss=0.532309 lr=1.000e-05
[train] step=4 loss=0.427295 lr=1.000e-05
[train] step=5 loss=0.403446 lr=1.000e-05
[train] step=6 loss=1.337853 lr=1.000e-05
[train] step=7 loss=0.556465 lr=1.000e-05
[train] step=8 loss=0.363224 lr=1.000e-05
[train] step=9 loss=0.551076 lr=1.000e-05
[train] step=10 loss=0.819635 lr=1.000e-05
[train] step=11 loss=0.491580 lr=1.000e-05
[train] step=12 loss=0.420998 lr=1.000e-05
[train] step=13 loss=0.783702 lr=1.000e-05
[train] step=14 loss=0.382539 lr=1.000e-05
[train] step=15 loss=0.495230 lr=1.000e-05
[train] step=16 loss=0.298415 lr=1.000e-05
[train] step=17 loss=0.423100 lr=1.000e-05
[train] step=18 loss=0.508118 lr=1.000e-05
[train] step=19 loss=0.576543 lr=1.000e-05
[train] step=20 loss=0.323685 lr=1.000e-05
[train] step=21 loss=0.428835 lr=1.000e-05
[train] step=22 loss=0.648387 lr=1.000e-05
[train] step=23 loss=0.372661 lr=1.000e-05
[train] step=24 loss=0.334228 lr=1.000e-05
[train] step=25 loss=0.280844 lr=1.000e-05
[train] step=26 loss=0.353631 lr=1.000e-05
[train] step=27 loss=0.462987 lr=1.000e-05
[train] step=28 loss=0.278421 lr=1.000e-05
[train] step=29 loss=0.411768 lr=1.000e-05
[train] step=30 loss=0.272987 lr=1.000e-05
[train] step=31 loss=0.475675 lr=1.000e-05
[train] step=32 loss=0.382047 lr=1.000e-05
[train] step=33 loss=0.373253 lr=1.000e-05
[train] step=34 loss=0.405223 lr=1.000e-05
[train] step=35 loss=0.784594 lr=1.000e-05
[train] step=36 loss=0.453720 lr=1.000e-05
[train] step=37 loss=0.537751 lr=1.000e-05
[train] step=38 loss=0.432193 lr=9.999e-06
[train] step=39 loss=0.456385 lr=9.999e-06
[train] step=40 loss=0.372005 lr=9.999e-06
[train] step=41 loss=0.380490 lr=9.999e-06
[train] step=42 loss=0.432627 lr=9.999e-06
[train] step=43 loss=0.574177 lr=9.999e-06
[train] step=44 loss=0.212850 lr=9.999e-06
[train] step=45 loss=0.410102 lr=9.999e-06
[train] step=46 loss=0.425470 lr=9.999e-06
[train] step=47 loss=0.508550 lr=9.999e-06
[train] step=48 loss=0.465756 lr=9.999e-06
[train] step=49 loss=0.402091 lr=9.999e-06
[train] step=50 loss=0.351120 lr=9.999e-06
[train] step=51 loss=0.451942 lr=9.999e-06
[train] step=52 loss=0.267579 lr=9.999e-06
[train] step=53 loss=0.545409 lr=9.999e-06
[train] step=54 loss=0.431286 lr=9.999e-06
[train] step=55 loss=0.635665 lr=9.999e-06
[train] step=56 loss=0.460671 lr=9.999e-06
[train] step=57 loss=0.373622 lr=9.999e-06
[train] step=58 loss=0.211196 lr=9.999e-06
[train] step=59 loss=0.393257 lr=9.999e-06
[train] step=60 loss=0.497783 lr=9.999e-06
[train] step=61 loss=0.418205 lr=9.999e-06
[train] step=62 loss=0.353014 lr=9.999e-06
[train] step=63 loss=0.795086 lr=9.999e-06
[train] step=64 loss=1.208288 lr=9.998e-06
[train] step=65 loss=0.446721 lr=9.998e-06
[train] step=66 loss=0.802300 lr=9.998e-06
[train] step=67 loss=0.351258 lr=9.998e-06
[train] step=68 loss=0.296825 lr=9.998e-06
[train] step=69 loss=0.433657 lr=9.998e-06
[train] step=70 loss=0.669396 lr=9.998e-06
[train] step=71 loss=0.318990 lr=9.998e-06
[train] step=72 loss=0.521206 lr=9.998e-06
[train] step=73 loss=0.412379 lr=9.998e-06
[train] step=74 loss=0.229624 lr=9.998e-06
[train] step=75 loss=0.264703 lr=9.998e-06
[train] step=76 loss=0.396968 lr=9.998e-06
[train] step=77 loss=0.937680 lr=9.998e-06
[train] step=78 loss=0.307019 lr=9.998e-06
[train] step=79 loss=0.774775 lr=9.998e-06
[train] step=80 loss=0.263700 lr=9.998e-06
[train] step=81 loss=0.233582 lr=9.998e-06
[train] step=82 loss=0.294874 lr=9.997e-06
[train] step=83 loss=0.330655 lr=9.997e-06
[train] step=84 loss=0.234210 lr=9.997e-06
[train] step=85 loss=0.554479 lr=9.997e-06
[train] step=86 loss=0.788502 lr=9.997e-06
[train] step=87 loss=0.650453 lr=9.997e-06
[train] step=88 loss=0.516128 lr=9.997e-06
[train] step=89 loss=0.556457 lr=9.997e-06
[train] step=90 loss=0.471083 lr=9.997e-06
[train] step=91 loss=0.695530 lr=9.997e-06
[train] step=92 loss=0.404481 lr=9.997e-06
[train] step=93 loss=0.312785 lr=9.997e-06
[train] step=94 loss=0.215696 lr=9.997e-06
[train] step=95 loss=0.370184 lr=9.997e-06
[train] step=96 loss=0.265050 lr=9.997e-06
[train] step=97 loss=0.434912 lr=9.996e-06
[train] step=98 loss=0.552090 lr=9.996e-06
[train] step=99 loss=0.311446 lr=9.996e-06
[train] step=100 loss=0.260959 lr=9.996e-06
[train] step=101 loss=0.220406 lr=9.996e-06
[train] step=102 loss=0.309589 lr=9.996e-06
[train] step=103 loss=0.269414 lr=9.996e-06
[train] step=104 loss=0.328967 lr=9.996e-06
[train] step=105 loss=0.316401 lr=9.996e-06
[train] step=106 loss=0.642194 lr=9.996e-06
[train] step=107 loss=0.375528 lr=9.996e-06
[train] step=108 loss=0.436171 lr=9.996e-06
[train] step=109 loss=0.439302 lr=9.996e-06
[train] step=110 loss=0.213655 lr=9.995e-06
[train] step=111 loss=0.427526 lr=9.995e-06
[train] step=112 loss=0.404785 lr=9.995e-06
[train] step=113 loss=0.304751 lr=9.995e-06
[train] step=114 loss=0.350603 lr=9.995e-06
[train] step=115 loss=0.450906 lr=9.995e-06
[train] step=116 loss=0.248562 lr=9.995e-06
[train] step=117 loss=0.462026 lr=9.995e-06
[train] step=118 loss=0.298340 lr=9.995e-06
[train] step=119 loss=0.334287 lr=9.995e-06
[train] step=120 loss=0.306029 lr=9.995e-06
INFO     [rank 0] Model weights for step 120 saved in        dit_trainer.py:1268
         checkpoints/model_weights_step_00120.safetensors                       
INFO     [rank 0] Scalar embedding weights for step 120      dit_trainer.py:1277
         saved                                                                  
INFO     [rank 0] Training state saved:                      dit_trainer.py:1365
         checkpoints/model_weights_step_00120.state.pt                          
[epoch 1] step=120 train_loss=0.452869
[train] step=121 loss=0.520059 lr=9.994e-06
[train] step=122 loss=0.277311 lr=9.994e-06
[train] step=123 loss=0.398712 lr=9.994e-06
[train] step=124 loss=0.379462 lr=9.994e-06
[train] step=125 loss=0.330389 lr=9.994e-06
[train] step=126 loss=0.466943 lr=9.994e-06
[train] step=127 loss=0.417757 lr=9.994e-06
[train] step=128 loss=0.487265 lr=9.994e-06
[train] step=129 loss=0.507697 lr=9.994e-06
[train] step=130 loss=0.322772 lr=9.994e-06
[train] step=131 loss=0.199426 lr=9.993e-06
[train] step=132 loss=0.640606 lr=9.993e-06
[train] step=133 loss=0.319178 lr=9.993e-06
[train] step=134 loss=0.615247 lr=9.993e-06
[train] step=135 loss=0.274262 lr=9.993e-06
[train] step=136 loss=0.406266 lr=9.993e-06
[train] step=137 loss=0.440283 lr=9.993e-06
[train] step=138 loss=0.176591 lr=9.993e-06
[train] step=139 loss=0.248422 lr=9.993e-06
[train] step=140 loss=0.270579 lr=9.993e-06
[train] step=141 loss=0.302032 lr=9.992e-06
[train] step=142 loss=0.449099 lr=9.992e-06
[train] step=143 loss=0.329850 lr=9.992e-06
[train] step=144 loss=0.447175 lr=9.992e-06
[train] step=145 loss=0.238745 lr=9.992e-06
[train] step=146 loss=0.427377 lr=9.992e-06
[train] step=147 loss=0.600871 lr=9.992e-06
[train] step=148 loss=0.645767 lr=9.992e-06
[train] step=149 loss=0.585593 lr=9.992e-06
[train] step=150 loss=0.380080 lr=9.991e-06
[train] step=151 loss=0.404185 lr=9.991e-06
[train] step=152 loss=0.274264 lr=9.991e-06
[train] step=153 loss=0.386528 lr=9.991e-06
[train] step=154 loss=0.596483 lr=9.991e-06
[train] step=155 loss=0.404663 lr=9.991e-06
[train] step=156 loss=0.708458 lr=9.991e-06
[train] step=157 loss=0.649016 lr=9.991e-06
[train] step=158 loss=0.495011 lr=9.991e-06
[train] step=159 loss=0.440634 lr=9.990e-06
[train] step=160 loss=0.252730 lr=9.990e-06
[train] step=161 loss=0.483940 lr=9.990e-06
[train] step=162 loss=0.241996 lr=9.990e-06
[train] step=163 loss=0.242567 lr=9.990e-06
[train] step=164 loss=0.370283 lr=9.990e-06
[train] step=165 loss=0.322503 lr=9.990e-06
[train] step=166 loss=0.359833 lr=9.990e-06
[train] step=167 loss=0.320053 lr=9.989e-06
[train] step=168 loss=0.309390 lr=9.989e-06
[train] step=169 loss=0.461668 lr=9.989e-06
[train] step=170 loss=0.302083 lr=9.989e-06
[train] step=171 loss=0.188549 lr=9.989e-06
[train] step=172 loss=0.317888 lr=9.989e-06
[train] step=173 loss=0.469053 lr=9.989e-06
[train] step=174 loss=0.255644 lr=9.988e-06
[train] step=175 loss=0.319724 lr=9.988e-06
[train] step=176 loss=0.319600 lr=9.988e-06
[train] step=177 loss=0.390261 lr=9.988e-06
[train] step=178 loss=0.293495 lr=9.988e-06
[train] step=179 loss=0.309377 lr=9.988e-06
[train] step=180 loss=0.405318 lr=9.988e-06
[train] step=181 loss=0.630071 lr=9.988e-06
[train] step=182 loss=0.341852 lr=9.987e-06
[train] step=183 loss=0.376229 lr=9.987e-06
[train] step=184 loss=0.566627 lr=9.987e-06
[train] step=185 loss=0.288611 lr=9.987e-06
[train] step=186 loss=0.345709 lr=9.987e-06
[train] step=187 loss=0.528006 lr=9.987e-06
[train] step=188 loss=0.390596 lr=9.987e-06
[train] step=189 loss=0.404597 lr=9.986e-06
[train] step=190 loss=0.622575 lr=9.986e-06
[train] step=191 loss=0.452316 lr=9.986e-06
[train] step=192 loss=0.397358 lr=9.986e-06
[train] step=193 loss=0.353819 lr=9.986e-06
[train] step=194 loss=0.251259 lr=9.986e-06
[train] step=195 loss=0.312866 lr=9.986e-06
[train] step=196 loss=0.465769 lr=9.985e-06
[train] step=197 loss=0.366292 lr=9.985e-06
[train] step=198 loss=0.359317 lr=9.985e-06
[train] step=199 loss=0.463185 lr=9.985e-06
[train] step=200 loss=0.166676 lr=9.985e-06
[train] step=201 loss=0.549783 lr=9.985e-06
[train] step=202 loss=0.489214 lr=9.984e-06
[train] step=203 loss=0.326970 lr=9.984e-06
[train] step=204 loss=0.311174 lr=9.984e-06
[train] step=205 loss=0.232826 lr=9.984e-06
[train] step=206 loss=0.395210 lr=9.984e-06
[train] step=207 loss=0.412577 lr=9.984e-06
[train] step=208 loss=0.338918 lr=9.984e-06
[train] step=209 loss=0.512746 lr=9.983e-06
[train] step=210 loss=0.216922 lr=9.983e-06
[train] step=211 loss=0.576154 lr=9.983e-06
[train] step=212 loss=0.283789 lr=9.983e-06
[train] step=213 loss=0.331371 lr=9.983e-06
[train] step=214 loss=0.481790 lr=9.983e-06
[train] step=215 loss=0.424440 lr=9.982e-06
[train] step=216 loss=0.373552 lr=9.982e-06
[train] step=217 loss=0.254402 lr=9.982e-06
[train] step=218 loss=0.398598 lr=9.982e-06
[train] step=219 loss=0.247601 lr=9.982e-06
[train] step=220 loss=0.307220 lr=9.982e-06
[train] step=221 loss=0.274482 lr=9.981e-06
[train] step=222 loss=0.266762 lr=9.981e-06
[train] step=223 loss=0.299456 lr=9.981e-06
[train] step=224 loss=0.325109 lr=9.981e-06
[train] step=225 loss=0.290700 lr=9.981e-06
[train] step=226 loss=0.374658 lr=9.981e-06
[train] step=227 loss=0.228846 lr=9.980e-06
[train] step=228 loss=0.308762 lr=9.980e-06
[train] step=229 loss=0.412781 lr=9.980e-06
[train] step=230 loss=0.240576 lr=9.980e-06
[train] step=231 loss=0.991734 lr=9.980e-06
[train] step=232 loss=0.453332 lr=9.979e-06
[train] step=233 loss=0.367204 lr=9.979e-06
[train] step=234 loss=0.270580 lr=9.979e-06
[train] step=235 loss=0.332036 lr=9.979e-06
[train] step=236 loss=0.358896 lr=9.979e-06
[train] step=237 loss=0.223206 lr=9.979e-06
[train] step=238 loss=0.245995 lr=9.978e-06
[train] step=239 loss=0.405212 lr=9.978e-06
[train] step=240 loss=0.339558 lr=9.978e-06
INFO     [rank 0] Model weights for step 240 saved in        dit_trainer.py:1268
         checkpoints/model_weights_step_00240.safetensors                       
INFO     [rank 0] Scalar embedding weights for step 240      dit_trainer.py:1277
         saved                                                                  
INFO     [rank 0] Training state saved:                      dit_trainer.py:1365
         checkpoints/model_weights_step_00240.state.pt                          
DEBUG    [rank 0] Removed optimizer state for older kept     dit_trainer.py:1393
         checkpoint:                                                            
         /hppfs/scratch/0D/go76fuz2/windinet/outputs/shockwa                    
         ve_dit_ep20_baseline_std1p5/checkpoints/model_weigh                    
         ts_step_00120.state.pt                                                 
[epoch 2] step=240 train_loss=0.382720
[train] step=241 loss=0.567131 lr=9.978e-06
[train] step=242 loss=0.708016 lr=9.978e-06
[train] step=243 loss=0.481605 lr=9.977e-06
[train] step=244 loss=0.265801 lr=9.977e-06
[train] step=245 loss=0.561009 lr=9.977e-06
[train] step=246 loss=0.492513 lr=9.977e-06
[train] step=247 loss=0.316077 lr=9.977e-06
[train] step=248 loss=0.314245 lr=9.977e-06
[train] step=249 loss=0.561041 lr=9.976e-06
[train] step=250 loss=0.444578 lr=9.976e-06
[train] step=251 loss=0.465918 lr=9.976e-06
[train] step=252 loss=0.517592 lr=9.976e-06
[train] step=253 loss=0.338473 lr=9.976e-06
[train] step=254 loss=0.295758 lr=9.975e-06
[train] step=255 loss=0.574400 lr=9.975e-06
[train] step=256 loss=0.399098 lr=9.975e-06
[train] step=257 loss=0.278553 lr=9.975e-06
[train] step=258 loss=0.370049 lr=9.975e-06
[train] step=259 loss=0.537416 lr=9.974e-06
[train] step=260 loss=0.419003 lr=9.974e-06
[train] step=261 loss=0.737079 lr=9.974e-06
[train] step=262 loss=0.450607 lr=9.974e-06
[train] step=263 loss=0.660435 lr=9.974e-06
[train] step=264 loss=0.404008 lr=9.973e-06
[train] step=265 loss=0.270226 lr=9.973e-06
[train] step=266 loss=0.194167 lr=9.973e-06
[train] step=267 loss=0.365962 lr=9.973e-06
[train] step=268 loss=0.434313 lr=9.973e-06
[train] step=269 loss=0.356994 lr=9.972e-06
[train] step=270 loss=0.343493 lr=9.972e-06
[train] step=271 loss=0.135203 lr=9.972e-06
[train] step=272 loss=0.598215 lr=9.972e-06
[train] step=273 loss=0.540593 lr=9.972e-06
[train] step=274 loss=0.436473 lr=9.971e-06
[train] step=275 loss=0.444972 lr=9.971e-06
[train] step=276 loss=0.547593 lr=9.971e-06
[train] step=277 loss=0.393135 lr=9.971e-06
[train] step=278 loss=0.788569 lr=9.970e-06
[train] step=279 loss=0.423141 lr=9.970e-06
[train] step=280 loss=0.258321 lr=9.970e-06
[train] step=281 loss=0.431360 lr=9.970e-06
[train] step=282 loss=0.198506 lr=9.970e-06
[train] step=283 loss=0.215519 lr=9.969e-06
[train] step=284 loss=0.306354 lr=9.969e-06
[train] step=285 loss=0.479671 lr=9.969e-06
[train] step=286 loss=0.300905 lr=9.969e-06
[train] step=287 loss=0.334369 lr=9.969e-06
[train] step=288 loss=0.454151 lr=9.968e-06
[train] step=289 loss=0.253220 lr=9.968e-06
[train] step=290 loss=0.530350 lr=9.968e-06
[train] step=291 loss=0.206381 lr=9.968e-06
[train] step=292 loss=0.202324 lr=9.967e-06
[train] step=293 loss=0.252867 lr=9.967e-06
[train] step=294 loss=0.205168 lr=9.967e-06
[train] step=295 loss=0.213053 lr=9.967e-06
[train] step=296 loss=0.197985 lr=9.967e-06
[train] step=297 loss=0.315506 lr=9.966e-06
[train] step=298 loss=0.285759 lr=9.966e-06
[train] step=299 loss=0.166089 lr=9.966e-06
[train] step=300 loss=0.507292 lr=9.966e-06
[train] step=301 loss=0.179339 lr=9.965e-06
[train] step=302 loss=0.247954 lr=9.965e-06
[train] step=303 loss=0.277267 lr=9.965e-06
[train] step=304 loss=0.282400 lr=9.965e-06
[train] step=305 loss=0.561443 lr=9.964e-06
[train] step=306 loss=0.381160 lr=9.964e-06
[train] step=307 loss=0.449400 lr=9.964e-06
[train] step=308 loss=0.195620 lr=9.964e-06
[train] step=309 loss=0.290103 lr=9.964e-06
[train] step=310 loss=0.527383 lr=9.963e-06
[train] step=311 loss=0.368645 lr=9.963e-06
[train] step=312 loss=0.479944 lr=9.963e-06
[train] step=313 loss=0.297020 lr=9.963e-06
[train] step=314 loss=0.609551 lr=9.962e-06
[train] step=315 loss=0.685937 lr=9.962e-06
[train] step=316 loss=0.627149 lr=9.962e-06
[train] step=317 loss=0.417298 lr=9.962e-06
[train] step=318 loss=0.360930 lr=9.961e-06
[train] step=319 loss=0.380202 lr=9.961e-06
[train] step=320 loss=0.224051 lr=9.961e-06
[train] step=321 loss=0.493606 lr=9.961e-06
[train] step=322 loss=0.450869 lr=9.960e-06
[train] step=323 loss=0.313233 lr=9.960e-06
[train] step=324 loss=0.329147 lr=9.960e-06
[train] step=325 loss=0.230663 lr=9.960e-06
[train] step=326 loss=0.356075 lr=9.959e-06
[train] step=327 loss=0.295536 lr=9.959e-06
[train] step=328 loss=0.525529 lr=9.959e-06
[train] step=329 loss=0.368010 lr=9.959e-06
[train] step=330 loss=0.293908 lr=9.958e-06
[train] step=331 loss=0.303812 lr=9.958e-06
[train] step=332 loss=0.272670 lr=9.958e-06
[train] step=333 loss=0.295426 lr=9.958e-06
[train] step=334 loss=0.296570 lr=9.957e-06
[train] step=335 loss=0.398647 lr=9.957e-06
[train] step=336 loss=0.526343 lr=9.957e-06
[train] step=337 loss=0.361679 lr=9.957e-06
[train] step=338 loss=0.280457 lr=9.956e-06
[train] step=339 loss=0.497057 lr=9.956e-06
[train] step=340 loss=0.282254 lr=9.956e-06
[train] step=341 loss=0.285836 lr=9.956e-06
[train] step=342 loss=0.438036 lr=9.955e-06
[train] step=343 loss=0.265731 lr=9.955e-06
[train] step=344 loss=0.265286 lr=9.955e-06
[train] step=345 loss=0.620370 lr=9.954e-06
[train] step=346 loss=0.279964 lr=9.954e-06
[train] step=347 loss=0.411597 lr=9.954e-06
[train] step=348 loss=0.267815 lr=9.954e-06
[train] step=349 loss=0.243066 lr=9.953e-06
[train] step=350 loss=0.222565 lr=9.953e-06
[train] step=351 loss=0.366967 lr=9.953e-06
[train] step=352 loss=0.608933 lr=9.953e-06
[train] step=353 loss=0.335568 lr=9.952e-06
[train] step=354 loss=0.400687 lr=9.952e-06
[train] step=355 loss=0.407690 lr=9.952e-06
[train] step=356 loss=0.331295 lr=9.952e-06
[train] step=357 loss=0.524920 lr=9.951e-06
[train] step=358 loss=0.248478 lr=9.951e-06
[train] step=359 loss=0.503988 lr=9.951e-06
[train] step=360 loss=0.248639 lr=9.950e-06
INFO     [rank 0] Model weights for step 360 saved in        dit_trainer.py:1268
         checkpoints/model_weights_step_00360.safetensors                       
INFO     [rank 0] Scalar embedding weights for step 360      dit_trainer.py:1277
         saved                                                                  
INFO     [rank 0] Training state saved:                      dit_trainer.py:1365
         checkpoints/model_weights_step_00360.state.pt                          
DEBUG    [rank 0] Removed old checkpoint:                    dit_trainer.py:1378
         /hppfs/scratch/0D/go76fuz2/windinet/outputs/shockwa                    
         ve_dit_ep20_baseline_std1p5/checkpoints/model_weigh                    
         ts_step_00120.safetensors                                              
DEBUG    [rank 0] Removed old checkpoint:                    dit_trainer.py:1378
         /hppfs/scratch/0D/go76fuz2/windinet/outputs/shockwa                    
         ve_dit_ep20_baseline_std1p5/checkpoints/scalar_embe                    
         dding_step_00120.safetensors                                           
DEBUG    [rank 0] Removed optimizer state for older kept     dit_trainer.py:1393
         checkpoint:                                                            
         /hppfs/scratch/0D/go76fuz2/windinet/outputs/shockwa                    
         ve_dit_ep20_baseline_std1p5/checkpoints/model_weigh                    
         ts_step_00240.state.pt                                                 
[epoch 3] step=360 train_loss=0.384427
[train] step=361 loss=0.570178 lr=9.950e-06
[train] step=362 loss=0.177258 lr=9.950e-06
[train] step=363 loss=0.350007 lr=9.950e-06
[train] step=364 loss=0.493638 lr=9.949e-06
[train] step=365 loss=0.231955 lr=9.949e-06
[train] step=366 loss=0.257511 lr=9.949e-06
[train] step=367 loss=0.223520 lr=9.948e-06
[train] step=368 loss=0.529777 lr=9.948e-06
[train] step=369 loss=0.380528 lr=9.948e-06
[train] step=370 loss=0.401314 lr=9.948e-06
[train] step=371 loss=0.465739 lr=9.947e-06
[train] step=372 loss=0.311648 lr=9.947e-06
[train] step=373 loss=0.428177 lr=9.947e-06
[train] step=374 loss=0.272556 lr=9.947e-06
[train] step=375 loss=0.349073 lr=9.946e-06
[train] step=376 loss=0.201626 lr=9.946e-06
[train] step=377 loss=0.303571 lr=9.946e-06
[train] step=378 loss=0.260958 lr=9.945e-06
[train] step=379 loss=0.482016 lr=9.945e-06
[train] step=380 loss=0.309844 lr=9.945e-06
[train] step=381 loss=0.203749 lr=9.944e-06
[train] step=382 loss=0.323725 lr=9.944e-06
[train] step=383 loss=0.302136 lr=9.944e-06
[train] step=384 loss=0.345679 lr=9.944e-06
[train] step=385 loss=0.287424 lr=9.943e-06
[train] step=386 loss=0.437360 lr=9.943e-06
[train] step=387 loss=0.253264 lr=9.943e-06
[train] step=388 loss=0.145578 lr=9.942e-06
[train] step=389 loss=0.260046 lr=9.942e-06
[train] step=390 loss=0.303494 lr=9.942e-06
[train] step=391 loss=0.584290 lr=9.942e-06
[train] step=392 loss=0.235523 lr=9.941e-06
[train] step=393 loss=0.298412 lr=9.941e-06
[train] step=394 loss=0.335669 lr=9.941e-06
[train] step=395 loss=0.336788 lr=9.940e-06
[train] step=396 loss=0.271012 lr=9.940e-06
[train] step=397 loss=0.707233 lr=9.940e-06
[train] step=398 loss=0.442426 lr=9.939e-06
[train] step=399 loss=0.329069 lr=9.939e-06
[train] step=400 loss=0.605061 lr=9.939e-06
[train] step=401 loss=0.331604 lr=9.939e-06
[train] step=402 loss=0.264242 lr=9.938e-06
[train] step=403 loss=0.315983 lr=9.938e-06
[train] step=404 loss=0.318720 lr=9.938e-06
[train] step=405 loss=0.207178 lr=9.937e-06
[train] step=406 loss=0.400111 lr=9.937e-06
[train] step=407 loss=0.327695 lr=9.937e-06
[train] step=408 loss=0.233229 lr=9.936e-06
[train] step=409 loss=0.267137 lr=9.936e-06
[train] step=410 loss=0.337244 lr=9.936e-06
[train] step=411 loss=0.239481 lr=9.935e-06
[train] step=412 loss=0.467079 lr=9.935e-06
[train] step=413 loss=0.468518 lr=9.935e-06
[train] step=414 loss=0.221023 lr=9.934e-06
[train] step=415 loss=0.573773 lr=9.934e-06
[train] step=416 loss=0.208103 lr=9.934e-06
[train] step=417 loss=0.217676 lr=9.933e-06
[train] step=418 loss=0.213748 lr=9.933e-06
[train] step=419 loss=0.371968 lr=9.933e-06
[train] step=420 loss=0.406981 lr=9.933e-06
[train] step=421 loss=0.423404 lr=9.932e-06
[train] step=422 loss=0.734542 lr=9.932e-06
[train] step=423 loss=0.274834 lr=9.932e-06
[train] step=424 loss=0.229877 lr=9.931e-06
[train] step=425 loss=0.309254 lr=9.931e-06
[train] step=426 loss=0.249989 lr=9.931e-06
[train] step=427 loss=0.132931 lr=9.930e-06
[train] step=428 loss=0.234096 lr=9.930e-06
[train] step=429 loss=0.298501 lr=9.930e-06
[train] step=430 loss=0.342812 lr=9.929e-06
[train] step=431 loss=0.364168 lr=9.929e-06
[train] step=432 loss=0.215411 lr=9.929e-06
[train] step=433 loss=0.789745 lr=9.928e-06
[train] step=434 loss=0.300484 lr=9.928e-06
[train] step=435 loss=0.325081 lr=9.928e-06
[train] step=436 loss=0.340623 lr=9.927e-06
[train] step=437 loss=0.304051 lr=9.927e-06
[train] step=438 loss=0.202544 lr=9.927e-06
[train] step=439 loss=0.343622 lr=9.926e-06
[train] step=440 loss=0.271695 lr=9.926e-06
[train] step=441 loss=0.380588 lr=9.926e-06
[train] step=442 loss=0.332436 lr=9.925e-06
[train] step=443 loss=0.257006 lr=9.925e-06
[train] step=444 loss=0.303451 lr=9.925e-06
[train] step=445 loss=0.191783 lr=9.924e-06
[train] step=446 loss=0.318543 lr=9.924e-06
[train] step=447 loss=0.236938 lr=9.924e-06
[train] step=448 loss=0.291942 lr=9.923e-06
[train] step=449 loss=0.272066 lr=9.923e-06
[train] step=450 loss=0.506001 lr=9.923e-06
[train] step=451 loss=0.297663 lr=9.922e-06
[train] step=452 loss=0.418816 lr=9.922e-06
[train] step=453 loss=0.172269 lr=9.922e-06
[train] step=454 loss=0.253787 lr=9.921e-06
[train] step=455 loss=0.199922 lr=9.921e-06
[train] step=456 loss=0.259955 lr=9.920e-06
[train] step=457 loss=0.242863 lr=9.920e-06
[train] step=458 loss=0.562560 lr=9.920e-06
[train] step=459 loss=0.346024 lr=9.919e-06
[train] step=460 loss=0.305600 lr=9.919e-06
[train] step=461 loss=0.428845 lr=9.919e-06
[train] step=462 loss=0.313345 lr=9.918e-06
[train] step=463 loss=0.261188 lr=9.918e-06
[train] step=464 loss=0.303488 lr=9.918e-06
[train] step=465 loss=0.215743 lr=9.917e-06
[train] step=466 loss=0.304111 lr=9.917e-06
[train] step=467 loss=0.195034 lr=9.917e-06
[train] step=468 loss=0.321495 lr=9.916e-06
[train] step=469 loss=0.287894 lr=9.916e-06
[train] step=470 loss=0.363332 lr=9.916e-06
[train] step=471 loss=0.352847 lr=9.915e-06
[train] step=472 loss=0.296392 lr=9.915e-06
[train] step=473 loss=0.350394 lr=9.914e-06
[train] step=474 loss=0.349609 lr=9.914e-06
[train] step=475 loss=0.172305 lr=9.914e-06
[train] step=476 loss=0.606571 lr=9.913e-06
[train] step=477 loss=0.222185 lr=9.913e-06
[train] step=478 loss=0.515314 lr=9.913e-06
[train] step=479 loss=0.361743 lr=9.912e-06
[train] step=480 loss=0.166582 lr=9.912e-06
INFO     [rank 0] Model weights for step 480 saved in        dit_trainer.py:1268
         checkpoints/model_weights_step_00480.safetensors                       
INFO     [rank 0] Scalar embedding weights for step 480      dit_trainer.py:1277
         saved                                                                  
INFO     [rank 0] Training state saved:                      dit_trainer.py:1365
         checkpoints/model_weights_step_00480.state.pt                          
DEBUG    [rank 0] Removed old checkpoint:                    dit_trainer.py:1378
         /hppfs/scratch/0D/go76fuz2/windinet/outputs/shockwa                    
         ve_dit_ep20_baseline_std1p5/checkpoints/model_weigh                    
         ts_step_00240.safetensors                                              
DEBUG    [rank 0] Removed old checkpoint:                    dit_trainer.py:1378
         /hppfs/scratch/0D/go76fuz2/windinet/outputs/shockwa                    
         ve_dit_ep20_baseline_std1p5/checkpoints/scalar_embe                    
         dding_step_00240.safetensors                                           
DEBUG    [rank 0] Removed optimizer state for older kept     dit_trainer.py:1393
         checkpoint:                                                            
         /hppfs/scratch/0D/go76fuz2/windinet/outputs/shockwa                    
         ve_dit_ep20_baseline_std1p5/checkpoints/model_weigh                    
         ts_step_00360.state.pt                                                 
[epoch 4] step=480 train_loss=0.330906
[train] step=481 loss=0.253031 lr=9.912e-06
[train] step=482 loss=0.373616 lr=9.911e-06
[train] step=483 loss=0.301970 lr=9.911e-06
[train] step=484 loss=0.273779 lr=9.910e-06
[train] step=485 loss=0.443268 lr=9.910e-06
[train] step=486 loss=0.342419 lr=9.910e-06
[train] step=487 loss=0.355227 lr=9.909e-06
[train] step=488 loss=0.358835 lr=9.909e-06
[train] step=489 loss=0.421065 lr=9.909e-06
[train] step=490 loss=0.238388 lr=9.908e-06
[train] step=491 loss=0.322837 lr=9.908e-06
[train] step=492 loss=0.478850 lr=9.907e-06
[train] step=493 loss=0.205020 lr=9.907e-06
[train] step=494 loss=0.204195 lr=9.907e-06
[train] step=495 loss=0.203697 lr=9.906e-06
[train] step=496 loss=0.292312 lr=9.906e-06
[train] step=497 loss=0.336424 lr=9.906e-06
[train] step=498 loss=0.343931 lr=9.905e-06
[train] step=499 loss=0.165716 lr=9.905e-06
[train] step=500 loss=0.376812 lr=9.904e-06
[train] step=501 loss=0.293260 lr=9.904e-06
[train] step=502 loss=0.389929 lr=9.904e-06
[train] step=503 loss=0.354837 lr=9.903e-06
[train] step=504 loss=0.340240 lr=9.903e-06
[train] step=505 loss=0.384788 lr=9.902e-06
[train] step=506 loss=0.498661 lr=9.902e-06
[train] step=507 loss=0.255370 lr=9.902e-06
[train] step=508 loss=0.774400 lr=9.901e-06
[train] step=509 loss=0.244568 lr=9.901e-06
[train] step=510 loss=0.220416 lr=9.901e-06
[train] step=511 loss=0.287069 lr=9.900e-06
[train] step=512 loss=0.170364 lr=9.900e-06
[train] step=513 loss=0.185741 lr=9.899e-06
[train] step=514 loss=0.349826 lr=9.899e-06
[train] step=515 loss=0.306570 lr=9.899e-06
[train] step=516 loss=0.715181 lr=9.898e-06
[train] step=517 loss=0.612999 lr=9.898e-06
[train] step=518 loss=0.309072 lr=9.897e-06
[train] step=519 loss=0.143920 lr=9.897e-06
[train] step=520 loss=0.463677 lr=9.897e-06
[train] step=521 loss=0.218308 lr=9.896e-06
[train] step=522 loss=0.265901 lr=9.896e-06
[train] step=523 loss=0.379379 lr=9.895e-06
[train] step=524 loss=0.304092 lr=9.895e-06
[train] step=525 loss=0.336345 lr=9.895e-06
[train] step=526 loss=0.162192 lr=9.894e-06
[train] step=527 loss=0.395744 lr=9.894e-06
[train] step=528 loss=0.955446 lr=9.893e-06
[train] step=529 loss=0.698551 lr=9.893e-06
[train] step=530 loss=0.153179 lr=9.893e-06
[train] step=531 loss=0.251519 lr=9.892e-06
[train] step=532 loss=0.467981 lr=9.892e-06
[train] step=533 loss=0.314274 lr=9.891e-06
[train] step=534 loss=0.297553 lr=9.891e-06
[train] step=535 loss=0.282586 lr=9.891e-06
[train] step=536 loss=0.483154 lr=9.890e-06
[train] step=537 loss=0.265259 lr=9.890e-06
[train] step=538 loss=0.322958 lr=9.889e-06
[train] step=539 loss=0.553535 lr=9.889e-06
[train] step=540 loss=0.307139 lr=9.889e-06
[train] step=541 loss=0.312858 lr=9.888e-06
[train] step=542 loss=0.219357 lr=9.888e-06
[train] step=543 loss=0.342461 lr=9.887e-06
[train] step=544 loss=0.386636 lr=9.887e-06
[train] step=545 loss=0.292254 lr=9.886e-06
[train] step=546 loss=0.348387 lr=9.886e-06
[train] step=547 loss=0.420035 lr=9.886e-06
[train] step=548 loss=0.331802 lr=9.885e-06
[train] step=549 loss=0.200134 lr=9.885e-06
[train] step=550 loss=0.312155 lr=9.884e-06
[train] step=551 loss=0.329547 lr=9.884e-06
[train] step=552 loss=0.215246 lr=9.884e-06
[train] step=553 loss=0.419499 lr=9.883e-06
[train] step=554 loss=0.351131 lr=9.883e-06
[train] step=555 loss=0.654722 lr=9.882e-06
[train] step=556 loss=0.201798 lr=9.882e-06
[train] step=557 loss=0.309399 lr=9.881e-06
[train] step=558 loss=0.183951 lr=9.881e-06
[train] step=559 loss=0.341373 lr=9.881e-06
[train] step=560 loss=0.487363 lr=9.880e-06
[train] step=561 loss=0.247581 lr=9.880e-06
[train] step=562 loss=0.189858 lr=9.879e-06
[train] step=563 loss=0.422939 lr=9.879e-06
[train] step=564 loss=0.416107 lr=9.878e-06
[train] step=565 loss=0.447664 lr=9.878e-06
[train] step=566 loss=0.418944 lr=9.878e-06
[train] step=567 loss=0.423793 lr=9.877e-06
[train] step=568 loss=0.254950 lr=9.877e-06
[train] step=569 loss=0.404149 lr=9.876e-06
[train] step=570 loss=0.318727 lr=9.876e-06
[train] step=571 loss=0.155702 lr=9.875e-06
[train] step=572 loss=0.433451 lr=9.875e-06
[train] step=573 loss=0.318436 lr=9.875e-06
[train] step=574 loss=0.248051 lr=9.874e-06
[train] step=575 loss=0.331970 lr=9.874e-06
[train] step=576 loss=0.639138 lr=9.873e-06
[train] step=577 loss=0.353345 lr=9.873e-06
[train] step=578 loss=0.189225 lr=9.872e-06
[train] step=579 loss=0.256384 lr=9.872e-06
[train] step=580 loss=0.280136 lr=9.871e-06
[train] step=581 loss=0.288308 lr=9.871e-06
[train] step=582 loss=0.290848 lr=9.871e-06
[train] step=583 loss=0.276793 lr=9.870e-06
[train] step=584 loss=0.408091 lr=9.870e-06
[train] step=585 loss=0.393985 lr=9.869e-06
[train] step=586 loss=0.345826 lr=9.869e-06
[train] step=587 loss=0.334144 lr=9.868e-06
[train] step=588 loss=0.289951 lr=9.868e-06
[train] step=589 loss=0.243581 lr=9.867e-06
[train] step=590 loss=0.313192 lr=9.867e-06
[train] step=591 loss=0.252221 lr=9.867e-06
[train] step=592 loss=0.307282 lr=9.866e-06
[train] step=593 loss=0.270073 lr=9.866e-06
[train] step=594 loss=0.287947 lr=9.865e-06
[train] step=595 loss=0.312944 lr=9.865e-06
[train] step=596 loss=0.326026 lr=9.864e-06
[train] step=597 loss=0.393535 lr=9.864e-06
[train] step=598 loss=0.383293 lr=9.863e-06
[train] step=599 loss=0.305615 lr=9.863e-06
[train] step=600 loss=0.285219 lr=9.862e-06
[val] step=600 val_loss=0.330320
INFO     [rank 0] Model weights for step 600 saved in        dit_trainer.py:1268
         checkpoints/model_weights_step_00600.safetensors                       
INFO     [rank 0] Scalar embedding weights for step 600      dit_trainer.py:1277
         saved                                                                  
INFO     [rank 0] Training state saved:                      dit_trainer.py:1365
         checkpoints/model_weights_step_00600.state.pt                          
INFO     [rank 0] New best checkpoint (step 600,             dit_trainer.py:1300
         val_loss=0.330320):                                                    
         checkpoints/model_weights_best.safetensors                             
DEBUG    [rank 0] Removed old checkpoint:                    dit_trainer.py:1378
         /hppfs/scratch/0D/go76fuz2/windinet/outputs/shockwa                    
         ve_dit_ep20_baseline_std1p5/checkpoints/model_weigh                    
         ts_step_00360.safetensors                                              
DEBUG    [rank 0] Removed old checkpoint:                    dit_trainer.py:1378
         /hppfs/scratch/0D/go76fuz2/windinet/outputs/shockwa                    
         ve_dit_ep20_baseline_std1p5/checkpoints/scalar_embe                    
         dding_step_00360.safetensors                                           
DEBUG    [rank 0] Removed optimizer state for older kept     dit_trainer.py:1393
         checkpoint:                                                            
         /hppfs/scratch/0D/go76fuz2/windinet/outputs/shockwa                    
         ve_dit_ep20_baseline_std1p5/checkpoints/model_weigh                    
         ts_step_00480.state.pt                                                 
[epoch 5] step=600 train_loss=0.338402 val_loss=0.330320
[train] step=601 loss=0.234247 lr=9.862e-06
[train] step=602 loss=0.271000 lr=9.862e-06
[train] step=603 loss=0.354478 lr=9.861e-06
[train] step=604 loss=0.234704 lr=9.861e-06
[train] step=605 loss=0.421083 lr=9.860e-06
[train] step=606 loss=0.262027 lr=9.860e-06
[train] step=607 loss=0.210561 lr=9.859e-06
[train] step=608 loss=0.241167 lr=9.859e-06
[train] step=609 loss=0.286306 lr=9.858e-06
[train] step=610 loss=0.339880 lr=9.858e-06
[train] step=611 loss=0.158606 lr=9.857e-06
[train] step=612 loss=0.403864 lr=9.857e-06
[train] step=613 loss=0.291582 lr=9.856e-06
[train] step=614 loss=0.139904 lr=9.856e-06
[train] step=615 loss=0.281252 lr=9.856e-06
[train] step=616 loss=0.312970 lr=9.855e-06
[train] step=617 loss=0.350475 lr=9.855e-06
[train] step=618 loss=0.205382 lr=9.854e-06
[train] step=619 loss=0.484815 lr=9.854e-06
[train] step=620 loss=0.277894 lr=9.853e-06
[train] step=621 loss=0.247193 lr=9.853e-06
[train] step=622 loss=0.264877 lr=9.852e-06
[train] step=623 loss=0.278829 lr=9.852e-06
[train] step=624 loss=0.252636 lr=9.851e-06
[train] step=625 loss=0.300394 lr=9.851e-06
[train] step=626 loss=0.230596 lr=9.850e-06
[train] step=627 loss=0.278768 lr=9.850e-06
[train] step=628 loss=0.290268 lr=9.849e-06
[train] step=629 loss=0.329548 lr=9.849e-06
[train] step=630 loss=0.219920 lr=9.848e-06
[train] step=631 loss=0.393597 lr=9.848e-06
[train] step=632 loss=0.178424 lr=9.847e-06
[train] step=633 loss=0.906860 lr=9.847e-06
[train] step=634 loss=0.280510 lr=9.846e-06
[train] step=635 loss=0.257108 lr=9.846e-06
[train] step=636 loss=0.646613 lr=9.846e-06
[train] step=637 loss=0.255073 lr=9.845e-06
[train] step=638 loss=0.628148 lr=9.845e-06
[train] step=639 loss=0.311560 lr=9.844e-06
[train] step=640 loss=0.279316 lr=9.844e-06
[train] step=641 loss=0.485669 lr=9.843e-06
[train] step=642 loss=0.324409 lr=9.843e-06
[train] step=643 loss=0.267573 lr=9.842e-06
[train] step=644 loss=0.440026 lr=9.842e-06
[train] step=645 loss=0.315125 lr=9.841e-06
[train] step=646 loss=0.702223 lr=9.841e-06
[train] step=647 loss=0.338065 lr=9.840e-06
[train] step=648 loss=0.247144 lr=9.840e-06
[train] step=649 loss=0.162098 lr=9.839e-06
[train] step=650 loss=0.201913 lr=9.839e-06
[train] step=651 loss=0.324665 lr=9.838e-06
[train] step=652 loss=0.296413 lr=9.838e-06
[train] step=653 loss=0.298712 lr=9.837e-06
[train] step=654 loss=0.253884 lr=9.837e-06
[train] step=655 loss=0.275221 lr=9.836e-06
[train] step=656 loss=0.354420 lr=9.836e-06
[train] step=657 loss=0.184804 lr=9.835e-06
[train] step=658 loss=0.201204 lr=9.835e-06
[train] step=659 loss=0.231806 lr=9.834e-06
[train] step=660 loss=0.224775 lr=9.834e-06
[train] step=661 loss=0.258938 lr=9.833e-06
[train] step=662 loss=0.482102 lr=9.833e-06
[train] step=663 loss=0.182376 lr=9.832e-06
[train] step=664 loss=0.140097 lr=9.832e-06
[train] step=665 loss=0.291920 lr=9.831e-06
[train] step=666 loss=0.206947 lr=9.831e-06
[train] step=667 loss=0.332703 lr=9.830e-06
[train] step=668 loss=0.158771 lr=9.830e-06
[train] step=669 loss=0.369511 lr=9.829e-06
[train] step=670 loss=0.179026 lr=9.829e-06
[train] step=671 loss=0.350461 lr=9.828e-06
[train] step=672 loss=0.438839 lr=9.828e-06
[train] step=673 loss=0.388359 lr=9.827e-06
[train] step=674 loss=0.276848 lr=9.827e-06
[train] step=675 loss=0.314862 lr=9.826e-06
[train] step=676 loss=0.665354 lr=9.826e-06
[train] step=677 loss=0.334045 lr=9.825e-06
[train] step=678 loss=0.294199 lr=9.825e-06
[train] step=679 loss=0.366743 lr=9.824e-06
[train] step=680 loss=0.251049 lr=9.823e-06
[train] step=681 loss=0.239348 lr=9.823e-06
[train] step=682 loss=0.297807 lr=9.822e-06
[train] step=683 loss=0.299740 lr=9.822e-06
[train] step=684 loss=0.378319 lr=9.821e-06
[train] step=685 loss=0.251556 lr=9.821e-06
[train] step=686 loss=0.365655 lr=9.820e-06
[train] step=687 loss=0.301528 lr=9.820e-06
[train] step=688 loss=0.347013 lr=9.819e-06
[train] step=689 loss=0.302771 lr=9.819e-06
[train] step=690 loss=0.279217 lr=9.818e-06
[train] step=691 loss=0.300316 lr=9.818e-06
[train] step=692 loss=0.290749 lr=9.817e-06
[train] step=693 loss=0.216602 lr=9.817e-06
[train] step=694 loss=0.273603 lr=9.816e-06
[train] step=695 loss=0.285391 lr=9.816e-06
[train] step=696 loss=0.276593 lr=9.815e-06
[train] step=697 loss=0.327783 lr=9.815e-06
[train] step=698 loss=0.341593 lr=9.814e-06
[train] step=699 loss=0.216394 lr=9.814e-06
[train] step=700 loss=0.167099 lr=9.813e-06
[train] step=701 loss=0.166157 lr=9.812e-06
[train] step=702 loss=0.375551 lr=9.812e-06
[train] step=703 loss=0.210069 lr=9.811e-06
[train] step=704 loss=0.261173 lr=9.811e-06
[train] step=705 loss=0.298920 lr=9.810e-06
[train] step=706 loss=0.346864 lr=9.810e-06
[train] step=707 loss=0.338560 lr=9.809e-06
[train] step=708 loss=0.207303 lr=9.809e-06
[train] step=709 loss=0.255253 lr=9.808e-06
[train] step=710 loss=0.272917 lr=9.808e-06
[train] step=711 loss=0.275808 lr=9.807e-06
[train] step=712 loss=0.354883 lr=9.807e-06
[train] step=713 loss=0.404993 lr=9.806e-06
[train] step=714 loss=0.361971 lr=9.805e-06
[train] step=715 loss=0.592955 lr=9.805e-06
[train] step=716 loss=0.211790 lr=9.804e-06
[train] step=717 loss=0.394713 lr=9.804e-06
[train] step=718 loss=0.344410 lr=9.803e-06
[train] step=719 loss=0.298338 lr=9.803e-06
[train] step=720 loss=0.151280 lr=9.802e-06
INFO     [rank 0] Model weights for step 720 saved in        dit_trainer.py:1268
         checkpoints/model_weights_step_00720.safetensors                       
INFO     [rank 0] Scalar embedding weights for step 720      dit_trainer.py:1277
         saved                                                                  
INFO     [rank 0] Training state saved:                      dit_trainer.py:1365
         checkpoints/model_weights_step_00720.state.pt                          
DEBUG    [rank 0] Removed old checkpoint:                    dit_trainer.py:1378
         /hppfs/scratch/0D/go76fuz2/windinet/outputs/shockwa                    
         ve_dit_ep20_baseline_std1p5/checkpoints/model_weigh                    
         ts_step_00480.safetensors                                              
DEBUG    [rank 0] Removed old checkpoint:                    dit_trainer.py:1378
         /hppfs/scratch/0D/go76fuz2/windinet/outputs/shockwa                    
         ve_dit_ep20_baseline_std1p5/checkpoints/scalar_embe                    
         dding_step_00480.safetensors                                           
DEBUG    [rank 0] Removed optimizer state for older kept     dit_trainer.py:1393
         checkpoint:                                                            
         /hppfs/scratch/0D/go76fuz2/windinet/outputs/shockwa                    
         ve_dit_ep20_baseline_std1p5/checkpoints/model_weigh                    
         ts_step_00600.state.pt                                                 
[epoch 6] step=720 train_loss=0.308522
[train] step=721 loss=0.183874 lr=9.802e-06
[train] step=722 loss=0.345359 lr=9.801e-06
[train] step=723 loss=0.305985 lr=9.801e-06
[train] step=724 loss=0.206857 lr=9.800e-06
[train] step=725 loss=0.291103 lr=9.799e-06
[train] step=726 loss=0.127780 lr=9.799e-06
[train] step=727 loss=0.209395 lr=9.798e-06
[train] step=728 loss=0.370601 lr=9.798e-06
[train] step=729 loss=0.303263 lr=9.797e-06
[train] step=730 loss=0.177183 lr=9.797e-06
[train] step=731 loss=0.139147 lr=9.796e-06
[train] step=732 loss=0.308840 lr=9.796e-06
[train] step=733 loss=0.803144 lr=9.795e-06
[train] step=734 loss=0.223342 lr=9.794e-06
[train] step=735 loss=0.167185 lr=9.794e-06
[train] step=736 loss=0.275593 lr=9.793e-06
[train] step=737 loss=0.352306 lr=9.793e-06
[train] step=738 loss=0.215925 lr=9.792e-06
[train] step=739 loss=0.320882 lr=9.792e-06
[train] step=740 loss=0.245580 lr=9.791e-06
[train] step=741 loss=0.459603 lr=9.791e-06
[train] step=742 loss=0.360269 lr=9.790e-06
[train] step=743 loss=0.235095 lr=9.789e-06
[train] step=744 loss=0.243497 lr=9.789e-06
[train] step=745 loss=0.242235 lr=9.788e-06
[train] step=746 loss=0.358103 lr=9.788e-06
[train] step=747 loss=0.346896 lr=9.787e-06
[train] step=748 loss=0.574573 lr=9.787e-06
[train] step=749 loss=0.259576 lr=9.786e-06
[train] step=750 loss=0.269269 lr=9.785e-06
[train] step=751 loss=0.209947 lr=9.785e-06
[train] step=752 loss=0.273207 lr=9.784e-06
[train] step=753 loss=0.267454 lr=9.784e-06
[train] step=754 loss=0.296290 lr=9.783e-06
[train] step=755 loss=0.180018 lr=9.783e-06
[train] step=756 loss=0.377709 lr=9.782e-06
[train] step=757 loss=0.249574 lr=9.781e-06
[train] step=758 loss=0.113637 lr=9.781e-06
[train] step=759 loss=0.373562 lr=9.780e-06
[train] step=760 loss=0.275323 lr=9.780e-06
[train] step=761 loss=0.350722 lr=9.779e-06
[train] step=762 loss=0.285309 lr=9.779e-06
[train] step=763 loss=0.344163 lr=9.778e-06
[train] step=764 loss=0.312352 lr=9.777e-06
[train] step=765 loss=0.345843 lr=9.777e-06
[train] step=766 loss=0.289463 lr=9.776e-06
[train] step=767 loss=0.354854 lr=9.776e-06
[train] step=768 loss=0.257442 lr=9.775e-06
[train] step=769 loss=0.220795 lr=9.775e-06
[train] step=770 loss=0.251662 lr=9.774e-06
[train] step=771 loss=0.421553 lr=9.773e-06
[train] step=772 loss=0.269160 lr=9.773e-06
[train] step=773 loss=0.213863 lr=9.772e-06
[train] step=774 loss=0.260887 lr=9.772e-06
[train] step=775 loss=0.258610 lr=9.771e-06
[train] step=776 loss=0.649306 lr=9.770e-06
[train] step=777 loss=0.232792 lr=9.770e-06
[train] step=778 loss=0.312345 lr=9.769e-06
[train] step=779 loss=0.359959 lr=9.769e-06
[train] step=780 loss=0.311128 lr=9.768e-06
[train] step=781 loss=0.196623 lr=9.768e-06
[train] step=782 loss=0.280750 lr=9.767e-06
[train] step=783 loss=0.187967 lr=9.766e-06
[train] step=784 loss=0.339015 lr=9.766e-06
[train] step=785 loss=0.434455 lr=9.765e-06
[train] step=786 loss=0.331235 lr=9.765e-06
[train] step=787 loss=0.281332 lr=9.764e-06
[train] step=788 loss=0.249599 lr=9.763e-06
[train] step=789 loss=0.238971 lr=9.763e-06
[train] step=790 loss=0.393794 lr=9.762e-06
[train] step=791 loss=0.347160 lr=9.762e-06
[train] step=792 loss=0.166529 lr=9.761e-06
[train] step=793 loss=0.502436 lr=9.760e-06
[train] step=794 loss=0.571677 lr=9.760e-06
[train] step=795 loss=0.322492 lr=9.759e-06
[train] step=796 loss=0.397973 lr=9.759e-06
[train] step=797 loss=0.201290 lr=9.758e-06
[train] step=798 loss=0.361026 lr=9.757e-06
[train] step=799 loss=0.770220 lr=9.757e-06
[train] step=800 loss=0.343901 lr=9.756e-06
[train] step=801 loss=0.331059 lr=9.756e-06
[train] step=802 loss=0.289369 lr=9.755e-06
[train] step=803 loss=0.175602 lr=9.754e-06
[train] step=804 loss=0.333729 lr=9.754e-06
[train] step=805 loss=0.233489 lr=9.753e-06
[train] step=806 loss=0.265593 lr=9.752e-06
[train] step=807 loss=0.380641 lr=9.752e-06
[train] step=808 loss=0.230323 lr=9.751e-06
[train] step=809 loss=0.400388 lr=9.751e-06
[train] step=810 loss=0.270355 lr=9.750e-06
[train] step=811 loss=0.301701 lr=9.749e-06
[train] step=812 loss=0.393311 lr=9.749e-06
[train] step=813 loss=0.258030 lr=9.748e-06
[train] step=814 loss=0.451617 lr=9.748e-06
[train] step=815 loss=0.392836 lr=9.747e-06
[train] step=816 loss=0.378419 lr=9.746e-06
[train] step=817 loss=0.248574 lr=9.746e-06
[train] step=818 loss=0.332214 lr=9.745e-06
[train] step=819 loss=0.197309 lr=9.744e-06
[train] step=820 loss=0.208307 lr=9.744e-06
[train] step=821 loss=0.159472 lr=9.743e-06
[train] step=822 loss=0.315628 lr=9.743e-06
[train] step=823 loss=0.335521 lr=9.742e-06
[train] step=824 loss=0.224775 lr=9.741e-06
[train] step=825 loss=0.455237 lr=9.741e-06
[train] step=826 loss=0.365124 lr=9.740e-06
[train] step=827 loss=0.426661 lr=9.740e-06
[train] step=828 loss=0.295508 lr=9.739e-06
[train] step=829 loss=0.405246 lr=9.738e-06
[train] step=830 loss=0.377483 lr=9.738e-06
[train] step=831 loss=0.304006 lr=9.737e-06
[train] step=832 loss=0.255848 lr=9.736e-06
[train] step=833 loss=0.383720 lr=9.736e-06
[train] step=834 loss=0.335470 lr=9.735e-06
[train] step=835 loss=0.776025 lr=9.734e-06
[train] step=836 loss=0.232825 lr=9.734e-06
[train] step=837 loss=0.241553 lr=9.733e-06
[train] step=838 loss=0.362127 lr=9.733e-06
[train] step=839 loss=0.165726 lr=9.732e-06
[train] step=840 loss=0.455310 lr=9.731e-06
INFO     [rank 0] Model weights for step 840 saved in        dit_trainer.py:1268
         checkpoints/model_weights_step_00840.safetensors                       
INFO     [rank 0] Scalar embedding weights for step 840      dit_trainer.py:1277
         saved                                                                  
INFO     [rank 0] Training state saved:                      dit_trainer.py:1365
         checkpoints/model_weights_step_00840.state.pt                          
DEBUG    [rank 0] Removed old checkpoint:                    dit_trainer.py:1378
         /hppfs/scratch/0D/go76fuz2/windinet/outputs/shockwa                    
         ve_dit_ep20_baseline_std1p5/checkpoints/model_weigh                    
         ts_step_00600.safetensors                                              
DEBUG    [rank 0] Removed old checkpoint:                    dit_trainer.py:1378
         /hppfs/scratch/0D/go76fuz2/windinet/outputs/shockwa                    
         ve_dit_ep20_baseline_std1p5/checkpoints/scalar_embe                    
         dding_step_00600.safetensors                                           
DEBUG    [rank 0] Removed optimizer state for older kept     dit_trainer.py:1393
         checkpoint:                                                            
         /hppfs/scratch/0D/go76fuz2/windinet/outputs/shockwa                    
         ve_dit_ep20_baseline_std1p5/checkpoints/model_weigh                    
         ts_step_00720.state.pt                                                 
[epoch 7] step=840 train_loss=0.311683
[train] step=841 loss=0.335242 lr=9.731e-06
[train] step=842 loss=0.333549 lr=9.730e-06
[train] step=843 loss=0.262143 lr=9.729e-06
[train] step=844 loss=0.721738 lr=9.729e-06
[train] step=845 loss=0.309787 lr=9.728e-06
[train] step=846 loss=0.471946 lr=9.728e-06
[train] step=847 loss=0.582729 lr=9.727e-06
[train] step=848 loss=0.161751 lr=9.726e-06
[train] step=849 loss=0.257115 lr=9.726e-06
[train] step=850 loss=0.273908 lr=9.725e-06
[train] step=851 loss=0.425072 lr=9.724e-06
[train] step=852 loss=0.263916 lr=9.724e-06
[train] step=853 loss=0.191847 lr=9.723e-06
[train] step=854 loss=0.166827 lr=9.722e-06
[train] step=855 loss=0.225401 lr=9.722e-06
[train] step=856 loss=0.203549 lr=9.721e-06
[train] step=857 loss=0.165983 lr=9.720e-06
[train] step=858 loss=0.271822 lr=9.720e-06
[train] step=859 loss=0.288759 lr=9.719e-06
[train] step=860 loss=0.224624 lr=9.718e-06
[train] step=861 loss=0.365739 lr=9.718e-06
[train] step=862 loss=0.213390 lr=9.717e-06
[train] step=863 loss=0.222568 lr=9.717e-06
[train] step=864 loss=0.251304 lr=9.716e-06
[train] step=865 loss=0.491589 lr=9.715e-06
[train] step=866 loss=0.549515 lr=9.715e-06
[train] step=867 loss=0.287511 lr=9.714e-06
[train] step=868 loss=0.384395 lr=9.713e-06
[train] step=869 loss=0.178553 lr=9.713e-06
[train] step=870 loss=0.187568 lr=9.712e-06
[train] step=871 loss=0.284407 lr=9.711e-06
[train] step=872 loss=0.258012 lr=9.711e-06
[train] step=873 loss=0.256887 lr=9.710e-06
[train] step=874 loss=0.644430 lr=9.709e-06
[train] step=875 loss=0.252949 lr=9.709e-06
[train] step=876 loss=0.212272 lr=9.708e-06
[train] step=877 loss=0.403928 lr=9.707e-06
[train] step=878 loss=0.363142 lr=9.707e-06
[train] step=879 loss=0.271067 lr=9.706e-06
[train] step=880 loss=0.244249 lr=9.705e-06
[train] step=881 loss=0.232934 lr=9.705e-06
[train] step=882 loss=0.556505 lr=9.704e-06
[train] step=883 loss=0.629170 lr=9.703e-06
[train] step=884 loss=0.302901 lr=9.703e-06
[train] step=885 loss=0.336111 lr=9.702e-06
[train] step=886 loss=0.335272 lr=9.701e-06
[train] step=887 loss=0.194197 lr=9.701e-06
[train] step=888 loss=0.227356 lr=9.700e-06
[train] step=889 loss=0.222984 lr=9.699e-06
[train] step=890 loss=0.402595 lr=9.699e-06
[train] step=891 loss=0.250054 lr=9.698e-06
[train] step=892 loss=0.298759 lr=9.697e-06
[train] step=893 loss=0.415581 lr=9.697e-06
[train] step=894 loss=0.205199 lr=9.696e-06
[train] step=895 loss=0.525358 lr=9.695e-06
[train] step=896 loss=0.520178 lr=9.695e-06
[train] step=897 loss=0.240247 lr=9.694e-06
[train] step=898 loss=0.274683 lr=9.693e-06
[train] step=899 loss=0.432702 lr=9.693e-06
[train] step=900 loss=0.243488 lr=9.692e-06
[train] step=901 loss=0.276482 lr=9.691e-06
[train] step=902 loss=0.354945 lr=9.691e-06
[train] step=903 loss=0.264279 lr=9.690e-06
[train] step=904 loss=0.365754 lr=9.689e-06
[train] step=905 loss=0.219574 lr=9.689e-06
[train] step=906 loss=0.214111 lr=9.688e-06
[train] step=907 loss=0.209812 lr=9.687e-06
[train] step=908 loss=0.321375 lr=9.686e-06
[train] step=909 loss=0.242480 lr=9.686e-06
[train] step=910 loss=0.222803 lr=9.685e-06
[train] step=911 loss=0.342127 lr=9.684e-06
[train] step=912 loss=0.162027 lr=9.684e-06
[train] step=913 loss=0.189106 lr=9.683e-06
[train] step=914 loss=0.224972 lr=9.682e-06
[train] step=915 loss=0.235802 lr=9.682e-06
[train] step=916 loss=0.500092 lr=9.681e-06
[train] step=917 loss=0.154048 lr=9.680e-06
[train] step=918 loss=0.350776 lr=9.680e-06
[train] step=919 loss=0.232566 lr=9.679e-06
[train] step=920 loss=0.177640 lr=9.678e-06
[train] step=921 loss=0.221083 lr=9.678e-06
[train] step=922 loss=0.125684 lr=9.677e-06
[train] step=923 loss=0.183291 lr=9.676e-06
[train] step=924 loss=0.303208 lr=9.675e-06
[train] step=925 loss=0.324051 lr=9.675e-06
[train] step=926 loss=0.294279 lr=9.674e-06
[train] step=927 loss=0.283017 lr=9.673e-06
[train] step=928 loss=0.302970 lr=9.673e-06
[train] step=929 loss=0.793078 lr=9.672e-06
[train] step=930 loss=0.397751 lr=9.671e-06
[train] step=931 loss=0.354843 lr=9.671e-06
[train] step=932 loss=0.312656 lr=9.670e-06
[train] step=933 loss=0.407306 lr=9.669e-06
[train] step=934 loss=0.251360 lr=9.668e-06
[train] step=935 loss=0.267350 lr=9.668e-06
[train] step=936 loss=0.306046 lr=9.667e-06
[train] step=937 loss=0.333854 lr=9.666e-06
[train] step=938 loss=0.400520 lr=9.666e-06
[train] step=939 loss=0.320068 lr=9.665e-06
[train] step=940 loss=0.307547 lr=9.664e-06
[train] step=941 loss=0.285943 lr=9.664e-06
[train] step=942 loss=0.396962 lr=9.663e-06
[train] step=943 loss=0.265030 lr=9.662e-06
[train] step=944 loss=0.281146 lr=9.661e-06
[train] step=945 loss=0.341523 lr=9.661e-06
[train] step=946 loss=0.436023 lr=9.660e-06
[train] step=947 loss=0.481905 lr=9.659e-06
[train] step=948 loss=0.340082 lr=9.659e-06
[train] step=949 loss=0.262046 lr=9.658e-06
[train] step=950 loss=0.349586 lr=9.657e-06
[train] step=951 loss=0.197212 lr=9.656e-06
[train] step=952 loss=0.208816 lr=9.656e-06
[train] step=953 loss=0.319843 lr=9.655e-06
[train] step=954 loss=0.181264 lr=9.654e-06
[train] step=955 loss=0.256651 lr=9.654e-06
[train] step=956 loss=0.444430 lr=9.653e-06
[train] step=957 loss=0.247586 lr=9.652e-06
[train] step=958 loss=0.252069 lr=9.651e-06
[train] step=959 loss=0.253127 lr=9.651e-06
[train] step=960 loss=0.369570 lr=9.650e-06
INFO     [rank 0] Model weights for step 960 saved in        dit_trainer.py:1268
         checkpoints/model_weights_step_00960.safetensors                       
INFO     [rank 0] Scalar embedding weights for step 960      dit_trainer.py:1277
         saved                                                                  
INFO     [rank 0] Training state saved:                      dit_trainer.py:1365
         checkpoints/model_weights_step_00960.state.pt                          
DEBUG    [rank 0] Removed old checkpoint:                    dit_trainer.py:1378
         /hppfs/scratch/0D/go76fuz2/windinet/outputs/shockwa                    
         ve_dit_ep20_baseline_std1p5/checkpoints/model_weigh                    
         ts_step_00720.safetensors                                              
DEBUG    [rank 0] Removed old checkpoint:                    dit_trainer.py:1378
         /hppfs/scratch/0D/go76fuz2/windinet/outputs/shockwa                    
         ve_dit_ep20_baseline_std1p5/checkpoints/scalar_embe                    
         dding_step_00720.safetensors                                           
DEBUG    [rank 0] Removed optimizer state for older kept     dit_trainer.py:1393
         checkpoint:                                                            
         /hppfs/scratch/0D/go76fuz2/windinet/outputs/shockwa                    
         ve_dit_ep20_baseline_std1p5/checkpoints/model_weigh                    
         ts_step_00840.state.pt                                                 
[epoch 8] step=960 train_loss=0.310956
[train] step=961 loss=0.222737 lr=9.649e-06
[train] step=962 loss=0.177685 lr=9.649e-06
[train] step=963 loss=0.396622 lr=9.648e-06
[train] step=964 loss=0.212126 lr=9.647e-06
[train] step=965 loss=0.359795 lr=9.646e-06
[train] step=966 loss=0.246587 lr=9.646e-06
[train] step=967 loss=0.258483 lr=9.645e-06
[train] step=968 loss=0.410060 lr=9.644e-06
[train] step=969 loss=0.203238 lr=9.643e-06
[train] step=970 loss=0.271399 lr=9.643e-06
[train] step=971 loss=0.275432 lr=9.642e-06
[train] step=972 loss=0.231830 lr=9.641e-06
[train] step=973 loss=0.252905 lr=9.641e-06
[train] step=974 loss=0.341213 lr=9.640e-06
[train] step=975 loss=0.250318 lr=9.639e-06
[train] step=976 loss=0.360155 lr=9.638e-06
[train] step=977 loss=0.249598 lr=9.638e-06
[train] step=978 loss=0.248019 lr=9.637e-06
[train] step=979 loss=0.439013 lr=9.636e-06
[train] step=980 loss=0.247974 lr=9.635e-06
[train] step=981 loss=0.265795 lr=9.635e-06
[train] step=982 loss=0.329586 lr=9.634e-06
[train] step=983 loss=0.256418 lr=9.633e-06
[train] step=984 loss=0.154049 lr=9.632e-06
[train] step=985 loss=0.300616 lr=9.632e-06
[train] step=986 loss=0.226507 lr=9.631e-06
[train] step=987 loss=0.274717 lr=9.630e-06
[train] step=988 loss=0.185484 lr=9.629e-06
[train] step=989 loss=0.270296 lr=9.629e-06
[train] step=990 loss=0.196614 lr=9.628e-06
[train] step=991 loss=0.258711 lr=9.627e-06
[train] step=992 loss=0.255912 lr=9.627e-06
[train] step=993 loss=0.352083 lr=9.626e-06
[train] step=994 loss=0.320290 lr=9.625e-06
[train] step=995 loss=0.212497 lr=9.624e-06
[train] step=996 loss=0.341684 lr=9.624e-06
[train] step=997 loss=0.270421 lr=9.623e-06
[train] step=998 loss=0.284735 lr=9.622e-06
[train] step=999 loss=0.307889 lr=9.621e-06
[train] step=1000 loss=0.465389 lr=9.621e-06
[train] step=1001 loss=0.585491 lr=9.620e-06
[train] step=1002 loss=0.272587 lr=9.619e-06
[train] step=1003 loss=0.243577 lr=9.618e-06
[train] step=1004 loss=0.236626 lr=9.618e-06
[train] step=1005 loss=0.265799 lr=9.617e-06
[train] step=1006 loss=0.312276 lr=9.616e-06
[train] step=1007 loss=0.235850 lr=9.615e-06
[train] step=1008 loss=0.305315 lr=9.615e-06
[train] step=1009 loss=0.347282 lr=9.614e-06
[train] step=1010 loss=0.398445 lr=9.613e-06
[train] step=1011 loss=0.300381 lr=9.612e-06
[train] step=1012 loss=0.226222 lr=9.611e-06
[train] step=1013 loss=0.323462 lr=9.611e-06
[train] step=1014 loss=0.417283 lr=9.610e-06
[train] step=1015 loss=0.317171 lr=9.609e-06
[train] step=1016 loss=0.466137 lr=9.608e-06
[train] step=1017 loss=0.258044 lr=9.608e-06
[train] step=1018 loss=0.194724 lr=9.607e-06
[train] step=1019 loss=0.262483 lr=9.606e-06
[train] step=1020 loss=0.257798 lr=9.605e-06
[train] step=1021 loss=0.164262 lr=9.605e-06
[train] step=1022 loss=0.259505 lr=9.604e-06
[train] step=1023 loss=0.313130 lr=9.603e-06
[train] step=1024 loss=0.242534 lr=9.602e-06
[train] step=1025 loss=0.306802 lr=9.602e-06
[train] step=1026 loss=0.250963 lr=9.601e-06
[train] step=1027 loss=0.583910 lr=9.600e-06
[train] step=1028 loss=0.317259 lr=9.599e-06
[train] step=1029 loss=0.351672 lr=9.598e-06
[train] step=1030 loss=0.348701 lr=9.598e-06
[train] step=1031 loss=0.247345 lr=9.597e-06
[train] step=1032 loss=0.186329 lr=9.596e-06
[train] step=1033 loss=0.504809 lr=9.595e-06
[train] step=1034 loss=0.351179 lr=9.595e-06
[train] step=1035 loss=0.285806 lr=9.594e-06
[train] step=1036 loss=0.289814 lr=9.593e-06
[train] step=1037 loss=0.399129 lr=9.592e-06
[train] step=1038 loss=0.232411 lr=9.592e-06
[train] step=1039 loss=0.499294 lr=9.591e-06
[train] step=1040 loss=0.382017 lr=9.590e-06
[train] step=1041 loss=0.346178 lr=9.589e-06
[train] step=1042 loss=0.284453 lr=9.588e-06
[train] step=1043 loss=0.351045 lr=9.588e-06
[train] step=1044 loss=0.259718 lr=9.587e-06
[train] step=1045 loss=0.345803 lr=9.586e-06
[train] step=1046 loss=0.281003 lr=9.585e-06
[train] step=1047 loss=0.248987 lr=9.584e-06
[train] step=1048 loss=0.254984 lr=9.584e-06
[train] step=1049 loss=0.135486 lr=9.583e-06
[train] step=1050 loss=0.227964 lr=9.582e-06
[train] step=1051 loss=0.205453 lr=9.581e-06
[train] step=1052 loss=0.297069 lr=9.581e-06
[train] step=1053 loss=0.294980 lr=9.580e-06
[train] step=1054 loss=0.278983 lr=9.579e-06
[train] step=1055 loss=0.204841 lr=9.578e-06
[train] step=1056 loss=0.287014 lr=9.577e-06
[train] step=1057 loss=0.314649 lr=9.577e-06
[train] step=1058 loss=0.351810 lr=9.576e-06
[train] step=1059 loss=0.336485 lr=9.575e-06
[train] step=1060 loss=0.312349 lr=9.574e-06
[train] step=1061 loss=0.239816 lr=9.573e-06
[train] step=1062 loss=0.311413 lr=9.573e-06
[train] step=1063 loss=0.457147 lr=9.572e-06
[train] step=1064 loss=0.152764 lr=9.571e-06
[train] step=1065 loss=0.287726 lr=9.570e-06
[train] step=1066 loss=0.335333 lr=9.569e-06
[train] step=1067 loss=0.207499 lr=9.569e-06
[train] step=1068 loss=0.143372 lr=9.568e-06
[train] step=1069 loss=0.415241 lr=9.567e-06
[train] step=1070 loss=0.209504 lr=9.566e-06
[train] step=1071 loss=0.252973 lr=9.565e-06
[train] step=1072 loss=0.224716 lr=9.565e-06
[train] step=1073 loss=0.207838 lr=9.564e-06
[train] step=1074 loss=0.527993 lr=9.563e-06
[train] step=1075 loss=0.329290 lr=9.562e-06
[train] step=1076 loss=0.207839 lr=9.561e-06
[train] step=1077 loss=0.305517 lr=9.561e-06
[train] step=1078 loss=0.350829 lr=9.560e-06
[train] step=1079 loss=0.268219 lr=9.559e-06
[train] step=1080 loss=0.772423 lr=9.558e-06
INFO     [rank 0] Model weights for step 1080 saved in       dit_trainer.py:1268
         checkpoints/model_weights_step_01080.safetensors                       
INFO     [rank 0] Scalar embedding weights for step 1080     dit_trainer.py:1277
         saved                                                                  
INFO     [rank 0] Training state saved:                      dit_trainer.py:1365
         checkpoints/model_weights_step_01080.state.pt                          
DEBUG    [rank 0] Removed old checkpoint:                    dit_trainer.py:1378
         /hppfs/scratch/0D/go76fuz2/windinet/outputs/shockwa                    
         ve_dit_ep20_baseline_std1p5/checkpoints/model_weigh                    
         ts_step_00840.safetensors                                              
DEBUG    [rank 0] Removed old checkpoint:                    dit_trainer.py:1378
         /hppfs/scratch/0D/go76fuz2/windinet/outputs/shockwa                    
         ve_dit_ep20_baseline_std1p5/checkpoints/scalar_embe                    
         dding_step_00840.safetensors                                           
DEBUG    [rank 0] Removed optimizer state for older kept     dit_trainer.py:1393
         checkpoint:                                                            
         /hppfs/scratch/0D/go76fuz2/windinet/outputs/shockwa                    
         ve_dit_ep20_baseline_std1p5/checkpoints/model_weigh                    
         ts_step_00960.state.pt                                                 
[epoch 9] step=1080 train_loss=0.294605
[train] step=1081 loss=0.284469 lr=9.557e-06
[train] step=1082 loss=0.306937 lr=9.557e-06
[train] step=1083 loss=0.240426 lr=9.556e-06
[train] step=1084 loss=0.273579 lr=9.555e-06
[train] step=1085 loss=0.383977 lr=9.554e-06
[train] step=1086 loss=0.144792 lr=9.553e-06
[train] step=1087 loss=0.619137 lr=9.553e-06
[train] step=1088 loss=0.257308 lr=9.552e-06
[train] step=1089 loss=0.363662 lr=9.551e-06
[train] step=1090 loss=0.368643 lr=9.550e-06
[train] step=1091 loss=0.322462 lr=9.549e-06
[train] step=1092 loss=0.208586 lr=9.549e-06
[train] step=1093 loss=0.545950 lr=9.548e-06
[train] step=1094 loss=0.194546 lr=9.547e-06
[train] step=1095 loss=0.605724 lr=9.546e-06
[train] step=1096 loss=0.244409 lr=9.545e-06
[train] step=1097 loss=0.185865 lr=9.544e-06
[train] step=1098 loss=0.164079 lr=9.544e-06
[train] step=1099 loss=0.553494 lr=9.543e-06
[train] step=1100 loss=0.662722 lr=9.542e-06
[train] step=1101 loss=0.289145 lr=9.541e-06
[train] step=1102 loss=0.307622 lr=9.540e-06
[train] step=1103 loss=0.434663 lr=9.540e-06
[train] step=1104 loss=0.200868 lr=9.539e-06
[train] step=1105 loss=0.397285 lr=9.538e-06
[train] step=1106 loss=0.347381 lr=9.537e-06
[train] step=1107 loss=0.245628 lr=9.536e-06
[train] step=1108 loss=0.340267 lr=9.535e-06
[train] step=1109 loss=0.275962 lr=9.535e-06
[train] step=1110 loss=0.480381 lr=9.534e-06
[train] step=1111 loss=0.278416 lr=9.533e-06
[train] step=1112 loss=0.189702 lr=9.532e-06
[train] step=1113 loss=0.207441 lr=9.531e-06
[train] step=1114 loss=0.227977 lr=9.530e-06
[train] step=1115 loss=0.327834 lr=9.530e-06
[train] step=1116 loss=0.298319 lr=9.529e-06
[train] step=1117 loss=0.137686 lr=9.528e-06
[train] step=1118 loss=0.188862 lr=9.527e-06
[train] step=1119 loss=0.288156 lr=9.526e-06
[train] step=1120 loss=0.285665 lr=9.525e-06
[train] step=1121 loss=0.792045 lr=9.525e-06
[train] step=1122 loss=0.477629 lr=9.524e-06
[train] step=1123 loss=0.262472 lr=9.523e-06
[train] step=1124 loss=0.346695 lr=9.522e-06
[train] step=1125 loss=0.275072 lr=9.521e-06
[train] step=1126 loss=0.271420 lr=9.520e-06
[train] step=1127 loss=0.318688 lr=9.520e-06
[train] step=1128 loss=0.271105 lr=9.519e-06
[train] step=1129 loss=0.391694 lr=9.518e-06
[train] step=1130 loss=0.362137 lr=9.517e-06
[train] step=1131 loss=0.230174 lr=9.516e-06
[train] step=1132 loss=0.292382 lr=9.515e-06
[train] step=1133 loss=0.405337 lr=9.515e-06
[train] step=1134 loss=0.230691 lr=9.514e-06
[train] step=1135 loss=0.235594 lr=9.513e-06
[train] step=1136 loss=0.190706 lr=9.512e-06
[train] step=1137 loss=0.526479 lr=9.511e-06
[train] step=1138 loss=0.231024 lr=9.510e-06
[train] step=1139 loss=0.295246 lr=9.509e-06
[train] step=1140 loss=0.130685 lr=9.509e-06
[train] step=1141 loss=0.237165 lr=9.508e-06
[train] step=1142 loss=0.334750 lr=9.507e-06
[train] step=1143 loss=0.183396 lr=9.506e-06
[train] step=1144 loss=0.634694 lr=9.505e-06
[train] step=1145 loss=0.273072 lr=9.504e-06
[train] step=1146 loss=0.245661 lr=9.504e-06
[train] step=1147 loss=0.190391 lr=9.503e-06
[train] step=1148 loss=0.211325 lr=9.502e-06
[train] step=1149 loss=0.183077 lr=9.501e-06
[train] step=1150 loss=0.286066 lr=9.500e-06
[train] step=1151 loss=0.167419 lr=9.499e-06
[train] step=1152 loss=0.214630 lr=9.498e-06
[train] step=1153 loss=0.330936 lr=9.498e-06
[train] step=1154 loss=0.462808 lr=9.497e-06
[train] step=1155 loss=0.314357 lr=9.496e-06
[train] step=1156 loss=0.170118 lr=9.495e-06
[train] step=1157 loss=0.375695 lr=9.494e-06
[train] step=1158 loss=0.222358 lr=9.493e-06
[train] step=1159 loss=0.272319 lr=9.492e-06
[train] step=1160 loss=0.312001 lr=9.492e-06
[train] step=1161 loss=0.481945 lr=9.491e-06
[train] step=1162 loss=0.283262 lr=9.490e-06
[train] step=1163 loss=0.325185 lr=9.489e-06
[train] step=1164 loss=0.296103 lr=9.488e-06
[train] step=1165 loss=0.188796 lr=9.487e-06
[train] step=1166 loss=0.229289 lr=9.486e-06
[train] step=1167 loss=0.335048 lr=9.485e-06
[train] step=1168 loss=0.341220 lr=9.485e-06
[train] step=1169 loss=0.446421 lr=9.484e-06
[train] step=1170 loss=0.188873 lr=9.483e-06
[train] step=1171 loss=0.313084 lr=9.482e-06
[train] step=1172 loss=0.392766 lr=9.481e-06
[train] step=1173 loss=0.392232 lr=9.480e-06
[train] step=1174 loss=0.294039 lr=9.479e-06
[train] step=1175 loss=0.302289 lr=9.478e-06
[train] step=1176 loss=0.396254 lr=9.478e-06
[train] step=1177 loss=0.241334 lr=9.477e-06
[train] step=1178 loss=0.240813 lr=9.476e-06
[train] step=1179 loss=0.768761 lr=9.475e-06
[train] step=1180 loss=0.231889 lr=9.474e-06
[train] step=1181 loss=0.403144 lr=9.473e-06
[train] step=1182 loss=0.356438 lr=9.472e-06
[train] step=1183 loss=0.147624 lr=9.471e-06
[train] step=1184 loss=0.315916 lr=9.471e-06
[train] step=1185 loss=0.677271 lr=9.470e-06
[train] step=1186 loss=0.221510 lr=9.469e-06
[train] step=1187 loss=0.240272 lr=9.468e-06
[train] step=1188 loss=0.351733 lr=9.467e-06
[train] step=1189 loss=0.228787 lr=9.466e-06
[train] step=1190 loss=0.275326 lr=9.465e-06
[train] step=1191 loss=0.270797 lr=9.464e-06
[train] step=1192 loss=0.165058 lr=9.464e-06
[train] step=1193 loss=0.598252 lr=9.463e-06
[train] step=1194 loss=0.596703 lr=9.462e-06
[train] step=1195 loss=0.149368 lr=9.461e-06
[train] step=1196 loss=0.317788 lr=9.460e-06
[train] step=1197 loss=0.168640 lr=9.459e-06
[train] step=1198 loss=0.233463 lr=9.458e-06
[train] step=1199 loss=0.320643 lr=9.457e-06
[train] step=1200 loss=0.279077 lr=9.456e-06
[val] step=1200 val_loss=0.303987
INFO     [rank 0] Model weights for step 1200 saved in       dit_trainer.py:1268
         checkpoints/model_weights_step_01200.safetensors                       
INFO     [rank 0] Scalar embedding weights for step 1200     dit_trainer.py:1277
         saved                                                                  
INFO     [rank 0] Training state saved:                      dit_trainer.py:1365
         checkpoints/model_weights_step_01200.state.pt                          
INFO     [rank 0] New best checkpoint (step 1200,            dit_trainer.py:1300
         val_loss=0.303987):                                                    
         checkpoints/model_weights_best.safetensors                             
DEBUG    [rank 0] Removed old checkpoint:                    dit_trainer.py:1378
         /hppfs/scratch/0D/go76fuz2/windinet/outputs/shockwa                    
         ve_dit_ep20_baseline_std1p5/checkpoints/model_weigh                    
         ts_step_00960.safetensors                                              
DEBUG    [rank 0] Removed old checkpoint:                    dit_trainer.py:1378
         /hppfs/scratch/0D/go76fuz2/windinet/outputs/shockwa                    
         ve_dit_ep20_baseline_std1p5/checkpoints/scalar_embe                    
         dding_step_00960.safetensors                                           
DEBUG    [rank 0] Removed optimizer state for older kept     dit_trainer.py:1393
         checkpoint:                                                            
         /hppfs/scratch/0D/go76fuz2/windinet/outputs/shockwa                    
         ve_dit_ep20_baseline_std1p5/checkpoints/model_weigh                    
         ts_step_01080.state.pt                                                 
[epoch 10] step=1200 train_loss=0.319502 val_loss=0.303987
[train] step=1201 loss=0.258861 lr=9.456e-06
[train] step=1202 loss=0.274486 lr=9.455e-06
[train] step=1203 loss=0.255731 lr=9.454e-06
[train] step=1204 loss=0.252090 lr=9.453e-06
[train] step=1205 loss=0.219773 lr=9.452e-06
[train] step=1206 loss=0.346071 lr=9.451e-06
[train] step=1207 loss=0.200010 lr=9.450e-06
[train] step=1208 loss=0.327458 lr=9.449e-06
[train] step=1209 loss=0.268915 lr=9.448e-06
[train] step=1210 loss=0.190840 lr=9.448e-06
[train] step=1211 loss=0.208950 lr=9.447e-06
[train] step=1212 loss=0.253884 lr=9.446e-06
[train] step=1213 loss=0.555012 lr=9.445e-06
[train] step=1214 loss=0.340813 lr=9.444e-06
[train] step=1215 loss=0.258527 lr=9.443e-06
[train] step=1216 loss=0.307941 lr=9.442e-06
[train] step=1217 loss=0.157528 lr=9.441e-06
[train] step=1218 loss=0.379762 lr=9.440e-06
[train] step=1219 loss=0.337287 lr=9.439e-06
[train] step=1220 loss=0.544192 lr=9.439e-06
[train] step=1221 loss=0.233028 lr=9.438e-06
[train] step=1222 loss=0.273322 lr=9.437e-06
[train] step=1223 loss=0.399198 lr=9.436e-06
[train] step=1224 loss=0.232996 lr=9.435e-06
[train] step=1225 loss=0.292598 lr=9.434e-06
[train] step=1226 loss=0.362580 lr=9.433e-06
[train] step=1227 loss=0.232320 lr=9.432e-06
[train] step=1228 loss=0.258881 lr=9.431e-06
[train] step=1229 loss=0.377356 lr=9.430e-06
[train] step=1230 loss=0.272456 lr=9.429e-06
[train] step=1231 loss=0.306349 lr=9.429e-06
[train] step=1232 loss=0.286775 lr=9.428e-06
[train] step=1233 loss=0.291198 lr=9.427e-06
[train] step=1234 loss=0.153290 lr=9.426e-06
[train] step=1235 loss=0.327181 lr=9.425e-06
[train] step=1236 loss=0.322575 lr=9.424e-06
[train] step=1237 loss=0.383190 lr=9.423e-06
[train] step=1238 loss=0.200451 lr=9.422e-06
[train] step=1239 loss=0.292178 lr=9.421e-06
[train] step=1240 loss=0.320225 lr=9.420e-06
[train] step=1241 loss=0.404205 lr=9.419e-06
[train] step=1242 loss=0.467547 lr=9.418e-06
[train] step=1243 loss=0.251688 lr=9.418e-06
[train] step=1244 loss=0.473181 lr=9.417e-06
[train] step=1245 loss=0.212447 lr=9.416e-06
[train] step=1246 loss=0.194374 lr=9.415e-06
[train] step=1247 loss=0.163039 lr=9.414e-06
[train] step=1248 loss=0.192826 lr=9.413e-06
[train] step=1249 loss=0.318591 lr=9.412e-06
[train] step=1250 loss=0.425881 lr=9.411e-06
[train] step=1251 loss=0.172949 lr=9.410e-06
[train] step=1252 loss=0.276451 lr=9.409e-06
[train] step=1253 loss=0.341315 lr=9.408e-06
[train] step=1254 loss=0.419070 lr=9.407e-06
[train] step=1255 loss=0.288133 lr=9.406e-06
[train] step=1256 loss=0.311998 lr=9.406e-06
[train] step=1257 loss=0.284822 lr=9.405e-06
[train] step=1258 loss=0.151904 lr=9.404e-06
[train] step=1259 loss=0.203897 lr=9.403e-06
[train] step=1260 loss=0.266974 lr=9.402e-06
[train] step=1261 loss=0.434125 lr=9.401e-06
[train] step=1262 loss=0.221627 lr=9.400e-06
[train] step=1263 loss=0.218047 lr=9.399e-06
[train] step=1264 loss=0.184048 lr=9.398e-06
[train] step=1265 loss=0.249911 lr=9.397e-06
[train] step=1266 loss=0.286170 lr=9.396e-06
[train] step=1267 loss=0.306370 lr=9.395e-06
[train] step=1268 loss=0.194991 lr=9.394e-06
[train] step=1269 loss=0.573622 lr=9.393e-06
[train] step=1270 loss=0.250839 lr=9.393e-06
[train] step=1271 loss=0.220944 lr=9.392e-06
[train] step=1272 loss=0.335916 lr=9.391e-06
[train] step=1273 loss=0.434833 lr=9.390e-06
[train] step=1274 loss=0.183980 lr=9.389e-06
[train] step=1275 loss=0.330368 lr=9.388e-06
[train] step=1276 loss=0.252772 lr=9.387e-06
[train] step=1277 loss=0.262592 lr=9.386e-06
[train] step=1278 loss=0.280358 lr=9.385e-06
[train] step=1279 loss=0.128840 lr=9.384e-06
[train] step=1280 loss=0.479072 lr=9.383e-06
[train] step=1281 loss=0.296228 lr=9.382e-06
[train] step=1282 loss=0.320803 lr=9.381e-06
[train] step=1283 loss=0.475959 lr=9.380e-06
[train] step=1284 loss=0.490016 lr=9.379e-06
[train] step=1285 loss=0.284789 lr=9.378e-06
[train] step=1286 loss=0.334926 lr=9.377e-06
[train] step=1287 loss=0.531890 lr=9.376e-06
[train] step=1288 loss=0.272111 lr=9.376e-06
[train] step=1289 loss=0.177140 lr=9.375e-06
[train] step=1290 loss=0.154176 lr=9.374e-06
[train] step=1291 loss=0.278566 lr=9.373e-06
[train] step=1292 loss=0.685118 lr=9.372e-06
[train] step=1293 loss=0.281460 lr=9.371e-06
[train] step=1294 loss=0.379038 lr=9.370e-06
[train] step=1295 loss=0.454617 lr=9.369e-06
[train] step=1296 loss=0.253067 lr=9.368e-06
[train] step=1297 loss=0.179763 lr=9.367e-06
[train] step=1298 loss=0.238563 lr=9.366e-06
[train] step=1299 loss=0.172576 lr=9.365e-06
[train] step=1300 loss=0.396027 lr=9.364e-06
[train] step=1301 loss=0.215267 lr=9.363e-06
[train] step=1302 loss=0.432525 lr=9.362e-06
[train] step=1303 loss=0.503394 lr=9.361e-06
[train] step=1304 loss=0.186405 lr=9.360e-06
[train] step=1305 loss=0.185750 lr=9.359e-06
[train] step=1306 loss=0.323178 lr=9.358e-06
[train] step=1307 loss=0.506125 lr=9.357e-06
[train] step=1308 loss=0.320416 lr=9.356e-06
[train] step=1309 loss=0.140041 lr=9.355e-06
[train] step=1310 loss=0.164912 lr=9.354e-06
[train] step=1311 loss=0.208189 lr=9.353e-06
[train] step=1312 loss=0.388664 lr=9.353e-06
[train] step=1313 loss=0.199396 lr=9.352e-06
[train] step=1314 loss=0.245789 lr=9.351e-06
[train] step=1315 loss=0.252565 lr=9.350e-06
[train] step=1316 loss=0.410564 lr=9.349e-06
[train] step=1317 loss=0.127128 lr=9.348e-06
[train] step=1318 loss=0.193474 lr=9.347e-06
[train] step=1319 loss=0.254343 lr=9.346e-06
[train] step=1320 loss=0.491065 lr=9.345e-06
INFO     [rank 0] Model weights for step 1320 saved in       dit_trainer.py:1268
         checkpoints/model_weights_step_01320.safetensors                       
INFO     [rank 0] Scalar embedding weights for step 1320     dit_trainer.py:1277
         saved                                                                  
INFO     [rank 0] Training state saved:                      dit_trainer.py:1365
         checkpoints/model_weights_step_01320.state.pt                          
DEBUG    [rank 0] Removed old checkpoint:                    dit_trainer.py:1378
         /hppfs/scratch/0D/go76fuz2/windinet/outputs/shockwa                    
         ve_dit_ep20_baseline_std1p5/checkpoints/model_weigh                    
         ts_step_01080.safetensors                                              
DEBUG    [rank 0] Removed old checkpoint:                    dit_trainer.py:1378
         /hppfs/scratch/0D/go76fuz2/windinet/outputs/shockwa                    
         ve_dit_ep20_baseline_std1p5/checkpoints/scalar_embe                    
         dding_step_01080.safetensors                                           
DEBUG    [rank 0] Removed optimizer state for older kept     dit_trainer.py:1393
         checkpoint:                                                            
         /hppfs/scratch/0D/go76fuz2/windinet/outputs/shockwa                    
         ve_dit_ep20_baseline_std1p5/checkpoints/model_weigh                    
         ts_step_01200.state.pt                                                 
[epoch 11] step=1320 train_loss=0.296675
[train] step=1321 loss=0.291036 lr=9.344e-06
[train] step=1322 loss=0.245081 lr=9.343e-06
[train] step=1323 loss=0.311388 lr=9.342e-06
[train] step=1324 loss=0.241920 lr=9.341e-06
[train] step=1325 loss=0.201620 lr=9.340e-06
[train] step=1326 loss=0.297530 lr=9.339e-06
[train] step=1327 loss=0.325751 lr=9.338e-06
[train] step=1328 loss=0.358910 lr=9.337e-06
[train] step=1329 loss=0.152919 lr=9.336e-06
[train] step=1330 loss=0.248382 lr=9.335e-06
[train] step=1331 loss=0.254611 lr=9.334e-06
[train] step=1332 loss=0.322407 lr=9.333e-06
[train] step=1333 loss=0.283923 lr=9.332e-06
[train] step=1334 loss=0.329954 lr=9.331e-06
[train] step=1335 loss=0.216211 lr=9.330e-06
[train] step=1336 loss=0.364629 lr=9.329e-06
[train] step=1337 loss=0.284948 lr=9.328e-06
[train] step=1338 loss=0.203000 lr=9.327e-06
[train] step=1339 loss=0.234206 lr=9.326e-06
[train] step=1340 loss=0.568206 lr=9.325e-06
[train] step=1341 loss=0.316472 lr=9.324e-06
[train] step=1342 loss=0.348870 lr=9.323e-06
[train] step=1343 loss=0.222910 lr=9.322e-06
[train] step=1344 loss=0.181757 lr=9.321e-06
[train] step=1345 loss=0.302097 lr=9.320e-06
[train] step=1346 loss=0.351147 lr=9.319e-06
[train] step=1347 loss=0.275767 lr=9.318e-06
[train] step=1348 loss=0.279709 lr=9.317e-06
[train] step=1349 loss=0.367504 lr=9.316e-06
[train] step=1350 loss=0.271644 lr=9.315e-06
[train] step=1351 loss=0.344246 lr=9.314e-06
[train] step=1352 loss=0.442739 lr=9.313e-06
[train] step=1353 loss=0.237702 lr=9.312e-06
[train] step=1354 loss=0.261804 lr=9.311e-06
[train] step=1355 loss=0.217216 lr=9.310e-06
[train] step=1356 loss=0.339755 lr=9.309e-06
[train] step=1357 loss=0.197528 lr=9.308e-06
[train] step=1358 loss=0.183975 lr=9.307e-06
[train] step=1359 loss=0.303483 lr=9.306e-06
[train] step=1360 loss=0.222523 lr=9.305e-06
[train] step=1361 loss=0.208872 lr=9.304e-06
[train] step=1362 loss=0.383760 lr=9.303e-06
[train] step=1363 loss=0.271783 lr=9.302e-06
[train] step=1364 loss=0.196919 lr=9.301e-06
[train] step=1365 loss=0.299955 lr=9.300e-06
[train] step=1366 loss=0.556407 lr=9.299e-06
[train] step=1367 loss=0.358826 lr=9.298e-06
[train] step=1368 loss=0.175573 lr=9.297e-06
[train] step=1369 loss=0.453180 lr=9.296e-06
[train] step=1370 loss=0.242955 lr=9.295e-06
[train] step=1371 loss=0.524272 lr=9.294e-06
[train] step=1372 loss=0.396082 lr=9.293e-06
[train] step=1373 loss=0.227213 lr=9.292e-06
[train] step=1374 loss=0.322788 lr=9.291e-06
[train] step=1375 loss=0.315651 lr=9.290e-06
[train] step=1376 loss=0.247793 lr=9.289e-06
[train] step=1377 loss=0.231248 lr=9.288e-06
[train] step=1378 loss=0.420008 lr=9.287e-06
[train] step=1379 loss=0.207764 lr=9.286e-06
[train] step=1380 loss=0.345785 lr=9.285e-06
[train] step=1381 loss=0.179094 lr=9.284e-06
[train] step=1382 loss=0.281376 lr=9.283e-06
[train] step=1383 loss=0.410375 lr=9.282e-06
[train] step=1384 loss=0.715981 lr=9.281e-06
[train] step=1385 loss=0.264416 lr=9.280e-06
[train] step=1386 loss=0.388600 lr=9.279e-06
[train] step=1387 loss=0.377214 lr=9.278e-06
[train] step=1388 loss=0.256510 lr=9.277e-06
[train] step=1389 loss=0.178400 lr=9.276e-06
[train] step=1390 loss=0.212448 lr=9.275e-06
[train] step=1391 loss=0.279949 lr=9.274e-06
[train] step=1392 loss=0.312398 lr=9.273e-06
[train] step=1393 loss=0.316565 lr=9.272e-06
[train] step=1394 loss=0.366424 lr=9.271e-06
[train] step=1395 loss=0.146171 lr=9.270e-06
[train] step=1396 loss=0.622842 lr=9.269e-06
[train] step=1397 loss=0.307614 lr=9.268e-06
[train] step=1398 loss=0.302630 lr=9.267e-06
[train] step=1399 loss=0.217699 lr=9.266e-06
[train] step=1400 loss=0.362137 lr=9.265e-06
[train] step=1401 loss=0.401751 lr=9.264e-06
[train] step=1402 loss=0.208318 lr=9.263e-06
[train] step=1403 loss=0.223760 lr=9.262e-06
[train] step=1404 loss=0.622077 lr=9.261e-06
[train] step=1405 loss=0.241387 lr=9.260e-06
[train] step=1406 loss=0.213928 lr=9.259e-06
[train] step=1407 loss=0.409979 lr=9.258e-06
[train] step=1408 loss=0.291053 lr=9.257e-06
[train] step=1409 loss=0.226848 lr=9.256e-06
[train] step=1410 loss=0.195611 lr=9.255e-06
[train] step=1411 loss=0.228982 lr=9.254e-06
[train] step=1412 loss=0.269451 lr=9.253e-06
[train] step=1413 loss=0.313456 lr=9.252e-06
[train] step=1414 loss=0.479479 lr=9.251e-06
[train] step=1415 loss=0.116571 lr=9.250e-06
[train] step=1416 loss=0.343703 lr=9.248e-06
[train] step=1417 loss=0.160642 lr=9.247e-06
[train] step=1418 loss=0.252300 lr=9.246e-06
[train] step=1419 loss=0.644533 lr=9.245e-06
[train] step=1420 loss=0.291121 lr=9.244e-06
[train] step=1421 loss=0.283796 lr=9.243e-06
[train] step=1422 loss=0.253251 lr=9.242e-06
[train] step=1423 loss=0.233367 lr=9.241e-06
[train] step=1424 loss=0.205339 lr=9.240e-06
[train] step=1425 loss=0.293651 lr=9.239e-06
[train] step=1426 loss=0.258107 lr=9.238e-06
[train] step=1427 loss=0.218620 lr=9.237e-06
[train] step=1428 loss=0.367287 lr=9.236e-06
[train] step=1429 loss=0.251990 lr=9.235e-06
[train] step=1430 loss=0.229941 lr=9.234e-06
[train] step=1431 loss=0.299137 lr=9.233e-06
[train] step=1432 loss=0.300062 lr=9.232e-06
[train] step=1433 loss=0.276984 lr=9.231e-06
[train] step=1434 loss=0.172352 lr=9.230e-06
[train] step=1435 loss=0.362972 lr=9.229e-06
[train] step=1436 loss=0.230056 lr=9.228e-06
[train] step=1437 loss=0.251112 lr=9.227e-06
[train] step=1438 loss=0.503128 lr=9.226e-06
[train] step=1439 loss=0.348404 lr=9.225e-06
[train] step=1440 loss=0.257855 lr=9.223e-06
INFO     [rank 0] Model weights for step 1440 saved in       dit_trainer.py:1268
         checkpoints/model_weights_step_01440.safetensors                       
INFO     [rank 0] Scalar embedding weights for step 1440     dit_trainer.py:1277
         saved                                                                  
INFO     [rank 0] Training state saved:                      dit_trainer.py:1365
         checkpoints/model_weights_step_01440.state.pt                          
DEBUG    [rank 0] Removed old checkpoint:                    dit_trainer.py:1378
         /hppfs/scratch/0D/go76fuz2/windinet/outputs/shockwa                    
         ve_dit_ep20_baseline_std1p5/checkpoints/model_weigh                    
         ts_step_01200.safetensors                                              
DEBUG    [rank 0] Removed old checkpoint:                    dit_trainer.py:1378
         /hppfs/scratch/0D/go76fuz2/windinet/outputs/shockwa                    
         ve_dit_ep20_baseline_std1p5/checkpoints/scalar_embe                    
         dding_step_01200.safetensors                                           
DEBUG    [rank 0] Removed optimizer state for older kept     dit_trainer.py:1393
         checkpoint:                                                            
         /hppfs/scratch/0D/go76fuz2/windinet/outputs/shockwa                    
         ve_dit_ep20_baseline_std1p5/checkpoints/model_weigh                    
         ts_step_01320.state.pt                                                 
[epoch 12] step=1440 train_loss=0.302139
[train] step=1441 loss=0.283901 lr=9.222e-06
[train] step=1442 loss=0.278341 lr=9.221e-06
[train] step=1443 loss=0.263054 lr=9.220e-06
[train] step=1444 loss=0.363635 lr=9.219e-06
[train] step=1445 loss=0.297755 lr=9.218e-06
[train] step=1446 loss=0.294831 lr=9.217e-06
[train] step=1447 loss=0.207356 lr=9.216e-06
[train] step=1448 loss=0.112420 lr=9.215e-06
[train] step=1449 loss=0.312107 lr=9.214e-06
[train] step=1450 loss=0.369999 lr=9.213e-06
[train] step=1451 loss=0.277025 lr=9.212e-06
[train] step=1452 loss=0.439429 lr=9.211e-06
[train] step=1453 loss=0.229801 lr=9.210e-06
[train] step=1454 loss=0.249066 lr=9.209e-06
[train] step=1455 loss=0.373985 lr=9.208e-06
[train] step=1456 loss=0.287746 lr=9.207e-06
[train] step=1457 loss=0.266233 lr=9.206e-06
[train] step=1458 loss=0.248888 lr=9.204e-06
[train] step=1459 loss=0.351335 lr=9.203e-06
[train] step=1460 loss=0.328582 lr=9.202e-06
[train] step=1461 loss=0.245085 lr=9.201e-06
[train] step=1462 loss=0.302212 lr=9.200e-06
[train] step=1463 loss=0.330507 lr=9.199e-06
[train] step=1464 loss=0.213737 lr=9.198e-06
[train] step=1465 loss=0.305533 lr=9.197e-06
[train] step=1466 loss=0.585538 lr=9.196e-06
[train] step=1467 loss=0.218839 lr=9.195e-06
[train] step=1468 loss=0.208967 lr=9.194e-06
[train] step=1469 loss=0.160175 lr=9.193e-06
[train] step=1470 loss=0.425868 lr=9.192e-06
[train] step=1471 loss=0.284484 lr=9.191e-06
[train] step=1472 loss=0.142564 lr=9.190e-06
[train] step=1473 loss=0.227905 lr=9.188e-06
[train] step=1474 loss=0.286443 lr=9.187e-06
[train] step=1475 loss=0.350936 lr=9.186e-06
[train] step=1476 loss=0.436208 lr=9.185e-06
[train] step=1477 loss=0.463786 lr=9.184e-06
[train] step=1478 loss=0.323221 lr=9.183e-06
[train] step=1479 loss=0.199930 lr=9.182e-06
[train] step=1480 loss=0.326769 lr=9.181e-06
[train] step=1481 loss=0.270401 lr=9.180e-06
[train] step=1482 loss=0.265285 lr=9.179e-06
[train] step=1483 loss=0.255378 lr=9.178e-06
[train] step=1484 loss=0.316067 lr=9.177e-06
[train] step=1485 loss=0.286599 lr=9.176e-06
[train] step=1486 loss=0.236181 lr=9.174e-06
[train] step=1487 loss=0.291725 lr=9.173e-06
[train] step=1488 loss=0.406941 lr=9.172e-06
[train] step=1489 loss=0.343304 lr=9.171e-06
[train] step=1490 loss=0.186214 lr=9.170e-06
[train] step=1491 loss=0.261364 lr=9.169e-06
[train] step=1492 loss=0.483079 lr=9.168e-06
[train] step=1493 loss=0.336555 lr=9.167e-06
[train] step=1494 loss=0.317732 lr=9.166e-06
[train] step=1495 loss=0.189956 lr=9.165e-06
[train] step=1496 loss=0.181682 lr=9.164e-06
[train] step=1497 loss=0.264022 lr=9.163e-06
[train] step=1498 loss=0.301926 lr=9.161e-06
[train] step=1499 loss=0.237188 lr=9.160e-06
[train] step=1500 loss=0.174966 lr=9.159e-06
[train] step=1501 loss=0.216974 lr=9.158e-06
[train] step=1502 loss=0.255765 lr=9.157e-06
[train] step=1503 loss=0.775792 lr=9.156e-06
[train] step=1504 loss=0.473939 lr=9.155e-06
[train] step=1505 loss=0.150187 lr=9.154e-06
[train] step=1506 loss=0.243360 lr=9.153e-06
[train] step=1507 loss=0.272661 lr=9.152e-06
[train] step=1508 loss=0.612117 lr=9.151e-06
[train] step=1509 loss=0.311471 lr=9.149e-06
[train] step=1510 loss=0.385263 lr=9.148e-06
[train] step=1511 loss=0.214888 lr=9.147e-06
[train] step=1512 loss=0.108691 lr=9.146e-06
[train] step=1513 loss=0.262688 lr=9.145e-06
[train] step=1514 loss=0.257532 lr=9.144e-06
[train] step=1515 loss=0.216373 lr=9.143e-06
[train] step=1516 loss=0.410364 lr=9.142e-06
[train] step=1517 loss=0.303243 lr=9.141e-06
[train] step=1518 loss=0.267310 lr=9.140e-06
[train] step=1519 loss=0.145426 lr=9.138e-06
[train] step=1520 loss=0.267086 lr=9.137e-06
[train] step=1521 loss=0.495461 lr=9.136e-06
[train] step=1522 loss=0.293546 lr=9.135e-06
[train] step=1523 loss=0.201596 lr=9.134e-06
[train] step=1524 loss=0.273020 lr=9.133e-06
[train] step=1525 loss=0.225507 lr=9.132e-06
[train] step=1526 loss=0.182537 lr=9.131e-06
[train] step=1527 loss=0.255589 lr=9.130e-06
[train] step=1528 loss=0.304718 lr=9.129e-06
[train] step=1529 loss=0.249347 lr=9.127e-06
[train] step=1530 loss=0.355450 lr=9.126e-06
[train] step=1531 loss=0.229775 lr=9.125e-06
[train] step=1532 loss=0.249170 lr=9.124e-06
[train] step=1533 loss=0.268292 lr=9.123e-06
[train] step=1534 loss=0.207778 lr=9.122e-06
[train] step=1535 loss=0.334028 lr=9.121e-06
[train] step=1536 loss=0.153448 lr=9.120e-06
[train] step=1537 loss=0.382110 lr=9.119e-06
[train] step=1538 loss=0.159684 lr=9.117e-06
[train] step=1539 loss=0.153976 lr=9.116e-06
[train] step=1540 loss=0.193781 lr=9.115e-06
[train] step=1541 loss=0.268339 lr=9.114e-06
[train] step=1542 loss=0.244973 lr=9.113e-06
[train] step=1543 loss=0.379097 lr=9.112e-06
[train] step=1544 loss=0.161475 lr=9.111e-06
[train] step=1545 loss=0.412080 lr=9.110e-06
[train] step=1546 loss=0.232437 lr=9.109e-06
[train] step=1547 loss=0.242887 lr=9.107e-06
[train] step=1548 loss=0.209097 lr=9.106e-06
[train] step=1549 loss=0.227744 lr=9.105e-06
[train] step=1550 loss=0.251103 lr=9.104e-06
[train] step=1551 loss=0.248710 lr=9.103e-06
[train] step=1552 loss=0.402367 lr=9.102e-06
[train] step=1553 loss=0.456724 lr=9.101e-06
[train] step=1554 loss=0.274108 lr=9.100e-06
[train] step=1555 loss=0.265730 lr=9.098e-06
[train] step=1556 loss=0.242453 lr=9.097e-06
[train] step=1557 loss=0.332445 lr=9.096e-06
[train] step=1558 loss=0.294120 lr=9.095e-06
[train] step=1559 loss=0.287198 lr=9.094e-06
[train] step=1560 loss=0.279660 lr=9.093e-06
INFO     [rank 0] Model weights for step 1560 saved in       dit_trainer.py:1268
         checkpoints/model_weights_step_01560.safetensors                       
INFO     [rank 0] Scalar embedding weights for step 1560     dit_trainer.py:1277
         saved                                                                  
INFO     [rank 0] Training state saved:                      dit_trainer.py:1365
         checkpoints/model_weights_step_01560.state.pt                          
DEBUG    [rank 0] Removed old checkpoint:                    dit_trainer.py:1378
         /hppfs/scratch/0D/go76fuz2/windinet/outputs/shockwa                    
         ve_dit_ep20_baseline_std1p5/checkpoints/model_weigh                    
         ts_step_01320.safetensors                                              
DEBUG    [rank 0] Removed old checkpoint:                    dit_trainer.py:1378
         /hppfs/scratch/0D/go76fuz2/windinet/outputs/shockwa                    
         ve_dit_ep20_baseline_std1p5/checkpoints/scalar_embe                    
         dding_step_01320.safetensors                                           
DEBUG    [rank 0] Removed optimizer state for older kept     dit_trainer.py:1393
         checkpoint:                                                            
         /hppfs/scratch/0D/go76fuz2/windinet/outputs/shockwa                    
         ve_dit_ep20_baseline_std1p5/checkpoints/model_weigh                    
         ts_step_01440.state.pt                                                 
[epoch 13] step=1560 train_loss=0.287430
[train] step=1561 loss=0.413874 lr=9.092e-06
[train] step=1562 loss=0.311582 lr=9.091e-06
[train] step=1563 loss=0.296302 lr=9.089e-06
[train] step=1564 loss=0.442932 lr=9.088e-06
[train] step=1565 loss=0.274813 lr=9.087e-06
[train] step=1566 loss=0.232114 lr=9.086e-06
[train] step=1567 loss=0.350321 lr=9.085e-06
[train] step=1568 loss=0.530112 lr=9.084e-06
[train] step=1569 loss=0.274542 lr=9.083e-06
[train] step=1570 loss=0.210952 lr=9.081e-06
[train] step=1571 loss=0.275377 lr=9.080e-06
[train] step=1572 loss=0.181370 lr=9.079e-06
[train] step=1573 loss=0.157752 lr=9.078e-06
[train] step=1574 loss=0.288875 lr=9.077e-06
[train] step=1575 loss=0.313360 lr=9.076e-06
[train] step=1576 loss=0.270611 lr=9.075e-06
[train] step=1577 loss=0.193265 lr=9.074e-06
[train] step=1578 loss=0.315361 lr=9.072e-06
[train] step=1579 loss=0.272149 lr=9.071e-06
[train] step=1580 loss=0.182244 lr=9.070e-06
[train] step=1581 loss=0.386959 lr=9.069e-06
[train] step=1582 loss=0.340361 lr=9.068e-06
[train] step=1583 loss=0.249180 lr=9.067e-06
[train] step=1584 loss=0.481251 lr=9.066e-06
[train] step=1585 loss=0.207096 lr=9.064e-06
[train] step=1586 loss=0.338268 lr=9.063e-06
[train] step=1587 loss=0.343009 lr=9.062e-06
[train] step=1588 loss=0.203561 lr=9.061e-06
[train] step=1589 loss=0.172326 lr=9.060e-06
[train] step=1590 loss=0.590868 lr=9.059e-06
[train] step=1591 loss=0.650499 lr=9.058e-06
[train] step=1592 loss=0.274041 lr=9.056e-06
[train] step=1593 loss=0.261388 lr=9.055e-06
[train] step=1594 loss=0.328303 lr=9.054e-06
[train] step=1595 loss=0.167573 lr=9.053e-06
[train] step=1596 loss=0.366993 lr=9.052e-06
[train] step=1597 loss=0.183143 lr=9.051e-06
[train] step=1598 loss=0.218723 lr=9.049e-06
[train] step=1599 loss=0.277379 lr=9.048e-06
[train] step=1600 loss=0.254518 lr=9.047e-06
[train] step=1601 loss=0.451185 lr=9.046e-06
[train] step=1602 loss=0.435598 lr=9.045e-06
[train] step=1603 loss=0.335336 lr=9.044e-06
[train] step=1604 loss=0.650872 lr=9.043e-06
[train] step=1605 loss=0.486586 lr=9.041e-06
[train] step=1606 loss=0.322560 lr=9.040e-06
[train] step=1607 loss=0.471934 lr=9.039e-06
[train] step=1608 loss=0.384600 lr=9.038e-06
[train] step=1609 loss=0.292085 lr=9.037e-06
[train] step=1610 loss=0.337239 lr=9.036e-06
[train] step=1611 loss=0.256648 lr=9.034e-06
[train] step=1612 loss=0.282161 lr=9.033e-06
[train] step=1613 loss=0.256458 lr=9.032e-06
[train] step=1614 loss=0.207076 lr=9.031e-06
[train] step=1615 loss=0.430203 lr=9.030e-06
[train] step=1616 loss=0.247509 lr=9.029e-06
[train] step=1617 loss=0.211688 lr=9.028e-06
[train] step=1618 loss=0.176666 lr=9.026e-06
[train] step=1619 loss=0.223671 lr=9.025e-06
[train] step=1620 loss=0.261460 lr=9.024e-06
[train] step=1621 loss=0.262011 lr=9.023e-06
[train] step=1622 loss=0.313098 lr=9.022e-06
[train] step=1623 loss=0.258887 lr=9.021e-06
[train] step=1624 loss=0.218855 lr=9.019e-06
[train] step=1625 loss=0.703933 lr=9.018e-06
[train] step=1626 loss=0.339584 lr=9.017e-06
[train] step=1627 loss=0.222998 lr=9.016e-06
[train] step=1628 loss=0.226818 lr=9.015e-06
[train] step=1629 loss=0.327122 lr=9.014e-06
[train] step=1630 loss=0.266526 lr=9.012e-06
[train] step=1631 loss=0.330998 lr=9.011e-06
[train] step=1632 loss=0.333147 lr=9.010e-06
[train] step=1633 loss=0.281445 lr=9.009e-06
[train] step=1634 loss=0.244276 lr=9.008e-06
[train] step=1635 loss=0.565926 lr=9.006e-06
[train] step=1636 loss=0.320893 lr=9.005e-06
[train] step=1637 loss=0.157945 lr=9.004e-06
[train] step=1638 loss=0.249564 lr=9.003e-06
[train] step=1639 loss=0.379703 lr=9.002e-06
[train] step=1640 loss=0.156740 lr=9.001e-06
[train] step=1641 loss=0.255612 lr=8.999e-06
[train] step=1642 loss=0.260684 lr=8.998e-06
[train] step=1643 loss=0.208441 lr=8.997e-06
[train] step=1644 loss=0.345892 lr=8.996e-06
[train] step=1645 loss=0.184303 lr=8.995e-06
[train] step=1646 loss=0.273581 lr=8.994e-06
[train] step=1647 loss=0.297938 lr=8.992e-06
[train] step=1648 loss=0.270452 lr=8.991e-06
[train] step=1649 loss=0.210336 lr=8.990e-06
[train] step=1650 loss=0.220760 lr=8.989e-06
[train] step=1651 loss=0.347645 lr=8.988e-06
[train] step=1652 loss=0.309856 lr=8.986e-06
[train] step=1653 loss=0.409768 lr=8.985e-06
[train] step=1654 loss=0.153560 lr=8.984e-06
[train] step=1655 loss=0.139281 lr=8.983e-06
[train] step=1656 loss=0.149932 lr=8.982e-06
[train] step=1657 loss=0.440887 lr=8.981e-06
[train] step=1658 loss=0.280745 lr=8.979e-06
[train] step=1659 loss=0.192876 lr=8.978e-06
[train] step=1660 loss=0.145161 lr=8.977e-06
[train] step=1661 loss=0.213833 lr=8.976e-06
[train] step=1662 loss=0.340326 lr=8.975e-06
[train] step=1663 loss=0.225395 lr=8.973e-06
[train] step=1664 loss=0.255078 lr=8.972e-06
[train] step=1665 loss=0.208718 lr=8.971e-06
[train] step=1666 loss=0.312325 lr=8.970e-06
[train] step=1667 loss=0.304404 lr=8.969e-06
[train] step=1668 loss=0.262797 lr=8.967e-06
[train] step=1669 loss=0.216351 lr=8.966e-06
[train] step=1670 loss=0.279609 lr=8.965e-06
[train] step=1671 loss=0.224340 lr=8.964e-06
[train] step=1672 loss=0.308357 lr=8.963e-06
[train] step=1673 loss=0.481942 lr=8.961e-06
[train] step=1674 loss=0.627148 lr=8.960e-06
[train] step=1675 loss=0.217634 lr=8.959e-06
[train] step=1676 loss=0.249727 lr=8.958e-06
[train] step=1677 loss=0.175809 lr=8.957e-06
[train] step=1678 loss=0.291466 lr=8.955e-06
[train] step=1679 loss=0.502265 lr=8.954e-06
[train] step=1680 loss=0.159897 lr=8.953e-06
INFO     [rank 0] Model weights for step 1680 saved in       dit_trainer.py:1268
         checkpoints/model_weights_step_01680.safetensors                       
INFO     [rank 0] Scalar embedding weights for step 1680     dit_trainer.py:1277
         saved                                                                  
INFO     [rank 0] Training state saved:                      dit_trainer.py:1365
         checkpoints/model_weights_step_01680.state.pt                          
DEBUG    [rank 0] Removed old checkpoint:                    dit_trainer.py:1378
         /hppfs/scratch/0D/go76fuz2/windinet/outputs/shockwa                    
         ve_dit_ep20_baseline_std1p5/checkpoints/model_weigh                    
         ts_step_01440.safetensors                                              
DEBUG    [rank 0] Removed old checkpoint:                    dit_trainer.py:1378
         /hppfs/scratch/0D/go76fuz2/windinet/outputs/shockwa                    
         ve_dit_ep20_baseline_std1p5/checkpoints/scalar_embe                    
         dding_step_01440.safetensors                                           
DEBUG    [rank 0] Removed optimizer state for older kept     dit_trainer.py:1393
         checkpoint:                                                            
         /hppfs/scratch/0D/go76fuz2/windinet/outputs/shockwa                    
         ve_dit_ep20_baseline_std1p5/checkpoints/model_weigh                    
         ts_step_01560.state.pt                                                 
[epoch 14] step=1680 train_loss=0.300335
[train] step=1681 loss=0.265607 lr=8.952e-06
[train] step=1682 loss=0.263751 lr=8.951e-06
[train] step=1683 loss=0.250719 lr=8.949e-06
[train] step=1684 loss=0.144674 lr=8.948e-06
[train] step=1685 loss=0.351777 lr=8.947e-06
[train] step=1686 loss=0.234970 lr=8.946e-06
[train] step=1687 loss=0.253690 lr=8.945e-06
[train] step=1688 loss=0.171496 lr=8.943e-06
[train] step=1689 loss=0.424543 lr=8.942e-06
[train] step=1690 loss=0.281621 lr=8.941e-06
[train] step=1691 loss=0.326088 lr=8.940e-06
[train] step=1692 loss=0.281356 lr=8.939e-06
[train] step=1693 loss=0.478241 lr=8.937e-06
[train] step=1694 loss=0.127185 lr=8.936e-06
[train] step=1695 loss=0.116672 lr=8.935e-06
[train] step=1696 loss=0.327632 lr=8.934e-06
[train] step=1697 loss=0.277927 lr=8.933e-06
[train] step=1698 loss=0.190749 lr=8.931e-06
[train] step=1699 loss=0.371000 lr=8.930e-06
[train] step=1700 loss=0.354132 lr=8.929e-06
[train] step=1701 loss=0.317519 lr=8.928e-06
[train] step=1702 loss=0.313846 lr=8.926e-06
[train] step=1703 loss=0.178610 lr=8.925e-06
[train] step=1704 loss=0.284204 lr=8.924e-06
[train] step=1705 loss=0.443572 lr=8.923e-06
[train] step=1706 loss=0.229145 lr=8.922e-06
[train] step=1707 loss=0.099582 lr=8.920e-06
[train] step=1708 loss=0.285561 lr=8.919e-06
[train] step=1709 loss=0.146137 lr=8.918e-06
[train] step=1710 loss=0.191850 lr=8.917e-06
[train] step=1711 loss=0.286818 lr=8.915e-06
[train] step=1712 loss=0.212120 lr=8.914e-06
[train] step=1713 loss=0.317640 lr=8.913e-06
[train] step=1714 loss=0.271306 lr=8.912e-06
[train] step=1715 loss=0.331909 lr=8.911e-06
[train] step=1716 loss=0.284065 lr=8.909e-06
[train] step=1717 loss=0.319767 lr=8.908e-06
[train] step=1718 loss=0.270419 lr=8.907e-06
[train] step=1719 loss=0.187172 lr=8.906e-06
[train] step=1720 loss=0.301859 lr=8.904e-06
[train] step=1721 loss=0.337933 lr=8.903e-06
[train] step=1722 loss=0.239382 lr=8.902e-06
[train] step=1723 loss=0.162904 lr=8.901e-06
[train] step=1724 loss=0.319636 lr=8.900e-06
[train] step=1725 loss=0.424774 lr=8.898e-06
[train] step=1726 loss=0.259012 lr=8.897e-06
[train] step=1727 loss=0.348866 lr=8.896e-06
[train] step=1728 loss=0.319497 lr=8.895e-06
[train] step=1729 loss=0.158139 lr=8.893e-06
[train] step=1730 loss=0.206336 lr=8.892e-06
[train] step=1731 loss=0.467690 lr=8.891e-06
[train] step=1732 loss=0.535476 lr=8.890e-06
[train] step=1733 loss=0.505079 lr=8.888e-06
[train] step=1734 loss=0.372967 lr=8.887e-06
[train] step=1735 loss=0.292900 lr=8.886e-06
[train] step=1736 loss=0.350109 lr=8.885e-06
[train] step=1737 loss=0.218044 lr=8.884e-06
[train] step=1738 loss=0.356955 lr=8.882e-06
[train] step=1739 loss=0.285932 lr=8.881e-06
[train] step=1740 loss=0.249404 lr=8.880e-06
[train] step=1741 loss=0.396052 lr=8.879e-06
[train] step=1742 loss=0.437955 lr=8.877e-06
[train] step=1743 loss=0.405991 lr=8.876e-06
[train] step=1744 loss=0.136659 lr=8.875e-06
[train] step=1745 loss=0.173590 lr=8.874e-06
[train] step=1746 loss=0.236581 lr=8.872e-06
[train] step=1747 loss=0.248069 lr=8.871e-06
[train] step=1748 loss=0.147718 lr=8.870e-06
[train] step=1749 loss=0.376106 lr=8.869e-06
[train] step=1750 loss=0.388350 lr=8.867e-06
[train] step=1751 loss=0.244427 lr=8.866e-06
[train] step=1752 loss=0.319837 lr=8.865e-06
[train] step=1753 loss=0.327631 lr=8.864e-06
[train] step=1754 loss=0.266527 lr=8.862e-06
[train] step=1755 loss=0.176109 lr=8.861e-06
[train] step=1756 loss=0.225342 lr=8.860e-06
[train] step=1757 loss=0.209903 lr=8.859e-06
[train] step=1758 loss=0.151596 lr=8.857e-06
[train] step=1759 loss=0.272335 lr=8.856e-06
[train] step=1760 loss=0.209356 lr=8.855e-06
[train] step=1761 loss=0.281632 lr=8.854e-06
[train] step=1762 loss=0.440500 lr=8.852e-06
[train] step=1763 loss=0.279804 lr=8.851e-06
[train] step=1764 loss=0.210253 lr=8.850e-06
[train] step=1765 loss=0.280482 lr=8.849e-06
[train] step=1766 loss=0.126171 lr=8.847e-06
[train] step=1767 loss=0.239081 lr=8.846e-06
[train] step=1768 loss=0.299371 lr=8.845e-06
[train] step=1769 loss=0.341896 lr=8.844e-06
[train] step=1770 loss=0.239539 lr=8.842e-06
[train] step=1771 loss=0.485139 lr=8.841e-06
[train] step=1772 loss=0.211771 lr=8.840e-06
[train] step=1773 loss=0.626242 lr=8.839e-06
[train] step=1774 loss=0.332996 lr=8.837e-06
[train] step=1775 loss=0.332562 lr=8.836e-06
[train] step=1776 loss=0.415036 lr=8.835e-06
[train] step=1777 loss=0.410326 lr=8.834e-06
[train] step=1778 loss=0.256620 lr=8.832e-06
[train] step=1779 loss=0.372272 lr=8.831e-06
[train] step=1780 loss=0.213027 lr=8.830e-06
[train] step=1781 loss=0.268418 lr=8.829e-06
[train] step=1782 loss=0.154925 lr=8.827e-06
[train] step=1783 loss=0.181224 lr=8.826e-06
[train] step=1784 loss=0.236795 lr=8.825e-06
[train] step=1785 loss=0.450871 lr=8.824e-06
[train] step=1786 loss=0.514328 lr=8.822e-06
[train] step=1787 loss=0.220522 lr=8.821e-06
[train] step=1788 loss=0.194916 lr=8.820e-06
[train] step=1789 loss=0.175417 lr=8.818e-06
[train] step=1790 loss=0.212473 lr=8.817e-06
[train] step=1791 loss=0.238003 lr=8.816e-06
[train] step=1792 loss=0.366545 lr=8.815e-06
[train] step=1793 loss=0.113179 lr=8.813e-06
[train] step=1794 loss=0.314814 lr=8.812e-06
[train] step=1795 loss=0.214141 lr=8.811e-06
[train] step=1796 loss=0.226040 lr=8.810e-06
[train] step=1797 loss=0.255496 lr=8.808e-06
[train] step=1798 loss=0.379546 lr=8.807e-06
[train] step=1799 loss=0.455617 lr=8.806e-06
[train] step=1800 loss=0.183930 lr=8.805e-06
[val] step=1800 val_loss=0.286115
INFO     [rank 0] Model weights for step 1800 saved in       dit_trainer.py:1268
         checkpoints/model_weights_step_01800.safetensors                       
INFO     [rank 0] Scalar embedding weights for step 1800     dit_trainer.py:1277
         saved                                                                  
INFO     [rank 0] Training state saved:                      dit_trainer.py:1365
         checkpoints/model_weights_step_01800.state.pt                          
INFO     [rank 0] New best checkpoint (step 1800,            dit_trainer.py:1300
         val_loss=0.286115):                                                    
         checkpoints/model_weights_best.safetensors                             
DEBUG    [rank 0] Removed old checkpoint:                    dit_trainer.py:1378
         /hppfs/scratch/0D/go76fuz2/windinet/outputs/shockwa                    
         ve_dit_ep20_baseline_std1p5/checkpoints/model_weigh                    
         ts_step_01560.safetensors                                              
DEBUG    [rank 0] Removed old checkpoint:                    dit_trainer.py:1378
         /hppfs/scratch/0D/go76fuz2/windinet/outputs/shockwa                    
         ve_dit_ep20_baseline_std1p5/checkpoints/scalar_embe                    
         dding_step_01560.safetensors                                           
DEBUG    [rank 0] Removed optimizer state for older kept     dit_trainer.py:1393
         checkpoint:                                                            
         /hppfs/scratch/0D/go76fuz2/windinet/outputs/shockwa                    
         ve_dit_ep20_baseline_std1p5/checkpoints/model_weigh                    
         ts_step_01680.state.pt                                                 
[epoch 15] step=1800 train_loss=0.285467 val_loss=0.286115
[train] step=1801 loss=0.182857 lr=8.803e-06
[train] step=1802 loss=0.261941 lr=8.802e-06
[train] step=1803 loss=0.270397 lr=8.801e-06
[train] step=1804 loss=0.335498 lr=8.799e-06
[train] step=1805 loss=0.185035 lr=8.798e-06
[train] step=1806 loss=0.762951 lr=8.797e-06
[train] step=1807 loss=0.227152 lr=8.796e-06
[train] step=1808 loss=0.232838 lr=8.794e-06
[train] step=1809 loss=0.485460 lr=8.793e-06
[train] step=1810 loss=0.372037 lr=8.792e-06
[train] step=1811 loss=0.321396 lr=8.790e-06
[train] step=1812 loss=0.353013 lr=8.789e-06
[train] step=1813 loss=0.284618 lr=8.788e-06
[train] step=1814 loss=0.157908 lr=8.787e-06
[train] step=1815 loss=0.258794 lr=8.785e-06
[train] step=1816 loss=0.175312 lr=8.784e-06
[train] step=1817 loss=0.269452 lr=8.783e-06
[train] step=1818 loss=0.246800 lr=8.781e-06
[train] step=1819 loss=0.228797 lr=8.780e-06
[train] step=1820 loss=0.470913 lr=8.779e-06
[train] step=1821 loss=0.312290 lr=8.778e-06
[train] step=1822 loss=0.226685 lr=8.776e-06
[train] step=1823 loss=0.137532 lr=8.775e-06
[train] step=1824 loss=0.182898 lr=8.774e-06
[train] step=1825 loss=0.329293 lr=8.772e-06
[train] step=1826 loss=0.193024 lr=8.771e-06
[train] step=1827 loss=0.215346 lr=8.770e-06
[train] step=1828 loss=0.179405 lr=8.769e-06
[train] step=1829 loss=0.282727 lr=8.767e-06
[train] step=1830 loss=0.434844 lr=8.766e-06
[train] step=1831 loss=0.358800 lr=8.765e-06
[train] step=1832 loss=0.236129 lr=8.763e-06
[train] step=1833 loss=0.361873 lr=8.762e-06
[train] step=1834 loss=0.393193 lr=8.761e-06
[train] step=1835 loss=0.308615 lr=8.760e-06
[train] step=1836 loss=0.310592 lr=8.758e-06
[train] step=1837 loss=0.440579 lr=8.757e-06
[train] step=1838 loss=0.145823 lr=8.756e-06
[train] step=1839 loss=0.290359 lr=8.754e-06
[train] step=1840 loss=0.208447 lr=8.753e-06
[train] step=1841 loss=0.860927 lr=8.752e-06
[train] step=1842 loss=0.166653 lr=8.751e-06
[train] step=1843 loss=0.289333 lr=8.749e-06
[train] step=1844 loss=0.484901 lr=8.748e-06
[train] step=1845 loss=0.270296 lr=8.747e-06
[train] step=1846 loss=0.251617 lr=8.745e-06
[train] step=1847 loss=0.229735 lr=8.744e-06
[train] step=1848 loss=0.170581 lr=8.743e-06
[train] step=1849 loss=0.331610 lr=8.741e-06
[train] step=1850 loss=0.288436 lr=8.740e-06
[train] step=1851 loss=0.151687 lr=8.739e-06
[train] step=1852 loss=0.298418 lr=8.738e-06
[train] step=1853 loss=0.304880 lr=8.736e-06
[train] step=1854 loss=0.162458 lr=8.735e-06
[train] step=1855 loss=0.291692 lr=8.734e-06
[train] step=1856 loss=0.262119 lr=8.732e-06
[train] step=1857 loss=0.303729 lr=8.731e-06
[train] step=1858 loss=0.281987 lr=8.730e-06
[train] step=1859 loss=0.240228 lr=8.728e-06
[train] step=1860 loss=0.462950 lr=8.727e-06
[train] step=1861 loss=0.201271 lr=8.726e-06
[train] step=1862 loss=0.266298 lr=8.724e-06
[train] step=1863 loss=0.224881 lr=8.723e-06
[train] step=1864 loss=0.352855 lr=8.722e-06
[train] step=1865 loss=0.272353 lr=8.721e-06
[train] step=1866 loss=0.226961 lr=8.719e-06
[train] step=1867 loss=0.256423 lr=8.718e-06
[train] step=1868 loss=0.672546 lr=8.717e-06
[train] step=1869 loss=0.189391 lr=8.715e-06
[train] step=1870 loss=0.205369 lr=8.714e-06
[train] step=1871 loss=0.319090 lr=8.713e-06
[train] step=1872 loss=0.161363 lr=8.711e-06
[train] step=1873 loss=0.333030 lr=8.710e-06
[train] step=1874 loss=0.308652 lr=8.709e-06
[train] step=1875 loss=0.274194 lr=8.707e-06
[train] step=1876 loss=0.256789 lr=8.706e-06
[train] step=1877 loss=0.177436 lr=8.705e-06
[train] step=1878 loss=0.187215 lr=8.703e-06
[train] step=1879 loss=0.380835 lr=8.702e-06
[train] step=1880 loss=0.159540 lr=8.701e-06
[train] step=1881 loss=0.358102 lr=8.699e-06
[train] step=1882 loss=0.258621 lr=8.698e-06
[train] step=1883 loss=0.253846 lr=8.697e-06
[train] step=1884 loss=0.235114 lr=8.695e-06
[train] step=1885 loss=0.402875 lr=8.694e-06
[train] step=1886 loss=0.231934 lr=8.693e-06
[train] step=1887 loss=0.243456 lr=8.692e-06
[train] step=1888 loss=0.270261 lr=8.690e-06
[train] step=1889 loss=0.301055 lr=8.689e-06
[train] step=1890 loss=0.219385 lr=8.688e-06
[train] step=1891 loss=0.429666 lr=8.686e-06
[train] step=1892 loss=0.180267 lr=8.685e-06
[train] step=1893 loss=0.209002 lr=8.684e-06
[train] step=1894 loss=0.240072 lr=8.682e-06
[train] step=1895 loss=0.152185 lr=8.681e-06
[train] step=1896 loss=0.273108 lr=8.680e-06
[train] step=1897 loss=0.268278 lr=8.678e-06
[train] step=1898 loss=0.134356 lr=8.677e-06
[train] step=1899 loss=0.159701 lr=8.676e-06
[train] step=1900 loss=0.161335 lr=8.674e-06
[train] step=1901 loss=0.322268 lr=8.673e-06
[train] step=1902 loss=0.257045 lr=8.672e-06
[train] step=1903 loss=0.321065 lr=8.670e-06
[train] step=1904 loss=0.451508 lr=8.669e-06
[train] step=1905 loss=0.300134 lr=8.668e-06
[train] step=1906 loss=0.212806 lr=8.666e-06
[train] step=1907 loss=0.310322 lr=8.665e-06
[train] step=1908 loss=0.448983 lr=8.664e-06
[train] step=1909 loss=0.200867 lr=8.662e-06
[train] step=1910 loss=0.351907 lr=8.661e-06
[train] step=1911 loss=0.308356 lr=8.660e-06
[train] step=1912 loss=0.322790 lr=8.658e-06
[train] step=1913 loss=0.142030 lr=8.657e-06
[train] step=1914 loss=0.264432 lr=8.656e-06
[train] step=1915 loss=0.267264 lr=8.654e-06
[train] step=1916 loss=0.223932 lr=8.653e-06
[train] step=1917 loss=0.493358 lr=8.652e-06
[train] step=1918 loss=0.268616 lr=8.650e-06
[train] step=1919 loss=0.811749 lr=8.649e-06
[train] step=1920 loss=0.211527 lr=8.648e-06
INFO     [rank 0] Model weights for step 1920 saved in       dit_trainer.py:1268
         checkpoints/model_weights_step_01920.safetensors                       
INFO     [rank 0] Scalar embedding weights for step 1920     dit_trainer.py:1277
         saved                                                                  
INFO     [rank 0] Training state saved:                      dit_trainer.py:1365
         checkpoints/model_weights_step_01920.state.pt                          
DEBUG    [rank 0] Removed old checkpoint:                    dit_trainer.py:1378
         /hppfs/scratch/0D/go76fuz2/windinet/outputs/shockwa                    
         ve_dit_ep20_baseline_std1p5/checkpoints/model_weigh                    
         ts_step_01680.safetensors                                              
DEBUG    [rank 0] Removed old checkpoint:                    dit_trainer.py:1378
         /hppfs/scratch/0D/go76fuz2/windinet/outputs/shockwa                    
         ve_dit_ep20_baseline_std1p5/checkpoints/scalar_embe                    
         dding_step_01680.safetensors                                           
DEBUG    [rank 0] Removed optimizer state for older kept     dit_trainer.py:1393
         checkpoint:                                                            
         /hppfs/scratch/0D/go76fuz2/windinet/outputs/shockwa                    
         ve_dit_ep20_baseline_std1p5/checkpoints/model_weigh                    
         ts_step_01800.state.pt                                                 
[epoch 16] step=1920 train_loss=0.288403
[train] step=1921 loss=0.281477 lr=8.646e-06
[train] step=1922 loss=0.153464 lr=8.645e-06
[train] step=1923 loss=0.562808 lr=8.644e-06
[train] step=1924 loss=0.256316 lr=8.642e-06
[train] step=1925 loss=0.231143 lr=8.641e-06
[train] step=1926 loss=0.254980 lr=8.639e-06
[train] step=1927 loss=0.293481 lr=8.638e-06
[train] step=1928 loss=0.211589 lr=8.637e-06
[train] step=1929 loss=0.229840 lr=8.635e-06
[train] step=1930 loss=0.199510 lr=8.634e-06
[train] step=1931 loss=0.228122 lr=8.633e-06
[train] step=1932 loss=0.334028 lr=8.631e-06
[train] step=1933 loss=0.402259 lr=8.630e-06
[train] step=1934 loss=0.247924 lr=8.629e-06
[train] step=1935 loss=0.141833 lr=8.627e-06
[train] step=1936 loss=0.243130 lr=8.626e-06
[train] step=1937 loss=0.258131 lr=8.625e-06
[train] step=1938 loss=0.280710 lr=8.623e-06
[train] step=1939 loss=0.432619 lr=8.622e-06
[train] step=1940 loss=0.197498 lr=8.621e-06
[train] step=1941 loss=0.231863 lr=8.619e-06
[train] step=1942 loss=0.091230 lr=8.618e-06
[train] step=1943 loss=0.268933 lr=8.617e-06
[train] step=1944 loss=0.267585 lr=8.615e-06
[train] step=1945 loss=0.212699 lr=8.614e-06
[train] step=1946 loss=0.732059 lr=8.612e-06
[train] step=1947 loss=0.281607 lr=8.611e-06
[train] step=1948 loss=0.379171 lr=8.610e-06
[train] step=1949 loss=0.280569 lr=8.608e-06
[train] step=1950 loss=0.291351 lr=8.607e-06
[train] step=1951 loss=0.238718 lr=8.606e-06
[train] step=1952 loss=0.197419 lr=8.604e-06
[train] step=1953 loss=0.289282 lr=8.603e-06
[train] step=1954 loss=0.518427 lr=8.602e-06
[train] step=1955 loss=0.252517 lr=8.600e-06
[train] step=1956 loss=0.257213 lr=8.599e-06
[train] step=1957 loss=0.260061 lr=8.597e-06
[train] step=1958 loss=0.206696 lr=8.596e-06
[train] step=1959 loss=0.253960 lr=8.595e-06
[train] step=1960 loss=0.275231 lr=8.593e-06
[train] step=1961 loss=0.276043 lr=8.592e-06
[train] step=1962 loss=0.259439 lr=8.591e-06
[train] step=1963 loss=0.255393 lr=8.589e-06
[train] step=1964 loss=0.175075 lr=8.588e-06
[train] step=1965 loss=0.476207 lr=8.587e-06
[train] step=1966 loss=0.331508 lr=8.585e-06
[train] step=1967 loss=0.487623 lr=8.584e-06
[train] step=1968 loss=0.355668 lr=8.582e-06
[train] step=1969 loss=0.188105 lr=8.581e-06
[train] step=1970 loss=0.212579 lr=8.580e-06
[train] step=1971 loss=0.219316 lr=8.578e-06
[train] step=1972 loss=0.230700 lr=8.577e-06
[train] step=1973 loss=0.192706 lr=8.576e-06
[train] step=1974 loss=0.256460 lr=8.574e-06
[train] step=1975 loss=0.264100 lr=8.573e-06
[train] step=1976 loss=0.201885 lr=8.572e-06
[train] step=1977 loss=0.320515 lr=8.570e-06
[train] step=1978 loss=0.260130 lr=8.569e-06
[train] step=1979 loss=0.378653 lr=8.567e-06
[train] step=1980 loss=0.215146 lr=8.566e-06
[train] step=1981 loss=0.249351 lr=8.565e-06
[train] step=1982 loss=0.206032 lr=8.563e-06
[train] step=1983 loss=0.304730 lr=8.562e-06
[train] step=1984 loss=0.178119 lr=8.560e-06
[train] step=1985 loss=0.379965 lr=8.559e-06
[train] step=1986 loss=0.271610 lr=8.558e-06
[train] step=1987 loss=0.214079 lr=8.556e-06
[train] step=1988 loss=0.208778 lr=8.555e-06
[train] step=1989 loss=0.212288 lr=8.554e-06
[train] step=1990 loss=0.156718 lr=8.552e-06
[train] step=1991 loss=0.145904 lr=8.551e-06
[train] step=1992 loss=0.242764 lr=8.549e-06
[train] step=1993 loss=0.282241 lr=8.548e-06
[train] step=1994 loss=0.435530 lr=8.547e-06
[train] step=1995 loss=0.204289 lr=8.545e-06
[train] step=1996 loss=0.170662 lr=8.544e-06
[train] step=1997 loss=0.281608 lr=8.543e-06
[train] step=1998 loss=0.095171 lr=8.541e-06
[train] step=1999 loss=0.478709 lr=8.540e-06
[train] step=2000 loss=0.224160 lr=8.538e-06
[train] step=2001 loss=0.270719 lr=8.537e-06
[train] step=2002 loss=0.569157 lr=8.536e-06
[train] step=2003 loss=0.227306 lr=8.534e-06
[train] step=2004 loss=0.179727 lr=8.533e-06
[train] step=2005 loss=0.184530 lr=8.531e-06
[train] step=2006 loss=0.532972 lr=8.530e-06
[train] step=2007 loss=0.258942 lr=8.529e-06
[train] step=2008 loss=0.179258 lr=8.527e-06
[train] step=2009 loss=0.183379 lr=8.526e-06
[train] step=2010 loss=0.303107 lr=8.524e-06
[train] step=2011 loss=0.343082 lr=8.523e-06
[train] step=2012 loss=0.422033 lr=8.522e-06
[train] step=2013 loss=0.204710 lr=8.520e-06
[train] step=2014 loss=0.244050 lr=8.519e-06
[train] step=2015 loss=0.302087 lr=8.518e-06
[train] step=2016 loss=0.290758 lr=8.516e-06
[train] step=2017 loss=0.269600 lr=8.515e-06
[train] step=2018 loss=0.362816 lr=8.513e-06
[train] step=2019 loss=0.189304 lr=8.512e-06
[train] step=2020 loss=0.411225 lr=8.511e-06
[train] step=2021 loss=0.122732 lr=8.509e-06
[train] step=2022 loss=0.242326 lr=8.508e-06
[train] step=2023 loss=0.228379 lr=8.506e-06
[train] step=2024 loss=0.308364 lr=8.505e-06
[train] step=2025 loss=0.370663 lr=8.504e-06
[train] step=2026 loss=0.186436 lr=8.502e-06
[train] step=2027 loss=0.305489 lr=8.501e-06
[train] step=2028 loss=0.604985 lr=8.499e-06
[train] step=2029 loss=0.296149 lr=8.498e-06
[train] step=2030 loss=0.345086 lr=8.497e-06
[train] step=2031 loss=0.349551 lr=8.495e-06
[train] step=2032 loss=0.274123 lr=8.494e-06
[train] step=2033 loss=0.248795 lr=8.492e-06
[train] step=2034 loss=0.241753 lr=8.491e-06
[train] step=2035 loss=0.250822 lr=8.490e-06
[train] step=2036 loss=0.230525 lr=8.488e-06
[train] step=2037 loss=0.245072 lr=8.487e-06
[train] step=2038 loss=0.228181 lr=8.485e-06
[train] step=2039 loss=0.294412 lr=8.484e-06
[train] step=2040 loss=0.134828 lr=8.482e-06
INFO     [rank 0] Model weights for step 2040 saved in       dit_trainer.py:1268
         checkpoints/model_weights_step_02040.safetensors                       
INFO     [rank 0] Scalar embedding weights for step 2040     dit_trainer.py:1277
         saved                                                                  
INFO     [rank 0] Training state saved:                      dit_trainer.py:1365
         checkpoints/model_weights_step_02040.state.pt                          
DEBUG    [rank 0] Removed old checkpoint:                    dit_trainer.py:1378
         /hppfs/scratch/0D/go76fuz2/windinet/outputs/shockwa                    
         ve_dit_ep20_baseline_std1p5/checkpoints/model_weigh                    
         ts_step_01800.safetensors                                              
DEBUG    [rank 0] Removed old checkpoint:                    dit_trainer.py:1378
         /hppfs/scratch/0D/go76fuz2/windinet/outputs/shockwa                    
         ve_dit_ep20_baseline_std1p5/checkpoints/scalar_embe                    
         dding_step_01800.safetensors                                           
DEBUG    [rank 0] Removed optimizer state for older kept     dit_trainer.py:1393
         checkpoint:                                                            
         /hppfs/scratch/0D/go76fuz2/windinet/outputs/shockwa                    
         ve_dit_ep20_baseline_std1p5/checkpoints/model_weigh                    
         ts_step_01920.state.pt                                                 
[epoch 17] step=2040 train_loss=0.277013
[train] step=2041 loss=0.378184 lr=8.481e-06
[train] step=2042 loss=0.182172 lr=8.480e-06
[train] step=2043 loss=0.329927 lr=8.478e-06
[train] step=2044 loss=0.212049 lr=8.477e-06
[train] step=2045 loss=0.176296 lr=8.475e-06
[train] step=2046 loss=0.234750 lr=8.474e-06
[train] step=2047 loss=0.202217 lr=8.473e-06
[train] step=2048 loss=0.160940 lr=8.471e-06
[train] step=2049 loss=0.570968 lr=8.470e-06
[train] step=2050 loss=0.209536 lr=8.468e-06
[train] step=2051 loss=0.172565 lr=8.467e-06
[train] step=2052 loss=0.210386 lr=8.466e-06
[train] step=2053 loss=0.228782 lr=8.464e-06
[train] step=2054 loss=0.177002 lr=8.463e-06
[train] step=2055 loss=0.172277 lr=8.461e-06
[train] step=2056 loss=0.288645 lr=8.460e-06
[train] step=2057 loss=0.419467 lr=8.458e-06
[train] step=2058 loss=0.424770 lr=8.457e-06
[train] step=2059 loss=0.380413 lr=8.456e-06
[train] step=2060 loss=0.197392 lr=8.454e-06
[train] step=2061 loss=0.405715 lr=8.453e-06
[train] step=2062 loss=0.471780 lr=8.451e-06
[train] step=2063 loss=0.213935 lr=8.450e-06
[train] step=2064 loss=0.318620 lr=8.449e-06
[train] step=2065 loss=0.388126 lr=8.447e-06
[train] step=2066 loss=0.234467 lr=8.446e-06
[train] step=2067 loss=0.256625 lr=8.444e-06
[train] step=2068 loss=0.228459 lr=8.443e-06
[train] step=2069 loss=0.158990 lr=8.441e-06
[train] step=2070 loss=0.436010 lr=8.440e-06
[train] step=2071 loss=0.362164 lr=8.439e-06
[train] step=2072 loss=0.220557 lr=8.437e-06
[train] step=2073 loss=0.246838 lr=8.436e-06
[train] step=2074 loss=0.191713 lr=8.434e-06
[train] step=2075 loss=0.203904 lr=8.433e-06
[train] step=2076 loss=0.326563 lr=8.431e-06
[train] step=2077 loss=0.322699 lr=8.430e-06
[train] step=2078 loss=0.260105 lr=8.429e-06
[train] step=2079 loss=0.286764 lr=8.427e-06
[train] step=2080 loss=0.202581 lr=8.426e-06
[train] step=2081 loss=0.306477 lr=8.424e-06
[train] step=2082 loss=0.217726 lr=8.423e-06
[train] step=2083 loss=0.208601 lr=8.421e-06
[train] step=2084 loss=0.191896 lr=8.420e-06
[train] step=2085 loss=0.232185 lr=8.419e-06
[train] step=2086 loss=0.174032 lr=8.417e-06
[train] step=2087 loss=0.427009 lr=8.416e-06
[train] step=2088 loss=0.309648 lr=8.414e-06
[train] step=2089 loss=0.784135 lr=8.413e-06
[train] step=2090 loss=0.429789 lr=8.411e-06
[train] step=2091 loss=0.328067 lr=8.410e-06
[train] step=2092 loss=0.139027 lr=8.409e-06
[train] step=2093 loss=0.270393 lr=8.407e-06
[train] step=2094 loss=0.370540 lr=8.406e-06
[train] step=2095 loss=0.216261 lr=8.404e-06
[train] step=2096 loss=0.189830 lr=8.403e-06
[train] step=2097 loss=0.197158 lr=8.401e-06
[train] step=2098 loss=0.336640 lr=8.400e-06
[train] step=2099 loss=0.281522 lr=8.398e-06
[train] step=2100 loss=0.328954 lr=8.397e-06
[train] step=2101 loss=0.305768 lr=8.396e-06
[train] step=2102 loss=0.347144 lr=8.394e-06
[train] step=2103 loss=0.268716 lr=8.393e-06
[train] step=2104 loss=0.224044 lr=8.391e-06
[train] step=2105 loss=0.180732 lr=8.390e-06
[train] step=2106 loss=0.292168 lr=8.388e-06
[train] step=2107 loss=0.143363 lr=8.387e-06
[train] step=2108 loss=0.334786 lr=8.386e-06
[train] step=2109 loss=0.331076 lr=8.384e-06
[train] step=2110 loss=0.657688 lr=8.383e-06
[train] step=2111 loss=0.187471 lr=8.381e-06
[train] step=2112 loss=0.275938 lr=8.380e-06
[train] step=2113 loss=0.210114 lr=8.378e-06
[train] step=2114 loss=0.248485 lr=8.377e-06
[train] step=2115 loss=0.384077 lr=8.375e-06
[train] step=2116 loss=0.189294 lr=8.374e-06
[train] step=2117 loss=0.368379 lr=8.372e-06
[train] step=2118 loss=0.970773 lr=8.371e-06
[train] step=2119 loss=0.308032 lr=8.370e-06
[train] step=2120 loss=0.232156 lr=8.368e-06
[train] step=2121 loss=0.171324 lr=8.367e-06
[train] step=2122 loss=0.124252 lr=8.365e-06
[train] step=2123 loss=0.234100 lr=8.364e-06
[train] step=2124 loss=0.321121 lr=8.362e-06
[train] step=2125 loss=0.199617 lr=8.361e-06
[train] step=2126 loss=0.289815 lr=8.359e-06
[train] step=2127 loss=0.187825 lr=8.358e-06
[train] step=2128 loss=0.427272 lr=8.357e-06
[train] step=2129 loss=0.220638 lr=8.355e-06
[train] step=2130 loss=0.185804 lr=8.354e-06
[train] step=2131 loss=0.242877 lr=8.352e-06
[train] step=2132 loss=0.368103 lr=8.351e-06
[train] step=2133 loss=0.291223 lr=8.349e-06
[train] step=2134 loss=0.237827 lr=8.348e-06
[train] step=2135 loss=0.227110 lr=8.346e-06
[train] step=2136 loss=0.220072 lr=8.345e-06
[train] step=2137 loss=0.381630 lr=8.343e-06
[train] step=2138 loss=0.189198 lr=8.342e-06
[train] step=2139 loss=0.294123 lr=8.340e-06
[train] step=2140 loss=0.453204 lr=8.339e-06
[train] step=2141 loss=0.253400 lr=8.338e-06
[train] step=2142 loss=0.263064 lr=8.336e-06
[train] step=2143 loss=0.354926 lr=8.335e-06
[train] step=2144 loss=0.345267 lr=8.333e-06
[train] step=2145 loss=0.272294 lr=8.332e-06
[train] step=2146 loss=0.205225 lr=8.330e-06
[train] step=2147 loss=0.243436 lr=8.329e-06
[train] step=2148 loss=0.612207 lr=8.327e-06
[train] step=2149 loss=0.414566 lr=8.326e-06
[train] step=2150 loss=0.227710 lr=8.324e-06
[train] step=2151 loss=0.218290 lr=8.323e-06
[train] step=2152 loss=0.175286 lr=8.321e-06
[train] step=2153 loss=0.282516 lr=8.320e-06
[train] step=2154 loss=0.274431 lr=8.319e-06
[train] step=2155 loss=0.219339 lr=8.317e-06
[train] step=2156 loss=0.272041 lr=8.316e-06
[train] step=2157 loss=0.279032 lr=8.314e-06
[train] step=2158 loss=0.317203 lr=8.313e-06
[train] step=2159 loss=0.249243 lr=8.311e-06
[train] step=2160 loss=0.414881 lr=8.310e-06
INFO     [rank 0] Model weights for step 2160 saved in       dit_trainer.py:1268
         checkpoints/model_weights_step_02160.safetensors                       
INFO     [rank 0] Scalar embedding weights for step 2160     dit_trainer.py:1277
         saved                                                                  
INFO     [rank 0] Training state saved:                      dit_trainer.py:1365
         checkpoints/model_weights_step_02160.state.pt                          
DEBUG    [rank 0] Removed old checkpoint:                    dit_trainer.py:1378
         /hppfs/scratch/0D/go76fuz2/windinet/outputs/shockwa                    
         ve_dit_ep20_baseline_std1p5/checkpoints/model_weigh                    
         ts_step_01920.safetensors                                              
DEBUG    [rank 0] Removed old checkpoint:                    dit_trainer.py:1378
         /hppfs/scratch/0D/go76fuz2/windinet/outputs/shockwa                    
         ve_dit_ep20_baseline_std1p5/checkpoints/scalar_embe                    
         dding_step_01920.safetensors                                           
DEBUG    [rank 0] Removed optimizer state for older kept     dit_trainer.py:1393
         checkpoint:                                                            
         /hppfs/scratch/0D/go76fuz2/windinet/outputs/shockwa                    
         ve_dit_ep20_baseline_std1p5/checkpoints/model_weigh                    
         ts_step_02040.state.pt                                                 
[epoch 18] step=2160 train_loss=0.286224
[train] step=2161 loss=0.247257 lr=8.308e-06
[train] step=2162 loss=0.079472 lr=8.307e-06
[train] step=2163 loss=0.182647 lr=8.305e-06
[train] step=2164 loss=0.217887 lr=8.304e-06
[train] step=2165 loss=0.173109 lr=8.302e-06
[train] step=2166 loss=0.212203 lr=8.301e-06
[train] step=2167 loss=0.256798 lr=8.299e-06
[train] step=2168 loss=0.207899 lr=8.298e-06
[train] step=2169 loss=0.293528 lr=8.296e-06
[train] step=2170 loss=0.285395 lr=8.295e-06
[train] step=2171 loss=0.297106 lr=8.294e-06
[train] step=2172 loss=0.237953 lr=8.292e-06
[train] step=2173 loss=0.269375 lr=8.291e-06
[train] step=2174 loss=0.250120 lr=8.289e-06
[train] step=2175 loss=0.185572 lr=8.288e-06
[train] step=2176 loss=0.152802 lr=8.286e-06
[train] step=2177 loss=0.186439 lr=8.285e-06
[train] step=2178 loss=0.325226 lr=8.283e-06
[train] step=2179 loss=0.234690 lr=8.282e-06
[train] step=2180 loss=0.296552 lr=8.280e-06
[train] step=2181 loss=0.346217 lr=8.279e-06
[train] step=2182 loss=0.411939 lr=8.277e-06
[train] step=2183 loss=0.137755 lr=8.276e-06
[train] step=2184 loss=0.480153 lr=8.274e-06
[train] step=2185 loss=0.288865 lr=8.273e-06
[train] step=2186 loss=0.270797 lr=8.271e-06
[train] step=2187 loss=0.279685 lr=8.270e-06
[train] step=2188 loss=0.220586 lr=8.268e-06
[train] step=2189 loss=0.320067 lr=8.267e-06
[train] step=2190 loss=0.150761 lr=8.265e-06
[train] step=2191 loss=0.297732 lr=8.264e-06
[train] step=2192 loss=0.222021 lr=8.262e-06
[train] step=2193 loss=0.215939 lr=8.261e-06
[train] step=2194 loss=0.257854 lr=8.259e-06
[train] step=2195 loss=0.354645 lr=8.258e-06
[train] step=2196 loss=0.280681 lr=8.256e-06
[train] step=2197 loss=0.168305 lr=8.255e-06
[train] step=2198 loss=0.700977 lr=8.253e-06
[train] step=2199 loss=0.149756 lr=8.252e-06
[train] step=2200 loss=0.205892 lr=8.250e-06
[train] step=2201 loss=0.301492 lr=8.249e-06
[train] step=2202 loss=0.296099 lr=8.248e-06
[train] step=2203 loss=0.259052 lr=8.246e-06
[train] step=2204 loss=0.298511 lr=8.245e-06
[train] step=2205 loss=0.326738 lr=8.243e-06
[train] step=2206 loss=0.303902 lr=8.242e-06
[train] step=2207 loss=0.333364 lr=8.240e-06
[train] step=2208 loss=0.149884 lr=8.239e-06
[train] step=2209 loss=0.201970 lr=8.237e-06
[train] step=2210 loss=0.248069 lr=8.236e-06
[train] step=2211 loss=0.329579 lr=8.234e-06
[train] step=2212 loss=0.859109 lr=8.233e-06
[train] step=2213 loss=0.245175 lr=8.231e-06
[train] step=2214 loss=0.224616 lr=8.230e-06
[train] step=2215 loss=0.228235 lr=8.228e-06
[train] step=2216 loss=0.301968 lr=8.227e-06
[train] step=2217 loss=0.331876 lr=8.225e-06
[train] step=2218 loss=0.179139 lr=8.224e-06
[train] step=2219 loss=0.177092 lr=8.222e-06
[train] step=2220 loss=0.240897 lr=8.221e-06
[train] step=2221 loss=0.301317 lr=8.219e-06
[train] step=2222 loss=0.279187 lr=8.218e-06
[train] step=2223 loss=0.197505 lr=8.216e-06
[train] step=2224 loss=0.246696 lr=8.215e-06
[train] step=2225 loss=0.408953 lr=8.213e-06
[train] step=2226 loss=0.342531 lr=8.212e-06
[train] step=2227 loss=0.181057 lr=8.210e-06
[train] step=2228 loss=0.448721 lr=8.209e-06
[train] step=2229 loss=0.189310 lr=8.207e-06
[train] step=2230 loss=0.273969 lr=8.206e-06
[train] step=2231 loss=0.277566 lr=8.204e-06
[train] step=2232 loss=0.360608 lr=8.203e-06
[train] step=2233 loss=0.282814 lr=8.201e-06
[train] step=2234 loss=0.440637 lr=8.200e-06
[train] step=2235 loss=0.357578 lr=8.198e-06
[train] step=2236 loss=0.156194 lr=8.196e-06
[train] step=2237 loss=0.299063 lr=8.195e-06
[train] step=2238 loss=0.350623 lr=8.193e-06
[train] step=2239 loss=0.375598 lr=8.192e-06
[train] step=2240 loss=0.255155 lr=8.190e-06
[train] step=2241 loss=0.273559 lr=8.189e-06
[train] step=2242 loss=0.201554 lr=8.187e-06
[train] step=2243 loss=0.262414 lr=8.186e-06
[train] step=2244 loss=0.291149 lr=8.184e-06
[train] step=2245 loss=0.156658 lr=8.183e-06
[train] step=2246 loss=0.074348 lr=8.181e-06
[train] step=2247 loss=0.338474 lr=8.180e-06
[train] step=2248 loss=0.176302 lr=8.178e-06
[train] step=2249 loss=0.160980 lr=8.177e-06
[train] step=2250 loss=0.240190 lr=8.175e-06
[train] step=2251 loss=0.251389 lr=8.174e-06
[train] step=2252 loss=0.181316 lr=8.172e-06
[train] step=2253 loss=0.288633 lr=8.171e-06
[train] step=2254 loss=0.279159 lr=8.169e-06
[train] step=2255 loss=0.201426 lr=8.168e-06
[train] step=2256 loss=0.322165 lr=8.166e-06
[train] step=2257 loss=0.186566 lr=8.165e-06
[train] step=2258 loss=0.171240 lr=8.163e-06
[train] step=2259 loss=0.194130 lr=8.162e-06
[train] step=2260 loss=0.257471 lr=8.160e-06
[train] step=2261 loss=0.269145 lr=8.159e-06
[train] step=2262 loss=0.177741 lr=8.157e-06
[train] step=2263 loss=0.643640 lr=8.156e-06
[train] step=2264 loss=0.132701 lr=8.154e-06
[train] step=2265 loss=0.140338 lr=8.153e-06
[train] step=2266 loss=0.426216 lr=8.151e-06
[train] step=2267 loss=0.204060 lr=8.149e-06
[train] step=2268 loss=0.203211 lr=8.148e-06
[train] step=2269 loss=0.339323 lr=8.146e-06
[train] step=2270 loss=0.167170 lr=8.145e-06
[train] step=2271 loss=0.263559 lr=8.143e-06
[train] step=2272 loss=0.267627 lr=8.142e-06
[train] step=2273 loss=0.317840 lr=8.140e-06
[train] step=2274 loss=0.225589 lr=8.139e-06
[train] step=2275 loss=0.196953 lr=8.137e-06
[train] step=2276 loss=0.705783 lr=8.136e-06
[train] step=2277 loss=0.346618 lr=8.134e-06
[train] step=2278 loss=0.275056 lr=8.133e-06
[train] step=2279 loss=0.374076 lr=8.131e-06
[train] step=2280 loss=0.122055 lr=8.130e-06
INFO     [rank 0] Model weights for step 2280 saved in       dit_trainer.py:1268
         checkpoints/model_weights_step_02280.safetensors                       
INFO     [rank 0] Scalar embedding weights for step 2280     dit_trainer.py:1277
         saved                                                                  
INFO     [rank 0] Training state saved:                      dit_trainer.py:1365
         checkpoints/model_weights_step_02280.state.pt                          
DEBUG    [rank 0] Removed old checkpoint:                    dit_trainer.py:1378
         /hppfs/scratch/0D/go76fuz2/windinet/outputs/shockwa                    
         ve_dit_ep20_baseline_std1p5/checkpoints/model_weigh                    
         ts_step_02040.safetensors                                              
DEBUG    [rank 0] Removed old checkpoint:                    dit_trainer.py:1378
         /hppfs/scratch/0D/go76fuz2/windinet/outputs/shockwa                    
         ve_dit_ep20_baseline_std1p5/checkpoints/scalar_embe                    
         dding_step_02040.safetensors                                           
DEBUG    [rank 0] Removed optimizer state for older kept     dit_trainer.py:1393
         checkpoint:                                                            
         /hppfs/scratch/0D/go76fuz2/windinet/outputs/shockwa                    
         ve_dit_ep20_baseline_std1p5/checkpoints/model_weigh                    
         ts_step_02160.state.pt                                                 
[epoch 19] step=2280 train_loss=0.273460
[train] step=2281 loss=0.215537 lr=8.128e-06
[train] step=2282 loss=0.252760 lr=8.127e-06
[train] step=2283 loss=0.205206 lr=8.125e-06
[train] step=2284 loss=0.243282 lr=8.123e-06
[train] step=2285 loss=0.252809 lr=8.122e-06
[train] step=2286 loss=0.325451 lr=8.120e-06
[train] step=2287 loss=0.240377 lr=8.119e-06
[train] step=2288 loss=0.313931 lr=8.117e-06
[train] step=2289 loss=0.202055 lr=8.116e-06
[train] step=2290 loss=0.386387 lr=8.114e-06
[train] step=2291 loss=0.177904 lr=8.113e-06
[train] step=2292 loss=0.283539 lr=8.111e-06
[train] step=2293 loss=0.272435 lr=8.110e-06
[train] step=2294 loss=0.280784 lr=8.108e-06
[train] step=2295 loss=0.297762 lr=8.107e-06
[train] step=2296 loss=0.327827 lr=8.105e-06
[train] step=2297 loss=0.364198 lr=8.104e-06
[train] step=2298 loss=0.233487 lr=8.102e-06
[train] step=2299 loss=0.229365 lr=8.100e-06
[train] step=2300 loss=0.318675 lr=8.099e-06
[train] step=2301 loss=0.335726 lr=8.097e-06
[train] step=2302 loss=0.166417 lr=8.096e-06
[train] step=2303 loss=0.198531 lr=8.094e-06
[train] step=2304 loss=0.210852 lr=8.093e-06
[train] step=2305 loss=0.313455 lr=8.091e-06
[train] step=2306 loss=0.248012 lr=8.090e-06
[train] step=2307 loss=0.447297 lr=8.088e-06
[train] step=2308 loss=0.253334 lr=8.087e-06
[train] step=2309 loss=0.274549 lr=8.085e-06
[train] step=2310 loss=0.400111 lr=8.083e-06
[train] step=2311 loss=0.408002 lr=8.082e-06
[train] step=2312 loss=0.467356 lr=8.080e-06
[train] step=2313 loss=0.209673 lr=8.079e-06
[train] step=2314 loss=0.202527 lr=8.077e-06
[train] step=2315 loss=0.199106 lr=8.076e-06
[train] step=2316 loss=0.143095 lr=8.074e-06
[train] step=2317 loss=0.316334 lr=8.073e-06
[train] step=2318 loss=0.224209 lr=8.071e-06
[train] step=2319 loss=0.196985 lr=8.070e-06
[train] step=2320 loss=0.274215 lr=8.068e-06
[train] step=2321 loss=0.236774 lr=8.066e-06
[train] step=2322 loss=0.148950 lr=8.065e-06
[train] step=2323 loss=0.215963 lr=8.063e-06
[train] step=2324 loss=0.199420 lr=8.062e-06
[train] step=2325 loss=0.237584 lr=8.060e-06
[train] step=2326 loss=0.157461 lr=8.059e-06
[train] step=2327 loss=0.283722 lr=8.057e-06
[train] step=2328 loss=0.250782 lr=8.056e-06
[train] step=2329 loss=0.413899 lr=8.054e-06
[train] step=2330 loss=0.388619 lr=8.053e-06
[train] step=2331 loss=0.222104 lr=8.051e-06
[train] step=2332 loss=0.235040 lr=8.049e-06
[train] step=2333 loss=0.209026 lr=8.048e-06
[train] step=2334 loss=0.162427 lr=8.046e-06
[train] step=2335 loss=0.403954 lr=8.045e-06
[train] step=2336 loss=0.113538 lr=8.043e-06
[train] step=2337 loss=0.136082 lr=8.042e-06
[train] step=2338 loss=0.415017 lr=8.040e-06
[train] step=2339 loss=0.209965 lr=8.038e-06
[train] step=2340 loss=0.266671 lr=8.037e-06
[train] step=2341 loss=0.481002 lr=8.035e-06
[train] step=2342 loss=0.435326 lr=8.034e-06
[train] step=2343 loss=0.219579 lr=8.032e-06
[train] step=2344 loss=0.254604 lr=8.031e-06
[train] step=2345 loss=0.358197 lr=8.029e-06
[train] step=2346 loss=0.256454 lr=8.028e-06
[train] step=2347 loss=0.591594 lr=8.026e-06
[train] step=2348 loss=0.261435 lr=8.024e-06
[train] step=2349 loss=0.289345 lr=8.023e-06
[train] step=2350 loss=0.389255 lr=8.021e-06
[train] step=2351 loss=0.162524 lr=8.020e-06
[train] step=2352 loss=0.268546 lr=8.018e-06
[train] step=2353 loss=0.223979 lr=8.017e-06
[train] step=2354 loss=0.217847 lr=8.015e-06
[train] step=2355 loss=0.258980 lr=8.014e-06
[train] step=2356 loss=0.236363 lr=8.012e-06
[train] step=2357 loss=0.193571 lr=8.010e-06
[train] step=2358 loss=0.209593 lr=8.009e-06
[train] step=2359 loss=0.233825 lr=8.007e-06
[train] step=2360 loss=0.237065 lr=8.006e-06
[train] step=2361 loss=0.307762 lr=8.004e-06
[train] step=2362 loss=0.339348 lr=8.003e-06
[train] step=2363 loss=0.241436 lr=8.001e-06
[train] step=2364 loss=0.405847 lr=7.999e-06
[train] step=2365 loss=0.245649 lr=7.998e-06
[train] step=2366 loss=0.189698 lr=7.996e-06
[train] step=2367 loss=0.261389 lr=7.995e-06
[train] step=2368 loss=0.437390 lr=7.993e-06
[train] step=2369 loss=0.158360 lr=7.992e-06
[train] step=2370 loss=0.302650 lr=7.990e-06
[train] step=2371 loss=0.191545 lr=7.988e-06
[train] step=2372 loss=0.190420 lr=7.987e-06
[train] step=2373 loss=0.266598 lr=7.985e-06
[train] step=2374 loss=0.473848 lr=7.984e-06
[train] step=2375 loss=0.263498 lr=7.982e-06
[train] step=2376 loss=0.129124 lr=7.981e-06
[train] step=2377 loss=0.277672 lr=7.979e-06
[train] step=2378 loss=0.207852 lr=7.977e-06
[train] step=2379 loss=0.214170 lr=7.976e-06
[train] step=2380 loss=0.354884 lr=7.974e-06
[train] step=2381 loss=0.173358 lr=7.973e-06
[train] step=2382 loss=0.177863 lr=7.971e-06
[train] step=2383 loss=0.245498 lr=7.969e-06
[train] step=2384 loss=0.469486 lr=7.968e-06
[train] step=2385 loss=0.255328 lr=7.966e-06
[train] step=2386 loss=0.326508 lr=7.965e-06
[train] step=2387 loss=0.200713 lr=7.963e-06
[train] step=2388 loss=0.352495 lr=7.962e-06
[train] step=2389 loss=0.278111 lr=7.960e-06
[train] step=2390 loss=0.172169 lr=7.958e-06
[train] step=2391 loss=0.210282 lr=7.957e-06
[train] step=2392 loss=0.415076 lr=7.955e-06
[train] step=2393 loss=0.225526 lr=7.954e-06
[train] step=2394 loss=0.139167 lr=7.952e-06
[train] step=2395 loss=0.115063 lr=7.951e-06
[train] step=2396 loss=0.193896 lr=7.949e-06
[train] step=2397 loss=0.234650 lr=7.947e-06
[train] step=2398 loss=0.248244 lr=7.946e-06
[train] step=2399 loss=0.193327 lr=7.944e-06
[train] step=2400 loss=0.269870 lr=7.943e-06
[val] step=2400 val_loss=0.276622
INFO     [rank 0] Model weights for step 2400 saved in       dit_trainer.py:1268
         checkpoints/model_weights_step_02400.safetensors                       
INFO     [rank 0] Scalar embedding weights for step 2400     dit_trainer.py:1277
         saved                                                                  
INFO     [rank 0] Training state saved:                      dit_trainer.py:1365
         checkpoints/model_weights_step_02400.state.pt                          
INFO     [rank 0] New best checkpoint (step 2400,            dit_trainer.py:1300
         val_loss=0.276622):                                                    
         checkpoints/model_weights_best.safetensors                             
DEBUG    [rank 0] Removed old checkpoint:                    dit_trainer.py:1378
         /hppfs/scratch/0D/go76fuz2/windinet/outputs/shockwa                    
         ve_dit_ep20_baseline_std1p5/checkpoints/model_weigh                    
         ts_step_02160.safetensors                                              
DEBUG    [rank 0] Removed old checkpoint:                    dit_trainer.py:1378
         /hppfs/scratch/0D/go76fuz2/windinet/outputs/shockwa                    
         ve_dit_ep20_baseline_std1p5/checkpoints/scalar_embe                    
         dding_step_02160.safetensors                                           
DEBUG    [rank 0] Removed optimizer state for older kept     dit_trainer.py:1393
         checkpoint:                                                            
         /hppfs/scratch/0D/go76fuz2/windinet/outputs/shockwa                    
         ve_dit_ep20_baseline_std1p5/checkpoints/model_weigh                    
         ts_step_02280.state.pt                                                 
[epoch 20] step=2400 train_loss=0.265063 val_loss=0.276622
[train] step=2401 loss=0.254053 lr=7.941e-06
[train] step=2402 loss=0.224352 lr=7.939e-06
[train] step=2403 loss=0.298872 lr=7.938e-06
[train] step=2404 loss=0.254888 lr=7.936e-06
[train] step=2405 loss=0.352768 lr=7.935e-06
[train] step=2406 loss=0.130503 lr=7.933e-06
[train] step=2407 loss=0.482633 lr=7.931e-06
[train] step=2408 loss=0.225673 lr=7.930e-06
[train] step=2409 loss=0.218143 lr=7.928e-06
[train] step=2410 loss=0.171598 lr=7.927e-06
[train] step=2411 loss=0.773090 lr=7.925e-06
[train] step=2412 loss=0.251972 lr=7.924e-06
[train] step=2413 loss=0.315818 lr=7.922e-06
[train] step=2414 loss=0.364611 lr=7.920e-06
[train] step=2415 loss=0.249687 lr=7.919e-06
[train] step=2416 loss=0.299428 lr=7.917e-06
[train] step=2417 loss=0.507317 lr=7.916e-06
[train] step=2418 loss=0.261875 lr=7.914e-06
[train] step=2419 loss=0.176483 lr=7.912e-06
[train] step=2420 loss=0.353035 lr=7.911e-06
[train] step=2421 loss=0.334727 lr=7.909e-06
[train] step=2422 loss=0.181041 lr=7.908e-06
[train] step=2423 loss=0.286006 lr=7.906e-06
[train] step=2424 loss=0.252427 lr=7.904e-06
[train] step=2425 loss=0.255935 lr=7.903e-06
[train] step=2426 loss=0.210608 lr=7.901e-06
[train] step=2427 loss=0.469583 lr=7.900e-06
[train] step=2428 loss=0.295996 lr=7.898e-06
[train] step=2429 loss=0.175617 lr=7.896e-06
[train] step=2430 loss=0.337337 lr=7.895e-06
[train] step=2431 loss=0.278682 lr=7.893e-06
[train] step=2432 loss=0.270752 lr=7.892e-06
[train] step=2433 loss=0.374574 lr=7.890e-06
[train] step=2434 loss=0.248852 lr=7.888e-06
[train] step=2435 loss=0.177105 lr=7.887e-06
[train] step=2436 loss=0.263143 lr=7.885e-06
[train] step=2437 loss=0.318170 lr=7.884e-06
[train] step=2438 loss=0.223129 lr=7.882e-06
[train] step=2439 loss=0.233122 lr=7.880e-06
[train] step=2440 loss=0.180238 lr=7.879e-06
[train] step=2441 loss=0.173300 lr=7.877e-06
[train] step=2442 loss=0.207244 lr=7.876e-06
[train] step=2443 loss=0.140382 lr=7.874e-06
[train] step=2444 loss=0.479015 lr=7.872e-06
[train] step=2445 loss=0.235717 lr=7.871e-06
[train] step=2446 loss=0.220074 lr=7.869e-06
[train] step=2447 loss=0.208526 lr=7.868e-06
[train] step=2448 loss=0.126140 lr=7.866e-06
[train] step=2449 loss=0.425739 lr=7.864e-06
[train] step=2450 loss=0.228500 lr=7.863e-06
[train] step=2451 loss=0.223693 lr=7.861e-06
[train] step=2452 loss=0.202933 lr=7.859e-06
[train] step=2453 loss=0.222687 lr=7.858e-06
[train] step=2454 loss=0.185509 lr=7.856e-06
[train] step=2455 loss=0.246634 lr=7.855e-06
[train] step=2456 loss=0.268799 lr=7.853e-06
[train] step=2457 loss=0.258768 lr=7.851e-06
[train] step=2458 loss=0.196754 lr=7.850e-06
[train] step=2459 loss=0.143338 lr=7.848e-06
[train] step=2460 loss=0.172023 lr=7.847e-06
[train] step=2461 loss=0.373282 lr=7.845e-06
[train] step=2462 loss=0.318968 lr=7.843e-06
[train] step=2463 loss=0.370642 lr=7.842e-06
[train] step=2464 loss=0.249285 lr=7.840e-06
[train] step=2465 loss=0.214344 lr=7.839e-06
[train] step=2466 loss=0.159394 lr=7.837e-06
[train] step=2467 loss=0.347435 lr=7.835e-06
[train] step=2468 loss=0.189235 lr=7.834e-06
[train] step=2469 loss=0.426811 lr=7.832e-06
[train] step=2470 loss=0.114934 lr=7.830e-06
[train] step=2471 loss=0.247499 lr=7.829e-06
[train] step=2472 loss=0.200488 lr=7.827e-06
[train] step=2473 loss=0.303977 lr=7.826e-06
[train] step=2474 loss=0.246743 lr=7.824e-06
[train] step=2475 loss=0.320941 lr=7.822e-06
[train] step=2476 loss=0.224620 lr=7.821e-06
[train] step=2477 loss=0.310818 lr=7.819e-06
[train] step=2478 loss=0.177671 lr=7.817e-06
[train] step=2479 loss=0.465851 lr=7.816e-06
[train] step=2480 loss=0.243791 lr=7.814e-06
[train] step=2481 loss=0.316044 lr=7.813e-06
[train] step=2482 loss=0.236520 lr=7.811e-06
[train] step=2483 loss=0.287916 lr=7.809e-06
[train] step=2484 loss=0.133330 lr=7.808e-06
[train] step=2485 loss=0.205329 lr=7.806e-06
[train] step=2486 loss=0.334653 lr=7.804e-06
[train] step=2487 loss=0.208102 lr=7.803e-06
[train] step=2488 loss=0.330598 lr=7.801e-06
[train] step=2489 loss=0.243208 lr=7.800e-06
[train] step=2490 loss=0.284047 lr=7.798e-06
[train] step=2491 loss=0.209538 lr=7.796e-06
[train] step=2492 loss=0.211387 lr=7.795e-06
[train] step=2493 loss=0.374631 lr=7.793e-06
[train] step=2494 loss=0.529797 lr=7.791e-06
[train] step=2495 loss=0.238965 lr=7.790e-06
[train] step=2496 loss=0.581669 lr=7.788e-06
[train] step=2497 loss=0.215866 lr=7.787e-06
[train] step=2498 loss=0.292075 lr=7.785e-06
[train] step=2499 loss=0.334584 lr=7.783e-06
[train] step=2500 loss=0.273929 lr=7.782e-06
[train] step=2501 loss=0.139721 lr=7.780e-06
[train] step=2502 loss=0.210485 lr=7.778e-06
[train] step=2503 loss=0.101432 lr=7.777e-06
[train] step=2504 loss=0.277165 lr=7.775e-06
[train] step=2505 loss=0.163911 lr=7.774e-06
[train] step=2506 loss=0.211846 lr=7.772e-06
[train] step=2507 loss=0.141958 lr=7.770e-06
[train] step=2508 loss=0.239387 lr=7.769e-06
[train] step=2509 loss=0.331050 lr=7.767e-06
[train] step=2510 loss=0.221272 lr=7.765e-06
[train] step=2511 loss=0.096139 lr=7.764e-06
[train] step=2512 loss=0.419113 lr=7.762e-06
[train] step=2513 loss=0.188196 lr=7.760e-06
[train] step=2514 loss=0.124327 lr=7.759e-06
[train] step=2515 loss=0.339424 lr=7.757e-06
[train] step=2516 loss=0.240286 lr=7.756e-06
[train] step=2517 loss=0.265861 lr=7.754e-06
[train] step=2518 loss=0.279699 lr=7.752e-06
[train] step=2519 loss=0.175764 lr=7.751e-06
[train] step=2520 loss=0.204035 lr=7.749e-06
INFO     [rank 0] Model weights for step 2520 saved in       dit_trainer.py:1268
         checkpoints/model_weights_step_02520.safetensors                       
INFO     [rank 0] Scalar embedding weights for step 2520     dit_trainer.py:1277
         saved                                                                  
INFO     [rank 0] Training state saved:                      dit_trainer.py:1365
         checkpoints/model_weights_step_02520.state.pt                          
DEBUG    [rank 0] Removed old checkpoint:                    dit_trainer.py:1378
         /hppfs/scratch/0D/go76fuz2/windinet/outputs/shockwa                    
         ve_dit_ep20_baseline_std1p5/checkpoints/model_weigh                    
         ts_step_02280.safetensors                                              
DEBUG    [rank 0] Removed old checkpoint:                    dit_trainer.py:1378
         /hppfs/scratch/0D/go76fuz2/windinet/outputs/shockwa                    
         ve_dit_ep20_baseline_std1p5/checkpoints/scalar_embe                    
         dding_step_02280.safetensors                                           
DEBUG    [rank 0] Removed optimizer state for older kept     dit_trainer.py:1393
         checkpoint:                                                            
         /hppfs/scratch/0D/go76fuz2/windinet/outputs/shockwa                    
         ve_dit_ep20_baseline_std1p5/checkpoints/model_weigh                    
         ts_step_02400.state.pt                                                 
[epoch 21] step=2520 train_loss=0.265712
[train] step=2521 loss=0.237071 lr=7.747e-06
[train] step=2522 loss=0.284913 lr=7.746e-06
[train] step=2523 loss=0.252293 lr=7.744e-06
[train] step=2524 loss=0.171362 lr=7.742e-06
[train] step=2525 loss=0.184494 lr=7.741e-06
[train] step=2526 loss=0.263858 lr=7.739e-06
[train] step=2527 loss=0.172438 lr=7.738e-06
[train] step=2528 loss=0.286306 lr=7.736e-06
[train] step=2529 loss=0.235730 lr=7.734e-06
[train] step=2530 loss=0.175691 lr=7.733e-06
[train] step=2531 loss=0.231304 lr=7.731e-06
[train] step=2532 loss=0.106317 lr=7.729e-06
[train] step=2533 loss=0.263901 lr=7.728e-06
[train] step=2534 loss=0.200936 lr=7.726e-06
[train] step=2535 loss=0.354463 lr=7.724e-06
[train] step=2536 loss=0.134988 lr=7.723e-06
[train] step=2537 loss=0.211477 lr=7.721e-06
[train] step=2538 loss=0.189658 lr=7.719e-06
[train] step=2539 loss=0.261387 lr=7.718e-06
[train] step=2540 loss=0.183825 lr=7.716e-06
[train] step=2541 loss=0.147163 lr=7.714e-06
[train] step=2542 loss=0.212507 lr=7.713e-06
[train] step=2543 loss=0.261624 lr=7.711e-06
[train] step=2544 loss=0.317974 lr=7.710e-06
[train] step=2545 loss=0.299602 lr=7.708e-06
[train] step=2546 loss=0.270598 lr=7.706e-06
[train] step=2547 loss=0.210191 lr=7.705e-06
[train] step=2548 loss=0.340549 lr=7.703e-06
[train] step=2549 loss=0.268192 lr=7.701e-06
[train] step=2550 loss=0.159233 lr=7.700e-06
[train] step=2551 loss=0.227351 lr=7.698e-06
[train] step=2552 loss=0.289741 lr=7.696e-06
[train] step=2553 loss=0.200914 lr=7.695e-06
[train] step=2554 loss=0.205719 lr=7.693e-06
[train] step=2555 loss=0.243044 lr=7.691e-06
[train] step=2556 loss=0.276551 lr=7.690e-06
[train] step=2557 loss=0.328889 lr=7.688e-06
[train] step=2558 loss=0.301249 lr=7.686e-06
[train] step=2559 loss=0.208925 lr=7.685e-06
[train] step=2560 loss=0.335934 lr=7.683e-06
[train] step=2561 loss=0.327752 lr=7.681e-06
[train] step=2562 loss=0.339965 lr=7.680e-06
[train] step=2563 loss=0.344467 lr=7.678e-06
[train] step=2564 loss=0.664113 lr=7.676e-06
[train] step=2565 loss=0.132913 lr=7.675e-06
[train] step=2566 loss=0.175010 lr=7.673e-06
[train] step=2567 loss=0.130805 lr=7.672e-06
[train] step=2568 loss=0.261582 lr=7.670e-06
[train] step=2569 loss=0.244374 lr=7.668e-06
[train] step=2570 loss=0.262819 lr=7.667e-06
[train] step=2571 loss=0.326014 lr=7.665e-06
[train] step=2572 loss=0.243875 lr=7.663e-06
[train] step=2573 loss=0.430173 lr=7.662e-06
[train] step=2574 loss=0.243261 lr=7.660e-06
[train] step=2575 loss=0.159178 lr=7.658e-06
[train] step=2576 loss=0.171139 lr=7.657e-06
[train] step=2577 loss=0.160883 lr=7.655e-06
[train] step=2578 loss=0.332413 lr=7.653e-06
[train] step=2579 loss=0.392120 lr=7.652e-06
[train] step=2580 loss=0.169768 lr=7.650e-06
[train] step=2581 loss=0.194283 lr=7.648e-06
[train] step=2582 loss=0.396778 lr=7.647e-06
[train] step=2583 loss=0.247968 lr=7.645e-06
[train] step=2584 loss=0.354516 lr=7.643e-06
[train] step=2585 loss=0.102238 lr=7.642e-06
[train] step=2586 loss=0.448437 lr=7.640e-06
[train] step=2587 loss=0.171644 lr=7.638e-06
[train] step=2588 loss=0.251398 lr=7.637e-06
[train] step=2589 loss=0.249491 lr=7.635e-06
[train] step=2590 loss=0.243458 lr=7.633e-06
[train] step=2591 loss=0.344567 lr=7.632e-06
[train] step=2592 loss=0.261162 lr=7.630e-06
[train] step=2593 loss=0.272681 lr=7.628e-06
[train] step=2594 loss=0.127421 lr=7.627e-06
[train] step=2595 loss=0.196250 lr=7.625e-06
[train] step=2596 loss=0.274521 lr=7.623e-06
[train] step=2597 loss=0.313239 lr=7.622e-06
[train] step=2598 loss=0.226745 lr=7.620e-06
[train] step=2599 loss=0.209737 lr=7.618e-06
[train] step=2600 loss=0.423603 lr=7.617e-06
[train] step=2601 loss=0.380455 lr=7.615e-06
[train] step=2602 loss=0.156144 lr=7.613e-06
[train] step=2603 loss=0.297727 lr=7.612e-06
[train] step=2604 loss=0.224159 lr=7.610e-06
[train] step=2605 loss=0.337660 lr=7.608e-06
[train] step=2606 loss=0.210593 lr=7.607e-06
[train] step=2607 loss=0.355453 lr=7.605e-06
[train] step=2608 loss=0.284513 lr=7.603e-06
[train] step=2609 loss=0.277530 lr=7.601e-06
[train] step=2610 loss=0.220790 lr=7.600e-06
[train] step=2611 loss=0.245796 lr=7.598e-06
[train] step=2612 loss=0.214047 lr=7.596e-06
[train] step=2613 loss=0.260362 lr=7.595e-06
[train] step=2614 loss=0.190357 lr=7.593e-06
[train] step=2615 loss=0.266450 lr=7.591e-06
[train] step=2616 loss=0.194861 lr=7.590e-06
[train] step=2617 loss=0.222268 lr=7.588e-06
[train] step=2618 loss=0.197785 lr=7.586e-06
[train] step=2619 loss=0.217911 lr=7.585e-06
[train] step=2620 loss=0.229643 lr=7.583e-06
[train] step=2621 loss=0.363610 lr=7.581e-06
[train] step=2622 loss=0.229326 lr=7.580e-06
[train] step=2623 loss=0.270343 lr=7.578e-06
[train] step=2624 loss=0.260986 lr=7.576e-06
[train] step=2625 loss=0.197366 lr=7.575e-06
[train] step=2626 loss=0.256683 lr=7.573e-06
[train] step=2627 loss=0.253291 lr=7.571e-06
[train] step=2628 loss=0.268921 lr=7.570e-06
[train] step=2629 loss=0.151658 lr=7.568e-06
[train] step=2630 loss=0.282686 lr=7.566e-06
[train] step=2631 loss=0.261986 lr=7.565e-06
[train] step=2632 loss=0.185481 lr=7.563e-06
[train] step=2633 loss=0.186515 lr=7.561e-06
[train] step=2634 loss=0.219423 lr=7.559e-06
[train] step=2635 loss=0.246686 lr=7.558e-06
[train] step=2636 loss=0.179599 lr=7.556e-06
[train] step=2637 loss=0.626401 lr=7.554e-06
[train] step=2638 loss=0.239973 lr=7.553e-06
[train] step=2639 loss=0.241820 lr=7.551e-06
[train] step=2640 loss=0.176499 lr=7.549e-06
INFO     [rank 0] Model weights for step 2640 saved in       dit_trainer.py:1268
         checkpoints/model_weights_step_02640.safetensors                       
INFO     [rank 0] Scalar embedding weights for step 2640     dit_trainer.py:1277
         saved                                                                  
INFO     [rank 0] Training state saved:                      dit_trainer.py:1365
         checkpoints/model_weights_step_02640.state.pt                          
DEBUG    [rank 0] Removed old checkpoint:                    dit_trainer.py:1378
         /hppfs/scratch/0D/go76fuz2/windinet/outputs/shockwa                    
         ve_dit_ep20_baseline_std1p5/checkpoints/model_weigh                    
         ts_step_02400.safetensors                                              
DEBUG    [rank 0] Removed old checkpoint:                    dit_trainer.py:1378
         /hppfs/scratch/0D/go76fuz2/windinet/outputs/shockwa                    
         ve_dit_ep20_baseline_std1p5/checkpoints/scalar_embe                    
         dding_step_02400.safetensors                                           
DEBUG    [rank 0] Removed optimizer state for older kept     dit_trainer.py:1393
         checkpoint:                                                            
         /hppfs/scratch/0D/go76fuz2/windinet/outputs/shockwa                    
         ve_dit_ep20_baseline_std1p5/checkpoints/model_weigh                    
         ts_step_02520.state.pt                                                 
[epoch 22] step=2640 train_loss=0.253687
[train] step=2641 loss=0.238158 lr=7.548e-06
[train] step=2642 loss=0.125919 lr=7.546e-06
[train] step=2643 loss=0.186740 lr=7.544e-06
[train] step=2644 loss=0.260752 lr=7.543e-06
[train] step=2645 loss=0.261352 lr=7.541e-06
[train] step=2646 loss=0.333643 lr=7.539e-06
[train] step=2647 loss=0.186450 lr=7.538e-06
[train] step=2648 loss=0.182026 lr=7.536e-06
[train] step=2649 loss=0.344600 lr=7.534e-06
[train] step=2650 loss=0.240387 lr=7.532e-06
[train] step=2651 loss=0.180193 lr=7.531e-06
[train] step=2652 loss=0.244284 lr=7.529e-06
[train] step=2653 loss=0.196398 lr=7.527e-06
[train] step=2654 loss=0.408089 lr=7.526e-06
[train] step=2655 loss=0.252441 lr=7.524e-06
[train] step=2656 loss=0.206181 lr=7.522e-06
[train] step=2657 loss=0.245653 lr=7.521e-06
[train] step=2658 loss=0.166156 lr=7.519e-06
[train] step=2659 loss=0.220714 lr=7.517e-06
[train] step=2660 loss=0.173901 lr=7.516e-06
[train] step=2661 loss=0.242610 lr=7.514e-06
[train] step=2662 loss=0.204192 lr=7.512e-06
[train] step=2663 loss=0.312763 lr=7.510e-06
[train] step=2664 loss=0.284965 lr=7.509e-06
[train] step=2665 loss=0.300642 lr=7.507e-06
[train] step=2666 loss=0.132491 lr=7.505e-06
[train] step=2667 loss=0.246851 lr=7.504e-06
[train] step=2668 loss=0.246936 lr=7.502e-06
[train] step=2669 loss=0.204080 lr=7.500e-06
[train] step=2670 loss=0.271211 lr=7.499e-06
[train] step=2671 loss=0.184273 lr=7.497e-06
[train] step=2672 loss=0.257999 lr=7.495e-06
[train] step=2673 loss=0.256118 lr=7.493e-06
[train] step=2674 loss=0.214973 lr=7.492e-06
[train] step=2675 loss=0.155235 lr=7.490e-06
[train] step=2676 loss=0.210712 lr=7.488e-06
[train] step=2677 loss=0.380538 lr=7.487e-06
[train] step=2678 loss=0.167685 lr=7.485e-06
[train] step=2679 loss=0.369189 lr=7.483e-06
[train] step=2680 loss=0.162085 lr=7.482e-06
[train] step=2681 loss=0.274185 lr=7.480e-06
[train] step=2682 loss=0.643836 lr=7.478e-06
[train] step=2683 loss=0.172453 lr=7.476e-06
[train] step=2684 loss=0.269404 lr=7.475e-06
[train] step=2685 loss=0.198588 lr=7.473e-06
[train] step=2686 loss=0.232223 lr=7.471e-06
[train] step=2687 loss=0.255828 lr=7.470e-06
[train] step=2688 loss=0.098587 lr=7.468e-06
[train] step=2689 loss=0.254425 lr=7.466e-06
[train] step=2690 loss=0.158470 lr=7.464e-06
[train] step=2691 loss=0.237503 lr=7.463e-06
[train] step=2692 loss=0.325788 lr=7.461e-06
[train] step=2693 loss=0.152746 lr=7.459e-06
[train] step=2694 loss=0.458977 lr=7.458e-06
[train] step=2695 loss=0.203086 lr=7.456e-06
[train] step=2696 loss=0.262463 lr=7.454e-06
[train] step=2697 loss=0.318560 lr=7.453e-06
[train] step=2698 loss=0.194992 lr=7.451e-06
[train] step=2699 loss=0.423284 lr=7.449e-06
[train] step=2700 loss=0.354557 lr=7.447e-06
[train] step=2701 loss=0.267650 lr=7.446e-06
[train] step=2702 loss=0.193652 lr=7.444e-06
[train] step=2703 loss=0.313831 lr=7.442e-06
[train] step=2704 loss=0.295368 lr=7.441e-06
[train] step=2705 loss=0.242780 lr=7.439e-06
[train] step=2706 loss=0.185029 lr=7.437e-06
[train] step=2707 loss=0.486872 lr=7.435e-06
[train] step=2708 loss=0.199574 lr=7.434e-06
[train] step=2709 loss=0.285578 lr=7.432e-06
[train] step=2710 loss=0.253054 lr=7.430e-06
[train] step=2711 loss=0.277273 lr=7.429e-06
[train] step=2712 loss=0.169388 lr=7.427e-06
[train] step=2713 loss=0.150217 lr=7.425e-06
[train] step=2714 loss=0.287197 lr=7.423e-06
[train] step=2715 loss=0.246677 lr=7.422e-06
[train] step=2716 loss=0.193258 lr=7.420e-06
[train] step=2717 loss=0.274039 lr=7.418e-06
[train] step=2718 loss=0.330394 lr=7.417e-06
[train] step=2719 loss=0.174377 lr=7.415e-06
[train] step=2720 loss=0.271782 lr=7.413e-06
[train] step=2721 loss=0.343889 lr=7.411e-06
[train] step=2722 loss=0.255695 lr=7.410e-06
[train] step=2723 loss=0.244445 lr=7.408e-06
[train] step=2724 loss=0.341375 lr=7.406e-06
[train] step=2725 loss=0.132768 lr=7.404e-06
[train] step=2726 loss=0.371597 lr=7.403e-06
[train] step=2727 loss=0.211255 lr=7.401e-06
[train] step=2728 loss=0.481224 lr=7.399e-06
[train] step=2729 loss=0.300744 lr=7.398e-06
[train] step=2730 loss=0.168438 lr=7.396e-06
[train] step=2731 loss=0.212708 lr=7.394e-06
[train] step=2732 loss=0.269670 lr=7.392e-06
[train] step=2733 loss=0.196209 lr=7.391e-06
[train] step=2734 loss=0.461786 lr=7.389e-06
[train] step=2735 loss=0.282842 lr=7.387e-06
[train] step=2736 loss=0.295540 lr=7.386e-06
[train] step=2737 loss=0.259363 lr=7.384e-06
[train] step=2738 loss=0.178115 lr=7.382e-06
[train] step=2739 loss=0.256763 lr=7.380e-06
[train] step=2740 loss=0.445141 lr=7.379e-06
[train] step=2741 loss=0.357117 lr=7.377e-06
[train] step=2742 loss=0.186081 lr=7.375e-06
[train] step=2743 loss=0.322890 lr=7.373e-06
[train] step=2744 loss=0.454944 lr=7.372e-06
[train] step=2745 loss=0.409882 lr=7.370e-06
[train] step=2746 loss=0.131778 lr=7.368e-06
[train] step=2747 loss=0.220227 lr=7.367e-06
[train] step=2748 loss=0.887368 lr=7.365e-06
[train] step=2749 loss=0.256019 lr=7.363e-06
[train] step=2750 loss=0.241969 lr=7.361e-06
[train] step=2751 loss=0.240026 lr=7.360e-06
[train] step=2752 loss=0.180671 lr=7.358e-06
[train] step=2753 loss=0.251403 lr=7.356e-06
[train] step=2754 loss=0.268874 lr=7.354e-06
[train] step=2755 loss=0.254133 lr=7.353e-06
[train] step=2756 loss=0.253015 lr=7.351e-06
[train] step=2757 loss=0.239144 lr=7.349e-06
[train] step=2758 loss=0.220240 lr=7.348e-06
[train] step=2759 loss=0.189658 lr=7.346e-06
[train] step=2760 loss=0.289407 lr=7.344e-06
INFO     [rank 0] Model weights for step 2760 saved in       dit_trainer.py:1268
         checkpoints/model_weights_step_02760.safetensors                       
INFO     [rank 0] Scalar embedding weights for step 2760     dit_trainer.py:1277
         saved                                                                  
INFO     [rank 0] Training state saved:                      dit_trainer.py:1365
         checkpoints/model_weights_step_02760.state.pt                          
DEBUG    [rank 0] Removed old checkpoint:                    dit_trainer.py:1378
         /hppfs/scratch/0D/go76fuz2/windinet/outputs/shockwa                    
         ve_dit_ep20_baseline_std1p5/checkpoints/model_weigh                    
         ts_step_02520.safetensors                                              
DEBUG    [rank 0] Removed old checkpoint:                    dit_trainer.py:1378
         /hppfs/scratch/0D/go76fuz2/windinet/outputs/shockwa                    
         ve_dit_ep20_baseline_std1p5/checkpoints/scalar_embe                    
         dding_step_02520.safetensors                                           
DEBUG    [rank 0] Removed optimizer state for older kept     dit_trainer.py:1393
         checkpoint:                                                            
         /hppfs/scratch/0D/go76fuz2/windinet/outputs/shockwa                    
         ve_dit_ep20_baseline_std1p5/checkpoints/model_weigh                    
         ts_step_02640.state.pt                                                 
[epoch 23] step=2760 train_loss=0.262492
[train] step=2761 loss=0.152524 lr=7.342e-06
[train] step=2762 loss=0.309180 lr=7.341e-06
[train] step=2763 loss=0.269362 lr=7.339e-06
[train] step=2764 loss=0.330435 lr=7.337e-06
[train] step=2765 loss=0.219170 lr=7.335e-06
[train] step=2766 loss=0.215875 lr=7.334e-06
[train] step=2767 loss=0.314140 lr=7.332e-06
[train] step=2768 loss=0.279813 lr=7.330e-06
[train] step=2769 loss=0.325189 lr=7.328e-06
[train] step=2770 loss=0.236345 lr=7.327e-06
[train] step=2771 loss=0.255797 lr=7.325e-06
[train] step=2772 loss=0.232223 lr=7.323e-06
[train] step=2773 loss=0.543112 lr=7.321e-06
[train] step=2774 loss=0.189447 lr=7.320e-06
[train] step=2775 loss=0.247496 lr=7.318e-06
[train] step=2776 loss=0.141070 lr=7.316e-06
[train] step=2777 loss=0.139713 lr=7.315e-06
[train] step=2778 loss=0.156163 lr=7.313e-06
[train] step=2779 loss=0.278367 lr=7.311e-06
[train] step=2780 loss=0.187016 lr=7.309e-06
[train] step=2781 loss=0.196416 lr=7.308e-06
[train] step=2782 loss=0.304628 lr=7.306e-06
[train] step=2783 loss=0.244098 lr=7.304e-06
[train] step=2784 loss=0.161468 lr=7.302e-06
[train] step=2785 loss=0.375596 lr=7.301e-06
[train] step=2786 loss=0.128672 lr=7.299e-06
[train] step=2787 loss=0.177739 lr=7.297e-06
[train] step=2788 loss=0.399223 lr=7.295e-06
[train] step=2789 loss=0.170383 lr=7.294e-06
[train] step=2790 loss=0.175535 lr=7.292e-06
[train] step=2791 loss=0.188347 lr=7.290e-06
[train] step=2792 loss=0.360411 lr=7.288e-06
[train] step=2793 loss=0.256951 lr=7.287e-06
[train] step=2794 loss=0.254267 lr=7.285e-06
[train] step=2795 loss=0.212836 lr=7.283e-06
[train] step=2796 loss=0.599379 lr=7.281e-06
[train] step=2797 loss=0.186268 lr=7.280e-06
[train] step=2798 loss=0.236598 lr=7.278e-06
[train] step=2799 loss=0.334381 lr=7.276e-06
[train] step=2800 loss=0.321728 lr=7.274e-06
[train] step=2801 loss=0.270960 lr=7.273e-06
[train] step=2802 loss=0.256682 lr=7.271e-06
[train] step=2803 loss=0.318663 lr=7.269e-06
[train] step=2804 loss=0.222283 lr=7.267e-06
[train] step=2805 loss=0.342811 lr=7.266e-06
[train] step=2806 loss=0.316883 lr=7.264e-06
[train] step=2807 loss=0.308443 lr=7.262e-06
[train] step=2808 loss=0.239798 lr=7.260e-06
[train] step=2809 loss=0.220208 lr=7.259e-06
[train] step=2810 loss=0.273163 lr=7.257e-06
[train] step=2811 loss=0.308290 lr=7.255e-06
[train] step=2812 loss=0.158456 lr=7.253e-06
[train] step=2813 loss=0.220557 lr=7.252e-06
[train] step=2814 loss=0.231572 lr=7.250e-06
[train] step=2815 loss=0.206892 lr=7.248e-06
[train] step=2816 loss=0.324410 lr=7.246e-06
[train] step=2817 loss=0.253661 lr=7.245e-06
[train] step=2818 loss=0.351630 lr=7.243e-06
[train] step=2819 loss=0.193505 lr=7.241e-06
[train] step=2820 loss=0.267577 lr=7.239e-06
[train] step=2821 loss=0.202072 lr=7.238e-06
[train] step=2822 loss=0.084603 lr=7.236e-06
[train] step=2823 loss=0.247413 lr=7.234e-06
[train] step=2824 loss=0.278839 lr=7.232e-06
[train] step=2825 loss=0.411296 lr=7.231e-06
[train] step=2826 loss=0.327027 lr=7.229e-06
[train] step=2827 loss=0.151948 lr=7.227e-06
[train] step=2828 loss=0.220133 lr=7.225e-06
[train] step=2829 loss=0.259729 lr=7.224e-06
[train] step=2830 loss=0.205557 lr=7.222e-06
[train] step=2831 loss=0.340232 lr=7.220e-06
[train] step=2832 loss=0.300189 lr=7.218e-06
[train] step=2833 loss=0.318523 lr=7.217e-06
[train] step=2834 loss=0.281418 lr=7.215e-06
[train] step=2835 loss=0.228710 lr=7.213e-06
[train] step=2836 loss=0.374347 lr=7.211e-06
[train] step=2837 loss=0.336501 lr=7.210e-06
[train] step=2838 loss=0.189758 lr=7.208e-06
[train] step=2839 loss=0.255949 lr=7.206e-06
[train] step=2840 loss=0.209452 lr=7.204e-06
[train] step=2841 loss=0.272148 lr=7.202e-06
[train] step=2842 loss=0.407598 lr=7.201e-06
[train] step=2843 loss=0.267617 lr=7.199e-06
[train] step=2844 loss=0.303663 lr=7.197e-06
[train] step=2845 loss=0.207733 lr=7.195e-06
[train] step=2846 loss=0.321249 lr=7.194e-06
[train] step=2847 loss=0.236725 lr=7.192e-06
[train] step=2848 loss=0.216406 lr=7.190e-06
[train] step=2849 loss=0.144729 lr=7.188e-06
[train] step=2850 loss=0.257690 lr=7.187e-06
[train] step=2851 loss=0.265698 lr=7.185e-06
[train] step=2852 loss=0.206159 lr=7.183e-06
[train] step=2853 loss=0.207758 lr=7.181e-06
[train] step=2854 loss=0.297536 lr=7.180e-06
[train] step=2855 loss=0.365384 lr=7.178e-06
[train] step=2856 loss=0.399057 lr=7.176e-06
[train] step=2857 loss=0.224427 lr=7.174e-06
[train] step=2858 loss=0.183161 lr=7.173e-06
[train] step=2859 loss=0.338883 lr=7.171e-06
[train] step=2860 loss=0.229576 lr=7.169e-06
[train] step=2861 loss=0.413239 lr=7.167e-06
[train] step=2862 loss=0.381324 lr=7.165e-06
[train] step=2863 loss=0.472023 lr=7.164e-06
[train] step=2864 loss=0.247764 lr=7.162e-06
[train] step=2865 loss=0.150759 lr=7.160e-06
[train] step=2866 loss=0.174007 lr=7.158e-06
[train] step=2867 loss=0.208734 lr=7.157e-06
[train] step=2868 loss=0.254842 lr=7.155e-06
[train] step=2869 loss=0.307047 lr=7.153e-06
[train] step=2870 loss=0.189265 lr=7.151e-06
[train] step=2871 loss=0.215169 lr=7.149e-06
[train] step=2872 loss=0.454376 lr=7.148e-06
[train] step=2873 loss=0.236500 lr=7.146e-06
[train] step=2874 loss=0.232155 lr=7.144e-06
[train] step=2875 loss=0.485295 lr=7.142e-06
[train] step=2876 loss=0.226560 lr=7.141e-06
[train] step=2877 loss=0.211793 lr=7.139e-06
[train] step=2878 loss=0.298713 lr=7.137e-06
[train] step=2879 loss=0.340219 lr=7.135e-06
[train] step=2880 loss=0.134121 lr=7.134e-06
INFO     [rank 0] Model weights for step 2880 saved in       dit_trainer.py:1268
         checkpoints/model_weights_step_02880.safetensors                       
INFO     [rank 0] Scalar embedding weights for step 2880     dit_trainer.py:1277
         saved                                                                  
INFO     [rank 0] Training state saved:                      dit_trainer.py:1365
         checkpoints/model_weights_step_02880.state.pt                          
DEBUG    [rank 0] Removed old checkpoint:                    dit_trainer.py:1378
         /hppfs/scratch/0D/go76fuz2/windinet/outputs/shockwa                    
         ve_dit_ep20_baseline_std1p5/checkpoints/model_weigh                    
         ts_step_02640.safetensors                                              
DEBUG    [rank 0] Removed old checkpoint:                    dit_trainer.py:1378
         /hppfs/scratch/0D/go76fuz2/windinet/outputs/shockwa                    
         ve_dit_ep20_baseline_std1p5/checkpoints/scalar_embe                    
         dding_step_02640.safetensors                                           
DEBUG    [rank 0] Removed optimizer state for older kept     dit_trainer.py:1393
         checkpoint:                                                            
         /hppfs/scratch/0D/go76fuz2/windinet/outputs/shockwa                    
         ve_dit_ep20_baseline_std1p5/checkpoints/model_weigh                    
         ts_step_02760.state.pt                                                 
[epoch 24] step=2880 train_loss=0.266332
[train] step=2881 loss=0.192183 lr=7.132e-06
[train] step=2882 loss=0.471811 lr=7.130e-06
[train] step=2883 loss=0.331084 lr=7.128e-06
[train] step=2884 loss=0.649676 lr=7.126e-06
[train] step=2885 loss=0.244005 lr=7.125e-06
[train] step=2886 loss=0.179492 lr=7.123e-06
[train] step=2887 loss=0.289566 lr=7.121e-06
[train] step=2888 loss=0.358608 lr=7.119e-06
[train] step=2889 loss=0.337591 lr=7.118e-06
[train] step=2890 loss=0.207547 lr=7.116e-06
[train] step=2891 loss=0.259513 lr=7.114e-06
[train] step=2892 loss=0.234803 lr=7.112e-06
[train] step=2893 loss=0.264197 lr=7.110e-06
[train] step=2894 loss=0.224670 lr=7.109e-06
[train] step=2895 loss=0.112674 lr=7.107e-06
[train] step=2896 loss=0.423908 lr=7.105e-06
[train] step=2897 loss=0.319797 lr=7.103e-06
[train] step=2898 loss=0.257246 lr=7.102e-06
[train] step=2899 loss=0.186002 lr=7.100e-06
[train] step=2900 loss=0.180305 lr=7.098e-06
[train] step=2901 loss=0.248650 lr=7.096e-06
[train] step=2902 loss=0.735943 lr=7.094e-06
[train] step=2903 loss=0.466475 lr=7.093e-06
[train] step=2904 loss=0.584088 lr=7.091e-06
[train] step=2905 loss=0.306195 lr=7.089e-06
[train] step=2906 loss=0.210303 lr=7.087e-06
[train] step=2907 loss=0.188073 lr=7.086e-06
[train] step=2908 loss=0.151882 lr=7.084e-06
[train] step=2909 loss=0.172747 lr=7.082e-06
[train] step=2910 loss=0.283484 lr=7.080e-06
[train] step=2911 loss=0.318170 lr=7.078e-06
[train] step=2912 loss=0.374736 lr=7.077e-06
[train] step=2913 loss=0.209432 lr=7.075e-06
[train] step=2914 loss=0.225754 lr=7.073e-06
[train] step=2915 loss=0.139825 lr=7.071e-06
[train] step=2916 loss=0.245322 lr=7.069e-06
[train] step=2917 loss=0.709687 lr=7.068e-06
[train] step=2918 loss=0.183888 lr=7.066e-06
[train] step=2919 loss=0.296862 lr=7.064e-06
[train] step=2920 loss=0.249011 lr=7.062e-06
[train] step=2921 loss=0.249347 lr=7.061e-06
[train] step=2922 loss=0.201698 lr=7.059e-06
[train] step=2923 loss=0.251498 lr=7.057e-06
[train] step=2924 loss=0.267060 lr=7.055e-06
[train] step=2925 loss=0.298126 lr=7.053e-06
[train] step=2926 loss=0.435459 lr=7.052e-06
[train] step=2927 loss=0.266591 lr=7.050e-06
[train] step=2928 loss=0.349053 lr=7.048e-06
[train] step=2929 loss=0.307759 lr=7.046e-06
[train] step=2930 loss=0.165400 lr=7.044e-06
[train] step=2931 loss=0.351271 lr=7.043e-06
[train] step=2932 loss=0.267754 lr=7.041e-06
[train] step=2933 loss=0.214038 lr=7.039e-06
[train] step=2934 loss=0.135480 lr=7.037e-06
[train] step=2935 loss=0.282063 lr=7.035e-06
[train] step=2936 loss=0.205234 lr=7.034e-06
[train] step=2937 loss=0.227465 lr=7.032e-06
[train] step=2938 loss=0.244938 lr=7.030e-06
[train] step=2939 loss=0.231647 lr=7.028e-06
[train] step=2940 loss=0.252246 lr=7.026e-06
[train] step=2941 loss=0.422145 lr=7.025e-06
[train] step=2942 loss=0.166570 lr=7.023e-06
[train] step=2943 loss=0.262150 lr=7.021e-06
[train] step=2944 loss=0.384686 lr=7.019e-06
[train] step=2945 loss=0.241086 lr=7.018e-06
[train] step=2946 loss=0.438100 lr=7.016e-06
[train] step=2947 loss=0.205242 lr=7.014e-06
[train] step=2948 loss=0.200199 lr=7.012e-06
[train] step=2949 loss=0.187000 lr=7.010e-06
[train] step=2950 loss=0.212367 lr=7.009e-06
[train] step=2951 loss=0.211327 lr=7.007e-06
[train] step=2952 loss=0.338504 lr=7.005e-06
[train] step=2953 loss=0.276052 lr=7.003e-06
[train] step=2954 loss=0.138771 lr=7.001e-06
[train] step=2955 loss=0.205744 lr=7.000e-06
[train] step=2956 loss=0.210838 lr=6.998e-06
[train] step=2957 loss=0.305276 lr=6.996e-06
[train] step=2958 loss=0.271675 lr=6.994e-06
[train] step=2959 loss=0.262394 lr=6.992e-06
[train] step=2960 loss=0.258133 lr=6.991e-06
[train] step=2961 loss=0.252955 lr=6.989e-06
[train] step=2962 loss=0.267968 lr=6.987e-06
[train] step=2963 loss=0.098645 lr=6.985e-06
[train] step=2964 loss=0.182730 lr=6.983e-06
[train] step=2965 loss=0.173725 lr=6.982e-06
[train] step=2966 loss=0.146923 lr=6.980e-06
[train] step=2967 loss=0.200417 lr=6.978e-06
[train] step=2968 loss=0.181984 lr=6.976e-06
[train] step=2969 loss=0.302251 lr=6.974e-06
[train] step=2970 loss=0.219241 lr=6.973e-06
[train] step=2971 loss=0.442630 lr=6.971e-06
[train] step=2972 loss=0.247874 lr=6.969e-06
[train] step=2973 loss=0.208243 lr=6.967e-06
[train] step=2974 loss=0.161079 lr=6.965e-06
[train] step=2975 loss=0.350530 lr=6.964e-06
[train] step=2976 loss=0.194231 lr=6.962e-06
[train] step=2977 loss=0.195665 lr=6.960e-06
[train] step=2978 loss=0.316840 lr=6.958e-06
[train] step=2979 loss=0.185218 lr=6.956e-06
[train] step=2980 loss=0.208002 lr=6.954e-06
[train] step=2981 loss=0.214300 lr=6.953e-06
[train] step=2982 loss=0.616926 lr=6.951e-06
[train] step=2983 loss=0.377378 lr=6.949e-06
[train] step=2984 loss=0.280749 lr=6.947e-06
[train] step=2985 loss=0.180296 lr=6.945e-06
[train] step=2986 loss=0.274315 lr=6.944e-06
[train] step=2987 loss=0.161148 lr=6.942e-06
[train] step=2988 loss=0.205627 lr=6.940e-06
[train] step=2989 loss=0.647562 lr=6.938e-06
[train] step=2990 loss=0.206960 lr=6.936e-06
[train] step=2991 loss=0.129517 lr=6.935e-06
[train] step=2992 loss=0.187500 lr=6.933e-06
[train] step=2993 loss=0.664477 lr=6.931e-06
[train] step=2994 loss=0.481464 lr=6.929e-06
[train] step=2995 loss=0.323674 lr=6.927e-06
[train] step=2996 loss=0.209169 lr=6.926e-06
[train] step=2997 loss=0.378926 lr=6.924e-06
[train] step=2998 loss=0.322282 lr=6.922e-06
[train] step=2999 loss=0.147789 lr=6.920e-06
[train] step=3000 loss=0.180423 lr=6.918e-06
[val] step=3000 val_loss=0.270681
INFO     [rank 0] Model weights for step 3000 saved in       dit_trainer.py:1268
         checkpoints/model_weights_step_03000.safetensors                       
INFO     [rank 0] Scalar embedding weights for step 3000     dit_trainer.py:1277
         saved                                                                  
INFO     [rank 0] Training state saved:                      dit_trainer.py:1365
         checkpoints/model_weights_step_03000.state.pt                          
INFO     [rank 0] New best checkpoint (step 3000,            dit_trainer.py:1300
         val_loss=0.270681):                                                    
         checkpoints/model_weights_best.safetensors                             
DEBUG    [rank 0] Removed old checkpoint:                    dit_trainer.py:1378
         /hppfs/scratch/0D/go76fuz2/windinet/outputs/shockwa                    
         ve_dit_ep20_baseline_std1p5/checkpoints/model_weigh                    
         ts_step_02760.safetensors                                              
DEBUG    [rank 0] Removed old checkpoint:                    dit_trainer.py:1378
         /hppfs/scratch/0D/go76fuz2/windinet/outputs/shockwa                    
         ve_dit_ep20_baseline_std1p5/checkpoints/scalar_embe                    
         dding_step_02760.safetensors                                           
DEBUG    [rank 0] Removed optimizer state for older kept     dit_trainer.py:1393
         checkpoint:                                                            
         /hppfs/scratch/0D/go76fuz2/windinet/outputs/shockwa                    
         ve_dit_ep20_baseline_std1p5/checkpoints/model_weigh                    
         ts_step_02880.state.pt                                                 
[epoch 25] step=3000 train_loss=0.275908 val_loss=0.270681
[train] step=3001 loss=0.181025 lr=6.917e-06
[train] step=3002 loss=0.237481 lr=6.915e-06
[train] step=3003 loss=0.254149 lr=6.913e-06
[train] step=3004 loss=0.289745 lr=6.911e-06
[train] step=3005 loss=0.243815 lr=6.909e-06
[train] step=3006 loss=0.348586 lr=6.907e-06
[train] step=3007 loss=0.245227 lr=6.906e-06
[train] step=3008 loss=0.220502 lr=6.904e-06
[train] step=3009 loss=0.244284 lr=6.902e-06
[train] step=3010 loss=0.371654 lr=6.900e-06
[train] step=3011 loss=0.153890 lr=6.898e-06
[train] step=3012 loss=0.173537 lr=6.897e-06
[train] step=3013 loss=0.160082 lr=6.895e-06
[train] step=3014 loss=0.163357 lr=6.893e-06
[train] step=3015 loss=0.147463 lr=6.891e-06
[train] step=3016 loss=0.357550 lr=6.889e-06
[train] step=3017 loss=0.349859 lr=6.887e-06
[train] step=3018 loss=0.304311 lr=6.886e-06
[train] step=3019 loss=0.740542 lr=6.884e-06
[train] step=3020 loss=0.212997 lr=6.882e-06
[train] step=3021 loss=0.140703 lr=6.880e-06
[train] step=3022 loss=0.167077 lr=6.878e-06
[train] step=3023 loss=0.179366 lr=6.877e-06
[train] step=3024 loss=0.280755 lr=6.875e-06
[train] step=3025 loss=0.219937 lr=6.873e-06
[train] step=3026 loss=0.166220 lr=6.871e-06
[train] step=3027 loss=0.161961 lr=6.869e-06
[train] step=3028 loss=0.292789 lr=6.867e-06
[train] step=3029 loss=0.257571 lr=6.866e-06
[train] step=3030 loss=0.175375 lr=6.864e-06
[train] step=3031 loss=0.207966 lr=6.862e-06
[train] step=3032 loss=0.424077 lr=6.860e-06
[train] step=3033 loss=0.694192 lr=6.858e-06
[train] step=3034 loss=0.193599 lr=6.857e-06
[train] step=3035 loss=0.401890 lr=6.855e-06
[train] step=3036 loss=0.236985 lr=6.853e-06
[train] step=3037 loss=0.494622 lr=6.851e-06
[train] step=3038 loss=0.154784 lr=6.849e-06
[train] step=3039 loss=0.224310 lr=6.847e-06
[train] step=3040 loss=0.320010 lr=6.846e-06
[train] step=3041 loss=0.271783 lr=6.844e-06
[train] step=3042 loss=0.282169 lr=6.842e-06
[train] step=3043 loss=0.432851 lr=6.840e-06
[train] step=3044 loss=0.195863 lr=6.838e-06
[train] step=3045 loss=0.320421 lr=6.836e-06
[train] step=3046 loss=0.226800 lr=6.835e-06
[train] step=3047 loss=0.127181 lr=6.833e-06
[train] step=3048 loss=0.360091 lr=6.831e-06
[train] step=3049 loss=0.262527 lr=6.829e-06
[train] step=3050 loss=0.291849 lr=6.827e-06
[train] step=3051 loss=0.367956 lr=6.826e-06
[train] step=3052 loss=0.339667 lr=6.824e-06
[train] step=3053 loss=0.212227 lr=6.822e-06
[train] step=3054 loss=0.343399 lr=6.820e-06
[train] step=3055 loss=0.119423 lr=6.818e-06
[train] step=3056 loss=0.259885 lr=6.816e-06
[train] step=3057 loss=0.367362 lr=6.815e-06
[train] step=3058 loss=0.330141 lr=6.813e-06
[train] step=3059 loss=0.148979 lr=6.811e-06
[train] step=3060 loss=0.309221 lr=6.809e-06
[train] step=3061 loss=0.202028 lr=6.807e-06
[train] step=3062 loss=0.238201 lr=6.805e-06
[train] step=3063 loss=0.285023 lr=6.804e-06
[train] step=3064 loss=0.302517 lr=6.802e-06
[train] step=3065 loss=0.229191 lr=6.800e-06
[train] step=3066 loss=0.279269 lr=6.798e-06
[train] step=3067 loss=0.243786 lr=6.796e-06
[train] step=3068 loss=0.214583 lr=6.794e-06
[train] step=3069 loss=0.295974 lr=6.793e-06
[train] step=3070 loss=0.313884 lr=6.791e-06
[train] step=3071 loss=0.433322 lr=6.789e-06
[train] step=3072 loss=0.391913 lr=6.787e-06
[train] step=3073 loss=0.231246 lr=6.785e-06
[train] step=3074 loss=0.249718 lr=6.783e-06
[train] step=3075 loss=0.255170 lr=6.782e-06
[train] step=3076 loss=0.158551 lr=6.780e-06
[train] step=3077 loss=0.282963 lr=6.778e-06
[train] step=3078 loss=0.251847 lr=6.776e-06
[train] step=3079 loss=0.326142 lr=6.774e-06
[train] step=3080 loss=0.227125 lr=6.772e-06
[train] step=3081 loss=0.232537 lr=6.771e-06
[train] step=3082 loss=0.192753 lr=6.769e-06
[train] step=3083 loss=0.617064 lr=6.767e-06
[train] step=3084 loss=0.227268 lr=6.765e-06
[train] step=3085 loss=0.162929 lr=6.763e-06
[train] step=3086 loss=0.126216 lr=6.761e-06
[train] step=3087 loss=0.292052 lr=6.760e-06
[train] step=3088 loss=0.159841 lr=6.758e-06
[train] step=3089 loss=0.181969 lr=6.756e-06
[train] step=3090 loss=0.221736 lr=6.754e-06
[train] step=3091 loss=0.310729 lr=6.752e-06
[train] step=3092 loss=0.219248 lr=6.750e-06
[train] step=3093 loss=0.331964 lr=6.749e-06
[train] step=3094 loss=0.317532 lr=6.747e-06
[train] step=3095 loss=0.470393 lr=6.745e-06
[train] step=3096 loss=0.276133 lr=6.743e-06
[train] step=3097 loss=0.172933 lr=6.741e-06
[train] step=3098 loss=0.161937 lr=6.739e-06
[train] step=3099 loss=0.233790 lr=6.738e-06
[train] step=3100 loss=0.311194 lr=6.736e-06
[train] step=3101 loss=0.216640 lr=6.734e-06
[train] step=3102 loss=0.205297 lr=6.732e-06
[train] step=3103 loss=0.329328 lr=6.730e-06
[train] step=3104 loss=0.232032 lr=6.728e-06
[train] step=3105 loss=0.206152 lr=6.726e-06
[train] step=3106 loss=0.301336 lr=6.725e-06
[train] step=3107 loss=0.164065 lr=6.723e-06
[train] step=3108 loss=0.326833 lr=6.721e-06
[train] step=3109 loss=0.292270 lr=6.719e-06
[train] step=3110 loss=0.204776 lr=6.717e-06
[train] step=3111 loss=0.231670 lr=6.715e-06
[train] step=3112 loss=0.405251 lr=6.714e-06
[train] step=3113 loss=0.274605 lr=6.712e-06
[train] step=3114 loss=0.371839 lr=6.710e-06
[train] step=3115 loss=0.189295 lr=6.708e-06
[train] step=3116 loss=0.327544 lr=6.706e-06
[train] step=3117 loss=0.239657 lr=6.704e-06
[train] step=3118 loss=0.173647 lr=6.703e-06
[train] step=3119 loss=0.182525 lr=6.701e-06
[train] step=3120 loss=0.245551 lr=6.699e-06
INFO     [rank 0] Model weights for step 3120 saved in       dit_trainer.py:1268
         checkpoints/model_weights_step_03120.safetensors                       
INFO     [rank 0] Scalar embedding weights for step 3120     dit_trainer.py:1277
         saved                                                                  
INFO     [rank 0] Training state saved:                      dit_trainer.py:1365
         checkpoints/model_weights_step_03120.state.pt                          
DEBUG    [rank 0] Removed old checkpoint:                    dit_trainer.py:1378
         /hppfs/scratch/0D/go76fuz2/windinet/outputs/shockwa                    
         ve_dit_ep20_baseline_std1p5/checkpoints/model_weigh                    
         ts_step_02880.safetensors                                              
DEBUG    [rank 0] Removed old checkpoint:                    dit_trainer.py:1378
         /hppfs/scratch/0D/go76fuz2/windinet/outputs/shockwa                    
         ve_dit_ep20_baseline_std1p5/checkpoints/scalar_embe                    
         dding_step_02880.safetensors                                           
DEBUG    [rank 0] Removed optimizer state for older kept     dit_trainer.py:1393
         checkpoint:                                                            
         /hppfs/scratch/0D/go76fuz2/windinet/outputs/shockwa                    
         ve_dit_ep20_baseline_std1p5/checkpoints/model_weigh                    
         ts_step_03000.state.pt                                                 
[epoch 26] step=3120 train_loss=0.267099
[train] step=3121 loss=0.244970 lr=6.697e-06
[train] step=3122 loss=0.164462 lr=6.695e-06
[train] step=3123 loss=0.286546 lr=6.693e-06
[train] step=3124 loss=0.228709 lr=6.691e-06
[train] step=3125 loss=0.388714 lr=6.690e-06
[train] step=3126 loss=0.270875 lr=6.688e-06
[train] step=3127 loss=0.214850 lr=6.686e-06
[train] step=3128 loss=0.221745 lr=6.684e-06
[train] step=3129 loss=0.785297 lr=6.682e-06
[train] step=3130 loss=0.170224 lr=6.680e-06
[train] step=3131 loss=0.257023 lr=6.679e-06
[train] step=3132 loss=0.296412 lr=6.677e-06
[train] step=3133 loss=0.455625 lr=6.675e-06
[train] step=3134 loss=0.119963 lr=6.673e-06
[train] step=3135 loss=0.269612 lr=6.671e-06
[train] step=3136 loss=0.328594 lr=6.669e-06
[train] step=3137 loss=0.306232 lr=6.667e-06
[train] step=3138 loss=0.212324 lr=6.666e-06
[train] step=3139 loss=0.126569 lr=6.664e-06
[train] step=3140 loss=0.263045 lr=6.662e-06
[train] step=3141 loss=0.218102 lr=6.660e-06
[train] step=3142 loss=0.249435 lr=6.658e-06
[train] step=3143 loss=0.187102 lr=6.656e-06
[train] step=3144 loss=0.238658 lr=6.654e-06
[train] step=3145 loss=0.254739 lr=6.653e-06
[train] step=3146 loss=0.370282 lr=6.651e-06
[train] step=3147 loss=0.401540 lr=6.649e-06
[train] step=3148 loss=0.404682 lr=6.647e-06
[train] step=3149 loss=0.247243 lr=6.645e-06
[train] step=3150 loss=0.179661 lr=6.643e-06
[train] step=3151 loss=0.110182 lr=6.642e-06
[train] step=3152 loss=0.284512 lr=6.640e-06
[train] step=3153 loss=0.160575 lr=6.638e-06
[train] step=3154 loss=0.203270 lr=6.636e-06
[train] step=3155 loss=0.259949 lr=6.634e-06
[train] step=3156 loss=0.510936 lr=6.632e-06
[train] step=3157 loss=0.360087 lr=6.630e-06
[train] step=3158 loss=0.319292 lr=6.629e-06
[train] step=3159 loss=0.255887 lr=6.627e-06
[train] step=3160 loss=0.217648 lr=6.625e-06
[train] step=3161 loss=0.286680 lr=6.623e-06
[train] step=3162 loss=0.136992 lr=6.621e-06
[train] step=3163 loss=0.271611 lr=6.619e-06
[train] step=3164 loss=0.238903 lr=6.617e-06
[train] step=3165 loss=0.244885 lr=6.616e-06
[train] step=3166 loss=0.194339 lr=6.614e-06
[train] step=3167 loss=0.219764 lr=6.612e-06
[train] step=3168 loss=0.196450 lr=6.610e-06
[train] step=3169 loss=0.173403 lr=6.608e-06
[train] step=3170 loss=0.197981 lr=6.606e-06
[train] step=3171 loss=0.226265 lr=6.604e-06
[train] step=3172 loss=0.200336 lr=6.603e-06
[train] step=3173 loss=0.235590 lr=6.601e-06
[train] step=3174 loss=0.386822 lr=6.599e-06
[train] step=3175 loss=0.387267 lr=6.597e-06
[train] step=3176 loss=0.117550 lr=6.595e-06
[train] step=3177 loss=0.290236 lr=6.593e-06
[train] step=3178 loss=0.249220 lr=6.591e-06
[train] step=3179 loss=0.689209 lr=6.590e-06
[train] step=3180 loss=0.374890 lr=6.588e-06
[train] step=3181 loss=0.343123 lr=6.586e-06
[train] step=3182 loss=0.331172 lr=6.584e-06
[train] step=3183 loss=0.179688 lr=6.582e-06
[train] step=3184 loss=0.235954 lr=6.580e-06
[train] step=3185 loss=0.321866 lr=6.578e-06
[train] step=3186 loss=0.144205 lr=6.576e-06
[train] step=3187 loss=0.462172 lr=6.575e-06
[train] step=3188 loss=0.268885 lr=6.573e-06
[train] step=3189 loss=0.254697 lr=6.571e-06
[train] step=3190 loss=0.209861 lr=6.569e-06
[train] step=3191 loss=0.346938 lr=6.567e-06
[train] step=3192 loss=0.212205 lr=6.565e-06
[train] step=3193 loss=0.215430 lr=6.563e-06
[train] step=3194 loss=0.299022 lr=6.562e-06
[train] step=3195 loss=0.166746 lr=6.560e-06
[train] step=3196 loss=0.364176 lr=6.558e-06
[train] step=3197 loss=0.190182 lr=6.556e-06
[train] step=3198 loss=0.287612 lr=6.554e-06
[train] step=3199 loss=0.224185 lr=6.552e-06
[train] step=3200 loss=0.265955 lr=6.550e-06
[train] step=3201 loss=0.184076 lr=6.549e-06
[train] step=3202 loss=0.253261 lr=6.547e-06
[train] step=3203 loss=0.244341 lr=6.545e-06
[train] step=3204 loss=0.440659 lr=6.543e-06
[train] step=3205 loss=0.222316 lr=6.541e-06
[train] step=3206 loss=0.220222 lr=6.539e-06
[train] step=3207 loss=0.282116 lr=6.537e-06
[train] step=3208 loss=0.234810 lr=6.535e-06
[train] step=3209 loss=0.207088 lr=6.534e-06
[train] step=3210 loss=0.557343 lr=6.532e-06
[train] step=3211 loss=0.252189 lr=6.530e-06
[train] step=3212 loss=0.317969 lr=6.528e-06
[train] step=3213 loss=0.264766 lr=6.526e-06
[train] step=3214 loss=0.283940 lr=6.524e-06
[train] step=3215 loss=0.183441 lr=6.522e-06
[train] step=3216 loss=0.419658 lr=6.521e-06
[train] step=3217 loss=0.298238 lr=6.519e-06
[train] step=3218 loss=0.166153 lr=6.517e-06
[train] step=3219 loss=0.289631 lr=6.515e-06
[train] step=3220 loss=0.301647 lr=6.513e-06
[train] step=3221 loss=0.210187 lr=6.511e-06
[train] step=3222 loss=0.307969 lr=6.509e-06
[train] step=3223 loss=0.334710 lr=6.507e-06
[train] step=3224 loss=0.533697 lr=6.506e-06
[train] step=3225 loss=0.245107 lr=6.504e-06
[train] step=3226 loss=0.672612 lr=6.502e-06
[train] step=3227 loss=0.216597 lr=6.500e-06
[train] step=3228 loss=0.175537 lr=6.498e-06
[train] step=3229 loss=0.346895 lr=6.496e-06
[train] step=3230 loss=0.245667 lr=6.494e-06
[train] step=3231 loss=0.310789 lr=6.492e-06
[train] step=3232 loss=0.255210 lr=6.491e-06
[train] step=3233 loss=0.268624 lr=6.489e-06
[train] step=3234 loss=0.149285 lr=6.487e-06
[train] step=3235 loss=0.385640 lr=6.485e-06
[train] step=3236 loss=0.295902 lr=6.483e-06
[train] step=3237 loss=0.270902 lr=6.481e-06
[train] step=3238 loss=0.144822 lr=6.479e-06
[train] step=3239 loss=0.159007 lr=6.477e-06
[train] step=3240 loss=0.458775 lr=6.476e-06
INFO     [rank 0] Model weights for step 3240 saved in       dit_trainer.py:1268
         checkpoints/model_weights_step_03240.safetensors                       
INFO     [rank 0] Scalar embedding weights for step 3240     dit_trainer.py:1277
         saved                                                                  
INFO     [rank 0] Training state saved:                      dit_trainer.py:1365
         checkpoints/model_weights_step_03240.state.pt                          
DEBUG    [rank 0] Removed old checkpoint:                    dit_trainer.py:1378
         /hppfs/scratch/0D/go76fuz2/windinet/outputs/shockwa                    
         ve_dit_ep20_baseline_std1p5/checkpoints/model_weigh                    
         ts_step_03000.safetensors                                              
DEBUG    [rank 0] Removed old checkpoint:                    dit_trainer.py:1378
         /hppfs/scratch/0D/go76fuz2/windinet/outputs/shockwa                    
         ve_dit_ep20_baseline_std1p5/checkpoints/scalar_embe                    
         dding_step_03000.safetensors                                           
DEBUG    [rank 0] Removed optimizer state for older kept     dit_trainer.py:1393
         checkpoint:                                                            
         /hppfs/scratch/0D/go76fuz2/windinet/outputs/shockwa                    
         ve_dit_ep20_baseline_std1p5/checkpoints/model_weigh                    
         ts_step_03120.state.pt                                                 
[epoch 27] step=3240 train_loss=0.275722
[train] step=3241 loss=0.245552 lr=6.474e-06
[train] step=3242 loss=0.183274 lr=6.472e-06
[train] step=3243 loss=0.314946 lr=6.470e-06
[train] step=3244 loss=0.258205 lr=6.468e-06
[train] step=3245 loss=0.222459 lr=6.466e-06
[train] step=3246 loss=0.233563 lr=6.464e-06
[train] step=3247 loss=0.228184 lr=6.462e-06
[train] step=3248 loss=0.275686 lr=6.461e-06
[train] step=3249 loss=0.348553 lr=6.459e-06
[train] step=3250 loss=0.242557 lr=6.457e-06
[train] step=3251 loss=0.167762 lr=6.455e-06
[train] step=3252 loss=0.162325 lr=6.453e-06
[train] step=3253 loss=0.202237 lr=6.451e-06
[train] step=3254 loss=0.174836 lr=6.449e-06
[train] step=3255 loss=0.198045 lr=6.447e-06
[train] step=3256 loss=0.520879 lr=6.446e-06
[train] step=3257 loss=0.276879 lr=6.444e-06
[train] step=3258 loss=0.181613 lr=6.442e-06
[train] step=3259 loss=0.178842 lr=6.440e-06
[train] step=3260 loss=0.188675 lr=6.438e-06
[train] step=3261 loss=0.208190 lr=6.436e-06
[train] step=3262 loss=0.268228 lr=6.434e-06
[train] step=3263 loss=0.259047 lr=6.432e-06
[train] step=3264 loss=0.309767 lr=6.431e-06
[train] step=3265 loss=0.337392 lr=6.429e-06
[train] step=3266 loss=0.207398 lr=6.427e-06
[train] step=3267 loss=0.163598 lr=6.425e-06
[train] step=3268 loss=0.344716 lr=6.423e-06
[train] step=3269 loss=0.203909 lr=6.421e-06
[train] step=3270 loss=0.076734 lr=6.419e-06
[train] step=3271 loss=0.228241 lr=6.417e-06
[train] step=3272 loss=0.421848 lr=6.416e-06
[train] step=3273 loss=0.164912 lr=6.414e-06
[train] step=3274 loss=0.266087 lr=6.412e-06
[train] step=3275 loss=0.702303 lr=6.410e-06
[train] step=3276 loss=0.357536 lr=6.408e-06
[train] step=3277 loss=0.131635 lr=6.406e-06
[train] step=3278 loss=0.444116 lr=6.404e-06
[train] step=3279 loss=0.237393 lr=6.402e-06
[train] step=3280 loss=0.275730 lr=6.400e-06
[train] step=3281 loss=0.207327 lr=6.399e-06
[train] step=3282 loss=0.199956 lr=6.397e-06
[train] step=3283 loss=0.467789 lr=6.395e-06
[train] step=3284 loss=0.179292 lr=6.393e-06
[train] step=3285 loss=0.204088 lr=6.391e-06
[train] step=3286 loss=0.288673 lr=6.389e-06
[train] step=3287 loss=0.247321 lr=6.387e-06
[train] step=3288 loss=0.117627 lr=6.385e-06
[train] step=3289 loss=0.188595 lr=6.383e-06
[train] step=3290 loss=0.215031 lr=6.382e-06
[train] step=3291 loss=0.555544 lr=6.380e-06
[train] step=3292 loss=0.390949 lr=6.378e-06
[train] step=3293 loss=0.258351 lr=6.376e-06
[train] step=3294 loss=0.238634 lr=6.374e-06
[train] step=3295 loss=0.289702 lr=6.372e-06
[train] step=3296 loss=0.287985 lr=6.370e-06
[train] step=3297 loss=0.363638 lr=6.368e-06
[train] step=3298 loss=0.250684 lr=6.367e-06
[train] step=3299 loss=0.214983 lr=6.365e-06
[train] step=3300 loss=0.452401 lr=6.363e-06
[train] step=3301 loss=0.226950 lr=6.361e-06
[train] step=3302 loss=0.262546 lr=6.359e-06
[train] step=3303 loss=0.220582 lr=6.357e-06
[train] step=3304 loss=0.154692 lr=6.355e-06
[train] step=3305 loss=0.270970 lr=6.353e-06
[train] step=3306 loss=0.277760 lr=6.351e-06
[train] step=3307 loss=0.282821 lr=6.350e-06
[train] step=3308 loss=0.355884 lr=6.348e-06
[train] step=3309 loss=0.248655 lr=6.346e-06
[train] step=3310 loss=0.258280 lr=6.344e-06
[train] step=3311 loss=0.187954 lr=6.342e-06
[train] step=3312 loss=0.171191 lr=6.340e-06
[train] step=3313 loss=0.317028 lr=6.338e-06
[train] step=3314 loss=0.170224 lr=6.336e-06
[train] step=3315 loss=0.214274 lr=6.334e-06
[train] step=3316 loss=0.206338 lr=6.333e-06
[train] step=3317 loss=0.220098 lr=6.331e-06
[train] step=3318 loss=0.323143 lr=6.329e-06
[train] step=3319 loss=0.265341 lr=6.327e-06
[train] step=3320 loss=0.321949 lr=6.325e-06
[train] step=3321 loss=0.158613 lr=6.323e-06
[train] step=3322 loss=0.182045 lr=6.321e-06
[train] step=3323 loss=0.210463 lr=6.319e-06
[train] step=3324 loss=0.200680 lr=6.317e-06
[train] step=3325 loss=0.242010 lr=6.315e-06
[train] step=3326 loss=0.203835 lr=6.314e-06
[train] step=3327 loss=0.211324 lr=6.312e-06
[train] step=3328 loss=0.163866 lr=6.310e-06
[train] step=3329 loss=0.216049 lr=6.308e-06
[train] step=3330 loss=0.276282 lr=6.306e-06
[train] step=3331 loss=0.209938 lr=6.304e-06
[train] step=3332 loss=0.334615 lr=6.302e-06
[train] step=3333 loss=0.193822 lr=6.300e-06
[train] step=3334 loss=0.239762 lr=6.298e-06
[train] step=3335 loss=0.308881 lr=6.297e-06
[train] step=3336 loss=0.197468 lr=6.295e-06
[train] step=3337 loss=0.159285 lr=6.293e-06
[train] step=3338 loss=0.306135 lr=6.291e-06
[train] step=3339 loss=0.275071 lr=6.289e-06
[train] step=3340 loss=0.241787 lr=6.287e-06
[train] step=3341 loss=0.239675 lr=6.285e-06
[train] step=3342 loss=0.242457 lr=6.283e-06
[train] step=3343 loss=0.163568 lr=6.281e-06
[train] step=3344 loss=0.219300 lr=6.279e-06
[train] step=3345 loss=0.200595 lr=6.278e-06
[train] step=3346 loss=0.143809 lr=6.276e-06
[train] step=3347 loss=0.261667 lr=6.274e-06
[train] step=3348 loss=0.268246 lr=6.272e-06
[train] step=3349 loss=0.289095 lr=6.270e-06
[train] step=3350 loss=0.158929 lr=6.268e-06
[train] step=3351 loss=0.302824 lr=6.266e-06
[train] step=3352 loss=0.161309 lr=6.264e-06
[train] step=3353 loss=0.239313 lr=6.262e-06
[train] step=3354 loss=0.223155 lr=6.261e-06
[train] step=3355 loss=0.305561 lr=6.259e-06
[train] step=3356 loss=0.167191 lr=6.257e-06
[train] step=3357 loss=0.238216 lr=6.255e-06
[train] step=3358 loss=0.258994 lr=6.253e-06
[train] step=3359 loss=0.253854 lr=6.251e-06
[train] step=3360 loss=0.112694 lr=6.249e-06
INFO     [rank 0] Model weights for step 3360 saved in       dit_trainer.py:1268
         checkpoints/model_weights_step_03360.safetensors                       
INFO     [rank 0] Scalar embedding weights for step 3360     dit_trainer.py:1277
         saved                                                                  
INFO     [rank 0] Training state saved:                      dit_trainer.py:1365
         checkpoints/model_weights_step_03360.state.pt                          
DEBUG    [rank 0] Removed old checkpoint:                    dit_trainer.py:1378
         /hppfs/scratch/0D/go76fuz2/windinet/outputs/shockwa                    
         ve_dit_ep20_baseline_std1p5/checkpoints/model_weigh                    
         ts_step_03120.safetensors                                              
DEBUG    [rank 0] Removed old checkpoint:                    dit_trainer.py:1378
         /hppfs/scratch/0D/go76fuz2/windinet/outputs/shockwa                    
         ve_dit_ep20_baseline_std1p5/checkpoints/scalar_embe                    
         dding_step_03120.safetensors                                           
DEBUG    [rank 0] Removed optimizer state for older kept     dit_trainer.py:1393
         checkpoint:                                                            
         /hppfs/scratch/0D/go76fuz2/windinet/outputs/shockwa                    
         ve_dit_ep20_baseline_std1p5/checkpoints/model_weigh                    
         ts_step_03240.state.pt                                                 
[epoch 28] step=3360 train_loss=0.252646
[train] step=3361 loss=0.327505 lr=6.247e-06
[train] step=3362 loss=0.223246 lr=6.245e-06
[train] step=3363 loss=0.338166 lr=6.243e-06
[train] step=3364 loss=0.226108 lr=6.242e-06
[train] step=3365 loss=0.250655 lr=6.240e-06
[train] step=3366 loss=0.265181 lr=6.238e-06
[train] step=3367 loss=0.281849 lr=6.236e-06
[train] step=3368 loss=0.272590 lr=6.234e-06
[train] step=3369 loss=0.360163 lr=6.232e-06
[train] step=3370 loss=0.283946 lr=6.230e-06
[train] step=3371 loss=0.260012 lr=6.228e-06
[train] step=3372 loss=0.244984 lr=6.226e-06
[train] step=3373 loss=0.239854 lr=6.224e-06
[train] step=3374 loss=0.283054 lr=6.222e-06
[train] step=3375 loss=0.254593 lr=6.221e-06
[train] step=3376 loss=0.286330 lr=6.219e-06
[train] step=3377 loss=0.285262 lr=6.217e-06
[train] step=3378 loss=0.182934 lr=6.215e-06
[train] step=3379 loss=0.635310 lr=6.213e-06
[train] step=3380 loss=0.315957 lr=6.211e-06
[train] step=3381 loss=0.354987 lr=6.209e-06
[train] step=3382 loss=0.249042 lr=6.207e-06
[train] step=3383 loss=0.203926 lr=6.205e-06
[train] step=3384 loss=0.199314 lr=6.203e-06
[train] step=3385 loss=0.339560 lr=6.202e-06
[train] step=3386 loss=0.271649 lr=6.200e-06
[train] step=3387 loss=0.245634 lr=6.198e-06
[train] step=3388 loss=0.143964 lr=6.196e-06
[train] step=3389 loss=0.182122 lr=6.194e-06
[train] step=3390 loss=0.390345 lr=6.192e-06
[train] step=3391 loss=0.197507 lr=6.190e-06
[train] step=3392 loss=0.115271 lr=6.188e-06
[train] step=3393 loss=0.184395 lr=6.186e-06
[train] step=3394 loss=0.389229 lr=6.184e-06
[train] step=3395 loss=0.429326 lr=6.183e-06
[train] step=3396 loss=0.236638 lr=6.181e-06
[train] step=3397 loss=0.162938 lr=6.179e-06
[train] step=3398 loss=0.288397 lr=6.177e-06
[train] step=3399 loss=0.474236 lr=6.175e-06
[train] step=3400 loss=0.319399 lr=6.173e-06
[train] step=3401 loss=0.171289 lr=6.171e-06
[train] step=3402 loss=0.161705 lr=6.169e-06
[train] step=3403 loss=0.355723 lr=6.167e-06
[train] step=3404 loss=0.334893 lr=6.165e-06
[train] step=3405 loss=0.269067 lr=6.163e-06
[train] step=3406 loss=0.359901 lr=6.162e-06
[train] step=3407 loss=0.321247 lr=6.160e-06
[train] step=3408 loss=0.170898 lr=6.158e-06
[train] step=3409 loss=0.290074 lr=6.156e-06
[train] step=3410 loss=0.236615 lr=6.154e-06
[train] step=3411 loss=0.272757 lr=6.152e-06
[train] step=3412 loss=0.437007 lr=6.150e-06
[train] step=3413 loss=0.233595 lr=6.148e-06
[train] step=3414 loss=0.209731 lr=6.146e-06
[train] step=3415 loss=0.148758 lr=6.144e-06
[train] step=3416 loss=0.322005 lr=6.142e-06
[train] step=3417 loss=0.199139 lr=6.141e-06
[train] step=3418 loss=0.138280 lr=6.139e-06
[train] step=3419 loss=0.232971 lr=6.137e-06
[train] step=3420 loss=0.281654 lr=6.135e-06
[train] step=3421 loss=0.125318 lr=6.133e-06
[train] step=3422 loss=0.189762 lr=6.131e-06
[train] step=3423 loss=0.264790 lr=6.129e-06
[train] step=3424 loss=0.137660 lr=6.127e-06
[train] step=3425 loss=0.220850 lr=6.125e-06
[train] step=3426 loss=0.346983 lr=6.123e-06
[train] step=3427 loss=0.250565 lr=6.121e-06
[train] step=3428 loss=0.416953 lr=6.119e-06
[train] step=3429 loss=0.075360 lr=6.118e-06
[train] step=3430 loss=0.289557 lr=6.116e-06
[train] step=3431 loss=0.158537 lr=6.114e-06
[train] step=3432 loss=0.212696 lr=6.112e-06
[train] step=3433 loss=0.378149 lr=6.110e-06
[train] step=3434 loss=0.281224 lr=6.108e-06
[train] step=3435 loss=0.193006 lr=6.106e-06
[train] step=3436 loss=0.190571 lr=6.104e-06
[train] step=3437 loss=0.240950 lr=6.102e-06
[train] step=3438 loss=0.190803 lr=6.100e-06
[train] step=3439 loss=0.445819 lr=6.098e-06
[train] step=3440 loss=0.153381 lr=6.097e-06
[train] step=3441 loss=0.278879 lr=6.095e-06
[train] step=3442 loss=0.260930 lr=6.093e-06
[train] step=3443 loss=0.232374 lr=6.091e-06
[train] step=3444 loss=0.218592 lr=6.089e-06
[train] step=3445 loss=0.185621 lr=6.087e-06
[train] step=3446 loss=0.133053 lr=6.085e-06
[train] step=3447 loss=0.164092 lr=6.083e-06
[train] step=3448 loss=0.264257 lr=6.081e-06
[train] step=3449 loss=0.232066 lr=6.079e-06
[train] step=3450 loss=0.512123 lr=6.077e-06
[train] step=3451 loss=0.214354 lr=6.075e-06
[train] step=3452 loss=0.236021 lr=6.074e-06
[train] step=3453 loss=0.361430 lr=6.072e-06
[train] step=3454 loss=0.227319 lr=6.070e-06
[train] step=3455 loss=0.297712 lr=6.068e-06
[train] step=3456 loss=0.277840 lr=6.066e-06
[train] step=3457 loss=0.488071 lr=6.064e-06
[train] step=3458 loss=0.337629 lr=6.062e-06
[train] step=3459 loss=0.210073 lr=6.060e-06
[train] step=3460 loss=0.455970 lr=6.058e-06
[train] step=3461 loss=0.159692 lr=6.056e-06
[train] step=3462 loss=0.168686 lr=6.054e-06
[train] step=3463 loss=0.298523 lr=6.052e-06
[train] step=3464 loss=0.217932 lr=6.051e-06
[train] step=3465 loss=0.193296 lr=6.049e-06
[train] step=3466 loss=0.217162 lr=6.047e-06
[train] step=3467 loss=0.117716 lr=6.045e-06
[train] step=3468 loss=0.239112 lr=6.043e-06
[train] step=3469 loss=0.220459 lr=6.041e-06
[train] step=3470 loss=0.174985 lr=6.039e-06
[train] step=3471 loss=0.196118 lr=6.037e-06
[train] step=3472 loss=0.408186 lr=6.035e-06
[train] step=3473 loss=0.381210 lr=6.033e-06
[train] step=3474 loss=0.248692 lr=6.031e-06
[train] step=3475 loss=0.202551 lr=6.029e-06
[train] step=3476 loss=0.210623 lr=6.028e-06
[train] step=3477 loss=0.183051 lr=6.026e-06
[train] step=3478 loss=0.326163 lr=6.024e-06
[train] step=3479 loss=0.186967 lr=6.022e-06
[train] step=3480 loss=0.187776 lr=6.020e-06
INFO     [rank 0] Model weights for step 3480 saved in       dit_trainer.py:1268
         checkpoints/model_weights_step_03480.safetensors                       
INFO     [rank 0] Scalar embedding weights for step 3480     dit_trainer.py:1277
         saved                                                                  
INFO     [rank 0] Training state saved:                      dit_trainer.py:1365
         checkpoints/model_weights_step_03480.state.pt                          
DEBUG    [rank 0] Removed old checkpoint:                    dit_trainer.py:1378
         /hppfs/scratch/0D/go76fuz2/windinet/outputs/shockwa                    
         ve_dit_ep20_baseline_std1p5/checkpoints/model_weigh                    
         ts_step_03240.safetensors                                              
DEBUG    [rank 0] Removed old checkpoint:                    dit_trainer.py:1378
         /hppfs/scratch/0D/go76fuz2/windinet/outputs/shockwa                    
         ve_dit_ep20_baseline_std1p5/checkpoints/scalar_embe                    
         dding_step_03240.safetensors                                           
DEBUG    [rank 0] Removed optimizer state for older kept     dit_trainer.py:1393
         checkpoint:                                                            
         /hppfs/scratch/0D/go76fuz2/windinet/outputs/shockwa                    
         ve_dit_ep20_baseline_std1p5/checkpoints/model_weigh                    
         ts_step_03360.state.pt                                                 
[epoch 29] step=3480 train_loss=0.259650
[train] step=3481 loss=0.306988 lr=6.018e-06
[train] step=3482 loss=0.363454 lr=6.016e-06
[train] step=3483 loss=0.131348 lr=6.014e-06
[train] step=3484 loss=0.211901 lr=6.012e-06
[train] step=3485 loss=0.263657 lr=6.010e-06
[train] step=3486 loss=0.579761 lr=6.008e-06
[train] step=3487 loss=0.170208 lr=6.006e-06
[train] step=3488 loss=0.181816 lr=6.004e-06
[train] step=3489 loss=0.191702 lr=6.003e-06
[train] step=3490 loss=0.223143 lr=6.001e-06
[train] step=3491 loss=0.312390 lr=5.999e-06
[train] step=3492 loss=0.208939 lr=5.997e-06
[train] step=3493 loss=0.364476 lr=5.995e-06
[train] step=3494 loss=0.317211 lr=5.993e-06
[train] step=3495 loss=0.147455 lr=5.991e-06
[train] step=3496 loss=0.260124 lr=5.989e-06
[train] step=3497 loss=0.417419 lr=5.987e-06
[train] step=3498 loss=0.212225 lr=5.985e-06
[train] step=3499 loss=0.134358 lr=5.983e-06
[train] step=3500 loss=0.322525 lr=5.981e-06
[train] step=3501 loss=0.402500 lr=5.979e-06
[train] step=3502 loss=0.407164 lr=5.978e-06
[train] step=3503 loss=0.269115 lr=5.976e-06
[train] step=3504 loss=0.203794 lr=5.974e-06
[train] step=3505 loss=0.363258 lr=5.972e-06
[train] step=3506 loss=0.184670 lr=5.970e-06
[train] step=3507 loss=0.228597 lr=5.968e-06
[train] step=3508 loss=0.137969 lr=5.966e-06
[train] step=3509 loss=0.301828 lr=5.964e-06
[train] step=3510 loss=0.300491 lr=5.962e-06
[train] step=3511 loss=0.349136 lr=5.960e-06
[train] step=3512 loss=0.267599 lr=5.958e-06
[train] step=3513 loss=0.227744 lr=5.956e-06
[train] step=3514 loss=0.332044 lr=5.954e-06
[train] step=3515 loss=0.317144 lr=5.953e-06
[train] step=3516 loss=0.217367 lr=5.951e-06
[train] step=3517 loss=0.226020 lr=5.949e-06
[train] step=3518 loss=0.522049 lr=5.947e-06
[train] step=3519 loss=0.289326 lr=5.945e-06
[train] step=3520 loss=0.270722 lr=5.943e-06
[train] step=3521 loss=0.270154 lr=5.941e-06
[train] step=3522 loss=0.308550 lr=5.939e-06
[train] step=3523 loss=0.297113 lr=5.937e-06
[train] step=3524 loss=0.189419 lr=5.935e-06
[train] step=3525 loss=0.324657 lr=5.933e-06
[train] step=3526 loss=0.229349 lr=5.931e-06
[train] step=3527 loss=0.290645 lr=5.929e-06
[train] step=3528 loss=0.288065 lr=5.927e-06
[train] step=3529 loss=0.518659 lr=5.926e-06
[train] step=3530 loss=0.206214 lr=5.924e-06
[train] step=3531 loss=0.196180 lr=5.922e-06
[train] step=3532 loss=0.281059 lr=5.920e-06
[train] step=3533 loss=0.622275 lr=5.918e-06
[train] step=3534 loss=0.284514 lr=5.916e-06
[train] step=3535 loss=0.383750 lr=5.914e-06
[train] step=3536 loss=0.137860 lr=5.912e-06
[train] step=3537 loss=0.287360 lr=5.910e-06
[train] step=3538 loss=0.300132 lr=5.908e-06
[train] step=3539 loss=0.249615 lr=5.906e-06
[train] step=3540 loss=0.253299 lr=5.904e-06
[train] step=3541 loss=0.186174 lr=5.902e-06
[train] step=3542 loss=0.260810 lr=5.900e-06
[train] step=3543 loss=0.237241 lr=5.899e-06
[train] step=3544 loss=0.140022 lr=5.897e-06
[train] step=3545 loss=0.347390 lr=5.895e-06
[train] step=3546 loss=0.334689 lr=5.893e-06
[train] step=3547 loss=0.221762 lr=5.891e-06
[train] step=3548 loss=0.155721 lr=5.889e-06
[train] step=3549 loss=0.420692 lr=5.887e-06
[train] step=3550 loss=0.214982 lr=5.885e-06
[train] step=3551 loss=0.405156 lr=5.883e-06
[train] step=3552 loss=0.223929 lr=5.881e-06
[train] step=3553 loss=0.219490 lr=5.879e-06
[train] step=3554 loss=0.292953 lr=5.877e-06
[train] step=3555 loss=0.147777 lr=5.875e-06
[train] step=3556 loss=0.225793 lr=5.873e-06
[train] step=3557 loss=0.229682 lr=5.872e-06
[train] step=3558 loss=0.149048 lr=5.870e-06
[train] step=3559 loss=0.284175 lr=5.868e-06
[train] step=3560 loss=0.229142 lr=5.866e-06
[train] step=3561 loss=0.285405 lr=5.864e-06
[train] step=3562 loss=0.195813 lr=5.862e-06
[train] step=3563 loss=0.207793 lr=5.860e-06
[train] step=3564 loss=0.276544 lr=5.858e-06
[train] step=3565 loss=0.288416 lr=5.856e-06
[train] step=3566 loss=0.220400 lr=5.854e-06
[train] step=3567 loss=0.270008 lr=5.852e-06
[train] step=3568 loss=0.213257 lr=5.850e-06
[train] step=3569 loss=0.178688 lr=5.848e-06
[train] step=3570 loss=0.645620 lr=5.846e-06
[train] step=3571 loss=0.146936 lr=5.844e-06
[train] step=3572 loss=0.153058 lr=5.843e-06
[train] step=3573 loss=0.302325 lr=5.841e-06
[train] step=3574 loss=0.137970 lr=5.839e-06
[train] step=3575 loss=0.325661 lr=5.837e-06
[train] step=3576 loss=0.140307 lr=5.835e-06
[train] step=3577 loss=0.271782 lr=5.833e-06
[train] step=3578 loss=0.182908 lr=5.831e-06
[train] step=3579 loss=0.231940 lr=5.829e-06
[train] step=3580 loss=0.180974 lr=5.827e-06
[train] step=3581 loss=0.269983 lr=5.825e-06
[train] step=3582 loss=0.218216 lr=5.823e-06
[train] step=3583 loss=0.195977 lr=5.821e-06
[train] step=3584 loss=0.169473 lr=5.819e-06
[train] step=3585 loss=0.131339 lr=5.817e-06
[train] step=3586 loss=0.213652 lr=5.815e-06
[train] step=3587 loss=0.393951 lr=5.814e-06
[train] step=3588 loss=0.359828 lr=5.812e-06
[train] step=3589 loss=0.237970 lr=5.810e-06
[train] step=3590 loss=0.229376 lr=5.808e-06
[train] step=3591 loss=0.349108 lr=5.806e-06
[train] step=3592 loss=0.228781 lr=5.804e-06
[train] step=3593 loss=0.337125 lr=5.802e-06
[train] step=3594 loss=0.258847 lr=5.800e-06
[train] step=3595 loss=0.296806 lr=5.798e-06
[train] step=3596 loss=0.167760 lr=5.796e-06
[train] step=3597 loss=0.181702 lr=5.794e-06
[train] step=3598 loss=0.202233 lr=5.792e-06
[train] step=3599 loss=0.698034 lr=5.790e-06
[train] step=3600 loss=0.260452 lr=5.788e-06
[val] step=3600 val_loss=0.262400
INFO     [rank 0] Model weights for step 3600 saved in       dit_trainer.py:1268
         checkpoints/model_weights_step_03600.safetensors                       
INFO     [rank 0] Scalar embedding weights for step 3600     dit_trainer.py:1277
         saved                                                                  
INFO     [rank 0] Training state saved:                      dit_trainer.py:1365
         checkpoints/model_weights_step_03600.state.pt                          
INFO     [rank 0] New best checkpoint (step 3600,            dit_trainer.py:1300
         val_loss=0.262400):                                                    
         checkpoints/model_weights_best.safetensors                             
DEBUG    [rank 0] Removed old checkpoint:                    dit_trainer.py:1378
         /hppfs/scratch/0D/go76fuz2/windinet/outputs/shockwa                    
         ve_dit_ep20_baseline_std1p5/checkpoints/model_weigh                    
         ts_step_03360.safetensors                                              
DEBUG    [rank 0] Removed old checkpoint:                    dit_trainer.py:1378
         /hppfs/scratch/0D/go76fuz2/windinet/outputs/shockwa                    
         ve_dit_ep20_baseline_std1p5/checkpoints/scalar_embe                    
         dding_step_03360.safetensors                                           
DEBUG    [rank 0] Removed optimizer state for older kept     dit_trainer.py:1393
         checkpoint:                                                            
         /hppfs/scratch/0D/go76fuz2/windinet/outputs/shockwa                    
         ve_dit_ep20_baseline_std1p5/checkpoints/model_weigh                    
         ts_step_03480.state.pt                                                 
[epoch 30] step=3600 train_loss=0.268074 val_loss=0.262400
[train] step=3601 loss=0.290417 lr=5.786e-06
[train] step=3602 loss=0.276848 lr=5.784e-06
[train] step=3603 loss=0.233391 lr=5.783e-06
[train] step=3604 loss=0.337166 lr=5.781e-06
[train] step=3605 loss=0.201440 lr=5.779e-06
[train] step=3606 loss=0.108580 lr=5.777e-06
[train] step=3607 loss=0.155779 lr=5.775e-06
[train] step=3608 loss=0.237375 lr=5.773e-06
[train] step=3609 loss=0.120781 lr=5.771e-06
[train] step=3610 loss=0.230185 lr=5.769e-06
[train] step=3611 loss=0.308616 lr=5.767e-06
[train] step=3612 loss=0.184886 lr=5.765e-06
[train] step=3613 loss=0.307615 lr=5.763e-06
[train] step=3614 loss=0.139670 lr=5.761e-06
[train] step=3615 loss=0.214080 lr=5.759e-06
[train] step=3616 loss=0.206798 lr=5.757e-06
[train] step=3617 loss=0.189798 lr=5.755e-06
[train] step=3618 loss=0.291235 lr=5.753e-06
[train] step=3619 loss=0.182077 lr=5.751e-06
[train] step=3620 loss=0.341342 lr=5.750e-06
[train] step=3621 loss=0.227726 lr=5.748e-06
[train] step=3622 loss=0.242181 lr=5.746e-06
[train] step=3623 loss=0.643975 lr=5.744e-06
[train] step=3624 loss=0.444186 lr=5.742e-06
[train] step=3625 loss=0.216624 lr=5.740e-06
[train] step=3626 loss=0.223806 lr=5.738e-06
[train] step=3627 loss=0.431405 lr=5.736e-06
[train] step=3628 loss=0.287768 lr=5.734e-06
[train] step=3629 loss=0.469832 lr=5.732e-06
[train] step=3630 loss=0.165482 lr=5.730e-06
[train] step=3631 loss=0.252723 lr=5.728e-06
[train] step=3632 loss=0.206382 lr=5.726e-06
[train] step=3633 loss=0.335636 lr=5.724e-06
[train] step=3634 loss=0.321552 lr=5.722e-06
[train] step=3635 loss=0.317927 lr=5.720e-06
[train] step=3636 loss=0.267117 lr=5.719e-06
[train] step=3637 loss=0.227761 lr=5.717e-06
[train] step=3638 loss=0.377392 lr=5.715e-06
[train] step=3639 loss=0.189092 lr=5.713e-06
[train] step=3640 loss=0.222159 lr=5.711e-06
[train] step=3641 loss=0.086979 lr=5.709e-06
[train] step=3642 loss=0.206988 lr=5.707e-06
[train] step=3643 loss=0.144970 lr=5.705e-06
[train] step=3644 loss=0.193374 lr=5.703e-06
[train] step=3645 loss=0.144086 lr=5.701e-06
[train] step=3646 loss=0.213663 lr=5.699e-06
[train] step=3647 loss=0.278970 lr=5.697e-06
[train] step=3648 loss=0.232254 lr=5.695e-06
[train] step=3649 loss=0.437804 lr=5.693e-06
[train] step=3650 loss=0.207841 lr=5.691e-06
[train] step=3651 loss=0.316710 lr=5.689e-06
[train] step=3652 loss=0.182349 lr=5.687e-06
[train] step=3653 loss=0.207219 lr=5.685e-06
[train] step=3654 loss=0.190494 lr=5.684e-06
[train] step=3655 loss=0.223384 lr=5.682e-06
[train] step=3656 loss=0.123702 lr=5.680e-06
[train] step=3657 loss=0.338659 lr=5.678e-06
[train] step=3658 loss=0.586210 lr=5.676e-06
[train] step=3659 loss=0.117144 lr=5.674e-06
[train] step=3660 loss=0.205387 lr=5.672e-06
[train] step=3661 loss=0.177617 lr=5.670e-06
[train] step=3662 loss=0.292836 lr=5.668e-06
[train] step=3663 loss=0.247423 lr=5.666e-06
[train] step=3664 loss=0.222019 lr=5.664e-06
[train] step=3665 loss=0.239611 lr=5.662e-06
[train] step=3666 loss=0.341357 lr=5.660e-06
[train] step=3667 loss=0.532327 lr=5.658e-06
[train] step=3668 loss=0.120744 lr=5.656e-06
[train] step=3669 loss=0.335088 lr=5.654e-06
[train] step=3670 loss=0.267172 lr=5.652e-06
[train] step=3671 loss=0.322293 lr=5.650e-06
[train] step=3672 loss=0.377334 lr=5.649e-06
[train] step=3673 loss=0.158152 lr=5.647e-06
[train] step=3674 loss=0.296481 lr=5.645e-06
[train] step=3675 loss=0.222260 lr=5.643e-06
[train] step=3676 loss=0.250870 lr=5.641e-06
[train] step=3677 loss=0.242053 lr=5.639e-06
[train] step=3678 loss=0.188189 lr=5.637e-06
[train] step=3679 loss=0.180972 lr=5.635e-06
[train] step=3680 loss=0.268560 lr=5.633e-06
[train] step=3681 loss=0.344687 lr=5.631e-06
[train] step=3682 loss=0.131865 lr=5.629e-06
[train] step=3683 loss=0.168668 lr=5.627e-06
[train] step=3684 loss=0.132009 lr=5.625e-06
[train] step=3685 loss=0.204936 lr=5.623e-06
[train] step=3686 loss=0.318305 lr=5.621e-06
[train] step=3687 loss=0.200119 lr=5.619e-06
[train] step=3688 loss=0.339703 lr=5.617e-06
[train] step=3689 loss=0.185957 lr=5.615e-06
[train] step=3690 loss=0.231593 lr=5.614e-06
[train] step=3691 loss=0.216618 lr=5.612e-06
[train] step=3692 loss=0.308711 lr=5.610e-06
[train] step=3693 loss=0.257395 lr=5.608e-06
[train] step=3694 loss=0.229287 lr=5.606e-06
[train] step=3695 loss=0.202104 lr=5.604e-06
[train] step=3696 loss=0.246599 lr=5.602e-06
[train] step=3697 loss=0.289244 lr=5.600e-06
[train] step=3698 loss=0.141747 lr=5.598e-06
[train] step=3699 loss=0.371408 lr=5.596e-06
[train] step=3700 loss=0.125900 lr=5.594e-06
[train] step=3701 loss=0.367432 lr=5.592e-06
[train] step=3702 loss=0.295240 lr=5.590e-06
[train] step=3703 loss=0.200817 lr=5.588e-06
[train] step=3704 loss=0.213045 lr=5.586e-06
[train] step=3705 loss=0.179723 lr=5.584e-06
[train] step=3706 loss=0.683342 lr=5.582e-06
[train] step=3707 loss=0.352833 lr=5.580e-06
[train] step=3708 loss=0.225023 lr=5.578e-06
[train] step=3709 loss=0.611835 lr=5.577e-06
[train] step=3710 loss=0.216600 lr=5.575e-06
[train] step=3711 loss=0.136501 lr=5.573e-06
[train] step=3712 loss=0.274554 lr=5.571e-06
[train] step=3713 loss=0.198198 lr=5.569e-06
[train] step=3714 loss=0.290323 lr=5.567e-06
[train] step=3715 loss=0.281943 lr=5.565e-06
[train] step=3716 loss=0.151696 lr=5.563e-06
[train] step=3717 loss=0.201791 lr=5.561e-06
[train] step=3718 loss=0.367120 lr=5.559e-06
[train] step=3719 loss=0.310049 lr=5.557e-06
[train] step=3720 loss=0.136111 lr=5.555e-06
INFO     [rank 0] Model weights for step 3720 saved in       dit_trainer.py:1268
         checkpoints/model_weights_step_03720.safetensors                       
INFO     [rank 0] Scalar embedding weights for step 3720     dit_trainer.py:1277
         saved                                                                  
INFO     [rank 0] Training state saved:                      dit_trainer.py:1365
         checkpoints/model_weights_step_03720.state.pt                          
DEBUG    [rank 0] Removed old checkpoint:                    dit_trainer.py:1378
         /hppfs/scratch/0D/go76fuz2/windinet/outputs/shockwa                    
         ve_dit_ep20_baseline_std1p5/checkpoints/model_weigh                    
         ts_step_03480.safetensors                                              
DEBUG    [rank 0] Removed old checkpoint:                    dit_trainer.py:1378
         /hppfs/scratch/0D/go76fuz2/windinet/outputs/shockwa                    
         ve_dit_ep20_baseline_std1p5/checkpoints/scalar_embe                    
         dding_step_03480.safetensors                                           
DEBUG    [rank 0] Removed optimizer state for older kept     dit_trainer.py:1393
         checkpoint:                                                            
         /hppfs/scratch/0D/go76fuz2/windinet/outputs/shockwa                    
         ve_dit_ep20_baseline_std1p5/checkpoints/model_weigh                    
         ts_step_03600.state.pt                                                 
[epoch 31] step=3720 train_loss=0.258464
[train] step=3721 loss=0.158049 lr=5.553e-06
[train] step=3722 loss=0.088179 lr=5.551e-06
[train] step=3723 loss=0.412169 lr=5.549e-06
[train] step=3724 loss=0.129464 lr=5.547e-06
[train] step=3725 loss=0.327456 lr=5.545e-06
[train] step=3726 loss=0.231676 lr=5.543e-06
[train] step=3727 loss=0.162947 lr=5.541e-06
[train] step=3728 loss=0.280711 lr=5.539e-06
[train] step=3729 loss=0.207357 lr=5.538e-06
[train] step=3730 loss=0.120393 lr=5.536e-06
[train] step=3731 loss=0.430125 lr=5.534e-06
[train] step=3732 loss=0.323653 lr=5.532e-06
[train] step=3733 loss=0.206409 lr=5.530e-06
[train] step=3734 loss=0.236896 lr=5.528e-06
[train] step=3735 loss=0.199508 lr=5.526e-06
[train] step=3736 loss=0.211814 lr=5.524e-06
[train] step=3737 loss=0.337351 lr=5.522e-06
[train] step=3738 loss=0.212944 lr=5.520e-06
[train] step=3739 loss=0.220558 lr=5.518e-06
[train] step=3740 loss=0.344326 lr=5.516e-06
[train] step=3741 loss=0.273231 lr=5.514e-06
[train] step=3742 loss=0.187623 lr=5.512e-06
[train] step=3743 loss=0.222065 lr=5.510e-06
[train] step=3744 loss=0.268482 lr=5.508e-06
[train] step=3745 loss=0.380335 lr=5.506e-06
[train] step=3746 loss=0.232738 lr=5.504e-06
[train] step=3747 loss=0.310666 lr=5.502e-06
[train] step=3748 loss=0.168190 lr=5.500e-06
[train] step=3749 loss=0.275178 lr=5.498e-06
[train] step=3750 loss=0.275944 lr=5.497e-06
[train] step=3751 loss=0.237469 lr=5.495e-06
[train] step=3752 loss=0.334721 lr=5.493e-06
[train] step=3753 loss=0.368550 lr=5.491e-06
[train] step=3754 loss=0.324225 lr=5.489e-06
[train] step=3755 loss=0.334840 lr=5.487e-06
[train] step=3756 loss=0.368191 lr=5.485e-06
[train] step=3757 loss=0.146235 lr=5.483e-06
[train] step=3758 loss=0.183142 lr=5.481e-06
[train] step=3759 loss=0.194666 lr=5.479e-06
[train] step=3760 loss=0.200106 lr=5.477e-06
[train] step=3761 loss=0.448999 lr=5.475e-06
[train] step=3762 loss=0.118635 lr=5.473e-06
[train] step=3763 loss=0.239127 lr=5.471e-06
[train] step=3764 loss=0.284724 lr=5.469e-06
[train] step=3765 loss=0.174098 lr=5.467e-06
[train] step=3766 loss=0.223293 lr=5.465e-06
[train] step=3767 loss=0.148808 lr=5.463e-06
[train] step=3768 loss=0.326492 lr=5.461e-06
[train] step=3769 loss=0.203847 lr=5.459e-06
[train] step=3770 loss=0.196605 lr=5.457e-06
[train] step=3771 loss=0.318253 lr=5.456e-06
[train] step=3772 loss=0.245871 lr=5.454e-06
[train] step=3773 loss=0.213602 lr=5.452e-06
[train] step=3774 loss=0.251512 lr=5.450e-06
[train] step=3775 loss=0.220212 lr=5.448e-06
[train] step=3776 loss=0.230394 lr=5.446e-06
[train] step=3777 loss=0.136131 lr=5.444e-06
[train] step=3778 loss=0.290470 lr=5.442e-06
[train] step=3779 loss=0.686573 lr=5.440e-06
[train] step=3780 loss=0.196418 lr=5.438e-06
[train] step=3781 loss=0.281207 lr=5.436e-06
[train] step=3782 loss=0.222132 lr=5.434e-06
[train] step=3783 loss=0.440118 lr=5.432e-06
[train] step=3784 loss=0.225789 lr=5.430e-06
[train] step=3785 loss=0.471537 lr=5.428e-06
[train] step=3786 loss=0.193354 lr=5.426e-06
[train] step=3787 loss=0.258140 lr=5.424e-06
[train] step=3788 loss=0.205184 lr=5.422e-06
[train] step=3789 loss=0.308256 lr=5.420e-06
[train] step=3790 loss=0.208993 lr=5.418e-06
[train] step=3791 loss=0.299796 lr=5.416e-06
[train] step=3792 loss=0.142814 lr=5.415e-06
[train] step=3793 loss=0.217436 lr=5.413e-06
[train] step=3794 loss=0.176834 lr=5.411e-06
[train] step=3795 loss=0.181739 lr=5.409e-06
[train] step=3796 loss=0.447097 lr=5.407e-06
[train] step=3797 loss=0.258223 lr=5.405e-06
[train] step=3798 loss=0.160543 lr=5.403e-06
[train] step=3799 loss=0.352126 lr=5.401e-06
[train] step=3800 loss=0.343865 lr=5.399e-06
[train] step=3801 loss=0.242641 lr=5.397e-06
[train] step=3802 loss=0.131875 lr=5.395e-06
[train] step=3803 loss=0.346941 lr=5.393e-06
[train] step=3804 loss=0.307303 lr=5.391e-06
[train] step=3805 loss=0.275019 lr=5.389e-06
[train] step=3806 loss=0.242360 lr=5.387e-06
[train] step=3807 loss=0.171789 lr=5.385e-06
[train] step=3808 loss=0.171825 lr=5.383e-06
[train] step=3809 loss=0.246194 lr=5.381e-06
[train] step=3810 loss=0.261109 lr=5.379e-06
[train] step=3811 loss=0.187729 lr=5.377e-06
[train] step=3812 loss=0.233994 lr=5.375e-06
[train] step=3813 loss=0.344843 lr=5.373e-06
[train] step=3814 loss=0.201651 lr=5.371e-06
[train] step=3815 loss=0.143350 lr=5.370e-06
[train] step=3816 loss=0.120169 lr=5.368e-06
[train] step=3817 loss=0.206503 lr=5.366e-06
[train] step=3818 loss=0.282489 lr=5.364e-06
[train] step=3819 loss=0.336512 lr=5.362e-06
[train] step=3820 loss=0.247094 lr=5.360e-06
[train] step=3821 loss=0.266344 lr=5.358e-06
[train] step=3822 loss=0.363985 lr=5.356e-06
[train] step=3823 loss=0.374938 lr=5.354e-06
[train] step=3824 loss=0.197384 lr=5.352e-06
[train] step=3825 loss=0.175015 lr=5.350e-06
[train] step=3826 loss=0.176778 lr=5.348e-06
[train] step=3827 loss=0.310555 lr=5.346e-06
[train] step=3828 loss=0.226524 lr=5.344e-06
[train] step=3829 loss=0.310439 lr=5.342e-06
[train] step=3830 loss=0.271698 lr=5.340e-06
[train] step=3831 loss=0.240479 lr=5.338e-06
[train] step=3832 loss=0.221924 lr=5.336e-06
[train] step=3833 loss=0.285759 lr=5.334e-06
[train] step=3834 loss=0.224950 lr=5.332e-06
[train] step=3835 loss=0.202295 lr=5.330e-06
[train] step=3836 loss=0.319216 lr=5.328e-06
[train] step=3837 loss=0.359744 lr=5.326e-06
[train] step=3838 loss=0.198022 lr=5.325e-06
[train] step=3839 loss=0.180153 lr=5.323e-06
[train] step=3840 loss=0.190357 lr=5.321e-06
INFO     [rank 0] Model weights for step 3840 saved in       dit_trainer.py:1268
         checkpoints/model_weights_step_03840.safetensors                       
INFO     [rank 0] Scalar embedding weights for step 3840     dit_trainer.py:1277
         saved                                                                  
INFO     [rank 0] Training state saved:                      dit_trainer.py:1365
         checkpoints/model_weights_step_03840.state.pt                          
DEBUG    [rank 0] Removed old checkpoint:                    dit_trainer.py:1378
         /hppfs/scratch/0D/go76fuz2/windinet/outputs/shockwa                    
         ve_dit_ep20_baseline_std1p5/checkpoints/model_weigh                    
         ts_step_03600.safetensors                                              
DEBUG    [rank 0] Removed old checkpoint:                    dit_trainer.py:1378
         /hppfs/scratch/0D/go76fuz2/windinet/outputs/shockwa                    
         ve_dit_ep20_baseline_std1p5/checkpoints/scalar_embe                    
         dding_step_03600.safetensors                                           
DEBUG    [rank 0] Removed optimizer state for older kept     dit_trainer.py:1393
         checkpoint:                                                            
         /hppfs/scratch/0D/go76fuz2/windinet/outputs/shockwa                    
         ve_dit_ep20_baseline_std1p5/checkpoints/model_weigh                    
         ts_step_03720.state.pt                                                 
[epoch 32] step=3840 train_loss=0.253513
[train] step=3841 loss=0.156761 lr=5.319e-06
[train] step=3842 loss=0.193681 lr=5.317e-06
[train] step=3843 loss=0.206006 lr=5.315e-06
[train] step=3844 loss=0.244456 lr=5.313e-06
[train] step=3845 loss=0.335611 lr=5.311e-06
[train] step=3846 loss=0.361338 lr=5.309e-06
[train] step=3847 loss=0.391908 lr=5.307e-06
[train] step=3848 loss=0.398837 lr=5.305e-06
[train] step=3849 loss=0.289799 lr=5.303e-06
[train] step=3850 loss=0.213882 lr=5.301e-06
[train] step=3851 loss=0.151293 lr=5.299e-06
[train] step=3852 loss=0.225616 lr=5.297e-06
[train] step=3853 loss=0.208670 lr=5.295e-06
[train] step=3854 loss=0.261746 lr=5.293e-06
[train] step=3855 loss=0.259350 lr=5.291e-06
[train] step=3856 loss=0.228808 lr=5.289e-06
[train] step=3857 loss=0.238274 lr=5.287e-06
[train] step=3858 loss=0.201055 lr=5.285e-06
[train] step=3859 loss=0.310637 lr=5.283e-06
[train] step=3860 loss=0.363187 lr=5.281e-06
[train] step=3861 loss=0.334636 lr=5.279e-06
[train] step=3862 loss=0.389773 lr=5.278e-06
[train] step=3863 loss=0.127295 lr=5.276e-06
[train] step=3864 loss=0.215785 lr=5.274e-06
[train] step=3865 loss=0.238339 lr=5.272e-06
[train] step=3866 loss=0.220477 lr=5.270e-06
[train] step=3867 loss=0.188253 lr=5.268e-06
[train] step=3868 loss=0.265359 lr=5.266e-06
[train] step=3869 loss=0.290333 lr=5.264e-06
[train] step=3870 loss=0.181667 lr=5.262e-06
[train] step=3871 loss=0.176873 lr=5.260e-06
[train] step=3872 loss=0.249375 lr=5.258e-06
[train] step=3873 loss=0.251884 lr=5.256e-06
[train] step=3874 loss=0.189999 lr=5.254e-06
[train] step=3875 loss=0.114421 lr=5.252e-06
[train] step=3876 loss=0.159464 lr=5.250e-06
[train] step=3877 loss=0.216322 lr=5.248e-06
[train] step=3878 loss=0.106548 lr=5.246e-06
[train] step=3879 loss=0.273849 lr=5.244e-06
[train] step=3880 loss=0.180894 lr=5.242e-06
[train] step=3881 loss=0.219135 lr=5.240e-06
[train] step=3882 loss=0.225971 lr=5.238e-06
[train] step=3883 loss=0.313323 lr=5.236e-06
[train] step=3884 loss=0.115991 lr=5.234e-06
[train] step=3885 loss=0.527277 lr=5.232e-06
[train] step=3886 loss=0.456960 lr=5.230e-06
[train] step=3887 loss=0.223205 lr=5.229e-06
[train] step=3888 loss=0.428592 lr=5.227e-06
[train] step=3889 loss=0.387003 lr=5.225e-06
[train] step=3890 loss=0.302633 lr=5.223e-06
[train] step=3891 loss=0.189568 lr=5.221e-06
[train] step=3892 loss=0.282715 lr=5.219e-06
[train] step=3893 loss=0.200390 lr=5.217e-06
[train] step=3894 loss=0.384588 lr=5.215e-06
[train] step=3895 loss=0.351909 lr=5.213e-06
[train] step=3896 loss=0.235104 lr=5.211e-06
[train] step=3897 loss=0.200626 lr=5.209e-06
[train] step=3898 loss=0.150771 lr=5.207e-06
[train] step=3899 loss=0.264515 lr=5.205e-06
[train] step=3900 loss=0.222481 lr=5.203e-06
[train] step=3901 loss=0.203151 lr=5.201e-06
[train] step=3902 loss=0.177789 lr=5.199e-06
[train] step=3903 loss=0.311736 lr=5.197e-06
[train] step=3904 loss=0.297621 lr=5.195e-06
[train] step=3905 loss=0.150396 lr=5.193e-06
[train] step=3906 loss=0.208840 lr=5.191e-06
[train] step=3907 loss=0.176805 lr=5.189e-06
[train] step=3908 loss=0.113383 lr=5.187e-06
[train] step=3909 loss=0.279802 lr=5.185e-06
[train] step=3910 loss=0.184385 lr=5.183e-06
[train] step=3911 loss=0.257341 lr=5.182e-06
[train] step=3912 loss=0.205778 lr=5.180e-06
[train] step=3913 loss=0.328481 lr=5.178e-06
[train] step=3914 loss=0.097806 lr=5.176e-06
[train] step=3915 loss=0.196675 lr=5.174e-06
[train] step=3916 loss=0.192230 lr=5.172e-06
[train] step=3917 loss=0.404559 lr=5.170e-06
[train] step=3918 loss=0.204066 lr=5.168e-06
[train] step=3919 loss=0.288170 lr=5.166e-06
[train] step=3920 loss=0.180338 lr=5.164e-06
[train] step=3921 loss=0.264773 lr=5.162e-06
[train] step=3922 loss=0.283989 lr=5.160e-06
[train] step=3923 loss=0.126445 lr=5.158e-06
[train] step=3924 loss=0.334679 lr=5.156e-06
[train] step=3925 loss=0.339625 lr=5.154e-06
[train] step=3926 loss=0.171536 lr=5.152e-06
[train] step=3927 loss=0.229105 lr=5.150e-06
[train] step=3928 loss=0.318937 lr=5.148e-06
[train] step=3929 loss=0.196125 lr=5.146e-06
[train] step=3930 loss=0.427133 lr=5.144e-06
[train] step=3931 loss=0.274880 lr=5.142e-06
[train] step=3932 loss=0.191443 lr=5.140e-06
[train] step=3933 loss=0.151720 lr=5.138e-06
[train] step=3934 loss=0.204253 lr=5.136e-06
[train] step=3935 loss=0.392331 lr=5.134e-06
[train] step=3936 loss=0.263655 lr=5.132e-06
[train] step=3937 loss=0.186353 lr=5.131e-06
[train] step=3938 loss=0.240890 lr=5.129e-06
[train] step=3939 loss=0.260201 lr=5.127e-06
[train] step=3940 loss=0.233024 lr=5.125e-06
[train] step=3941 loss=0.189202 lr=5.123e-06
[train] step=3942 loss=0.275539 lr=5.121e-06
[train] step=3943 loss=0.201524 lr=5.119e-06
[train] step=3944 loss=0.248306 lr=5.117e-06
[train] step=3945 loss=0.270799 lr=5.115e-06
[train] step=3946 loss=0.174128 lr=5.113e-06
[train] step=3947 loss=0.263507 lr=5.111e-06
[train] step=3948 loss=0.189449 lr=5.109e-06
[train] step=3949 loss=0.208714 lr=5.107e-06
[train] step=3950 loss=0.165263 lr=5.105e-06
[train] step=3951 loss=0.362628 lr=5.103e-06
[train] step=3952 loss=0.209857 lr=5.101e-06
[train] step=3953 loss=0.198013 lr=5.099e-06
[train] step=3954 loss=0.164785 lr=5.097e-06
[train] step=3955 loss=0.306272 lr=5.095e-06
[train] step=3956 loss=0.293597 lr=5.093e-06
[train] step=3957 loss=0.248546 lr=5.091e-06
[train] step=3958 loss=0.160167 lr=5.089e-06
[train] step=3959 loss=0.384780 lr=5.087e-06
[train] step=3960 loss=0.374717 lr=5.085e-06
INFO     [rank 0] Model weights for step 3960 saved in       dit_trainer.py:1268
         checkpoints/model_weights_step_03960.safetensors                       
INFO     [rank 0] Scalar embedding weights for step 3960     dit_trainer.py:1277
         saved                                                                  
INFO     [rank 0] Training state saved:                      dit_trainer.py:1365
         checkpoints/model_weights_step_03960.state.pt                          
DEBUG    [rank 0] Removed old checkpoint:                    dit_trainer.py:1378
         /hppfs/scratch/0D/go76fuz2/windinet/outputs/shockwa                    
         ve_dit_ep20_baseline_std1p5/checkpoints/model_weigh                    
         ts_step_03720.safetensors                                              
DEBUG    [rank 0] Removed old checkpoint:                    dit_trainer.py:1378
         /hppfs/scratch/0D/go76fuz2/windinet/outputs/shockwa                    
         ve_dit_ep20_baseline_std1p5/checkpoints/scalar_embe                    
         dding_step_03720.safetensors                                           
DEBUG    [rank 0] Removed optimizer state for older kept     dit_trainer.py:1393
         checkpoint:                                                            
         /hppfs/scratch/0D/go76fuz2/windinet/outputs/shockwa                    
         ve_dit_ep20_baseline_std1p5/checkpoints/model_weigh                    
         ts_step_03840.state.pt                                                 
[epoch 33] step=3960 train_loss=0.246259
[train] step=3961 loss=0.309028 lr=5.083e-06
[train] step=3962 loss=0.275675 lr=5.081e-06
[train] step=3963 loss=0.198547 lr=5.080e-06
[train] step=3964 loss=0.242279 lr=5.078e-06
[train] step=3965 loss=0.353484 lr=5.076e-06
[train] step=3966 loss=0.294901 lr=5.074e-06
[train] step=3967 loss=0.196515 lr=5.072e-06
[train] step=3968 loss=0.300104 lr=5.070e-06
[train] step=3969 loss=0.564540 lr=5.068e-06
[train] step=3970 loss=0.311205 lr=5.066e-06
[train] step=3971 loss=0.330312 lr=5.064e-06
[train] step=3972 loss=0.172747 lr=5.062e-06
[train] step=3973 loss=0.143972 lr=5.060e-06
[train] step=3974 loss=0.372200 lr=5.058e-06
[train] step=3975 loss=0.287103 lr=5.056e-06
[train] step=3976 loss=0.193015 lr=5.054e-06
[train] step=3977 loss=0.465642 lr=5.052e-06
[train] step=3978 loss=0.220827 lr=5.050e-06
[train] step=3979 loss=0.207878 lr=5.048e-06
[train] step=3980 loss=0.199921 lr=5.046e-06
[train] step=3981 loss=0.180022 lr=5.044e-06
[train] step=3982 loss=0.268820 lr=5.042e-06
[train] step=3983 loss=0.209739 lr=5.040e-06
[train] step=3984 loss=0.231181 lr=5.038e-06
[train] step=3985 loss=0.192462 lr=5.036e-06
[train] step=3986 loss=0.138001 lr=5.034e-06
[train] step=3987 loss=0.194706 lr=5.032e-06
[train] step=3988 loss=0.737405 lr=5.030e-06
[train] step=3989 loss=0.232713 lr=5.029e-06
[train] step=3990 loss=0.175220 lr=5.027e-06
[train] step=3991 loss=0.316117 lr=5.025e-06
[train] step=3992 loss=0.177997 lr=5.023e-06
[train] step=3993 loss=0.229453 lr=5.021e-06
[train] step=3994 loss=0.425365 lr=5.019e-06
[train] step=3995 loss=0.138590 lr=5.017e-06
[train] step=3996 loss=0.147506 lr=5.015e-06
[train] step=3997 loss=0.216992 lr=5.013e-06
[train] step=3998 loss=0.244175 lr=5.011e-06
[train] step=3999 loss=0.395342 lr=5.009e-06
[train] step=4000 loss=0.202136 lr=5.007e-06
[train] step=4001 loss=0.221855 lr=5.005e-06
[train] step=4002 loss=0.098182 lr=5.003e-06
[train] step=4003 loss=0.178889 lr=5.001e-06
[train] step=4004 loss=0.296197 lr=4.999e-06
[train] step=4005 loss=0.185924 lr=4.997e-06
[train] step=4006 loss=0.315373 lr=4.995e-06
[train] step=4007 loss=0.185286 lr=4.993e-06
[train] step=4008 loss=0.219511 lr=4.991e-06
[train] step=4009 loss=0.211154 lr=4.989e-06
[train] step=4010 loss=0.210796 lr=4.987e-06
[train] step=4011 loss=0.343899 lr=4.985e-06
[train] step=4012 loss=0.379924 lr=4.983e-06
[train] step=4013 loss=0.449963 lr=4.981e-06
[train] step=4014 loss=0.165655 lr=4.980e-06
[train] step=4015 loss=0.234127 lr=4.978e-06
[train] step=4016 loss=0.332404 lr=4.976e-06
[train] step=4017 loss=0.128088 lr=4.974e-06
[train] step=4018 loss=0.241068 lr=4.972e-06
[train] step=4019 loss=0.195187 lr=4.970e-06
[train] step=4020 loss=0.282728 lr=4.968e-06
[train] step=4021 loss=0.914912 lr=4.966e-06
[train] step=4022 loss=0.265363 lr=4.964e-06
[train] step=4023 loss=0.151438 lr=4.962e-06
[train] step=4024 loss=0.284650 lr=4.960e-06
[train] step=4025 loss=0.140042 lr=4.958e-06
[train] step=4026 loss=0.324345 lr=4.956e-06
[train] step=4027 loss=0.190572 lr=4.954e-06
[train] step=4028 loss=0.265079 lr=4.952e-06
[train] step=4029 loss=0.171374 lr=4.950e-06
[train] step=4030 loss=0.192552 lr=4.948e-06
[train] step=4031 loss=0.229208 lr=4.946e-06
[train] step=4032 loss=0.224478 lr=4.944e-06
[train] step=4033 loss=0.410420 lr=4.942e-06
[train] step=4034 loss=0.247638 lr=4.940e-06
[train] step=4035 loss=0.189641 lr=4.938e-06
[train] step=4036 loss=0.173593 lr=4.936e-06
[train] step=4037 loss=0.221829 lr=4.934e-06
[train] step=4038 loss=0.489660 lr=4.932e-06
[train] step=4039 loss=0.274653 lr=4.930e-06
[train] step=4040 loss=0.330288 lr=4.929e-06
[train] step=4041 loss=0.251757 lr=4.927e-06
[train] step=4042 loss=0.217070 lr=4.925e-06
[train] step=4043 loss=0.234049 lr=4.923e-06
[train] step=4044 loss=0.190127 lr=4.921e-06
[train] step=4045 loss=0.230057 lr=4.919e-06
[train] step=4046 loss=0.183677 lr=4.917e-06
[train] step=4047 loss=0.118367 lr=4.915e-06
[train] step=4048 loss=0.322066 lr=4.913e-06
[train] step=4049 loss=0.228693 lr=4.911e-06
[train] step=4050 loss=0.245870 lr=4.909e-06
[train] step=4051 loss=0.663820 lr=4.907e-06
[train] step=4052 loss=0.241006 lr=4.905e-06
[train] step=4053 loss=0.294635 lr=4.903e-06
[train] step=4054 loss=0.229949 lr=4.901e-06
[train] step=4055 loss=0.220866 lr=4.899e-06
[train] step=4056 loss=0.281573 lr=4.897e-06
[train] step=4057 loss=0.149591 lr=4.895e-06
[train] step=4058 loss=0.439567 lr=4.893e-06
[train] step=4059 loss=0.188523 lr=4.891e-06
[train] step=4060 loss=0.360359 lr=4.889e-06
[train] step=4061 loss=0.364039 lr=4.887e-06
[train] step=4062 loss=0.294094 lr=4.885e-06
[train] step=4063 loss=0.622156 lr=4.883e-06
[train] step=4064 loss=0.296767 lr=4.881e-06
[train] step=4065 loss=0.198025 lr=4.879e-06
[train] step=4066 loss=0.237650 lr=4.878e-06
[train] step=4067 loss=0.260648 lr=4.876e-06
[train] step=4068 loss=0.174618 lr=4.874e-06
[train] step=4069 loss=0.318914 lr=4.872e-06
[train] step=4070 loss=0.313697 lr=4.870e-06
[train] step=4071 loss=0.157883 lr=4.868e-06
[train] step=4072 loss=0.437710 lr=4.866e-06
[train] step=4073 loss=0.167740 lr=4.864e-06
[train] step=4074 loss=0.088706 lr=4.862e-06
[train] step=4075 loss=0.254444 lr=4.860e-06
[train] step=4076 loss=0.309666 lr=4.858e-06
[train] step=4077 loss=0.340016 lr=4.856e-06
[train] step=4078 loss=0.167119 lr=4.854e-06
[train] step=4079 loss=0.190792 lr=4.852e-06
[train] step=4080 loss=0.276354 lr=4.850e-06
INFO     [rank 0] Model weights for step 4080 saved in       dit_trainer.py:1268
         checkpoints/model_weights_step_04080.safetensors                       
INFO     [rank 0] Scalar embedding weights for step 4080     dit_trainer.py:1277
         saved                                                                  
INFO     [rank 0] Training state saved:                      dit_trainer.py:1365
         checkpoints/model_weights_step_04080.state.pt                          
DEBUG    [rank 0] Removed old checkpoint:                    dit_trainer.py:1378
         /hppfs/scratch/0D/go76fuz2/windinet/outputs/shockwa                    
         ve_dit_ep20_baseline_std1p5/checkpoints/model_weigh                    
         ts_step_03840.safetensors                                              
DEBUG    [rank 0] Removed old checkpoint:                    dit_trainer.py:1378
         /hppfs/scratch/0D/go76fuz2/windinet/outputs/shockwa                    
         ve_dit_ep20_baseline_std1p5/checkpoints/scalar_embe                    
         dding_step_03840.safetensors                                           
DEBUG    [rank 0] Removed optimizer state for older kept     dit_trainer.py:1393
         checkpoint:                                                            
         /hppfs/scratch/0D/go76fuz2/windinet/outputs/shockwa                    
         ve_dit_ep20_baseline_std1p5/checkpoints/model_weigh                    
         ts_step_03960.state.pt                                                 
[epoch 34] step=4080 train_loss=0.267690
[train] step=4081 loss=0.219394 lr=4.848e-06
[train] step=4082 loss=0.258736 lr=4.846e-06
[train] step=4083 loss=0.217461 lr=4.844e-06
[train] step=4084 loss=0.263907 lr=4.842e-06
[train] step=4085 loss=0.264220 lr=4.840e-06
[train] step=4086 loss=0.149694 lr=4.838e-06
[train] step=4087 loss=0.232514 lr=4.836e-06
[train] step=4088 loss=0.245716 lr=4.834e-06
[train] step=4089 loss=0.295521 lr=4.832e-06
[train] step=4090 loss=0.146924 lr=4.830e-06
[train] step=4091 loss=0.303486 lr=4.828e-06
[train] step=4092 loss=0.330403 lr=4.827e-06
[train] step=4093 loss=0.409229 lr=4.825e-06
[train] step=4094 loss=0.225387 lr=4.823e-06
[train] step=4095 loss=0.166386 lr=4.821e-06
[train] step=4096 loss=0.266045 lr=4.819e-06
[train] step=4097 loss=0.326463 lr=4.817e-06
[train] step=4098 loss=0.225136 lr=4.815e-06
[train] step=4099 loss=0.548826 lr=4.813e-06
[train] step=4100 loss=0.146888 lr=4.811e-06
[train] step=4101 loss=0.285160 lr=4.809e-06
[train] step=4102 loss=0.304027 lr=4.807e-06
[train] step=4103 loss=0.508287 lr=4.805e-06
[train] step=4104 loss=0.267296 lr=4.803e-06
[train] step=4105 loss=0.238787 lr=4.801e-06
[train] step=4106 loss=0.149380 lr=4.799e-06
[train] step=4107 loss=0.247049 lr=4.797e-06
[train] step=4108 loss=0.162285 lr=4.795e-06
[train] step=4109 loss=0.191351 lr=4.793e-06
[train] step=4110 loss=0.275723 lr=4.791e-06
[train] step=4111 loss=0.239580 lr=4.789e-06
[train] step=4112 loss=0.215732 lr=4.787e-06
[train] step=4113 loss=0.343806 lr=4.785e-06
[train] step=4114 loss=0.221880 lr=4.783e-06
[train] step=4115 loss=0.219288 lr=4.781e-06
[train] step=4116 loss=0.209751 lr=4.780e-06
[train] step=4117 loss=0.270854 lr=4.778e-06
[train] step=4118 loss=0.266769 lr=4.776e-06
[train] step=4119 loss=0.170235 lr=4.774e-06
[train] step=4120 loss=0.548593 lr=4.772e-06
[train] step=4121 loss=0.399023 lr=4.770e-06
[train] step=4122 loss=0.253646 lr=4.768e-06
[train] step=4123 loss=0.167911 lr=4.766e-06
[train] step=4124 loss=0.169984 lr=4.764e-06
[train] step=4125 loss=0.435558 lr=4.762e-06
[train] step=4126 loss=0.192045 lr=4.760e-06
[train] step=4127 loss=0.370260 lr=4.758e-06
[train] step=4128 loss=0.148128 lr=4.756e-06
[train] step=4129 loss=0.311737 lr=4.754e-06
[train] step=4130 loss=0.243342 lr=4.752e-06
[train] step=4131 loss=0.176245 lr=4.750e-06
[train] step=4132 loss=0.205511 lr=4.748e-06
[train] step=4133 loss=0.179851 lr=4.746e-06
[train] step=4134 loss=0.463499 lr=4.744e-06
[train] step=4135 loss=0.400150 lr=4.742e-06
[train] step=4136 loss=0.277835 lr=4.740e-06
[train] step=4137 loss=0.209475 lr=4.738e-06
[train] step=4138 loss=0.219237 lr=4.736e-06
[train] step=4139 loss=0.342302 lr=4.734e-06
[train] step=4140 loss=0.251365 lr=4.732e-06
[train] step=4141 loss=0.155961 lr=4.731e-06
[train] step=4142 loss=0.267882 lr=4.729e-06
[train] step=4143 loss=0.162580 lr=4.727e-06
[train] step=4144 loss=0.279351 lr=4.725e-06
[train] step=4145 loss=0.235430 lr=4.723e-06
[train] step=4146 loss=0.145916 lr=4.721e-06
[train] step=4147 loss=0.235282 lr=4.719e-06
[train] step=4148 loss=0.213826 lr=4.717e-06
[train] step=4149 loss=0.291509 lr=4.715e-06
[train] step=4150 loss=0.231391 lr=4.713e-06
[train] step=4151 loss=0.181028 lr=4.711e-06
[train] step=4152 loss=0.192858 lr=4.709e-06
[train] step=4153 loss=0.404146 lr=4.707e-06
[train] step=4154 loss=0.296348 lr=4.705e-06
[train] step=4155 loss=0.191587 lr=4.703e-06
[train] step=4156 loss=0.196364 lr=4.701e-06
[train] step=4157 loss=0.280643 lr=4.699e-06
[train] step=4158 loss=0.143305 lr=4.697e-06
[train] step=4159 loss=0.304270 lr=4.695e-06
[train] step=4160 loss=0.228128 lr=4.693e-06
[train] step=4161 loss=0.284037 lr=4.691e-06
[train] step=4162 loss=0.216102 lr=4.689e-06
[train] step=4163 loss=0.893270 lr=4.687e-06
[train] step=4164 loss=0.244621 lr=4.685e-06
[train] step=4165 loss=0.223137 lr=4.684e-06
[train] step=4166 loss=0.173086 lr=4.682e-06
[train] step=4167 loss=0.459548 lr=4.680e-06
[train] step=4168 loss=0.168931 lr=4.678e-06
[train] step=4169 loss=0.135563 lr=4.676e-06
[train] step=4170 loss=0.277727 lr=4.674e-06
[train] step=4171 loss=0.206720 lr=4.672e-06
[train] step=4172 loss=0.260972 lr=4.670e-06
[train] step=4173 loss=0.459504 lr=4.668e-06
[train] step=4174 loss=0.136575 lr=4.666e-06
[train] step=4175 loss=0.250705 lr=4.664e-06
[train] step=4176 loss=0.237590 lr=4.662e-06
[train] step=4177 loss=0.330568 lr=4.660e-06
[train] step=4178 loss=0.186245 lr=4.658e-06
[train] step=4179 loss=0.173045 lr=4.656e-06
[train] step=4180 loss=0.179219 lr=4.654e-06
[train] step=4181 loss=0.345477 lr=4.652e-06
[train] step=4182 loss=0.176356 lr=4.650e-06
[train] step=4183 loss=0.217700 lr=4.648e-06
[train] step=4184 loss=0.179081 lr=4.646e-06
[train] step=4185 loss=0.300305 lr=4.644e-06
[train] step=4186 loss=0.147709 lr=4.642e-06
[train] step=4187 loss=0.247680 lr=4.640e-06
[train] step=4188 loss=0.170228 lr=4.639e-06
[train] step=4189 loss=0.252939 lr=4.637e-06
[train] step=4190 loss=0.179047 lr=4.635e-06
[train] step=4191 loss=0.302968 lr=4.633e-06
[train] step=4192 loss=0.176515 lr=4.631e-06
[train] step=4193 loss=0.234569 lr=4.629e-06
[train] step=4194 loss=0.253978 lr=4.627e-06
[train] step=4195 loss=0.457964 lr=4.625e-06
[train] step=4196 loss=0.174702 lr=4.623e-06
[train] step=4197 loss=0.135933 lr=4.621e-06
[train] step=4198 loss=0.274002 lr=4.619e-06
[train] step=4199 loss=0.176048 lr=4.617e-06
[train] step=4200 loss=0.187515 lr=4.615e-06
[val] step=4200 val_loss=0.258345
INFO     [rank 0] Model weights for step 4200 saved in       dit_trainer.py:1268
         checkpoints/model_weights_step_04200.safetensors                       
INFO     [rank 0] Scalar embedding weights for step 4200     dit_trainer.py:1277
         saved                                                                  
INFO     [rank 0] Training state saved:                      dit_trainer.py:1365
         checkpoints/model_weights_step_04200.state.pt                          
INFO     [rank 0] New best checkpoint (step 4200,            dit_trainer.py:1300
         val_loss=0.258345):                                                    
         checkpoints/model_weights_best.safetensors                             
DEBUG    [rank 0] Removed old checkpoint:                    dit_trainer.py:1378
         /hppfs/scratch/0D/go76fuz2/windinet/outputs/shockwa                    
         ve_dit_ep20_baseline_std1p5/checkpoints/model_weigh                    
         ts_step_03960.safetensors                                              
DEBUG    [rank 0] Removed old checkpoint:                    dit_trainer.py:1378
         /hppfs/scratch/0D/go76fuz2/windinet/outputs/shockwa                    
         ve_dit_ep20_baseline_std1p5/checkpoints/scalar_embe                    
         dding_step_03960.safetensors                                           
DEBUG    [rank 0] Removed optimizer state for older kept     dit_trainer.py:1393
         checkpoint:                                                            
         /hppfs/scratch/0D/go76fuz2/windinet/outputs/shockwa                    
         ve_dit_ep20_baseline_std1p5/checkpoints/model_weigh                    
         ts_step_04080.state.pt                                                 
[epoch 35] step=4200 train_loss=0.256748 val_loss=0.258345
[train] step=4201 loss=0.264020 lr=4.613e-06
[train] step=4202 loss=0.186165 lr=4.611e-06
[train] step=4203 loss=0.711084 lr=4.609e-06
[train] step=4204 loss=0.147210 lr=4.607e-06
[train] step=4205 loss=0.224400 lr=4.605e-06
[train] step=4206 loss=0.166620 lr=4.603e-06
[train] step=4207 loss=0.234533 lr=4.601e-06
[train] step=4208 loss=0.304438 lr=4.599e-06
[train] step=4209 loss=0.328310 lr=4.597e-06
[train] step=4210 loss=0.299304 lr=4.595e-06
[train] step=4211 loss=0.239168 lr=4.594e-06
[train] step=4212 loss=0.109700 lr=4.592e-06
[train] step=4213 loss=0.160657 lr=4.590e-06
[train] step=4214 loss=0.313707 lr=4.588e-06
[train] step=4215 loss=0.112672 lr=4.586e-06
[train] step=4216 loss=0.111073 lr=4.584e-06
[train] step=4217 loss=0.187714 lr=4.582e-06
[train] step=4218 loss=0.264934 lr=4.580e-06
[train] step=4219 loss=0.104299 lr=4.578e-06
[train] step=4220 loss=0.383921 lr=4.576e-06
[train] step=4221 loss=0.305720 lr=4.574e-06
[train] step=4222 loss=0.270154 lr=4.572e-06
[train] step=4223 loss=0.300114 lr=4.570e-06
[train] step=4224 loss=0.353452 lr=4.568e-06
[train] step=4225 loss=0.250998 lr=4.566e-06
[train] step=4226 loss=0.155808 lr=4.564e-06
[train] step=4227 loss=0.276407 lr=4.562e-06
[train] step=4228 loss=0.453686 lr=4.560e-06
[train] step=4229 loss=0.214196 lr=4.558e-06
[train] step=4230 loss=0.290665 lr=4.556e-06
[train] step=4231 loss=0.275649 lr=4.554e-06
[train] step=4232 loss=0.208535 lr=4.553e-06
[train] step=4233 loss=0.238609 lr=4.551e-06
[train] step=4234 loss=0.219898 lr=4.549e-06
[train] step=4235 loss=0.235024 lr=4.547e-06
[train] step=4236 loss=0.220680 lr=4.545e-06
[train] step=4237 loss=0.149206 lr=4.543e-06
[train] step=4238 loss=0.164120 lr=4.541e-06
[train] step=4239 loss=0.147428 lr=4.539e-06
[train] step=4240 loss=0.297646 lr=4.537e-06
[train] step=4241 loss=0.134144 lr=4.535e-06
[train] step=4242 loss=0.336494 lr=4.533e-06
[train] step=4243 loss=0.249621 lr=4.531e-06
[train] step=4244 loss=0.213712 lr=4.529e-06
[train] step=4245 loss=0.161459 lr=4.527e-06
[train] step=4246 loss=0.244400 lr=4.525e-06
[train] step=4247 loss=0.233590 lr=4.523e-06
[train] step=4248 loss=0.143523 lr=4.521e-06
[train] step=4249 loss=0.232395 lr=4.519e-06
[train] step=4250 loss=0.236335 lr=4.517e-06
[train] step=4251 loss=0.174950 lr=4.515e-06
[train] step=4252 loss=0.255570 lr=4.513e-06
[train] step=4253 loss=0.191102 lr=4.512e-06
[train] step=4254 loss=0.335858 lr=4.510e-06
[train] step=4255 loss=0.220066 lr=4.508e-06
[train] step=4256 loss=0.289413 lr=4.506e-06
[train] step=4257 loss=0.230387 lr=4.504e-06
[train] step=4258 loss=0.214203 lr=4.502e-06
[train] step=4259 loss=0.179419 lr=4.500e-06
[train] step=4260 loss=0.153584 lr=4.498e-06
[train] step=4261 loss=0.315386 lr=4.496e-06
[train] step=4262 loss=0.147876 lr=4.494e-06
[train] step=4263 loss=0.200608 lr=4.492e-06
[train] step=4264 loss=0.267690 lr=4.490e-06
[train] step=4265 loss=0.142058 lr=4.488e-06
[train] step=4266 loss=0.094915 lr=4.486e-06
[train] step=4267 loss=0.290215 lr=4.484e-06
[train] step=4268 loss=0.188228 lr=4.482e-06
[train] step=4269 loss=0.273913 lr=4.480e-06
[train] step=4270 loss=0.192304 lr=4.478e-06
[train] step=4271 loss=0.285730 lr=4.476e-06
[train] step=4272 loss=0.265464 lr=4.474e-06
[train] step=4273 loss=0.245353 lr=4.472e-06
[train] step=4274 loss=0.349793 lr=4.471e-06
[train] step=4275 loss=0.202839 lr=4.469e-06
[train] step=4276 loss=0.288035 lr=4.467e-06
[train] step=4277 loss=0.215296 lr=4.465e-06
[train] step=4278 loss=0.153974 lr=4.463e-06
[train] step=4279 loss=0.136734 lr=4.461e-06
[train] step=4280 loss=0.218103 lr=4.459e-06
[train] step=4281 loss=0.238608 lr=4.457e-06
[train] step=4282 loss=0.129630 lr=4.455e-06
[train] step=4283 loss=0.317201 lr=4.453e-06
[train] step=4284 loss=0.240410 lr=4.451e-06
[train] step=4285 loss=0.684284 lr=4.449e-06
[train] step=4286 loss=0.192267 lr=4.447e-06
[train] step=4287 loss=0.260855 lr=4.445e-06
[train] step=4288 loss=0.278963 lr=4.443e-06
[train] step=4289 loss=0.293880 lr=4.441e-06
[train] step=4290 loss=0.231674 lr=4.439e-06
[train] step=4291 loss=0.335676 lr=4.437e-06
[train] step=4292 loss=0.155682 lr=4.435e-06
[train] step=4293 loss=0.192805 lr=4.433e-06
[train] step=4294 loss=0.238371 lr=4.432e-06
[train] step=4295 loss=0.151165 lr=4.430e-06
[train] step=4296 loss=0.263660 lr=4.428e-06
[train] step=4297 loss=0.375414 lr=4.426e-06
[train] step=4298 loss=0.280846 lr=4.424e-06
[train] step=4299 loss=0.287388 lr=4.422e-06
[train] step=4300 loss=0.172364 lr=4.420e-06
[train] step=4301 loss=0.143350 lr=4.418e-06
[train] step=4302 loss=0.595194 lr=4.416e-06
[train] step=4303 loss=0.135749 lr=4.414e-06
[train] step=4304 loss=0.327901 lr=4.412e-06
[train] step=4305 loss=0.145203 lr=4.410e-06
[train] step=4306 loss=0.193046 lr=4.408e-06
[train] step=4307 loss=0.231555 lr=4.406e-06
[train] step=4308 loss=0.234308 lr=4.404e-06
[train] step=4309 loss=0.327058 lr=4.402e-06
[train] step=4310 loss=0.228190 lr=4.400e-06
[train] step=4311 loss=0.236504 lr=4.398e-06
[train] step=4312 loss=0.200996 lr=4.396e-06
[train] step=4313 loss=0.235273 lr=4.395e-06
[train] step=4314 loss=0.195705 lr=4.393e-06
[train] step=4315 loss=0.169046 lr=4.391e-06
[train] step=4316 loss=0.200163 lr=4.389e-06
[train] step=4317 loss=0.316834 lr=4.387e-06
[train] step=4318 loss=0.145051 lr=4.385e-06
[train] step=4319 loss=0.330616 lr=4.383e-06
[train] step=4320 loss=0.406089 lr=4.381e-06
INFO     [rank 0] Model weights for step 4320 saved in       dit_trainer.py:1268
         checkpoints/model_weights_step_04320.safetensors                       
INFO     [rank 0] Scalar embedding weights for step 4320     dit_trainer.py:1277
         saved                                                                  
INFO     [rank 0] Training state saved:                      dit_trainer.py:1365
         checkpoints/model_weights_step_04320.state.pt                          
DEBUG    [rank 0] Removed old checkpoint:                    dit_trainer.py:1378
         /hppfs/scratch/0D/go76fuz2/windinet/outputs/shockwa                    
         ve_dit_ep20_baseline_std1p5/checkpoints/model_weigh                    
         ts_step_04080.safetensors                                              
DEBUG    [rank 0] Removed old checkpoint:                    dit_trainer.py:1378
         /hppfs/scratch/0D/go76fuz2/windinet/outputs/shockwa                    
         ve_dit_ep20_baseline_std1p5/checkpoints/scalar_embe                    
         dding_step_04080.safetensors                                           
DEBUG    [rank 0] Removed optimizer state for older kept     dit_trainer.py:1393
         checkpoint:                                                            
         /hppfs/scratch/0D/go76fuz2/windinet/outputs/shockwa                    
         ve_dit_ep20_baseline_std1p5/checkpoints/model_weigh                    
         ts_step_04200.state.pt                                                 
[epoch 36] step=4320 train_loss=0.240725
[train] step=4321 loss=0.349681 lr=4.379e-06
[train] step=4322 loss=0.227693 lr=4.377e-06
[train] step=4323 loss=0.095602 lr=4.375e-06
[train] step=4324 loss=0.218031 lr=4.373e-06
[train] step=4325 loss=0.196414 lr=4.371e-06
[train] step=4326 loss=0.209814 lr=4.369e-06
[train] step=4327 loss=0.201624 lr=4.367e-06
[train] step=4328 loss=0.356211 lr=4.365e-06
[train] step=4329 loss=0.268887 lr=4.363e-06
[train] step=4330 loss=0.295740 lr=4.361e-06
[train] step=4331 loss=0.252275 lr=4.360e-06
[train] step=4332 loss=0.369317 lr=4.358e-06
[train] step=4333 loss=0.283162 lr=4.356e-06
[train] step=4334 loss=0.164980 lr=4.354e-06
[train] step=4335 loss=0.458813 lr=4.352e-06
[train] step=4336 loss=0.229279 lr=4.350e-06
[train] step=4337 loss=0.137368 lr=4.348e-06
[train] step=4338 loss=0.193514 lr=4.346e-06
[train] step=4339 loss=0.232586 lr=4.344e-06
[train] step=4340 loss=0.186571 lr=4.342e-06
[train] step=4341 loss=0.277870 lr=4.340e-06
[train] step=4342 loss=0.190548 lr=4.338e-06
[train] step=4343 loss=0.175231 lr=4.336e-06
[train] step=4344 loss=0.236380 lr=4.334e-06
[train] step=4345 loss=0.262138 lr=4.332e-06
[train] step=4346 loss=0.249208 lr=4.330e-06
[train] step=4347 loss=0.614014 lr=4.328e-06
[train] step=4348 loss=0.249676 lr=4.326e-06
[train] step=4349 loss=0.242169 lr=4.325e-06
[train] step=4350 loss=0.240203 lr=4.323e-06
[train] step=4351 loss=0.153083 lr=4.321e-06
[train] step=4352 loss=0.196441 lr=4.319e-06
[train] step=4353 loss=0.187530 lr=4.317e-06
[train] step=4354 loss=0.585095 lr=4.315e-06
[train] step=4355 loss=0.271127 lr=4.313e-06
[train] step=4356 loss=0.261395 lr=4.311e-06
[train] step=4357 loss=0.193900 lr=4.309e-06
[train] step=4358 loss=0.259537 lr=4.307e-06
[train] step=4359 loss=0.191142 lr=4.305e-06
[train] step=4360 loss=0.243220 lr=4.303e-06
[train] step=4361 loss=0.639327 lr=4.301e-06
[train] step=4362 loss=0.381438 lr=4.299e-06
[train] step=4363 loss=0.256881 lr=4.297e-06
[train] step=4364 loss=0.156632 lr=4.295e-06
[train] step=4365 loss=0.261797 lr=4.293e-06
[train] step=4366 loss=0.855723 lr=4.291e-06
[train] step=4367 loss=0.233626 lr=4.290e-06
[train] step=4368 loss=0.274959 lr=4.288e-06
[train] step=4369 loss=0.206003 lr=4.286e-06
[train] step=4370 loss=0.132708 lr=4.284e-06
[train] step=4371 loss=0.623203 lr=4.282e-06
[train] step=4372 loss=0.170779 lr=4.280e-06
[train] step=4373 loss=0.234857 lr=4.278e-06
[train] step=4374 loss=0.372710 lr=4.276e-06
[train] step=4375 loss=0.163271 lr=4.274e-06
[train] step=4376 loss=0.192200 lr=4.272e-06
[train] step=4377 loss=0.252982 lr=4.270e-06
[train] step=4378 loss=0.116847 lr=4.268e-06
[train] step=4379 loss=0.185715 lr=4.266e-06
[train] step=4380 loss=0.411208 lr=4.264e-06
[train] step=4381 loss=0.279995 lr=4.262e-06
[train] step=4382 loss=0.233954 lr=4.260e-06
[train] step=4383 loss=0.265253 lr=4.259e-06
[train] step=4384 loss=0.249667 lr=4.257e-06
[train] step=4385 loss=0.221436 lr=4.255e-06
[train] step=4386 loss=0.304375 lr=4.253e-06
[train] step=4387 loss=0.078690 lr=4.251e-06
[train] step=4388 loss=0.266093 lr=4.249e-06
[train] step=4389 loss=0.257657 lr=4.247e-06
[train] step=4390 loss=0.219857 lr=4.245e-06
[train] step=4391 loss=0.266967 lr=4.243e-06
[train] step=4392 loss=0.180917 lr=4.241e-06
[train] step=4393 loss=0.228649 lr=4.239e-06
[train] step=4394 loss=0.232513 lr=4.237e-06
[train] step=4395 loss=0.227860 lr=4.235e-06
[train] step=4396 loss=0.227095 lr=4.233e-06
[train] step=4397 loss=0.262468 lr=4.231e-06
[train] step=4398 loss=0.235582 lr=4.229e-06
[train] step=4399 loss=0.144708 lr=4.227e-06
[train] step=4400 loss=0.279158 lr=4.226e-06
[train] step=4401 loss=0.174614 lr=4.224e-06
[train] step=4402 loss=0.194735 lr=4.222e-06
[train] step=4403 loss=0.247549 lr=4.220e-06
[train] step=4404 loss=0.148079 lr=4.218e-06
[train] step=4405 loss=0.258576 lr=4.216e-06
[train] step=4406 loss=0.230433 lr=4.214e-06
[train] step=4407 loss=0.266536 lr=4.212e-06
[train] step=4408 loss=0.253169 lr=4.210e-06
[train] step=4409 loss=0.467049 lr=4.208e-06
[train] step=4410 loss=0.313464 lr=4.206e-06
[train] step=4411 loss=0.241930 lr=4.204e-06
[train] step=4412 loss=0.249598 lr=4.202e-06
[train] step=4413 loss=0.195954 lr=4.200e-06
[train] step=4414 loss=0.215623 lr=4.198e-06
[train] step=4415 loss=0.266425 lr=4.196e-06
[train] step=4416 loss=0.149887 lr=4.195e-06
[train] step=4417 loss=0.327140 lr=4.193e-06
[train] step=4418 loss=0.185521 lr=4.191e-06
[train] step=4419 loss=0.195886 lr=4.189e-06
[train] step=4420 loss=0.213573 lr=4.187e-06
[train] step=4421 loss=0.217322 lr=4.185e-06
[train] step=4422 loss=0.128235 lr=4.183e-06
[train] step=4423 loss=0.169249 lr=4.181e-06
[train] step=4424 loss=0.483335 lr=4.179e-06
[train] step=4425 loss=0.353758 lr=4.177e-06
[train] step=4426 loss=0.175998 lr=4.175e-06
[train] step=4427 loss=0.205306 lr=4.173e-06
[train] step=4428 loss=0.400902 lr=4.171e-06
[train] step=4429 loss=0.220071 lr=4.169e-06
[train] step=4430 loss=0.382660 lr=4.167e-06
[train] step=4431 loss=0.169366 lr=4.166e-06
[train] step=4432 loss=0.238351 lr=4.164e-06
[train] step=4433 loss=0.222880 lr=4.162e-06
[train] step=4434 loss=0.251563 lr=4.160e-06
[train] step=4435 loss=0.163249 lr=4.158e-06
[train] step=4436 loss=0.155568 lr=4.156e-06
[train] step=4437 loss=0.290596 lr=4.154e-06
[train] step=4438 loss=0.193634 lr=4.152e-06
[train] step=4439 loss=0.169136 lr=4.150e-06
[train] step=4440 loss=0.291289 lr=4.148e-06
INFO     [rank 0] Model weights for step 4440 saved in       dit_trainer.py:1268
         checkpoints/model_weights_step_04440.safetensors                       
INFO     [rank 0] Scalar embedding weights for step 4440     dit_trainer.py:1277
         saved                                                                  
INFO     [rank 0] Training state saved:                      dit_trainer.py:1365
         checkpoints/model_weights_step_04440.state.pt                          
DEBUG    [rank 0] Removed old checkpoint:                    dit_trainer.py:1378
         /hppfs/scratch/0D/go76fuz2/windinet/outputs/shockwa                    
         ve_dit_ep20_baseline_std1p5/checkpoints/model_weigh                    
         ts_step_04200.safetensors                                              
DEBUG    [rank 0] Removed old checkpoint:                    dit_trainer.py:1378
         /hppfs/scratch/0D/go76fuz2/windinet/outputs/shockwa                    
         ve_dit_ep20_baseline_std1p5/checkpoints/scalar_embe                    
         dding_step_04200.safetensors                                           
DEBUG    [rank 0] Removed optimizer state for older kept     dit_trainer.py:1393
         checkpoint:                                                            
         /hppfs/scratch/0D/go76fuz2/windinet/outputs/shockwa                    
         ve_dit_ep20_baseline_std1p5/checkpoints/model_weigh                    
         ts_step_04320.state.pt                                                 
[epoch 37] step=4440 train_loss=0.256552
[train] step=4441 loss=0.163851 lr=4.146e-06
[train] step=4442 loss=0.149026 lr=4.144e-06
[train] step=4443 loss=0.232970 lr=4.142e-06
[train] step=4444 loss=0.178611 lr=4.140e-06
[train] step=4445 loss=0.463656 lr=4.138e-06
[train] step=4446 loss=0.252298 lr=4.137e-06
[train] step=4447 loss=0.246080 lr=4.135e-06
[train] step=4448 loss=0.408533 lr=4.133e-06
[train] step=4449 loss=0.286760 lr=4.131e-06
[train] step=4450 loss=0.279412 lr=4.129e-06
[train] step=4451 loss=0.214837 lr=4.127e-06
[train] step=4452 loss=0.235043 lr=4.125e-06
[train] step=4453 loss=0.279734 lr=4.123e-06
[train] step=4454 loss=0.145305 lr=4.121e-06
[train] step=4455 loss=0.293458 lr=4.119e-06
[train] step=4456 loss=0.238972 lr=4.117e-06
[train] step=4457 loss=0.202814 lr=4.115e-06
[train] step=4458 loss=0.168210 lr=4.113e-06
[train] step=4459 loss=0.242099 lr=4.111e-06
[train] step=4460 loss=0.341753 lr=4.110e-06
[train] step=4461 loss=0.106911 lr=4.108e-06
[train] step=4462 loss=0.161937 lr=4.106e-06
[train] step=4463 loss=0.229028 lr=4.104e-06
[train] step=4464 loss=0.221359 lr=4.102e-06
[train] step=4465 loss=0.240565 lr=4.100e-06
[train] step=4466 loss=0.169861 lr=4.098e-06
[train] step=4467 loss=0.205656 lr=4.096e-06
[train] step=4468 loss=0.212117 lr=4.094e-06
[train] step=4469 loss=0.314886 lr=4.092e-06
[train] step=4470 loss=0.553279 lr=4.090e-06
[train] step=4471 loss=0.198634 lr=4.088e-06
[train] step=4472 loss=0.336020 lr=4.086e-06
[train] step=4473 loss=0.193689 lr=4.084e-06
[train] step=4474 loss=0.241364 lr=4.083e-06
[train] step=4475 loss=0.172369 lr=4.081e-06
[train] step=4476 loss=0.175493 lr=4.079e-06
[train] step=4477 loss=0.196685 lr=4.077e-06
[train] step=4478 loss=0.180634 lr=4.075e-06
[train] step=4479 loss=0.335920 lr=4.073e-06
[train] step=4480 loss=0.221603 lr=4.071e-06
[train] step=4481 loss=0.372211 lr=4.069e-06
[train] step=4482 loss=0.199839 lr=4.067e-06
[train] step=4483 loss=0.238064 lr=4.065e-06
[train] step=4484 loss=0.306594 lr=4.063e-06
[train] step=4485 loss=0.202973 lr=4.061e-06
[train] step=4486 loss=0.352033 lr=4.059e-06
[train] step=4487 loss=0.184097 lr=4.057e-06
[train] step=4488 loss=0.155427 lr=4.056e-06
[train] step=4489 loss=0.142756 lr=4.054e-06
[train] step=4490 loss=0.394444 lr=4.052e-06
[train] step=4491 loss=0.199430 lr=4.050e-06
[train] step=4492 loss=0.320861 lr=4.048e-06
[train] step=4493 loss=0.158103 lr=4.046e-06
[train] step=4494 loss=0.237282 lr=4.044e-06
[train] step=4495 loss=0.314501 lr=4.042e-06
[train] step=4496 loss=0.224178 lr=4.040e-06
[train] step=4497 loss=0.206986 lr=4.038e-06
[train] step=4498 loss=0.146689 lr=4.036e-06
[train] step=4499 loss=0.194297 lr=4.034e-06
[train] step=4500 loss=0.160458 lr=4.032e-06
[train] step=4501 loss=0.246151 lr=4.031e-06
[train] step=4502 loss=0.207596 lr=4.029e-06
[train] step=4503 loss=0.218269 lr=4.027e-06
[train] step=4504 loss=0.245326 lr=4.025e-06
[train] step=4505 loss=0.203882 lr=4.023e-06
[train] step=4506 loss=0.150806 lr=4.021e-06
[train] step=4507 loss=0.303664 lr=4.019e-06
[train] step=4508 loss=0.161508 lr=4.017e-06
[train] step=4509 loss=0.225025 lr=4.015e-06
[train] step=4510 loss=0.156896 lr=4.013e-06
[train] step=4511 loss=0.113639 lr=4.011e-06
[train] step=4512 loss=0.210835 lr=4.009e-06
[train] step=4513 loss=0.180297 lr=4.007e-06
[train] step=4514 loss=0.178090 lr=4.006e-06
[train] step=4515 loss=0.133105 lr=4.004e-06
[train] step=4516 loss=0.204065 lr=4.002e-06
[train] step=4517 loss=0.252363 lr=4.000e-06
[train] step=4518 loss=0.319511 lr=3.998e-06
[train] step=4519 loss=0.206336 lr=3.996e-06
[train] step=4520 loss=0.254988 lr=3.994e-06
[train] step=4521 loss=0.328276 lr=3.992e-06
[train] step=4522 loss=0.254815 lr=3.990e-06
[train] step=4523 loss=0.113924 lr=3.988e-06
[train] step=4524 loss=0.243434 lr=3.986e-06
[train] step=4525 loss=0.154960 lr=3.984e-06
[train] step=4526 loss=0.218800 lr=3.982e-06
[train] step=4527 loss=0.181137 lr=3.981e-06
[train] step=4528 loss=0.088436 lr=3.979e-06
[train] step=4529 loss=0.370040 lr=3.977e-06
[train] step=4530 loss=0.286724 lr=3.975e-06
[train] step=4531 loss=0.269687 lr=3.973e-06
[train] step=4532 loss=0.448089 lr=3.971e-06
[train] step=4533 loss=0.183382 lr=3.969e-06
[train] step=4534 loss=0.179709 lr=3.967e-06
[train] step=4535 loss=0.198160 lr=3.965e-06
[train] step=4536 loss=0.585478 lr=3.963e-06
[train] step=4537 loss=0.193966 lr=3.961e-06
[train] step=4538 loss=0.211247 lr=3.959e-06
[train] step=4539 loss=0.272898 lr=3.958e-06
[train] step=4540 loss=0.311414 lr=3.956e-06
[train] step=4541 loss=0.236683 lr=3.954e-06
[train] step=4542 loss=0.174788 lr=3.952e-06
[train] step=4543 loss=0.208693 lr=3.950e-06
[train] step=4544 loss=0.359624 lr=3.948e-06
[train] step=4545 loss=0.218353 lr=3.946e-06
[train] step=4546 loss=0.147693 lr=3.944e-06
[train] step=4547 loss=0.184846 lr=3.942e-06
[train] step=4548 loss=0.159568 lr=3.940e-06
[train] step=4549 loss=0.131830 lr=3.938e-06
[train] step=4550 loss=0.214761 lr=3.936e-06
[train] step=4551 loss=0.268788 lr=3.935e-06
[train] step=4552 loss=0.270653 lr=3.933e-06
[train] step=4553 loss=0.179061 lr=3.931e-06
[train] step=4554 loss=0.207196 lr=3.929e-06
[train] step=4555 loss=0.287532 lr=3.927e-06
[train] step=4556 loss=0.240516 lr=3.925e-06
[train] step=4557 loss=0.187186 lr=3.923e-06
[train] step=4558 loss=0.225525 lr=3.921e-06
[train] step=4559 loss=0.320819 lr=3.919e-06
[train] step=4560 loss=0.343801 lr=3.917e-06
INFO     [rank 0] Model weights for step 4560 saved in       dit_trainer.py:1268
         checkpoints/model_weights_step_04560.safetensors                       
INFO     [rank 0] Scalar embedding weights for step 4560     dit_trainer.py:1277
         saved                                                                  
INFO     [rank 0] Training state saved:                      dit_trainer.py:1365
         checkpoints/model_weights_step_04560.state.pt                          
DEBUG    [rank 0] Removed old checkpoint:                    dit_trainer.py:1378
         /hppfs/scratch/0D/go76fuz2/windinet/outputs/shockwa                    
         ve_dit_ep20_baseline_std1p5/checkpoints/model_weigh                    
         ts_step_04320.safetensors                                              
DEBUG    [rank 0] Removed old checkpoint:                    dit_trainer.py:1378
         /hppfs/scratch/0D/go76fuz2/windinet/outputs/shockwa                    
         ve_dit_ep20_baseline_std1p5/checkpoints/scalar_embe                    
         dding_step_04320.safetensors                                           
DEBUG    [rank 0] Removed optimizer state for older kept     dit_trainer.py:1393
         checkpoint:                                                            
         /hppfs/scratch/0D/go76fuz2/windinet/outputs/shockwa                    
         ve_dit_ep20_baseline_std1p5/checkpoints/model_weigh                    
         ts_step_04440.state.pt                                                 
[epoch 38] step=4560 train_loss=0.234875
[train] step=4561 loss=0.177646 lr=3.915e-06
[train] step=4562 loss=0.160922 lr=3.913e-06
[train] step=4563 loss=0.166690 lr=3.912e-06
[train] step=4564 loss=0.194387 lr=3.910e-06
[train] step=4565 loss=0.219226 lr=3.908e-06
[train] step=4566 loss=0.199590 lr=3.906e-06
[train] step=4567 loss=0.318194 lr=3.904e-06
[train] step=4568 loss=0.300929 lr=3.902e-06
[train] step=4569 loss=0.213928 lr=3.900e-06
[train] step=4570 loss=0.496772 lr=3.898e-06
[train] step=4571 loss=0.149638 lr=3.896e-06
[train] step=4572 loss=0.271744 lr=3.894e-06
[train] step=4573 loss=0.178942 lr=3.892e-06
[train] step=4574 loss=0.192360 lr=3.891e-06
[train] step=4575 loss=0.232580 lr=3.889e-06
[train] step=4576 loss=0.282842 lr=3.887e-06
[train] step=4577 loss=0.150785 lr=3.885e-06
[train] step=4578 loss=0.215501 lr=3.883e-06
[train] step=4579 loss=0.139675 lr=3.881e-06
[train] step=4580 loss=0.309399 lr=3.879e-06
[train] step=4581 loss=0.338331 lr=3.877e-06
[train] step=4582 loss=0.176620 lr=3.875e-06
[train] step=4583 loss=0.297843 lr=3.873e-06
[train] step=4584 loss=0.238372 lr=3.871e-06
[train] step=4585 loss=0.154792 lr=3.869e-06
[train] step=4586 loss=0.256877 lr=3.868e-06
[train] step=4587 loss=0.242079 lr=3.866e-06
[train] step=4588 loss=0.196453 lr=3.864e-06
[train] step=4589 loss=0.227954 lr=3.862e-06
[train] step=4590 loss=0.224404 lr=3.860e-06
[train] step=4591 loss=0.163359 lr=3.858e-06
[train] step=4592 loss=0.360908 lr=3.856e-06
[train] step=4593 loss=0.293702 lr=3.854e-06
[train] step=4594 loss=0.327526 lr=3.852e-06
[train] step=4595 loss=0.194764 lr=3.850e-06
[train] step=4596 loss=0.198445 lr=3.848e-06
[train] step=4597 loss=0.131448 lr=3.847e-06
[train] step=4598 loss=0.257301 lr=3.845e-06
[train] step=4599 loss=0.192967 lr=3.843e-06
[train] step=4600 loss=0.150017 lr=3.841e-06
[train] step=4601 loss=0.207418 lr=3.839e-06
[train] step=4602 loss=0.235564 lr=3.837e-06
[train] step=4603 loss=0.173424 lr=3.835e-06
[train] step=4604 loss=0.254183 lr=3.833e-06
[train] step=4605 loss=0.160927 lr=3.831e-06
[train] step=4606 loss=0.209575 lr=3.829e-06
[train] step=4607 loss=0.202841 lr=3.827e-06
[train] step=4608 loss=0.333901 lr=3.826e-06
[train] step=4609 loss=0.198578 lr=3.824e-06
[train] step=4610 loss=0.151261 lr=3.822e-06
[train] step=4611 loss=0.233626 lr=3.820e-06
[train] step=4612 loss=0.318152 lr=3.818e-06
[train] step=4613 loss=0.178001 lr=3.816e-06
[train] step=4614 loss=0.218199 lr=3.814e-06
[train] step=4615 loss=0.207744 lr=3.812e-06
[train] step=4616 loss=0.306365 lr=3.810e-06
[train] step=4617 loss=0.291706 lr=3.808e-06
[train] step=4618 loss=0.295834 lr=3.807e-06
[train] step=4619 loss=0.160446 lr=3.805e-06
[train] step=4620 loss=0.220095 lr=3.803e-06
[train] step=4621 loss=0.646904 lr=3.801e-06
[train] step=4622 loss=0.216602 lr=3.799e-06
[train] step=4623 loss=0.236125 lr=3.797e-06
[train] step=4624 loss=0.365959 lr=3.795e-06
[train] step=4625 loss=0.385879 lr=3.793e-06
[train] step=4626 loss=0.182841 lr=3.791e-06
[train] step=4627 loss=0.246879 lr=3.789e-06
[train] step=4628 loss=0.258874 lr=3.788e-06
[train] step=4629 loss=0.285275 lr=3.786e-06
[train] step=4630 loss=0.162518 lr=3.784e-06
[train] step=4631 loss=0.234666 lr=3.782e-06
[train] step=4632 loss=0.171932 lr=3.780e-06
[train] step=4633 loss=0.140329 lr=3.778e-06
[train] step=4634 loss=0.242034 lr=3.776e-06
[train] step=4635 loss=0.283213 lr=3.774e-06
[train] step=4636 loss=0.406069 lr=3.772e-06
[train] step=4637 loss=0.383912 lr=3.770e-06
[train] step=4638 loss=0.188068 lr=3.768e-06
[train] step=4639 loss=0.200053 lr=3.767e-06
[train] step=4640 loss=0.267324 lr=3.765e-06
[train] step=4641 loss=0.185878 lr=3.763e-06
[train] step=4642 loss=0.271892 lr=3.761e-06
[train] step=4643 loss=0.250353 lr=3.759e-06
[train] step=4644 loss=0.328047 lr=3.757e-06
[train] step=4645 loss=0.171110 lr=3.755e-06
[train] step=4646 loss=0.306640 lr=3.753e-06
[train] step=4647 loss=0.153771 lr=3.751e-06
[train] step=4648 loss=0.214460 lr=3.749e-06
[train] step=4649 loss=0.247046 lr=3.748e-06
[train] step=4650 loss=0.448099 lr=3.746e-06
[train] step=4651 loss=0.200592 lr=3.744e-06
[train] step=4652 loss=0.271956 lr=3.742e-06
[train] step=4653 loss=0.291249 lr=3.740e-06
[train] step=4654 loss=0.184837 lr=3.738e-06
[train] step=4655 loss=0.316609 lr=3.736e-06
[train] step=4656 loss=0.225353 lr=3.734e-06
[train] step=4657 loss=0.233682 lr=3.732e-06
[train] step=4658 loss=0.225227 lr=3.731e-06
[train] step=4659 loss=0.231352 lr=3.729e-06
[train] step=4660 loss=0.316386 lr=3.727e-06
[train] step=4661 loss=0.291930 lr=3.725e-06
[train] step=4662 loss=0.226891 lr=3.723e-06
[train] step=4663 loss=0.197311 lr=3.721e-06
[train] step=4664 loss=0.410458 lr=3.719e-06
[train] step=4665 loss=0.232748 lr=3.717e-06
[train] step=4666 loss=0.292236 lr=3.715e-06
[train] step=4667 loss=0.194481 lr=3.713e-06
[train] step=4668 loss=0.287830 lr=3.712e-06
[train] step=4669 loss=0.374916 lr=3.710e-06
[train] step=4670 loss=0.149787 lr=3.708e-06
[train] step=4671 loss=0.163209 lr=3.706e-06
[train] step=4672 loss=0.245155 lr=3.704e-06
[train] step=4673 loss=0.288184 lr=3.702e-06
[train] step=4674 loss=0.122694 lr=3.700e-06
[train] step=4675 loss=0.227733 lr=3.698e-06
[train] step=4676 loss=0.337458 lr=3.696e-06
[train] step=4677 loss=0.216834 lr=3.695e-06
[train] step=4678 loss=0.377600 lr=3.693e-06
[train] step=4679 loss=0.254615 lr=3.691e-06
[train] step=4680 loss=0.197273 lr=3.689e-06
INFO     [rank 0] Model weights for step 4680 saved in       dit_trainer.py:1268
         checkpoints/model_weights_step_04680.safetensors                       
INFO     [rank 0] Scalar embedding weights for step 4680     dit_trainer.py:1277
         saved                                                                  
INFO     [rank 0] Training state saved:                      dit_trainer.py:1365
         checkpoints/model_weights_step_04680.state.pt                          
DEBUG    [rank 0] Removed old checkpoint:                    dit_trainer.py:1378
         /hppfs/scratch/0D/go76fuz2/windinet/outputs/shockwa                    
         ve_dit_ep20_baseline_std1p5/checkpoints/model_weigh                    
         ts_step_04440.safetensors                                              
DEBUG    [rank 0] Removed old checkpoint:                    dit_trainer.py:1378
         /hppfs/scratch/0D/go76fuz2/windinet/outputs/shockwa                    
         ve_dit_ep20_baseline_std1p5/checkpoints/scalar_embe                    
         dding_step_04440.safetensors                                           
DEBUG    [rank 0] Removed optimizer state for older kept     dit_trainer.py:1393
         checkpoint:                                                            
         /hppfs/scratch/0D/go76fuz2/windinet/outputs/shockwa                    
         ve_dit_ep20_baseline_std1p5/checkpoints/model_weigh                    
         ts_step_04560.state.pt                                                 
[epoch 39] step=4680 train_loss=0.246413
[train] step=4681 loss=0.307977 lr=3.687e-06
[train] step=4682 loss=0.354791 lr=3.685e-06
[train] step=4683 loss=0.197441 lr=3.683e-06
[train] step=4684 loss=0.411498 lr=3.681e-06
[train] step=4685 loss=0.299666 lr=3.679e-06
[train] step=4686 loss=0.236808 lr=3.677e-06
[train] step=4687 loss=0.422985 lr=3.676e-06
[train] step=4688 loss=0.232318 lr=3.674e-06
[train] step=4689 loss=0.285214 lr=3.672e-06
[train] step=4690 loss=0.352712 lr=3.670e-06
[train] step=4691 loss=0.250861 lr=3.668e-06
[train] step=4692 loss=0.184830 lr=3.666e-06
[train] step=4693 loss=0.176013 lr=3.664e-06
[train] step=4694 loss=0.319862 lr=3.662e-06
[train] step=4695 loss=0.243107 lr=3.660e-06
[train] step=4696 loss=0.409297 lr=3.659e-06
[train] step=4697 loss=0.098329 lr=3.657e-06
[train] step=4698 loss=0.287342 lr=3.655e-06
[train] step=4699 loss=0.299345 lr=3.653e-06
[train] step=4700 loss=0.202195 lr=3.651e-06
[train] step=4701 loss=0.244266 lr=3.649e-06
[train] step=4702 loss=0.285538 lr=3.647e-06
[train] step=4703 loss=0.156271 lr=3.645e-06
[train] step=4704 loss=0.480438 lr=3.643e-06
[train] step=4705 loss=0.210838 lr=3.642e-06
[train] step=4706 loss=0.231816 lr=3.640e-06
[train] step=4707 loss=0.112686 lr=3.638e-06
[train] step=4708 loss=0.172758 lr=3.636e-06
[train] step=4709 loss=0.194206 lr=3.634e-06
[train] step=4710 loss=0.252182 lr=3.632e-06
[train] step=4711 loss=0.196103 lr=3.630e-06
[train] step=4712 loss=0.228376 lr=3.628e-06
[train] step=4713 loss=0.507326 lr=3.627e-06
[train] step=4714 loss=0.300038 lr=3.625e-06
[train] step=4715 loss=0.133966 lr=3.623e-06
[train] step=4716 loss=0.188520 lr=3.621e-06
[train] step=4717 loss=0.190665 lr=3.619e-06
[train] step=4718 loss=0.256566 lr=3.617e-06
[train] step=4719 loss=0.377290 lr=3.615e-06
[train] step=4720 loss=0.248254 lr=3.613e-06
[train] step=4721 loss=0.213099 lr=3.611e-06
[train] step=4722 loss=0.318179 lr=3.610e-06
[train] step=4723 loss=0.428729 lr=3.608e-06
[train] step=4724 loss=0.309322 lr=3.606e-06
[train] step=4725 loss=0.166509 lr=3.604e-06
[train] step=4726 loss=0.308225 lr=3.602e-06
[train] step=4727 loss=0.158449 lr=3.600e-06
[train] step=4728 loss=0.172071 lr=3.598e-06
[train] step=4729 loss=0.162343 lr=3.596e-06
[train] step=4730 loss=0.149530 lr=3.594e-06
[train] step=4731 loss=0.152205 lr=3.593e-06
[train] step=4732 loss=0.238044 lr=3.591e-06
[train] step=4733 loss=0.357387 lr=3.589e-06
[train] step=4734 loss=0.191334 lr=3.587e-06
[train] step=4735 loss=0.550512 lr=3.585e-06
[train] step=4736 loss=0.201227 lr=3.583e-06
[train] step=4737 loss=0.282448 lr=3.581e-06
[train] step=4738 loss=0.497297 lr=3.579e-06
[train] step=4739 loss=0.229609 lr=3.578e-06
[train] step=4740 loss=0.228535 lr=3.576e-06
[train] step=4741 loss=0.963975 lr=3.574e-06
[train] step=4742 loss=0.303819 lr=3.572e-06
[train] step=4743 loss=0.103744 lr=3.570e-06
[train] step=4744 loss=0.151976 lr=3.568e-06
[train] step=4745 loss=0.272760 lr=3.566e-06
[train] step=4746 loss=0.242951 lr=3.564e-06
[train] step=4747 loss=0.311105 lr=3.563e-06
[train] step=4748 loss=0.460465 lr=3.561e-06
[train] step=4749 loss=0.277140 lr=3.559e-06
[train] step=4750 loss=0.224361 lr=3.557e-06
[train] step=4751 loss=0.232687 lr=3.555e-06
[train] step=4752 loss=0.223514 lr=3.553e-06
[train] step=4753 loss=0.375223 lr=3.551e-06
[train] step=4754 loss=0.238832 lr=3.549e-06
[train] step=4755 loss=0.257811 lr=3.548e-06
[train] step=4756 loss=0.256264 lr=3.546e-06
[train] step=4757 loss=0.359036 lr=3.544e-06
[train] step=4758 loss=0.192178 lr=3.542e-06
[train] step=4759 loss=0.193355 lr=3.540e-06
[train] step=4760 loss=0.208270 lr=3.538e-06
[train] step=4761 loss=0.325052 lr=3.536e-06
[train] step=4762 loss=0.308930 lr=3.534e-06
[train] step=4763 loss=0.212067 lr=3.533e-06
[train] step=4764 loss=0.486174 lr=3.531e-06
[train] step=4765 loss=0.229908 lr=3.529e-06
[train] step=4766 loss=0.182363 lr=3.527e-06
[train] step=4767 loss=0.551996 lr=3.525e-06
[train] step=4768 loss=0.338643 lr=3.523e-06
[train] step=4769 loss=0.337147 lr=3.521e-06
[train] step=4770 loss=0.146886 lr=3.519e-06
[train] step=4771 loss=0.235165 lr=3.518e-06
[train] step=4772 loss=0.165383 lr=3.516e-06
[train] step=4773 loss=0.198143 lr=3.514e-06
[train] step=4774 loss=0.163841 lr=3.512e-06
[train] step=4775 loss=0.218931 lr=3.510e-06
[train] step=4776 loss=0.210948 lr=3.508e-06
[train] step=4777 loss=0.104318 lr=3.506e-06
[train] step=4778 loss=0.273307 lr=3.504e-06
[train] step=4779 loss=0.181904 lr=3.503e-06
[train] step=4780 loss=0.179145 lr=3.501e-06
[train] step=4781 loss=0.304376 lr=3.499e-06
[train] step=4782 loss=0.330107 lr=3.497e-06
[train] step=4783 loss=0.203556 lr=3.495e-06
[train] step=4784 loss=0.288848 lr=3.493e-06
[train] step=4785 loss=0.199699 lr=3.491e-06
[train] step=4786 loss=0.189772 lr=3.489e-06
[train] step=4787 loss=0.233622 lr=3.488e-06
[train] step=4788 loss=0.321468 lr=3.486e-06
[train] step=4789 loss=0.173369 lr=3.484e-06
[train] step=4790 loss=0.187128 lr=3.482e-06
[train] step=4791 loss=0.217560 lr=3.480e-06
[train] step=4792 loss=0.201543 lr=3.478e-06
[train] step=4793 loss=0.225900 lr=3.476e-06
[train] step=4794 loss=0.154230 lr=3.475e-06
[train] step=4795 loss=0.219347 lr=3.473e-06
[train] step=4796 loss=0.158740 lr=3.471e-06
[train] step=4797 loss=0.196722 lr=3.469e-06
[train] step=4798 loss=0.146559 lr=3.467e-06
[train] step=4799 loss=0.321378 lr=3.465e-06
[train] step=4800 loss=0.288935 lr=3.463e-06
[val] step=4800 val_loss=0.254009
INFO     [rank 0] Model weights for step 4800 saved in       dit_trainer.py:1268
         checkpoints/model_weights_step_04800.safetensors                       
INFO     [rank 0] Scalar embedding weights for step 4800     dit_trainer.py:1277
         saved                                                                  
INFO     [rank 0] Training state saved:                      dit_trainer.py:1365
         checkpoints/model_weights_step_04800.state.pt                          
INFO     [rank 0] New best checkpoint (step 4800,            dit_trainer.py:1300
         val_loss=0.254009):                                                    
         checkpoints/model_weights_best.safetensors                             
DEBUG    [rank 0] Removed old checkpoint:                    dit_trainer.py:1378
         /hppfs/scratch/0D/go76fuz2/windinet/outputs/shockwa                    
         ve_dit_ep20_baseline_std1p5/checkpoints/model_weigh                    
         ts_step_04560.safetensors                                              
DEBUG    [rank 0] Removed old checkpoint:                    dit_trainer.py:1378
         /hppfs/scratch/0D/go76fuz2/windinet/outputs/shockwa                    
         ve_dit_ep20_baseline_std1p5/checkpoints/scalar_embe                    
         dding_step_04560.safetensors                                           
DEBUG    [rank 0] Removed optimizer state for older kept     dit_trainer.py:1393
         checkpoint:                                                            
         /hppfs/scratch/0D/go76fuz2/windinet/outputs/shockwa                    
         ve_dit_ep20_baseline_std1p5/checkpoints/model_weigh                    
         ts_step_04680.state.pt                                                 
[epoch 40] step=4800 train_loss=0.260222 val_loss=0.254009
[train] step=4801 loss=0.334597 lr=3.461e-06
[train] step=4802 loss=0.225231 lr=3.460e-06
[train] step=4803 loss=0.570018 lr=3.458e-06
[train] step=4804 loss=0.276539 lr=3.456e-06
[train] step=4805 loss=0.313888 lr=3.454e-06
[train] step=4806 loss=0.703064 lr=3.452e-06
[train] step=4807 loss=0.253470 lr=3.450e-06
[train] step=4808 loss=0.184326 lr=3.448e-06
[train] step=4809 loss=0.193780 lr=3.447e-06
[train] step=4810 loss=0.261512 lr=3.445e-06
[train] step=4811 loss=0.109733 lr=3.443e-06
[train] step=4812 loss=0.285874 lr=3.441e-06
[train] step=4813 loss=0.247612 lr=3.439e-06
[train] step=4814 loss=0.258876 lr=3.437e-06
[train] step=4815 loss=0.369759 lr=3.435e-06
[train] step=4816 loss=0.186376 lr=3.434e-06
[train] step=4817 loss=0.360319 lr=3.432e-06
[train] step=4818 loss=0.135636 lr=3.430e-06
[train] step=4819 loss=0.323895 lr=3.428e-06
[train] step=4820 loss=0.265986 lr=3.426e-06
[train] step=4821 loss=0.260184 lr=3.424e-06
[train] step=4822 loss=0.338146 lr=3.422e-06
[train] step=4823 loss=0.387054 lr=3.420e-06
[train] step=4824 loss=0.185895 lr=3.419e-06
[train] step=4825 loss=0.246199 lr=3.417e-06
[train] step=4826 loss=0.209934 lr=3.415e-06
[train] step=4827 loss=0.239725 lr=3.413e-06
[train] step=4828 loss=0.303951 lr=3.411e-06
[train] step=4829 loss=0.182840 lr=3.409e-06
[train] step=4830 loss=0.220541 lr=3.407e-06
[train] step=4831 loss=0.323287 lr=3.406e-06
[train] step=4832 loss=0.242480 lr=3.404e-06
[train] step=4833 loss=0.183215 lr=3.402e-06
[train] step=4834 loss=0.274653 lr=3.400e-06
[train] step=4835 loss=0.236426 lr=3.398e-06
[train] step=4836 loss=0.209216 lr=3.396e-06
[train] step=4837 loss=0.494074 lr=3.394e-06
[train] step=4838 loss=0.171561 lr=3.393e-06
[train] step=4839 loss=0.249700 lr=3.391e-06
[train] step=4840 loss=0.239960 lr=3.389e-06
[train] step=4841 loss=0.310964 lr=3.387e-06
[train] step=4842 loss=0.218754 lr=3.385e-06
[train] step=4843 loss=0.251940 lr=3.383e-06
[train] step=4844 loss=0.227919 lr=3.381e-06
[train] step=4845 loss=0.150917 lr=3.380e-06
[train] step=4846 loss=0.217024 lr=3.378e-06
[train] step=4847 loss=0.333504 lr=3.376e-06
[train] step=4848 loss=0.339084 lr=3.374e-06
[train] step=4849 loss=0.304537 lr=3.372e-06
[train] step=4850 loss=0.186775 lr=3.370e-06
[train] step=4851 loss=0.195258 lr=3.368e-06
[train] step=4852 loss=0.204016 lr=3.367e-06
[train] step=4853 loss=0.212676 lr=3.365e-06
[train] step=4854 loss=0.270964 lr=3.363e-06
[train] step=4855 loss=0.160829 lr=3.361e-06
[train] step=4856 loss=0.258756 lr=3.359e-06
[train] step=4857 loss=0.239389 lr=3.357e-06
[train] step=4858 loss=0.361900 lr=3.356e-06
[train] step=4859 loss=0.341283 lr=3.354e-06
[train] step=4860 loss=0.190650 lr=3.352e-06
[train] step=4861 loss=0.481070 lr=3.350e-06
[train] step=4862 loss=0.180299 lr=3.348e-06
[train] step=4863 loss=0.336011 lr=3.346e-06
[train] step=4864 loss=0.200555 lr=3.344e-06
[train] step=4865 loss=0.185864 lr=3.343e-06
[train] step=4866 loss=0.185650 lr=3.341e-06
[train] step=4867 loss=0.215243 lr=3.339e-06
[train] step=4868 loss=0.247144 lr=3.337e-06
[train] step=4869 loss=0.508013 lr=3.335e-06
[train] step=4870 loss=0.250316 lr=3.333e-06
[train] step=4871 loss=0.178087 lr=3.331e-06
[train] step=4872 loss=0.329751 lr=3.330e-06
[train] step=4873 loss=0.355467 lr=3.328e-06
[train] step=4874 loss=0.156155 lr=3.326e-06
[train] step=4875 loss=0.257414 lr=3.324e-06
[train] step=4876 loss=0.225787 lr=3.322e-06
[train] step=4877 loss=0.200950 lr=3.320e-06
[train] step=4878 loss=0.276719 lr=3.319e-06
[train] step=4879 loss=0.349309 lr=3.317e-06
[train] step=4880 loss=0.239059 lr=3.315e-06
[train] step=4881 loss=0.070520 lr=3.313e-06
[train] step=4882 loss=0.157520 lr=3.311e-06
[train] step=4883 loss=0.263611 lr=3.309e-06
[train] step=4884 loss=0.146598 lr=3.307e-06
[train] step=4885 loss=0.235044 lr=3.306e-06
[train] step=4886 loss=0.177892 lr=3.304e-06
[train] step=4887 loss=0.248871 lr=3.302e-06
[train] step=4888 loss=0.457694 lr=3.300e-06
[train] step=4889 loss=0.192183 lr=3.298e-06
[train] step=4890 loss=0.302733 lr=3.296e-06
[train] step=4891 loss=0.546940 lr=3.295e-06
[train] step=4892 loss=0.179460 lr=3.293e-06
[train] step=4893 loss=0.191018 lr=3.291e-06
[train] step=4894 loss=0.177613 lr=3.289e-06
[train] step=4895 loss=0.245583 lr=3.287e-06
[train] step=4896 loss=0.471578 lr=3.285e-06
[train] step=4897 loss=0.277821 lr=3.284e-06
[train] step=4898 loss=0.229369 lr=3.282e-06
[train] step=4899 loss=0.107040 lr=3.280e-06
[train] step=4900 loss=0.174811 lr=3.278e-06
[train] step=4901 loss=0.185930 lr=3.276e-06
[train] step=4902 loss=0.163428 lr=3.274e-06
[train] step=4903 loss=0.200828 lr=3.272e-06
[train] step=4904 loss=0.337963 lr=3.271e-06
[train] step=4905 loss=0.130698 lr=3.269e-06
[train] step=4906 loss=0.173975 lr=3.267e-06
[train] step=4907 loss=0.228906 lr=3.265e-06
[train] step=4908 loss=0.230824 lr=3.263e-06
[train] step=4909 loss=0.285774 lr=3.261e-06
[train] step=4910 loss=0.154047 lr=3.260e-06
[train] step=4911 loss=0.201718 lr=3.258e-06
[train] step=4912 loss=0.272249 lr=3.256e-06
[train] step=4913 loss=0.256910 lr=3.254e-06
[train] step=4914 loss=0.258534 lr=3.252e-06
[train] step=4915 loss=0.211497 lr=3.250e-06
[train] step=4916 loss=0.383582 lr=3.249e-06
[train] step=4917 loss=0.190007 lr=3.247e-06
[train] step=4918 loss=0.151857 lr=3.245e-06
[train] step=4919 loss=0.221971 lr=3.243e-06
[train] step=4920 loss=0.274122 lr=3.241e-06
INFO     [rank 0] Model weights for step 4920 saved in       dit_trainer.py:1268
         checkpoints/model_weights_step_04920.safetensors                       
INFO     [rank 0] Scalar embedding weights for step 4920     dit_trainer.py:1277
         saved                                                                  
INFO     [rank 0] Training state saved:                      dit_trainer.py:1365
         checkpoints/model_weights_step_04920.state.pt                          
DEBUG    [rank 0] Removed old checkpoint:                    dit_trainer.py:1378
         /hppfs/scratch/0D/go76fuz2/windinet/outputs/shockwa                    
         ve_dit_ep20_baseline_std1p5/checkpoints/model_weigh                    
         ts_step_04680.safetensors                                              
DEBUG    [rank 0] Removed old checkpoint:                    dit_trainer.py:1378
         /hppfs/scratch/0D/go76fuz2/windinet/outputs/shockwa                    
         ve_dit_ep20_baseline_std1p5/checkpoints/scalar_embe                    
         dding_step_04680.safetensors                                           
DEBUG    [rank 0] Removed optimizer state for older kept     dit_trainer.py:1393
         checkpoint:                                                            
         /hppfs/scratch/0D/go76fuz2/windinet/outputs/shockwa                    
         ve_dit_ep20_baseline_std1p5/checkpoints/model_weigh                    
         ts_step_04800.state.pt                                                 
[epoch 41] step=4920 train_loss=0.256492
[train] step=4921 loss=0.177200 lr=3.239e-06
[train] step=4922 loss=0.161813 lr=3.238e-06
[train] step=4923 loss=0.204882 lr=3.236e-06
[train] step=4924 loss=0.347052 lr=3.234e-06
[train] step=4925 loss=0.295493 lr=3.232e-06
[train] step=4926 loss=0.221004 lr=3.230e-06
[train] step=4927 loss=0.162620 lr=3.228e-06
[train] step=4928 loss=0.108324 lr=3.227e-06
[train] step=4929 loss=0.359219 lr=3.225e-06
[train] step=4930 loss=0.224951 lr=3.223e-06
[train] step=4931 loss=0.246752 lr=3.221e-06
[train] step=4932 loss=0.191768 lr=3.219e-06
[train] step=4933 loss=0.337146 lr=3.217e-06
[train] step=4934 loss=0.243611 lr=3.216e-06
[train] step=4935 loss=0.213958 lr=3.214e-06
[train] step=4936 loss=0.178400 lr=3.212e-06
[train] step=4937 loss=0.609146 lr=3.210e-06
[train] step=4938 loss=0.180406 lr=3.208e-06
[train] step=4939 loss=0.237060 lr=3.206e-06
[train] step=4940 loss=0.168056 lr=3.205e-06
[train] step=4941 loss=0.246235 lr=3.203e-06
[train] step=4942 loss=0.238574 lr=3.201e-06
[train] step=4943 loss=0.267639 lr=3.199e-06
[train] step=4944 loss=0.284296 lr=3.197e-06
[train] step=4945 loss=0.111088 lr=3.195e-06
[train] step=4946 loss=0.250242 lr=3.194e-06
[train] step=4947 loss=0.233339 lr=3.192e-06
[train] step=4948 loss=0.176107 lr=3.190e-06
[train] step=4949 loss=0.262696 lr=3.188e-06
[train] step=4950 loss=0.158453 lr=3.186e-06
[train] step=4951 loss=0.295590 lr=3.184e-06
[train] step=4952 loss=0.260450 lr=3.183e-06
[train] step=4953 loss=0.092704 lr=3.181e-06
[train] step=4954 loss=0.349602 lr=3.179e-06
[train] step=4955 loss=0.189760 lr=3.177e-06
[train] step=4956 loss=0.209953 lr=3.175e-06
[train] step=4957 loss=0.196220 lr=3.174e-06
[train] step=4958 loss=0.333783 lr=3.172e-06
[train] step=4959 loss=0.391289 lr=3.170e-06
[train] step=4960 loss=0.222224 lr=3.168e-06
[train] step=4961 loss=0.281150 lr=3.166e-06
[train] step=4962 loss=0.273488 lr=3.164e-06
[train] step=4963 loss=0.213399 lr=3.163e-06
[train] step=4964 loss=0.132508 lr=3.161e-06
[train] step=4965 loss=0.225797 lr=3.159e-06
[train] step=4966 loss=0.183251 lr=3.157e-06
[train] step=4967 loss=0.292845 lr=3.155e-06
[train] step=4968 loss=0.259031 lr=3.153e-06
[train] step=4969 loss=0.242067 lr=3.152e-06
[train] step=4970 loss=0.245020 lr=3.150e-06
[train] step=4971 loss=0.259404 lr=3.148e-06
[train] step=4972 loss=0.230034 lr=3.146e-06
[train] step=4973 loss=0.255449 lr=3.144e-06
[train] step=4974 loss=0.245667 lr=3.143e-06
[train] step=4975 loss=0.236380 lr=3.141e-06
[train] step=4976 loss=0.280998 lr=3.139e-06
[train] step=4977 loss=0.177859 lr=3.137e-06
[train] step=4978 loss=0.187313 lr=3.135e-06
[train] step=4979 loss=0.226903 lr=3.133e-06
[train] step=4980 loss=0.128089 lr=3.132e-06
[train] step=4981 loss=0.127445 lr=3.130e-06
[train] step=4982 loss=0.266449 lr=3.128e-06
[train] step=4983 loss=0.160860 lr=3.126e-06
[train] step=4984 loss=0.231961 lr=3.124e-06
[train] step=4985 loss=0.169040 lr=3.123e-06
[train] step=4986 loss=0.354744 lr=3.121e-06
[train] step=4987 loss=0.281589 lr=3.119e-06
[train] step=4988 loss=0.196699 lr=3.117e-06
[train] step=4989 loss=0.227401 lr=3.115e-06
[train] step=4990 loss=0.246567 lr=3.113e-06
[train] step=4991 loss=0.321685 lr=3.112e-06
[train] step=4992 loss=0.193640 lr=3.110e-06
[train] step=4993 loss=0.159649 lr=3.108e-06
[train] step=4994 loss=0.341785 lr=3.106e-06
[train] step=4995 loss=0.317621 lr=3.104e-06
[train] step=4996 loss=0.232148 lr=3.103e-06
[train] step=4997 loss=0.390442 lr=3.101e-06
[train] step=4998 loss=0.248611 lr=3.099e-06
[train] step=4999 loss=0.319797 lr=3.097e-06
[train] step=5000 loss=0.250364 lr=3.095e-06
[train] step=5001 loss=0.128038 lr=3.093e-06
[train] step=5002 loss=0.240328 lr=3.092e-06
[train] step=5003 loss=0.175233 lr=3.090e-06
[train] step=5004 loss=0.194566 lr=3.088e-06
[train] step=5005 loss=0.217718 lr=3.086e-06
[train] step=5006 loss=0.257415 lr=3.084e-06
[train] step=5007 loss=0.225592 lr=3.083e-06
[train] step=5008 loss=0.237110 lr=3.081e-06
[train] step=5009 loss=0.161289 lr=3.079e-06
[train] step=5010 loss=0.146997 lr=3.077e-06
[train] step=5011 loss=0.157406 lr=3.075e-06
[train] step=5012 loss=0.293140 lr=3.074e-06
[train] step=5013 loss=0.262567 lr=3.072e-06
[train] step=5014 loss=0.158701 lr=3.070e-06
[train] step=5015 loss=0.297858 lr=3.068e-06
[train] step=5016 loss=0.263847 lr=3.066e-06
[train] step=5017 loss=0.197643 lr=3.065e-06
[train] step=5018 loss=0.575108 lr=3.063e-06
[train] step=5019 loss=0.192457 lr=3.061e-06
[train] step=5020 loss=0.351368 lr=3.059e-06
[train] step=5021 loss=0.483722 lr=3.057e-06
[train] step=5022 loss=0.160794 lr=3.056e-06
[train] step=5023 loss=0.280538 lr=3.054e-06
[train] step=5024 loss=0.261404 lr=3.052e-06
[train] step=5025 loss=0.234607 lr=3.050e-06
[train] step=5026 loss=0.194106 lr=3.048e-06
[train] step=5027 loss=0.188695 lr=3.046e-06
[train] step=5028 loss=0.167601 lr=3.045e-06
[train] step=5029 loss=0.162672 lr=3.043e-06
[train] step=5030 loss=0.405604 lr=3.041e-06
[train] step=5031 loss=0.161998 lr=3.039e-06
[train] step=5032 loss=0.186093 lr=3.037e-06
[train] step=5033 loss=0.137543 lr=3.036e-06
[train] step=5034 loss=0.193599 lr=3.034e-06
[train] step=5035 loss=0.226011 lr=3.032e-06
[train] step=5036 loss=0.098080 lr=3.030e-06
[train] step=5037 loss=0.239602 lr=3.028e-06
[train] step=5038 loss=0.224944 lr=3.027e-06
[train] step=5039 loss=0.435455 lr=3.025e-06
[train] step=5040 loss=0.187106 lr=3.023e-06
INFO     [rank 0] Model weights for step 5040 saved in       dit_trainer.py:1268
         checkpoints/model_weights_step_05040.safetensors                       
INFO     [rank 0] Scalar embedding weights for step 5040     dit_trainer.py:1277
         saved                                                                  
INFO     [rank 0] Training state saved:                      dit_trainer.py:1365
         checkpoints/model_weights_step_05040.state.pt                          
DEBUG    [rank 0] Removed old checkpoint:                    dit_trainer.py:1378
         /hppfs/scratch/0D/go76fuz2/windinet/outputs/shockwa                    
         ve_dit_ep20_baseline_std1p5/checkpoints/model_weigh                    
         ts_step_04800.safetensors                                              
DEBUG    [rank 0] Removed old checkpoint:                    dit_trainer.py:1378
         /hppfs/scratch/0D/go76fuz2/windinet/outputs/shockwa                    
         ve_dit_ep20_baseline_std1p5/checkpoints/scalar_embe                    
         dding_step_04800.safetensors                                           
DEBUG    [rank 0] Removed optimizer state for older kept     dit_trainer.py:1393
         checkpoint:                                                            
         /hppfs/scratch/0D/go76fuz2/windinet/outputs/shockwa                    
         ve_dit_ep20_baseline_std1p5/checkpoints/model_weigh                    
         ts_step_04920.state.pt                                                 
[epoch 42] step=5040 train_loss=0.239215
[train] step=5041 loss=0.264234 lr=3.021e-06
[train] step=5042 loss=0.070610 lr=3.019e-06
[train] step=5043 loss=0.399802 lr=3.018e-06
[train] step=5044 loss=0.227629 lr=3.016e-06
[train] step=5045 loss=0.169384 lr=3.014e-06
[train] step=5046 loss=0.238376 lr=3.012e-06
[train] step=5047 loss=0.217414 lr=3.010e-06
[train] step=5048 loss=0.240830 lr=3.009e-06
[train] step=5049 loss=0.160892 lr=3.007e-06
[train] step=5050 loss=0.434721 lr=3.005e-06
[train] step=5051 loss=0.191892 lr=3.003e-06
[train] step=5052 loss=0.200284 lr=3.001e-06
[train] step=5053 loss=0.360634 lr=3.000e-06
[train] step=5054 loss=0.174757 lr=2.998e-06
[train] step=5055 loss=0.218272 lr=2.996e-06
[train] step=5056 loss=0.329598 lr=2.994e-06
[train] step=5057 loss=0.104986 lr=2.992e-06
[train] step=5058 loss=0.145545 lr=2.991e-06
[train] step=5059 loss=0.170367 lr=2.989e-06
[train] step=5060 loss=0.291183 lr=2.987e-06
[train] step=5061 loss=0.278326 lr=2.985e-06
[train] step=5062 loss=0.236029 lr=2.984e-06
[train] step=5063 loss=0.220050 lr=2.982e-06
[train] step=5064 loss=0.239704 lr=2.980e-06
[train] step=5065 loss=0.238945 lr=2.978e-06
[train] step=5066 loss=0.163676 lr=2.976e-06
[train] step=5067 loss=0.210497 lr=2.975e-06
[train] step=5068 loss=0.194211 lr=2.973e-06
[train] step=5069 loss=0.166960 lr=2.971e-06
[train] step=5070 loss=0.151959 lr=2.969e-06
[train] step=5071 loss=0.239307 lr=2.967e-06
[train] step=5072 loss=0.458065 lr=2.966e-06
[train] step=5073 loss=0.408815 lr=2.964e-06
[train] step=5074 loss=0.134730 lr=2.962e-06
[train] step=5075 loss=0.341686 lr=2.960e-06
[train] step=5076 loss=0.172074 lr=2.958e-06
[train] step=5077 loss=0.182329 lr=2.957e-06
[train] step=5078 loss=0.210856 lr=2.955e-06
[train] step=5079 loss=0.290296 lr=2.953e-06
[train] step=5080 loss=0.224733 lr=2.951e-06
[train] step=5081 loss=0.156174 lr=2.949e-06
[train] step=5082 loss=0.086141 lr=2.948e-06
[train] step=5083 loss=0.278920 lr=2.946e-06
[train] step=5084 loss=0.226417 lr=2.944e-06
[train] step=5085 loss=0.226419 lr=2.942e-06
[train] step=5086 loss=0.174160 lr=2.941e-06
[train] step=5087 loss=0.176081 lr=2.939e-06
[train] step=5088 loss=0.247431 lr=2.937e-06
[train] step=5089 loss=0.152489 lr=2.935e-06
[train] step=5090 loss=0.174131 lr=2.933e-06
[train] step=5091 loss=0.226300 lr=2.932e-06
[train] step=5092 loss=0.351802 lr=2.930e-06
[train] step=5093 loss=0.259640 lr=2.928e-06
[train] step=5094 loss=0.232319 lr=2.926e-06
[train] step=5095 loss=0.218808 lr=2.924e-06
[train] step=5096 loss=0.295094 lr=2.923e-06
[train] step=5097 loss=0.196121 lr=2.921e-06
[train] step=5098 loss=0.248008 lr=2.919e-06
[train] step=5099 loss=0.251476 lr=2.917e-06
[train] step=5100 loss=0.167821 lr=2.916e-06
[train] step=5101 loss=0.315700 lr=2.914e-06
[train] step=5102 loss=0.115457 lr=2.912e-06
[train] step=5103 loss=0.190679 lr=2.910e-06
[train] step=5104 loss=0.352012 lr=2.908e-06
[train] step=5105 loss=0.270082 lr=2.907e-06
[train] step=5106 loss=0.191936 lr=2.905e-06
[train] step=5107 loss=0.315830 lr=2.903e-06
[train] step=5108 loss=0.239982 lr=2.901e-06
[train] step=5109 loss=0.200395 lr=2.900e-06
[train] step=5110 loss=0.159062 lr=2.898e-06
[train] step=5111 loss=0.242522 lr=2.896e-06
[train] step=5112 loss=0.295495 lr=2.894e-06
[train] step=5113 loss=0.171575 lr=2.892e-06
[train] step=5114 loss=0.120517 lr=2.891e-06
[train] step=5115 loss=0.175752 lr=2.889e-06
[train] step=5116 loss=0.130800 lr=2.887e-06
[train] step=5117 loss=0.200250 lr=2.885e-06
[train] step=5118 loss=0.134469 lr=2.884e-06
[train] step=5119 loss=0.263966 lr=2.882e-06
[train] step=5120 loss=0.270034 lr=2.880e-06
[train] step=5121 loss=0.225163 lr=2.878e-06
[train] step=5122 loss=0.181205 lr=2.876e-06
[train] step=5123 loss=0.399233 lr=2.875e-06
[train] step=5124 loss=0.183597 lr=2.873e-06
[train] step=5125 loss=0.192085 lr=2.871e-06
[train] step=5126 loss=0.292110 lr=2.869e-06
[train] step=5127 loss=0.360132 lr=2.868e-06
[train] step=5128 loss=0.434318 lr=2.866e-06
[train] step=5129 loss=0.230093 lr=2.864e-06
[train] step=5130 loss=0.233806 lr=2.862e-06
[train] step=5131 loss=0.262080 lr=2.861e-06
[train] step=5132 loss=0.200421 lr=2.859e-06
[train] step=5133 loss=0.204064 lr=2.857e-06
[train] step=5134 loss=0.244419 lr=2.855e-06
[train] step=5135 loss=0.379101 lr=2.853e-06
[train] step=5136 loss=0.238741 lr=2.852e-06
[train] step=5137 loss=0.223584 lr=2.850e-06
[train] step=5138 loss=0.263847 lr=2.848e-06
[train] step=5139 loss=0.387480 lr=2.846e-06
[train] step=5140 loss=0.300672 lr=2.845e-06
[train] step=5141 loss=0.709428 lr=2.843e-06
[train] step=5142 loss=0.190224 lr=2.841e-06
[train] step=5143 loss=0.255939 lr=2.839e-06
[train] step=5144 loss=0.387029 lr=2.837e-06
[train] step=5145 loss=0.152701 lr=2.836e-06
[train] step=5146 loss=0.204421 lr=2.834e-06
[train] step=5147 loss=0.263436 lr=2.832e-06
[train] step=5148 loss=0.239283 lr=2.830e-06
[train] step=5149 loss=0.249589 lr=2.829e-06
[train] step=5150 loss=0.141545 lr=2.827e-06
[train] step=5151 loss=0.158109 lr=2.825e-06
[train] step=5152 loss=0.165629 lr=2.823e-06
[train] step=5153 loss=0.214844 lr=2.822e-06
[train] step=5154 loss=0.500187 lr=2.820e-06
[train] step=5155 loss=0.321289 lr=2.818e-06
[train] step=5156 loss=0.219792 lr=2.816e-06
[train] step=5157 loss=0.272796 lr=2.815e-06
[train] step=5158 loss=0.441311 lr=2.813e-06
[train] step=5159 loss=0.220319 lr=2.811e-06
[train] step=5160 loss=0.139434 lr=2.809e-06
INFO     [rank 0] Model weights for step 5160 saved in       dit_trainer.py:1268
         checkpoints/model_weights_step_05160.safetensors                       
INFO     [rank 0] Scalar embedding weights for step 5160     dit_trainer.py:1277
         saved                                                                  
INFO     [rank 0] Training state saved:                      dit_trainer.py:1365
         checkpoints/model_weights_step_05160.state.pt                          
DEBUG    [rank 0] Removed old checkpoint:                    dit_trainer.py:1378
         /hppfs/scratch/0D/go76fuz2/windinet/outputs/shockwa                    
         ve_dit_ep20_baseline_std1p5/checkpoints/model_weigh                    
         ts_step_04920.safetensors                                              
DEBUG    [rank 0] Removed old checkpoint:                    dit_trainer.py:1378
         /hppfs/scratch/0D/go76fuz2/windinet/outputs/shockwa                    
         ve_dit_ep20_baseline_std1p5/checkpoints/scalar_embe                    
         dding_step_04920.safetensors                                           
DEBUG    [rank 0] Removed optimizer state for older kept     dit_trainer.py:1393
         checkpoint:                                                            
         /hppfs/scratch/0D/go76fuz2/windinet/outputs/shockwa                    
         ve_dit_ep20_baseline_std1p5/checkpoints/model_weigh                    
         ts_step_05040.state.pt                                                 
[epoch 43] step=5160 train_loss=0.241734
[train] step=5161 loss=0.272945 lr=2.808e-06
[train] step=5162 loss=0.222467 lr=2.806e-06
[train] step=5163 loss=0.132730 lr=2.804e-06
[train] step=5164 loss=0.495967 lr=2.802e-06
[train] step=5165 loss=0.206227 lr=2.800e-06
[train] step=5166 loss=0.244578 lr=2.799e-06
[train] step=5167 loss=0.128126 lr=2.797e-06
[train] step=5168 loss=0.356768 lr=2.795e-06
[train] step=5169 loss=0.134356 lr=2.793e-06
[train] step=5170 loss=0.299202 lr=2.792e-06
[train] step=5171 loss=0.151866 lr=2.790e-06
[train] step=5172 loss=0.161419 lr=2.788e-06
[train] step=5173 loss=0.236765 lr=2.786e-06
[train] step=5174 loss=0.251801 lr=2.785e-06
[train] step=5175 loss=0.298496 lr=2.783e-06
[train] step=5176 loss=0.269863 lr=2.781e-06
[train] step=5177 loss=0.216834 lr=2.779e-06
[train] step=5178 loss=0.159170 lr=2.778e-06
[train] step=5179 loss=0.244574 lr=2.776e-06
[train] step=5180 loss=0.151150 lr=2.774e-06
[train] step=5181 loss=0.209483 lr=2.772e-06
[train] step=5182 loss=0.188941 lr=2.771e-06
[train] step=5183 loss=0.176442 lr=2.769e-06
[train] step=5184 loss=0.291551 lr=2.767e-06
[train] step=5185 loss=0.182956 lr=2.765e-06
[train] step=5186 loss=0.247329 lr=2.764e-06
[train] step=5187 loss=0.174057 lr=2.762e-06
[train] step=5188 loss=0.468950 lr=2.760e-06
[train] step=5189 loss=0.430847 lr=2.758e-06
[train] step=5190 loss=0.249524 lr=2.757e-06
[train] step=5191 loss=0.178977 lr=2.755e-06
[train] step=5192 loss=0.195363 lr=2.753e-06
[train] step=5193 loss=0.165314 lr=2.751e-06
[train] step=5194 loss=0.235789 lr=2.750e-06
[train] step=5195 loss=0.157144 lr=2.748e-06
[train] step=5196 loss=0.229966 lr=2.746e-06
[train] step=5197 loss=0.134100 lr=2.744e-06
[train] step=5198 loss=0.144191 lr=2.743e-06
[train] step=5199 loss=0.449426 lr=2.741e-06
[train] step=5200 loss=0.236643 lr=2.739e-06
[train] step=5201 loss=0.238394 lr=2.737e-06
[train] step=5202 loss=0.179019 lr=2.736e-06
[train] step=5203 loss=0.439325 lr=2.734e-06
[train] step=5204 loss=0.178406 lr=2.732e-06
[train] step=5205 loss=0.253667 lr=2.730e-06
[train] step=5206 loss=0.161624 lr=2.729e-06
[train] step=5207 loss=0.249207 lr=2.727e-06
[train] step=5208 loss=0.210396 lr=2.725e-06
[train] step=5209 loss=0.189336 lr=2.723e-06
[train] step=5210 loss=0.139597 lr=2.722e-06
[train] step=5211 loss=0.312409 lr=2.720e-06
[train] step=5212 loss=0.229679 lr=2.718e-06
[train] step=5213 loss=0.136427 lr=2.716e-06
[train] step=5214 loss=0.112786 lr=2.715e-06
[train] step=5215 loss=0.189818 lr=2.713e-06
[train] step=5216 loss=0.131227 lr=2.711e-06
[train] step=5217 loss=0.351808 lr=2.709e-06
[train] step=5218 loss=0.158272 lr=2.708e-06
[train] step=5219 loss=0.241870 lr=2.706e-06
[train] step=5220 loss=0.200120 lr=2.704e-06
[train] step=5221 loss=0.132227 lr=2.702e-06
[train] step=5222 loss=0.275379 lr=2.701e-06
[train] step=5223 loss=0.347171 lr=2.699e-06
[train] step=5224 loss=0.221109 lr=2.697e-06
[train] step=5225 loss=0.517352 lr=2.695e-06
[train] step=5226 loss=0.260317 lr=2.694e-06
[train] step=5227 loss=0.298087 lr=2.692e-06
[train] step=5228 loss=0.170916 lr=2.690e-06
[train] step=5229 loss=0.175875 lr=2.689e-06
[train] step=5230 loss=0.138646 lr=2.687e-06
[train] step=5231 loss=0.177353 lr=2.685e-06
[train] step=5232 loss=0.112272 lr=2.683e-06
[train] step=5233 loss=0.198176 lr=2.682e-06
[train] step=5234 loss=0.240032 lr=2.680e-06
[train] step=5235 loss=0.204210 lr=2.678e-06
[train] step=5236 loss=0.316801 lr=2.676e-06
[train] step=5237 loss=0.164468 lr=2.675e-06
[train] step=5238 loss=0.274665 lr=2.673e-06
[train] step=5239 loss=0.165254 lr=2.671e-06
[train] step=5240 loss=0.249368 lr=2.669e-06
[train] step=5241 loss=0.282367 lr=2.668e-06
[train] step=5242 loss=0.233608 lr=2.666e-06
[train] step=5243 loss=0.194115 lr=2.664e-06
[train] step=5244 loss=0.314867 lr=2.662e-06
[train] step=5245 loss=0.213836 lr=2.661e-06
[train] step=5246 loss=0.209060 lr=2.659e-06
[train] step=5247 loss=0.184930 lr=2.657e-06
[train] step=5248 loss=0.107921 lr=2.656e-06
[train] step=5249 loss=0.252037 lr=2.654e-06
[train] step=5250 loss=0.219337 lr=2.652e-06
[train] step=5251 loss=0.179854 lr=2.650e-06
[train] step=5252 loss=0.343708 lr=2.649e-06
[train] step=5253 loss=0.157891 lr=2.647e-06
[train] step=5254 loss=0.208367 lr=2.645e-06
[train] step=5255 loss=0.200320 lr=2.643e-06
[train] step=5256 loss=0.240007 lr=2.642e-06
[train] step=5257 loss=0.238392 lr=2.640e-06
[train] step=5258 loss=0.243742 lr=2.638e-06
[train] step=5259 loss=0.249653 lr=2.637e-06
[train] step=5260 loss=0.245443 lr=2.635e-06
[train] step=5261 loss=0.131776 lr=2.633e-06
[train] step=5262 loss=0.612283 lr=2.631e-06
[train] step=5263 loss=0.495857 lr=2.630e-06
[train] step=5264 loss=0.252162 lr=2.628e-06
[train] step=5265 loss=0.494963 lr=2.626e-06
[train] step=5266 loss=0.261195 lr=2.624e-06
[train] step=5267 loss=0.101236 lr=2.623e-06
[train] step=5268 loss=0.156183 lr=2.621e-06
[train] step=5269 loss=0.226976 lr=2.619e-06
[train] step=5270 loss=0.273911 lr=2.618e-06
[train] step=5271 loss=0.200659 lr=2.616e-06
[train] step=5272 loss=0.285466 lr=2.614e-06
[train] step=5273 loss=0.166822 lr=2.612e-06
[train] step=5274 loss=0.416514 lr=2.611e-06
[train] step=5275 loss=0.387986 lr=2.609e-06
[train] step=5276 loss=0.128075 lr=2.607e-06
[train] step=5277 loss=0.286178 lr=2.606e-06
[train] step=5278 loss=0.222020 lr=2.604e-06
[train] step=5279 loss=0.252709 lr=2.602e-06
[train] step=5280 loss=0.170430 lr=2.600e-06
INFO     [rank 0] Model weights for step 5280 saved in       dit_trainer.py:1268
         checkpoints/model_weights_step_05280.safetensors                       
INFO     [rank 0] Scalar embedding weights for step 5280     dit_trainer.py:1277
         saved                                                                  
INFO     [rank 0] Training state saved:                      dit_trainer.py:1365
         checkpoints/model_weights_step_05280.state.pt                          
DEBUG    [rank 0] Removed old checkpoint:                    dit_trainer.py:1378
         /hppfs/scratch/0D/go76fuz2/windinet/outputs/shockwa                    
         ve_dit_ep20_baseline_std1p5/checkpoints/model_weigh                    
         ts_step_05040.safetensors                                              
DEBUG    [rank 0] Removed old checkpoint:                    dit_trainer.py:1378
         /hppfs/scratch/0D/go76fuz2/windinet/outputs/shockwa                    
         ve_dit_ep20_baseline_std1p5/checkpoints/scalar_embe                    
         dding_step_05040.safetensors                                           
DEBUG    [rank 0] Removed optimizer state for older kept     dit_trainer.py:1393
         checkpoint:                                                            
         /hppfs/scratch/0D/go76fuz2/windinet/outputs/shockwa                    
         ve_dit_ep20_baseline_std1p5/checkpoints/model_weigh                    
         ts_step_05160.state.pt                                                 
[epoch 44] step=5280 train_loss=0.236144
[train] step=5281 loss=0.279833 lr=2.599e-06
[train] step=5282 loss=0.318528 lr=2.597e-06
[train] step=5283 loss=0.380839 lr=2.595e-06
[train] step=5284 loss=0.385892 lr=2.593e-06
[train] step=5285 loss=0.200604 lr=2.592e-06
[train] step=5286 loss=0.256607 lr=2.590e-06
[train] step=5287 loss=0.112362 lr=2.588e-06
[train] step=5288 loss=0.175185 lr=2.587e-06
[train] step=5289 loss=0.247577 lr=2.585e-06
[train] step=5290 loss=0.258429 lr=2.583e-06
[train] step=5291 loss=0.148069 lr=2.581e-06
[train] step=5292 loss=0.183664 lr=2.580e-06
[train] step=5293 loss=0.238005 lr=2.578e-06
[train] step=5294 loss=0.309700 lr=2.576e-06
[train] step=5295 loss=0.336248 lr=2.575e-06
[train] step=5296 loss=0.355779 lr=2.573e-06
[train] step=5297 loss=0.171212 lr=2.571e-06
[train] step=5298 loss=0.281172 lr=2.569e-06
[train] step=5299 loss=0.172987 lr=2.568e-06
[train] step=5300 loss=0.312088 lr=2.566e-06
[train] step=5301 loss=0.172970 lr=2.564e-06
[train] step=5302 loss=0.258843 lr=2.563e-06
[train] step=5303 loss=0.221571 lr=2.561e-06
[train] step=5304 loss=0.172045 lr=2.559e-06
[train] step=5305 loss=0.153006 lr=2.557e-06
[train] step=5306 loss=0.254953 lr=2.556e-06
[train] step=5307 loss=0.228930 lr=2.554e-06
[train] step=5308 loss=0.455212 lr=2.552e-06
[train] step=5309 loss=0.178510 lr=2.551e-06
[train] step=5310 loss=0.306366 lr=2.549e-06
[train] step=5311 loss=0.116132 lr=2.547e-06
[train] step=5312 loss=0.168982 lr=2.546e-06
[train] step=5313 loss=0.176166 lr=2.544e-06
[train] step=5314 loss=0.195319 lr=2.542e-06
[train] step=5315 loss=0.291523 lr=2.540e-06
[train] step=5316 loss=0.159418 lr=2.539e-06
[train] step=5317 loss=0.364224 lr=2.537e-06
[train] step=5318 loss=0.385939 lr=2.535e-06
[train] step=5319 loss=0.239295 lr=2.534e-06
[train] step=5320 loss=0.199370 lr=2.532e-06
[train] step=5321 loss=0.781638 lr=2.530e-06
[train] step=5322 loss=0.236071 lr=2.528e-06
[train] step=5323 loss=0.172790 lr=2.527e-06
[train] step=5324 loss=0.278386 lr=2.525e-06
[train] step=5325 loss=0.215476 lr=2.523e-06
[train] step=5326 loss=0.238699 lr=2.522e-06
[train] step=5327 loss=0.277159 lr=2.520e-06
[train] step=5328 loss=0.169460 lr=2.518e-06
[train] step=5329 loss=0.239847 lr=2.517e-06
[train] step=5330 loss=0.186129 lr=2.515e-06
[train] step=5331 loss=0.197452 lr=2.513e-06
[train] step=5332 loss=0.251542 lr=2.511e-06
[train] step=5333 loss=0.199654 lr=2.510e-06
[train] step=5334 loss=0.239611 lr=2.508e-06
[train] step=5335 loss=0.229621 lr=2.506e-06
[train] step=5336 loss=0.131756 lr=2.505e-06
[train] step=5337 loss=0.456518 lr=2.503e-06
[train] step=5338 loss=0.402773 lr=2.501e-06
[train] step=5339 loss=0.217109 lr=2.500e-06
[train] step=5340 loss=0.242596 lr=2.498e-06
[train] step=5341 loss=0.152582 lr=2.496e-06
[train] step=5342 loss=0.484256 lr=2.494e-06
[train] step=5343 loss=0.297580 lr=2.493e-06
[train] step=5344 loss=0.233226 lr=2.491e-06
[train] step=5345 loss=0.194667 lr=2.489e-06
[train] step=5346 loss=0.208319 lr=2.488e-06
[train] step=5347 loss=0.214828 lr=2.486e-06
[train] step=5348 loss=0.169749 lr=2.484e-06
[train] step=5349 loss=0.361267 lr=2.483e-06
[train] step=5350 loss=0.184294 lr=2.481e-06
[train] step=5351 loss=0.308174 lr=2.479e-06
[train] step=5352 loss=0.294844 lr=2.478e-06
[train] step=5353 loss=0.188868 lr=2.476e-06
[train] step=5354 loss=0.278607 lr=2.474e-06
[train] step=5355 loss=0.190381 lr=2.472e-06
[train] step=5356 loss=0.159545 lr=2.471e-06
[train] step=5357 loss=0.219138 lr=2.469e-06
[train] step=5358 loss=0.292505 lr=2.467e-06
[train] step=5359 loss=0.242372 lr=2.466e-06
[train] step=5360 loss=0.385749 lr=2.464e-06
[train] step=5361 loss=0.219979 lr=2.462e-06
[train] step=5362 loss=0.151042 lr=2.461e-06
[train] step=5363 loss=0.243254 lr=2.459e-06
[train] step=5364 loss=0.506642 lr=2.457e-06
[train] step=5365 loss=0.327148 lr=2.456e-06
[train] step=5366 loss=0.209453 lr=2.454e-06
[train] step=5367 loss=0.165308 lr=2.452e-06
[train] step=5368 loss=0.514508 lr=2.451e-06
[train] step=5369 loss=0.273900 lr=2.449e-06
[train] step=5370 loss=0.254465 lr=2.447e-06
[train] step=5371 loss=0.256361 lr=2.445e-06
[train] step=5372 loss=0.233098 lr=2.444e-06
[train] step=5373 loss=0.598638 lr=2.442e-06
[train] step=5374 loss=0.179207 lr=2.440e-06
[train] step=5375 loss=0.284096 lr=2.439e-06
[train] step=5376 loss=0.197129 lr=2.437e-06
[train] step=5377 loss=0.262276 lr=2.435e-06
[train] step=5378 loss=0.332351 lr=2.434e-06
[train] step=5379 loss=0.186268 lr=2.432e-06
[train] step=5380 loss=0.283061 lr=2.430e-06
[train] step=5381 loss=0.297284 lr=2.429e-06
[train] step=5382 loss=0.223226 lr=2.427e-06
[train] step=5383 loss=0.285681 lr=2.425e-06
[train] step=5384 loss=0.310229 lr=2.424e-06
[train] step=5385 loss=0.154755 lr=2.422e-06
[train] step=5386 loss=0.246481 lr=2.420e-06
[train] step=5387 loss=0.137240 lr=2.419e-06
[train] step=5388 loss=0.304513 lr=2.417e-06
[train] step=5389 loss=0.375094 lr=2.415e-06
[train] step=5390 loss=0.111047 lr=2.414e-06
[train] step=5391 loss=0.154363 lr=2.412e-06
[train] step=5392 loss=0.178609 lr=2.410e-06
[train] step=5393 loss=0.258919 lr=2.409e-06
[train] step=5394 loss=0.205875 lr=2.407e-06
[train] step=5395 loss=0.147405 lr=2.405e-06
[train] step=5396 loss=0.299950 lr=2.403e-06
[train] step=5397 loss=0.231323 lr=2.402e-06
[train] step=5398 loss=0.361843 lr=2.400e-06
[train] step=5399 loss=0.086862 lr=2.398e-06
[train] step=5400 loss=0.124810 lr=2.397e-06
[val] step=5400 val_loss=0.251901
INFO     [rank 0] Model weights for step 5400 saved in       dit_trainer.py:1268
         checkpoints/model_weights_step_05400.safetensors                       
INFO     [rank 0] Scalar embedding weights for step 5400     dit_trainer.py:1277
         saved                                                                  
INFO     [rank 0] Training state saved:                      dit_trainer.py:1365
         checkpoints/model_weights_step_05400.state.pt                          
INFO     [rank 0] New best checkpoint (step 5400,            dit_trainer.py:1300
         val_loss=0.251901):                                                    
         checkpoints/model_weights_best.safetensors                             
DEBUG    [rank 0] Removed old checkpoint:                    dit_trainer.py:1378
         /hppfs/scratch/0D/go76fuz2/windinet/outputs/shockwa                    
         ve_dit_ep20_baseline_std1p5/checkpoints/model_weigh                    
         ts_step_05160.safetensors                                              
DEBUG    [rank 0] Removed old checkpoint:                    dit_trainer.py:1378
         /hppfs/scratch/0D/go76fuz2/windinet/outputs/shockwa                    
         ve_dit_ep20_baseline_std1p5/checkpoints/scalar_embe                    
         dding_step_05160.safetensors                                           
DEBUG    [rank 0] Removed optimizer state for older kept     dit_trainer.py:1393
         checkpoint:                                                            
         /hppfs/scratch/0D/go76fuz2/windinet/outputs/shockwa                    
         ve_dit_ep20_baseline_std1p5/checkpoints/model_weigh                    
         ts_step_05280.state.pt                                                 
[epoch 45] step=5400 train_loss=0.253901 val_loss=0.251901
[train] step=5401 loss=0.245557 lr=2.395e-06
[train] step=5402 loss=0.283547 lr=2.393e-06
[train] step=5403 loss=0.387820 lr=2.392e-06
[train] step=5404 loss=0.163706 lr=2.390e-06
[train] step=5405 loss=0.277157 lr=2.388e-06
[train] step=5406 loss=0.156369 lr=2.387e-06
[train] step=5407 loss=0.258303 lr=2.385e-06
[train] step=5408 loss=0.173717 lr=2.383e-06
[train] step=5409 loss=0.257966 lr=2.382e-06
[train] step=5410 loss=0.447877 lr=2.380e-06
[train] step=5411 loss=0.174792 lr=2.378e-06
[train] step=5412 loss=0.240235 lr=2.377e-06
[train] step=5413 loss=0.195846 lr=2.375e-06
[train] step=5414 loss=0.178139 lr=2.373e-06
[train] step=5415 loss=0.220384 lr=2.372e-06
[train] step=5416 loss=0.256198 lr=2.370e-06
[train] step=5417 loss=0.181749 lr=2.368e-06
[train] step=5418 loss=0.184952 lr=2.367e-06
[train] step=5419 loss=0.345002 lr=2.365e-06
[train] step=5420 loss=0.159556 lr=2.363e-06
[train] step=5421 loss=0.153285 lr=2.362e-06
[train] step=5422 loss=0.159896 lr=2.360e-06
[train] step=5423 loss=0.243054 lr=2.358e-06
[train] step=5424 loss=0.199053 lr=2.357e-06
[train] step=5425 loss=0.200287 lr=2.355e-06
[train] step=5426 loss=0.220981 lr=2.353e-06
[train] step=5427 loss=0.139995 lr=2.352e-06
[train] step=5428 loss=0.250936 lr=2.350e-06
[train] step=5429 loss=0.223447 lr=2.348e-06
[train] step=5430 loss=0.174701 lr=2.347e-06
[train] step=5431 loss=0.331121 lr=2.345e-06
[train] step=5432 loss=0.178411 lr=2.343e-06
[train] step=5433 loss=0.190159 lr=2.342e-06
[train] step=5434 loss=0.238434 lr=2.340e-06
[train] step=5435 loss=0.308155 lr=2.338e-06
[train] step=5436 loss=0.227669 lr=2.337e-06
[train] step=5437 loss=0.495046 lr=2.335e-06
[train] step=5438 loss=0.254519 lr=2.334e-06
[train] step=5439 loss=0.251583 lr=2.332e-06
[train] step=5440 loss=0.185886 lr=2.330e-06
[train] step=5441 loss=0.217846 lr=2.329e-06
[train] step=5442 loss=0.338445 lr=2.327e-06
[train] step=5443 loss=0.230210 lr=2.325e-06
[train] step=5444 loss=0.142620 lr=2.324e-06
[train] step=5445 loss=0.209302 lr=2.322e-06
[train] step=5446 loss=0.220573 lr=2.320e-06
[train] step=5447 loss=0.183652 lr=2.319e-06
[train] step=5448 loss=0.255942 lr=2.317e-06
[train] step=5449 loss=0.247476 lr=2.315e-06
[train] step=5450 loss=0.348716 lr=2.314e-06
[train] step=5451 loss=0.283515 lr=2.312e-06
[train] step=5452 loss=0.257597 lr=2.310e-06
[train] step=5453 loss=0.167765 lr=2.309e-06
[train] step=5454 loss=0.158503 lr=2.307e-06
[train] step=5455 loss=0.272876 lr=2.305e-06
[train] step=5456 loss=0.170634 lr=2.304e-06
[train] step=5457 loss=0.161651 lr=2.302e-06
[train] step=5458 loss=0.240514 lr=2.300e-06
[train] step=5459 loss=0.475310 lr=2.299e-06
[train] step=5460 loss=0.307778 lr=2.297e-06
[train] step=5461 loss=0.268334 lr=2.296e-06
[train] step=5462 loss=0.158188 lr=2.294e-06
[train] step=5463 loss=0.192041 lr=2.292e-06
[train] step=5464 loss=0.199494 lr=2.291e-06
[train] step=5465 loss=0.328605 lr=2.289e-06
[train] step=5466 loss=0.246815 lr=2.287e-06
[train] step=5467 loss=0.201591 lr=2.286e-06
[train] step=5468 loss=0.161126 lr=2.284e-06
[train] step=5469 loss=0.128802 lr=2.282e-06
[train] step=5470 loss=0.247813 lr=2.281e-06
[train] step=5471 loss=0.251441 lr=2.279e-06
[train] step=5472 loss=0.225652 lr=2.277e-06
[train] step=5473 loss=0.163585 lr=2.276e-06
[train] step=5474 loss=0.180793 lr=2.274e-06
[train] step=5475 loss=0.232763 lr=2.272e-06
[train] step=5476 loss=0.440699 lr=2.271e-06
[train] step=5477 loss=0.141222 lr=2.269e-06
[train] step=5478 loss=0.247317 lr=2.268e-06
[train] step=5479 loss=0.258927 lr=2.266e-06
[train] step=5480 loss=0.214608 lr=2.264e-06
[train] step=5481 loss=0.212162 lr=2.263e-06
[train] step=5482 loss=0.265889 lr=2.261e-06
[train] step=5483 loss=0.139877 lr=2.259e-06
[train] step=5484 loss=0.265499 lr=2.258e-06
[train] step=5485 loss=0.224007 lr=2.256e-06
[train] step=5486 loss=0.235450 lr=2.254e-06
[train] step=5487 loss=0.210345 lr=2.253e-06
[train] step=5488 loss=0.189304 lr=2.251e-06
[train] step=5489 loss=0.344095 lr=2.250e-06
[train] step=5490 loss=0.265225 lr=2.248e-06
[train] step=5491 loss=0.359973 lr=2.246e-06
[train] step=5492 loss=0.166294 lr=2.245e-06
[train] step=5493 loss=0.246610 lr=2.243e-06
[train] step=5494 loss=0.222339 lr=2.241e-06
[train] step=5495 loss=0.199368 lr=2.240e-06
[train] step=5496 loss=0.277537 lr=2.238e-06
[train] step=5497 loss=0.300797 lr=2.236e-06
[train] step=5498 loss=0.204354 lr=2.235e-06
[train] step=5499 loss=0.264104 lr=2.233e-06
[train] step=5500 loss=0.145289 lr=2.232e-06
[train] step=5501 loss=0.259651 lr=2.230e-06
[train] step=5502 loss=0.184840 lr=2.228e-06
[train] step=5503 loss=0.254531 lr=2.227e-06
[train] step=5504 loss=0.229573 lr=2.225e-06
[train] step=5505 loss=0.243796 lr=2.223e-06
[train] step=5506 loss=0.222679 lr=2.222e-06
[train] step=5507 loss=0.157643 lr=2.220e-06
[train] step=5508 loss=0.216441 lr=2.219e-06
[train] step=5509 loss=0.198555 lr=2.217e-06
[train] step=5510 loss=0.530947 lr=2.215e-06
[train] step=5511 loss=0.635966 lr=2.214e-06
[train] step=5512 loss=0.264605 lr=2.212e-06
[train] step=5513 loss=0.376582 lr=2.210e-06
[train] step=5514 loss=0.269255 lr=2.209e-06
[train] step=5515 loss=0.244934 lr=2.207e-06
[train] step=5516 loss=0.836079 lr=2.206e-06
[train] step=5517 loss=0.158355 lr=2.204e-06
[train] step=5518 loss=0.354820 lr=2.202e-06
[train] step=5519 loss=0.321556 lr=2.201e-06
[train] step=5520 loss=0.274099 lr=2.199e-06
INFO     [rank 0] Model weights for step 5520 saved in       dit_trainer.py:1268
         checkpoints/model_weights_step_05520.safetensors                       
INFO     [rank 0] Scalar embedding weights for step 5520     dit_trainer.py:1277
         saved                                                                  
INFO     [rank 0] Training state saved:                      dit_trainer.py:1365
         checkpoints/model_weights_step_05520.state.pt                          
DEBUG    [rank 0] Removed old checkpoint:                    dit_trainer.py:1378
         /hppfs/scratch/0D/go76fuz2/windinet/outputs/shockwa                    
         ve_dit_ep20_baseline_std1p5/checkpoints/model_weigh                    
         ts_step_05280.safetensors                                              
DEBUG    [rank 0] Removed old checkpoint:                    dit_trainer.py:1378
         /hppfs/scratch/0D/go76fuz2/windinet/outputs/shockwa                    
         ve_dit_ep20_baseline_std1p5/checkpoints/scalar_embe                    
         dding_step_05280.safetensors                                           
DEBUG    [rank 0] Removed optimizer state for older kept     dit_trainer.py:1393
         checkpoint:                                                            
         /hppfs/scratch/0D/go76fuz2/windinet/outputs/shockwa                    
         ve_dit_ep20_baseline_std1p5/checkpoints/model_weigh                    
         ts_step_05400.state.pt                                                 
[epoch 46] step=5520 train_loss=0.246836
[train] step=5521 loss=0.231007 lr=2.197e-06
[train] step=5522 loss=0.175617 lr=2.196e-06
[train] step=5523 loss=0.187388 lr=2.194e-06
[train] step=5524 loss=0.286394 lr=2.193e-06
[train] step=5525 loss=0.261154 lr=2.191e-06
[train] step=5526 loss=0.489897 lr=2.189e-06
[train] step=5527 loss=0.252651 lr=2.188e-06
[train] step=5528 loss=0.947937 lr=2.186e-06
[train] step=5529 loss=0.210475 lr=2.184e-06
[train] step=5530 loss=0.217519 lr=2.183e-06
[train] step=5531 loss=0.679753 lr=2.181e-06
[train] step=5532 loss=0.285781 lr=2.180e-06
[train] step=5533 loss=0.162284 lr=2.178e-06
[train] step=5534 loss=0.316326 lr=2.176e-06
[train] step=5535 loss=0.363816 lr=2.175e-06
[train] step=5536 loss=0.225296 lr=2.173e-06
[train] step=5537 loss=0.221578 lr=2.171e-06
[train] step=5538 loss=0.226030 lr=2.170e-06
[train] step=5539 loss=0.499742 lr=2.168e-06
[train] step=5540 loss=0.134142 lr=2.167e-06
[train] step=5541 loss=0.191050 lr=2.165e-06
[train] step=5542 loss=0.532185 lr=2.163e-06
[train] step=5543 loss=0.195804 lr=2.162e-06
[train] step=5544 loss=0.305662 lr=2.160e-06
[train] step=5545 loss=0.315207 lr=2.159e-06
[train] step=5546 loss=0.151775 lr=2.157e-06
[train] step=5547 loss=0.533255 lr=2.155e-06
[train] step=5548 loss=0.257583 lr=2.154e-06
[train] step=5549 loss=0.288437 lr=2.152e-06
[train] step=5550 loss=0.241990 lr=2.151e-06
[train] step=5551 loss=0.279082 lr=2.149e-06
[train] step=5552 loss=0.213301 lr=2.147e-06
[train] step=5553 loss=0.194605 lr=2.146e-06
[train] step=5554 loss=0.351253 lr=2.144e-06
[train] step=5555 loss=0.447765 lr=2.142e-06
[train] step=5556 loss=0.229739 lr=2.141e-06
[train] step=5557 loss=0.177119 lr=2.139e-06
[train] step=5558 loss=0.164251 lr=2.138e-06
[train] step=5559 loss=0.349019 lr=2.136e-06
[train] step=5560 loss=0.219213 lr=2.134e-06
[train] step=5561 loss=0.297750 lr=2.133e-06
[train] step=5562 loss=0.295133 lr=2.131e-06
[train] step=5563 loss=0.325615 lr=2.130e-06
[train] step=5564 loss=0.130548 lr=2.128e-06
[train] step=5565 loss=0.192823 lr=2.126e-06
[train] step=5566 loss=0.213736 lr=2.125e-06
[train] step=5567 loss=0.189068 lr=2.123e-06
[train] step=5568 loss=0.278691 lr=2.122e-06
[train] step=5569 loss=0.203653 lr=2.120e-06
[train] step=5570 loss=0.226547 lr=2.118e-06
[train] step=5571 loss=0.254915 lr=2.117e-06
[train] step=5572 loss=0.238728 lr=2.115e-06
[train] step=5573 loss=0.349816 lr=2.114e-06
[train] step=5574 loss=0.179036 lr=2.112e-06
[train] step=5575 loss=0.281522 lr=2.110e-06
[train] step=5576 loss=0.155302 lr=2.109e-06
[train] step=5577 loss=0.295806 lr=2.107e-06
[train] step=5578 loss=0.167928 lr=2.106e-06
[train] step=5579 loss=0.134537 lr=2.104e-06
[train] step=5580 loss=0.311840 lr=2.102e-06
[train] step=5581 loss=0.182605 lr=2.101e-06
[train] step=5582 loss=0.480226 lr=2.099e-06
[train] step=5583 loss=0.352895 lr=2.098e-06
[train] step=5584 loss=0.376101 lr=2.096e-06
[train] step=5585 loss=0.283599 lr=2.094e-06
[train] step=5586 loss=0.470463 lr=2.093e-06
[train] step=5587 loss=0.195453 lr=2.091e-06
[train] step=5588 loss=0.255440 lr=2.090e-06
[train] step=5589 loss=0.231793 lr=2.088e-06
[train] step=5590 loss=0.180585 lr=2.086e-06
[train] step=5591 loss=0.272559 lr=2.085e-06
[train] step=5592 loss=0.198539 lr=2.083e-06
[train] step=5593 loss=0.231796 lr=2.082e-06
[train] step=5594 loss=0.217343 lr=2.080e-06
[train] step=5595 loss=0.334276 lr=2.079e-06
[train] step=5596 loss=0.210442 lr=2.077e-06
[train] step=5597 loss=0.158113 lr=2.075e-06
[train] step=5598 loss=0.281894 lr=2.074e-06
[train] step=5599 loss=0.149006 lr=2.072e-06
[train] step=5600 loss=0.237626 lr=2.071e-06
[train] step=5601 loss=0.227706 lr=2.069e-06
[train] step=5602 loss=0.300865 lr=2.067e-06
[train] step=5603 loss=0.270170 lr=2.066e-06
[train] step=5604 loss=0.331322 lr=2.064e-06
[train] step=5605 loss=0.243893 lr=2.063e-06
[train] step=5606 loss=0.184841 lr=2.061e-06
[train] step=5607 loss=0.187563 lr=2.059e-06
[train] step=5608 loss=0.386399 lr=2.058e-06
[train] step=5609 loss=0.158373 lr=2.056e-06
[train] step=5610 loss=0.526036 lr=2.055e-06
[train] step=5611 loss=0.244558 lr=2.053e-06
[train] step=5612 loss=0.121507 lr=2.052e-06
[train] step=5613 loss=0.180637 lr=2.050e-06
[train] step=5614 loss=0.183099 lr=2.048e-06
[train] step=5615 loss=0.250969 lr=2.047e-06
[train] step=5616 loss=0.272285 lr=2.045e-06
[train] step=5617 loss=0.315657 lr=2.044e-06
[train] step=5618 loss=0.196638 lr=2.042e-06
[train] step=5619 loss=0.324612 lr=2.041e-06
[train] step=5620 loss=0.281497 lr=2.039e-06
[train] step=5621 loss=0.283151 lr=2.037e-06
[train] step=5622 loss=0.234320 lr=2.036e-06
[train] step=5623 loss=0.145748 lr=2.034e-06
[train] step=5624 loss=0.221582 lr=2.033e-06
[train] step=5625 loss=0.241605 lr=2.031e-06
[train] step=5626 loss=0.167790 lr=2.029e-06
[train] step=5627 loss=0.231714 lr=2.028e-06
[train] step=5628 loss=0.307171 lr=2.026e-06
[train] step=5629 loss=0.201383 lr=2.025e-06
[train] step=5630 loss=0.165714 lr=2.023e-06
[train] step=5631 loss=0.128910 lr=2.022e-06
[train] step=5632 loss=0.245918 lr=2.020e-06
[train] step=5633 loss=0.140201 lr=2.018e-06
[train] step=5634 loss=0.442319 lr=2.017e-06
[train] step=5635 loss=0.272433 lr=2.015e-06
[train] step=5636 loss=0.314818 lr=2.014e-06
[train] step=5637 loss=0.221412 lr=2.012e-06
[train] step=5638 loss=0.231337 lr=2.011e-06
[train] step=5639 loss=0.363852 lr=2.009e-06
[train] step=5640 loss=0.246185 lr=2.007e-06
INFO     [rank 0] Model weights for step 5640 saved in       dit_trainer.py:1268
         checkpoints/model_weights_step_05640.safetensors                       
INFO     [rank 0] Scalar embedding weights for step 5640     dit_trainer.py:1277
         saved                                                                  
INFO     [rank 0] Training state saved:                      dit_trainer.py:1365
         checkpoints/model_weights_step_05640.state.pt                          
DEBUG    [rank 0] Removed old checkpoint:                    dit_trainer.py:1378
         /hppfs/scratch/0D/go76fuz2/windinet/outputs/shockwa                    
         ve_dit_ep20_baseline_std1p5/checkpoints/model_weigh                    
         ts_step_05400.safetensors                                              
DEBUG    [rank 0] Removed old checkpoint:                    dit_trainer.py:1378
         /hppfs/scratch/0D/go76fuz2/windinet/outputs/shockwa                    
         ve_dit_ep20_baseline_std1p5/checkpoints/scalar_embe                    
         dding_step_05400.safetensors                                           
DEBUG    [rank 0] Removed optimizer state for older kept     dit_trainer.py:1393
         checkpoint:                                                            
         /hppfs/scratch/0D/go76fuz2/windinet/outputs/shockwa                    
         ve_dit_ep20_baseline_std1p5/checkpoints/model_weigh                    
         ts_step_05520.state.pt                                                 
[epoch 47] step=5640 train_loss=0.267174
[train] step=5641 loss=0.174302 lr=2.006e-06
[train] step=5642 loss=0.263242 lr=2.004e-06
[train] step=5643 loss=0.273274 lr=2.003e-06
[train] step=5644 loss=0.207965 lr=2.001e-06
[train] step=5645 loss=0.213548 lr=2.000e-06
[train] step=5646 loss=0.293490 lr=1.998e-06
[train] step=5647 loss=0.210320 lr=1.996e-06
[train] step=5648 loss=0.219953 lr=1.995e-06
[train] step=5649 loss=0.301045 lr=1.993e-06
[train] step=5650 loss=0.240949 lr=1.992e-06
[train] step=5651 loss=0.680088 lr=1.990e-06
[train] step=5652 loss=0.288921 lr=1.989e-06
[train] step=5653 loss=0.238615 lr=1.987e-06
[train] step=5654 loss=0.241026 lr=1.986e-06
[train] step=5655 loss=0.279779 lr=1.984e-06
[train] step=5656 loss=0.767552 lr=1.982e-06
[train] step=5657 loss=0.213905 lr=1.981e-06
[train] step=5658 loss=0.232249 lr=1.979e-06
[train] step=5659 loss=0.197308 lr=1.978e-06
[train] step=5660 loss=0.205852 lr=1.976e-06
[train] step=5661 loss=0.379309 lr=1.975e-06
[train] step=5662 loss=0.230753 lr=1.973e-06
[train] step=5663 loss=0.327862 lr=1.972e-06
[train] step=5664 loss=0.255720 lr=1.970e-06
[train] step=5665 loss=0.333794 lr=1.968e-06
[train] step=5666 loss=0.266711 lr=1.967e-06
[train] step=5667 loss=0.316435 lr=1.965e-06
[train] step=5668 loss=0.414903 lr=1.964e-06
[train] step=5669 loss=0.185319 lr=1.962e-06
[train] step=5670 loss=0.288788 lr=1.961e-06
[train] step=5671 loss=0.348817 lr=1.959e-06
[train] step=5672 loss=0.200942 lr=1.957e-06
[train] step=5673 loss=0.343470 lr=1.956e-06
[train] step=5674 loss=0.179889 lr=1.954e-06
[train] step=5675 loss=0.345498 lr=1.953e-06
[train] step=5676 loss=0.187475 lr=1.951e-06
[train] step=5677 loss=0.319182 lr=1.950e-06
[train] step=5678 loss=0.173960 lr=1.948e-06
[train] step=5679 loss=0.162893 lr=1.947e-06
[train] step=5680 loss=0.142521 lr=1.945e-06
[train] step=5681 loss=0.281879 lr=1.944e-06
[train] step=5682 loss=0.298860 lr=1.942e-06
[train] step=5683 loss=0.316887 lr=1.940e-06
[train] step=5684 loss=0.096153 lr=1.939e-06
[train] step=5685 loss=0.194396 lr=1.937e-06
[train] step=5686 loss=0.159557 lr=1.936e-06
[train] step=5687 loss=0.228881 lr=1.934e-06
[train] step=5688 loss=0.212572 lr=1.933e-06
[train] step=5689 loss=0.264571 lr=1.931e-06
[train] step=5690 loss=0.210915 lr=1.930e-06
[train] step=5691 loss=0.103229 lr=1.928e-06
[train] step=5692 loss=0.232004 lr=1.927e-06
[train] step=5693 loss=0.178558 lr=1.925e-06
[train] step=5694 loss=0.152467 lr=1.923e-06
[train] step=5695 loss=0.229744 lr=1.922e-06
[train] step=5696 loss=0.176296 lr=1.920e-06
[train] step=5697 loss=0.191782 lr=1.919e-06
[train] step=5698 loss=0.220048 lr=1.917e-06
[train] step=5699 loss=0.326982 lr=1.916e-06
[train] step=5700 loss=0.174100 lr=1.914e-06
[train] step=5701 loss=0.108879 lr=1.913e-06
[train] step=5702 loss=0.234291 lr=1.911e-06
[train] step=5703 loss=0.136935 lr=1.910e-06
[train] step=5704 loss=0.208962 lr=1.908e-06
[train] step=5705 loss=0.247884 lr=1.906e-06
[train] step=5706 loss=0.249638 lr=1.905e-06
[train] step=5707 loss=0.181458 lr=1.903e-06
[train] step=5708 loss=0.187630 lr=1.902e-06
[train] step=5709 loss=0.215569 lr=1.900e-06
[train] step=5710 loss=0.270839 lr=1.899e-06
[train] step=5711 loss=0.190997 lr=1.897e-06
[train] step=5712 loss=0.209603 lr=1.896e-06
[train] step=5713 loss=0.159239 lr=1.894e-06
[train] step=5714 loss=0.192670 lr=1.893e-06
[train] step=5715 loss=0.175494 lr=1.891e-06
[train] step=5716 loss=0.414054 lr=1.890e-06
[train] step=5717 loss=0.283717 lr=1.888e-06
[train] step=5718 loss=0.160994 lr=1.887e-06
[train] step=5719 loss=0.101798 lr=1.885e-06
[train] step=5720 loss=0.242116 lr=1.883e-06
[train] step=5721 loss=0.559999 lr=1.882e-06
[train] step=5722 loss=0.191141 lr=1.880e-06
[train] step=5723 loss=0.409306 lr=1.879e-06
[train] step=5724 loss=0.301072 lr=1.877e-06
[train] step=5725 loss=0.223834 lr=1.876e-06
[train] step=5726 loss=0.197986 lr=1.874e-06
[train] step=5727 loss=0.188663 lr=1.873e-06
[train] step=5728 loss=0.345799 lr=1.871e-06
[train] step=5729 loss=0.173027 lr=1.870e-06
[train] step=5730 loss=0.232942 lr=1.868e-06
[train] step=5731 loss=0.132844 lr=1.867e-06
[train] step=5732 loss=0.317163 lr=1.865e-06
[train] step=5733 loss=0.281109 lr=1.864e-06
[train] step=5734 loss=0.273790 lr=1.862e-06
[train] step=5735 loss=0.187688 lr=1.861e-06
[train] step=5736 loss=0.309351 lr=1.859e-06
[train] step=5737 loss=0.220842 lr=1.857e-06
[train] step=5738 loss=0.261541 lr=1.856e-06
[train] step=5739 loss=0.268871 lr=1.854e-06
[train] step=5740 loss=0.249960 lr=1.853e-06
[train] step=5741 loss=0.163907 lr=1.851e-06
[train] step=5742 loss=0.240181 lr=1.850e-06
[train] step=5743 loss=0.229724 lr=1.848e-06
[train] step=5744 loss=0.170734 lr=1.847e-06
[train] step=5745 loss=0.174739 lr=1.845e-06
[train] step=5746 loss=0.221874 lr=1.844e-06
[train] step=5747 loss=0.195584 lr=1.842e-06
[train] step=5748 loss=0.272844 lr=1.841e-06
[train] step=5749 loss=0.425151 lr=1.839e-06
[train] step=5750 loss=0.185683 lr=1.838e-06
[train] step=5751 loss=0.332694 lr=1.836e-06
[train] step=5752 loss=0.203407 lr=1.835e-06
[train] step=5753 loss=0.220655 lr=1.833e-06
[train] step=5754 loss=0.260357 lr=1.832e-06
[train] step=5755 loss=0.143181 lr=1.830e-06
[train] step=5756 loss=0.213913 lr=1.829e-06
[train] step=5757 loss=0.231108 lr=1.827e-06
[train] step=5758 loss=0.203765 lr=1.826e-06
[train] step=5759 loss=0.193259 lr=1.824e-06
[train] step=5760 loss=0.149893 lr=1.823e-06
INFO     [rank 0] Model weights for step 5760 saved in       dit_trainer.py:1268
         checkpoints/model_weights_step_05760.safetensors                       
INFO     [rank 0] Scalar embedding weights for step 5760     dit_trainer.py:1277
         saved                                                                  
INFO     [rank 0] Training state saved:                      dit_trainer.py:1365
         checkpoints/model_weights_step_05760.state.pt                          
DEBUG    [rank 0] Removed old checkpoint:                    dit_trainer.py:1378
         /hppfs/scratch/0D/go76fuz2/windinet/outputs/shockwa                    
         ve_dit_ep20_baseline_std1p5/checkpoints/model_weigh                    
         ts_step_05520.safetensors                                              
DEBUG    [rank 0] Removed old checkpoint:                    dit_trainer.py:1378
         /hppfs/scratch/0D/go76fuz2/windinet/outputs/shockwa                    
         ve_dit_ep20_baseline_std1p5/checkpoints/scalar_embe                    
         dding_step_05520.safetensors                                           
DEBUG    [rank 0] Removed optimizer state for older kept     dit_trainer.py:1393
         checkpoint:                                                            
         /hppfs/scratch/0D/go76fuz2/windinet/outputs/shockwa                    
         ve_dit_ep20_baseline_std1p5/checkpoints/model_weigh                    
         ts_step_05640.state.pt                                                 
[epoch 48] step=5760 train_loss=0.245218
[train] step=5761 loss=0.137287 lr=1.821e-06
[train] step=5762 loss=0.372958 lr=1.820e-06
[train] step=5763 loss=0.176815 lr=1.818e-06
[train] step=5764 loss=0.220542 lr=1.817e-06
[train] step=5765 loss=0.266501 lr=1.815e-06
[train] step=5766 loss=0.121045 lr=1.814e-06
[train] step=5767 loss=0.315439 lr=1.812e-06
[train] step=5768 loss=0.316537 lr=1.810e-06
[train] step=5769 loss=0.211060 lr=1.809e-06
[train] step=5770 loss=0.188821 lr=1.807e-06
[train] step=5771 loss=0.340519 lr=1.806e-06
[train] step=5772 loss=0.239911 lr=1.804e-06
[train] step=5773 loss=0.155076 lr=1.803e-06
[train] step=5774 loss=0.232664 lr=1.801e-06
[train] step=5775 loss=0.164385 lr=1.800e-06
[train] step=5776 loss=0.273516 lr=1.798e-06
[train] step=5777 loss=0.242352 lr=1.797e-06
[train] step=5778 loss=0.211177 lr=1.795e-06
[train] step=5779 loss=0.201974 lr=1.794e-06
[train] step=5780 loss=0.248137 lr=1.792e-06
[train] step=5781 loss=0.226475 lr=1.791e-06
[train] step=5782 loss=0.167701 lr=1.789e-06
[train] step=5783 loss=0.223035 lr=1.788e-06
[train] step=5784 loss=0.316377 lr=1.786e-06
[train] step=5785 loss=0.234299 lr=1.785e-06
[train] step=5786 loss=0.545969 lr=1.783e-06
[train] step=5787 loss=0.230754 lr=1.782e-06
[train] step=5788 loss=0.122050 lr=1.780e-06
[train] step=5789 loss=0.208007 lr=1.779e-06
[train] step=5790 loss=0.172128 lr=1.777e-06
[train] step=5791 loss=0.206131 lr=1.776e-06
[train] step=5792 loss=0.182491 lr=1.774e-06
[train] step=5793 loss=0.172822 lr=1.773e-06
[train] step=5794 loss=0.263576 lr=1.771e-06
[train] step=5795 loss=0.252603 lr=1.770e-06
[train] step=5796 loss=0.179775 lr=1.768e-06
[train] step=5797 loss=0.201608 lr=1.767e-06
[train] step=5798 loss=0.212573 lr=1.765e-06
[train] step=5799 loss=0.145054 lr=1.764e-06
[train] step=5800 loss=0.274259 lr=1.762e-06
[train] step=5801 loss=0.230209 lr=1.761e-06
[train] step=5802 loss=0.188657 lr=1.760e-06
[train] step=5803 loss=0.172552 lr=1.758e-06
[train] step=5804 loss=0.231689 lr=1.757e-06
[train] step=5805 loss=0.210481 lr=1.755e-06
[train] step=5806 loss=0.246016 lr=1.754e-06
[train] step=5807 loss=0.251648 lr=1.752e-06
[train] step=5808 loss=0.401675 lr=1.751e-06
[train] step=5809 loss=0.258477 lr=1.749e-06
[train] step=5810 loss=0.293279 lr=1.748e-06
[train] step=5811 loss=0.150627 lr=1.746e-06
[train] step=5812 loss=0.253672 lr=1.745e-06
[train] step=5813 loss=0.188956 lr=1.743e-06
[train] step=5814 loss=0.425709 lr=1.742e-06
[train] step=5815 loss=0.248505 lr=1.740e-06
[train] step=5816 loss=0.124575 lr=1.739e-06
[train] step=5817 loss=0.242915 lr=1.737e-06
[train] step=5818 loss=0.247563 lr=1.736e-06
[train] step=5819 loss=0.226850 lr=1.734e-06
[train] step=5820 loss=0.217648 lr=1.733e-06
[train] step=5821 loss=0.722144 lr=1.731e-06
[train] step=5822 loss=0.220574 lr=1.730e-06
[train] step=5823 loss=0.276052 lr=1.728e-06
[train] step=5824 loss=0.197057 lr=1.727e-06
[train] step=5825 loss=0.112726 lr=1.725e-06
[train] step=5826 loss=0.191644 lr=1.724e-06
[train] step=5827 loss=0.292759 lr=1.722e-06
[train] step=5828 loss=0.271969 lr=1.721e-06
[train] step=5829 loss=0.208366 lr=1.719e-06
[train] step=5830 loss=0.196320 lr=1.718e-06
[train] step=5831 loss=0.304954 lr=1.716e-06
[train] step=5832 loss=0.187271 lr=1.715e-06
[train] step=5833 loss=0.137623 lr=1.714e-06
[train] step=5834 loss=0.306945 lr=1.712e-06
[train] step=5835 loss=0.247456 lr=1.711e-06
[train] step=5836 loss=0.273159 lr=1.709e-06
[train] step=5837 loss=0.150210 lr=1.708e-06
[train] step=5838 loss=0.281313 lr=1.706e-06
[train] step=5839 loss=0.195532 lr=1.705e-06
[train] step=5840 loss=0.162423 lr=1.703e-06
[train] step=5841 loss=0.301499 lr=1.702e-06
[train] step=5842 loss=0.279654 lr=1.700e-06
[train] step=5843 loss=0.301576 lr=1.699e-06
[train] step=5844 loss=0.292427 lr=1.697e-06
[train] step=5845 loss=0.216910 lr=1.696e-06
[train] step=5846 loss=0.463383 lr=1.694e-06
[train] step=5847 loss=0.335938 lr=1.693e-06
[train] step=5848 loss=0.169879 lr=1.691e-06
[train] step=5849 loss=0.215444 lr=1.690e-06
[train] step=5850 loss=0.174902 lr=1.689e-06
[train] step=5851 loss=0.376888 lr=1.687e-06
[train] step=5852 loss=0.340492 lr=1.686e-06
[train] step=5853 loss=0.226410 lr=1.684e-06
[train] step=5854 loss=0.142491 lr=1.683e-06
[train] step=5855 loss=0.100044 lr=1.681e-06
[train] step=5856 loss=0.159836 lr=1.680e-06
[train] step=5857 loss=0.170589 lr=1.678e-06
[train] step=5858 loss=0.105396 lr=1.677e-06
[train] step=5859 loss=0.195963 lr=1.675e-06
[train] step=5860 loss=0.234487 lr=1.674e-06
[train] step=5861 loss=0.159555 lr=1.672e-06
[train] step=5862 loss=0.175586 lr=1.671e-06
[train] step=5863 loss=0.293897 lr=1.670e-06
[train] step=5864 loss=0.417268 lr=1.668e-06
[train] step=5865 loss=0.233902 lr=1.667e-06
[train] step=5866 loss=0.225186 lr=1.665e-06
[train] step=5867 loss=0.234960 lr=1.664e-06
[train] step=5868 loss=0.306117 lr=1.662e-06
[train] step=5869 loss=0.274613 lr=1.661e-06
[train] step=5870 loss=0.249686 lr=1.659e-06
[train] step=5871 loss=0.138151 lr=1.658e-06
[train] step=5872 loss=0.473757 lr=1.656e-06
[train] step=5873 loss=0.104234 lr=1.655e-06
[train] step=5874 loss=0.231616 lr=1.653e-06
[train] step=5875 loss=0.208673 lr=1.652e-06
[train] step=5876 loss=0.176024 lr=1.651e-06
[train] step=5877 loss=0.217566 lr=1.649e-06
[train] step=5878 loss=0.256249 lr=1.648e-06
[train] step=5879 loss=0.196129 lr=1.646e-06
[train] step=5880 loss=0.373245 lr=1.645e-06
INFO     [rank 0] Model weights for step 5880 saved in       dit_trainer.py:1268
         checkpoints/model_weights_step_05880.safetensors                       
INFO     [rank 0] Scalar embedding weights for step 5880     dit_trainer.py:1277
         saved                                                                  
INFO     [rank 0] Training state saved:                      dit_trainer.py:1365
         checkpoints/model_weights_step_05880.state.pt                          
DEBUG    [rank 0] Removed old checkpoint:                    dit_trainer.py:1378
         /hppfs/scratch/0D/go76fuz2/windinet/outputs/shockwa                    
         ve_dit_ep20_baseline_std1p5/checkpoints/model_weigh                    
         ts_step_05640.safetensors                                              
DEBUG    [rank 0] Removed old checkpoint:                    dit_trainer.py:1378
         /hppfs/scratch/0D/go76fuz2/windinet/outputs/shockwa                    
         ve_dit_ep20_baseline_std1p5/checkpoints/scalar_embe                    
         dding_step_05640.safetensors                                           
DEBUG    [rank 0] Removed optimizer state for older kept     dit_trainer.py:1393
         checkpoint:                                                            
         /hppfs/scratch/0D/go76fuz2/windinet/outputs/shockwa                    
         ve_dit_ep20_baseline_std1p5/checkpoints/model_weigh                    
         ts_step_05760.state.pt                                                 
[epoch 49] step=5880 train_loss=0.237082
[train] step=5881 loss=0.210798 lr=1.643e-06
[train] step=5882 loss=0.345990 lr=1.642e-06
[train] step=5883 loss=0.207005 lr=1.640e-06
[train] step=5884 loss=0.186817 lr=1.639e-06
[train] step=5885 loss=0.340607 lr=1.638e-06
[train] step=5886 loss=0.289645 lr=1.636e-06
[train] step=5887 loss=0.175704 lr=1.635e-06
[train] step=5888 loss=0.431688 lr=1.633e-06
[train] step=5889 loss=0.134336 lr=1.632e-06
[train] step=5890 loss=0.167969 lr=1.630e-06
[train] step=5891 loss=0.250584 lr=1.629e-06
[train] step=5892 loss=0.231235 lr=1.627e-06
[train] step=5893 loss=0.138340 lr=1.626e-06
[train] step=5894 loss=0.154242 lr=1.624e-06
[train] step=5895 loss=0.200667 lr=1.623e-06
[train] step=5896 loss=0.336002 lr=1.622e-06
[train] step=5897 loss=0.421928 lr=1.620e-06
[train] step=5898 loss=0.218084 lr=1.619e-06
[train] step=5899 loss=0.418611 lr=1.617e-06
[train] step=5900 loss=0.176702 lr=1.616e-06
[train] step=5901 loss=0.837549 lr=1.614e-06
[train] step=5902 loss=0.185249 lr=1.613e-06
[train] step=5903 loss=0.257346 lr=1.612e-06
[train] step=5904 loss=0.259250 lr=1.610e-06
[train] step=5905 loss=0.482805 lr=1.609e-06
[train] step=5906 loss=0.168110 lr=1.607e-06
[train] step=5907 loss=0.227947 lr=1.606e-06
[train] step=5908 loss=0.328432 lr=1.604e-06
[train] step=5909 loss=0.322559 lr=1.603e-06
[train] step=5910 loss=0.316531 lr=1.601e-06
[train] step=5911 loss=0.164884 lr=1.600e-06
[train] step=5912 loss=0.175604 lr=1.599e-06
[train] step=5913 loss=0.237214 lr=1.597e-06
[train] step=5914 loss=0.195537 lr=1.596e-06
[train] step=5915 loss=0.122623 lr=1.594e-06
[train] step=5916 loss=0.159270 lr=1.593e-06
[train] step=5917 loss=0.259972 lr=1.591e-06
[train] step=5918 loss=0.176139 lr=1.590e-06
[train] step=5919 loss=0.195479 lr=1.589e-06
[train] step=5920 loss=0.194442 lr=1.587e-06
[train] step=5921 loss=0.266666 lr=1.586e-06
[train] step=5922 loss=0.152185 lr=1.584e-06
[train] step=5923 loss=0.227668 lr=1.583e-06
[train] step=5924 loss=0.121946 lr=1.581e-06
[train] step=5925 loss=0.358357 lr=1.580e-06
[train] step=5926 loss=0.201533 lr=1.579e-06
[train] step=5927 loss=0.190269 lr=1.577e-06
[train] step=5928 loss=0.192525 lr=1.576e-06
[train] step=5929 loss=0.226335 lr=1.574e-06
[train] step=5930 loss=0.155710 lr=1.573e-06
[train] step=5931 loss=0.234660 lr=1.571e-06
[train] step=5932 loss=0.262729 lr=1.570e-06
[train] step=5933 loss=0.173616 lr=1.569e-06
[train] step=5934 loss=0.262899 lr=1.567e-06
[train] step=5935 loss=0.161597 lr=1.566e-06
[train] step=5936 loss=0.172649 lr=1.564e-06
[train] step=5937 loss=0.282296 lr=1.563e-06
[train] step=5938 loss=0.240539 lr=1.561e-06
[train] step=5939 loss=0.183226 lr=1.560e-06
[train] step=5940 loss=0.214664 lr=1.559e-06
[train] step=5941 loss=0.230046 lr=1.557e-06
[train] step=5942 loss=0.188442 lr=1.556e-06
[train] step=5943 loss=0.274357 lr=1.554e-06
[train] step=5944 loss=0.492344 lr=1.553e-06
[train] step=5945 loss=0.192873 lr=1.552e-06
[train] step=5946 loss=0.161392 lr=1.550e-06
[train] step=5947 loss=0.246112 lr=1.549e-06
[train] step=5948 loss=0.315071 lr=1.547e-06
[train] step=5949 loss=0.279748 lr=1.546e-06
[train] step=5950 loss=0.260757 lr=1.544e-06
[train] step=5951 loss=0.167903 lr=1.543e-06
[train] step=5952 loss=0.166567 lr=1.542e-06
[train] step=5953 loss=0.154698 lr=1.540e-06
[train] step=5954 loss=0.258114 lr=1.539e-06
[train] step=5955 loss=0.320943 lr=1.537e-06
[train] step=5956 loss=0.163049 lr=1.536e-06
[train] step=5957 loss=0.238735 lr=1.535e-06
[train] step=5958 loss=0.222321 lr=1.533e-06
[train] step=5959 loss=0.196720 lr=1.532e-06
[train] step=5960 loss=0.097715 lr=1.530e-06
[train] step=5961 loss=0.257191 lr=1.529e-06
[train] step=5962 loss=0.215163 lr=1.528e-06
[train] step=5963 loss=0.349086 lr=1.526e-06
[train] step=5964 loss=0.256297 lr=1.525e-06
[train] step=5965 loss=0.272831 lr=1.523e-06
[train] step=5966 loss=0.259212 lr=1.522e-06
[train] step=5967 loss=0.262418 lr=1.520e-06
[train] step=5968 loss=0.138284 lr=1.519e-06
[train] step=5969 loss=0.236249 lr=1.518e-06
[train] step=5970 loss=0.126491 lr=1.516e-06
[train] step=5971 loss=0.292509 lr=1.515e-06
[train] step=5972 loss=0.222195 lr=1.513e-06
[train] step=5973 loss=0.140940 lr=1.512e-06
[train] step=5974 loss=0.229404 lr=1.511e-06
[train] step=5975 loss=0.180672 lr=1.509e-06
[train] step=5976 loss=0.183738 lr=1.508e-06
[train] step=5977 loss=0.197604 lr=1.506e-06
[train] step=5978 loss=0.141504 lr=1.505e-06
[train] step=5979 loss=0.191987 lr=1.504e-06
[train] step=5980 loss=0.290906 lr=1.502e-06
[train] step=5981 loss=0.191953 lr=1.501e-06
[train] step=5982 loss=0.214572 lr=1.499e-06
[train] step=5983 loss=0.183073 lr=1.498e-06
[train] step=5984 loss=0.133291 lr=1.497e-06
[train] step=5985 loss=0.201945 lr=1.495e-06
[train] step=5986 loss=0.158549 lr=1.494e-06
[train] step=5987 loss=0.352729 lr=1.492e-06
[train] step=5988 loss=0.240873 lr=1.491e-06
[train] step=5989 loss=0.322447 lr=1.490e-06
[train] step=5990 loss=0.381979 lr=1.488e-06
[train] step=5991 loss=0.207457 lr=1.487e-06
[train] step=5992 loss=0.441737 lr=1.486e-06
[train] step=5993 loss=0.690793 lr=1.484e-06
[train] step=5994 loss=0.271364 lr=1.483e-06
[train] step=5995 loss=0.196386 lr=1.481e-06
[train] step=5996 loss=0.241010 lr=1.480e-06
[train] step=5997 loss=0.192670 lr=1.479e-06
[train] step=5998 loss=0.154136 lr=1.477e-06
[train] step=5999 loss=0.165462 lr=1.476e-06
[train] step=6000 loss=0.218887 lr=1.474e-06
[val] step=6000 val_loss=0.250012
INFO     [rank 0] Model weights for step 6000 saved in       dit_trainer.py:1268
         checkpoints/model_weights_step_06000.safetensors                       
INFO     [rank 0] Scalar embedding weights for step 6000     dit_trainer.py:1277
         saved                                                                  
INFO     [rank 0] Training state saved:                      dit_trainer.py:1365
         checkpoints/model_weights_step_06000.state.pt                          
INFO     [rank 0] New best checkpoint (step 6000,            dit_trainer.py:1300
         val_loss=0.250012):                                                    
         checkpoints/model_weights_best.safetensors                             
DEBUG    [rank 0] Removed old checkpoint:                    dit_trainer.py:1378
         /hppfs/scratch/0D/go76fuz2/windinet/outputs/shockwa                    
         ve_dit_ep20_baseline_std1p5/checkpoints/model_weigh                    
         ts_step_05760.safetensors                                              
DEBUG    [rank 0] Removed old checkpoint:                    dit_trainer.py:1378
         /hppfs/scratch/0D/go76fuz2/windinet/outputs/shockwa                    
         ve_dit_ep20_baseline_std1p5/checkpoints/scalar_embe                    
         dding_step_05760.safetensors                                           
DEBUG    [rank 0] Removed optimizer state for older kept     dit_trainer.py:1393
         checkpoint:                                                            
         /hppfs/scratch/0D/go76fuz2/windinet/outputs/shockwa                    
         ve_dit_ep20_baseline_std1p5/checkpoints/model_weigh                    
         ts_step_05880.state.pt                                                 
[epoch 50] step=6000 train_loss=0.241452 val_loss=0.250012
[train] step=6001 loss=0.279077 lr=1.473e-06
[train] step=6002 loss=0.338800 lr=1.472e-06
[train] step=6003 loss=0.114128 lr=1.470e-06
[train] step=6004 loss=0.497279 lr=1.469e-06
[train] step=6005 loss=0.188804 lr=1.467e-06
[train] step=6006 loss=0.203375 lr=1.466e-06
[train] step=6007 loss=0.257743 lr=1.465e-06
[train] step=6008 loss=0.201658 lr=1.463e-06
[train] step=6009 loss=0.206608 lr=1.462e-06
[train] step=6010 loss=0.262671 lr=1.461e-06
[train] step=6011 loss=0.128025 lr=1.459e-06
[train] step=6012 loss=0.239004 lr=1.458e-06
[train] step=6013 loss=0.327631 lr=1.456e-06
[train] step=6014 loss=0.197872 lr=1.455e-06
[train] step=6015 loss=0.206692 lr=1.454e-06
[train] step=6016 loss=0.151194 lr=1.452e-06
[train] step=6017 loss=0.219425 lr=1.451e-06
[train] step=6018 loss=0.325671 lr=1.450e-06
[train] step=6019 loss=0.199678 lr=1.448e-06
[train] step=6020 loss=0.209732 lr=1.447e-06
[train] step=6021 loss=0.148152 lr=1.445e-06
[train] step=6022 loss=0.338182 lr=1.444e-06
[train] step=6023 loss=0.195937 lr=1.443e-06
[train] step=6024 loss=0.309685 lr=1.441e-06
[train] step=6025 loss=0.156458 lr=1.440e-06
[train] step=6026 loss=0.160964 lr=1.438e-06
[train] step=6027 loss=0.177411 lr=1.437e-06
[train] step=6028 loss=0.206736 lr=1.436e-06
[train] step=6029 loss=0.239947 lr=1.434e-06
[train] step=6030 loss=0.168000 lr=1.433e-06
[train] step=6031 loss=0.305344 lr=1.432e-06
[train] step=6032 loss=0.350925 lr=1.430e-06
[train] step=6033 loss=0.256515 lr=1.429e-06
[train] step=6034 loss=0.205458 lr=1.428e-06
[train] step=6035 loss=0.211495 lr=1.426e-06
[train] step=6036 loss=0.161799 lr=1.425e-06
[train] step=6037 loss=0.269027 lr=1.423e-06
[train] step=6038 loss=0.242941 lr=1.422e-06
[train] step=6039 loss=0.290030 lr=1.421e-06
[train] step=6040 loss=0.218528 lr=1.419e-06
[train] step=6041 loss=0.170112 lr=1.418e-06
[train] step=6042 loss=0.147367 lr=1.417e-06
[train] step=6043 loss=0.310718 lr=1.415e-06
[train] step=6044 loss=0.129228 lr=1.414e-06
[train] step=6045 loss=0.157916 lr=1.413e-06
[train] step=6046 loss=0.240500 lr=1.411e-06
[train] step=6047 loss=0.185248 lr=1.410e-06
[train] step=6048 loss=0.247865 lr=1.408e-06
[train] step=6049 loss=0.168451 lr=1.407e-06
[train] step=6050 loss=0.236550 lr=1.406e-06
[train] step=6051 loss=0.347773 lr=1.404e-06
[train] step=6052 loss=0.274641 lr=1.403e-06
[train] step=6053 loss=0.200875 lr=1.402e-06
[train] step=6054 loss=0.177130 lr=1.400e-06
[train] step=6055 loss=0.304374 lr=1.399e-06
[train] step=6056 loss=0.107375 lr=1.398e-06
[train] step=6057 loss=0.208163 lr=1.396e-06
[train] step=6058 loss=0.152724 lr=1.395e-06
[train] step=6059 loss=0.174256 lr=1.393e-06
[train] step=6060 loss=0.166851 lr=1.392e-06
[train] step=6061 loss=0.073698 lr=1.391e-06
[train] step=6062 loss=0.374615 lr=1.389e-06
[train] step=6063 loss=0.177447 lr=1.388e-06
[train] step=6064 loss=0.255064 lr=1.387e-06
[train] step=6065 loss=0.117839 lr=1.385e-06
[train] step=6066 loss=0.188884 lr=1.384e-06
[train] step=6067 loss=0.230115 lr=1.383e-06
[train] step=6068 loss=0.193643 lr=1.381e-06
[train] step=6069 loss=0.157292 lr=1.380e-06
[train] step=6070 loss=0.187187 lr=1.379e-06
[train] step=6071 loss=0.249584 lr=1.377e-06
[train] step=6072 loss=0.211625 lr=1.376e-06
[train] step=6073 loss=0.162366 lr=1.375e-06
[train] step=6074 loss=0.193474 lr=1.373e-06
[train] step=6075 loss=0.186183 lr=1.372e-06
[train] step=6076 loss=0.194175 lr=1.371e-06
[train] step=6077 loss=0.237541 lr=1.369e-06
[train] step=6078 loss=0.239353 lr=1.368e-06
[train] step=6079 loss=0.290912 lr=1.366e-06
[train] step=6080 loss=0.347909 lr=1.365e-06
[train] step=6081 loss=0.189205 lr=1.364e-06
[train] step=6082 loss=0.149688 lr=1.362e-06
[train] step=6083 loss=0.322205 lr=1.361e-06
[train] step=6084 loss=0.126268 lr=1.360e-06
[train] step=6085 loss=0.196661 lr=1.358e-06
[train] step=6086 loss=0.117520 lr=1.357e-06
[train] step=6087 loss=0.149112 lr=1.356e-06
[train] step=6088 loss=0.201330 lr=1.354e-06
[train] step=6089 loss=0.249796 lr=1.353e-06
[train] step=6090 loss=0.365831 lr=1.352e-06
[train] step=6091 loss=0.143236 lr=1.350e-06
[train] step=6092 loss=0.106794 lr=1.349e-06
[train] step=6093 loss=0.174136 lr=1.348e-06
[train] step=6094 loss=0.257341 lr=1.346e-06
[train] step=6095 loss=0.318187 lr=1.345e-06
[train] step=6096 loss=0.186120 lr=1.344e-06
[train] step=6097 loss=0.447643 lr=1.342e-06
[train] step=6098 loss=0.246100 lr=1.341e-06
[train] step=6099 loss=0.293435 lr=1.340e-06
[train] step=6100 loss=0.185865 lr=1.338e-06
[train] step=6101 loss=0.164434 lr=1.337e-06
[train] step=6102 loss=0.232762 lr=1.336e-06
[train] step=6103 loss=0.238491 lr=1.334e-06
[train] step=6104 loss=0.182718 lr=1.333e-06
[train] step=6105 loss=0.239111 lr=1.332e-06
[train] step=6106 loss=0.129606 lr=1.330e-06
[train] step=6107 loss=0.253176 lr=1.329e-06
[train] step=6108 loss=0.340266 lr=1.328e-06
[train] step=6109 loss=0.235701 lr=1.326e-06
[train] step=6110 loss=0.175526 lr=1.325e-06
[train] step=6111 loss=0.538714 lr=1.324e-06
[train] step=6112 loss=0.285714 lr=1.322e-06
[train] step=6113 loss=0.573647 lr=1.321e-06
[train] step=6114 loss=0.235789 lr=1.320e-06
[train] step=6115 loss=0.100117 lr=1.318e-06
[train] step=6116 loss=0.149036 lr=1.317e-06
[train] step=6117 loss=0.460150 lr=1.316e-06
[train] step=6118 loss=0.190086 lr=1.315e-06
[train] step=6119 loss=0.220608 lr=1.313e-06
[train] step=6120 loss=0.218602 lr=1.312e-06
INFO     [rank 0] Model weights for step 6120 saved in       dit_trainer.py:1268
         checkpoints/model_weights_step_06120.safetensors                       
INFO     [rank 0] Scalar embedding weights for step 6120     dit_trainer.py:1277
         saved                                                                  
INFO     [rank 0] Training state saved:                      dit_trainer.py:1365
         checkpoints/model_weights_step_06120.state.pt                          
DEBUG    [rank 0] Removed old checkpoint:                    dit_trainer.py:1378
         /hppfs/scratch/0D/go76fuz2/windinet/outputs/shockwa                    
         ve_dit_ep20_baseline_std1p5/checkpoints/model_weigh                    
         ts_step_05880.safetensors                                              
DEBUG    [rank 0] Removed old checkpoint:                    dit_trainer.py:1378
         /hppfs/scratch/0D/go76fuz2/windinet/outputs/shockwa                    
         ve_dit_ep20_baseline_std1p5/checkpoints/scalar_embe                    
         dding_step_05880.safetensors                                           
DEBUG    [rank 0] Removed optimizer state for older kept     dit_trainer.py:1393
         checkpoint:                                                            
         /hppfs/scratch/0D/go76fuz2/windinet/outputs/shockwa                    
         ve_dit_ep20_baseline_std1p5/checkpoints/model_weigh                    
         ts_step_06000.state.pt                                                 
[epoch 51] step=6120 train_loss=0.227805
[train] step=6121 loss=0.481756 lr=1.311e-06
[train] step=6122 loss=0.333174 lr=1.309e-06
[train] step=6123 loss=0.246881 lr=1.308e-06
[train] step=6124 loss=0.198317 lr=1.307e-06
[train] step=6125 loss=0.869434 lr=1.305e-06
[train] step=6126 loss=0.187848 lr=1.304e-06
[train] step=6127 loss=0.216542 lr=1.303e-06
[train] step=6128 loss=0.111390 lr=1.301e-06
[train] step=6129 loss=0.282064 lr=1.300e-06
[train] step=6130 loss=0.279059 lr=1.299e-06
[train] step=6131 loss=0.145738 lr=1.297e-06
[train] step=6132 loss=0.247332 lr=1.296e-06
[train] step=6133 loss=0.310555 lr=1.295e-06
[train] step=6134 loss=0.175849 lr=1.293e-06
[train] step=6135 loss=0.220603 lr=1.292e-06
[train] step=6136 loss=0.161086 lr=1.291e-06
[train] step=6137 loss=0.272944 lr=1.289e-06
[train] step=6138 loss=0.449073 lr=1.288e-06
[train] step=6139 loss=0.388460 lr=1.287e-06
[train] step=6140 loss=0.293997 lr=1.286e-06
[train] step=6141 loss=0.195093 lr=1.284e-06
[train] step=6142 loss=0.158550 lr=1.283e-06
[train] step=6143 loss=0.236457 lr=1.282e-06
[train] step=6144 loss=0.244195 lr=1.280e-06
[train] step=6145 loss=0.456358 lr=1.279e-06
[train] step=6146 loss=0.178932 lr=1.278e-06
[train] step=6147 loss=0.097064 lr=1.276e-06
[train] step=6148 loss=0.366997 lr=1.275e-06
[train] step=6149 loss=0.311073 lr=1.274e-06
[train] step=6150 loss=0.230464 lr=1.272e-06
[train] step=6151 loss=0.417309 lr=1.271e-06
[train] step=6152 loss=0.311535 lr=1.270e-06
[train] step=6153 loss=0.362051 lr=1.269e-06
[train] step=6154 loss=0.168914 lr=1.267e-06
[train] step=6155 loss=0.084785 lr=1.266e-06
[train] step=6156 loss=0.438602 lr=1.265e-06
[train] step=6157 loss=0.248649 lr=1.263e-06
[train] step=6158 loss=0.235937 lr=1.262e-06
[train] step=6159 loss=0.120819 lr=1.261e-06
[train] step=6160 loss=0.223647 lr=1.259e-06
[train] step=6161 loss=0.171746 lr=1.258e-06
[train] step=6162 loss=0.420162 lr=1.257e-06
[train] step=6163 loss=0.109387 lr=1.256e-06
[train] step=6164 loss=0.260687 lr=1.254e-06
[train] step=6165 loss=0.201723 lr=1.253e-06
[train] step=6166 loss=0.160481 lr=1.252e-06
[train] step=6167 loss=0.231332 lr=1.250e-06
[train] step=6168 loss=0.192996 lr=1.249e-06
[train] step=6169 loss=0.216144 lr=1.248e-06
[train] step=6170 loss=0.182641 lr=1.247e-06
[train] step=6171 loss=0.184990 lr=1.245e-06
[train] step=6172 loss=0.276250 lr=1.244e-06
[train] step=6173 loss=0.239890 lr=1.243e-06
[train] step=6174 loss=0.388396 lr=1.241e-06
[train] step=6175 loss=0.254039 lr=1.240e-06
[train] step=6176 loss=0.169944 lr=1.239e-06
[train] step=6177 loss=0.196403 lr=1.238e-06
[train] step=6178 loss=0.121367 lr=1.236e-06
[train] step=6179 loss=0.608799 lr=1.235e-06
[train] step=6180 loss=0.303902 lr=1.234e-06
[train] step=6181 loss=0.254008 lr=1.232e-06
[train] step=6182 loss=0.394984 lr=1.231e-06
[train] step=6183 loss=0.150629 lr=1.230e-06
[train] step=6184 loss=0.129448 lr=1.229e-06
[train] step=6185 loss=0.290860 lr=1.227e-06
[train] step=6186 loss=0.304006 lr=1.226e-06
[train] step=6187 loss=0.259839 lr=1.225e-06
[train] step=6188 loss=0.298521 lr=1.223e-06
[train] step=6189 loss=0.275498 lr=1.222e-06
[train] step=6190 loss=0.284538 lr=1.221e-06
[train] step=6191 loss=0.276706 lr=1.220e-06
[train] step=6192 loss=0.178767 lr=1.218e-06
[train] step=6193 loss=0.180028 lr=1.217e-06
[train] step=6194 loss=0.226442 lr=1.216e-06
[train] step=6195 loss=0.395443 lr=1.214e-06
[train] step=6196 loss=0.224187 lr=1.213e-06
[train] step=6197 loss=0.277587 lr=1.212e-06
[train] step=6198 loss=0.167780 lr=1.211e-06
[train] step=6199 loss=0.225090 lr=1.209e-06
[train] step=6200 loss=0.228886 lr=1.208e-06
[train] step=6201 loss=0.136008 lr=1.207e-06
[train] step=6202 loss=0.236119 lr=1.205e-06
[train] step=6203 loss=0.307153 lr=1.204e-06
[train] step=6204 loss=0.134910 lr=1.203e-06
[train] step=6205 loss=0.198983 lr=1.202e-06
[train] step=6206 loss=0.378597 lr=1.200e-06
[train] step=6207 loss=0.247570 lr=1.199e-06
[train] step=6208 loss=0.163918 lr=1.198e-06
[train] step=6209 loss=0.243441 lr=1.197e-06
[train] step=6210 loss=0.303396 lr=1.195e-06
[train] step=6211 loss=0.340878 lr=1.194e-06
[train] step=6212 loss=0.235684 lr=1.193e-06
[train] step=6213 loss=0.284495 lr=1.192e-06
[train] step=6214 loss=0.190623 lr=1.190e-06
[train] step=6215 loss=0.854187 lr=1.189e-06
[train] step=6216 loss=0.237353 lr=1.188e-06
[train] step=6217 loss=0.224052 lr=1.186e-06
[train] step=6218 loss=0.261139 lr=1.185e-06
[train] step=6219 loss=0.446934 lr=1.184e-06
[train] step=6220 loss=0.260012 lr=1.183e-06
[train] step=6221 loss=0.619205 lr=1.181e-06
[train] step=6222 loss=0.115229 lr=1.180e-06
[train] step=6223 loss=0.307127 lr=1.179e-06
[train] step=6224 loss=0.324440 lr=1.178e-06
[train] step=6225 loss=0.338466 lr=1.176e-06
[train] step=6226 loss=0.288133 lr=1.175e-06
[train] step=6227 loss=0.175603 lr=1.174e-06
[train] step=6228 loss=0.124664 lr=1.173e-06
[train] step=6229 loss=0.333231 lr=1.171e-06
[train] step=6230 loss=0.224119 lr=1.170e-06
[train] step=6231 loss=0.354577 lr=1.169e-06
[train] step=6232 loss=0.288862 lr=1.168e-06
[train] step=6233 loss=0.248253 lr=1.166e-06
[train] step=6234 loss=0.200333 lr=1.165e-06
[train] step=6235 loss=0.672394 lr=1.164e-06
[train] step=6236 loss=0.220623 lr=1.163e-06
[train] step=6237 loss=0.348429 lr=1.161e-06
[train] step=6238 loss=0.227068 lr=1.160e-06
[train] step=6239 loss=0.248933 lr=1.159e-06
[train] step=6240 loss=0.476995 lr=1.158e-06
INFO     [rank 0] Model weights for step 6240 saved in       dit_trainer.py:1268
         checkpoints/model_weights_step_06240.safetensors                       
INFO     [rank 0] Scalar embedding weights for step 6240     dit_trainer.py:1277
         saved                                                                  
INFO     [rank 0] Training state saved:                      dit_trainer.py:1365
         checkpoints/model_weights_step_06240.state.pt                          
DEBUG    [rank 0] Removed old checkpoint:                    dit_trainer.py:1378
         /hppfs/scratch/0D/go76fuz2/windinet/outputs/shockwa                    
         ve_dit_ep20_baseline_std1p5/checkpoints/model_weigh                    
         ts_step_06000.safetensors                                              
DEBUG    [rank 0] Removed old checkpoint:                    dit_trainer.py:1378
         /hppfs/scratch/0D/go76fuz2/windinet/outputs/shockwa                    
         ve_dit_ep20_baseline_std1p5/checkpoints/scalar_embe                    
         dding_step_06000.safetensors                                           
DEBUG    [rank 0] Removed optimizer state for older kept     dit_trainer.py:1393
         checkpoint:                                                            
         /hppfs/scratch/0D/go76fuz2/windinet/outputs/shockwa                    
         ve_dit_ep20_baseline_std1p5/checkpoints/model_weigh                    
         ts_step_06120.state.pt                                                 
[epoch 52] step=6240 train_loss=0.270315
[train] step=6241 loss=0.168578 lr=1.156e-06
[train] step=6242 loss=0.198743 lr=1.155e-06
[train] step=6243 loss=0.227134 lr=1.154e-06
[train] step=6244 loss=0.345139 lr=1.153e-06
[train] step=6245 loss=0.161756 lr=1.151e-06
[train] step=6246 loss=0.122812 lr=1.150e-06
[train] step=6247 loss=0.409042 lr=1.149e-06
[train] step=6248 loss=0.272723 lr=1.148e-06
[train] step=6249 loss=0.358149 lr=1.146e-06
[train] step=6250 loss=0.274022 lr=1.145e-06
[train] step=6251 loss=0.151557 lr=1.144e-06
[train] step=6252 loss=0.225286 lr=1.143e-06
[train] step=6253 loss=0.167191 lr=1.141e-06
[train] step=6254 loss=0.141847 lr=1.140e-06
[train] step=6255 loss=0.189569 lr=1.139e-06
[train] step=6256 loss=0.712237 lr=1.138e-06
[train] step=6257 loss=0.463622 lr=1.136e-06
[train] step=6258 loss=0.194598 lr=1.135e-06
[train] step=6259 loss=0.227562 lr=1.134e-06
[train] step=6260 loss=0.117448 lr=1.133e-06
[train] step=6261 loss=0.133662 lr=1.131e-06
[train] step=6262 loss=0.222858 lr=1.130e-06
[train] step=6263 loss=0.211411 lr=1.129e-06
[train] step=6264 loss=0.231050 lr=1.128e-06
[train] step=6265 loss=0.163121 lr=1.126e-06
[train] step=6266 loss=0.257166 lr=1.125e-06
[train] step=6267 loss=0.421770 lr=1.124e-06
[train] step=6268 loss=0.188779 lr=1.123e-06
[train] step=6269 loss=0.237315 lr=1.122e-06
[train] step=6270 loss=0.261724 lr=1.120e-06
[train] step=6271 loss=0.152597 lr=1.119e-06
[train] step=6272 loss=0.545270 lr=1.118e-06
[train] step=6273 loss=0.193352 lr=1.117e-06
[train] step=6274 loss=0.131078 lr=1.115e-06
[train] step=6275 loss=0.220396 lr=1.114e-06
[train] step=6276 loss=0.172192 lr=1.113e-06
[train] step=6277 loss=0.265921 lr=1.112e-06
[train] step=6278 loss=0.345478 lr=1.110e-06
[train] step=6279 loss=0.740045 lr=1.109e-06
[train] step=6280 loss=0.249621 lr=1.108e-06
[train] step=6281 loss=0.199906 lr=1.107e-06
[train] step=6282 loss=0.106757 lr=1.106e-06
[train] step=6283 loss=0.202691 lr=1.104e-06
[train] step=6284 loss=0.289569 lr=1.103e-06
[train] step=6285 loss=0.348534 lr=1.102e-06
[train] step=6286 loss=0.218744 lr=1.101e-06
[train] step=6287 loss=0.139760 lr=1.099e-06
[train] step=6288 loss=0.274162 lr=1.098e-06
[train] step=6289 loss=0.187285 lr=1.097e-06
[train] step=6290 loss=0.204994 lr=1.096e-06
[train] step=6291 loss=0.188232 lr=1.095e-06
[train] step=6292 loss=0.179991 lr=1.093e-06
[train] step=6293 loss=0.400291 lr=1.092e-06
[train] step=6294 loss=0.228851 lr=1.091e-06
[train] step=6295 loss=0.394202 lr=1.090e-06
[train] step=6296 loss=0.142134 lr=1.088e-06
[train] step=6297 loss=0.410860 lr=1.087e-06
[train] step=6298 loss=0.248866 lr=1.086e-06
[train] step=6299 loss=0.278231 lr=1.085e-06
[train] step=6300 loss=0.198842 lr=1.084e-06
[train] step=6301 loss=0.159781 lr=1.082e-06
[train] step=6302 loss=0.599865 lr=1.081e-06
[train] step=6303 loss=0.198878 lr=1.080e-06
[train] step=6304 loss=0.173177 lr=1.079e-06
[train] step=6305 loss=0.230947 lr=1.077e-06
[train] step=6306 loss=0.140044 lr=1.076e-06
[train] step=6307 loss=0.099098 lr=1.075e-06
[train] step=6308 loss=0.181796 lr=1.074e-06
[train] step=6309 loss=0.156209 lr=1.073e-06
[train] step=6310 loss=0.326861 lr=1.071e-06
[train] step=6311 loss=0.336302 lr=1.070e-06
[train] step=6312 loss=0.261902 lr=1.069e-06
[train] step=6313 loss=0.252451 lr=1.068e-06
[train] step=6314 loss=0.199023 lr=1.067e-06
[train] step=6315 loss=0.174437 lr=1.065e-06
[train] step=6316 loss=0.292782 lr=1.064e-06
[train] step=6317 loss=0.200765 lr=1.063e-06
[train] step=6318 loss=0.322190 lr=1.062e-06
[train] step=6319 loss=0.175571 lr=1.061e-06
[train] step=6320 loss=0.161475 lr=1.059e-06
[train] step=6321 loss=0.112861 lr=1.058e-06
[train] step=6322 loss=0.135438 lr=1.057e-06
[train] step=6323 loss=0.164903 lr=1.056e-06
[train] step=6324 loss=0.366919 lr=1.055e-06
[train] step=6325 loss=0.618853 lr=1.053e-06
[train] step=6326 loss=0.166048 lr=1.052e-06
[train] step=6327 loss=0.216555 lr=1.051e-06
[train] step=6328 loss=0.280388 lr=1.050e-06
[train] step=6329 loss=0.213288 lr=1.049e-06
[train] step=6330 loss=0.280233 lr=1.047e-06
[train] step=6331 loss=0.116366 lr=1.046e-06
[train] step=6332 loss=0.254215 lr=1.045e-06
[train] step=6333 loss=0.170661 lr=1.044e-06
[train] step=6334 loss=0.261175 lr=1.043e-06
[train] step=6335 loss=0.468588 lr=1.041e-06
[train] step=6336 loss=0.293699 lr=1.040e-06
[train] step=6337 loss=0.279757 lr=1.039e-06
[train] step=6338 loss=0.180982 lr=1.038e-06
[train] step=6339 loss=0.309291 lr=1.037e-06
[train] step=6340 loss=0.245503 lr=1.035e-06
[train] step=6341 loss=0.169720 lr=1.034e-06
[train] step=6342 loss=0.204088 lr=1.033e-06
[train] step=6343 loss=0.209072 lr=1.032e-06
[train] step=6344 loss=0.293796 lr=1.031e-06
[train] step=6345 loss=0.228156 lr=1.029e-06
[train] step=6346 loss=0.279127 lr=1.028e-06
[train] step=6347 loss=0.161227 lr=1.027e-06
[train] step=6348 loss=0.182560 lr=1.026e-06
[train] step=6349 loss=0.195400 lr=1.025e-06
[train] step=6350 loss=0.143894 lr=1.024e-06
[train] step=6351 loss=0.185793 lr=1.022e-06
[train] step=6352 loss=0.265132 lr=1.021e-06
[train] step=6353 loss=0.180720 lr=1.020e-06
[train] step=6354 loss=0.396141 lr=1.019e-06
[train] step=6355 loss=0.321912 lr=1.018e-06
[train] step=6356 loss=0.121350 lr=1.016e-06
[train] step=6357 loss=0.332489 lr=1.015e-06
[train] step=6358 loss=0.198112 lr=1.014e-06
[train] step=6359 loss=0.135204 lr=1.013e-06
[train] step=6360 loss=0.409437 lr=1.012e-06
INFO     [rank 0] Model weights for step 6360 saved in       dit_trainer.py:1268
         checkpoints/model_weights_step_06360.safetensors                       
INFO     [rank 0] Scalar embedding weights for step 6360     dit_trainer.py:1277
         saved                                                                  
INFO     [rank 0] Training state saved:                      dit_trainer.py:1365
         checkpoints/model_weights_step_06360.state.pt                          
DEBUG    [rank 0] Removed old checkpoint:                    dit_trainer.py:1378
         /hppfs/scratch/0D/go76fuz2/windinet/outputs/shockwa                    
         ve_dit_ep20_baseline_std1p5/checkpoints/model_weigh                    
         ts_step_06120.safetensors                                              
DEBUG    [rank 0] Removed old checkpoint:                    dit_trainer.py:1378
         /hppfs/scratch/0D/go76fuz2/windinet/outputs/shockwa                    
         ve_dit_ep20_baseline_std1p5/checkpoints/scalar_embe                    
         dding_step_06120.safetensors                                           
DEBUG    [rank 0] Removed optimizer state for older kept     dit_trainer.py:1393
         checkpoint:                                                            
         /hppfs/scratch/0D/go76fuz2/windinet/outputs/shockwa                    
         ve_dit_ep20_baseline_std1p5/checkpoints/model_weigh                    
         ts_step_06240.state.pt                                                 
[epoch 53] step=6360 train_loss=0.248141
[train] step=6361 loss=0.157374 lr=1.011e-06
[train] step=6362 loss=0.258222 lr=1.009e-06
[train] step=6363 loss=0.203983 lr=1.008e-06
[train] step=6364 loss=0.227275 lr=1.007e-06
[train] step=6365 loss=0.296832 lr=1.006e-06
[train] step=6366 loss=0.312657 lr=1.005e-06
[train] step=6367 loss=0.288947 lr=1.004e-06
[train] step=6368 loss=0.399270 lr=1.002e-06
[train] step=6369 loss=0.200463 lr=1.001e-06
[train] step=6370 loss=0.171883 lr=1.000e-06
[train] step=6371 loss=0.147552 lr=9.988e-07
[train] step=6372 loss=0.222564 lr=9.977e-07
[train] step=6373 loss=0.159957 lr=9.965e-07
[train] step=6374 loss=0.253172 lr=9.953e-07
[train] step=6375 loss=0.244434 lr=9.941e-07
[train] step=6376 loss=0.212903 lr=9.930e-07
[train] step=6377 loss=0.126895 lr=9.918e-07
[train] step=6378 loss=0.355987 lr=9.906e-07
[train] step=6379 loss=0.186315 lr=9.895e-07
[train] step=6380 loss=0.253412 lr=9.883e-07
[train] step=6381 loss=0.354890 lr=9.871e-07
[train] step=6382 loss=0.327910 lr=9.860e-07
[train] step=6383 loss=0.326018 lr=9.848e-07
[train] step=6384 loss=0.213481 lr=9.837e-07
[train] step=6385 loss=0.174593 lr=9.825e-07
[train] step=6386 loss=0.278091 lr=9.813e-07
[train] step=6387 loss=0.223331 lr=9.802e-07
[train] step=6388 loss=0.254571 lr=9.790e-07
[train] step=6389 loss=0.277502 lr=9.778e-07
[train] step=6390 loss=0.208002 lr=9.767e-07
[train] step=6391 loss=0.223596 lr=9.755e-07
[train] step=6392 loss=0.239182 lr=9.744e-07
[train] step=6393 loss=0.252082 lr=9.732e-07
[train] step=6394 loss=0.161698 lr=9.720e-07
[train] step=6395 loss=0.549295 lr=9.709e-07
[train] step=6396 loss=0.178745 lr=9.697e-07
[train] step=6397 loss=0.394960 lr=9.686e-07
[train] step=6398 loss=0.182534 lr=9.674e-07
[train] step=6399 loss=0.147226 lr=9.663e-07
[train] step=6400 loss=0.109456 lr=9.651e-07
[train] step=6401 loss=0.271894 lr=9.640e-07
[train] step=6402 loss=0.156697 lr=9.628e-07
[train] step=6403 loss=0.229791 lr=9.617e-07
[train] step=6404 loss=0.220749 lr=9.605e-07
[train] step=6405 loss=0.089606 lr=9.594e-07
[train] step=6406 loss=0.358594 lr=9.582e-07
[train] step=6407 loss=0.275728 lr=9.571e-07
[train] step=6408 loss=0.226751 lr=9.559e-07
[train] step=6409 loss=0.219112 lr=9.548e-07
[train] step=6410 loss=0.233123 lr=9.536e-07
[train] step=6411 loss=0.320490 lr=9.525e-07
[train] step=6412 loss=0.139567 lr=9.513e-07
[train] step=6413 loss=0.253574 lr=9.502e-07
[train] step=6414 loss=0.263729 lr=9.490e-07
[train] step=6415 loss=0.331040 lr=9.479e-07
[train] step=6416 loss=0.228184 lr=9.467e-07
[train] step=6417 loss=0.110910 lr=9.456e-07
[train] step=6418 loss=0.270896 lr=9.444e-07
[train] step=6419 loss=0.280361 lr=9.433e-07
[train] step=6420 loss=0.339050 lr=9.422e-07
[train] step=6421 loss=0.196258 lr=9.410e-07
[train] step=6422 loss=0.192681 lr=9.399e-07
[train] step=6423 loss=0.205974 lr=9.387e-07
[train] step=6424 loss=0.194838 lr=9.376e-07
[train] step=6425 loss=0.220821 lr=9.365e-07
[train] step=6426 loss=0.270141 lr=9.353e-07
[train] step=6427 loss=0.324987 lr=9.342e-07
[train] step=6428 loss=0.214886 lr=9.331e-07
[train] step=6429 loss=0.184590 lr=9.319e-07
[train] step=6430 loss=0.261370 lr=9.308e-07
[train] step=6431 loss=0.153193 lr=9.297e-07
[train] step=6432 loss=0.304023 lr=9.285e-07
[train] step=6433 loss=0.253146 lr=9.274e-07
[train] step=6434 loss=0.205892 lr=9.263e-07
[train] step=6435 loss=0.138438 lr=9.251e-07
[train] step=6436 loss=0.175786 lr=9.240e-07
[train] step=6437 loss=0.184609 lr=9.229e-07
[train] step=6438 loss=0.241486 lr=9.217e-07
[train] step=6439 loss=0.437691 lr=9.206e-07
[train] step=6440 loss=0.137164 lr=9.195e-07
[train] step=6441 loss=0.474383 lr=9.183e-07
[train] step=6442 loss=0.302826 lr=9.172e-07
[train] step=6443 loss=0.399960 lr=9.161e-07
[train] step=6444 loss=0.188797 lr=9.150e-07
[train] step=6445 loss=0.110420 lr=9.138e-07
[train] step=6446 loss=0.237136 lr=9.127e-07
[train] step=6447 loss=0.294278 lr=9.116e-07
[train] step=6448 loss=0.246602 lr=9.105e-07
[train] step=6449 loss=0.125559 lr=9.093e-07
[train] step=6450 loss=0.187656 lr=9.082e-07
[train] step=6451 loss=0.187490 lr=9.071e-07
[train] step=6452 loss=0.233500 lr=9.060e-07
[train] step=6453 loss=0.180460 lr=9.049e-07
[train] step=6454 loss=0.148687 lr=9.037e-07
[train] step=6455 loss=0.217792 lr=9.026e-07
[train] step=6456 loss=0.117351 lr=9.015e-07
[train] step=6457 loss=0.223232 lr=9.004e-07
[train] step=6458 loss=0.168938 lr=8.993e-07
[train] step=6459 loss=0.826408 lr=8.981e-07
[train] step=6460 loss=0.311850 lr=8.970e-07
[train] step=6461 loss=0.166904 lr=8.959e-07
[train] step=6462 loss=0.181207 lr=8.948e-07
[train] step=6463 loss=0.415947 lr=8.937e-07
[train] step=6464 loss=0.162274 lr=8.926e-07
[train] step=6465 loss=0.298778 lr=8.915e-07
[train] step=6466 loss=0.117078 lr=8.903e-07
[train] step=6467 loss=0.096392 lr=8.892e-07
[train] step=6468 loss=0.173162 lr=8.881e-07
[train] step=6469 loss=0.228559 lr=8.870e-07
[train] step=6470 loss=0.153123 lr=8.859e-07
[train] step=6471 loss=0.270910 lr=8.848e-07
[train] step=6472 loss=0.379724 lr=8.837e-07
[train] step=6473 loss=0.237806 lr=8.826e-07
[train] step=6474 loss=0.283036 lr=8.815e-07
[train] step=6475 loss=0.267906 lr=8.804e-07
[train] step=6476 loss=0.273556 lr=8.793e-07
[train] step=6477 loss=0.242035 lr=8.781e-07
[train] step=6478 loss=0.245597 lr=8.770e-07
[train] step=6479 loss=0.183355 lr=8.759e-07
[train] step=6480 loss=0.285281 lr=8.748e-07
INFO     [rank 0] Model weights for step 6480 saved in       dit_trainer.py:1268
         checkpoints/model_weights_step_06480.safetensors                       
INFO     [rank 0] Scalar embedding weights for step 6480     dit_trainer.py:1277
         saved                                                                  
INFO     [rank 0] Training state saved:                      dit_trainer.py:1365
         checkpoints/model_weights_step_06480.state.pt                          
DEBUG    [rank 0] Removed old checkpoint:                    dit_trainer.py:1378
         /hppfs/scratch/0D/go76fuz2/windinet/outputs/shockwa                    
         ve_dit_ep20_baseline_std1p5/checkpoints/model_weigh                    
         ts_step_06240.safetensors                                              
DEBUG    [rank 0] Removed old checkpoint:                    dit_trainer.py:1378
         /hppfs/scratch/0D/go76fuz2/windinet/outputs/shockwa                    
         ve_dit_ep20_baseline_std1p5/checkpoints/scalar_embe                    
         dding_step_06240.safetensors                                           
DEBUG    [rank 0] Removed optimizer state for older kept     dit_trainer.py:1393
         checkpoint:                                                            
         /hppfs/scratch/0D/go76fuz2/windinet/outputs/shockwa                    
         ve_dit_ep20_baseline_std1p5/checkpoints/model_weigh                    
         ts_step_06360.state.pt                                                 
[epoch 54] step=6480 train_loss=0.242043
[train] step=6481 loss=0.242727 lr=8.737e-07
[train] step=6482 loss=0.190027 lr=8.726e-07
[train] step=6483 loss=0.341241 lr=8.715e-07
[train] step=6484 loss=0.284956 lr=8.704e-07
[train] step=6485 loss=0.187547 lr=8.693e-07
[train] step=6486 loss=0.325831 lr=8.682e-07
[train] step=6487 loss=0.254699 lr=8.671e-07
[train] step=6488 loss=0.299083 lr=8.660e-07
[train] step=6489 loss=0.208780 lr=8.649e-07
[train] step=6490 loss=0.225490 lr=8.638e-07
[train] step=6491 loss=0.124928 lr=8.627e-07
[train] step=6492 loss=0.156216 lr=8.616e-07
[train] step=6493 loss=0.250910 lr=8.605e-07
[train] step=6494 loss=0.223164 lr=8.595e-07
[train] step=6495 loss=0.292668 lr=8.584e-07
[train] step=6496 loss=0.234508 lr=8.573e-07
[train] step=6497 loss=0.288952 lr=8.562e-07
[train] step=6498 loss=0.209145 lr=8.551e-07
[train] step=6499 loss=0.270131 lr=8.540e-07
[train] step=6500 loss=0.205984 lr=8.529e-07
[train] step=6501 loss=0.197654 lr=8.518e-07
[train] step=6502 loss=0.196099 lr=8.507e-07
[train] step=6503 loss=0.274613 lr=8.496e-07
[train] step=6504 loss=0.214081 lr=8.485e-07
[train] step=6505 loss=0.113408 lr=8.475e-07
[train] step=6506 loss=0.214117 lr=8.464e-07
[train] step=6507 loss=0.307039 lr=8.453e-07
[train] step=6508 loss=0.237134 lr=8.442e-07
[train] step=6509 loss=0.289500 lr=8.431e-07
[train] step=6510 loss=0.295982 lr=8.420e-07
[train] step=6511 loss=0.242977 lr=8.409e-07
[train] step=6512 loss=0.204157 lr=8.399e-07
[train] step=6513 loss=0.175229 lr=8.388e-07
[train] step=6514 loss=0.230829 lr=8.377e-07
[train] step=6515 loss=0.167035 lr=8.366e-07
[train] step=6516 loss=0.187414 lr=8.355e-07
[train] step=6517 loss=0.193737 lr=8.345e-07
[train] step=6518 loss=0.206766 lr=8.334e-07
[train] step=6519 loss=0.100575 lr=8.323e-07
[train] step=6520 loss=0.298186 lr=8.312e-07
[train] step=6521 loss=0.164491 lr=8.301e-07
[train] step=6522 loss=0.307924 lr=8.291e-07
[train] step=6523 loss=0.219919 lr=8.280e-07
[train] step=6524 loss=0.454755 lr=8.269e-07
[train] step=6525 loss=0.145447 lr=8.258e-07
[train] step=6526 loss=0.537159 lr=8.248e-07
[train] step=6527 loss=0.186082 lr=8.237e-07
[train] step=6528 loss=0.167157 lr=8.226e-07
[train] step=6529 loss=0.244972 lr=8.215e-07
[train] step=6530 loss=0.139708 lr=8.205e-07
[train] step=6531 loss=0.209243 lr=8.194e-07
[train] step=6532 loss=0.170930 lr=8.183e-07
[train] step=6533 loss=0.193825 lr=8.173e-07
[train] step=6534 loss=0.188903 lr=8.162e-07
[train] step=6535 loss=0.159780 lr=8.151e-07
[train] step=6536 loss=0.148082 lr=8.141e-07
[train] step=6537 loss=0.204682 lr=8.130e-07
[train] step=6538 loss=0.149172 lr=8.119e-07
[train] step=6539 loss=0.220160 lr=8.109e-07
[train] step=6540 loss=0.316980 lr=8.098e-07
[train] step=6541 loss=0.235415 lr=8.087e-07
[train] step=6542 loss=0.223674 lr=8.077e-07
[train] step=6543 loss=0.286477 lr=8.066e-07
[train] step=6544 loss=0.238190 lr=8.055e-07
[train] step=6545 loss=0.240413 lr=8.045e-07
[train] step=6546 loss=0.223614 lr=8.034e-07
[train] step=6547 loss=0.158572 lr=8.024e-07
[train] step=6548 loss=0.210383 lr=8.013e-07
[train] step=6549 loss=0.281816 lr=8.002e-07
[train] step=6550 loss=0.242738 lr=7.992e-07
[train] step=6551 loss=0.137997 lr=7.981e-07
[train] step=6552 loss=0.279239 lr=7.971e-07
[train] step=6553 loss=0.216427 lr=7.960e-07
[train] step=6554 loss=0.210572 lr=7.950e-07
[train] step=6555 loss=0.378448 lr=7.939e-07
[train] step=6556 loss=0.226491 lr=7.928e-07
[train] step=6557 loss=0.230511 lr=7.918e-07
[train] step=6558 loss=0.160183 lr=7.907e-07
[train] step=6559 loss=0.211786 lr=7.897e-07
[train] step=6560 loss=0.223824 lr=7.886e-07
[train] step=6561 loss=0.237346 lr=7.876e-07
[train] step=6562 loss=0.218731 lr=7.865e-07
[train] step=6563 loss=0.152514 lr=7.855e-07
[train] step=6564 loss=0.178810 lr=7.844e-07
[train] step=6565 loss=0.199500 lr=7.834e-07
[train] step=6566 loss=0.150934 lr=7.823e-07
[train] step=6567 loss=0.273075 lr=7.813e-07
[train] step=6568 loss=0.091010 lr=7.802e-07
[train] step=6569 loss=0.239702 lr=7.792e-07
[train] step=6570 loss=0.263273 lr=7.781e-07
[train] step=6571 loss=0.601085 lr=7.771e-07
[train] step=6572 loss=0.184136 lr=7.761e-07
[train] step=6573 loss=0.213945 lr=7.750e-07
[train] step=6574 loss=0.266497 lr=7.740e-07
[train] step=6575 loss=0.227443 lr=7.729e-07
[train] step=6576 loss=0.217900 lr=7.719e-07
[train] step=6577 loss=0.292333 lr=7.708e-07
[train] step=6578 loss=0.574726 lr=7.698e-07
[train] step=6579 loss=0.546583 lr=7.688e-07
[train] step=6580 loss=0.171560 lr=7.677e-07
[train] step=6581 loss=0.267511 lr=7.667e-07
[train] step=6582 loss=0.261593 lr=7.657e-07
[train] step=6583 loss=0.185877 lr=7.646e-07
[train] step=6584 loss=0.238632 lr=7.636e-07
[train] step=6585 loss=0.212932 lr=7.625e-07
[train] step=6586 loss=0.433237 lr=7.615e-07
[train] step=6587 loss=0.221342 lr=7.605e-07
[train] step=6588 loss=0.198020 lr=7.594e-07
[train] step=6589 loss=0.185701 lr=7.584e-07
[train] step=6590 loss=0.191813 lr=7.574e-07
[train] step=6591 loss=0.127887 lr=7.563e-07
[train] step=6592 loss=0.243213 lr=7.553e-07
[train] step=6593 loss=0.404794 lr=7.543e-07
[train] step=6594 loss=0.297526 lr=7.533e-07
[train] step=6595 loss=0.224708 lr=7.522e-07
[train] step=6596 loss=0.138476 lr=7.512e-07
[train] step=6597 loss=0.182994 lr=7.502e-07
[train] step=6598 loss=0.186465 lr=7.491e-07
[train] step=6599 loss=0.180658 lr=7.481e-07
[train] step=6600 loss=0.196335 lr=7.471e-07
[val] step=6600 val_loss=0.248401
INFO     [rank 0] Model weights for step 6600 saved in       dit_trainer.py:1268
         checkpoints/model_weights_step_06600.safetensors                       
INFO     [rank 0] Scalar embedding weights for step 6600     dit_trainer.py:1277
         saved                                                                  
INFO     [rank 0] Training state saved:                      dit_trainer.py:1365
         checkpoints/model_weights_step_06600.state.pt                          
INFO     [rank 0] New best checkpoint (step 6600,            dit_trainer.py:1300
         val_loss=0.248401):                                                    
         checkpoints/model_weights_best.safetensors                             
DEBUG    [rank 0] Removed old checkpoint:                    dit_trainer.py:1378
         /hppfs/scratch/0D/go76fuz2/windinet/outputs/shockwa                    
         ve_dit_ep20_baseline_std1p5/checkpoints/model_weigh                    
         ts_step_06360.safetensors                                              
DEBUG    [rank 0] Removed old checkpoint:                    dit_trainer.py:1378
         /hppfs/scratch/0D/go76fuz2/windinet/outputs/shockwa                    
         ve_dit_ep20_baseline_std1p5/checkpoints/scalar_embe                    
         dding_step_06360.safetensors                                           
DEBUG    [rank 0] Removed optimizer state for older kept     dit_trainer.py:1393
         checkpoint:                                                            
         /hppfs/scratch/0D/go76fuz2/windinet/outputs/shockwa                    
         ve_dit_ep20_baseline_std1p5/checkpoints/model_weigh                    
         ts_step_06480.state.pt                                                 
[epoch 55] step=6600 train_loss=0.235662 val_loss=0.248401
[train] step=6601 loss=0.501723 lr=7.461e-07
[train] step=6602 loss=0.227777 lr=7.450e-07
[train] step=6603 loss=0.330831 lr=7.440e-07
[train] step=6604 loss=0.229800 lr=7.430e-07
[train] step=6605 loss=0.108411 lr=7.420e-07
[train] step=6606 loss=0.115372 lr=7.409e-07
[train] step=6607 loss=0.151808 lr=7.399e-07
[train] step=6608 loss=0.406270 lr=7.389e-07
[train] step=6609 loss=0.247058 lr=7.379e-07
[train] step=6610 loss=0.237604 lr=7.369e-07
[train] step=6611 loss=0.255214 lr=7.358e-07
[train] step=6612 loss=0.359384 lr=7.348e-07
[train] step=6613 loss=0.685214 lr=7.338e-07
[train] step=6614 loss=0.262286 lr=7.328e-07
[train] step=6615 loss=0.309971 lr=7.318e-07
[train] step=6616 loss=0.318406 lr=7.308e-07
[train] step=6617 loss=0.155233 lr=7.297e-07
[train] step=6618 loss=0.266934 lr=7.287e-07
[train] step=6619 loss=0.317543 lr=7.277e-07
[train] step=6620 loss=0.250859 lr=7.267e-07
[train] step=6621 loss=0.322870 lr=7.257e-07
[train] step=6622 loss=0.170555 lr=7.247e-07
[train] step=6623 loss=0.226232 lr=7.237e-07
[train] step=6624 loss=0.253000 lr=7.227e-07
[train] step=6625 loss=0.184221 lr=7.217e-07
[train] step=6626 loss=0.230978 lr=7.206e-07
[train] step=6627 loss=0.165783 lr=7.196e-07
[train] step=6628 loss=0.345429 lr=7.186e-07
[train] step=6629 loss=0.330054 lr=7.176e-07
[train] step=6630 loss=0.202533 lr=7.166e-07
[train] step=6631 loss=0.144405 lr=7.156e-07
[train] step=6632 loss=0.237094 lr=7.146e-07
[train] step=6633 loss=0.213876 lr=7.136e-07
[train] step=6634 loss=0.280523 lr=7.126e-07
[train] step=6635 loss=0.142343 lr=7.116e-07
[train] step=6636 loss=0.297634 lr=7.106e-07
[train] step=6637 loss=0.217095 lr=7.096e-07
[train] step=6638 loss=0.303220 lr=7.086e-07
[train] step=6639 loss=0.369179 lr=7.076e-07
[train] step=6640 loss=0.402417 lr=7.066e-07
[train] step=6641 loss=0.252489 lr=7.056e-07
[train] step=6642 loss=0.616817 lr=7.046e-07
[train] step=6643 loss=0.254942 lr=7.036e-07
[train] step=6644 loss=0.218670 lr=7.026e-07
[train] step=6645 loss=0.122737 lr=7.016e-07
[train] step=6646 loss=0.334623 lr=7.006e-07
[train] step=6647 loss=0.222340 lr=6.996e-07
[train] step=6648 loss=0.201767 lr=6.986e-07
[train] step=6649 loss=0.247789 lr=6.976e-07
[train] step=6650 loss=0.309692 lr=6.966e-07
[train] step=6651 loss=0.214715 lr=6.956e-07
[train] step=6652 loss=0.211700 lr=6.947e-07
[train] step=6653 loss=0.247084 lr=6.937e-07
[train] step=6654 loss=0.285743 lr=6.927e-07
[train] step=6655 loss=0.119256 lr=6.917e-07
[train] step=6656 loss=0.226057 lr=6.907e-07
[train] step=6657 loss=0.282371 lr=6.897e-07
[train] step=6658 loss=0.270836 lr=6.887e-07
[train] step=6659 loss=0.313375 lr=6.877e-07
[train] step=6660 loss=0.201021 lr=6.867e-07
[train] step=6661 loss=0.199418 lr=6.858e-07
[train] step=6662 loss=0.304381 lr=6.848e-07
[train] step=6663 loss=0.149205 lr=6.838e-07
[train] step=6664 loss=0.115631 lr=6.828e-07
[train] step=6665 loss=0.198926 lr=6.818e-07
[train] step=6666 loss=0.166200 lr=6.808e-07
[train] step=6667 loss=0.220144 lr=6.799e-07
[train] step=6668 loss=0.206526 lr=6.789e-07
[train] step=6669 loss=0.309497 lr=6.779e-07
[train] step=6670 loss=0.313491 lr=6.769e-07
[train] step=6671 loss=0.191872 lr=6.759e-07
[train] step=6672 loss=0.200938 lr=6.750e-07
[train] step=6673 loss=0.570035 lr=6.740e-07
[train] step=6674 loss=0.321357 lr=6.730e-07
[train] step=6675 loss=0.189049 lr=6.720e-07
[train] step=6676 loss=0.189740 lr=6.711e-07
[train] step=6677 loss=0.160824 lr=6.701e-07
[train] step=6678 loss=0.240306 lr=6.691e-07
[train] step=6679 loss=0.363065 lr=6.681e-07
[train] step=6680 loss=0.171962 lr=6.672e-07
[train] step=6681 loss=0.218638 lr=6.662e-07
[train] step=6682 loss=0.226313 lr=6.652e-07
[train] step=6683 loss=0.305845 lr=6.642e-07
[train] step=6684 loss=0.251165 lr=6.633e-07
[train] step=6685 loss=0.450063 lr=6.623e-07
[train] step=6686 loss=0.226934 lr=6.613e-07
[train] step=6687 loss=0.237288 lr=6.604e-07
[train] step=6688 loss=0.629148 lr=6.594e-07
[train] step=6689 loss=0.198746 lr=6.584e-07
[train] step=6690 loss=0.301403 lr=6.575e-07
[train] step=6691 loss=0.291506 lr=6.565e-07
[train] step=6692 loss=0.237303 lr=6.555e-07
[train] step=6693 loss=0.206849 lr=6.546e-07
[train] step=6694 loss=0.192322 lr=6.536e-07
[train] step=6695 loss=0.381443 lr=6.526e-07
[train] step=6696 loss=0.229733 lr=6.517e-07
[train] step=6697 loss=0.153166 lr=6.507e-07
[train] step=6698 loss=0.211974 lr=6.498e-07
[train] step=6699 loss=0.250452 lr=6.488e-07
[train] step=6700 loss=0.238194 lr=6.478e-07
[train] step=6701 loss=0.150203 lr=6.469e-07
[train] step=6702 loss=0.231833 lr=6.459e-07
[train] step=6703 loss=0.223659 lr=6.450e-07
[train] step=6704 loss=0.276202 lr=6.440e-07
[train] step=6705 loss=0.183108 lr=6.431e-07
[train] step=6706 loss=0.257335 lr=6.421e-07
[train] step=6707 loss=0.267175 lr=6.411e-07
[train] step=6708 loss=0.263725 lr=6.402e-07
[train] step=6709 loss=0.093979 lr=6.392e-07
[train] step=6710 loss=0.420841 lr=6.383e-07
[train] step=6711 loss=0.582043 lr=6.373e-07
[train] step=6712 loss=0.174059 lr=6.364e-07
[train] step=6713 loss=0.184235 lr=6.354e-07
[train] step=6714 loss=0.162967 lr=6.345e-07
[train] step=6715 loss=0.177100 lr=6.335e-07
[train] step=6716 loss=0.302663 lr=6.326e-07
[train] step=6717 loss=0.210802 lr=6.316e-07
[train] step=6718 loss=0.160509 lr=6.307e-07
[train] step=6719 loss=0.479984 lr=6.297e-07
[train] step=6720 loss=0.235924 lr=6.288e-07
INFO     [rank 0] Model weights for step 6720 saved in       dit_trainer.py:1268
         checkpoints/model_weights_step_06720.safetensors                       
INFO     [rank 0] Scalar embedding weights for step 6720     dit_trainer.py:1277
         saved                                                                  
INFO     [rank 0] Training state saved:                      dit_trainer.py:1365
         checkpoints/model_weights_step_06720.state.pt                          
DEBUG    [rank 0] Removed old checkpoint:                    dit_trainer.py:1378
         /hppfs/scratch/0D/go76fuz2/windinet/outputs/shockwa                    
         ve_dit_ep20_baseline_std1p5/checkpoints/model_weigh                    
         ts_step_06480.safetensors                                              
DEBUG    [rank 0] Removed old checkpoint:                    dit_trainer.py:1378
         /hppfs/scratch/0D/go76fuz2/windinet/outputs/shockwa                    
         ve_dit_ep20_baseline_std1p5/checkpoints/scalar_embe                    
         dding_step_06480.safetensors                                           
DEBUG    [rank 0] Removed optimizer state for older kept     dit_trainer.py:1393
         checkpoint:                                                            
         /hppfs/scratch/0D/go76fuz2/windinet/outputs/shockwa                    
         ve_dit_ep20_baseline_std1p5/checkpoints/model_weigh                    
         ts_step_06600.state.pt                                                 
[epoch 56] step=6720 train_loss=0.259591
[train] step=6721 loss=0.101384 lr=6.278e-07
[train] step=6722 loss=0.219618 lr=6.269e-07
[train] step=6723 loss=0.563077 lr=6.260e-07
[train] step=6724 loss=0.233178 lr=6.250e-07
[train] step=6725 loss=0.159126 lr=6.241e-07
[train] step=6726 loss=0.430816 lr=6.231e-07
[train] step=6727 loss=0.204816 lr=6.222e-07
[train] step=6728 loss=0.200011 lr=6.212e-07
[train] step=6729 loss=0.271220 lr=6.203e-07
[train] step=6730 loss=0.289005 lr=6.194e-07
[train] step=6731 loss=0.245100 lr=6.184e-07
[train] step=6732 loss=0.223436 lr=6.175e-07
[train] step=6733 loss=0.355468 lr=6.166e-07
[train] step=6734 loss=0.490057 lr=6.156e-07
[train] step=6735 loss=0.269680 lr=6.147e-07
[train] step=6736 loss=0.231606 lr=6.137e-07
[train] step=6737 loss=0.158972 lr=6.128e-07
[train] step=6738 loss=0.183542 lr=6.119e-07
[train] step=6739 loss=0.173690 lr=6.109e-07
[train] step=6740 loss=0.177039 lr=6.100e-07
[train] step=6741 loss=0.183419 lr=6.091e-07
[train] step=6742 loss=0.373894 lr=6.082e-07
[train] step=6743 loss=0.142601 lr=6.072e-07
[train] step=6744 loss=0.216424 lr=6.063e-07
[train] step=6745 loss=0.185999 lr=6.054e-07
[train] step=6746 loss=0.211480 lr=6.044e-07
[train] step=6747 loss=0.250292 lr=6.035e-07
[train] step=6748 loss=0.371985 lr=6.026e-07
[train] step=6749 loss=0.118403 lr=6.017e-07
[train] step=6750 loss=0.271561 lr=6.007e-07
[train] step=6751 loss=0.239232 lr=5.998e-07
[train] step=6752 loss=0.209586 lr=5.989e-07
[train] step=6753 loss=0.210063 lr=5.980e-07
[train] step=6754 loss=0.266168 lr=5.970e-07
[train] step=6755 loss=0.141950 lr=5.961e-07
[train] step=6756 loss=0.256597 lr=5.952e-07
[train] step=6757 loss=0.230734 lr=5.943e-07
[train] step=6758 loss=0.183508 lr=5.933e-07
[train] step=6759 loss=0.218632 lr=5.924e-07
[train] step=6760 loss=0.320010 lr=5.915e-07
[train] step=6761 loss=0.212309 lr=5.906e-07
[train] step=6762 loss=0.199812 lr=5.897e-07
[train] step=6763 loss=0.225564 lr=5.888e-07
[train] step=6764 loss=0.749163 lr=5.878e-07
[train] step=6765 loss=0.218153 lr=5.869e-07
[train] step=6766 loss=0.177661 lr=5.860e-07
[train] step=6767 loss=0.238462 lr=5.851e-07
[train] step=6768 loss=0.228336 lr=5.842e-07
[train] step=6769 loss=0.218795 lr=5.833e-07
[train] step=6770 loss=0.326412 lr=5.824e-07
[train] step=6771 loss=0.152644 lr=5.814e-07
[train] step=6772 loss=0.199896 lr=5.805e-07
[train] step=6773 loss=0.251081 lr=5.796e-07
[train] step=6774 loss=0.215017 lr=5.787e-07
[train] step=6775 loss=0.170806 lr=5.778e-07
[train] step=6776 loss=0.168960 lr=5.769e-07
[train] step=6777 loss=0.348374 lr=5.760e-07
[train] step=6778 loss=0.209975 lr=5.751e-07
[train] step=6779 loss=0.298055 lr=5.742e-07
[train] step=6780 loss=0.168106 lr=5.733e-07
[train] step=6781 loss=0.171145 lr=5.724e-07
[train] step=6782 loss=0.159082 lr=5.715e-07
[train] step=6783 loss=0.323377 lr=5.706e-07
[train] step=6784 loss=0.288625 lr=5.697e-07
[train] step=6785 loss=0.356632 lr=5.688e-07
[train] step=6786 loss=0.125266 lr=5.679e-07
[train] step=6787 loss=0.282046 lr=5.670e-07
[train] step=6788 loss=0.248552 lr=5.661e-07
[train] step=6789 loss=0.217783 lr=5.652e-07
[train] step=6790 loss=0.166079 lr=5.643e-07
[train] step=6791 loss=0.211418 lr=5.634e-07
[train] step=6792 loss=0.285173 lr=5.625e-07
[train] step=6793 loss=0.528033 lr=5.616e-07
[train] step=6794 loss=0.124479 lr=5.607e-07
[train] step=6795 loss=0.182239 lr=5.598e-07
[train] step=6796 loss=0.198847 lr=5.589e-07
[train] step=6797 loss=0.213822 lr=5.580e-07
[train] step=6798 loss=0.234964 lr=5.571e-07
[train] step=6799 loss=0.198673 lr=5.562e-07
[train] step=6800 loss=0.204606 lr=5.553e-07
[train] step=6801 loss=0.207534 lr=5.544e-07
[train] step=6802 loss=0.412884 lr=5.535e-07
[train] step=6803 loss=0.106973 lr=5.526e-07
[train] step=6804 loss=0.168706 lr=5.518e-07
[train] step=6805 loss=0.310690 lr=5.509e-07
[train] step=6806 loss=0.298539 lr=5.500e-07
[train] step=6807 loss=0.224432 lr=5.491e-07
[train] step=6808 loss=0.205120 lr=5.482e-07
[train] step=6809 loss=0.445135 lr=5.473e-07
[train] step=6810 loss=0.254459 lr=5.464e-07
[train] step=6811 loss=0.149679 lr=5.456e-07
[train] step=6812 loss=0.290410 lr=5.447e-07
[train] step=6813 loss=0.435422 lr=5.438e-07
[train] step=6814 loss=0.361668 lr=5.429e-07
[train] step=6815 loss=0.222317 lr=5.420e-07
[train] step=6816 loss=0.214010 lr=5.411e-07
[train] step=6817 loss=0.134669 lr=5.403e-07
[train] step=6818 loss=0.199304 lr=5.394e-07
[train] step=6819 loss=0.113526 lr=5.385e-07
[train] step=6820 loss=0.262300 lr=5.376e-07
[train] step=6821 loss=0.149771 lr=5.367e-07
[train] step=6822 loss=0.250784 lr=5.359e-07
[train] step=6823 loss=0.175655 lr=5.350e-07
[train] step=6824 loss=0.174013 lr=5.341e-07
[train] step=6825 loss=0.186028 lr=5.332e-07
[train] step=6826 loss=0.189822 lr=5.324e-07
[train] step=6827 loss=0.360682 lr=5.315e-07
[train] step=6828 loss=0.183604 lr=5.306e-07
[train] step=6829 loss=0.129865 lr=5.298e-07
[train] step=6830 loss=0.378928 lr=5.289e-07
[train] step=6831 loss=0.294973 lr=5.280e-07
[train] step=6832 loss=0.197590 lr=5.271e-07
[train] step=6833 loss=0.177791 lr=5.263e-07
[train] step=6834 loss=0.175309 lr=5.254e-07
[train] step=6835 loss=0.201749 lr=5.245e-07
[train] step=6836 loss=0.142849 lr=5.237e-07
[train] step=6837 loss=0.223187 lr=5.228e-07
[train] step=6838 loss=0.126680 lr=5.219e-07
[train] step=6839 loss=0.292668 lr=5.211e-07
[train] step=6840 loss=0.190469 lr=5.202e-07
INFO     [rank 0] Model weights for step 6840 saved in       dit_trainer.py:1268
         checkpoints/model_weights_step_06840.safetensors                       
INFO     [rank 0] Scalar embedding weights for step 6840     dit_trainer.py:1277
         saved                                                                  
INFO     [rank 0] Training state saved:                      dit_trainer.py:1365
         checkpoints/model_weights_step_06840.state.pt                          
DEBUG    [rank 0] Removed old checkpoint:                    dit_trainer.py:1378
         /hppfs/scratch/0D/go76fuz2/windinet/outputs/shockwa                    
         ve_dit_ep20_baseline_std1p5/checkpoints/model_weigh                    
         ts_step_06600.safetensors                                              
DEBUG    [rank 0] Removed old checkpoint:                    dit_trainer.py:1378
         /hppfs/scratch/0D/go76fuz2/windinet/outputs/shockwa                    
         ve_dit_ep20_baseline_std1p5/checkpoints/scalar_embe                    
         dding_step_06600.safetensors                                           
DEBUG    [rank 0] Removed optimizer state for older kept     dit_trainer.py:1393
         checkpoint:                                                            
         /hppfs/scratch/0D/go76fuz2/windinet/outputs/shockwa                    
         ve_dit_ep20_baseline_std1p5/checkpoints/model_weigh                    
         ts_step_06720.state.pt                                                 
[epoch 57] step=6840 train_loss=0.239562
[train] step=6841 loss=0.232387 lr=5.194e-07
[train] step=6842 loss=0.154340 lr=5.185e-07
[train] step=6843 loss=0.450858 lr=5.176e-07
[train] step=6844 loss=0.245841 lr=5.168e-07
[train] step=6845 loss=0.211585 lr=5.159e-07
[train] step=6846 loss=0.418415 lr=5.150e-07
[train] step=6847 loss=0.211007 lr=5.142e-07
[train] step=6848 loss=0.243959 lr=5.133e-07
[train] step=6849 loss=0.265232 lr=5.125e-07
[train] step=6850 loss=0.230343 lr=5.116e-07
[train] step=6851 loss=0.190445 lr=5.108e-07
[train] step=6852 loss=0.282912 lr=5.099e-07
[train] step=6853 loss=0.149523 lr=5.090e-07
[train] step=6854 loss=0.187571 lr=5.082e-07
[train] step=6855 loss=0.285259 lr=5.073e-07
[train] step=6856 loss=0.197884 lr=5.065e-07
[train] step=6857 loss=0.216320 lr=5.056e-07
[train] step=6858 loss=0.177487 lr=5.048e-07
[train] step=6859 loss=0.243982 lr=5.039e-07
[train] step=6860 loss=0.297491 lr=5.031e-07
[train] step=6861 loss=0.252258 lr=5.022e-07
[train] step=6862 loss=0.184796 lr=5.014e-07
[train] step=6863 loss=0.287609 lr=5.005e-07
[train] step=6864 loss=0.265766 lr=4.997e-07
[train] step=6865 loss=0.310211 lr=4.988e-07
[train] step=6866 loss=0.283072 lr=4.980e-07
[train] step=6867 loss=0.118703 lr=4.971e-07
[train] step=6868 loss=0.193254 lr=4.963e-07
[train] step=6869 loss=0.741922 lr=4.955e-07
[train] step=6870 loss=0.134928 lr=4.946e-07
[train] step=6871 loss=0.230960 lr=4.938e-07
[train] step=6872 loss=0.335753 lr=4.929e-07
[train] step=6873 loss=0.310136 lr=4.921e-07
[train] step=6874 loss=0.188756 lr=4.913e-07
[train] step=6875 loss=0.117809 lr=4.904e-07
[train] step=6876 loss=0.331695 lr=4.896e-07
[train] step=6877 loss=0.182314 lr=4.887e-07
[train] step=6878 loss=0.118463 lr=4.879e-07
[train] step=6879 loss=0.208867 lr=4.871e-07
[train] step=6880 loss=0.273108 lr=4.862e-07
[train] step=6881 loss=0.225055 lr=4.854e-07
[train] step=6882 loss=0.171441 lr=4.846e-07
[train] step=6883 loss=0.186613 lr=4.837e-07
[train] step=6884 loss=0.458289 lr=4.829e-07
[train] step=6885 loss=0.389181 lr=4.821e-07
[train] step=6886 loss=0.170550 lr=4.812e-07
[train] step=6887 loss=0.184327 lr=4.804e-07
[train] step=6888 loss=0.227194 lr=4.796e-07
[train] step=6889 loss=0.215246 lr=4.787e-07
[train] step=6890 loss=0.208079 lr=4.779e-07
[train] step=6891 loss=0.172767 lr=4.771e-07
[train] step=6892 loss=0.284365 lr=4.762e-07
[train] step=6893 loss=0.381697 lr=4.754e-07
[train] step=6894 loss=0.249470 lr=4.746e-07
[train] step=6895 loss=0.185186 lr=4.738e-07
[train] step=6896 loss=0.123087 lr=4.729e-07
[train] step=6897 loss=0.139969 lr=4.721e-07
[train] step=6898 loss=0.224777 lr=4.713e-07
[train] step=6899 loss=0.247318 lr=4.705e-07
[train] step=6900 loss=0.260886 lr=4.696e-07
[train] step=6901 loss=0.155898 lr=4.688e-07
[train] step=6902 loss=0.212925 lr=4.680e-07
[train] step=6903 loss=0.216687 lr=4.672e-07
[train] step=6904 loss=0.133131 lr=4.664e-07
[train] step=6905 loss=0.205154 lr=4.655e-07
[train] step=6906 loss=0.273057 lr=4.647e-07
[train] step=6907 loss=0.107458 lr=4.639e-07
[train] step=6908 loss=0.200673 lr=4.631e-07
[train] step=6909 loss=0.157280 lr=4.623e-07
[train] step=6910 loss=0.250733 lr=4.615e-07
[train] step=6911 loss=0.147428 lr=4.606e-07
[train] step=6912 loss=0.185016 lr=4.598e-07
[train] step=6913 loss=0.262605 lr=4.590e-07
[train] step=6914 loss=0.135833 lr=4.582e-07
[train] step=6915 loss=0.118760 lr=4.574e-07
[train] step=6916 loss=0.275088 lr=4.566e-07
[train] step=6917 loss=0.289083 lr=4.558e-07
[train] step=6918 loss=0.205553 lr=4.550e-07
[train] step=6919 loss=0.250866 lr=4.542e-07
[train] step=6920 loss=0.225804 lr=4.533e-07
[train] step=6921 loss=0.224056 lr=4.525e-07
[train] step=6922 loss=0.191451 lr=4.517e-07
[train] step=6923 loss=0.242587 lr=4.509e-07
[train] step=6924 loss=0.139535 lr=4.501e-07
[train] step=6925 loss=0.193231 lr=4.493e-07
[train] step=6926 loss=0.316860 lr=4.485e-07
[train] step=6927 loss=0.485967 lr=4.477e-07
[train] step=6928 loss=0.188988 lr=4.469e-07
[train] step=6929 loss=0.118879 lr=4.461e-07
[train] step=6930 loss=0.169167 lr=4.453e-07
[train] step=6931 loss=0.349822 lr=4.445e-07
[train] step=6932 loss=0.244438 lr=4.437e-07
[train] step=6933 loss=0.286165 lr=4.429e-07
[train] step=6934 loss=0.203801 lr=4.421e-07
[train] step=6935 loss=0.189914 lr=4.413e-07
[train] step=6936 loss=0.170933 lr=4.405e-07
[train] step=6937 loss=0.272114 lr=4.397e-07
[train] step=6938 loss=0.170625 lr=4.389e-07
[train] step=6939 loss=0.156436 lr=4.381e-07
[train] step=6940 loss=0.159149 lr=4.373e-07
[train] step=6941 loss=0.697596 lr=4.365e-07
[train] step=6942 loss=0.105408 lr=4.357e-07
[train] step=6943 loss=0.863918 lr=4.350e-07
[train] step=6944 loss=0.291670 lr=4.342e-07
[train] step=6945 loss=0.287649 lr=4.334e-07
[train] step=6946 loss=0.210223 lr=4.326e-07
[train] step=6947 loss=0.137809 lr=4.318e-07
[train] step=6948 loss=0.252127 lr=4.310e-07
[train] step=6949 loss=0.197079 lr=4.302e-07
[train] step=6950 loss=0.167716 lr=4.294e-07
[train] step=6951 loss=0.202294 lr=4.286e-07
[train] step=6952 loss=0.162069 lr=4.279e-07
[train] step=6953 loss=0.216247 lr=4.271e-07
[train] step=6954 loss=0.290258 lr=4.263e-07
[train] step=6955 loss=0.341461 lr=4.255e-07
[train] step=6956 loss=0.170397 lr=4.247e-07
[train] step=6957 loss=0.187728 lr=4.239e-07
[train] step=6958 loss=0.280513 lr=4.232e-07
[train] step=6959 loss=0.182657 lr=4.224e-07
[train] step=6960 loss=0.354997 lr=4.216e-07
INFO     [rank 0] Model weights for step 6960 saved in       dit_trainer.py:1268
         checkpoints/model_weights_step_06960.safetensors                       
INFO     [rank 0] Scalar embedding weights for step 6960     dit_trainer.py:1277
         saved                                                                  
INFO     [rank 0] Training state saved:                      dit_trainer.py:1365
         checkpoints/model_weights_step_06960.state.pt                          
DEBUG    [rank 0] Removed old checkpoint:                    dit_trainer.py:1378
         /hppfs/scratch/0D/go76fuz2/windinet/outputs/shockwa                    
         ve_dit_ep20_baseline_std1p5/checkpoints/model_weigh                    
         ts_step_06720.safetensors                                              
DEBUG    [rank 0] Removed old checkpoint:                    dit_trainer.py:1378
         /hppfs/scratch/0D/go76fuz2/windinet/outputs/shockwa                    
         ve_dit_ep20_baseline_std1p5/checkpoints/scalar_embe                    
         dding_step_06720.safetensors                                           
DEBUG    [rank 0] Removed optimizer state for older kept     dit_trainer.py:1393
         checkpoint:                                                            
         /hppfs/scratch/0D/go76fuz2/windinet/outputs/shockwa                    
         ve_dit_ep20_baseline_std1p5/checkpoints/model_weigh                    
         ts_step_06840.state.pt                                                 
[epoch 58] step=6960 train_loss=0.238226
[train] step=6961 loss=0.259195 lr=4.208e-07
[train] step=6962 loss=0.257085 lr=4.200e-07
[train] step=6963 loss=0.258682 lr=4.193e-07
[train] step=6964 loss=0.507845 lr=4.185e-07
[train] step=6965 loss=0.299094 lr=4.177e-07
[train] step=6966 loss=0.382136 lr=4.169e-07
[train] step=6967 loss=0.151799 lr=4.162e-07
[train] step=6968 loss=0.495751 lr=4.154e-07
[train] step=6969 loss=0.184776 lr=4.146e-07
[train] step=6970 loss=0.136392 lr=4.138e-07
[train] step=6971 loss=0.313712 lr=4.131e-07
[train] step=6972 loss=0.121641 lr=4.123e-07
[train] step=6973 loss=0.215507 lr=4.115e-07
[train] step=6974 loss=0.137863 lr=4.107e-07
[train] step=6975 loss=0.240439 lr=4.100e-07
[train] step=6976 loss=0.187706 lr=4.092e-07
[train] step=6977 loss=0.213248 lr=4.084e-07
[train] step=6978 loss=0.216364 lr=4.077e-07
[train] step=6979 loss=0.188271 lr=4.069e-07
[train] step=6980 loss=0.278182 lr=4.061e-07
[train] step=6981 loss=0.111318 lr=4.054e-07
[train] step=6982 loss=0.307068 lr=4.046e-07
[train] step=6983 loss=0.330574 lr=4.038e-07
[train] step=6984 loss=0.193111 lr=4.031e-07
[train] step=6985 loss=0.545053 lr=4.023e-07
[train] step=6986 loss=0.115717 lr=4.016e-07
[train] step=6987 loss=0.071541 lr=4.008e-07
[train] step=6988 loss=0.230767 lr=4.000e-07
[train] step=6989 loss=0.194984 lr=3.993e-07
[train] step=6990 loss=0.233103 lr=3.985e-07
[train] step=6991 loss=0.164673 lr=3.978e-07
[train] step=6992 loss=0.219186 lr=3.970e-07
[train] step=6993 loss=0.259347 lr=3.962e-07
[train] step=6994 loss=0.322190 lr=3.955e-07
[train] step=6995 loss=0.284379 lr=3.947e-07
[train] step=6996 loss=0.245714 lr=3.940e-07
[train] step=6997 loss=0.204811 lr=3.932e-07
[train] step=6998 loss=0.325498 lr=3.925e-07
[train] step=6999 loss=0.274377 lr=3.917e-07
[train] step=7000 loss=0.159347 lr=3.910e-07
[train] step=7001 loss=0.133296 lr=3.902e-07
[train] step=7002 loss=0.282272 lr=3.895e-07
[train] step=7003 loss=0.202718 lr=3.887e-07
[train] step=7004 loss=0.199061 lr=3.880e-07
[train] step=7005 loss=0.182520 lr=3.872e-07
[train] step=7006 loss=0.278270 lr=3.865e-07
[train] step=7007 loss=0.300655 lr=3.857e-07
[train] step=7008 loss=0.230520 lr=3.850e-07
[train] step=7009 loss=0.237701 lr=3.842e-07
[train] step=7010 loss=0.235749 lr=3.835e-07
[train] step=7011 loss=0.343624 lr=3.828e-07
[train] step=7012 loss=0.209078 lr=3.820e-07
[train] step=7013 loss=0.368969 lr=3.813e-07
[train] step=7014 loss=0.173697 lr=3.805e-07
[train] step=7015 loss=0.162681 lr=3.798e-07
[train] step=7016 loss=0.185102 lr=3.790e-07
[train] step=7017 loss=0.267287 lr=3.783e-07
[train] step=7018 loss=0.279802 lr=3.776e-07
[train] step=7019 loss=0.340874 lr=3.768e-07
[train] step=7020 loss=0.185635 lr=3.761e-07
[train] step=7021 loss=0.581209 lr=3.754e-07
[train] step=7022 loss=0.207484 lr=3.746e-07
[train] step=7023 loss=0.205250 lr=3.739e-07
[train] step=7024 loss=0.254715 lr=3.731e-07
[train] step=7025 loss=0.180805 lr=3.724e-07
[train] step=7026 loss=0.205727 lr=3.717e-07
[train] step=7027 loss=0.174588 lr=3.709e-07
[train] step=7028 loss=0.155467 lr=3.702e-07
[train] step=7029 loss=0.241821 lr=3.695e-07
[train] step=7030 loss=0.252929 lr=3.688e-07
[train] step=7031 loss=0.426060 lr=3.680e-07
[train] step=7032 loss=0.334413 lr=3.673e-07
[train] step=7033 loss=0.190322 lr=3.666e-07
[train] step=7034 loss=0.384781 lr=3.658e-07
[train] step=7035 loss=0.428551 lr=3.651e-07
[train] step=7036 loss=0.282771 lr=3.644e-07
[train] step=7037 loss=0.177127 lr=3.637e-07
[train] step=7038 loss=0.108417 lr=3.629e-07
[train] step=7039 loss=0.305619 lr=3.622e-07
[train] step=7040 loss=0.167029 lr=3.615e-07
[train] step=7041 loss=0.246396 lr=3.608e-07
[train] step=7042 loss=0.137548 lr=3.600e-07
[train] step=7043 loss=0.295593 lr=3.593e-07
[train] step=7044 loss=0.210598 lr=3.586e-07
[train] step=7045 loss=0.271737 lr=3.579e-07
[train] step=7046 loss=0.119196 lr=3.572e-07
[train] step=7047 loss=0.168196 lr=3.564e-07
[train] step=7048 loss=0.249945 lr=3.557e-07
[train] step=7049 loss=0.625527 lr=3.550e-07
[train] step=7050 loss=0.276095 lr=3.543e-07
[train] step=7051 loss=0.301185 lr=3.536e-07
[train] step=7052 loss=0.241198 lr=3.529e-07
[train] step=7053 loss=0.236959 lr=3.522e-07
[train] step=7054 loss=0.275448 lr=3.514e-07
[train] step=7055 loss=0.213236 lr=3.507e-07
[train] step=7056 loss=0.263692 lr=3.500e-07
[train] step=7057 loss=0.176552 lr=3.493e-07
[train] step=7058 loss=0.208501 lr=3.486e-07
[train] step=7059 loss=0.196460 lr=3.479e-07
[train] step=7060 loss=0.170642 lr=3.472e-07
[train] step=7061 loss=0.154810 lr=3.465e-07
[train] step=7062 loss=0.200957 lr=3.458e-07
[train] step=7063 loss=0.148678 lr=3.451e-07
[train] step=7064 loss=0.182257 lr=3.443e-07
[train] step=7065 loss=0.330711 lr=3.436e-07
[train] step=7066 loss=0.229211 lr=3.429e-07
[train] step=7067 loss=0.227274 lr=3.422e-07
[train] step=7068 loss=0.297165 lr=3.415e-07
[train] step=7069 loss=0.192334 lr=3.408e-07
[train] step=7070 loss=0.274245 lr=3.401e-07
[train] step=7071 loss=0.315430 lr=3.394e-07
[train] step=7072 loss=0.237651 lr=3.387e-07
[train] step=7073 loss=0.192822 lr=3.380e-07
[train] step=7074 loss=0.145988 lr=3.373e-07
[train] step=7075 loss=0.259651 lr=3.366e-07
[train] step=7076 loss=0.172719 lr=3.359e-07
[train] step=7077 loss=0.279485 lr=3.352e-07
[train] step=7078 loss=0.150852 lr=3.345e-07
[train] step=7079 loss=0.312240 lr=3.338e-07
[train] step=7080 loss=0.202496 lr=3.332e-07
INFO     [rank 0] Model weights for step 7080 saved in       dit_trainer.py:1268
         checkpoints/model_weights_step_07080.safetensors                       
INFO     [rank 0] Scalar embedding weights for step 7080     dit_trainer.py:1277
         saved                                                                  
INFO     [rank 0] Training state saved:                      dit_trainer.py:1365
         checkpoints/model_weights_step_07080.state.pt                          
DEBUG    [rank 0] Removed old checkpoint:                    dit_trainer.py:1378
         /hppfs/scratch/0D/go76fuz2/windinet/outputs/shockwa                    
         ve_dit_ep20_baseline_std1p5/checkpoints/model_weigh                    
         ts_step_06840.safetensors                                              
DEBUG    [rank 0] Removed old checkpoint:                    dit_trainer.py:1378
         /hppfs/scratch/0D/go76fuz2/windinet/outputs/shockwa                    
         ve_dit_ep20_baseline_std1p5/checkpoints/scalar_embe                    
         dding_step_06840.safetensors                                           
DEBUG    [rank 0] Removed optimizer state for older kept     dit_trainer.py:1393
         checkpoint:                                                            
         /hppfs/scratch/0D/go76fuz2/windinet/outputs/shockwa                    
         ve_dit_ep20_baseline_std1p5/checkpoints/model_weigh                    
         ts_step_06960.state.pt                                                 
[epoch 59] step=7080 train_loss=0.245394
[train] step=7081 loss=0.154022 lr=3.325e-07
[train] step=7082 loss=0.296708 lr=3.318e-07
[train] step=7083 loss=0.224793 lr=3.311e-07
[train] step=7084 loss=0.344759 lr=3.304e-07
[train] step=7085 loss=0.153584 lr=3.297e-07
[train] step=7086 loss=0.474142 lr=3.290e-07
[train] step=7087 loss=0.216347 lr=3.283e-07
[train] step=7088 loss=0.126367 lr=3.276e-07
[train] step=7089 loss=0.227457 lr=3.269e-07
[train] step=7090 loss=0.358492 lr=3.262e-07
[train] step=7091 loss=0.117898 lr=3.256e-07
[train] step=7092 loss=0.261867 lr=3.249e-07
[train] step=7093 loss=0.203870 lr=3.242e-07
[train] step=7094 loss=0.236446 lr=3.235e-07
[train] step=7095 loss=0.160888 lr=3.228e-07
[train] step=7096 loss=0.347009 lr=3.221e-07
[train] step=7097 loss=0.230294 lr=3.215e-07
[train] step=7098 loss=0.392357 lr=3.208e-07
[train] step=7099 loss=0.214944 lr=3.201e-07
[train] step=7100 loss=0.223041 lr=3.194e-07
[train] step=7101 loss=0.242478 lr=3.187e-07
[train] step=7102 loss=0.143319 lr=3.181e-07
[train] step=7103 loss=0.342129 lr=3.174e-07
[train] step=7104 loss=0.381801 lr=3.167e-07
[train] step=7105 loss=0.171611 lr=3.160e-07
[train] step=7106 loss=0.267751 lr=3.153e-07
[train] step=7107 loss=0.785631 lr=3.147e-07
[train] step=7108 loss=0.203553 lr=3.140e-07
[train] step=7109 loss=0.189507 lr=3.133e-07
[train] step=7110 loss=0.216076 lr=3.127e-07
[train] step=7111 loss=0.289814 lr=3.120e-07
[train] step=7112 loss=0.248269 lr=3.113e-07
[train] step=7113 loss=0.207061 lr=3.106e-07
[train] step=7114 loss=0.373675 lr=3.100e-07
[train] step=7115 loss=0.165923 lr=3.093e-07
[train] step=7116 loss=0.165944 lr=3.086e-07
[train] step=7117 loss=0.200336 lr=3.080e-07
[train] step=7118 loss=0.405171 lr=3.073e-07
[train] step=7119 loss=0.215358 lr=3.066e-07
[train] step=7120 loss=0.218427 lr=3.060e-07
[train] step=7121 loss=0.239798 lr=3.053e-07
[train] step=7122 loss=0.202329 lr=3.046e-07
[train] step=7123 loss=0.467719 lr=3.040e-07
[train] step=7124 loss=0.225351 lr=3.033e-07
[train] step=7125 loss=0.169355 lr=3.026e-07
[train] step=7126 loss=0.253272 lr=3.020e-07
[train] step=7127 loss=0.233010 lr=3.013e-07
[train] step=7128 loss=0.193576 lr=3.007e-07
[train] step=7129 loss=0.220978 lr=3.000e-07
[train] step=7130 loss=0.158215 lr=2.993e-07
[train] step=7131 loss=0.119215 lr=2.987e-07
[train] step=7132 loss=0.206046 lr=2.980e-07
[train] step=7133 loss=0.237750 lr=2.974e-07
[train] step=7134 loss=0.219548 lr=2.967e-07
[train] step=7135 loss=0.156531 lr=2.961e-07
[train] step=7136 loss=0.232995 lr=2.954e-07
[train] step=7137 loss=0.524646 lr=2.948e-07
[train] step=7138 loss=0.170509 lr=2.941e-07
[train] step=7139 loss=0.213531 lr=2.935e-07
[train] step=7140 loss=0.230673 lr=2.928e-07
[train] step=7141 loss=0.173967 lr=2.922e-07
[train] step=7142 loss=0.226744 lr=2.915e-07
[train] step=7143 loss=0.192220 lr=2.909e-07
[train] step=7144 loss=0.286418 lr=2.902e-07
[train] step=7145 loss=0.192138 lr=2.896e-07
[train] step=7146 loss=0.184806 lr=2.889e-07
[train] step=7147 loss=0.191480 lr=2.883e-07
[train] step=7148 loss=0.799695 lr=2.876e-07
[train] step=7149 loss=0.173853 lr=2.870e-07
[train] step=7150 loss=0.266095 lr=2.863e-07
[train] step=7151 loss=0.408950 lr=2.857e-07
[train] step=7152 loss=0.300073 lr=2.851e-07
[train] step=7153 loss=0.288838 lr=2.844e-07
[train] step=7154 loss=0.189868 lr=2.838e-07
[train] step=7155 loss=0.252522 lr=2.831e-07
[train] step=7156 loss=0.167952 lr=2.825e-07
[train] step=7157 loss=0.148470 lr=2.819e-07
[train] step=7158 loss=0.211891 lr=2.812e-07
[train] step=7159 loss=0.198742 lr=2.806e-07
[train] step=7160 loss=0.200845 lr=2.799e-07
[train] step=7161 loss=0.120322 lr=2.793e-07
[train] step=7162 loss=0.182254 lr=2.787e-07
[train] step=7163 loss=0.290457 lr=2.780e-07
[train] step=7164 loss=0.199896 lr=2.774e-07
[train] step=7165 loss=0.142675 lr=2.768e-07
[train] step=7166 loss=0.243088 lr=2.761e-07
[train] step=7167 loss=0.278168 lr=2.755e-07
[train] step=7168 loss=0.176886 lr=2.749e-07
[train] step=7169 loss=0.196004 lr=2.742e-07
[train] step=7170 loss=0.221089 lr=2.736e-07
[train] step=7171 loss=0.188495 lr=2.730e-07
[train] step=7172 loss=0.349427 lr=2.724e-07
[train] step=7173 loss=0.296267 lr=2.717e-07
[train] step=7174 loss=0.186797 lr=2.711e-07
[train] step=7175 loss=0.231662 lr=2.705e-07
[train] step=7176 loss=0.304349 lr=2.699e-07
[train] step=7177 loss=0.342682 lr=2.692e-07
[train] step=7178 loss=0.164783 lr=2.686e-07
[train] step=7179 loss=0.231153 lr=2.680e-07
[train] step=7180 loss=0.370088 lr=2.674e-07
[train] step=7181 loss=0.115306 lr=2.667e-07
[train] step=7182 loss=0.140204 lr=2.661e-07
[train] step=7183 loss=0.157704 lr=2.655e-07
[train] step=7184 loss=0.182623 lr=2.649e-07
[train] step=7185 loss=0.169574 lr=2.643e-07
[train] step=7186 loss=0.234822 lr=2.636e-07
[train] step=7187 loss=0.328137 lr=2.630e-07
[train] step=7188 loss=0.290855 lr=2.624e-07
[train] step=7189 loss=0.144891 lr=2.618e-07
[train] step=7190 loss=0.120709 lr=2.612e-07
[train] step=7191 loss=0.257207 lr=2.606e-07
[train] step=7192 loss=0.128184 lr=2.600e-07
[train] step=7193 loss=0.175145 lr=2.593e-07
[train] step=7194 loss=0.263463 lr=2.587e-07
[train] step=7195 loss=0.150486 lr=2.581e-07
[train] step=7196 loss=0.190684 lr=2.575e-07
[train] step=7197 loss=0.150971 lr=2.569e-07
[train] step=7198 loss=0.278010 lr=2.563e-07
[train] step=7199 loss=0.280990 lr=2.557e-07
[train] step=7200 loss=0.155621 lr=2.551e-07
[val] step=7200 val_loss=0.247687
INFO     [rank 0] Model weights for step 7200 saved in       dit_trainer.py:1268
         checkpoints/model_weights_step_07200.safetensors                       
INFO     [rank 0] Scalar embedding weights for step 7200     dit_trainer.py:1277
         saved                                                                  
INFO     [rank 0] Training state saved:                      dit_trainer.py:1365
         checkpoints/model_weights_step_07200.state.pt                          
INFO     [rank 0] New best checkpoint (step 7200,            dit_trainer.py:1300
         val_loss=0.247687):                                                    
         checkpoints/model_weights_best.safetensors                             
DEBUG    [rank 0] Removed old checkpoint:                    dit_trainer.py:1378
         /hppfs/scratch/0D/go76fuz2/windinet/outputs/shockwa                    
         ve_dit_ep20_baseline_std1p5/checkpoints/model_weigh                    
         ts_step_06960.safetensors                                              
DEBUG    [rank 0] Removed old checkpoint:                    dit_trainer.py:1378
         /hppfs/scratch/0D/go76fuz2/windinet/outputs/shockwa                    
         ve_dit_ep20_baseline_std1p5/checkpoints/scalar_embe                    
         dding_step_06960.safetensors                                           
DEBUG    [rank 0] Removed optimizer state for older kept     dit_trainer.py:1393
         checkpoint:                                                            
         /hppfs/scratch/0D/go76fuz2/windinet/outputs/shockwa                    
         ve_dit_ep20_baseline_std1p5/checkpoints/model_weigh                    
         ts_step_07080.state.pt                                                 
[epoch 60] step=7200 train_loss=0.240073 val_loss=0.247687
[train] step=7201 loss=0.135153 lr=2.545e-07
[train] step=7202 loss=0.193146 lr=2.539e-07
[train] step=7203 loss=0.183666 lr=2.533e-07
[train] step=7204 loss=0.199424 lr=2.527e-07
[train] step=7205 loss=0.275709 lr=2.521e-07
[train] step=7206 loss=0.224168 lr=2.515e-07
[train] step=7207 loss=0.214564 lr=2.508e-07
[train] step=7208 loss=0.303319 lr=2.502e-07
[train] step=7209 loss=0.175163 lr=2.496e-07
[train] step=7210 loss=0.179836 lr=2.490e-07
[train] step=7211 loss=0.212176 lr=2.484e-07
[train] step=7212 loss=0.294734 lr=2.478e-07
[train] step=7213 loss=0.216620 lr=2.473e-07
[train] step=7214 loss=0.189063 lr=2.467e-07
[train] step=7215 loss=0.211582 lr=2.461e-07
[train] step=7216 loss=0.253006 lr=2.455e-07
[train] step=7217 loss=0.369401 lr=2.449e-07
[train] step=7218 loss=0.365979 lr=2.443e-07
[train] step=7219 loss=0.243035 lr=2.437e-07
[train] step=7220 loss=0.477874 lr=2.431e-07
[train] step=7221 loss=0.247509 lr=2.425e-07
[train] step=7222 loss=0.181939 lr=2.419e-07
[train] step=7223 loss=0.235789 lr=2.413e-07
[train] step=7224 loss=0.160072 lr=2.407e-07
[train] step=7225 loss=0.168641 lr=2.401e-07
[train] step=7226 loss=0.192362 lr=2.395e-07
[train] step=7227 loss=0.221063 lr=2.390e-07
[train] step=7228 loss=0.375394 lr=2.384e-07
[train] step=7229 loss=0.550293 lr=2.378e-07
[train] step=7230 loss=0.241673 lr=2.372e-07
[train] step=7231 loss=0.250224 lr=2.366e-07
[train] step=7232 loss=0.502183 lr=2.360e-07
[train] step=7233 loss=0.248677 lr=2.355e-07
[train] step=7234 loss=0.190611 lr=2.349e-07
[train] step=7235 loss=0.303015 lr=2.343e-07
[train] step=7236 loss=0.215877 lr=2.337e-07
[train] step=7237 loss=0.293148 lr=2.331e-07
[train] step=7238 loss=0.206404 lr=2.325e-07
[train] step=7239 loss=0.085283 lr=2.320e-07
[train] step=7240 loss=0.273258 lr=2.314e-07
[train] step=7241 loss=0.198371 lr=2.308e-07
[train] step=7242 loss=0.388467 lr=2.302e-07
[train] step=7243 loss=0.219955 lr=2.297e-07
[train] step=7244 loss=0.183353 lr=2.291e-07
[train] step=7245 loss=0.199557 lr=2.285e-07
[train] step=7246 loss=0.308199 lr=2.279e-07
[train] step=7247 loss=0.430620 lr=2.274e-07
[train] step=7248 loss=0.232361 lr=2.268e-07
[train] step=7249 loss=0.328029 lr=2.262e-07
[train] step=7250 loss=0.246299 lr=2.257e-07
[train] step=7251 loss=0.349446 lr=2.251e-07
[train] step=7252 loss=0.341255 lr=2.245e-07
[train] step=7253 loss=0.543222 lr=2.239e-07
[train] step=7254 loss=0.817989 lr=2.234e-07
[train] step=7255 loss=0.211870 lr=2.228e-07
[train] step=7256 loss=0.271977 lr=2.222e-07
[train] step=7257 loss=0.173894 lr=2.217e-07
[train] step=7258 loss=0.186849 lr=2.211e-07
[train] step=7259 loss=0.249758 lr=2.206e-07
[train] step=7260 loss=0.154555 lr=2.200e-07
[train] step=7261 loss=0.280477 lr=2.194e-07
[train] step=7262 loss=0.182770 lr=2.189e-07
[train] step=7263 loss=0.271978 lr=2.183e-07
[train] step=7264 loss=0.232396 lr=2.177e-07
[train] step=7265 loss=0.209037 lr=2.172e-07
[train] step=7266 loss=0.227840 lr=2.166e-07
[train] step=7267 loss=0.361250 lr=2.161e-07
[train] step=7268 loss=0.240943 lr=2.155e-07
[train] step=7269 loss=0.106711 lr=2.150e-07
[train] step=7270 loss=0.276969 lr=2.144e-07
[train] step=7271 loss=0.222334 lr=2.138e-07
[train] step=7272 loss=0.400170 lr=2.133e-07
[train] step=7273 loss=0.333061 lr=2.127e-07
[train] step=7274 loss=0.260839 lr=2.122e-07
[train] step=7275 loss=0.257033 lr=2.116e-07
[train] step=7276 loss=0.217427 lr=2.111e-07
[train] step=7277 loss=0.218263 lr=2.105e-07
[train] step=7278 loss=0.264847 lr=2.100e-07
[train] step=7279 loss=0.313330 lr=2.094e-07
[train] step=7280 loss=0.119068 lr=2.089e-07
[train] step=7281 loss=0.212480 lr=2.083e-07
[train] step=7282 loss=0.215420 lr=2.078e-07
[train] step=7283 loss=0.336330 lr=2.072e-07
[train] step=7284 loss=0.244175 lr=2.067e-07
[train] step=7285 loss=0.115313 lr=2.061e-07
[train] step=7286 loss=0.288537 lr=2.056e-07
[train] step=7287 loss=0.230560 lr=2.051e-07
[train] step=7288 loss=0.232526 lr=2.045e-07
[train] step=7289 loss=0.157976 lr=2.040e-07
[train] step=7290 loss=0.414303 lr=2.034e-07
[train] step=7291 loss=0.149227 lr=2.029e-07
[train] step=7292 loss=0.236401 lr=2.024e-07
[train] step=7293 loss=0.192048 lr=2.018e-07
[train] step=7294 loss=0.298748 lr=2.013e-07
[train] step=7295 loss=0.157705 lr=2.007e-07
[train] step=7296 loss=0.267082 lr=2.002e-07
[train] step=7297 loss=0.300998 lr=1.997e-07
[train] step=7298 loss=0.179772 lr=1.991e-07
[train] step=7299 loss=0.415241 lr=1.986e-07
[train] step=7300 loss=0.215759 lr=1.981e-07
[train] step=7301 loss=0.134133 lr=1.975e-07
[train] step=7302 loss=0.271726 lr=1.970e-07
[train] step=7303 loss=0.662390 lr=1.965e-07
[train] step=7304 loss=0.177225 lr=1.959e-07
[train] step=7305 loss=0.261627 lr=1.954e-07
[train] step=7306 loss=0.127776 lr=1.949e-07
[train] step=7307 loss=0.196299 lr=1.944e-07
[train] step=7308 loss=0.145331 lr=1.938e-07
[train] step=7309 loss=0.178889 lr=1.933e-07
[train] step=7310 loss=0.132222 lr=1.928e-07
[train] step=7311 loss=0.365315 lr=1.922e-07
[train] step=7312 loss=0.193810 lr=1.917e-07
[train] step=7313 loss=0.254552 lr=1.912e-07
[train] step=7314 loss=0.286218 lr=1.907e-07
[train] step=7315 loss=0.194021 lr=1.902e-07
[train] step=7316 loss=0.169365 lr=1.896e-07
[train] step=7317 loss=0.242907 lr=1.891e-07
[train] step=7318 loss=0.215594 lr=1.886e-07
[train] step=7319 loss=0.426898 lr=1.881e-07
[train] step=7320 loss=0.174135 lr=1.876e-07
INFO     [rank 0] Model weights for step 7320 saved in       dit_trainer.py:1268
         checkpoints/model_weights_step_07320.safetensors                       
INFO     [rank 0] Scalar embedding weights for step 7320     dit_trainer.py:1277
         saved                                                                  
INFO     [rank 0] Training state saved:                      dit_trainer.py:1365
         checkpoints/model_weights_step_07320.state.pt                          
DEBUG    [rank 0] Removed old checkpoint:                    dit_trainer.py:1378
         /hppfs/scratch/0D/go76fuz2/windinet/outputs/shockwa                    
         ve_dit_ep20_baseline_std1p5/checkpoints/model_weigh                    
         ts_step_07080.safetensors                                              
DEBUG    [rank 0] Removed old checkpoint:                    dit_trainer.py:1378
         /hppfs/scratch/0D/go76fuz2/windinet/outputs/shockwa                    
         ve_dit_ep20_baseline_std1p5/checkpoints/scalar_embe                    
         dding_step_07080.safetensors                                           
DEBUG    [rank 0] Removed optimizer state for older kept     dit_trainer.py:1393
         checkpoint:                                                            
         /hppfs/scratch/0D/go76fuz2/windinet/outputs/shockwa                    
         ve_dit_ep20_baseline_std1p5/checkpoints/model_weigh                    
         ts_step_07200.state.pt                                                 
[epoch 61] step=7320 train_loss=0.256219
[train] step=7321 loss=0.155530 lr=1.870e-07
[train] step=7322 loss=0.265547 lr=1.865e-07
[train] step=7323 loss=0.217773 lr=1.860e-07
[train] step=7324 loss=0.248761 lr=1.855e-07
[train] step=7325 loss=0.184148 lr=1.850e-07
[train] step=7326 loss=0.366340 lr=1.845e-07
[train] step=7327 loss=0.208433 lr=1.839e-07
[train] step=7328 loss=0.146675 lr=1.834e-07
[train] step=7329 loss=0.356946 lr=1.829e-07
[train] step=7330 loss=0.169137 lr=1.824e-07
[train] step=7331 loss=0.361566 lr=1.819e-07
[train] step=7332 loss=0.247717 lr=1.814e-07
[train] step=7333 loss=0.388986 lr=1.809e-07
[train] step=7334 loss=0.267181 lr=1.804e-07
[train] step=7335 loss=0.297943 lr=1.799e-07
[train] step=7336 loss=0.187584 lr=1.794e-07
[train] step=7337 loss=0.268074 lr=1.788e-07
[train] step=7338 loss=0.187370 lr=1.783e-07
[train] step=7339 loss=0.228660 lr=1.778e-07
[train] step=7340 loss=0.290005 lr=1.773e-07
[train] step=7341 loss=0.215272 lr=1.768e-07
[train] step=7342 loss=0.323107 lr=1.763e-07
[train] step=7343 loss=0.189281 lr=1.758e-07
[train] step=7344 loss=0.306281 lr=1.753e-07
[train] step=7345 loss=0.217096 lr=1.748e-07
[train] step=7346 loss=0.145570 lr=1.743e-07
[train] step=7347 loss=0.197283 lr=1.738e-07
[train] step=7348 loss=0.310536 lr=1.733e-07
[train] step=7349 loss=0.352302 lr=1.728e-07
[train] step=7350 loss=0.164786 lr=1.723e-07
[train] step=7351 loss=0.064356 lr=1.718e-07
[train] step=7352 loss=0.234783 lr=1.713e-07
[train] step=7353 loss=0.243464 lr=1.709e-07
[train] step=7354 loss=0.268668 lr=1.704e-07
[train] step=7355 loss=0.147894 lr=1.699e-07
[train] step=7356 loss=0.195563 lr=1.694e-07
[train] step=7357 loss=0.367717 lr=1.689e-07
[train] step=7358 loss=0.207513 lr=1.684e-07
[train] step=7359 loss=0.343717 lr=1.679e-07
[train] step=7360 loss=0.272853 lr=1.674e-07
[train] step=7361 loss=0.275512 lr=1.669e-07
[train] step=7362 loss=0.218347 lr=1.664e-07
[train] step=7363 loss=0.222920 lr=1.660e-07
[train] step=7364 loss=0.261448 lr=1.655e-07
[train] step=7365 loss=0.366287 lr=1.650e-07
[train] step=7366 loss=0.247262 lr=1.645e-07
[train] step=7367 loss=0.258800 lr=1.640e-07
[train] step=7368 loss=0.159018 lr=1.635e-07
[train] step=7369 loss=0.204052 lr=1.630e-07
[train] step=7370 loss=0.231528 lr=1.626e-07
[train] step=7371 loss=0.159438 lr=1.621e-07
[train] step=7372 loss=0.207461 lr=1.616e-07
[train] step=7373 loss=0.220929 lr=1.611e-07
[train] step=7374 loss=0.238493 lr=1.606e-07
[train] step=7375 loss=0.222777 lr=1.602e-07
[train] step=7376 loss=0.267086 lr=1.597e-07
[train] step=7377 loss=0.230943 lr=1.592e-07
[train] step=7378 loss=0.317838 lr=1.587e-07
[train] step=7379 loss=0.207043 lr=1.583e-07
[train] step=7380 loss=0.171897 lr=1.578e-07
[train] step=7381 loss=0.571711 lr=1.573e-07
[train] step=7382 loss=0.172876 lr=1.568e-07
[train] step=7383 loss=0.635434 lr=1.564e-07
[train] step=7384 loss=0.130630 lr=1.559e-07
[train] step=7385 loss=0.325157 lr=1.554e-07
[train] step=7386 loss=0.161103 lr=1.550e-07
[train] step=7387 loss=0.203655 lr=1.545e-07
[train] step=7388 loss=0.236194 lr=1.540e-07
[train] step=7389 loss=0.134866 lr=1.536e-07
[train] step=7390 loss=0.327594 lr=1.531e-07
[train] step=7391 loss=0.146171 lr=1.526e-07
[train] step=7392 loss=0.289759 lr=1.522e-07
[train] step=7393 loss=0.297186 lr=1.517e-07
[train] step=7394 loss=0.374199 lr=1.512e-07
[train] step=7395 loss=0.311694 lr=1.508e-07
[train] step=7396 loss=0.284437 lr=1.503e-07
[train] step=7397 loss=0.294977 lr=1.498e-07
[train] step=7398 loss=0.139457 lr=1.494e-07
[train] step=7399 loss=0.256819 lr=1.489e-07
[train] step=7400 loss=0.457061 lr=1.485e-07
[train] step=7401 loss=0.293346 lr=1.480e-07
[train] step=7402 loss=0.449425 lr=1.476e-07
[train] step=7403 loss=0.238122 lr=1.471e-07
[train] step=7404 loss=0.203720 lr=1.466e-07
[train] step=7405 loss=0.363959 lr=1.462e-07
[train] step=7406 loss=0.264183 lr=1.457e-07
[train] step=7407 loss=0.150784 lr=1.453e-07
[train] step=7408 loss=0.202504 lr=1.448e-07
[train] step=7409 loss=0.316607 lr=1.444e-07
[train] step=7410 loss=0.233679 lr=1.439e-07
[train] step=7411 loss=0.192682 lr=1.435e-07
[train] step=7412 loss=0.224396 lr=1.430e-07
[train] step=7413 loss=0.267471 lr=1.426e-07
[train] step=7414 loss=0.111969 lr=1.421e-07
[train] step=7415 loss=0.154977 lr=1.417e-07
[train] step=7416 loss=0.314803 lr=1.412e-07
[train] step=7417 loss=0.264502 lr=1.408e-07
[train] step=7418 loss=0.165890 lr=1.403e-07
[train] step=7419 loss=0.392588 lr=1.399e-07
[train] step=7420 loss=0.116978 lr=1.394e-07
[train] step=7421 loss=0.235694 lr=1.390e-07
[train] step=7422 loss=0.247898 lr=1.386e-07
[train] step=7423 loss=0.138407 lr=1.381e-07
[train] step=7424 loss=0.121494 lr=1.377e-07
[train] step=7425 loss=0.353597 lr=1.372e-07
[train] step=7426 loss=0.121473 lr=1.368e-07
[train] step=7427 loss=0.211291 lr=1.364e-07
[train] step=7428 loss=0.469501 lr=1.359e-07
[train] step=7429 loss=0.364808 lr=1.355e-07
[train] step=7430 loss=0.210571 lr=1.350e-07
[train] step=7431 loss=0.297732 lr=1.346e-07
[train] step=7432 loss=0.169414 lr=1.342e-07
[train] step=7433 loss=0.272485 lr=1.337e-07
[train] step=7434 loss=0.135641 lr=1.333e-07
[train] step=7435 loss=0.137065 lr=1.329e-07
[train] step=7436 loss=0.227227 lr=1.324e-07
[train] step=7437 loss=0.125015 lr=1.320e-07
[train] step=7438 loss=0.349704 lr=1.316e-07
[train] step=7439 loss=0.260906 lr=1.312e-07
[train] step=7440 loss=0.209557 lr=1.307e-07
INFO     [rank 0] Model weights for step 7440 saved in       dit_trainer.py:1268
         checkpoints/model_weights_step_07440.safetensors                       
INFO     [rank 0] Scalar embedding weights for step 7440     dit_trainer.py:1277
         saved                                                                  
INFO     [rank 0] Training state saved:                      dit_trainer.py:1365
         checkpoints/model_weights_step_07440.state.pt                          
DEBUG    [rank 0] Removed old checkpoint:                    dit_trainer.py:1378
         /hppfs/scratch/0D/go76fuz2/windinet/outputs/shockwa                    
         ve_dit_ep20_baseline_std1p5/checkpoints/model_weigh                    
         ts_step_07200.safetensors                                              
DEBUG    [rank 0] Removed old checkpoint:                    dit_trainer.py:1378
         /hppfs/scratch/0D/go76fuz2/windinet/outputs/shockwa                    
         ve_dit_ep20_baseline_std1p5/checkpoints/scalar_embe                    
         dding_step_07200.safetensors                                           
DEBUG    [rank 0] Removed optimizer state for older kept     dit_trainer.py:1393
         checkpoint:                                                            
         /hppfs/scratch/0D/go76fuz2/windinet/outputs/shockwa                    
         ve_dit_ep20_baseline_std1p5/checkpoints/model_weigh                    
         ts_step_07320.state.pt                                                 
[epoch 62] step=7440 train_loss=0.248326
[train] step=7441 loss=0.299974 lr=1.303e-07
[train] step=7442 loss=0.128084 lr=1.299e-07
[train] step=7443 loss=0.096508 lr=1.294e-07
[train] step=7444 loss=0.292999 lr=1.290e-07
[train] step=7445 loss=0.180999 lr=1.286e-07
[train] step=7446 loss=0.325085 lr=1.282e-07
[train] step=7447 loss=0.149269 lr=1.277e-07
[train] step=7448 loss=0.192107 lr=1.273e-07
[train] step=7449 loss=0.216488 lr=1.269e-07
[train] step=7450 loss=0.276987 lr=1.265e-07
[train] step=7451 loss=0.138298 lr=1.261e-07
[train] step=7452 loss=0.229289 lr=1.256e-07
[train] step=7453 loss=0.239259 lr=1.252e-07
[train] step=7454 loss=0.540751 lr=1.248e-07
[train] step=7455 loss=0.272355 lr=1.244e-07
[train] step=7456 loss=0.288291 lr=1.240e-07
[train] step=7457 loss=0.260869 lr=1.235e-07
[train] step=7458 loss=0.258915 lr=1.231e-07
[train] step=7459 loss=0.217343 lr=1.227e-07
[train] step=7460 loss=0.168583 lr=1.223e-07
[train] step=7461 loss=0.202143 lr=1.219e-07
[train] step=7462 loss=0.141166 lr=1.215e-07
[train] step=7463 loss=0.279964 lr=1.211e-07
[train] step=7464 loss=0.185617 lr=1.207e-07
[train] step=7465 loss=0.301572 lr=1.202e-07
[train] step=7466 loss=0.191425 lr=1.198e-07
[train] step=7467 loss=0.188568 lr=1.194e-07
[train] step=7468 loss=0.196802 lr=1.190e-07
[train] step=7469 loss=0.338886 lr=1.186e-07
[train] step=7470 loss=0.162095 lr=1.182e-07
[train] step=7471 loss=0.280167 lr=1.178e-07
[train] step=7472 loss=0.228076 lr=1.174e-07
[train] step=7473 loss=0.222955 lr=1.170e-07
[train] step=7474 loss=0.684461 lr=1.166e-07
[train] step=7475 loss=0.182468 lr=1.162e-07
[train] step=7476 loss=0.222630 lr=1.158e-07
[train] step=7477 loss=0.232062 lr=1.154e-07
[train] step=7478 loss=0.256788 lr=1.150e-07
[train] step=7479 loss=0.138982 lr=1.146e-07
[train] step=7480 loss=0.264750 lr=1.142e-07
[train] step=7481 loss=0.205888 lr=1.138e-07
[train] step=7482 loss=0.455187 lr=1.134e-07
[train] step=7483 loss=0.476733 lr=1.130e-07
[train] step=7484 loss=0.184146 lr=1.126e-07
[train] step=7485 loss=0.305987 lr=1.122e-07
[train] step=7486 loss=0.120002 lr=1.118e-07
[train] step=7487 loss=0.164306 lr=1.114e-07
[train] step=7488 loss=0.084244 lr=1.110e-07
[train] step=7489 loss=0.203774 lr=1.106e-07
[train] step=7490 loss=0.344364 lr=1.102e-07
[train] step=7491 loss=0.163113 lr=1.098e-07
[train] step=7492 loss=0.349613 lr=1.095e-07
[train] step=7493 loss=0.325309 lr=1.091e-07
[train] step=7494 loss=0.103969 lr=1.087e-07
[train] step=7495 loss=0.207880 lr=1.083e-07
[train] step=7496 loss=0.173830 lr=1.079e-07
[train] step=7497 loss=0.491257 lr=1.075e-07
[train] step=7498 loss=0.320831 lr=1.071e-07
[train] step=7499 loss=0.203689 lr=1.067e-07
[train] step=7500 loss=0.146515 lr=1.064e-07
[train] step=7501 loss=0.346290 lr=1.060e-07
[train] step=7502 loss=0.163680 lr=1.056e-07
[train] step=7503 loss=0.373239 lr=1.052e-07
[train] step=7504 loss=0.172138 lr=1.048e-07
[train] step=7505 loss=0.290590 lr=1.045e-07
[train] step=7506 loss=0.280734 lr=1.041e-07
[train] step=7507 loss=0.264952 lr=1.037e-07
[train] step=7508 loss=0.197338 lr=1.033e-07
[train] step=7509 loss=0.309610 lr=1.029e-07
[train] step=7510 loss=0.380021 lr=1.026e-07
[train] step=7511 loss=0.405702 lr=1.022e-07
[train] step=7512 loss=0.213701 lr=1.018e-07
[train] step=7513 loss=0.308203 lr=1.014e-07
[train] step=7514 loss=0.286688 lr=1.011e-07
[train] step=7515 loss=0.185621 lr=1.007e-07
[train] step=7516 loss=0.211769 lr=1.003e-07
[train] step=7517 loss=0.226516 lr=9.995e-08
[train] step=7518 loss=0.217681 lr=9.958e-08
[train] step=7519 loss=0.194369 lr=9.921e-08
[train] step=7520 loss=0.155587 lr=9.884e-08
[train] step=7521 loss=0.250202 lr=9.848e-08
[train] step=7522 loss=0.268075 lr=9.811e-08
[train] step=7523 loss=0.239005 lr=9.774e-08
[train] step=7524 loss=0.140674 lr=9.738e-08
[train] step=7525 loss=0.296340 lr=9.701e-08
[train] step=7526 loss=0.182187 lr=9.665e-08
[train] step=7527 loss=0.254682 lr=9.628e-08
[train] step=7528 loss=0.262711 lr=9.592e-08
[train] step=7529 loss=0.333755 lr=9.556e-08
[train] step=7530 loss=0.218100 lr=9.520e-08
[train] step=7531 loss=0.163468 lr=9.484e-08
[train] step=7532 loss=0.176563 lr=9.448e-08
[train] step=7533 loss=0.213883 lr=9.412e-08
[train] step=7534 loss=0.201561 lr=9.376e-08
[train] step=7535 loss=0.160232 lr=9.340e-08
[train] step=7536 loss=0.331863 lr=9.305e-08
[train] step=7537 loss=0.333851 lr=9.269e-08
[train] step=7538 loss=0.228252 lr=9.234e-08
[train] step=7539 loss=0.116549 lr=9.198e-08
[train] step=7540 loss=0.255622 lr=9.163e-08
[train] step=7541 loss=0.158912 lr=9.128e-08
[train] step=7542 loss=0.152470 lr=9.092e-08
[train] step=7543 loss=0.196521 lr=9.057e-08
[train] step=7544 loss=0.190615 lr=9.022e-08
[train] step=7545 loss=0.218493 lr=8.987e-08
[train] step=7546 loss=0.149258 lr=8.952e-08
[train] step=7547 loss=0.177120 lr=8.917e-08
[train] step=7548 loss=0.229796 lr=8.883e-08
[train] step=7549 loss=0.157887 lr=8.848e-08
[train] step=7550 loss=0.228485 lr=8.813e-08
[train] step=7551 loss=0.285250 lr=8.779e-08
[train] step=7552 loss=0.248491 lr=8.744e-08
[train] step=7553 loss=0.232980 lr=8.710e-08
[train] step=7554 loss=0.174881 lr=8.676e-08
[train] step=7555 loss=0.195786 lr=8.642e-08
[train] step=7556 loss=0.301763 lr=8.607e-08
[train] step=7557 loss=0.349031 lr=8.573e-08
[train] step=7558 loss=0.165546 lr=8.539e-08
[train] step=7559 loss=0.315625 lr=8.505e-08
[train] step=7560 loss=0.382276 lr=8.472e-08
INFO     [rank 0] Model weights for step 7560 saved in       dit_trainer.py:1268
         checkpoints/model_weights_step_07560.safetensors                       
INFO     [rank 0] Scalar embedding weights for step 7560     dit_trainer.py:1277
         saved                                                                  
INFO     [rank 0] Training state saved:                      dit_trainer.py:1365
         checkpoints/model_weights_step_07560.state.pt                          
DEBUG    [rank 0] Removed old checkpoint:                    dit_trainer.py:1378
         /hppfs/scratch/0D/go76fuz2/windinet/outputs/shockwa                    
         ve_dit_ep20_baseline_std1p5/checkpoints/model_weigh                    
         ts_step_07320.safetensors                                              
DEBUG    [rank 0] Removed old checkpoint:                    dit_trainer.py:1378
         /hppfs/scratch/0D/go76fuz2/windinet/outputs/shockwa                    
         ve_dit_ep20_baseline_std1p5/checkpoints/scalar_embe                    
         dding_step_07320.safetensors                                           
DEBUG    [rank 0] Removed optimizer state for older kept     dit_trainer.py:1393
         checkpoint:                                                            
         /hppfs/scratch/0D/go76fuz2/windinet/outputs/shockwa                    
         ve_dit_ep20_baseline_std1p5/checkpoints/model_weigh                    
         ts_step_07440.state.pt                                                 
[epoch 63] step=7560 train_loss=0.240459
[train] step=7561 loss=0.198926 lr=8.438e-08
[train] step=7562 loss=0.166527 lr=8.404e-08
[train] step=7563 loss=0.158275 lr=8.371e-08
[train] step=7564 loss=0.472801 lr=8.337e-08
[train] step=7565 loss=0.225152 lr=8.304e-08
[train] step=7566 loss=0.289813 lr=8.270e-08
[train] step=7567 loss=0.333056 lr=8.237e-08
[train] step=7568 loss=0.217606 lr=8.204e-08
[train] step=7569 loss=0.331941 lr=8.171e-08
[train] step=7570 loss=0.187857 lr=8.137e-08
[train] step=7571 loss=0.257878 lr=8.104e-08
[train] step=7572 loss=0.214830 lr=8.072e-08
[train] step=7573 loss=0.319375 lr=8.039e-08
[train] step=7574 loss=0.271824 lr=8.006e-08
[train] step=7575 loss=0.125981 lr=7.973e-08
[train] step=7576 loss=0.119327 lr=7.941e-08
[train] step=7577 loss=0.188286 lr=7.908e-08
[train] step=7578 loss=0.190960 lr=7.876e-08
[train] step=7579 loss=0.182776 lr=7.843e-08
[train] step=7580 loss=0.219473 lr=7.811e-08
[train] step=7581 loss=0.290299 lr=7.779e-08
[train] step=7582 loss=0.298700 lr=7.746e-08
[train] step=7583 loss=0.230245 lr=7.714e-08
[train] step=7584 loss=0.207748 lr=7.682e-08
[train] step=7585 loss=0.172649 lr=7.650e-08
[train] step=7586 loss=0.240261 lr=7.619e-08
[train] step=7587 loss=0.196051 lr=7.587e-08
[train] step=7588 loss=0.160908 lr=7.555e-08
[train] step=7589 loss=0.113244 lr=7.523e-08
[train] step=7590 loss=0.192547 lr=7.492e-08
[train] step=7591 loss=0.202549 lr=7.460e-08
[train] step=7592 loss=0.219690 lr=7.429e-08
[train] step=7593 loss=0.360380 lr=7.398e-08
[train] step=7594 loss=0.240386 lr=7.366e-08
[train] step=7595 loss=0.129790 lr=7.335e-08
[train] step=7596 loss=0.328049 lr=7.304e-08
[train] step=7597 loss=0.246494 lr=7.273e-08
[train] step=7598 loss=0.230007 lr=7.242e-08
[train] step=7599 loss=0.626543 lr=7.211e-08
[train] step=7600 loss=0.176799 lr=7.180e-08
[train] step=7601 loss=0.302742 lr=7.150e-08
[train] step=7602 loss=0.201026 lr=7.119e-08
[train] step=7603 loss=0.227191 lr=7.088e-08
[train] step=7604 loss=0.195834 lr=7.058e-08
[train] step=7605 loss=0.470339 lr=7.028e-08
[train] step=7606 loss=0.267472 lr=6.997e-08
[train] step=7607 loss=0.311782 lr=6.967e-08
[train] step=7608 loss=0.185467 lr=6.937e-08
[train] step=7609 loss=0.181938 lr=6.907e-08
[train] step=7610 loss=0.160646 lr=6.877e-08
[train] step=7611 loss=0.207732 lr=6.847e-08
[train] step=7612 loss=0.214723 lr=6.817e-08
[train] step=7613 loss=0.550792 lr=6.787e-08
[train] step=7614 loss=0.368284 lr=6.757e-08
[train] step=7615 loss=0.213998 lr=6.728e-08
[train] step=7616 loss=0.289016 lr=6.698e-08
[train] step=7617 loss=0.200422 lr=6.668e-08
[train] step=7618 loss=0.210745 lr=6.639e-08
[train] step=7619 loss=0.255060 lr=6.610e-08
[train] step=7620 loss=0.129021 lr=6.580e-08
[train] step=7621 loss=0.331155 lr=6.551e-08
[train] step=7622 loss=0.192224 lr=6.522e-08
[train] step=7623 loss=0.254747 lr=6.493e-08
[train] step=7624 loss=0.195095 lr=6.464e-08
[train] step=7625 loss=0.202400 lr=6.435e-08
[train] step=7626 loss=0.251250 lr=6.406e-08
[train] step=7627 loss=0.633122 lr=6.378e-08
[train] step=7628 loss=0.250177 lr=6.349e-08
[train] step=7629 loss=0.360125 lr=6.320e-08
[train] step=7630 loss=0.232402 lr=6.292e-08
[train] step=7631 loss=0.259534 lr=6.263e-08
[train] step=7632 loss=0.182874 lr=6.235e-08
[train] step=7633 loss=0.264792 lr=6.207e-08
[train] step=7634 loss=0.209372 lr=6.179e-08
[train] step=7635 loss=0.414086 lr=6.150e-08
[train] step=7636 loss=0.202357 lr=6.122e-08
[train] step=7637 loss=0.209584 lr=6.094e-08
[train] step=7638 loss=0.269664 lr=6.066e-08
[train] step=7639 loss=0.195335 lr=6.039e-08
[train] step=7640 loss=0.854811 lr=6.011e-08
[train] step=7641 loss=0.187637 lr=5.983e-08
[train] step=7642 loss=0.170172 lr=5.956e-08
[train] step=7643 loss=0.141004 lr=5.928e-08
[train] step=7644 loss=0.250370 lr=5.901e-08
[train] step=7645 loss=0.240272 lr=5.873e-08
[train] step=7646 loss=0.213580 lr=5.846e-08
[train] step=7647 loss=0.474492 lr=5.819e-08
[train] step=7648 loss=0.247285 lr=5.792e-08
[train] step=7649 loss=0.211389 lr=5.765e-08
[train] step=7650 loss=0.346766 lr=5.738e-08
[train] step=7651 loss=0.382981 lr=5.711e-08
[train] step=7652 loss=0.288044 lr=5.684e-08
[train] step=7653 loss=0.353250 lr=5.657e-08
[train] step=7654 loss=0.188512 lr=5.630e-08
[train] step=7655 loss=0.213388 lr=5.604e-08
[train] step=7656 loss=0.224752 lr=5.577e-08
[train] step=7657 loss=0.196332 lr=5.551e-08
[train] step=7658 loss=0.342105 lr=5.524e-08
[train] step=7659 loss=0.350514 lr=5.498e-08
[train] step=7660 loss=0.216192 lr=5.472e-08
[train] step=7661 loss=0.200412 lr=5.446e-08
[train] step=7662 loss=0.405030 lr=5.420e-08
[train] step=7663 loss=0.375353 lr=5.394e-08
[train] step=7664 loss=0.443840 lr=5.368e-08
[train] step=7665 loss=0.177417 lr=5.342e-08
[train] step=7666 loss=0.164725 lr=5.316e-08
[train] step=7667 loss=0.145268 lr=5.290e-08
[train] step=7668 loss=0.245130 lr=5.265e-08
[train] step=7669 loss=0.224031 lr=5.239e-08
[train] step=7670 loss=0.108363 lr=5.214e-08
[train] step=7671 loss=0.202128 lr=5.188e-08
[train] step=7672 loss=0.160750 lr=5.163e-08
[train] step=7673 loss=0.391034 lr=5.138e-08
[train] step=7674 loss=0.177809 lr=5.113e-08
[train] step=7675 loss=0.170711 lr=5.088e-08
[train] step=7676 loss=0.274860 lr=5.063e-08
[train] step=7677 loss=0.330152 lr=5.038e-08
[train] step=7678 loss=0.167236 lr=5.013e-08
[train] step=7679 loss=0.163576 lr=4.988e-08
[train] step=7680 loss=0.381093 lr=4.963e-08
INFO     [rank 0] Model weights for step 7680 saved in       dit_trainer.py:1268
         checkpoints/model_weights_step_07680.safetensors                       
INFO     [rank 0] Scalar embedding weights for step 7680     dit_trainer.py:1277
         saved                                                                  
INFO     [rank 0] Training state saved:                      dit_trainer.py:1365
         checkpoints/model_weights_step_07680.state.pt                          
DEBUG    [rank 0] Removed old checkpoint:                    dit_trainer.py:1378
         /hppfs/scratch/0D/go76fuz2/windinet/outputs/shockwa                    
         ve_dit_ep20_baseline_std1p5/checkpoints/model_weigh                    
         ts_step_07440.safetensors                                              
DEBUG    [rank 0] Removed old checkpoint:                    dit_trainer.py:1378
         /hppfs/scratch/0D/go76fuz2/windinet/outputs/shockwa                    
         ve_dit_ep20_baseline_std1p5/checkpoints/scalar_embe                    
         dding_step_07440.safetensors                                           
DEBUG    [rank 0] Removed optimizer state for older kept     dit_trainer.py:1393
         checkpoint:                                                            
         /hppfs/scratch/0D/go76fuz2/windinet/outputs/shockwa                    
         ve_dit_ep20_baseline_std1p5/checkpoints/model_weigh                    
         ts_step_07560.state.pt                                                 
[epoch 64] step=7680 train_loss=0.256621
[train] step=7681 loss=0.138166 lr=4.939e-08
[train] step=7682 loss=0.200490 lr=4.914e-08
[train] step=7683 loss=0.555723 lr=4.890e-08
[train] step=7684 loss=0.175890 lr=4.865e-08
[train] step=7685 loss=0.264394 lr=4.841e-08
[train] step=7686 loss=0.185273 lr=4.817e-08
[train] step=7687 loss=0.255203 lr=4.793e-08
[train] step=7688 loss=0.210687 lr=4.768e-08
[train] step=7689 loss=0.110007 lr=4.744e-08
[train] step=7690 loss=0.260698 lr=4.721e-08
[train] step=7691 loss=0.196235 lr=4.697e-08
[train] step=7692 loss=0.136318 lr=4.673e-08
[train] step=7693 loss=0.163963 lr=4.649e-08
[train] step=7694 loss=0.361550 lr=4.626e-08
[train] step=7695 loss=0.185434 lr=4.602e-08
[train] step=7696 loss=0.220443 lr=4.579e-08
[train] step=7697 loss=0.364457 lr=4.555e-08
[train] step=7698 loss=0.183707 lr=4.532e-08
[train] step=7699 loss=0.305435 lr=4.509e-08
[train] step=7700 loss=0.228325 lr=4.485e-08
[train] step=7701 loss=0.073776 lr=4.462e-08
[train] step=7702 loss=0.215724 lr=4.439e-08
[train] step=7703 loss=0.660989 lr=4.416e-08
[train] step=7704 loss=0.216001 lr=4.393e-08
[train] step=7705 loss=0.153824 lr=4.371e-08
[train] step=7706 loss=0.200084 lr=4.348e-08
[train] step=7707 loss=0.150046 lr=4.325e-08
[train] step=7708 loss=0.173664 lr=4.303e-08
[train] step=7709 loss=0.126074 lr=4.280e-08
[train] step=7710 loss=0.249751 lr=4.258e-08
[train] step=7711 loss=0.075537 lr=4.236e-08
[train] step=7712 loss=0.280723 lr=4.213e-08
[train] step=7713 loss=0.165029 lr=4.191e-08
[train] step=7714 loss=0.308774 lr=4.169e-08
[train] step=7715 loss=0.197976 lr=4.147e-08
[train] step=7716 loss=0.212924 lr=4.125e-08
[train] step=7717 loss=0.172864 lr=4.103e-08
[train] step=7718 loss=0.242633 lr=4.081e-08
[train] step=7719 loss=0.207125 lr=4.060e-08
[train] step=7720 loss=0.281615 lr=4.038e-08
[train] step=7721 loss=0.179792 lr=4.017e-08
[train] step=7722 loss=0.083885 lr=3.995e-08
[train] step=7723 loss=0.264071 lr=3.974e-08
[train] step=7724 loss=0.446095 lr=3.952e-08
[train] step=7725 loss=0.196665 lr=3.931e-08
[train] step=7726 loss=0.212867 lr=3.910e-08
[train] step=7727 loss=0.118492 lr=3.889e-08
[train] step=7728 loss=0.515453 lr=3.868e-08
[train] step=7729 loss=0.252110 lr=3.847e-08
[train] step=7730 loss=0.217184 lr=3.826e-08
[train] step=7731 loss=0.150584 lr=3.805e-08
[train] step=7732 loss=0.175756 lr=3.784e-08
[train] step=7733 loss=0.232599 lr=3.764e-08
[train] step=7734 loss=0.203537 lr=3.743e-08
[train] step=7735 loss=0.153363 lr=3.723e-08
[train] step=7736 loss=0.335251 lr=3.702e-08
[train] step=7737 loss=0.421669 lr=3.682e-08
[train] step=7738 loss=0.168948 lr=3.662e-08
[train] step=7739 loss=0.249677 lr=3.641e-08
[train] step=7740 loss=0.246630 lr=3.621e-08
[train] step=7741 loss=0.119878 lr=3.601e-08
[train] step=7742 loss=0.275051 lr=3.581e-08
[train] step=7743 loss=0.204079 lr=3.561e-08
[train] step=7744 loss=0.297653 lr=3.542e-08
[train] step=7745 loss=0.170997 lr=3.522e-08
[train] step=7746 loss=0.139201 lr=3.502e-08
[train] step=7747 loss=0.167797 lr=3.483e-08
[train] step=7748 loss=0.281851 lr=3.463e-08
[train] step=7749 loss=0.244436 lr=3.444e-08
[train] step=7750 loss=0.157944 lr=3.424e-08
[train] step=7751 loss=0.269862 lr=3.405e-08
[train] step=7752 loss=0.154865 lr=3.386e-08
[train] step=7753 loss=0.210748 lr=3.367e-08
[train] step=7754 loss=0.198831 lr=3.348e-08
[train] step=7755 loss=0.229343 lr=3.329e-08
[train] step=7756 loss=0.256894 lr=3.310e-08
[train] step=7757 loss=0.336947 lr=3.291e-08
[train] step=7758 loss=0.185441 lr=3.273e-08
[train] step=7759 loss=0.195214 lr=3.254e-08
[train] step=7760 loss=0.213232 lr=3.235e-08
[train] step=7761 loss=0.249233 lr=3.217e-08
[train] step=7762 loss=0.180259 lr=3.198e-08
[train] step=7763 loss=0.300903 lr=3.180e-08
[train] step=7764 loss=0.394262 lr=3.162e-08
[train] step=7765 loss=0.303147 lr=3.144e-08
[train] step=7766 loss=0.195123 lr=3.125e-08
[train] step=7767 loss=0.214989 lr=3.107e-08
[train] step=7768 loss=0.224760 lr=3.089e-08
[train] step=7769 loss=0.182599 lr=3.072e-08
[train] step=7770 loss=0.212027 lr=3.054e-08
[train] step=7771 loss=0.180754 lr=3.036e-08
[train] step=7772 loss=0.168509 lr=3.018e-08
[train] step=7773 loss=0.283122 lr=3.001e-08
[train] step=7774 loss=0.234613 lr=2.983e-08
[train] step=7775 loss=0.248264 lr=2.966e-08
[train] step=7776 loss=0.209512 lr=2.949e-08
[train] step=7777 loss=0.142560 lr=2.931e-08
[train] step=7778 loss=0.256843 lr=2.914e-08
[train] step=7779 loss=0.263062 lr=2.897e-08
[train] step=7780 loss=0.344167 lr=2.880e-08
[train] step=7781 loss=0.167491 lr=2.863e-08
[train] step=7782 loss=0.226276 lr=2.846e-08
[train] step=7783 loss=0.167773 lr=2.829e-08
[train] step=7784 loss=0.216514 lr=2.813e-08
[train] step=7785 loss=0.238190 lr=2.796e-08
[train] step=7786 loss=0.163084 lr=2.779e-08
[train] step=7787 loss=0.176894 lr=2.763e-08
[train] step=7788 loss=0.341593 lr=2.746e-08
[train] step=7789 loss=0.237929 lr=2.730e-08
[train] step=7790 loss=0.207740 lr=2.714e-08
[train] step=7791 loss=0.618294 lr=2.698e-08
[train] step=7792 loss=0.302390 lr=2.681e-08
[train] step=7793 loss=0.238948 lr=2.665e-08
[train] step=7794 loss=0.398368 lr=2.649e-08
[train] step=7795 loss=0.214424 lr=2.634e-08
[train] step=7796 loss=0.259841 lr=2.618e-08
[train] step=7797 loss=0.159493 lr=2.602e-08
[train] step=7798 loss=0.222582 lr=2.586e-08
[train] step=7799 loss=0.230555 lr=2.571e-08
[train] step=7800 loss=0.180364 lr=2.555e-08
[val] step=7800 val_loss=0.247568
INFO     [rank 0] Model weights for step 7800 saved in       dit_trainer.py:1268
         checkpoints/model_weights_step_07800.safetensors                       
INFO     [rank 0] Scalar embedding weights for step 7800     dit_trainer.py:1277
         saved                                                                  
INFO     [rank 0] Training state saved:                      dit_trainer.py:1365
         checkpoints/model_weights_step_07800.state.pt                          
INFO     [rank 0] New best checkpoint (step 7800,            dit_trainer.py:1300
         val_loss=0.247568):                                                    
         checkpoints/model_weights_best.safetensors                             
DEBUG    [rank 0] Removed old checkpoint:                    dit_trainer.py:1378
         /hppfs/scratch/0D/go76fuz2/windinet/outputs/shockwa                    
         ve_dit_ep20_baseline_std1p5/checkpoints/model_weigh                    
         ts_step_07560.safetensors                                              
DEBUG    [rank 0] Removed old checkpoint:                    dit_trainer.py:1378
         /hppfs/scratch/0D/go76fuz2/windinet/outputs/shockwa                    
         ve_dit_ep20_baseline_std1p5/checkpoints/scalar_embe                    
         dding_step_07560.safetensors                                           
DEBUG    [rank 0] Removed optimizer state for older kept     dit_trainer.py:1393
         checkpoint:                                                            
         /hppfs/scratch/0D/go76fuz2/windinet/outputs/shockwa                    
         ve_dit_ep20_baseline_std1p5/checkpoints/model_weigh                    
         ts_step_07680.state.pt                                                 
[epoch 65] step=7800 train_loss=0.234672 val_loss=0.247568
[train] step=7801 loss=0.168530 lr=2.540e-08
[train] step=7802 loss=0.210899 lr=2.524e-08
[train] step=7803 loss=0.299501 lr=2.509e-08
[train] step=7804 loss=0.161327 lr=2.494e-08
[train] step=7805 loss=0.145100 lr=2.479e-08
[train] step=7806 loss=0.225653 lr=2.464e-08
[train] step=7807 loss=0.688071 lr=2.449e-08
[train] step=7808 loss=0.510607 lr=2.434e-08
[train] step=7809 loss=0.207794 lr=2.419e-08
[train] step=7810 loss=0.136390 lr=2.404e-08
[train] step=7811 loss=0.199894 lr=2.390e-08
[train] step=7812 loss=0.220764 lr=2.375e-08
[train] step=7813 loss=0.190114 lr=2.361e-08
[train] step=7814 loss=0.246646 lr=2.346e-08
[train] step=7815 loss=0.192754 lr=2.332e-08
[train] step=7816 loss=0.188565 lr=2.318e-08
[train] step=7817 loss=0.195456 lr=2.303e-08
[train] step=7818 loss=0.258349 lr=2.289e-08
[train] step=7819 loss=0.196080 lr=2.275e-08
[train] step=7820 loss=0.277865 lr=2.261e-08
[train] step=7821 loss=0.153567 lr=2.247e-08
[train] step=7822 loss=0.307972 lr=2.234e-08
[train] step=7823 loss=0.241140 lr=2.220e-08
[train] step=7824 loss=0.273380 lr=2.206e-08
[train] step=7825 loss=0.570840 lr=2.193e-08
[train] step=7826 loss=0.176336 lr=2.179e-08
[train] step=7827 loss=0.197892 lr=2.166e-08
[train] step=7828 loss=0.214790 lr=2.152e-08
[train] step=7829 loss=0.218791 lr=2.139e-08
[train] step=7830 loss=0.230961 lr=2.126e-08
[train] step=7831 loss=0.148482 lr=2.113e-08
[train] step=7832 loss=0.289923 lr=2.100e-08
[train] step=7833 loss=0.191096 lr=2.087e-08
[train] step=7834 loss=0.201912 lr=2.074e-08
[train] step=7835 loss=0.224300 lr=2.061e-08
[train] step=7836 loss=0.258025 lr=2.048e-08
[train] step=7837 loss=0.257356 lr=2.036e-08
[train] step=7838 loss=0.254963 lr=2.023e-08
[train] step=7839 loss=0.239870 lr=2.010e-08
[train] step=7840 loss=0.201113 lr=1.998e-08
[train] step=7841 loss=0.142649 lr=1.986e-08
[train] step=7842 loss=0.188191 lr=1.973e-08
[train] step=7843 loss=0.196338 lr=1.961e-08
[train] step=7844 loss=0.286868 lr=1.949e-08
[train] step=7845 loss=0.240348 lr=1.937e-08
[train] step=7846 loss=0.256143 lr=1.925e-08
[train] step=7847 loss=0.186428 lr=1.913e-08
[train] step=7848 loss=0.160542 lr=1.901e-08
[train] step=7849 loss=0.237548 lr=1.890e-08
[train] step=7850 loss=0.221113 lr=1.878e-08
[train] step=7851 loss=0.243421 lr=1.866e-08
[train] step=7852 loss=0.194329 lr=1.855e-08
[train] step=7853 loss=0.210288 lr=1.843e-08
[train] step=7854 loss=0.192070 lr=1.832e-08
[train] step=7855 loss=0.350114 lr=1.821e-08
[train] step=7856 loss=0.210672 lr=1.810e-08
[train] step=7857 loss=0.122293 lr=1.798e-08
[train] step=7858 loss=0.251175 lr=1.787e-08
[train] step=7859 loss=0.136671 lr=1.776e-08
[train] step=7860 loss=0.511633 lr=1.766e-08
[train] step=7861 loss=0.320893 lr=1.755e-08
[train] step=7862 loss=0.217246 lr=1.744e-08
[train] step=7863 loss=0.150495 lr=1.733e-08
[train] step=7864 loss=0.178012 lr=1.723e-08
[train] step=7865 loss=0.195850 lr=1.712e-08
[train] step=7866 loss=0.282278 lr=1.702e-08
[train] step=7867 loss=0.221675 lr=1.691e-08
[train] step=7868 loss=0.246590 lr=1.681e-08
[train] step=7869 loss=0.163824 lr=1.671e-08
[train] step=7870 loss=0.236407 lr=1.661e-08
[train] step=7871 loss=0.134595 lr=1.651e-08
[train] step=7872 loss=0.137649 lr=1.641e-08
[train] step=7873 loss=0.261358 lr=1.631e-08
[train] step=7874 loss=0.163420 lr=1.621e-08
[train] step=7875 loss=0.220261 lr=1.611e-08
[train] step=7876 loss=0.249347 lr=1.602e-08
[train] step=7877 loss=0.344831 lr=1.592e-08
[train] step=7878 loss=0.240653 lr=1.583e-08
[train] step=7879 loss=0.220427 lr=1.573e-08
[train] step=7880 loss=0.303069 lr=1.564e-08
[train] step=7881 loss=0.140306 lr=1.555e-08
[train] step=7882 loss=0.306357 lr=1.545e-08
[train] step=7883 loss=0.174739 lr=1.536e-08
[train] step=7884 loss=0.306637 lr=1.527e-08
[train] step=7885 loss=0.275412 lr=1.518e-08
[train] step=7886 loss=0.257163 lr=1.509e-08
[train] step=7887 loss=0.178469 lr=1.500e-08
[train] step=7888 loss=0.296661 lr=1.492e-08
[train] step=7889 loss=0.393568 lr=1.483e-08
[train] step=7890 loss=0.304395 lr=1.474e-08
[train] step=7891 loss=0.168470 lr=1.466e-08
[train] step=7892 loss=0.517874 lr=1.458e-08
[train] step=7893 loss=0.154277 lr=1.449e-08
[train] step=7894 loss=0.150817 lr=1.441e-08
[train] step=7895 loss=0.200172 lr=1.433e-08
[train] step=7896 loss=0.150333 lr=1.425e-08
[train] step=7897 loss=0.113329 lr=1.417e-08
[train] step=7898 loss=0.409136 lr=1.409e-08
[train] step=7899 loss=0.264958 lr=1.401e-08
[train] step=7900 loss=0.187623 lr=1.393e-08
[train] step=7901 loss=0.088198 lr=1.385e-08
[train] step=7902 loss=0.121377 lr=1.377e-08
[train] step=7903 loss=0.119450 lr=1.370e-08
[train] step=7904 loss=0.185645 lr=1.362e-08
[train] step=7905 loss=0.272006 lr=1.355e-08
[train] step=7906 loss=0.153764 lr=1.348e-08
[train] step=7907 loss=0.202086 lr=1.340e-08
[train] step=7908 loss=0.193084 lr=1.333e-08
[train] step=7909 loss=0.239161 lr=1.326e-08
[train] step=7910 loss=0.214974 lr=1.319e-08
[train] step=7911 loss=0.203135 lr=1.312e-08
[train] step=7912 loss=0.623885 lr=1.305e-08
[train] step=7913 loss=0.933015 lr=1.298e-08
[train] step=7914 loss=0.271895 lr=1.291e-08
[train] step=7915 loss=0.221271 lr=1.285e-08
[train] step=7916 loss=0.266662 lr=1.278e-08
[train] step=7917 loss=0.320809 lr=1.272e-08
[train] step=7918 loss=0.095486 lr=1.265e-08
[train] step=7919 loss=0.284830 lr=1.259e-08
[train] step=7920 loss=0.216127 lr=1.253e-08
INFO     [rank 0] Model weights for step 7920 saved in       dit_trainer.py:1268
         checkpoints/model_weights_step_07920.safetensors                       
INFO     [rank 0] Scalar embedding weights for step 7920     dit_trainer.py:1277
         saved                                                                  
INFO     [rank 0] Training state saved:                      dit_trainer.py:1365
         checkpoints/model_weights_step_07920.state.pt                          
DEBUG    [rank 0] Removed old checkpoint:                    dit_trainer.py:1378
         /hppfs/scratch/0D/go76fuz2/windinet/outputs/shockwa                    
         ve_dit_ep20_baseline_std1p5/checkpoints/model_weigh                    
         ts_step_07680.safetensors                                              
DEBUG    [rank 0] Removed old checkpoint:                    dit_trainer.py:1378
         /hppfs/scratch/0D/go76fuz2/windinet/outputs/shockwa                    
         ve_dit_ep20_baseline_std1p5/checkpoints/scalar_embe                    
         dding_step_07680.safetensors                                           
DEBUG    [rank 0] Removed optimizer state for older kept     dit_trainer.py:1393
         checkpoint:                                                            
         /hppfs/scratch/0D/go76fuz2/windinet/outputs/shockwa                    
         ve_dit_ep20_baseline_std1p5/checkpoints/model_weigh                    
         ts_step_07800.state.pt                                                 
[epoch 66] step=7920 train_loss=0.241188
[train] step=7921 loss=0.176368 lr=1.246e-08
[train] step=7922 loss=0.185173 lr=1.240e-08
[train] step=7923 loss=0.231718 lr=1.234e-08
[train] step=7924 loss=0.367634 lr=1.228e-08
[train] step=7925 loss=0.392746 lr=1.222e-08
[train] step=7926 loss=0.213720 lr=1.217e-08
[train] step=7927 loss=0.326436 lr=1.211e-08
[train] step=7928 loss=0.246170 lr=1.205e-08
[train] step=7929 loss=0.148789 lr=1.200e-08
[train] step=7930 loss=0.381517 lr=1.194e-08
[train] step=7931 loss=0.123489 lr=1.189e-08
[train] step=7932 loss=0.232999 lr=1.183e-08
[train] step=7933 loss=0.767741 lr=1.178e-08
[train] step=7934 loss=0.225625 lr=1.173e-08
[train] step=7935 loss=0.174415 lr=1.168e-08
[train] step=7936 loss=0.142482 lr=1.163e-08
[train] step=7937 loss=0.186958 lr=1.158e-08
[train] step=7938 loss=0.219994 lr=1.153e-08
[train] step=7939 loss=0.187792 lr=1.148e-08
[train] step=7940 loss=0.365350 lr=1.143e-08
[train] step=7941 loss=0.505396 lr=1.139e-08
[train] step=7942 loss=0.423132 lr=1.134e-08
[train] step=7943 loss=0.301040 lr=1.130e-08
[train] step=7944 loss=0.605167 lr=1.125e-08
[train] step=7945 loss=0.228002 lr=1.121e-08
[train] step=7946 loss=0.446158 lr=1.117e-08
[train] step=7947 loss=0.247552 lr=1.112e-08
[train] step=7948 loss=0.217918 lr=1.108e-08
[train] step=7949 loss=0.455971 lr=1.104e-08
[train] step=7950 loss=0.160873 lr=1.100e-08
[train] step=7951 loss=0.396494 lr=1.096e-08
[train] step=7952 loss=0.437186 lr=1.092e-08
[train] step=7953 loss=0.135443 lr=1.089e-08
[train] step=7954 loss=0.249653 lr=1.085e-08
[train] step=7955 loss=0.198504 lr=1.081e-08
[train] step=7956 loss=0.293046 lr=1.078e-08
[train] step=7957 loss=0.228689 lr=1.075e-08
[train] step=7958 loss=0.263207 lr=1.071e-08
[train] step=7959 loss=0.213686 lr=1.068e-08
[train] step=7960 loss=0.162262 lr=1.065e-08
[train] step=7961 loss=0.216679 lr=1.062e-08
[train] step=7962 loss=0.200649 lr=1.059e-08
[train] step=7963 loss=0.181184 lr=1.056e-08
[train] step=7964 loss=0.137312 lr=1.053e-08
[train] step=7965 loss=0.289593 lr=1.050e-08
[train] step=7966 loss=0.172455 lr=1.047e-08
[train] step=7967 loss=0.216999 lr=1.045e-08
[train] step=7968 loss=0.188810 lr=1.042e-08
[train] step=7969 loss=0.187618 lr=1.039e-08
[train] step=7970 loss=0.238351 lr=1.037e-08
[train] step=7971 loss=0.182208 lr=1.035e-08
[train] step=7972 loss=0.199058 lr=1.032e-08
[train] step=7973 loss=0.355848 lr=1.030e-08
[train] step=7974 loss=0.235647 lr=1.028e-08
[train] step=7975 loss=0.281593 lr=1.026e-08
[train] step=7976 loss=0.194936 lr=1.024e-08
[train] step=7977 loss=0.153729 lr=1.022e-08
[train] step=7978 loss=0.198935 lr=1.020e-08
[train] step=7979 loss=0.149517 lr=1.019e-08
[train] step=7980 loss=0.134955 lr=1.017e-08
[train] step=7981 loss=0.173909 lr=1.015e-08
[train] step=7982 loss=0.178717 lr=1.014e-08
[train] step=7983 loss=0.178973 lr=1.012e-08
[train] step=7984 loss=0.173821 lr=1.011e-08
[train] step=7985 loss=0.282642 lr=1.010e-08
[train] step=7986 loss=0.345621 lr=1.009e-08
[train] step=7987 loss=0.258719 lr=1.008e-08
[train] step=7988 loss=0.268573 lr=1.007e-08
[train] step=7989 loss=0.213050 lr=1.006e-08
[train] step=7990 loss=0.273689 lr=1.005e-08
[train] step=7991 loss=0.134345 lr=1.004e-08
[train] step=7992 loss=0.297095 lr=1.003e-08
[train] step=7993 loss=0.211253 lr=1.002e-08
[train] step=7994 loss=0.116615 lr=1.002e-08
[train] step=7995 loss=0.243578 lr=1.001e-08
[train] step=7996 loss=0.158978 lr=1.001e-08
[train] step=7997 loss=0.257685 lr=1.001e-08
[train] step=7998 loss=0.406237 lr=1.000e-08
[train] step=7999 loss=0.146630 lr=1.000e-08
[train] step=8000 loss=0.251232 lr=1.000e-08
[train] step=8001 loss=0.257448 lr=1.000e-08
[train] step=8002 loss=0.456580 lr=1.000e-08
[train] step=8003 loss=0.144647 lr=1.000e-08
[train] step=8004 loss=0.263966 lr=1.000e-08
[train] step=8005 loss=0.230151 lr=1.001e-08
[train] step=8006 loss=0.192531 lr=1.001e-08
[train] step=8007 loss=0.236294 lr=1.001e-08
[train] step=8008 loss=0.155960 lr=1.002e-08
[train] step=8009 loss=0.248008 lr=1.002e-08
[train] step=8010 loss=0.220990 lr=1.003e-08
[train] step=8011 loss=0.151078 lr=1.004e-08
[train] step=8012 loss=0.237494 lr=1.005e-08
[train] step=8013 loss=0.170754 lr=1.006e-08
[train] step=8014 loss=0.300973 lr=1.007e-08
[train] step=8015 loss=0.135347 lr=1.008e-08
[train] step=8016 loss=0.177422 lr=1.009e-08
[train] step=8017 loss=0.198663 lr=1.010e-08
[train] step=8018 loss=0.275717 lr=1.011e-08
[train] step=8019 loss=0.729336 lr=1.012e-08
[train] step=8020 loss=0.833596 lr=1.014e-08
[train] step=8021 loss=0.190535 lr=1.015e-08
[train] step=8022 loss=0.234673 lr=1.017e-08
[train] step=8023 loss=0.159976 lr=1.019e-08
[train] step=8024 loss=0.269959 lr=1.020e-08
[train] step=8025 loss=0.209803 lr=1.022e-08
[train] step=8026 loss=0.180024 lr=1.024e-08
[train] step=8027 loss=0.265128 lr=1.026e-08
[train] step=8028 loss=0.728731 lr=1.028e-08
[train] step=8029 loss=0.282806 lr=1.030e-08
[train] step=8030 loss=0.457467 lr=1.032e-08
[train] step=8031 loss=0.236358 lr=1.035e-08
[train] step=8032 loss=0.161087 lr=1.037e-08
[train] step=8033 loss=0.193649 lr=1.039e-08
╭──────────────────────────────────────────────────────────────────────────────╮
│ Training Step 8… ━━ Loss: 0.1936 LR: 1.04e-08 Time/Step: 25.00s 1… ETA: 00:… │
╰──────────────────────────────────────────────────────────────────────────────╯INFO     [rank 0] Model weights for step 8033 saved in       dit_trainer.py:1268
         checkpoints/model_weights_step_08033.safetensors                       
INFO     [rank 0] Scalar embedding weights for step 8033     dit_trainer.py:1277
         saved                                                                  
INFO     [rank 0] Training state saved:                      dit_trainer.py:1365
         checkpoints/model_weights_step_08033.state.pt                          
DEBUG    [rank 0] Removed old checkpoint:                    dit_trainer.py:1378
         /hppfs/scratch/0D/go76fuz2/windinet/outputs/shockwa                    
         ve_dit_ep20_baseline_std1p5/checkpoints/model_weigh                    
         ts_step_07800.safetensors                                              
DEBUG    [rank 0] Removed old checkpoint:                    dit_trainer.py:1378
         /hppfs/scratch/0D/go76fuz2/windinet/outputs/shockwa                    
         ve_dit_ep20_baseline_std1p5/checkpoints/scalar_embe                    
         dding_step_07800.safetensors                                           
DEBUG    [rank 0] Removed optimizer state for older kept     dit_trainer.py:1393
         checkpoint:                                                            
         /hppfs/scratch/0D/go76fuz2/windinet/outputs/shockwa                    
         ve_dit_ep20_baseline_std1p5/checkpoints/model_weigh                    
         ts_step_07920.state.pt                                                 
INFO     [rank 0] Training Statistics:                       dit_trainer.py:1462
          - Total time: 1189.9 minutes                                          
          - Training time: 1189.9 minutes                                       
          - Training speed: 0.11 steps/second                                   
          - Samples/second: 3.59                                                
          - Peak GPU memory: 35.91 GB                                           
          - Number of processes: 8                                              
          - Global batch size: 32                                               
END TIME: Wed 09 Sep 2026 01:56:46 AM CEST
