START TIME: Sat 29 Aug 2026 01:18:22 PM CEST
job=529655 node=i20r02c05s04
+-----------+--------------------------------------------------------------------------------------+
| Device ID | Device Information                                                                   |
+-----------+--------------------------------------------------------------------------------------+
| 0         | Device Name: Intel(R) Data Center GPU Max 1550                                       |
|           | Vendor Name: Intel(R) Corporation                                                    |
|           | SOC UUID: 00000000-0000-003a-0000-002f0bd58086                                       |
|           | PCI BDF Address: 0000:3a:00.0                                                        |
|           | DRM Device: /dev/dri/card0                                                           |
|           | Function Type: physical                                                              |
+-----------+--------------------------------------------------------------------------------------+
| 1         | Device Name: Intel(R) Data Center GPU Max 1550                                       |
|           | Vendor Name: Intel(R) Corporation                                                    |
|           | SOC UUID: 00000000-0000-004b-0000-002f0bd58086                                       |
|           | PCI BDF Address: 0000:4b:00.0                                                        |
|           | DRM Device: /dev/dri/card1                                                           |
|           | Function Type: physical                                                              |
+-----------+--------------------------------------------------------------------------------------+
| 2         | Device Name: Intel(R) Data Center GPU Max 1550                                       |
|           | Vendor Name: Intel(R) Corporation                                                    |
|           | SOC UUID: 00000000-0000-00ca-0000-002f0bd58086                                       |
|           | PCI BDF Address: 0000:ca:00.0                                                        |
|           | DRM Device: /dev/dri/card2                                                           |
|           | Function Type: physical                                                              |
+-----------+--------------------------------------------------------------------------------------+
| 3         | Device Name: Intel(R) Data Center GPU Max 1550                                       |
|           | Vendor Name: Intel(R) Corporation                                                    |
|           | SOC UUID: 00000000-0000-00da-0000-002f0bd58086                                       |
|           | PCI BDF Address: 0000:da:00.0                                                        |
|           | DRM Device: /dev/dri/card3                                                           |
|           | Function Type: physical                                                              |
+-----------+--------------------------------------------------------------------------------------+
PREPROCESSED_NAME: finetune_vae_whole_structure_baseline_ep20_256res_anchor_kl1e7
BASE_CONFIG: configs/shockwavenet_sng_pvc_anchor_kl1e7.yaml
MASTER_ADDR: i20r02c05s04  MASTER_PORT: 54517
preprocessed_data_root=/hppfs/scratch/0D/go76fuz2/windinet/dit_preprocessed/finetune_vae_whole_structure_baseline_ep20_256res_anchor_kl1e7 output_dir=$SCRATCH/windinet/outputs/shockwave_dit_anchor_kl1e7
                             Training Configuration                             
┏━━━━━━━━━━━━━━━━━━━━━━━━━━━━━━━━━━━━━━┳━━━━━━━━━━━━━━━━━━━━━━━━━━━━━━━━━━━━━━━┓
┃ Parameter                            ┃ Value                                 ┃
┡━━━━━━━━━━━━━━━━━━━━━━━━━━━━━━━━━━━━━━╇━━━━━━━━━━━━━━━━━━━━━━━━━━━━━━━━━━━━━━━┩
│ model.model_source                   │ LTXV_2B_0.9.6_DEV                     │
│ model.load_checkpoint                │ None                                  │
│ conditioning.first_frame_conditioni… │ 1.0                                   │
│ scalar_conditioning.enabled          │ True                                  │
│ scalar_conditioning.scalar_names     │ gamma                                 │
│ scalar_conditioning.scalar_ranges    │ {'gamma': (1.0, 2.0)}                 │
│ scalar_conditioning.embedding_dim    │ 4096                                  │
│ scalar_conditioning.num_tokens_per_… │ 4                                     │
│ scalar_conditioning.fourier_features │ 64                                    │
│ scalar_conditioning.mlp_hidden_dim   │ 256                                   │
│ scalar_conditioning.dropout          │ 0.1                                   │
│ optimization.learning_rate           │ 1e-05                                 │
│ optimization.steps                   │ 10000                                 │
│ optimization.batch_size              │ 1                                     │
│ optimization.gradient_accumulation_… │ 4                                     │
│ optimization.max_grad_norm           │ 1.0                                   │
│ optimization.optimizer_type          │ adamw                                 │
│ optimization.scheduler_type          │ cosine                                │
│ optimization.scheduler_params        │ {'eta_min': 1e-08}                    │
│ optimization.enable_gradient_checkp… │ True                                  │
│ acceleration.mixed_precision_mode    │ bf16                                  │
│ acceleration.compile_with_inductor   │ False                                 │
│ acceleration.compilation_mode        │ reduce-overhead                       │
│ data.preprocessed_data_root          │ /hppfs/scratch/0D/go76fuz2/windinet/… │
│ data.num_dataloader_workers          │ 4                                     │
│ validation.data_root                 │ /hppfs/scratch/0D/go76fuz2/windinet/… │
│ validation.interval                  │ 600                                   │
│ validation.max_samples               │ 0                                     │
│ checkpoints.interval                 │ 120                                   │
│ checkpoints.keep_last_n              │ 5                                     │
│ checkpoints.save_best_only           │ False                                 │
│ checkpoints.best_metric              │ val_total_loss                        │
│ checkpoints.save_last_state          │ True                                  │
│ checkpoints.save_epochs              │                                       │
│ flow_matching.timestep_sampling_mode │ shifted_logit_normal                  │
│ flow_matching.timestep_sampling_par… │ {}                                    │
│ wandb.enabled                        │ False                                 │
│ wandb.project                        │ shockwavenet                          │
│ wandb.entity                         │ None                                  │
│ wandb.tags                           │ cfd, full, 2b, scalar-only, sng_pvc,  │
│                                      │ 256res, anchor_kl1e7                  │
│ seed                                 │ 42                                    │
│ output_dir                           │ /hppfs/scratch/0D/go76fuz2/windinet/… │
│ resume_weights_only                  │ False                                 │
└──────────────────────────────────────┴───────────────────────────────────────┘
INFO     [rank 0] Distributed training enabled with 8        dit_trainer.py:1165
         processes                                                              
INFO     [rank 0] Global batch size: 32                      dit_trainer.py:1171
INFO     [rank 0] Initializing scalar embeddings for:         dit_trainer.py:695
         ['gamma']                                                              
DEBUG    [rank 0] Scalar embedding params: 4,310,528          dit_trainer.py:718
DEBUG    [rank 0] Total trainable params count: 1,927,696,000 dit_trainer.py:722
2026:08:29-13:35:42:193891 |CCL_WARN| could not get local_idx/count from environment variables, trying to get them from ATL
2026:08:29-13:35:42:193893 |CCL_WARN| could not get local_idx/count from environment variables, trying to get them from ATL
2026:08:29-13:35:42:193895 |CCL_WARN| could not get local_idx/count from environment variables, trying to get them from ATL
2026:08:29-13:35:42:193894 |CCL_WARN| could not get local_idx/count from environment variables, trying to get them from ATL
2026:08:29-13:35:42:193896 |CCL_WARN| could not get local_idx/count from environment variables, trying to get them from ATL
2026:08:29-13:35:42:193890 |CCL_WARN| could not get local_idx/count from environment variables, trying to get them from ATL
2026:08:29-13:35:42:193889 |CCL_WARN| value of CCL_ATL_TRANSPORT changed to be ofi (default:mpi)
2026:08:29-13:35:42:193889 |CCL_WARN| value of CCL_ALLREDUCE changed to be ring (default:)
2026:08:29-13:35:42:193889 |CCL_WARN| could not get local_idx/count from environment variables, trying to get them from ATL
2026:08:29-13:35:42:193892 |CCL_WARN| could not get local_idx/count from environment variables, trying to get them from ATL
DEBUG    [rank 0] Process 0 using seed: 42                    dit_trainer.py:309
DEBUG    [rank 0] Loaded dataset with 3,825 samples from      dit_trainer.py:917
         sources: ['latents', 'scalars']                                        
INFO     [rank 0] Validation split: 675 samples from         dit_trainer.py:1000
         /hppfs/scratch/0D/go76fuz2/windinet/dit_preprocesse                    
         d/finetune_vae_whole_structure_baseline_ep20_256res                    
         _anchor_kl1e7/val                                                      
INFO     [rank 0] Training configuration saved to:           dit_trainer.py:1157
         training_config.yaml                                                   
INFO     [rank 0] Training on latents from VAE                dit_trainer.py:961
         /hppfs/scratch/0D/go76fuz2/windinet/finetune_vae_out                   
         puts_sng_pvc/finetune_vae_whole_structure_baseline_e                   
         p20_256res_anchor_kl1e7/checkpoints/vae_shockwave_be                   
         st.safetensors (fingerprint 32aa3625669e1abb);                         
         recorded in latent_provenance.json                                     
INFO     [rank 0] Starting training...                        dit_trainer.py:328
[train] step=1 loss=0.719642 lr=1.000e-05
[train] step=2 loss=0.615267 lr=1.000e-05
[train] step=3 loss=0.453678 lr=1.000e-05
[train] step=4 loss=0.450352 lr=1.000e-05
[train] step=5 loss=0.402412 lr=1.000e-05
[train] step=6 loss=0.877591 lr=1.000e-05
[train] step=7 loss=0.470898 lr=1.000e-05
[train] step=8 loss=0.350604 lr=1.000e-05
[train] step=9 loss=0.469315 lr=1.000e-05
[train] step=10 loss=0.647066 lr=1.000e-05
[train] step=11 loss=0.472126 lr=1.000e-05
[train] step=12 loss=0.424641 lr=1.000e-05
[train] step=13 loss=0.597761 lr=1.000e-05
[train] step=14 loss=0.367834 lr=1.000e-05
[train] step=15 loss=0.495019 lr=1.000e-05
[train] step=16 loss=0.298459 lr=1.000e-05
[train] step=17 loss=0.429878 lr=1.000e-05
[train] step=18 loss=0.438192 lr=1.000e-05
[train] step=19 loss=0.476932 lr=1.000e-05
[train] step=20 loss=0.343959 lr=1.000e-05
[train] step=21 loss=0.409557 lr=1.000e-05
[train] step=22 loss=0.449993 lr=1.000e-05
[train] step=23 loss=0.383520 lr=1.000e-05
[train] step=24 loss=0.347030 lr=1.000e-05
[train] step=25 loss=0.296997 lr=1.000e-05
[train] step=26 loss=0.319733 lr=1.000e-05
[train] step=27 loss=0.431639 lr=1.000e-05
[train] step=28 loss=0.300494 lr=1.000e-05
[train] step=29 loss=0.382845 lr=1.000e-05
[train] step=30 loss=0.281423 lr=1.000e-05
[train] step=31 loss=0.406044 lr=1.000e-05
[train] step=32 loss=0.375881 lr=1.000e-05
[train] step=33 loss=0.356334 lr=1.000e-05
[train] step=34 loss=0.356497 lr=1.000e-05
[train] step=35 loss=0.562819 lr=1.000e-05
[train] step=36 loss=0.414324 lr=1.000e-05
[train] step=37 loss=0.453737 lr=1.000e-05
[train] step=38 loss=0.397102 lr=1.000e-05
[train] step=39 loss=0.447334 lr=1.000e-05
[train] step=40 loss=0.383134 lr=1.000e-05
[train] step=41 loss=0.382060 lr=1.000e-05
[train] step=42 loss=0.420257 lr=1.000e-05
[train] step=43 loss=0.439942 lr=1.000e-05
[train] step=44 loss=0.221675 lr=1.000e-05
[train] step=45 loss=0.408153 lr=1.000e-05
[train] step=46 loss=0.390366 lr=1.000e-05
[train] step=47 loss=0.424334 lr=9.999e-06
[train] step=48 loss=0.410450 lr=9.999e-06
[train] step=49 loss=0.384017 lr=9.999e-06
[train] step=50 loss=0.324313 lr=9.999e-06
[train] step=51 loss=0.361731 lr=9.999e-06
[train] step=52 loss=0.244740 lr=9.999e-06
[train] step=53 loss=0.438240 lr=9.999e-06
[train] step=54 loss=0.369800 lr=9.999e-06
[train] step=55 loss=0.488662 lr=9.999e-06
[train] step=56 loss=0.447751 lr=9.999e-06
[train] step=57 loss=0.314358 lr=9.999e-06
[train] step=58 loss=0.225465 lr=9.999e-06
[train] step=59 loss=0.358294 lr=9.999e-06
[train] step=60 loss=0.433689 lr=9.999e-06
[train] step=61 loss=0.407477 lr=9.999e-06
[train] step=62 loss=0.332173 lr=9.999e-06
[train] step=63 loss=0.531320 lr=9.999e-06
[train] step=64 loss=0.565390 lr=9.999e-06
[train] step=65 loss=0.437240 lr=9.999e-06
[train] step=66 loss=0.459552 lr=9.999e-06
[train] step=67 loss=0.338458 lr=9.999e-06
[train] step=68 loss=0.285203 lr=9.999e-06
[train] step=69 loss=0.411765 lr=9.999e-06
[train] step=70 loss=0.439367 lr=9.999e-06
[train] step=71 loss=0.303624 lr=9.999e-06
[train] step=72 loss=0.432512 lr=9.999e-06
[train] step=73 loss=0.376169 lr=9.999e-06
[train] step=74 loss=0.214541 lr=9.999e-06
[train] step=75 loss=0.268346 lr=9.999e-06
[train] step=76 loss=0.371399 lr=9.999e-06
[train] step=77 loss=0.489285 lr=9.999e-06
[train] step=78 loss=0.293301 lr=9.999e-06
[train] step=79 loss=0.573222 lr=9.999e-06
[train] step=80 loss=0.242643 lr=9.998e-06
[train] step=81 loss=0.232141 lr=9.998e-06
[train] step=82 loss=0.278273 lr=9.998e-06
[train] step=83 loss=0.288629 lr=9.998e-06
[train] step=84 loss=0.200115 lr=9.998e-06
[train] step=85 loss=0.434315 lr=9.998e-06
[train] step=86 loss=0.485008 lr=9.998e-06
[train] step=87 loss=0.505776 lr=9.998e-06
[train] step=88 loss=0.391459 lr=9.998e-06
[train] step=89 loss=0.362687 lr=9.998e-06
[train] step=90 loss=0.417005 lr=9.998e-06
[train] step=91 loss=0.513592 lr=9.998e-06
[train] step=92 loss=0.316499 lr=9.998e-06
[train] step=93 loss=0.296075 lr=9.998e-06
[train] step=94 loss=0.196512 lr=9.998e-06
[train] step=95 loss=0.322939 lr=9.998e-06
[train] step=96 loss=0.256413 lr=9.998e-06
[train] step=97 loss=0.354500 lr=9.998e-06
[train] step=98 loss=0.458647 lr=9.998e-06
[train] step=99 loss=0.292781 lr=9.998e-06
[train] step=100 loss=0.249119 lr=9.998e-06
[train] step=101 loss=0.206095 lr=9.998e-06
[train] step=102 loss=0.275749 lr=9.997e-06
[train] step=103 loss=0.266060 lr=9.997e-06
[train] step=104 loss=0.298331 lr=9.997e-06
[train] step=105 loss=0.301951 lr=9.997e-06
[train] step=106 loss=0.408069 lr=9.997e-06
[train] step=107 loss=0.342951 lr=9.997e-06
[train] step=108 loss=0.385419 lr=9.997e-06
[train] step=109 loss=0.290531 lr=9.997e-06
[train] step=110 loss=0.181635 lr=9.997e-06
[train] step=111 loss=0.406620 lr=9.997e-06
[train] step=112 loss=0.373418 lr=9.997e-06
[train] step=113 loss=0.279300 lr=9.997e-06
[train] step=114 loss=0.324544 lr=9.997e-06
[train] step=115 loss=0.359381 lr=9.997e-06
[train] step=116 loss=0.214166 lr=9.997e-06
[train] step=117 loss=0.406673 lr=9.997e-06
[train] step=118 loss=0.256698 lr=9.997e-06
[train] step=119 loss=0.313135 lr=9.997e-06
[train] step=120 loss=0.266109 lr=9.997e-06
INFO     [rank 0] Model weights for step 120 saved in        dit_trainer.py:1085
         checkpoints/model_weights_step_00120.safetensors                       
INFO     [rank 0] Scalar embedding weights for step 120      dit_trainer.py:1092
         saved                                                                  
INFO     [rank 0] Training state saved:                      dit_trainer.py:1123
         checkpoints/model_weights_step_00120.state.pt                          
[epoch 1] step=120 train_loss=0.382879
[train] step=121 loss=0.421639 lr=9.996e-06
[train] step=122 loss=0.231325 lr=9.996e-06
[train] step=123 loss=0.337041 lr=9.996e-06
[train] step=124 loss=0.264494 lr=9.996e-06
[train] step=125 loss=0.265893 lr=9.996e-06
[train] step=126 loss=0.402595 lr=9.996e-06
[train] step=127 loss=0.357788 lr=9.996e-06
[train] step=128 loss=0.379104 lr=9.996e-06
[train] step=129 loss=0.397749 lr=9.996e-06
[train] step=130 loss=0.273508 lr=9.996e-06
[train] step=131 loss=0.195934 lr=9.996e-06
[train] step=132 loss=0.506014 lr=9.996e-06
[train] step=133 loss=0.269693 lr=9.996e-06
[train] step=134 loss=0.406543 lr=9.996e-06
[train] step=135 loss=0.242506 lr=9.996e-06
[train] step=136 loss=0.306220 lr=9.996e-06
[train] step=137 loss=0.386290 lr=9.995e-06
[train] step=138 loss=0.168504 lr=9.995e-06
[train] step=139 loss=0.230111 lr=9.995e-06
[train] step=140 loss=0.259779 lr=9.995e-06
[train] step=141 loss=0.294216 lr=9.995e-06
[train] step=142 loss=0.342398 lr=9.995e-06
[train] step=143 loss=0.294825 lr=9.995e-06
[train] step=144 loss=0.353271 lr=9.995e-06
[train] step=145 loss=0.221652 lr=9.995e-06
[train] step=146 loss=0.305967 lr=9.995e-06
[train] step=147 loss=0.441961 lr=9.995e-06
[train] step=148 loss=0.447665 lr=9.995e-06
[train] step=149 loss=0.429117 lr=9.995e-06
[train] step=150 loss=0.306197 lr=9.995e-06
[train] step=151 loss=0.311957 lr=9.994e-06
[train] step=152 loss=0.235903 lr=9.994e-06
[train] step=153 loss=0.342888 lr=9.994e-06
[train] step=154 loss=0.401139 lr=9.994e-06
[train] step=155 loss=0.374234 lr=9.994e-06
[train] step=156 loss=0.481700 lr=9.994e-06
[train] step=157 loss=0.451454 lr=9.994e-06
[train] step=158 loss=0.411655 lr=9.994e-06
[train] step=159 loss=0.328681 lr=9.994e-06
[train] step=160 loss=0.239319 lr=9.994e-06
[train] step=161 loss=0.331424 lr=9.994e-06
[train] step=162 loss=0.204766 lr=9.994e-06
[train] step=163 loss=0.211908 lr=9.994e-06
[train] step=164 loss=0.292641 lr=9.993e-06
[train] step=165 loss=0.307801 lr=9.993e-06
[train] step=166 loss=0.321146 lr=9.993e-06
[train] step=167 loss=0.303897 lr=9.993e-06
[train] step=168 loss=0.283297 lr=9.993e-06
[train] step=169 loss=0.315336 lr=9.993e-06
[train] step=170 loss=0.278134 lr=9.993e-06
[train] step=171 loss=0.179684 lr=9.993e-06
[train] step=172 loss=0.291854 lr=9.993e-06
[train] step=173 loss=0.411967 lr=9.993e-06
[train] step=174 loss=0.224775 lr=9.993e-06
[train] step=175 loss=0.281798 lr=9.993e-06
[train] step=176 loss=0.273878 lr=9.992e-06
[train] step=177 loss=0.290797 lr=9.992e-06
[train] step=178 loss=0.257423 lr=9.992e-06
[train] step=179 loss=0.270938 lr=9.992e-06
[train] step=180 loss=0.284884 lr=9.992e-06
[train] step=181 loss=0.406898 lr=9.992e-06
[train] step=182 loss=0.308429 lr=9.992e-06
[train] step=183 loss=0.338653 lr=9.992e-06
[train] step=184 loss=0.366154 lr=9.992e-06
[train] step=185 loss=0.268819 lr=9.992e-06
[train] step=186 loss=0.252884 lr=9.992e-06
[train] step=187 loss=0.398184 lr=9.991e-06
[train] step=188 loss=0.339587 lr=9.991e-06
[train] step=189 loss=0.285380 lr=9.991e-06
[train] step=190 loss=0.425596 lr=9.991e-06
[train] step=191 loss=0.357329 lr=9.991e-06
[train] step=192 loss=0.349330 lr=9.991e-06
[train] step=193 loss=0.326742 lr=9.991e-06
[train] step=194 loss=0.244326 lr=9.991e-06
[train] step=195 loss=0.268319 lr=9.991e-06
[train] step=196 loss=0.293395 lr=9.991e-06
[train] step=197 loss=0.303836 lr=9.991e-06
[train] step=198 loss=0.334482 lr=9.990e-06
[train] step=199 loss=0.316705 lr=9.990e-06
[train] step=200 loss=0.156650 lr=9.990e-06
[train] step=201 loss=0.385652 lr=9.990e-06
[train] step=202 loss=0.379845 lr=9.990e-06
[train] step=203 loss=0.294703 lr=9.990e-06
[train] step=204 loss=0.293553 lr=9.990e-06
[train] step=205 loss=0.201169 lr=9.990e-06
[train] step=206 loss=0.379771 lr=9.990e-06
[train] step=207 loss=0.346297 lr=9.990e-06
[train] step=208 loss=0.273525 lr=9.989e-06
[train] step=209 loss=0.429015 lr=9.989e-06
[train] step=210 loss=0.187447 lr=9.989e-06
[train] step=211 loss=0.370933 lr=9.989e-06
[train] step=212 loss=0.269772 lr=9.989e-06
[train] step=213 loss=0.242993 lr=9.989e-06
[train] step=214 loss=0.411435 lr=9.989e-06
[train] step=215 loss=0.384848 lr=9.989e-06
[train] step=216 loss=0.261474 lr=9.989e-06
[train] step=217 loss=0.237590 lr=9.989e-06
[train] step=218 loss=0.294776 lr=9.988e-06
[train] step=219 loss=0.240601 lr=9.988e-06
[train] step=220 loss=0.227728 lr=9.988e-06
[train] step=221 loss=0.236358 lr=9.988e-06
[train] step=222 loss=0.247609 lr=9.988e-06
[train] step=223 loss=0.289313 lr=9.988e-06
[train] step=224 loss=0.255709 lr=9.988e-06
[train] step=225 loss=0.265536 lr=9.988e-06
[train] step=226 loss=0.340227 lr=9.988e-06
[train] step=227 loss=0.215520 lr=9.987e-06
[train] step=228 loss=0.267183 lr=9.987e-06
[train] step=229 loss=0.333954 lr=9.987e-06
[train] step=230 loss=0.224537 lr=9.987e-06
[train] step=231 loss=0.787453 lr=9.987e-06
[train] step=232 loss=0.341408 lr=9.987e-06
[train] step=233 loss=0.311928 lr=9.987e-06
[train] step=234 loss=0.249568 lr=9.987e-06
[train] step=235 loss=0.306641 lr=9.987e-06
[train] step=236 loss=0.318962 lr=9.986e-06
[train] step=237 loss=0.213839 lr=9.986e-06
[train] step=238 loss=0.230592 lr=9.986e-06
[train] step=239 loss=0.371657 lr=9.986e-06
[train] step=240 loss=0.307048 lr=9.986e-06
INFO     [rank 0] Model weights for step 240 saved in        dit_trainer.py:1085
         checkpoints/model_weights_step_00240.safetensors                       
INFO     [rank 0] Scalar embedding weights for step 240      dit_trainer.py:1092
         saved                                                                  
INFO     [rank 0] Training state saved:                      dit_trainer.py:1123
         checkpoints/model_weights_step_00240.state.pt                          
[epoch 2] step=240 train_loss=0.312218
[train] step=241 loss=0.390716 lr=9.986e-06
[train] step=242 loss=0.499408 lr=9.986e-06
[train] step=243 loss=0.375063 lr=9.986e-06
[train] step=244 loss=0.251113 lr=9.985e-06
[train] step=245 loss=0.361723 lr=9.985e-06
[train] step=246 loss=0.361346 lr=9.985e-06
[train] step=247 loss=0.288598 lr=9.985e-06
[train] step=248 loss=0.304452 lr=9.985e-06
[train] step=249 loss=0.393438 lr=9.985e-06
[train] step=250 loss=0.322040 lr=9.985e-06
[train] step=251 loss=0.306953 lr=9.985e-06
[train] step=252 loss=0.328320 lr=9.984e-06
[train] step=253 loss=0.247827 lr=9.984e-06
[train] step=254 loss=0.276273 lr=9.984e-06
[train] step=255 loss=0.439295 lr=9.984e-06
[train] step=256 loss=0.356508 lr=9.984e-06
[train] step=257 loss=0.272741 lr=9.984e-06
[train] step=258 loss=0.341686 lr=9.984e-06
[train] step=259 loss=0.373635 lr=9.984e-06
[train] step=260 loss=0.329724 lr=9.983e-06
[train] step=261 loss=0.382184 lr=9.983e-06
[train] step=262 loss=0.364814 lr=9.983e-06
[train] step=263 loss=0.425464 lr=9.983e-06
[train] step=264 loss=0.321007 lr=9.983e-06
[train] step=265 loss=0.232491 lr=9.983e-06
[train] step=266 loss=0.172682 lr=9.983e-06
[train] step=267 loss=0.327582 lr=9.983e-06
[train] step=268 loss=0.360459 lr=9.982e-06
[train] step=269 loss=0.299542 lr=9.982e-06
[train] step=270 loss=0.295266 lr=9.982e-06
[train] step=271 loss=0.134638 lr=9.982e-06
[train] step=272 loss=0.390111 lr=9.982e-06
[train] step=273 loss=0.396729 lr=9.982e-06
[train] step=274 loss=0.327499 lr=9.982e-06
[train] step=275 loss=0.304314 lr=9.982e-06
[train] step=276 loss=0.356652 lr=9.981e-06
[train] step=277 loss=0.348122 lr=9.981e-06
[train] step=278 loss=0.573765 lr=9.981e-06
[train] step=279 loss=0.380580 lr=9.981e-06
[train] step=280 loss=0.202323 lr=9.981e-06
[train] step=281 loss=0.402919 lr=9.981e-06
[train] step=282 loss=0.185942 lr=9.981e-06
[train] step=283 loss=0.202815 lr=9.980e-06
[train] step=284 loss=0.289760 lr=9.980e-06
[train] step=285 loss=0.334132 lr=9.980e-06
[train] step=286 loss=0.267715 lr=9.980e-06
[train] step=287 loss=0.293398 lr=9.980e-06
[train] step=288 loss=0.409560 lr=9.980e-06
[train] step=289 loss=0.223204 lr=9.980e-06
[train] step=290 loss=0.419985 lr=9.979e-06
[train] step=291 loss=0.176164 lr=9.979e-06
[train] step=292 loss=0.186916 lr=9.979e-06
[train] step=293 loss=0.211591 lr=9.979e-06
[train] step=294 loss=0.189636 lr=9.979e-06
[train] step=295 loss=0.194575 lr=9.979e-06
[train] step=296 loss=0.182137 lr=9.979e-06
[train] step=297 loss=0.278436 lr=9.978e-06
[train] step=298 loss=0.266745 lr=9.978e-06
[train] step=299 loss=0.156044 lr=9.978e-06
[train] step=300 loss=0.354345 lr=9.978e-06
[train] step=301 loss=0.167455 lr=9.978e-06
[train] step=302 loss=0.239854 lr=9.978e-06
[train] step=303 loss=0.258119 lr=9.978e-06
[train] step=304 loss=0.259231 lr=9.977e-06
[train] step=305 loss=0.432508 lr=9.977e-06
[train] step=306 loss=0.327316 lr=9.977e-06
[train] step=307 loss=0.359277 lr=9.977e-06
[train] step=308 loss=0.184316 lr=9.977e-06
[train] step=309 loss=0.265165 lr=9.977e-06
[train] step=310 loss=0.357319 lr=9.976e-06
[train] step=311 loss=0.332163 lr=9.976e-06
[train] step=312 loss=0.396480 lr=9.976e-06
[train] step=313 loss=0.273706 lr=9.976e-06
[train] step=314 loss=0.440598 lr=9.976e-06
[train] step=315 loss=0.466727 lr=9.976e-06
[train] step=316 loss=0.400986 lr=9.976e-06
[train] step=317 loss=0.294450 lr=9.975e-06
[train] step=318 loss=0.254959 lr=9.975e-06
[train] step=319 loss=0.328754 lr=9.975e-06
[train] step=320 loss=0.198340 lr=9.975e-06
[train] step=321 loss=0.420528 lr=9.975e-06
[train] step=322 loss=0.340606 lr=9.975e-06
[train] step=323 loss=0.247414 lr=9.974e-06
[train] step=324 loss=0.292336 lr=9.974e-06
[train] step=325 loss=0.207552 lr=9.974e-06
[train] step=326 loss=0.255378 lr=9.974e-06
[train] step=327 loss=0.274793 lr=9.974e-06
[train] step=328 loss=0.325208 lr=9.974e-06
[train] step=329 loss=0.277151 lr=9.974e-06
[train] step=330 loss=0.266258 lr=9.973e-06
[train] step=331 loss=0.261222 lr=9.973e-06
[train] step=332 loss=0.247231 lr=9.973e-06
[train] step=333 loss=0.251936 lr=9.973e-06
[train] step=334 loss=0.278605 lr=9.973e-06
[train] step=335 loss=0.373430 lr=9.973e-06
[train] step=336 loss=0.379925 lr=9.972e-06
[train] step=337 loss=0.304241 lr=9.972e-06
[train] step=338 loss=0.216393 lr=9.972e-06
[train] step=339 loss=0.355687 lr=9.972e-06
[train] step=340 loss=0.246330 lr=9.972e-06
[train] step=341 loss=0.234142 lr=9.972e-06
[train] step=342 loss=0.394043 lr=9.971e-06
[train] step=343 loss=0.241623 lr=9.971e-06
[train] step=344 loss=0.230896 lr=9.971e-06
[train] step=345 loss=0.355766 lr=9.971e-06
[train] step=346 loss=0.227660 lr=9.971e-06
[train] step=347 loss=0.364697 lr=9.971e-06
[train] step=348 loss=0.240122 lr=9.970e-06
[train] step=349 loss=0.220116 lr=9.970e-06
[train] step=350 loss=0.207864 lr=9.970e-06
[train] step=351 loss=0.256362 lr=9.970e-06
[train] step=352 loss=0.454935 lr=9.970e-06
[train] step=353 loss=0.247096 lr=9.969e-06
[train] step=354 loss=0.338912 lr=9.969e-06
[train] step=355 loss=0.318333 lr=9.969e-06
[train] step=356 loss=0.272574 lr=9.969e-06
[train] step=357 loss=0.416299 lr=9.969e-06
[train] step=358 loss=0.237036 lr=9.969e-06
[train] step=359 loss=0.396294 lr=9.968e-06
[train] step=360 loss=0.239486 lr=9.968e-06
INFO     [rank 0] Model weights for step 360 saved in        dit_trainer.py:1085
         checkpoints/model_weights_step_00360.safetensors                       
INFO     [rank 0] Scalar embedding weights for step 360      dit_trainer.py:1092
         saved                                                                  
INFO     [rank 0] Training state saved:                      dit_trainer.py:1123
         checkpoints/model_weights_step_00360.state.pt                          
[epoch 3] step=360 train_loss=0.305541
[train] step=361 loss=0.466577 lr=9.968e-06
[train] step=362 loss=0.152010 lr=9.968e-06
[train] step=363 loss=0.275579 lr=9.968e-06
[train] step=364 loss=0.400355 lr=9.968e-06
[train] step=365 loss=0.192366 lr=9.967e-06
[train] step=366 loss=0.233146 lr=9.967e-06
[train] step=367 loss=0.201704 lr=9.967e-06
[train] step=368 loss=0.381477 lr=9.967e-06
[train] step=369 loss=0.306609 lr=9.967e-06
[train] step=370 loss=0.295382 lr=9.966e-06
[train] step=371 loss=0.343314 lr=9.966e-06
[train] step=372 loss=0.285817 lr=9.966e-06
[train] step=373 loss=0.330323 lr=9.966e-06
[train] step=374 loss=0.242286 lr=9.966e-06
[train] step=375 loss=0.251300 lr=9.966e-06
[train] step=376 loss=0.185572 lr=9.965e-06
[train] step=377 loss=0.239144 lr=9.965e-06
[train] step=378 loss=0.234036 lr=9.965e-06
[train] step=379 loss=0.384375 lr=9.965e-06
[train] step=380 loss=0.277941 lr=9.965e-06
[train] step=381 loss=0.193596 lr=9.964e-06
[train] step=382 loss=0.303320 lr=9.964e-06
[train] step=383 loss=0.287244 lr=9.964e-06
[train] step=384 loss=0.277627 lr=9.964e-06
[train] step=385 loss=0.269968 lr=9.964e-06
[train] step=386 loss=0.343462 lr=9.964e-06
[train] step=387 loss=0.228008 lr=9.963e-06
[train] step=388 loss=0.136688 lr=9.963e-06
[train] step=389 loss=0.215343 lr=9.963e-06
[train] step=390 loss=0.272592 lr=9.963e-06
[train] step=391 loss=0.427617 lr=9.963e-06
[train] step=392 loss=0.214195 lr=9.962e-06
[train] step=393 loss=0.250629 lr=9.962e-06
[train] step=394 loss=0.292315 lr=9.962e-06
[train] step=395 loss=0.265673 lr=9.962e-06
[train] step=396 loss=0.219575 lr=9.962e-06
[train] step=397 loss=0.446488 lr=9.961e-06
[train] step=398 loss=0.309653 lr=9.961e-06
[train] step=399 loss=0.302192 lr=9.961e-06
[train] step=400 loss=0.440401 lr=9.961e-06
[train] step=401 loss=0.263497 lr=9.961e-06
[train] step=402 loss=0.232444 lr=9.960e-06
[train] step=403 loss=0.298127 lr=9.960e-06
[train] step=404 loss=0.287638 lr=9.960e-06
[train] step=405 loss=0.201183 lr=9.960e-06
[train] step=406 loss=0.312420 lr=9.960e-06
[train] step=407 loss=0.258744 lr=9.959e-06
[train] step=408 loss=0.218068 lr=9.959e-06
[train] step=409 loss=0.245369 lr=9.959e-06
[train] step=410 loss=0.254387 lr=9.959e-06
[train] step=411 loss=0.216849 lr=9.959e-06
[train] step=412 loss=0.376728 lr=9.958e-06
[train] step=413 loss=0.298280 lr=9.958e-06
[train] step=414 loss=0.206492 lr=9.958e-06
[train] step=415 loss=0.426017 lr=9.958e-06
[train] step=416 loss=0.188187 lr=9.958e-06
[train] step=417 loss=0.189249 lr=9.957e-06
[train] step=418 loss=0.202880 lr=9.957e-06
[train] step=419 loss=0.296629 lr=9.957e-06
[train] step=420 loss=0.274443 lr=9.957e-06
[train] step=421 loss=0.354130 lr=9.957e-06
[train] step=422 loss=0.489742 lr=9.956e-06
[train] step=423 loss=0.266349 lr=9.956e-06
[train] step=424 loss=0.206902 lr=9.956e-06
[train] step=425 loss=0.279475 lr=9.956e-06
[train] step=426 loss=0.200704 lr=9.956e-06
[train] step=427 loss=0.123346 lr=9.955e-06
[train] step=428 loss=0.207373 lr=9.955e-06
[train] step=429 loss=0.275803 lr=9.955e-06
[train] step=430 loss=0.266568 lr=9.955e-06
[train] step=431 loss=0.335444 lr=9.954e-06
[train] step=432 loss=0.178412 lr=9.954e-06
[train] step=433 loss=0.537744 lr=9.954e-06
[train] step=434 loss=0.271650 lr=9.954e-06
[train] step=435 loss=0.279307 lr=9.954e-06
[train] step=436 loss=0.256524 lr=9.953e-06
[train] step=437 loss=0.279538 lr=9.953e-06
[train] step=438 loss=0.185434 lr=9.953e-06
[train] step=439 loss=0.300925 lr=9.953e-06
[train] step=440 loss=0.255710 lr=9.953e-06
[train] step=441 loss=0.321422 lr=9.952e-06
[train] step=442 loss=0.292490 lr=9.952e-06
[train] step=443 loss=0.242666 lr=9.952e-06
[train] step=444 loss=0.262911 lr=9.952e-06
[train] step=445 loss=0.188324 lr=9.951e-06
[train] step=446 loss=0.273618 lr=9.951e-06
[train] step=447 loss=0.220855 lr=9.951e-06
[train] step=448 loss=0.178252 lr=9.951e-06
[train] step=449 loss=0.231736 lr=9.951e-06
[train] step=450 loss=0.368395 lr=9.950e-06
[train] step=451 loss=0.278391 lr=9.950e-06
[train] step=452 loss=0.323567 lr=9.950e-06
[train] step=453 loss=0.149863 lr=9.950e-06
[train] step=454 loss=0.226684 lr=9.950e-06
[train] step=455 loss=0.157773 lr=9.949e-06
[train] step=456 loss=0.233242 lr=9.949e-06
[train] step=457 loss=0.187357 lr=9.949e-06
[train] step=458 loss=0.434726 lr=9.949e-06
[train] step=459 loss=0.243902 lr=9.948e-06
[train] step=460 loss=0.267329 lr=9.948e-06
[train] step=461 loss=0.366724 lr=9.948e-06
[train] step=462 loss=0.289177 lr=9.948e-06
[train] step=463 loss=0.224761 lr=9.947e-06
[train] step=464 loss=0.282823 lr=9.947e-06
[train] step=465 loss=0.204137 lr=9.947e-06
[train] step=466 loss=0.284256 lr=9.947e-06
[train] step=467 loss=0.187419 lr=9.947e-06
[train] step=468 loss=0.296354 lr=9.946e-06
[train] step=469 loss=0.235797 lr=9.946e-06
[train] step=470 loss=0.291470 lr=9.946e-06
[train] step=471 loss=0.299398 lr=9.946e-06
[train] step=472 loss=0.266098 lr=9.945e-06
[train] step=473 loss=0.293493 lr=9.945e-06
[train] step=474 loss=0.191313 lr=9.945e-06
[train] step=475 loss=0.163687 lr=9.945e-06
[train] step=476 loss=0.414727 lr=9.944e-06
[train] step=477 loss=0.197592 lr=9.944e-06
[train] step=478 loss=0.411730 lr=9.944e-06
[train] step=479 loss=0.278213 lr=9.944e-06
[train] step=480 loss=0.154056 lr=9.944e-06
INFO     [rank 0] Model weights for step 480 saved in        dit_trainer.py:1085
         checkpoints/model_weights_step_00480.safetensors                       
INFO     [rank 0] Scalar embedding weights for step 480      dit_trainer.py:1092
         saved                                                                  
INFO     [rank 0] Training state saved:                      dit_trainer.py:1123
         checkpoints/model_weights_step_00480.state.pt                          
[epoch 4] step=480 train_loss=0.272306
[train] step=481 loss=0.225393 lr=9.943e-06
[train] step=482 loss=0.326932 lr=9.943e-06
[train] step=483 loss=0.260094 lr=9.943e-06
[train] step=484 loss=0.243626 lr=9.943e-06
[train] step=485 loss=0.314180 lr=9.942e-06
[train] step=486 loss=0.275075 lr=9.942e-06
[train] step=487 loss=0.299396 lr=9.942e-06
[train] step=488 loss=0.293747 lr=9.942e-06
[train] step=489 loss=0.373748 lr=9.941e-06
[train] step=490 loss=0.218560 lr=9.941e-06
[train] step=491 loss=0.253858 lr=9.941e-06
[train] step=492 loss=0.317944 lr=9.941e-06
[train] step=493 loss=0.198932 lr=9.940e-06
[train] step=494 loss=0.189180 lr=9.940e-06
[train] step=495 loss=0.194601 lr=9.940e-06
[train] step=496 loss=0.263048 lr=9.940e-06
[train] step=497 loss=0.253264 lr=9.939e-06
[train] step=498 loss=0.302132 lr=9.939e-06
[train] step=499 loss=0.143040 lr=9.939e-06
[train] step=500 loss=0.337223 lr=9.939e-06
[train] step=501 loss=0.221664 lr=9.939e-06
[train] step=502 loss=0.275556 lr=9.938e-06
[train] step=503 loss=0.279633 lr=9.938e-06
[train] step=504 loss=0.296896 lr=9.938e-06
[train] step=505 loss=0.289567 lr=9.938e-06
[train] step=506 loss=0.391312 lr=9.937e-06
[train] step=507 loss=0.238492 lr=9.937e-06
[train] step=508 loss=0.508732 lr=9.937e-06
[train] step=509 loss=0.230889 lr=9.937e-06
[train] step=510 loss=0.202955 lr=9.936e-06
[train] step=511 loss=0.237064 lr=9.936e-06
[train] step=512 loss=0.160914 lr=9.936e-06
[train] step=513 loss=0.167258 lr=9.936e-06
[train] step=514 loss=0.308915 lr=9.935e-06
[train] step=515 loss=0.261536 lr=9.935e-06
[train] step=516 loss=0.491023 lr=9.935e-06
[train] step=517 loss=0.398248 lr=9.935e-06
[train] step=518 loss=0.270500 lr=9.934e-06
[train] step=519 loss=0.131881 lr=9.934e-06
[train] step=520 loss=0.287174 lr=9.934e-06
[train] step=521 loss=0.211356 lr=9.933e-06
[train] step=522 loss=0.188546 lr=9.933e-06
[train] step=523 loss=0.259265 lr=9.933e-06
[train] step=524 loss=0.255674 lr=9.933e-06
[train] step=525 loss=0.261821 lr=9.932e-06
[train] step=526 loss=0.132928 lr=9.932e-06
[train] step=527 loss=0.243413 lr=9.932e-06
[train] step=528 loss=0.655917 lr=9.932e-06
[train] step=529 loss=0.468979 lr=9.931e-06
[train] step=530 loss=0.144344 lr=9.931e-06
[train] step=531 loss=0.188341 lr=9.931e-06
[train] step=532 loss=0.261751 lr=9.931e-06
[train] step=533 loss=0.236826 lr=9.930e-06
[train] step=534 loss=0.250916 lr=9.930e-06
[train] step=535 loss=0.266512 lr=9.930e-06
[train] step=536 loss=0.359369 lr=9.930e-06
[train] step=537 loss=0.234715 lr=9.929e-06
[train] step=538 loss=0.279744 lr=9.929e-06
[train] step=539 loss=0.403322 lr=9.929e-06
[train] step=540 loss=0.271039 lr=9.929e-06
[train] step=541 loss=0.286647 lr=9.928e-06
[train] step=542 loss=0.202130 lr=9.928e-06
[train] step=543 loss=0.309589 lr=9.928e-06
[train] step=544 loss=0.308622 lr=9.927e-06
[train] step=545 loss=0.240784 lr=9.927e-06
[train] step=546 loss=0.319349 lr=9.927e-06
[train] step=547 loss=0.303150 lr=9.927e-06
[train] step=548 loss=0.286137 lr=9.926e-06
[train] step=549 loss=0.151577 lr=9.926e-06
[train] step=550 loss=0.289746 lr=9.926e-06
[train] step=551 loss=0.275274 lr=9.926e-06
[train] step=552 loss=0.199024 lr=9.925e-06
[train] step=553 loss=0.344050 lr=9.925e-06
[train] step=554 loss=0.294355 lr=9.925e-06
[train] step=555 loss=0.476747 lr=9.925e-06
[train] step=556 loss=0.175486 lr=9.924e-06
[train] step=557 loss=0.287879 lr=9.924e-06
[train] step=558 loss=0.163689 lr=9.924e-06
[train] step=559 loss=0.307526 lr=9.923e-06
[train] step=560 loss=0.373185 lr=9.923e-06
[train] step=561 loss=0.214830 lr=9.923e-06
[train] step=562 loss=0.163593 lr=9.923e-06
[train] step=563 loss=0.325285 lr=9.922e-06
[train] step=564 loss=0.379987 lr=9.922e-06
[train] step=565 loss=0.297265 lr=9.922e-06
[train] step=566 loss=0.346135 lr=9.922e-06
[train] step=567 loss=0.340388 lr=9.921e-06
[train] step=568 loss=0.233159 lr=9.921e-06
[train] step=569 loss=0.300286 lr=9.921e-06
[train] step=570 loss=0.278959 lr=9.920e-06
[train] step=571 loss=0.137486 lr=9.920e-06
[train] step=572 loss=0.345352 lr=9.920e-06
[train] step=573 loss=0.286212 lr=9.920e-06
[train] step=574 loss=0.234187 lr=9.919e-06
[train] step=575 loss=0.298308 lr=9.919e-06
[train] step=576 loss=0.437744 lr=9.919e-06
[train] step=577 loss=0.275081 lr=9.918e-06
[train] step=578 loss=0.167537 lr=9.918e-06
[train] step=579 loss=0.220746 lr=9.918e-06
[train] step=580 loss=0.249103 lr=9.918e-06
[train] step=581 loss=0.243232 lr=9.917e-06
[train] step=582 loss=0.276593 lr=9.917e-06
[train] step=583 loss=0.226704 lr=9.917e-06
[train] step=584 loss=0.263286 lr=9.916e-06
[train] step=585 loss=0.304322 lr=9.916e-06
[train] step=586 loss=0.262267 lr=9.916e-06
[train] step=587 loss=0.311644 lr=9.916e-06
[train] step=588 loss=0.253778 lr=9.915e-06
[train] step=589 loss=0.213882 lr=9.915e-06
[train] step=590 loss=0.253374 lr=9.915e-06
[train] step=591 loss=0.218236 lr=9.914e-06
[train] step=592 loss=0.246884 lr=9.914e-06
[train] step=593 loss=0.250251 lr=9.914e-06
[train] step=594 loss=0.208094 lr=9.914e-06
[train] step=595 loss=0.243949 lr=9.913e-06
[train] step=596 loss=0.242571 lr=9.913e-06
[train] step=597 loss=0.254824 lr=9.913e-06
[train] step=598 loss=0.319239 lr=9.912e-06
[train] step=599 loss=0.228565 lr=9.912e-06
[train] step=600 loss=0.202672 lr=9.912e-06
[val] step=600 val_loss=0.269172
INFO     [rank 0] Model weights for step 600 saved in        dit_trainer.py:1085
         checkpoints/model_weights_step_00600.safetensors                       
INFO     [rank 0] Scalar embedding weights for step 600      dit_trainer.py:1092
         saved                                                                  
INFO     [rank 0] Training state saved:                      dit_trainer.py:1123
         checkpoints/model_weights_step_00600.state.pt                          
[epoch 5] step=600 train_loss=0.271761 val_loss=0.269172
[train] step=601 loss=0.195661 lr=9.912e-06
[train] step=602 loss=0.244419 lr=9.911e-06
[train] step=603 loss=0.318215 lr=9.911e-06
[train] step=604 loss=0.162272 lr=9.911e-06
[train] step=605 loss=0.291536 lr=9.910e-06
[train] step=606 loss=0.223563 lr=9.910e-06
[train] step=607 loss=0.190262 lr=9.910e-06
[train] step=608 loss=0.217497 lr=9.909e-06
[train] step=609 loss=0.262816 lr=9.909e-06
[train] step=610 loss=0.309935 lr=9.909e-06
[train] step=611 loss=0.145518 lr=9.909e-06
[train] step=612 loss=0.357169 lr=9.908e-06
[train] step=613 loss=0.268852 lr=9.908e-06
[train] step=614 loss=0.127684 lr=9.908e-06
[train] step=615 loss=0.255691 lr=9.907e-06
[train] step=616 loss=0.268623 lr=9.907e-06
[train] step=617 loss=0.293306 lr=9.907e-06
[train] step=618 loss=0.187907 lr=9.906e-06
[train] step=619 loss=0.315987 lr=9.906e-06
[train] step=620 loss=0.248215 lr=9.906e-06
[train] step=621 loss=0.228141 lr=9.906e-06
[train] step=622 loss=0.241616 lr=9.905e-06
[train] step=623 loss=0.243706 lr=9.905e-06
[train] step=624 loss=0.229032 lr=9.905e-06
[train] step=625 loss=0.233448 lr=9.904e-06
[train] step=626 loss=0.194791 lr=9.904e-06
[train] step=627 loss=0.217710 lr=9.904e-06
[train] step=628 loss=0.235023 lr=9.903e-06
[train] step=629 loss=0.261677 lr=9.903e-06
[train] step=630 loss=0.203450 lr=9.903e-06
[train] step=631 loss=0.332245 lr=9.902e-06
[train] step=632 loss=0.160366 lr=9.902e-06
[train] step=633 loss=0.653032 lr=9.902e-06
[train] step=634 loss=0.209312 lr=9.902e-06
[train] step=635 loss=0.230916 lr=9.901e-06
[train] step=636 loss=0.427175 lr=9.901e-06
[train] step=637 loss=0.204573 lr=9.901e-06
[train] step=638 loss=0.494633 lr=9.900e-06
[train] step=639 loss=0.278041 lr=9.900e-06
[train] step=640 loss=0.253413 lr=9.900e-06
[train] step=641 loss=0.328282 lr=9.899e-06
[train] step=642 loss=0.263802 lr=9.899e-06
[train] step=643 loss=0.232339 lr=9.899e-06
[train] step=644 loss=0.304288 lr=9.898e-06
[train] step=645 loss=0.295503 lr=9.898e-06
[train] step=646 loss=0.518381 lr=9.898e-06
[train] step=647 loss=0.284227 lr=9.897e-06
[train] step=648 loss=0.230942 lr=9.897e-06
[train] step=649 loss=0.153294 lr=9.897e-06
[train] step=650 loss=0.173890 lr=9.897e-06
[train] step=651 loss=0.247295 lr=9.896e-06
[train] step=652 loss=0.276494 lr=9.896e-06
[train] step=653 loss=0.247194 lr=9.896e-06
[train] step=654 loss=0.226283 lr=9.895e-06
[train] step=655 loss=0.257156 lr=9.895e-06
[train] step=656 loss=0.265188 lr=9.895e-06
[train] step=657 loss=0.167191 lr=9.894e-06
[train] step=658 loss=0.184288 lr=9.894e-06
[train] step=659 loss=0.166716 lr=9.894e-06
[train] step=660 loss=0.205242 lr=9.893e-06
[train] step=661 loss=0.204358 lr=9.893e-06
[train] step=662 loss=0.399617 lr=9.893e-06
[train] step=663 loss=0.163657 lr=9.892e-06
[train] step=664 loss=0.134013 lr=9.892e-06
[train] step=665 loss=0.257112 lr=9.892e-06
[train] step=666 loss=0.161542 lr=9.891e-06
[train] step=667 loss=0.276900 lr=9.891e-06
[train] step=668 loss=0.150375 lr=9.891e-06
[train] step=669 loss=0.309642 lr=9.890e-06
[train] step=670 loss=0.136974 lr=9.890e-06
[train] step=671 loss=0.320728 lr=9.890e-06
[train] step=672 loss=0.334694 lr=9.889e-06
[train] step=673 loss=0.326596 lr=9.889e-06
[train] step=674 loss=0.245912 lr=9.889e-06
[train] step=675 loss=0.278857 lr=9.888e-06
[train] step=676 loss=0.449186 lr=9.888e-06
[train] step=677 loss=0.282765 lr=9.888e-06
[train] step=678 loss=0.264464 lr=9.887e-06
[train] step=679 loss=0.323272 lr=9.887e-06
[train] step=680 loss=0.212792 lr=9.887e-06
[train] step=681 loss=0.231901 lr=9.886e-06
[train] step=682 loss=0.271394 lr=9.886e-06
[train] step=683 loss=0.265647 lr=9.886e-06
[train] step=684 loss=0.265108 lr=9.885e-06
[train] step=685 loss=0.221627 lr=9.885e-06
[train] step=686 loss=0.296487 lr=9.885e-06
[train] step=687 loss=0.253907 lr=9.884e-06
[train] step=688 loss=0.267206 lr=9.884e-06
[train] step=689 loss=0.284615 lr=9.884e-06
[train] step=690 loss=0.240506 lr=9.883e-06
[train] step=691 loss=0.263687 lr=9.883e-06
[train] step=692 loss=0.258859 lr=9.883e-06
[train] step=693 loss=0.199927 lr=9.882e-06
[train] step=694 loss=0.215932 lr=9.882e-06
[train] step=695 loss=0.217893 lr=9.882e-06
[train] step=696 loss=0.246313 lr=9.881e-06
[train] step=697 loss=0.250811 lr=9.881e-06
[train] step=698 loss=0.251479 lr=9.881e-06
[train] step=699 loss=0.157790 lr=9.880e-06
[train] step=700 loss=0.155593 lr=9.880e-06
[train] step=701 loss=0.154532 lr=9.880e-06
[train] step=702 loss=0.292114 lr=9.879e-06
[train] step=703 loss=0.171699 lr=9.879e-06
[train] step=704 loss=0.238032 lr=9.879e-06
[train] step=705 loss=0.168530 lr=9.878e-06
[train] step=706 loss=0.249615 lr=9.878e-06
[train] step=707 loss=0.298150 lr=9.878e-06
[train] step=708 loss=0.175438 lr=9.877e-06
[train] step=709 loss=0.225499 lr=9.877e-06
[train] step=710 loss=0.227604 lr=9.877e-06
[train] step=711 loss=0.245320 lr=9.876e-06
[train] step=712 loss=0.308802 lr=9.876e-06
[train] step=713 loss=0.325479 lr=9.876e-06
[train] step=714 loss=0.268564 lr=9.875e-06
[train] step=715 loss=0.430783 lr=9.875e-06
[train] step=716 loss=0.195424 lr=9.875e-06
[train] step=717 loss=0.294451 lr=9.874e-06
[train] step=718 loss=0.303525 lr=9.874e-06
[train] step=719 loss=0.266800 lr=9.873e-06
[train] step=720 loss=0.130090 lr=9.873e-06
INFO     [rank 0] Model weights for step 720 saved in        dit_trainer.py:1085
         checkpoints/model_weights_step_00720.safetensors                       
INFO     [rank 0] Scalar embedding weights for step 720      dit_trainer.py:1092
         saved                                                                  
INFO     [rank 0] Training state saved:                      dit_trainer.py:1123
         checkpoints/model_weights_step_00720.state.pt                          
DEBUG    [rank 0] Removed old checkpoint:                    dit_trainer.py:1136
         /hppfs/scratch/0D/go76fuz2/windinet/outputs/shockwa                    
         ve_dit_anchor_kl1e7/checkpoints/model_weights_step_                    
         00120.safetensors                                                      
DEBUG    [rank 0] Removed old checkpoint:                    dit_trainer.py:1136
         /hppfs/scratch/0D/go76fuz2/windinet/outputs/shockwa                    
         ve_dit_anchor_kl1e7/checkpoints/model_weights_step_                    
         00120.state.pt                                                         
DEBUG    [rank 0] Removed old checkpoint:                    dit_trainer.py:1136
         /hppfs/scratch/0D/go76fuz2/windinet/outputs/shockwa                    
         ve_dit_anchor_kl1e7/checkpoints/scalar_embedding_st                    
         ep_00120.safetensors                                                   
[epoch 6] step=720 train_loss=0.254488
[train] step=721 loss=0.160808 lr=9.873e-06
[train] step=722 loss=0.264192 lr=9.872e-06
[train] step=723 loss=0.276930 lr=9.872e-06
[train] step=724 loss=0.186078 lr=9.872e-06
[train] step=725 loss=0.269185 lr=9.871e-06
[train] step=726 loss=0.124359 lr=9.871e-06
[train] step=727 loss=0.184411 lr=9.871e-06
[train] step=728 loss=0.239823 lr=9.870e-06
[train] step=729 loss=0.255813 lr=9.870e-06
[train] step=730 loss=0.160802 lr=9.870e-06
[train] step=731 loss=0.129665 lr=9.869e-06
[train] step=732 loss=0.256981 lr=9.869e-06
[train] step=733 loss=0.487636 lr=9.869e-06
[train] step=734 loss=0.193665 lr=9.868e-06
[train] step=735 loss=0.161555 lr=9.868e-06
[train] step=736 loss=0.238905 lr=9.867e-06
[train] step=737 loss=0.311517 lr=9.867e-06
[train] step=738 loss=0.186681 lr=9.867e-06
[train] step=739 loss=0.292333 lr=9.866e-06
[train] step=740 loss=0.223405 lr=9.866e-06
[train] step=741 loss=0.327350 lr=9.866e-06
[train] step=742 loss=0.333447 lr=9.865e-06
[train] step=743 loss=0.218325 lr=9.865e-06
[train] step=744 loss=0.216343 lr=9.865e-06
[train] step=745 loss=0.210745 lr=9.864e-06
[train] step=746 loss=0.257166 lr=9.864e-06
[train] step=747 loss=0.304901 lr=9.863e-06
[train] step=748 loss=0.400132 lr=9.863e-06
[train] step=749 loss=0.219719 lr=9.863e-06
[train] step=750 loss=0.233540 lr=9.862e-06
[train] step=751 loss=0.193233 lr=9.862e-06
[train] step=752 loss=0.200625 lr=9.862e-06
[train] step=753 loss=0.222826 lr=9.861e-06
[train] step=754 loss=0.273913 lr=9.861e-06
[train] step=755 loss=0.176370 lr=9.861e-06
[train] step=756 loss=0.302066 lr=9.860e-06
[train] step=757 loss=0.224973 lr=9.860e-06
[train] step=758 loss=0.096454 lr=9.859e-06
[train] step=759 loss=0.278872 lr=9.859e-06
[train] step=760 loss=0.223727 lr=9.859e-06
[train] step=761 loss=0.261058 lr=9.858e-06
[train] step=762 loss=0.251725 lr=9.858e-06
[train] step=763 loss=0.263376 lr=9.858e-06
[train] step=764 loss=0.276218 lr=9.857e-06
[train] step=765 loss=0.287440 lr=9.857e-06
[train] step=766 loss=0.246630 lr=9.856e-06
[train] step=767 loss=0.310550 lr=9.856e-06
[train] step=768 loss=0.191537 lr=9.856e-06
[train] step=769 loss=0.207300 lr=9.855e-06
[train] step=770 loss=0.228369 lr=9.855e-06
[train] step=771 loss=0.338374 lr=9.855e-06
[train] step=772 loss=0.255805 lr=9.854e-06
[train] step=773 loss=0.204187 lr=9.854e-06
[train] step=774 loss=0.201828 lr=9.853e-06
[train] step=775 loss=0.237821 lr=9.853e-06
[train] step=776 loss=0.409819 lr=9.853e-06
[train] step=777 loss=0.209592 lr=9.852e-06
[train] step=778 loss=0.273175 lr=9.852e-06
[train] step=779 loss=0.312804 lr=9.852e-06
[train] step=780 loss=0.285135 lr=9.851e-06
[train] step=781 loss=0.182461 lr=9.851e-06
[train] step=782 loss=0.236117 lr=9.850e-06
[train] step=783 loss=0.167078 lr=9.850e-06
[train] step=784 loss=0.306674 lr=9.850e-06
[train] step=785 loss=0.327502 lr=9.849e-06
[train] step=786 loss=0.276260 lr=9.849e-06
[train] step=787 loss=0.237622 lr=9.848e-06
[train] step=788 loss=0.221674 lr=9.848e-06
[train] step=789 loss=0.214290 lr=9.848e-06
[train] step=790 loss=0.323336 lr=9.847e-06
[train] step=791 loss=0.266493 lr=9.847e-06
[train] step=792 loss=0.143801 lr=9.847e-06
[train] step=793 loss=0.380081 lr=9.846e-06
[train] step=794 loss=0.417849 lr=9.846e-06
[train] step=795 loss=0.263467 lr=9.845e-06
[train] step=796 loss=0.254066 lr=9.845e-06
[train] step=797 loss=0.169683 lr=9.845e-06
[train] step=798 loss=0.297883 lr=9.844e-06
[train] step=799 loss=0.479433 lr=9.844e-06
[train] step=800 loss=0.304205 lr=9.843e-06
[train] step=801 loss=0.235760 lr=9.843e-06
[train] step=802 loss=0.246020 lr=9.843e-06
[train] step=803 loss=0.160925 lr=9.842e-06
[train] step=804 loss=0.290615 lr=9.842e-06
[train] step=805 loss=0.214981 lr=9.842e-06
[train] step=806 loss=0.240514 lr=9.841e-06
[train] step=807 loss=0.277128 lr=9.841e-06
[train] step=808 loss=0.185455 lr=9.840e-06
[train] step=809 loss=0.328264 lr=9.840e-06
[train] step=810 loss=0.236655 lr=9.840e-06
[train] step=811 loss=0.267424 lr=9.839e-06
[train] step=812 loss=0.298909 lr=9.839e-06
[train] step=813 loss=0.206533 lr=9.838e-06
[train] step=814 loss=0.364496 lr=9.838e-06
[train] step=815 loss=0.341875 lr=9.838e-06
[train] step=816 loss=0.307809 lr=9.837e-06
[train] step=817 loss=0.215335 lr=9.837e-06
[train] step=818 loss=0.283244 lr=9.836e-06
[train] step=819 loss=0.170824 lr=9.836e-06
[train] step=820 loss=0.195650 lr=9.836e-06
[train] step=821 loss=0.147158 lr=9.835e-06
[train] step=822 loss=0.269459 lr=9.835e-06
[train] step=823 loss=0.271870 lr=9.834e-06
[train] step=824 loss=0.199013 lr=9.834e-06
[train] step=825 loss=0.293198 lr=9.834e-06
[train] step=826 loss=0.248116 lr=9.833e-06
[train] step=827 loss=0.312085 lr=9.833e-06
[train] step=828 loss=0.267121 lr=9.832e-06
[train] step=829 loss=0.317310 lr=9.832e-06
[train] step=830 loss=0.330565 lr=9.832e-06
[train] step=831 loss=0.266652 lr=9.831e-06
[train] step=832 loss=0.222727 lr=9.831e-06
[train] step=833 loss=0.301868 lr=9.830e-06
[train] step=834 loss=0.234773 lr=9.830e-06
[train] step=835 loss=0.536426 lr=9.830e-06
[train] step=836 loss=0.215849 lr=9.829e-06
[train] step=837 loss=0.219603 lr=9.829e-06
[train] step=838 loss=0.322011 lr=9.828e-06
[train] step=839 loss=0.159562 lr=9.828e-06
[train] step=840 loss=0.327115 lr=9.827e-06
INFO     [rank 0] Model weights for step 840 saved in        dit_trainer.py:1085
         checkpoints/model_weights_step_00840.safetensors                       
INFO     [rank 0] Scalar embedding weights for step 840      dit_trainer.py:1092
         saved                                                                  
INFO     [rank 0] Training state saved:                      dit_trainer.py:1123
         checkpoints/model_weights_step_00840.state.pt                          
DEBUG    [rank 0] Removed old checkpoint:                    dit_trainer.py:1136
         /hppfs/scratch/0D/go76fuz2/windinet/outputs/shockwa                    
         ve_dit_anchor_kl1e7/checkpoints/model_weights_step_                    
         00240.safetensors                                                      
DEBUG    [rank 0] Removed old checkpoint:                    dit_trainer.py:1136
         /hppfs/scratch/0D/go76fuz2/windinet/outputs/shockwa                    
         ve_dit_anchor_kl1e7/checkpoints/model_weights_step_                    
         00240.state.pt                                                         
DEBUG    [rank 0] Removed old checkpoint:                    dit_trainer.py:1136
         /hppfs/scratch/0D/go76fuz2/windinet/outputs/shockwa                    
         ve_dit_anchor_kl1e7/checkpoints/scalar_embedding_st                    
         ep_00240.safetensors                                                   
[epoch 7] step=840 train_loss=0.254801
[train] step=841 loss=0.258339 lr=9.827e-06
[train] step=842 loss=0.259213 lr=9.827e-06
[train] step=843 loss=0.232553 lr=9.826e-06
[train] step=844 loss=0.471154 lr=9.826e-06
[train] step=845 loss=0.278049 lr=9.825e-06
[train] step=846 loss=0.314136 lr=9.825e-06
[train] step=847 loss=0.421325 lr=9.825e-06
[train] step=848 loss=0.150250 lr=9.824e-06
[train] step=849 loss=0.228929 lr=9.824e-06
[train] step=850 loss=0.211602 lr=9.823e-06
[train] step=851 loss=0.309908 lr=9.823e-06
[train] step=852 loss=0.242506 lr=9.823e-06
[train] step=853 loss=0.178372 lr=9.822e-06
[train] step=854 loss=0.160101 lr=9.822e-06
[train] step=855 loss=0.197945 lr=9.821e-06
[train] step=856 loss=0.176278 lr=9.821e-06
[train] step=857 loss=0.153514 lr=9.820e-06
[train] step=858 loss=0.244279 lr=9.820e-06
[train] step=859 loss=0.264544 lr=9.820e-06
[train] step=860 loss=0.177472 lr=9.819e-06
[train] step=861 loss=0.280871 lr=9.819e-06
[train] step=862 loss=0.178767 lr=9.818e-06
[train] step=863 loss=0.210141 lr=9.818e-06
[train] step=864 loss=0.232794 lr=9.818e-06
[train] step=865 loss=0.353048 lr=9.817e-06
[train] step=866 loss=0.359337 lr=9.817e-06
[train] step=867 loss=0.236344 lr=9.816e-06
[train] step=868 loss=0.339907 lr=9.816e-06
[train] step=869 loss=0.153422 lr=9.815e-06
[train] step=870 loss=0.163240 lr=9.815e-06
[train] step=871 loss=0.226093 lr=9.815e-06
[train] step=872 loss=0.228310 lr=9.814e-06
[train] step=873 loss=0.235302 lr=9.814e-06
[train] step=874 loss=0.432790 lr=9.813e-06
[train] step=875 loss=0.235379 lr=9.813e-06
[train] step=876 loss=0.187503 lr=9.812e-06
[train] step=877 loss=0.346223 lr=9.812e-06
[train] step=878 loss=0.333682 lr=9.812e-06
[train] step=879 loss=0.251994 lr=9.811e-06
[train] step=880 loss=0.216900 lr=9.811e-06
[train] step=881 loss=0.198738 lr=9.810e-06
[train] step=882 loss=0.359821 lr=9.810e-06
[train] step=883 loss=0.370330 lr=9.809e-06
[train] step=884 loss=0.246965 lr=9.809e-06
[train] step=885 loss=0.246894 lr=9.809e-06
[train] step=886 loss=0.244780 lr=9.808e-06
[train] step=887 loss=0.165695 lr=9.808e-06
[train] step=888 loss=0.186346 lr=9.807e-06
[train] step=889 loss=0.189599 lr=9.807e-06
[train] step=890 loss=0.312809 lr=9.806e-06
[train] step=891 loss=0.229033 lr=9.806e-06
[train] step=892 loss=0.249222 lr=9.806e-06
[train] step=893 loss=0.336703 lr=9.805e-06
[train] step=894 loss=0.184903 lr=9.805e-06
[train] step=895 loss=0.324902 lr=9.804e-06
[train] step=896 loss=0.304668 lr=9.804e-06
[train] step=897 loss=0.206021 lr=9.803e-06
[train] step=898 loss=0.235293 lr=9.803e-06
[train] step=899 loss=0.320079 lr=9.803e-06
[train] step=900 loss=0.202149 lr=9.802e-06
[train] step=901 loss=0.257750 lr=9.802e-06
[train] step=902 loss=0.298097 lr=9.801e-06
[train] step=903 loss=0.237241 lr=9.801e-06
[train] step=904 loss=0.311450 lr=9.800e-06
[train] step=905 loss=0.175210 lr=9.800e-06
[train] step=906 loss=0.173151 lr=9.799e-06
[train] step=907 loss=0.195256 lr=9.799e-06
[train] step=908 loss=0.247195 lr=9.799e-06
[train] step=909 loss=0.217243 lr=9.798e-06
[train] step=910 loss=0.203737 lr=9.798e-06
[train] step=911 loss=0.315528 lr=9.797e-06
[train] step=912 loss=0.144317 lr=9.797e-06
[train] step=913 loss=0.170256 lr=9.796e-06
[train] step=914 loss=0.200607 lr=9.796e-06
[train] step=915 loss=0.209142 lr=9.795e-06
[train] step=916 loss=0.386113 lr=9.795e-06
[train] step=917 loss=0.137355 lr=9.795e-06
[train] step=918 loss=0.247179 lr=9.794e-06
[train] step=919 loss=0.215076 lr=9.794e-06
[train] step=920 loss=0.169676 lr=9.793e-06
[train] step=921 loss=0.188107 lr=9.793e-06
[train] step=922 loss=0.116929 lr=9.792e-06
[train] step=923 loss=0.168547 lr=9.792e-06
[train] step=924 loss=0.245356 lr=9.791e-06
[train] step=925 loss=0.264492 lr=9.791e-06
[train] step=926 loss=0.270060 lr=9.791e-06
[train] step=927 loss=0.229000 lr=9.790e-06
[train] step=928 loss=0.286440 lr=9.790e-06
[train] step=929 loss=0.534426 lr=9.789e-06
[train] step=930 loss=0.245497 lr=9.789e-06
[train] step=931 loss=0.322473 lr=9.788e-06
[train] step=932 loss=0.254126 lr=9.788e-06
[train] step=933 loss=0.337437 lr=9.787e-06
[train] step=934 loss=0.223043 lr=9.787e-06
[train] step=935 loss=0.200393 lr=9.787e-06
[train] step=936 loss=0.261902 lr=9.786e-06
[train] step=937 loss=0.293263 lr=9.786e-06
[train] step=938 loss=0.301310 lr=9.785e-06
[train] step=939 loss=0.267865 lr=9.785e-06
[train] step=940 loss=0.234234 lr=9.784e-06
[train] step=941 loss=0.254060 lr=9.784e-06
[train] step=942 loss=0.236002 lr=9.783e-06
[train] step=943 loss=0.236710 lr=9.783e-06
[train] step=944 loss=0.256339 lr=9.782e-06
[train] step=945 loss=0.201751 lr=9.782e-06
[train] step=946 loss=0.343986 lr=9.781e-06
[train] step=947 loss=0.285560 lr=9.781e-06
[train] step=948 loss=0.270569 lr=9.781e-06
[train] step=949 loss=0.215268 lr=9.780e-06
[train] step=950 loss=0.268816 lr=9.780e-06
[train] step=951 loss=0.173826 lr=9.779e-06
[train] step=952 loss=0.190818 lr=9.779e-06
[train] step=953 loss=0.264423 lr=9.778e-06
[train] step=954 loss=0.155436 lr=9.778e-06
[train] step=955 loss=0.215789 lr=9.777e-06
[train] step=956 loss=0.316695 lr=9.777e-06
[train] step=957 loss=0.221987 lr=9.776e-06
[train] step=958 loss=0.216848 lr=9.776e-06
[train] step=959 loss=0.214637 lr=9.775e-06
[train] step=960 loss=0.310533 lr=9.775e-06
INFO     [rank 0] Model weights for step 960 saved in        dit_trainer.py:1085
         checkpoints/model_weights_step_00960.safetensors                       
INFO     [rank 0] Scalar embedding weights for step 960      dit_trainer.py:1092
         saved                                                                  
INFO     [rank 0] Training state saved:                      dit_trainer.py:1123
         checkpoints/model_weights_step_00960.state.pt                          
DEBUG    [rank 0] Removed old checkpoint:                    dit_trainer.py:1136
         /hppfs/scratch/0D/go76fuz2/windinet/outputs/shockwa                    
         ve_dit_anchor_kl1e7/checkpoints/model_weights_step_                    
         00360.safetensors                                                      
DEBUG    [rank 0] Removed old checkpoint:                    dit_trainer.py:1136
         /hppfs/scratch/0D/go76fuz2/windinet/outputs/shockwa                    
         ve_dit_anchor_kl1e7/checkpoints/model_weights_step_                    
         00360.state.pt                                                         
DEBUG    [rank 0] Removed old checkpoint:                    dit_trainer.py:1136
         /hppfs/scratch/0D/go76fuz2/windinet/outputs/shockwa                    
         ve_dit_anchor_kl1e7/checkpoints/scalar_embedding_st                    
         ep_00360.safetensors                                                   
[epoch 8] step=960 train_loss=0.248921
[train] step=961 loss=0.187801 lr=9.775e-06
[train] step=962 loss=0.157956 lr=9.774e-06
[train] step=963 loss=0.310504 lr=9.774e-06
[train] step=964 loss=0.191524 lr=9.773e-06
[train] step=965 loss=0.262518 lr=9.773e-06
[train] step=966 loss=0.217259 lr=9.772e-06
[train] step=967 loss=0.213428 lr=9.772e-06
[train] step=968 loss=0.267621 lr=9.771e-06
[train] step=969 loss=0.165207 lr=9.771e-06
[train] step=970 loss=0.240099 lr=9.770e-06
[train] step=971 loss=0.246774 lr=9.770e-06
[train] step=972 loss=0.178091 lr=9.769e-06
[train] step=973 loss=0.242251 lr=9.769e-06
[train] step=974 loss=0.293475 lr=9.768e-06
[train] step=975 loss=0.228383 lr=9.768e-06
[train] step=976 loss=0.234438 lr=9.768e-06
[train] step=977 loss=0.237427 lr=9.767e-06
[train] step=978 loss=0.229868 lr=9.767e-06
[train] step=979 loss=0.342969 lr=9.766e-06
[train] step=980 loss=0.189687 lr=9.766e-06
[train] step=981 loss=0.245759 lr=9.765e-06
[train] step=982 loss=0.246612 lr=9.765e-06
[train] step=983 loss=0.236454 lr=9.764e-06
[train] step=984 loss=0.142615 lr=9.764e-06
[train] step=985 loss=0.221200 lr=9.763e-06
[train] step=986 loss=0.186519 lr=9.763e-06
[train] step=987 loss=0.255886 lr=9.762e-06
[train] step=988 loss=0.167516 lr=9.762e-06
[train] step=989 loss=0.247525 lr=9.761e-06
[train] step=990 loss=0.147189 lr=9.761e-06
[train] step=991 loss=0.240115 lr=9.760e-06
[train] step=992 loss=0.230064 lr=9.760e-06
[train] step=993 loss=0.242919 lr=9.759e-06
[train] step=994 loss=0.247901 lr=9.759e-06
[train] step=995 loss=0.178004 lr=9.758e-06
[train] step=996 loss=0.319700 lr=9.758e-06
[train] step=997 loss=0.223186 lr=9.757e-06
[train] step=998 loss=0.242681 lr=9.757e-06
[train] step=999 loss=0.239375 lr=9.756e-06
[train] step=1000 loss=0.271723 lr=9.756e-06
[train] step=1001 loss=0.418513 lr=9.756e-06
[train] step=1002 loss=0.250791 lr=9.755e-06
[train] step=1003 loss=0.196317 lr=9.755e-06
[train] step=1004 loss=0.215663 lr=9.754e-06
[train] step=1005 loss=0.226638 lr=9.754e-06
[train] step=1006 loss=0.194896 lr=9.753e-06
[train] step=1007 loss=0.213458 lr=9.753e-06
[train] step=1008 loss=0.262619 lr=9.752e-06
[train] step=1009 loss=0.274152 lr=9.752e-06
[train] step=1010 loss=0.269207 lr=9.751e-06
[train] step=1011 loss=0.253586 lr=9.751e-06
[train] step=1012 loss=0.206976 lr=9.750e-06
[train] step=1013 loss=0.286699 lr=9.750e-06
[train] step=1014 loss=0.240632 lr=9.749e-06
[train] step=1015 loss=0.279441 lr=9.749e-06
[train] step=1016 loss=0.286908 lr=9.748e-06
[train] step=1017 loss=0.229013 lr=9.748e-06
[train] step=1018 loss=0.182033 lr=9.747e-06
[train] step=1019 loss=0.241768 lr=9.747e-06
[train] step=1020 loss=0.230484 lr=9.746e-06
[train] step=1021 loss=0.125024 lr=9.746e-06
[train] step=1022 loss=0.222307 lr=9.745e-06
[train] step=1023 loss=0.270772 lr=9.745e-06
[train] step=1024 loss=0.189659 lr=9.744e-06
[train] step=1025 loss=0.269983 lr=9.744e-06
[train] step=1026 loss=0.238119 lr=9.743e-06
[train] step=1027 loss=0.396624 lr=9.743e-06
[train] step=1028 loss=0.239111 lr=9.742e-06
[train] step=1029 loss=0.293742 lr=9.742e-06
[train] step=1030 loss=0.176831 lr=9.741e-06
[train] step=1031 loss=0.210831 lr=9.741e-06
[train] step=1032 loss=0.168371 lr=9.740e-06
[train] step=1033 loss=0.399860 lr=9.740e-06
[train] step=1034 loss=0.282171 lr=9.739e-06
[train] step=1035 loss=0.235757 lr=9.739e-06
[train] step=1036 loss=0.249474 lr=9.738e-06
[train] step=1037 loss=0.353935 lr=9.738e-06
[train] step=1038 loss=0.209985 lr=9.737e-06
[train] step=1039 loss=0.380676 lr=9.737e-06
[train] step=1040 loss=0.314497 lr=9.736e-06
[train] step=1041 loss=0.289353 lr=9.736e-06
[train] step=1042 loss=0.215835 lr=9.735e-06
[train] step=1043 loss=0.269758 lr=9.735e-06
[train] step=1044 loss=0.213093 lr=9.734e-06
[train] step=1045 loss=0.282111 lr=9.734e-06
[train] step=1046 loss=0.258709 lr=9.733e-06
[train] step=1047 loss=0.234119 lr=9.733e-06
[train] step=1048 loss=0.234664 lr=9.732e-06
[train] step=1049 loss=0.120370 lr=9.732e-06
[train] step=1050 loss=0.186682 lr=9.731e-06
[train] step=1051 loss=0.179002 lr=9.731e-06
[train] step=1052 loss=0.254240 lr=9.730e-06
[train] step=1053 loss=0.222471 lr=9.730e-06
[train] step=1054 loss=0.249480 lr=9.729e-06
[train] step=1055 loss=0.176424 lr=9.729e-06
[train] step=1056 loss=0.248476 lr=9.728e-06
[train] step=1057 loss=0.255264 lr=9.728e-06
[train] step=1058 loss=0.281764 lr=9.727e-06
[train] step=1059 loss=0.294896 lr=9.727e-06
[train] step=1060 loss=0.262669 lr=9.726e-06
[train] step=1061 loss=0.216906 lr=9.726e-06
[train] step=1062 loss=0.249940 lr=9.725e-06
[train] step=1063 loss=0.346553 lr=9.725e-06
[train] step=1064 loss=0.115717 lr=9.724e-06
[train] step=1065 loss=0.235129 lr=9.724e-06
[train] step=1066 loss=0.300090 lr=9.723e-06
[train] step=1067 loss=0.192419 lr=9.723e-06
[train] step=1068 loss=0.135815 lr=9.722e-06
[train] step=1069 loss=0.334448 lr=9.721e-06
[train] step=1070 loss=0.175767 lr=9.721e-06
[train] step=1071 loss=0.231506 lr=9.720e-06
[train] step=1072 loss=0.197855 lr=9.720e-06
[train] step=1073 loss=0.153534 lr=9.719e-06
[train] step=1074 loss=0.335679 lr=9.719e-06
[train] step=1075 loss=0.220129 lr=9.718e-06
[train] step=1076 loss=0.177454 lr=9.718e-06
[train] step=1077 loss=0.234637 lr=9.717e-06
[train] step=1078 loss=0.261133 lr=9.717e-06
[train] step=1079 loss=0.233644 lr=9.716e-06
[train] step=1080 loss=0.482648 lr=9.716e-06
INFO     [rank 0] Model weights for step 1080 saved in       dit_trainer.py:1085
         checkpoints/model_weights_step_01080.safetensors                       
INFO     [rank 0] Scalar embedding weights for step 1080     dit_trainer.py:1092
         saved                                                                  
INFO     [rank 0] Training state saved:                      dit_trainer.py:1123
         checkpoints/model_weights_step_01080.state.pt                          
DEBUG    [rank 0] Removed old checkpoint:                    dit_trainer.py:1136
         /hppfs/scratch/0D/go76fuz2/windinet/outputs/shockwa                    
         ve_dit_anchor_kl1e7/checkpoints/model_weights_step_                    
         00480.safetensors                                                      
DEBUG    [rank 0] Removed old checkpoint:                    dit_trainer.py:1136
         /hppfs/scratch/0D/go76fuz2/windinet/outputs/shockwa                    
         ve_dit_anchor_kl1e7/checkpoints/model_weights_step_                    
         00480.state.pt                                                         
DEBUG    [rank 0] Removed old checkpoint:                    dit_trainer.py:1136
         /hppfs/scratch/0D/go76fuz2/windinet/outputs/shockwa                    
         ve_dit_anchor_kl1e7/checkpoints/scalar_embedding_st                    
         ep_00480.safetensors                                                   
[epoch 9] step=1080 train_loss=0.239550
[train] step=1081 loss=0.250460 lr=9.715e-06
[train] step=1082 loss=0.278106 lr=9.715e-06
[train] step=1083 loss=0.216415 lr=9.714e-06
[train] step=1084 loss=0.187050 lr=9.714e-06
[train] step=1085 loss=0.295267 lr=9.713e-06
[train] step=1086 loss=0.122394 lr=9.713e-06
[train] step=1087 loss=0.393516 lr=9.712e-06
[train] step=1088 loss=0.209004 lr=9.712e-06
[train] step=1089 loss=0.219940 lr=9.711e-06
[train] step=1090 loss=0.272532 lr=9.711e-06
[train] step=1091 loss=0.282861 lr=9.710e-06
[train] step=1092 loss=0.183659 lr=9.709e-06
[train] step=1093 loss=0.307707 lr=9.709e-06
[train] step=1094 loss=0.159378 lr=9.708e-06
[train] step=1095 loss=0.396178 lr=9.708e-06
[train] step=1096 loss=0.221251 lr=9.707e-06
[train] step=1097 loss=0.169734 lr=9.707e-06
[train] step=1098 loss=0.152118 lr=9.706e-06
[train] step=1099 loss=0.400204 lr=9.706e-06
[train] step=1100 loss=0.393241 lr=9.705e-06
[train] step=1101 loss=0.252322 lr=9.705e-06
[train] step=1102 loss=0.245076 lr=9.704e-06
[train] step=1103 loss=0.366333 lr=9.704e-06
[train] step=1104 loss=0.171716 lr=9.703e-06
[train] step=1105 loss=0.302161 lr=9.703e-06
[train] step=1106 loss=0.273972 lr=9.702e-06
[train] step=1107 loss=0.226757 lr=9.702e-06
[train] step=1108 loss=0.272923 lr=9.701e-06
[train] step=1109 loss=0.233574 lr=9.700e-06
[train] step=1110 loss=0.367631 lr=9.700e-06
[train] step=1111 loss=0.222811 lr=9.699e-06
[train] step=1112 loss=0.170556 lr=9.699e-06
[train] step=1113 loss=0.130751 lr=9.698e-06
[train] step=1114 loss=0.197325 lr=9.698e-06
[train] step=1115 loss=0.284170 lr=9.697e-06
[train] step=1116 loss=0.251107 lr=9.697e-06
[train] step=1117 loss=0.129330 lr=9.696e-06
[train] step=1118 loss=0.165980 lr=9.696e-06
[train] step=1119 loss=0.225218 lr=9.695e-06
[train] step=1120 loss=0.258248 lr=9.695e-06
[train] step=1121 loss=0.497190 lr=9.694e-06
[train] step=1122 loss=0.320154 lr=9.693e-06
[train] step=1123 loss=0.205560 lr=9.693e-06
[train] step=1124 loss=0.297259 lr=9.692e-06
[train] step=1125 loss=0.256106 lr=9.692e-06
[train] step=1126 loss=0.234882 lr=9.691e-06
[train] step=1127 loss=0.250523 lr=9.691e-06
[train] step=1128 loss=0.243268 lr=9.690e-06
[train] step=1129 loss=0.282539 lr=9.690e-06
[train] step=1130 loss=0.274798 lr=9.689e-06
[train] step=1131 loss=0.208706 lr=9.689e-06
[train] step=1132 loss=0.238151 lr=9.688e-06
[train] step=1133 loss=0.298789 lr=9.687e-06
[train] step=1134 loss=0.174929 lr=9.687e-06
[train] step=1135 loss=0.208996 lr=9.686e-06
[train] step=1136 loss=0.167006 lr=9.686e-06
[train] step=1137 loss=0.327837 lr=9.685e-06
[train] step=1138 loss=0.203448 lr=9.685e-06
[train] step=1139 loss=0.246308 lr=9.684e-06
[train] step=1140 loss=0.102783 lr=9.684e-06
[train] step=1141 loss=0.211851 lr=9.683e-06
[train] step=1142 loss=0.289069 lr=9.683e-06
[train] step=1143 loss=0.155646 lr=9.682e-06
[train] step=1144 loss=0.431055 lr=9.681e-06
[train] step=1145 loss=0.235069 lr=9.681e-06
[train] step=1146 loss=0.220100 lr=9.680e-06
[train] step=1147 loss=0.159400 lr=9.680e-06
[train] step=1148 loss=0.154926 lr=9.679e-06
[train] step=1149 loss=0.143561 lr=9.679e-06
[train] step=1150 loss=0.262651 lr=9.678e-06
[train] step=1151 loss=0.143169 lr=9.678e-06
[train] step=1152 loss=0.185331 lr=9.677e-06
[train] step=1153 loss=0.265300 lr=9.676e-06
[train] step=1154 loss=0.321019 lr=9.676e-06
[train] step=1155 loss=0.255747 lr=9.675e-06
[train] step=1156 loss=0.139391 lr=9.675e-06
[train] step=1157 loss=0.339958 lr=9.674e-06
[train] step=1158 loss=0.201262 lr=9.674e-06
[train] step=1159 loss=0.216390 lr=9.673e-06
[train] step=1160 loss=0.249620 lr=9.673e-06
[train] step=1161 loss=0.323144 lr=9.672e-06
[train] step=1162 loss=0.238848 lr=9.671e-06
[train] step=1163 loss=0.263769 lr=9.671e-06
[train] step=1164 loss=0.258518 lr=9.670e-06
[train] step=1165 loss=0.176401 lr=9.670e-06
[train] step=1166 loss=0.190181 lr=9.669e-06
[train] step=1167 loss=0.290253 lr=9.669e-06
[train] step=1168 loss=0.240531 lr=9.668e-06
[train] step=1169 loss=0.287148 lr=9.667e-06
[train] step=1170 loss=0.169189 lr=9.667e-06
[train] step=1171 loss=0.280890 lr=9.666e-06
[train] step=1172 loss=0.253493 lr=9.666e-06
[train] step=1173 loss=0.325922 lr=9.665e-06
[train] step=1174 loss=0.227077 lr=9.665e-06
[train] step=1175 loss=0.267837 lr=9.664e-06
[train] step=1176 loss=0.312870 lr=9.664e-06
[train] step=1177 loss=0.214492 lr=9.663e-06
[train] step=1178 loss=0.215894 lr=9.662e-06
[train] step=1179 loss=0.499974 lr=9.662e-06
[train] step=1180 loss=0.218795 lr=9.661e-06
[train] step=1181 loss=0.262309 lr=9.661e-06
[train] step=1182 loss=0.279270 lr=9.660e-06
[train] step=1183 loss=0.122564 lr=9.660e-06
[train] step=1184 loss=0.278981 lr=9.659e-06
[train] step=1185 loss=0.446823 lr=9.658e-06
[train] step=1186 loss=0.184651 lr=9.658e-06
[train] step=1187 loss=0.204510 lr=9.657e-06
[train] step=1188 loss=0.263884 lr=9.657e-06
[train] step=1189 loss=0.193778 lr=9.656e-06
[train] step=1190 loss=0.239161 lr=9.656e-06
[train] step=1191 loss=0.238798 lr=9.655e-06
[train] step=1192 loss=0.140228 lr=9.654e-06
[train] step=1193 loss=0.346722 lr=9.654e-06
[train] step=1194 loss=0.399222 lr=9.653e-06
[train] step=1195 loss=0.134782 lr=9.653e-06
[train] step=1196 loss=0.257165 lr=9.652e-06
[train] step=1197 loss=0.140017 lr=9.652e-06
[train] step=1198 loss=0.211691 lr=9.651e-06
[train] step=1199 loss=0.213619 lr=9.650e-06
[train] step=1200 loss=0.250630 lr=9.650e-06
[val] step=1200 val_loss=0.243879
INFO     [rank 0] Model weights for step 1200 saved in       dit_trainer.py:1085
         checkpoints/model_weights_step_01200.safetensors                       
INFO     [rank 0] Scalar embedding weights for step 1200     dit_trainer.py:1092
         saved                                                                  
INFO     [rank 0] Training state saved:                      dit_trainer.py:1123
         checkpoints/model_weights_step_01200.state.pt                          
DEBUG    [rank 0] Removed old checkpoint:                    dit_trainer.py:1136
         /hppfs/scratch/0D/go76fuz2/windinet/outputs/shockwa                    
         ve_dit_anchor_kl1e7/checkpoints/model_weights_step_                    
         00600.safetensors                                                      
DEBUG    [rank 0] Removed old checkpoint:                    dit_trainer.py:1136
         /hppfs/scratch/0D/go76fuz2/windinet/outputs/shockwa                    
         ve_dit_anchor_kl1e7/checkpoints/model_weights_step_                    
         00600.state.pt                                                         
DEBUG    [rank 0] Removed old checkpoint:                    dit_trainer.py:1136
         /hppfs/scratch/0D/go76fuz2/windinet/outputs/shockwa                    
         ve_dit_anchor_kl1e7/checkpoints/scalar_embedding_st                    
         ep_00600.safetensors                                                   
[epoch 10] step=1200 train_loss=0.248123 val_loss=0.243879
[train] step=1201 loss=0.245927 lr=9.649e-06
[train] step=1202 loss=0.237602 lr=9.649e-06
[train] step=1203 loss=0.218757 lr=9.648e-06
[train] step=1204 loss=0.223720 lr=9.647e-06
[train] step=1205 loss=0.203537 lr=9.647e-06
[train] step=1206 loss=0.310612 lr=9.646e-06
[train] step=1207 loss=0.186334 lr=9.646e-06
[train] step=1208 loss=0.269681 lr=9.645e-06
[train] step=1209 loss=0.227079 lr=9.645e-06
[train] step=1210 loss=0.159680 lr=9.644e-06
[train] step=1211 loss=0.189636 lr=9.643e-06
[train] step=1212 loss=0.224594 lr=9.643e-06
[train] step=1213 loss=0.390734 lr=9.642e-06
[train] step=1214 loss=0.263555 lr=9.642e-06
[train] step=1215 loss=0.199041 lr=9.641e-06
[train] step=1216 loss=0.276885 lr=9.641e-06
[train] step=1217 loss=0.137715 lr=9.640e-06
[train] step=1218 loss=0.334458 lr=9.639e-06
[train] step=1219 loss=0.246721 lr=9.639e-06
[train] step=1220 loss=0.404560 lr=9.638e-06
[train] step=1221 loss=0.205454 lr=9.638e-06
[train] step=1222 loss=0.219481 lr=9.637e-06
[train] step=1223 loss=0.284861 lr=9.636e-06
[train] step=1224 loss=0.220134 lr=9.636e-06
[train] step=1225 loss=0.251226 lr=9.635e-06
[train] step=1226 loss=0.287171 lr=9.635e-06
[train] step=1227 loss=0.171627 lr=9.634e-06
[train] step=1228 loss=0.195759 lr=9.633e-06
[train] step=1229 loss=0.296539 lr=9.633e-06
[train] step=1230 loss=0.232888 lr=9.632e-06
[train] step=1231 loss=0.226623 lr=9.632e-06
[train] step=1232 loss=0.254410 lr=9.631e-06
[train] step=1233 loss=0.225311 lr=9.631e-06
[train] step=1234 loss=0.142150 lr=9.630e-06
[train] step=1235 loss=0.256035 lr=9.629e-06
[train] step=1236 loss=0.288721 lr=9.629e-06
[train] step=1237 loss=0.312572 lr=9.628e-06
[train] step=1238 loss=0.169886 lr=9.628e-06
[train] step=1239 loss=0.249838 lr=9.627e-06
[train] step=1240 loss=0.298472 lr=9.626e-06
[train] step=1241 loss=0.320675 lr=9.626e-06
[train] step=1242 loss=0.377712 lr=9.625e-06
[train] step=1243 loss=0.206991 lr=9.625e-06
[train] step=1244 loss=0.332486 lr=9.624e-06
[train] step=1245 loss=0.175062 lr=9.623e-06
[train] step=1246 loss=0.182807 lr=9.623e-06
[train] step=1247 loss=0.148731 lr=9.622e-06
[train] step=1248 loss=0.183143 lr=9.622e-06
[train] step=1249 loss=0.253229 lr=9.621e-06
[train] step=1250 loss=0.354469 lr=9.620e-06
[train] step=1251 loss=0.160495 lr=9.620e-06
[train] step=1252 loss=0.265555 lr=9.619e-06
[train] step=1253 loss=0.292130 lr=9.619e-06
[train] step=1254 loss=0.330020 lr=9.618e-06
[train] step=1255 loss=0.246929 lr=9.617e-06
[train] step=1256 loss=0.232306 lr=9.617e-06
[train] step=1257 loss=0.251335 lr=9.616e-06
[train] step=1258 loss=0.143713 lr=9.616e-06
[train] step=1259 loss=0.187152 lr=9.615e-06
[train] step=1260 loss=0.230850 lr=9.614e-06
[train] step=1261 loss=0.334225 lr=9.614e-06
[train] step=1262 loss=0.170890 lr=9.613e-06
[train] step=1263 loss=0.194281 lr=9.613e-06
[train] step=1264 loss=0.150447 lr=9.612e-06
[train] step=1265 loss=0.202328 lr=9.611e-06
[train] step=1266 loss=0.262516 lr=9.611e-06
[train] step=1267 loss=0.279422 lr=9.610e-06
[train] step=1268 loss=0.187251 lr=9.610e-06
[train] step=1269 loss=0.324788 lr=9.609e-06
[train] step=1270 loss=0.226538 lr=9.608e-06
[train] step=1271 loss=0.190257 lr=9.608e-06
[train] step=1272 loss=0.237456 lr=9.607e-06
[train] step=1273 loss=0.349273 lr=9.606e-06
[train] step=1274 loss=0.165803 lr=9.606e-06
[train] step=1275 loss=0.253125 lr=9.605e-06
[train] step=1276 loss=0.233074 lr=9.605e-06
[train] step=1277 loss=0.222872 lr=9.604e-06
[train] step=1278 loss=0.223979 lr=9.603e-06
[train] step=1279 loss=0.116999 lr=9.603e-06
[train] step=1280 loss=0.367990 lr=9.602e-06
[train] step=1281 loss=0.239518 lr=9.602e-06
[train] step=1282 loss=0.235396 lr=9.601e-06
[train] step=1283 loss=0.285007 lr=9.600e-06
[train] step=1284 loss=0.390904 lr=9.600e-06
[train] step=1285 loss=0.234326 lr=9.599e-06
[train] step=1286 loss=0.271157 lr=9.598e-06
[train] step=1287 loss=0.330632 lr=9.598e-06
[train] step=1288 loss=0.235834 lr=9.597e-06
[train] step=1289 loss=0.150430 lr=9.597e-06
[train] step=1290 loss=0.137253 lr=9.596e-06
[train] step=1291 loss=0.249830 lr=9.595e-06
[train] step=1292 loss=0.463649 lr=9.595e-06
[train] step=1293 loss=0.225463 lr=9.594e-06
[train] step=1294 loss=0.270104 lr=9.594e-06
[train] step=1295 loss=0.264930 lr=9.593e-06
[train] step=1296 loss=0.196894 lr=9.592e-06
[train] step=1297 loss=0.158331 lr=9.592e-06
[train] step=1298 loss=0.213646 lr=9.591e-06
[train] step=1299 loss=0.153100 lr=9.590e-06
[train] step=1300 loss=0.271591 lr=9.590e-06
[train] step=1301 loss=0.198476 lr=9.589e-06
[train] step=1302 loss=0.281498 lr=9.589e-06
[train] step=1303 loss=0.329205 lr=9.588e-06
[train] step=1304 loss=0.154026 lr=9.587e-06
[train] step=1305 loss=0.177472 lr=9.587e-06
[train] step=1306 loss=0.219478 lr=9.586e-06
[train] step=1307 loss=0.334379 lr=9.585e-06
[train] step=1308 loss=0.263464 lr=9.585e-06
[train] step=1309 loss=0.132185 lr=9.584e-06
[train] step=1310 loss=0.145018 lr=9.584e-06
[train] step=1311 loss=0.184353 lr=9.583e-06
[train] step=1312 loss=0.262693 lr=9.582e-06
[train] step=1313 loss=0.188704 lr=9.582e-06
[train] step=1314 loss=0.214079 lr=9.581e-06
[train] step=1315 loss=0.220763 lr=9.580e-06
[train] step=1316 loss=0.300925 lr=9.580e-06
[train] step=1317 loss=0.120703 lr=9.579e-06
[train] step=1318 loss=0.169279 lr=9.579e-06
[train] step=1319 loss=0.217668 lr=9.578e-06
[train] step=1320 loss=0.374781 lr=9.577e-06
INFO     [rank 0] Model weights for step 1320 saved in       dit_trainer.py:1085
         checkpoints/model_weights_step_01320.safetensors                       
INFO     [rank 0] Scalar embedding weights for step 1320     dit_trainer.py:1092
         saved                                                                  
INFO     [rank 0] Training state saved:                      dit_trainer.py:1123
         checkpoints/model_weights_step_01320.state.pt                          
DEBUG    [rank 0] Removed old checkpoint:                    dit_trainer.py:1136
         /hppfs/scratch/0D/go76fuz2/windinet/outputs/shockwa                    
         ve_dit_anchor_kl1e7/checkpoints/model_weights_step_                    
         00720.safetensors                                                      
DEBUG    [rank 0] Removed old checkpoint:                    dit_trainer.py:1136
         /hppfs/scratch/0D/go76fuz2/windinet/outputs/shockwa                    
         ve_dit_anchor_kl1e7/checkpoints/model_weights_step_                    
         00720.state.pt                                                         
DEBUG    [rank 0] Removed old checkpoint:                    dit_trainer.py:1136
         /hppfs/scratch/0D/go76fuz2/windinet/outputs/shockwa                    
         ve_dit_anchor_kl1e7/checkpoints/scalar_embedding_st                    
         ep_00720.safetensors                                                   
[epoch 11] step=1320 train_loss=0.238769
[train] step=1321 loss=0.251348 lr=9.577e-06
[train] step=1322 loss=0.222029 lr=9.576e-06
[train] step=1323 loss=0.264150 lr=9.575e-06
[train] step=1324 loss=0.183085 lr=9.575e-06
[train] step=1325 loss=0.178086 lr=9.574e-06
[train] step=1326 loss=0.267236 lr=9.573e-06
[train] step=1327 loss=0.256171 lr=9.573e-06
[train] step=1328 loss=0.319804 lr=9.572e-06
[train] step=1329 loss=0.137173 lr=9.572e-06
[train] step=1330 loss=0.221829 lr=9.571e-06
[train] step=1331 loss=0.237479 lr=9.570e-06
[train] step=1332 loss=0.240659 lr=9.570e-06
[train] step=1333 loss=0.243831 lr=9.569e-06
[train] step=1334 loss=0.265295 lr=9.568e-06
[train] step=1335 loss=0.197378 lr=9.568e-06
[train] step=1336 loss=0.304846 lr=9.567e-06
[train] step=1337 loss=0.229456 lr=9.566e-06
[train] step=1338 loss=0.178026 lr=9.566e-06
[train] step=1339 loss=0.222378 lr=9.565e-06
[train] step=1340 loss=0.428244 lr=9.565e-06
[train] step=1341 loss=0.296511 lr=9.564e-06
[train] step=1342 loss=0.292707 lr=9.563e-06
[train] step=1343 loss=0.199391 lr=9.563e-06
[train] step=1344 loss=0.151747 lr=9.562e-06
[train] step=1345 loss=0.253625 lr=9.561e-06
[train] step=1346 loss=0.282742 lr=9.561e-06
[train] step=1347 loss=0.237927 lr=9.560e-06
[train] step=1348 loss=0.258264 lr=9.559e-06
[train] step=1349 loss=0.264417 lr=9.559e-06
[train] step=1350 loss=0.217369 lr=9.558e-06
[train] step=1351 loss=0.291692 lr=9.557e-06
[train] step=1352 loss=0.340109 lr=9.557e-06
[train] step=1353 loss=0.188324 lr=9.556e-06
[train] step=1354 loss=0.174380 lr=9.556e-06
[train] step=1355 loss=0.207439 lr=9.555e-06
[train] step=1356 loss=0.267483 lr=9.554e-06
[train] step=1357 loss=0.152781 lr=9.554e-06
[train] step=1358 loss=0.170869 lr=9.553e-06
[train] step=1359 loss=0.268287 lr=9.552e-06
[train] step=1360 loss=0.203190 lr=9.552e-06
[train] step=1361 loss=0.190880 lr=9.551e-06
[train] step=1362 loss=0.242312 lr=9.550e-06
[train] step=1363 loss=0.197162 lr=9.550e-06
[train] step=1364 loss=0.177573 lr=9.549e-06
[train] step=1365 loss=0.222184 lr=9.548e-06
[train] step=1366 loss=0.395851 lr=9.548e-06
[train] step=1367 loss=0.277603 lr=9.547e-06
[train] step=1368 loss=0.154119 lr=9.546e-06
[train] step=1369 loss=0.366317 lr=9.546e-06
[train] step=1370 loss=0.213579 lr=9.545e-06
[train] step=1371 loss=0.333547 lr=9.544e-06
[train] step=1372 loss=0.294528 lr=9.544e-06
[train] step=1373 loss=0.188145 lr=9.543e-06
[train] step=1374 loss=0.237800 lr=9.542e-06
[train] step=1375 loss=0.222894 lr=9.542e-06
[train] step=1376 loss=0.202762 lr=9.541e-06
[train] step=1377 loss=0.171439 lr=9.541e-06
[train] step=1378 loss=0.298977 lr=9.540e-06
[train] step=1379 loss=0.166908 lr=9.539e-06
[train] step=1380 loss=0.286486 lr=9.539e-06
[train] step=1381 loss=0.160689 lr=9.538e-06
[train] step=1382 loss=0.223834 lr=9.537e-06
[train] step=1383 loss=0.356187 lr=9.537e-06
[train] step=1384 loss=0.482739 lr=9.536e-06
[train] step=1385 loss=0.193951 lr=9.535e-06
[train] step=1386 loss=0.315816 lr=9.535e-06
[train] step=1387 loss=0.294303 lr=9.534e-06
[train] step=1388 loss=0.236680 lr=9.533e-06
[train] step=1389 loss=0.163188 lr=9.533e-06
[train] step=1390 loss=0.160007 lr=9.532e-06
[train] step=1391 loss=0.245653 lr=9.531e-06
[train] step=1392 loss=0.257887 lr=9.531e-06
[train] step=1393 loss=0.279434 lr=9.530e-06
[train] step=1394 loss=0.314893 lr=9.529e-06
[train] step=1395 loss=0.117431 lr=9.529e-06
[train] step=1396 loss=0.455269 lr=9.528e-06
[train] step=1397 loss=0.236628 lr=9.527e-06
[train] step=1398 loss=0.248627 lr=9.527e-06
[train] step=1399 loss=0.174415 lr=9.526e-06
[train] step=1400 loss=0.304419 lr=9.525e-06
[train] step=1401 loss=0.335012 lr=9.525e-06
[train] step=1402 loss=0.186114 lr=9.524e-06
[train] step=1403 loss=0.181231 lr=9.523e-06
[train] step=1404 loss=0.392050 lr=9.523e-06
[train] step=1405 loss=0.198840 lr=9.522e-06
[train] step=1406 loss=0.188721 lr=9.521e-06
[train] step=1407 loss=0.300361 lr=9.521e-06
[train] step=1408 loss=0.254226 lr=9.520e-06
[train] step=1409 loss=0.199689 lr=9.519e-06
[train] step=1410 loss=0.177193 lr=9.519e-06
[train] step=1411 loss=0.215704 lr=9.518e-06
[train] step=1412 loss=0.235591 lr=9.517e-06
[train] step=1413 loss=0.243404 lr=9.517e-06
[train] step=1414 loss=0.309648 lr=9.516e-06
[train] step=1415 loss=0.104788 lr=9.515e-06
[train] step=1416 loss=0.292960 lr=9.515e-06
[train] step=1417 loss=0.144544 lr=9.514e-06
[train] step=1418 loss=0.218470 lr=9.513e-06
[train] step=1419 loss=0.403345 lr=9.513e-06
[train] step=1420 loss=0.245386 lr=9.512e-06
[train] step=1421 loss=0.236258 lr=9.511e-06
[train] step=1422 loss=0.239309 lr=9.510e-06
[train] step=1423 loss=0.160083 lr=9.510e-06
[train] step=1424 loss=0.160511 lr=9.509e-06
[train] step=1425 loss=0.249165 lr=9.508e-06
[train] step=1426 loss=0.216038 lr=9.508e-06
[train] step=1427 loss=0.196549 lr=9.507e-06
[train] step=1428 loss=0.281520 lr=9.506e-06
[train] step=1429 loss=0.227766 lr=9.506e-06
[train] step=1430 loss=0.206635 lr=9.505e-06
[train] step=1431 loss=0.247760 lr=9.504e-06
[train] step=1432 loss=0.215015 lr=9.504e-06
[train] step=1433 loss=0.239854 lr=9.503e-06
[train] step=1434 loss=0.143924 lr=9.502e-06
[train] step=1435 loss=0.296246 lr=9.502e-06
[train] step=1436 loss=0.178826 lr=9.501e-06
[train] step=1437 loss=0.215960 lr=9.500e-06
[train] step=1438 loss=0.348495 lr=9.500e-06
[train] step=1439 loss=0.254648 lr=9.499e-06
[train] step=1440 loss=0.231620 lr=9.498e-06
INFO     [rank 0] Model weights for step 1440 saved in       dit_trainer.py:1085
         checkpoints/model_weights_step_01440.safetensors                       
INFO     [rank 0] Scalar embedding weights for step 1440     dit_trainer.py:1092
         saved                                                                  
INFO     [rank 0] Training state saved:                      dit_trainer.py:1123
         checkpoints/model_weights_step_01440.state.pt                          
DEBUG    [rank 0] Removed old checkpoint:                    dit_trainer.py:1136
         /hppfs/scratch/0D/go76fuz2/windinet/outputs/shockwa                    
         ve_dit_anchor_kl1e7/checkpoints/model_weights_step_                    
         00840.safetensors                                                      
DEBUG    [rank 0] Removed old checkpoint:                    dit_trainer.py:1136
         /hppfs/scratch/0D/go76fuz2/windinet/outputs/shockwa                    
         ve_dit_anchor_kl1e7/checkpoints/model_weights_step_                    
         00840.state.pt                                                         
DEBUG    [rank 0] Removed old checkpoint:                    dit_trainer.py:1136
         /hppfs/scratch/0D/go76fuz2/windinet/outputs/shockwa                    
         ve_dit_anchor_kl1e7/checkpoints/scalar_embedding_st                    
         ep_00840.safetensors                                                   
[epoch 12] step=1440 train_loss=0.242896
[train] step=1441 loss=0.263622 lr=9.498e-06
[train] step=1442 loss=0.253614 lr=9.497e-06
[train] step=1443 loss=0.208850 lr=9.496e-06
[train] step=1444 loss=0.323530 lr=9.495e-06
[train] step=1445 loss=0.255115 lr=9.495e-06
[train] step=1446 loss=0.264756 lr=9.494e-06
[train] step=1447 loss=0.185957 lr=9.493e-06
[train] step=1448 loss=0.106881 lr=9.493e-06
[train] step=1449 loss=0.260644 lr=9.492e-06
[train] step=1450 loss=0.269467 lr=9.491e-06
[train] step=1451 loss=0.212540 lr=9.491e-06
[train] step=1452 loss=0.283798 lr=9.490e-06
[train] step=1453 loss=0.192113 lr=9.489e-06
[train] step=1454 loss=0.214940 lr=9.489e-06
[train] step=1455 loss=0.292664 lr=9.488e-06
[train] step=1456 loss=0.270618 lr=9.487e-06
[train] step=1457 loss=0.226801 lr=9.486e-06
[train] step=1458 loss=0.229996 lr=9.486e-06
[train] step=1459 loss=0.250280 lr=9.485e-06
[train] step=1460 loss=0.282449 lr=9.484e-06
[train] step=1461 loss=0.208677 lr=9.484e-06
[train] step=1462 loss=0.250229 lr=9.483e-06
[train] step=1463 loss=0.242626 lr=9.482e-06
[train] step=1464 loss=0.183024 lr=9.482e-06
[train] step=1465 loss=0.256276 lr=9.481e-06
[train] step=1466 loss=0.413203 lr=9.480e-06
[train] step=1467 loss=0.195835 lr=9.480e-06
[train] step=1468 loss=0.176873 lr=9.479e-06
[train] step=1469 loss=0.154770 lr=9.478e-06
[train] step=1470 loss=0.361981 lr=9.477e-06
[train] step=1471 loss=0.254591 lr=9.477e-06
[train] step=1472 loss=0.124194 lr=9.476e-06
[train] step=1473 loss=0.209191 lr=9.475e-06
[train] step=1474 loss=0.234585 lr=9.475e-06
[train] step=1475 loss=0.288749 lr=9.474e-06
[train] step=1476 loss=0.251769 lr=9.473e-06
[train] step=1477 loss=0.314763 lr=9.473e-06
[train] step=1478 loss=0.238125 lr=9.472e-06
[train] step=1479 loss=0.145963 lr=9.471e-06
[train] step=1480 loss=0.270100 lr=9.470e-06
[train] step=1481 loss=0.240895 lr=9.470e-06
[train] step=1482 loss=0.221515 lr=9.469e-06
[train] step=1483 loss=0.214910 lr=9.468e-06
[train] step=1484 loss=0.269340 lr=9.468e-06
[train] step=1485 loss=0.227503 lr=9.467e-06
[train] step=1486 loss=0.202214 lr=9.466e-06
[train] step=1487 loss=0.246229 lr=9.466e-06
[train] step=1488 loss=0.312789 lr=9.465e-06
[train] step=1489 loss=0.257841 lr=9.464e-06
[train] step=1490 loss=0.165448 lr=9.463e-06
[train] step=1491 loss=0.229925 lr=9.463e-06
[train] step=1492 loss=0.376693 lr=9.462e-06
[train] step=1493 loss=0.294971 lr=9.461e-06
[train] step=1494 loss=0.210343 lr=9.461e-06
[train] step=1495 loss=0.158857 lr=9.460e-06
[train] step=1496 loss=0.159956 lr=9.459e-06
[train] step=1497 loss=0.188624 lr=9.458e-06
[train] step=1498 loss=0.253471 lr=9.458e-06
[train] step=1499 loss=0.217284 lr=9.457e-06
[train] step=1500 loss=0.145709 lr=9.456e-06
[train] step=1501 loss=0.184944 lr=9.456e-06
[train] step=1502 loss=0.217361 lr=9.455e-06
[train] step=1503 loss=0.540222 lr=9.454e-06
[train] step=1504 loss=0.324715 lr=9.453e-06
[train] step=1505 loss=0.127367 lr=9.453e-06
[train] step=1506 loss=0.215124 lr=9.452e-06
[train] step=1507 loss=0.228649 lr=9.451e-06
[train] step=1508 loss=0.432115 lr=9.451e-06
[train] step=1509 loss=0.261860 lr=9.450e-06
[train] step=1510 loss=0.245494 lr=9.449e-06
[train] step=1511 loss=0.189034 lr=9.448e-06
[train] step=1512 loss=0.096753 lr=9.448e-06
[train] step=1513 loss=0.226916 lr=9.447e-06
[train] step=1514 loss=0.232261 lr=9.446e-06
[train] step=1515 loss=0.190847 lr=9.446e-06
[train] step=1516 loss=0.301368 lr=9.445e-06
[train] step=1517 loss=0.202964 lr=9.444e-06
[train] step=1518 loss=0.217589 lr=9.443e-06
[train] step=1519 loss=0.123562 lr=9.443e-06
[train] step=1520 loss=0.231878 lr=9.442e-06
[train] step=1521 loss=0.296834 lr=9.441e-06
[train] step=1522 loss=0.257981 lr=9.441e-06
[train] step=1523 loss=0.182215 lr=9.440e-06
[train] step=1524 loss=0.206873 lr=9.439e-06
[train] step=1525 loss=0.204908 lr=9.438e-06
[train] step=1526 loss=0.124053 lr=9.438e-06
[train] step=1527 loss=0.219926 lr=9.437e-06
[train] step=1528 loss=0.269132 lr=9.436e-06
[train] step=1529 loss=0.224331 lr=9.435e-06
[train] step=1530 loss=0.224429 lr=9.435e-06
[train] step=1531 loss=0.212502 lr=9.434e-06
[train] step=1532 loss=0.225623 lr=9.433e-06
[train] step=1533 loss=0.228804 lr=9.433e-06
[train] step=1534 loss=0.182501 lr=9.432e-06
[train] step=1535 loss=0.213542 lr=9.431e-06
[train] step=1536 loss=0.129614 lr=9.430e-06
[train] step=1537 loss=0.281437 lr=9.430e-06
[train] step=1538 loss=0.150372 lr=9.429e-06
[train] step=1539 loss=0.142508 lr=9.428e-06
[train] step=1540 loss=0.154735 lr=9.427e-06
[train] step=1541 loss=0.246019 lr=9.427e-06
[train] step=1542 loss=0.221611 lr=9.426e-06
[train] step=1543 loss=0.297345 lr=9.425e-06
[train] step=1544 loss=0.154133 lr=9.425e-06
[train] step=1545 loss=0.341247 lr=9.424e-06
[train] step=1546 loss=0.172694 lr=9.423e-06
[train] step=1547 loss=0.230976 lr=9.422e-06
[train] step=1548 loss=0.196089 lr=9.422e-06
[train] step=1549 loss=0.213378 lr=9.421e-06
[train] step=1550 loss=0.205382 lr=9.420e-06
[train] step=1551 loss=0.221912 lr=9.419e-06
[train] step=1552 loss=0.335884 lr=9.419e-06
[train] step=1553 loss=0.312601 lr=9.418e-06
[train] step=1554 loss=0.246676 lr=9.417e-06
[train] step=1555 loss=0.224544 lr=9.416e-06
[train] step=1556 loss=0.173553 lr=9.416e-06
[train] step=1557 loss=0.234224 lr=9.415e-06
[train] step=1558 loss=0.240729 lr=9.414e-06
[train] step=1559 loss=0.225154 lr=9.414e-06
[train] step=1560 loss=0.232245 lr=9.413e-06
INFO     [rank 0] Model weights for step 1560 saved in       dit_trainer.py:1085
         checkpoints/model_weights_step_01560.safetensors                       
INFO     [rank 0] Scalar embedding weights for step 1560     dit_trainer.py:1092
         saved                                                                  
INFO     [rank 0] Training state saved:                      dit_trainer.py:1123
         checkpoints/model_weights_step_01560.state.pt                          
DEBUG    [rank 0] Removed old checkpoint:                    dit_trainer.py:1136
         /hppfs/scratch/0D/go76fuz2/windinet/outputs/shockwa                    
         ve_dit_anchor_kl1e7/checkpoints/model_weights_step_                    
         00960.safetensors                                                      
DEBUG    [rank 0] Removed old checkpoint:                    dit_trainer.py:1136
         /hppfs/scratch/0D/go76fuz2/windinet/outputs/shockwa                    
         ve_dit_anchor_kl1e7/checkpoints/model_weights_step_                    
         00960.state.pt                                                         
DEBUG    [rank 0] Removed old checkpoint:                    dit_trainer.py:1136
         /hppfs/scratch/0D/go76fuz2/windinet/outputs/shockwa                    
         ve_dit_anchor_kl1e7/checkpoints/scalar_embedding_st                    
         ep_00960.safetensors                                                   
[epoch 13] step=1560 train_loss=0.232232
[train] step=1561 loss=0.336935 lr=9.412e-06
[train] step=1562 loss=0.286125 lr=9.411e-06
[train] step=1563 loss=0.218448 lr=9.411e-06
[train] step=1564 loss=0.305777 lr=9.410e-06
[train] step=1565 loss=0.241752 lr=9.409e-06
[train] step=1566 loss=0.138208 lr=9.408e-06
[train] step=1567 loss=0.242366 lr=9.408e-06
[train] step=1568 loss=0.370539 lr=9.407e-06
[train] step=1569 loss=0.210634 lr=9.406e-06
[train] step=1570 loss=0.186584 lr=9.405e-06
[train] step=1571 loss=0.235113 lr=9.405e-06
[train] step=1572 loss=0.158236 lr=9.404e-06
[train] step=1573 loss=0.140278 lr=9.403e-06
[train] step=1574 loss=0.257417 lr=9.402e-06
[train] step=1575 loss=0.274219 lr=9.402e-06
[train] step=1576 loss=0.215007 lr=9.401e-06
[train] step=1577 loss=0.156915 lr=9.400e-06
[train] step=1578 loss=0.272274 lr=9.399e-06
[train] step=1579 loss=0.161822 lr=9.399e-06
[train] step=1580 loss=0.165387 lr=9.398e-06
[train] step=1581 loss=0.306360 lr=9.397e-06
[train] step=1582 loss=0.311017 lr=9.396e-06
[train] step=1583 loss=0.212746 lr=9.396e-06
[train] step=1584 loss=0.301888 lr=9.395e-06
[train] step=1585 loss=0.191958 lr=9.394e-06
[train] step=1586 loss=0.288240 lr=9.393e-06
[train] step=1587 loss=0.290440 lr=9.393e-06
[train] step=1588 loss=0.171467 lr=9.392e-06
[train] step=1589 loss=0.149456 lr=9.391e-06
[train] step=1590 loss=0.356299 lr=9.390e-06
[train] step=1591 loss=0.408640 lr=9.390e-06
[train] step=1592 loss=0.223283 lr=9.389e-06
[train] step=1593 loss=0.208250 lr=9.388e-06
[train] step=1594 loss=0.271097 lr=9.387e-06
[train] step=1595 loss=0.145227 lr=9.387e-06
[train] step=1596 loss=0.233663 lr=9.386e-06
[train] step=1597 loss=0.154337 lr=9.385e-06
[train] step=1598 loss=0.161236 lr=9.384e-06
[train] step=1599 loss=0.248547 lr=9.384e-06
[train] step=1600 loss=0.200116 lr=9.383e-06
[train] step=1601 loss=0.299530 lr=9.382e-06
[train] step=1602 loss=0.280377 lr=9.381e-06
[train] step=1603 loss=0.280858 lr=9.381e-06
[train] step=1604 loss=0.414660 lr=9.380e-06
[train] step=1605 loss=0.309990 lr=9.379e-06
[train] step=1606 loss=0.254890 lr=9.378e-06
[train] step=1607 loss=0.358362 lr=9.378e-06
[train] step=1608 loss=0.294886 lr=9.377e-06
[train] step=1609 loss=0.245525 lr=9.376e-06
[train] step=1610 loss=0.226869 lr=9.375e-06
[train] step=1611 loss=0.223431 lr=9.375e-06
[train] step=1612 loss=0.219722 lr=9.374e-06
[train] step=1613 loss=0.236606 lr=9.373e-06
[train] step=1614 loss=0.186787 lr=9.372e-06
[train] step=1615 loss=0.285750 lr=9.372e-06
[train] step=1616 loss=0.221279 lr=9.371e-06
[train] step=1617 loss=0.175703 lr=9.370e-06
[train] step=1618 loss=0.160517 lr=9.369e-06
[train] step=1619 loss=0.200625 lr=9.368e-06
[train] step=1620 loss=0.229352 lr=9.368e-06
[train] step=1621 loss=0.214276 lr=9.367e-06
[train] step=1622 loss=0.229869 lr=9.366e-06
[train] step=1623 loss=0.227262 lr=9.365e-06
[train] step=1624 loss=0.184783 lr=9.365e-06
[train] step=1625 loss=0.432750 lr=9.364e-06
[train] step=1626 loss=0.261652 lr=9.363e-06
[train] step=1627 loss=0.158378 lr=9.362e-06
[train] step=1628 loss=0.168610 lr=9.362e-06
[train] step=1629 loss=0.285136 lr=9.361e-06
[train] step=1630 loss=0.227436 lr=9.360e-06
[train] step=1631 loss=0.275982 lr=9.359e-06
[train] step=1632 loss=0.260774 lr=9.359e-06
[train] step=1633 loss=0.220787 lr=9.358e-06
[train] step=1634 loss=0.214586 lr=9.357e-06
[train] step=1635 loss=0.339691 lr=9.356e-06
[train] step=1636 loss=0.212935 lr=9.355e-06
[train] step=1637 loss=0.146277 lr=9.355e-06
[train] step=1638 loss=0.220117 lr=9.354e-06
[train] step=1639 loss=0.253109 lr=9.353e-06
[train] step=1640 loss=0.138850 lr=9.352e-06
[train] step=1641 loss=0.235818 lr=9.352e-06
[train] step=1642 loss=0.191263 lr=9.351e-06
[train] step=1643 loss=0.185517 lr=9.350e-06
[train] step=1644 loss=0.300947 lr=9.349e-06
[train] step=1645 loss=0.160514 lr=9.348e-06
[train] step=1646 loss=0.250487 lr=9.348e-06
[train] step=1647 loss=0.246676 lr=9.347e-06
[train] step=1648 loss=0.223610 lr=9.346e-06
[train] step=1649 loss=0.191681 lr=9.345e-06
[train] step=1650 loss=0.188513 lr=9.345e-06
[train] step=1651 loss=0.231652 lr=9.344e-06
[train] step=1652 loss=0.247055 lr=9.343e-06
[train] step=1653 loss=0.328126 lr=9.342e-06
[train] step=1654 loss=0.133477 lr=9.341e-06
[train] step=1655 loss=0.122761 lr=9.341e-06
[train] step=1656 loss=0.135614 lr=9.340e-06
[train] step=1657 loss=0.355670 lr=9.339e-06
[train] step=1658 loss=0.241619 lr=9.338e-06
[train] step=1659 loss=0.168044 lr=9.338e-06
[train] step=1660 loss=0.130602 lr=9.337e-06
[train] step=1661 loss=0.167685 lr=9.336e-06
[train] step=1662 loss=0.303529 lr=9.335e-06
[train] step=1663 loss=0.195352 lr=9.334e-06
[train] step=1664 loss=0.242885 lr=9.334e-06
[train] step=1665 loss=0.177571 lr=9.333e-06
[train] step=1666 loss=0.268503 lr=9.332e-06
[train] step=1667 loss=0.239041 lr=9.331e-06
[train] step=1668 loss=0.240607 lr=9.331e-06
[train] step=1669 loss=0.187515 lr=9.330e-06
[train] step=1670 loss=0.249055 lr=9.329e-06
[train] step=1671 loss=0.198742 lr=9.328e-06
[train] step=1672 loss=0.214244 lr=9.327e-06
[train] step=1673 loss=0.315274 lr=9.327e-06
[train] step=1674 loss=0.417516 lr=9.326e-06
[train] step=1675 loss=0.170957 lr=9.325e-06
[train] step=1676 loss=0.222257 lr=9.324e-06
[train] step=1677 loss=0.154316 lr=9.323e-06
[train] step=1678 loss=0.194976 lr=9.323e-06
[train] step=1679 loss=0.337717 lr=9.322e-06
[train] step=1680 loss=0.146069 lr=9.321e-06
INFO     [rank 0] Model weights for step 1680 saved in       dit_trainer.py:1085
         checkpoints/model_weights_step_01680.safetensors                       
INFO     [rank 0] Scalar embedding weights for step 1680     dit_trainer.py:1092
         saved                                                                  
INFO     [rank 0] Training state saved:                      dit_trainer.py:1123
         checkpoints/model_weights_step_01680.state.pt                          
DEBUG    [rank 0] Removed old checkpoint:                    dit_trainer.py:1136
         /hppfs/scratch/0D/go76fuz2/windinet/outputs/shockwa                    
         ve_dit_anchor_kl1e7/checkpoints/model_weights_step_                    
         01080.safetensors                                                      
DEBUG    [rank 0] Removed old checkpoint:                    dit_trainer.py:1136
         /hppfs/scratch/0D/go76fuz2/windinet/outputs/shockwa                    
         ve_dit_anchor_kl1e7/checkpoints/model_weights_step_                    
         01080.state.pt                                                         
DEBUG    [rank 0] Removed old checkpoint:                    dit_trainer.py:1136
         /hppfs/scratch/0D/go76fuz2/windinet/outputs/shockwa                    
         ve_dit_anchor_kl1e7/checkpoints/scalar_embedding_st                    
         ep_01080.safetensors                                                   
[epoch 14] step=1680 train_loss=0.234891
[train] step=1681 loss=0.235293 lr=9.320e-06
[train] step=1682 loss=0.207190 lr=9.320e-06
[train] step=1683 loss=0.209638 lr=9.319e-06
[train] step=1684 loss=0.136802 lr=9.318e-06
[train] step=1685 loss=0.304708 lr=9.317e-06
[train] step=1686 loss=0.200862 lr=9.316e-06
[train] step=1687 loss=0.220927 lr=9.316e-06
[train] step=1688 loss=0.158551 lr=9.315e-06
[train] step=1689 loss=0.322653 lr=9.314e-06
[train] step=1690 loss=0.210544 lr=9.313e-06
[train] step=1691 loss=0.273165 lr=9.312e-06
[train] step=1692 loss=0.239327 lr=9.312e-06
[train] step=1693 loss=0.358925 lr=9.311e-06
[train] step=1694 loss=0.114524 lr=9.310e-06
[train] step=1695 loss=0.099641 lr=9.309e-06
[train] step=1696 loss=0.237873 lr=9.308e-06
[train] step=1697 loss=0.204534 lr=9.308e-06
[train] step=1698 loss=0.158293 lr=9.307e-06
[train] step=1699 loss=0.262154 lr=9.306e-06
[train] step=1700 loss=0.304243 lr=9.305e-06
[train] step=1701 loss=0.208150 lr=9.304e-06
[train] step=1702 loss=0.282530 lr=9.304e-06
[train] step=1703 loss=0.163543 lr=9.303e-06
[train] step=1704 loss=0.238859 lr=9.302e-06
[train] step=1705 loss=0.350959 lr=9.301e-06
[train] step=1706 loss=0.197932 lr=9.300e-06
[train] step=1707 loss=0.074311 lr=9.300e-06
[train] step=1708 loss=0.231173 lr=9.299e-06
[train] step=1709 loss=0.139406 lr=9.298e-06
[train] step=1710 loss=0.171801 lr=9.297e-06
[train] step=1711 loss=0.236609 lr=9.296e-06
[train] step=1712 loss=0.168323 lr=9.296e-06
[train] step=1713 loss=0.278740 lr=9.295e-06
[train] step=1714 loss=0.239768 lr=9.294e-06
[train] step=1715 loss=0.294687 lr=9.293e-06
[train] step=1716 loss=0.232847 lr=9.292e-06
[train] step=1717 loss=0.289234 lr=9.292e-06
[train] step=1718 loss=0.202710 lr=9.291e-06
[train] step=1719 loss=0.170194 lr=9.290e-06
[train] step=1720 loss=0.226045 lr=9.289e-06
[train] step=1721 loss=0.226609 lr=9.288e-06
[train] step=1722 loss=0.209182 lr=9.288e-06
[train] step=1723 loss=0.139989 lr=9.287e-06
[train] step=1724 loss=0.256102 lr=9.286e-06
[train] step=1725 loss=0.317082 lr=9.285e-06
[train] step=1726 loss=0.229109 lr=9.284e-06
[train] step=1727 loss=0.274190 lr=9.283e-06
[train] step=1728 loss=0.278121 lr=9.283e-06
[train] step=1729 loss=0.146093 lr=9.282e-06
[train] step=1730 loss=0.191761 lr=9.281e-06
[train] step=1731 loss=0.258250 lr=9.280e-06
[train] step=1732 loss=0.336044 lr=9.279e-06
[train] step=1733 loss=0.353633 lr=9.279e-06
[train] step=1734 loss=0.299876 lr=9.278e-06
[train] step=1735 loss=0.240103 lr=9.277e-06
[train] step=1736 loss=0.291705 lr=9.276e-06
[train] step=1737 loss=0.146890 lr=9.275e-06
[train] step=1738 loss=0.285718 lr=9.275e-06
[train] step=1739 loss=0.259655 lr=9.274e-06
[train] step=1740 loss=0.207186 lr=9.273e-06
[train] step=1741 loss=0.317873 lr=9.272e-06
[train] step=1742 loss=0.333412 lr=9.271e-06
[train] step=1743 loss=0.255302 lr=9.270e-06
[train] step=1744 loss=0.121268 lr=9.270e-06
[train] step=1745 loss=0.147856 lr=9.269e-06
[train] step=1746 loss=0.204378 lr=9.268e-06
[train] step=1747 loss=0.202746 lr=9.267e-06
[train] step=1748 loss=0.122601 lr=9.266e-06
[train] step=1749 loss=0.290694 lr=9.266e-06
[train] step=1750 loss=0.329052 lr=9.265e-06
[train] step=1751 loss=0.194650 lr=9.264e-06
[train] step=1752 loss=0.280010 lr=9.263e-06
[train] step=1753 loss=0.268098 lr=9.262e-06
[train] step=1754 loss=0.212237 lr=9.261e-06
[train] step=1755 loss=0.159422 lr=9.261e-06
[train] step=1756 loss=0.167849 lr=9.260e-06
[train] step=1757 loss=0.183064 lr=9.259e-06
[train] step=1758 loss=0.122613 lr=9.258e-06
[train] step=1759 loss=0.188877 lr=9.257e-06
[train] step=1760 loss=0.189139 lr=9.257e-06
[train] step=1761 loss=0.245828 lr=9.256e-06
[train] step=1762 loss=0.275691 lr=9.255e-06
[train] step=1763 loss=0.218909 lr=9.254e-06
[train] step=1764 loss=0.195780 lr=9.253e-06
[train] step=1765 loss=0.245743 lr=9.252e-06
[train] step=1766 loss=0.114437 lr=9.252e-06
[train] step=1767 loss=0.208060 lr=9.251e-06
[train] step=1768 loss=0.225814 lr=9.250e-06
[train] step=1769 loss=0.283585 lr=9.249e-06
[train] step=1770 loss=0.216637 lr=9.248e-06
[train] step=1771 loss=0.293577 lr=9.247e-06
[train] step=1772 loss=0.169498 lr=9.247e-06
[train] step=1773 loss=0.350342 lr=9.246e-06
[train] step=1774 loss=0.249044 lr=9.245e-06
[train] step=1775 loss=0.242010 lr=9.244e-06
[train] step=1776 loss=0.260312 lr=9.243e-06
[train] step=1777 loss=0.241014 lr=9.242e-06
[train] step=1778 loss=0.223201 lr=9.242e-06
[train] step=1779 loss=0.282211 lr=9.241e-06
[train] step=1780 loss=0.187296 lr=9.240e-06
[train] step=1781 loss=0.233520 lr=9.239e-06
[train] step=1782 loss=0.133148 lr=9.238e-06
[train] step=1783 loss=0.155045 lr=9.237e-06
[train] step=1784 loss=0.214705 lr=9.237e-06
[train] step=1785 loss=0.327110 lr=9.236e-06
[train] step=1786 loss=0.293358 lr=9.235e-06
[train] step=1787 loss=0.181515 lr=9.234e-06
[train] step=1788 loss=0.181692 lr=9.233e-06
[train] step=1789 loss=0.150385 lr=9.232e-06
[train] step=1790 loss=0.182167 lr=9.232e-06
[train] step=1791 loss=0.167271 lr=9.231e-06
[train] step=1792 loss=0.274259 lr=9.230e-06
[train] step=1793 loss=0.091794 lr=9.229e-06
[train] step=1794 loss=0.249015 lr=9.228e-06
[train] step=1795 loss=0.177617 lr=9.227e-06
[train] step=1796 loss=0.201085 lr=9.227e-06
[train] step=1797 loss=0.196325 lr=9.226e-06
[train] step=1798 loss=0.293307 lr=9.225e-06
[train] step=1799 loss=0.332442 lr=9.224e-06
[train] step=1800 loss=0.164860 lr=9.223e-06
[val] step=1800 val_loss=0.229134
INFO     [rank 0] Model weights for step 1800 saved in       dit_trainer.py:1085
         checkpoints/model_weights_step_01800.safetensors                       
INFO     [rank 0] Scalar embedding weights for step 1800     dit_trainer.py:1092
         saved                                                                  
INFO     [rank 0] Training state saved:                      dit_trainer.py:1123
         checkpoints/model_weights_step_01800.state.pt                          
DEBUG    [rank 0] Removed old checkpoint:                    dit_trainer.py:1136
         /hppfs/scratch/0D/go76fuz2/windinet/outputs/shockwa                    
         ve_dit_anchor_kl1e7/checkpoints/model_weights_step_                    
         01200.safetensors                                                      
DEBUG    [rank 0] Removed old checkpoint:                    dit_trainer.py:1136
         /hppfs/scratch/0D/go76fuz2/windinet/outputs/shockwa                    
         ve_dit_anchor_kl1e7/checkpoints/model_weights_step_                    
         01200.state.pt                                                         
DEBUG    [rank 0] Removed old checkpoint:                    dit_trainer.py:1136
         /hppfs/scratch/0D/go76fuz2/windinet/outputs/shockwa                    
         ve_dit_anchor_kl1e7/checkpoints/scalar_embedding_st                    
         ep_01200.safetensors                                                   
[epoch 15] step=1800 train_loss=0.225058 val_loss=0.229134
[train] step=1801 loss=0.160037 lr=9.222e-06
[train] step=1802 loss=0.217136 lr=9.222e-06
[train] step=1803 loss=0.209475 lr=9.221e-06
[train] step=1804 loss=0.292934 lr=9.220e-06
[train] step=1805 loss=0.163267 lr=9.219e-06
[train] step=1806 loss=0.475019 lr=9.218e-06
[train] step=1807 loss=0.197691 lr=9.217e-06
[train] step=1808 loss=0.205507 lr=9.217e-06
[train] step=1809 loss=0.294062 lr=9.216e-06
[train] step=1810 loss=0.318509 lr=9.215e-06
[train] step=1811 loss=0.263764 lr=9.214e-06
[train] step=1812 loss=0.289108 lr=9.213e-06
[train] step=1813 loss=0.225510 lr=9.212e-06
[train] step=1814 loss=0.144205 lr=9.211e-06
[train] step=1815 loss=0.224703 lr=9.211e-06
[train] step=1816 loss=0.161886 lr=9.210e-06
[train] step=1817 loss=0.233086 lr=9.209e-06
[train] step=1818 loss=0.205835 lr=9.208e-06
[train] step=1819 loss=0.198065 lr=9.207e-06
[train] step=1820 loss=0.293845 lr=9.206e-06
[train] step=1821 loss=0.259197 lr=9.206e-06
[train] step=1822 loss=0.195603 lr=9.205e-06
[train] step=1823 loss=0.127216 lr=9.204e-06
[train] step=1824 loss=0.166152 lr=9.203e-06
[train] step=1825 loss=0.270156 lr=9.202e-06
[train] step=1826 loss=0.125031 lr=9.201e-06
[train] step=1827 loss=0.178533 lr=9.200e-06
[train] step=1828 loss=0.165267 lr=9.200e-06
[train] step=1829 loss=0.240723 lr=9.199e-06
[train] step=1830 loss=0.299290 lr=9.198e-06
[train] step=1831 loss=0.288947 lr=9.197e-06
[train] step=1832 loss=0.208035 lr=9.196e-06
[train] step=1833 loss=0.269551 lr=9.195e-06
[train] step=1834 loss=0.250655 lr=9.194e-06
[train] step=1835 loss=0.242981 lr=9.194e-06
[train] step=1836 loss=0.271621 lr=9.193e-06
[train] step=1837 loss=0.303097 lr=9.192e-06
[train] step=1838 loss=0.124857 lr=9.191e-06
[train] step=1839 loss=0.236952 lr=9.190e-06
[train] step=1840 loss=0.167927 lr=9.189e-06
[train] step=1841 loss=0.551078 lr=9.188e-06
[train] step=1842 loss=0.152898 lr=9.188e-06
[train] step=1843 loss=0.233660 lr=9.187e-06
[train] step=1844 loss=0.364923 lr=9.186e-06
[train] step=1845 loss=0.241296 lr=9.185e-06
[train] step=1846 loss=0.206571 lr=9.184e-06
[train] step=1847 loss=0.208609 lr=9.183e-06
[train] step=1848 loss=0.155822 lr=9.182e-06
[train] step=1849 loss=0.289769 lr=9.182e-06
[train] step=1850 loss=0.241106 lr=9.181e-06
[train] step=1851 loss=0.121088 lr=9.180e-06
[train] step=1852 loss=0.253196 lr=9.179e-06
[train] step=1853 loss=0.252321 lr=9.178e-06
[train] step=1854 loss=0.149853 lr=9.177e-06
[train] step=1855 loss=0.264345 lr=9.176e-06
[train] step=1856 loss=0.206116 lr=9.176e-06
[train] step=1857 loss=0.249674 lr=9.175e-06
[train] step=1858 loss=0.231980 lr=9.174e-06
[train] step=1859 loss=0.203392 lr=9.173e-06
[train] step=1860 loss=0.247893 lr=9.172e-06
[train] step=1861 loss=0.183376 lr=9.171e-06
[train] step=1862 loss=0.235603 lr=9.170e-06
[train] step=1863 loss=0.204755 lr=9.169e-06
[train] step=1864 loss=0.307818 lr=9.169e-06
[train] step=1865 loss=0.197175 lr=9.168e-06
[train] step=1866 loss=0.197578 lr=9.167e-06
[train] step=1867 loss=0.228645 lr=9.166e-06
[train] step=1868 loss=0.381018 lr=9.165e-06
[train] step=1869 loss=0.148593 lr=9.164e-06
[train] step=1870 loss=0.168539 lr=9.163e-06
[train] step=1871 loss=0.287769 lr=9.163e-06
[train] step=1872 loss=0.144418 lr=9.162e-06
[train] step=1873 loss=0.268264 lr=9.161e-06
[train] step=1874 loss=0.237488 lr=9.160e-06
[train] step=1875 loss=0.220929 lr=9.159e-06
[train] step=1876 loss=0.188519 lr=9.158e-06
[train] step=1877 loss=0.161942 lr=9.157e-06
[train] step=1878 loss=0.166464 lr=9.156e-06
[train] step=1879 loss=0.298443 lr=9.156e-06
[train] step=1880 loss=0.139906 lr=9.155e-06
[train] step=1881 loss=0.286344 lr=9.154e-06
[train] step=1882 loss=0.234002 lr=9.153e-06
[train] step=1883 loss=0.215136 lr=9.152e-06
[train] step=1884 loss=0.182995 lr=9.151e-06
[train] step=1885 loss=0.329763 lr=9.150e-06
[train] step=1886 loss=0.177684 lr=9.149e-06
[train] step=1887 loss=0.212636 lr=9.149e-06
[train] step=1888 loss=0.198444 lr=9.148e-06
[train] step=1889 loss=0.248331 lr=9.147e-06
[train] step=1890 loss=0.199067 lr=9.146e-06
[train] step=1891 loss=0.327288 lr=9.145e-06
[train] step=1892 loss=0.161955 lr=9.144e-06
[train] step=1893 loss=0.179132 lr=9.143e-06
[train] step=1894 loss=0.158116 lr=9.142e-06
[train] step=1895 loss=0.128611 lr=9.142e-06
[train] step=1896 loss=0.225258 lr=9.141e-06
[train] step=1897 loss=0.235258 lr=9.140e-06
[train] step=1898 loss=0.110459 lr=9.139e-06
[train] step=1899 loss=0.145911 lr=9.138e-06
[train] step=1900 loss=0.144053 lr=9.137e-06
[train] step=1901 loss=0.274664 lr=9.136e-06
[train] step=1902 loss=0.232211 lr=9.135e-06
[train] step=1903 loss=0.259680 lr=9.135e-06
[train] step=1904 loss=0.342462 lr=9.134e-06
[train] step=1905 loss=0.251516 lr=9.133e-06
[train] step=1906 loss=0.182390 lr=9.132e-06
[train] step=1907 loss=0.250486 lr=9.131e-06
[train] step=1908 loss=0.303963 lr=9.130e-06
[train] step=1909 loss=0.169983 lr=9.129e-06
[train] step=1910 loss=0.285206 lr=9.128e-06
[train] step=1911 loss=0.267374 lr=9.127e-06
[train] step=1912 loss=0.264469 lr=9.127e-06
[train] step=1913 loss=0.110684 lr=9.126e-06
[train] step=1914 loss=0.241542 lr=9.125e-06
[train] step=1915 loss=0.225364 lr=9.124e-06
[train] step=1916 loss=0.200996 lr=9.123e-06
[train] step=1917 loss=0.295026 lr=9.122e-06
[train] step=1918 loss=0.244381 lr=9.121e-06
[train] step=1919 loss=0.498310 lr=9.120e-06
[train] step=1920 loss=0.172589 lr=9.119e-06
INFO     [rank 0] Model weights for step 1920 saved in       dit_trainer.py:1085
         checkpoints/model_weights_step_01920.safetensors                       
INFO     [rank 0] Scalar embedding weights for step 1920     dit_trainer.py:1092
         saved                                                                  
INFO     [rank 0] Training state saved:                      dit_trainer.py:1123
         checkpoints/model_weights_step_01920.state.pt                          
DEBUG    [rank 0] Removed old checkpoint:                    dit_trainer.py:1136
         /hppfs/scratch/0D/go76fuz2/windinet/outputs/shockwa                    
         ve_dit_anchor_kl1e7/checkpoints/model_weights_step_                    
         01320.safetensors                                                      
DEBUG    [rank 0] Removed old checkpoint:                    dit_trainer.py:1136
         /hppfs/scratch/0D/go76fuz2/windinet/outputs/shockwa                    
         ve_dit_anchor_kl1e7/checkpoints/model_weights_step_                    
         01320.state.pt                                                         
DEBUG    [rank 0] Removed old checkpoint:                    dit_trainer.py:1136
         /hppfs/scratch/0D/go76fuz2/windinet/outputs/shockwa                    
         ve_dit_anchor_kl1e7/checkpoints/scalar_embedding_st                    
         ep_01320.safetensors                                                   
[epoch 16] step=1920 train_loss=0.229369
[train] step=1921 loss=0.249983 lr=9.119e-06
[train] step=1922 loss=0.128976 lr=9.118e-06
[train] step=1923 loss=0.296927 lr=9.117e-06
[train] step=1924 loss=0.207937 lr=9.116e-06
[train] step=1925 loss=0.213537 lr=9.115e-06
[train] step=1926 loss=0.223029 lr=9.114e-06
[train] step=1927 loss=0.257838 lr=9.113e-06
[train] step=1928 loss=0.166106 lr=9.112e-06
[train] step=1929 loss=0.193629 lr=9.111e-06
[train] step=1930 loss=0.183311 lr=9.111e-06
[train] step=1931 loss=0.218549 lr=9.110e-06
[train] step=1932 loss=0.279553 lr=9.109e-06
[train] step=1933 loss=0.303797 lr=9.108e-06
[train] step=1934 loss=0.210360 lr=9.107e-06
[train] step=1935 loss=0.126886 lr=9.106e-06
[train] step=1936 loss=0.193369 lr=9.105e-06
[train] step=1937 loss=0.212838 lr=9.104e-06
[train] step=1938 loss=0.222181 lr=9.103e-06
[train] step=1939 loss=0.309045 lr=9.102e-06
[train] step=1940 loss=0.178044 lr=9.102e-06
[train] step=1941 loss=0.173557 lr=9.101e-06
[train] step=1942 loss=0.080298 lr=9.100e-06
[train] step=1943 loss=0.239625 lr=9.099e-06
[train] step=1944 loss=0.228182 lr=9.098e-06
[train] step=1945 loss=0.148116 lr=9.097e-06
[train] step=1946 loss=0.440736 lr=9.096e-06
[train] step=1947 loss=0.255927 lr=9.095e-06
[train] step=1948 loss=0.266057 lr=9.094e-06
[train] step=1949 loss=0.233556 lr=9.093e-06
[train] step=1950 loss=0.266594 lr=9.093e-06
[train] step=1951 loss=0.168674 lr=9.092e-06
[train] step=1952 loss=0.163743 lr=9.091e-06
[train] step=1953 loss=0.208699 lr=9.090e-06
[train] step=1954 loss=0.305026 lr=9.089e-06
[train] step=1955 loss=0.213368 lr=9.088e-06
[train] step=1956 loss=0.217900 lr=9.087e-06
[train] step=1957 loss=0.208473 lr=9.086e-06
[train] step=1958 loss=0.196225 lr=9.085e-06
[train] step=1959 loss=0.184463 lr=9.084e-06
[train] step=1960 loss=0.229088 lr=9.084e-06
[train] step=1961 loss=0.213137 lr=9.083e-06
[train] step=1962 loss=0.224981 lr=9.082e-06
[train] step=1963 loss=0.229954 lr=9.081e-06
[train] step=1964 loss=0.163060 lr=9.080e-06
[train] step=1965 loss=0.265238 lr=9.079e-06
[train] step=1966 loss=0.250545 lr=9.078e-06
[train] step=1967 loss=0.363018 lr=9.077e-06
[train] step=1968 loss=0.286377 lr=9.076e-06
[train] step=1969 loss=0.163400 lr=9.075e-06
[train] step=1970 loss=0.188551 lr=9.074e-06
[train] step=1971 loss=0.188629 lr=9.074e-06
[train] step=1972 loss=0.206428 lr=9.073e-06
[train] step=1973 loss=0.178224 lr=9.072e-06
[train] step=1974 loss=0.212441 lr=9.071e-06
[train] step=1975 loss=0.234851 lr=9.070e-06
[train] step=1976 loss=0.184787 lr=9.069e-06
[train] step=1977 loss=0.258824 lr=9.068e-06
[train] step=1978 loss=0.190823 lr=9.067e-06
[train] step=1979 loss=0.314480 lr=9.066e-06
[train] step=1980 loss=0.183623 lr=9.065e-06
[train] step=1981 loss=0.175774 lr=9.064e-06
[train] step=1982 loss=0.173488 lr=9.063e-06
[train] step=1983 loss=0.252793 lr=9.063e-06
[train] step=1984 loss=0.156320 lr=9.062e-06
[train] step=1985 loss=0.246499 lr=9.061e-06
[train] step=1986 loss=0.208013 lr=9.060e-06
[train] step=1987 loss=0.173903 lr=9.059e-06
[train] step=1988 loss=0.175338 lr=9.058e-06
[train] step=1989 loss=0.196251 lr=9.057e-06
[train] step=1990 loss=0.139873 lr=9.056e-06
[train] step=1991 loss=0.137564 lr=9.055e-06
[train] step=1992 loss=0.199035 lr=9.054e-06
[train] step=1993 loss=0.237799 lr=9.053e-06
[train] step=1994 loss=0.266693 lr=9.052e-06
[train] step=1995 loss=0.185425 lr=9.052e-06
[train] step=1996 loss=0.148438 lr=9.051e-06
[train] step=1997 loss=0.243392 lr=9.050e-06
[train] step=1998 loss=0.084785 lr=9.049e-06
[train] step=1999 loss=0.304780 lr=9.048e-06
[train] step=2000 loss=0.181462 lr=9.047e-06
[train] step=2001 loss=0.247211 lr=9.046e-06
[train] step=2002 loss=0.346275 lr=9.045e-06
[train] step=2003 loss=0.194293 lr=9.044e-06
[train] step=2004 loss=0.155309 lr=9.043e-06
[train] step=2005 loss=0.147208 lr=9.042e-06
[train] step=2006 loss=0.345641 lr=9.041e-06
[train] step=2007 loss=0.193964 lr=9.040e-06
[train] step=2008 loss=0.161467 lr=9.040e-06
[train] step=2009 loss=0.160910 lr=9.039e-06
[train] step=2010 loss=0.251470 lr=9.038e-06
[train] step=2011 loss=0.249810 lr=9.037e-06
[train] step=2012 loss=0.278652 lr=9.036e-06
[train] step=2013 loss=0.189114 lr=9.035e-06
[train] step=2014 loss=0.202209 lr=9.034e-06
[train] step=2015 loss=0.260574 lr=9.033e-06
[train] step=2016 loss=0.199238 lr=9.032e-06
[train] step=2017 loss=0.242283 lr=9.031e-06
[train] step=2018 loss=0.226285 lr=9.030e-06
[train] step=2019 loss=0.149769 lr=9.029e-06
[train] step=2020 loss=0.348954 lr=9.028e-06
[train] step=2021 loss=0.099957 lr=9.028e-06
[train] step=2022 loss=0.221179 lr=9.027e-06
[train] step=2023 loss=0.205773 lr=9.026e-06
[train] step=2024 loss=0.225069 lr=9.025e-06
[train] step=2025 loss=0.251826 lr=9.024e-06
[train] step=2026 loss=0.165579 lr=9.023e-06
[train] step=2027 loss=0.248982 lr=9.022e-06
[train] step=2028 loss=0.357576 lr=9.021e-06
[train] step=2029 loss=0.267323 lr=9.020e-06
[train] step=2030 loss=0.281852 lr=9.019e-06
[train] step=2031 loss=0.301122 lr=9.018e-06
[train] step=2032 loss=0.241662 lr=9.017e-06
[train] step=2033 loss=0.221342 lr=9.016e-06
[train] step=2034 loss=0.218368 lr=9.015e-06
[train] step=2035 loss=0.221070 lr=9.014e-06
[train] step=2036 loss=0.202692 lr=9.014e-06
[train] step=2037 loss=0.214423 lr=9.013e-06
[train] step=2038 loss=0.205833 lr=9.012e-06
[train] step=2039 loss=0.223399 lr=9.011e-06
[train] step=2040 loss=0.116820 lr=9.010e-06
INFO     [rank 0] Model weights for step 2040 saved in       dit_trainer.py:1085
         checkpoints/model_weights_step_02040.safetensors                       
INFO     [rank 0] Scalar embedding weights for step 2040     dit_trainer.py:1092
         saved                                                                  
INFO     [rank 0] Training state saved:                      dit_trainer.py:1123
         checkpoints/model_weights_step_02040.state.pt                          
DEBUG    [rank 0] Removed old checkpoint:                    dit_trainer.py:1136
         /hppfs/scratch/0D/go76fuz2/windinet/outputs/shockwa                    
         ve_dit_anchor_kl1e7/checkpoints/model_weights_step_                    
         01440.safetensors                                                      
DEBUG    [rank 0] Removed old checkpoint:                    dit_trainer.py:1136
         /hppfs/scratch/0D/go76fuz2/windinet/outputs/shockwa                    
         ve_dit_anchor_kl1e7/checkpoints/model_weights_step_                    
         01440.state.pt                                                         
DEBUG    [rank 0] Removed old checkpoint:                    dit_trainer.py:1136
         /hppfs/scratch/0D/go76fuz2/windinet/outputs/shockwa                    
         ve_dit_anchor_kl1e7/checkpoints/scalar_embedding_st                    
         ep_01440.safetensors                                                   
[epoch 17] step=2040 train_loss=0.219095
[train] step=2041 loss=0.258522 lr=9.009e-06
[train] step=2042 loss=0.162940 lr=9.008e-06
[train] step=2043 loss=0.264171 lr=9.007e-06
[train] step=2044 loss=0.167092 lr=9.006e-06
[train] step=2045 loss=0.122895 lr=9.005e-06
[train] step=2046 loss=0.207801 lr=9.004e-06
[train] step=2047 loss=0.179434 lr=9.003e-06
[train] step=2048 loss=0.144094 lr=9.002e-06
[train] step=2049 loss=0.398221 lr=9.001e-06
[train] step=2050 loss=0.197582 lr=9.000e-06
[train] step=2051 loss=0.143350 lr=8.999e-06
[train] step=2052 loss=0.187978 lr=8.998e-06
[train] step=2053 loss=0.200456 lr=8.998e-06
[train] step=2054 loss=0.158620 lr=8.997e-06
[train] step=2055 loss=0.154194 lr=8.996e-06
[train] step=2056 loss=0.238320 lr=8.995e-06
[train] step=2057 loss=0.338304 lr=8.994e-06
[train] step=2058 loss=0.269973 lr=8.993e-06
[train] step=2059 loss=0.262753 lr=8.992e-06
[train] step=2060 loss=0.173912 lr=8.991e-06
[train] step=2061 loss=0.264961 lr=8.990e-06
[train] step=2062 loss=0.275377 lr=8.989e-06
[train] step=2063 loss=0.184463 lr=8.988e-06
[train] step=2064 loss=0.220283 lr=8.987e-06
[train] step=2065 loss=0.323513 lr=8.986e-06
[train] step=2066 loss=0.209132 lr=8.985e-06
[train] step=2067 loss=0.189790 lr=8.984e-06
[train] step=2068 loss=0.172901 lr=8.983e-06
[train] step=2069 loss=0.150323 lr=8.982e-06
[train] step=2070 loss=0.354860 lr=8.981e-06
[train] step=2071 loss=0.286153 lr=8.981e-06
[train] step=2072 loss=0.164019 lr=8.980e-06
[train] step=2073 loss=0.198550 lr=8.979e-06
[train] step=2074 loss=0.169643 lr=8.978e-06
[train] step=2075 loss=0.183181 lr=8.977e-06
[train] step=2076 loss=0.271692 lr=8.976e-06
[train] step=2077 loss=0.295153 lr=8.975e-06
[train] step=2078 loss=0.231300 lr=8.974e-06
[train] step=2079 loss=0.215455 lr=8.973e-06
[train] step=2080 loss=0.168091 lr=8.972e-06
[train] step=2081 loss=0.227598 lr=8.971e-06
[train] step=2082 loss=0.183290 lr=8.970e-06
[train] step=2083 loss=0.176251 lr=8.969e-06
[train] step=2084 loss=0.162808 lr=8.968e-06
[train] step=2085 loss=0.196679 lr=8.967e-06
[train] step=2086 loss=0.151270 lr=8.966e-06
[train] step=2087 loss=0.336198 lr=8.965e-06
[train] step=2088 loss=0.276088 lr=8.964e-06
[train] step=2089 loss=0.477045 lr=8.963e-06
[train] step=2090 loss=0.248490 lr=8.962e-06
[train] step=2091 loss=0.241128 lr=8.961e-06
[train] step=2092 loss=0.127877 lr=8.960e-06
[train] step=2093 loss=0.247515 lr=8.960e-06
[train] step=2094 loss=0.285803 lr=8.959e-06
[train] step=2095 loss=0.194036 lr=8.958e-06
[train] step=2096 loss=0.153709 lr=8.957e-06
[train] step=2097 loss=0.175233 lr=8.956e-06
[train] step=2098 loss=0.287018 lr=8.955e-06
[train] step=2099 loss=0.174446 lr=8.954e-06
[train] step=2100 loss=0.253852 lr=8.953e-06
[train] step=2101 loss=0.252774 lr=8.952e-06
[train] step=2102 loss=0.269718 lr=8.951e-06
[train] step=2103 loss=0.234369 lr=8.950e-06
[train] step=2104 loss=0.190834 lr=8.949e-06
[train] step=2105 loss=0.160853 lr=8.948e-06
[train] step=2106 loss=0.221958 lr=8.947e-06
[train] step=2107 loss=0.127267 lr=8.946e-06
[train] step=2108 loss=0.231355 lr=8.945e-06
[train] step=2109 loss=0.289951 lr=8.944e-06
[train] step=2110 loss=0.354506 lr=8.943e-06
[train] step=2111 loss=0.166453 lr=8.942e-06
[train] step=2112 loss=0.224452 lr=8.941e-06
[train] step=2113 loss=0.164481 lr=8.940e-06
[train] step=2114 loss=0.208230 lr=8.939e-06
[train] step=2115 loss=0.277336 lr=8.938e-06
[train] step=2116 loss=0.148282 lr=8.937e-06
[train] step=2117 loss=0.251351 lr=8.936e-06
[train] step=2118 loss=0.725654 lr=8.935e-06
[train] step=2119 loss=0.234596 lr=8.934e-06
[train] step=2120 loss=0.191843 lr=8.933e-06
[train] step=2121 loss=0.137550 lr=8.933e-06
[train] step=2122 loss=0.104901 lr=8.932e-06
[train] step=2123 loss=0.210981 lr=8.931e-06
[train] step=2124 loss=0.225372 lr=8.930e-06
[train] step=2125 loss=0.176000 lr=8.929e-06
[train] step=2126 loss=0.237349 lr=8.928e-06
[train] step=2127 loss=0.138712 lr=8.927e-06
[train] step=2128 loss=0.317485 lr=8.926e-06
[train] step=2129 loss=0.188439 lr=8.925e-06
[train] step=2130 loss=0.174223 lr=8.924e-06
[train] step=2131 loss=0.216750 lr=8.923e-06
[train] step=2132 loss=0.251106 lr=8.922e-06
[train] step=2133 loss=0.253699 lr=8.921e-06
[train] step=2134 loss=0.147022 lr=8.920e-06
[train] step=2135 loss=0.197243 lr=8.919e-06
[train] step=2136 loss=0.183452 lr=8.918e-06
[train] step=2137 loss=0.262669 lr=8.917e-06
[train] step=2138 loss=0.169262 lr=8.916e-06
[train] step=2139 loss=0.229483 lr=8.915e-06
[train] step=2140 loss=0.295606 lr=8.914e-06
[train] step=2141 loss=0.203239 lr=8.913e-06
[train] step=2142 loss=0.214640 lr=8.912e-06
[train] step=2143 loss=0.281274 lr=8.911e-06
[train] step=2144 loss=0.232588 lr=8.910e-06
[train] step=2145 loss=0.213033 lr=8.909e-06
[train] step=2146 loss=0.184110 lr=8.908e-06
[train] step=2147 loss=0.215377 lr=8.907e-06
[train] step=2148 loss=0.378527 lr=8.906e-06
[train] step=2149 loss=0.356009 lr=8.905e-06
[train] step=2150 loss=0.188558 lr=8.904e-06
[train] step=2151 loss=0.194712 lr=8.903e-06
[train] step=2152 loss=0.148303 lr=8.902e-06
[train] step=2153 loss=0.252973 lr=8.901e-06
[train] step=2154 loss=0.229590 lr=8.900e-06
[train] step=2155 loss=0.188755 lr=8.899e-06
[train] step=2156 loss=0.236414 lr=8.898e-06
[train] step=2157 loss=0.202319 lr=8.897e-06
[train] step=2158 loss=0.188924 lr=8.896e-06
[train] step=2159 loss=0.208415 lr=8.895e-06
[train] step=2160 loss=0.242630 lr=8.894e-06
INFO     [rank 0] Model weights for step 2160 saved in       dit_trainer.py:1085
         checkpoints/model_weights_step_02160.safetensors                       
INFO     [rank 0] Scalar embedding weights for step 2160     dit_trainer.py:1092
         saved                                                                  
INFO     [rank 0] Training state saved:                      dit_trainer.py:1123
         checkpoints/model_weights_step_02160.state.pt                          
DEBUG    [rank 0] Removed old checkpoint:                    dit_trainer.py:1136
         /hppfs/scratch/0D/go76fuz2/windinet/outputs/shockwa                    
         ve_dit_anchor_kl1e7/checkpoints/model_weights_step_                    
         01560.safetensors                                                      
DEBUG    [rank 0] Removed old checkpoint:                    dit_trainer.py:1136
         /hppfs/scratch/0D/go76fuz2/windinet/outputs/shockwa                    
         ve_dit_anchor_kl1e7/checkpoints/model_weights_step_                    
         01560.state.pt                                                         
DEBUG    [rank 0] Removed old checkpoint:                    dit_trainer.py:1136
         /hppfs/scratch/0D/go76fuz2/windinet/outputs/shockwa                    
         ve_dit_anchor_kl1e7/checkpoints/scalar_embedding_st                    
         ep_01560.safetensors                                                   
[epoch 18] step=2160 train_loss=0.223449
[train] step=2161 loss=0.202476 lr=8.893e-06
[train] step=2162 loss=0.057279 lr=8.892e-06
[train] step=2163 loss=0.154751 lr=8.891e-06
[train] step=2164 loss=0.175813 lr=8.890e-06
[train] step=2165 loss=0.153278 lr=8.889e-06
[train] step=2166 loss=0.179153 lr=8.888e-06
[train] step=2167 loss=0.226399 lr=8.888e-06
[train] step=2168 loss=0.171363 lr=8.887e-06
[train] step=2169 loss=0.247282 lr=8.886e-06
[train] step=2170 loss=0.197576 lr=8.885e-06
[train] step=2171 loss=0.230771 lr=8.884e-06
[train] step=2172 loss=0.200915 lr=8.883e-06
[train] step=2173 loss=0.199828 lr=8.882e-06
[train] step=2174 loss=0.209115 lr=8.881e-06
[train] step=2175 loss=0.160185 lr=8.880e-06
[train] step=2176 loss=0.134913 lr=8.879e-06
[train] step=2177 loss=0.159257 lr=8.878e-06
[train] step=2178 loss=0.291278 lr=8.877e-06
[train] step=2179 loss=0.212799 lr=8.876e-06
[train] step=2180 loss=0.192896 lr=8.875e-06
[train] step=2181 loss=0.274621 lr=8.874e-06
[train] step=2182 loss=0.306588 lr=8.873e-06
[train] step=2183 loss=0.112133 lr=8.872e-06
[train] step=2184 loss=0.315026 lr=8.871e-06
[train] step=2185 loss=0.247631 lr=8.870e-06
[train] step=2186 loss=0.199796 lr=8.869e-06
[train] step=2187 loss=0.256844 lr=8.868e-06
[train] step=2188 loss=0.180165 lr=8.867e-06
[train] step=2189 loss=0.261420 lr=8.866e-06
[train] step=2190 loss=0.120524 lr=8.865e-06
[train] step=2191 loss=0.256819 lr=8.864e-06
[train] step=2192 loss=0.196940 lr=8.863e-06
[train] step=2193 loss=0.174563 lr=8.862e-06
[train] step=2194 loss=0.194932 lr=8.861e-06
[train] step=2195 loss=0.291985 lr=8.860e-06
[train] step=2196 loss=0.234206 lr=8.859e-06
[train] step=2197 loss=0.156549 lr=8.858e-06
[train] step=2198 loss=0.414791 lr=8.857e-06
[train] step=2199 loss=0.134744 lr=8.856e-06
[train] step=2200 loss=0.181491 lr=8.855e-06
[train] step=2201 loss=0.221225 lr=8.854e-06
[train] step=2202 loss=0.236836 lr=8.853e-06
[train] step=2203 loss=0.213419 lr=8.852e-06
[train] step=2204 loss=0.194129 lr=8.851e-06
[train] step=2205 loss=0.259378 lr=8.850e-06
[train] step=2206 loss=0.245727 lr=8.849e-06
[train] step=2207 loss=0.300201 lr=8.848e-06
[train] step=2208 loss=0.134888 lr=8.847e-06
[train] step=2209 loss=0.185329 lr=8.846e-06
[train] step=2210 loss=0.220071 lr=8.845e-06
[train] step=2211 loss=0.258394 lr=8.844e-06
[train] step=2212 loss=0.497469 lr=8.843e-06
[train] step=2213 loss=0.170225 lr=8.842e-06
[train] step=2214 loss=0.167948 lr=8.841e-06
[train] step=2215 loss=0.196433 lr=8.840e-06
[train] step=2216 loss=0.247377 lr=8.839e-06
[train] step=2217 loss=0.235942 lr=8.838e-06
[train] step=2218 loss=0.154960 lr=8.837e-06
[train] step=2219 loss=0.143891 lr=8.836e-06
[train] step=2220 loss=0.188771 lr=8.835e-06
[train] step=2221 loss=0.243405 lr=8.834e-06
[train] step=2222 loss=0.239398 lr=8.833e-06
[train] step=2223 loss=0.171916 lr=8.832e-06
[train] step=2224 loss=0.168582 lr=8.831e-06
[train] step=2225 loss=0.302551 lr=8.830e-06
[train] step=2226 loss=0.244108 lr=8.829e-06
[train] step=2227 loss=0.165927 lr=8.828e-06
[train] step=2228 loss=0.274188 lr=8.827e-06
[train] step=2229 loss=0.159403 lr=8.826e-06
[train] step=2230 loss=0.191374 lr=8.825e-06
[train] step=2231 loss=0.206760 lr=8.824e-06
[train] step=2232 loss=0.303999 lr=8.823e-06
[train] step=2233 loss=0.239330 lr=8.822e-06
[train] step=2234 loss=0.283207 lr=8.820e-06
[train] step=2235 loss=0.278989 lr=8.819e-06
[train] step=2236 loss=0.137533 lr=8.818e-06
[train] step=2237 loss=0.257193 lr=8.817e-06
[train] step=2238 loss=0.238019 lr=8.816e-06
[train] step=2239 loss=0.264105 lr=8.815e-06
[train] step=2240 loss=0.211150 lr=8.814e-06
[train] step=2241 loss=0.182935 lr=8.813e-06
[train] step=2242 loss=0.182260 lr=8.812e-06
[train] step=2243 loss=0.226543 lr=8.811e-06
[train] step=2244 loss=0.227409 lr=8.810e-06
[train] step=2245 loss=0.135077 lr=8.809e-06
[train] step=2246 loss=0.063691 lr=8.808e-06
[train] step=2247 loss=0.276850 lr=8.807e-06
[train] step=2248 loss=0.161633 lr=8.806e-06
[train] step=2249 loss=0.133775 lr=8.805e-06
[train] step=2250 loss=0.215733 lr=8.804e-06
[train] step=2251 loss=0.192221 lr=8.803e-06
[train] step=2252 loss=0.143097 lr=8.802e-06
[train] step=2253 loss=0.243786 lr=8.801e-06
[train] step=2254 loss=0.239850 lr=8.800e-06
[train] step=2255 loss=0.176992 lr=8.799e-06
[train] step=2256 loss=0.273665 lr=8.798e-06
[train] step=2257 loss=0.166485 lr=8.797e-06
[train] step=2258 loss=0.151218 lr=8.796e-06
[train] step=2259 loss=0.167239 lr=8.795e-06
[train] step=2260 loss=0.232515 lr=8.794e-06
[train] step=2261 loss=0.239124 lr=8.793e-06
[train] step=2262 loss=0.158923 lr=8.792e-06
[train] step=2263 loss=0.410702 lr=8.791e-06
[train] step=2264 loss=0.116246 lr=8.790e-06
[train] step=2265 loss=0.127109 lr=8.789e-06
[train] step=2266 loss=0.314848 lr=8.788e-06
[train] step=2267 loss=0.180663 lr=8.787e-06
[train] step=2268 loss=0.173260 lr=8.786e-06
[train] step=2269 loss=0.289666 lr=8.785e-06
[train] step=2270 loss=0.155019 lr=8.784e-06
[train] step=2271 loss=0.203037 lr=8.783e-06
[train] step=2272 loss=0.245124 lr=8.782e-06
[train] step=2273 loss=0.237643 lr=8.781e-06
[train] step=2274 loss=0.189528 lr=8.780e-06
[train] step=2275 loss=0.144162 lr=8.779e-06
[train] step=2276 loss=0.420764 lr=8.778e-06
[train] step=2277 loss=0.306502 lr=8.777e-06
[train] step=2278 loss=0.224458 lr=8.776e-06
[train] step=2279 loss=0.270472 lr=8.775e-06
[train] step=2280 loss=0.107609 lr=8.774e-06
INFO     [rank 0] Model weights for step 2280 saved in       dit_trainer.py:1085
         checkpoints/model_weights_step_02280.safetensors                       
INFO     [rank 0] Scalar embedding weights for step 2280     dit_trainer.py:1092
         saved                                                                  
INFO     [rank 0] Training state saved:                      dit_trainer.py:1123
         checkpoints/model_weights_step_02280.state.pt                          
DEBUG    [rank 0] Removed old checkpoint:                    dit_trainer.py:1136
         /hppfs/scratch/0D/go76fuz2/windinet/outputs/shockwa                    
         ve_dit_anchor_kl1e7/checkpoints/model_weights_step_                    
         01680.safetensors                                                      
DEBUG    [rank 0] Removed old checkpoint:                    dit_trainer.py:1136
         /hppfs/scratch/0D/go76fuz2/windinet/outputs/shockwa                    
         ve_dit_anchor_kl1e7/checkpoints/model_weights_step_                    
         01680.state.pt                                                         
DEBUG    [rank 0] Removed old checkpoint:                    dit_trainer.py:1136
         /hppfs/scratch/0D/go76fuz2/windinet/outputs/shockwa                    
         ve_dit_anchor_kl1e7/checkpoints/scalar_embedding_st                    
         ep_01680.safetensors                                                   
[epoch 19] step=2280 train_loss=0.214714
[train] step=2281 loss=0.190368 lr=8.772e-06
[train] step=2282 loss=0.200536 lr=8.771e-06
[train] step=2283 loss=0.165025 lr=8.770e-06
[train] step=2284 loss=0.192053 lr=8.769e-06
[train] step=2285 loss=0.226700 lr=8.768e-06
[train] step=2286 loss=0.265643 lr=8.767e-06
[train] step=2287 loss=0.212894 lr=8.766e-06
[train] step=2288 loss=0.279675 lr=8.765e-06
[train] step=2289 loss=0.172369 lr=8.764e-06
[train] step=2290 loss=0.311276 lr=8.763e-06
[train] step=2291 loss=0.165630 lr=8.762e-06
[train] step=2292 loss=0.221922 lr=8.761e-06
[train] step=2293 loss=0.203074 lr=8.760e-06
[train] step=2294 loss=0.212344 lr=8.759e-06
[train] step=2295 loss=0.254948 lr=8.758e-06
[train] step=2296 loss=0.287917 lr=8.757e-06
[train] step=2297 loss=0.292910 lr=8.756e-06
[train] step=2298 loss=0.205873 lr=8.755e-06
[train] step=2299 loss=0.184486 lr=8.754e-06
[train] step=2300 loss=0.252203 lr=8.753e-06
[train] step=2301 loss=0.245788 lr=8.752e-06
[train] step=2302 loss=0.146227 lr=8.751e-06
[train] step=2303 loss=0.159536 lr=8.750e-06
[train] step=2304 loss=0.161781 lr=8.749e-06
[train] step=2305 loss=0.223840 lr=8.748e-06
[train] step=2306 loss=0.215580 lr=8.747e-06
[train] step=2307 loss=0.304418 lr=8.746e-06
[train] step=2308 loss=0.213243 lr=8.745e-06
[train] step=2309 loss=0.232856 lr=8.743e-06
[train] step=2310 loss=0.240358 lr=8.742e-06
[train] step=2311 loss=0.278387 lr=8.741e-06
[train] step=2312 loss=0.327230 lr=8.740e-06
[train] step=2313 loss=0.198439 lr=8.739e-06
[train] step=2314 loss=0.179339 lr=8.738e-06
[train] step=2315 loss=0.179056 lr=8.737e-06
[train] step=2316 loss=0.118011 lr=8.736e-06
[train] step=2317 loss=0.254885 lr=8.735e-06
[train] step=2318 loss=0.196051 lr=8.734e-06
[train] step=2319 loss=0.161181 lr=8.733e-06
[train] step=2320 loss=0.233342 lr=8.732e-06
[train] step=2321 loss=0.199278 lr=8.731e-06
[train] step=2322 loss=0.126460 lr=8.730e-06
[train] step=2323 loss=0.173170 lr=8.729e-06
[train] step=2324 loss=0.173064 lr=8.728e-06
[train] step=2325 loss=0.180762 lr=8.727e-06
[train] step=2326 loss=0.136949 lr=8.726e-06
[train] step=2327 loss=0.238554 lr=8.725e-06
[train] step=2328 loss=0.214621 lr=8.724e-06
[train] step=2329 loss=0.258792 lr=8.723e-06
[train] step=2330 loss=0.307706 lr=8.722e-06
[train] step=2331 loss=0.185806 lr=8.721e-06
[train] step=2332 loss=0.210562 lr=8.719e-06
[train] step=2333 loss=0.174567 lr=8.718e-06
[train] step=2334 loss=0.149454 lr=8.717e-06
[train] step=2335 loss=0.305050 lr=8.716e-06
[train] step=2336 loss=0.101082 lr=8.715e-06
[train] step=2337 loss=0.115616 lr=8.714e-06
[train] step=2338 loss=0.336674 lr=8.713e-06
[train] step=2339 loss=0.191457 lr=8.712e-06
[train] step=2340 loss=0.235492 lr=8.711e-06
[train] step=2341 loss=0.362586 lr=8.710e-06
[train] step=2342 loss=0.342914 lr=8.709e-06
[train] step=2343 loss=0.169135 lr=8.708e-06
[train] step=2344 loss=0.206824 lr=8.707e-06
[train] step=2345 loss=0.293378 lr=8.706e-06
[train] step=2346 loss=0.218318 lr=8.705e-06
[train] step=2347 loss=0.312146 lr=8.704e-06
[train] step=2348 loss=0.214221 lr=8.703e-06
[train] step=2349 loss=0.243659 lr=8.702e-06
[train] step=2350 loss=0.311959 lr=8.701e-06
[train] step=2351 loss=0.144398 lr=8.699e-06
[train] step=2352 loss=0.216971 lr=8.698e-06
[train] step=2353 loss=0.204686 lr=8.697e-06
[train] step=2354 loss=0.196795 lr=8.696e-06
[train] step=2355 loss=0.220888 lr=8.695e-06
[train] step=2356 loss=0.213170 lr=8.694e-06
[train] step=2357 loss=0.153598 lr=8.693e-06
[train] step=2358 loss=0.162443 lr=8.692e-06
[train] step=2359 loss=0.216049 lr=8.691e-06
[train] step=2360 loss=0.207106 lr=8.690e-06
[train] step=2361 loss=0.248080 lr=8.689e-06
[train] step=2362 loss=0.277645 lr=8.688e-06
[train] step=2363 loss=0.220810 lr=8.687e-06
[train] step=2364 loss=0.234165 lr=8.686e-06
[train] step=2365 loss=0.221459 lr=8.685e-06
[train] step=2366 loss=0.166597 lr=8.684e-06
[train] step=2367 loss=0.221148 lr=8.683e-06
[train] step=2368 loss=0.326696 lr=8.681e-06
[train] step=2369 loss=0.155418 lr=8.680e-06
[train] step=2370 loss=0.210579 lr=8.679e-06
[train] step=2371 loss=0.154637 lr=8.678e-06
[train] step=2372 loss=0.166613 lr=8.677e-06
[train] step=2373 loss=0.216482 lr=8.676e-06
[train] step=2374 loss=0.327356 lr=8.675e-06
[train] step=2375 loss=0.219857 lr=8.674e-06
[train] step=2376 loss=0.119911 lr=8.673e-06
[train] step=2377 loss=0.255321 lr=8.672e-06
[train] step=2378 loss=0.179377 lr=8.671e-06
[train] step=2379 loss=0.183783 lr=8.670e-06
[train] step=2380 loss=0.298732 lr=8.669e-06
[train] step=2381 loss=0.150004 lr=8.668e-06
[train] step=2382 loss=0.158615 lr=8.667e-06
[train] step=2383 loss=0.225774 lr=8.665e-06
[train] step=2384 loss=0.354302 lr=8.664e-06
[train] step=2385 loss=0.198779 lr=8.663e-06
[train] step=2386 loss=0.218082 lr=8.662e-06
[train] step=2387 loss=0.180195 lr=8.661e-06
[train] step=2388 loss=0.217882 lr=8.660e-06
[train] step=2389 loss=0.209708 lr=8.659e-06
[train] step=2390 loss=0.154840 lr=8.658e-06
[train] step=2391 loss=0.177387 lr=8.657e-06
[train] step=2392 loss=0.311719 lr=8.656e-06
[train] step=2393 loss=0.173577 lr=8.655e-06
[train] step=2394 loss=0.115165 lr=8.654e-06
[train] step=2395 loss=0.103691 lr=8.653e-06
[train] step=2396 loss=0.162654 lr=8.652e-06
[train] step=2397 loss=0.205115 lr=8.650e-06
[train] step=2398 loss=0.158050 lr=8.649e-06
[train] step=2399 loss=0.174142 lr=8.648e-06
[train] step=2400 loss=0.246848 lr=8.647e-06
[val] step=2400 val_loss=0.221131
INFO     [rank 0] Model weights for step 2400 saved in       dit_trainer.py:1085
         checkpoints/model_weights_step_02400.safetensors                       
INFO     [rank 0] Scalar embedding weights for step 2400     dit_trainer.py:1092
         saved                                                                  
INFO     [rank 0] Training state saved:                      dit_trainer.py:1123
         checkpoints/model_weights_step_02400.state.pt                          
DEBUG    [rank 0] Removed old checkpoint:                    dit_trainer.py:1136
         /hppfs/scratch/0D/go76fuz2/windinet/outputs/shockwa                    
         ve_dit_anchor_kl1e7/checkpoints/model_weights_step_                    
         01800.safetensors                                                      
DEBUG    [rank 0] Removed old checkpoint:                    dit_trainer.py:1136
         /hppfs/scratch/0D/go76fuz2/windinet/outputs/shockwa                    
         ve_dit_anchor_kl1e7/checkpoints/model_weights_step_                    
         01800.state.pt                                                         
DEBUG    [rank 0] Removed old checkpoint:                    dit_trainer.py:1136
         /hppfs/scratch/0D/go76fuz2/windinet/outputs/shockwa                    
         ve_dit_anchor_kl1e7/checkpoints/scalar_embedding_st                    
         ep_01800.safetensors                                                   
[epoch 20] step=2400 train_loss=0.212964 val_loss=0.221131
[train] step=2401 loss=0.228506 lr=8.646e-06
[train] step=2402 loss=0.177267 lr=8.645e-06
[train] step=2403 loss=0.251089 lr=8.644e-06
[train] step=2404 loss=0.205642 lr=8.643e-06
[train] step=2405 loss=0.265325 lr=8.642e-06
[train] step=2406 loss=0.102614 lr=8.641e-06
[train] step=2407 loss=0.307692 lr=8.640e-06
[train] step=2408 loss=0.147842 lr=8.639e-06
[train] step=2409 loss=0.182346 lr=8.638e-06
[train] step=2410 loss=0.149200 lr=8.637e-06
[train] step=2411 loss=0.469561 lr=8.635e-06
[train] step=2412 loss=0.231076 lr=8.634e-06
[train] step=2413 loss=0.257797 lr=8.633e-06
[train] step=2414 loss=0.279131 lr=8.632e-06
[train] step=2415 loss=0.227149 lr=8.631e-06
[train] step=2416 loss=0.260658 lr=8.630e-06
[train] step=2417 loss=0.292525 lr=8.629e-06
[train] step=2418 loss=0.219085 lr=8.628e-06
[train] step=2419 loss=0.159284 lr=8.627e-06
[train] step=2420 loss=0.265262 lr=8.626e-06
[train] step=2421 loss=0.208074 lr=8.625e-06
[train] step=2422 loss=0.149362 lr=8.624e-06
[train] step=2423 loss=0.226491 lr=8.622e-06
[train] step=2424 loss=0.222501 lr=8.621e-06
[train] step=2425 loss=0.206416 lr=8.620e-06
[train] step=2426 loss=0.182198 lr=8.619e-06
[train] step=2427 loss=0.342330 lr=8.618e-06
[train] step=2428 loss=0.223593 lr=8.617e-06
[train] step=2429 loss=0.144386 lr=8.616e-06
[train] step=2430 loss=0.270686 lr=8.615e-06
[train] step=2431 loss=0.219824 lr=8.614e-06
[train] step=2432 loss=0.248242 lr=8.613e-06
[train] step=2433 loss=0.289448 lr=8.612e-06
[train] step=2434 loss=0.210901 lr=8.611e-06
[train] step=2435 loss=0.162322 lr=8.609e-06
[train] step=2436 loss=0.231849 lr=8.608e-06
[train] step=2437 loss=0.214636 lr=8.607e-06
[train] step=2438 loss=0.205596 lr=8.606e-06
[train] step=2439 loss=0.191582 lr=8.605e-06
[train] step=2440 loss=0.155595 lr=8.604e-06
[train] step=2441 loss=0.148388 lr=8.603e-06
[train] step=2442 loss=0.182425 lr=8.602e-06
[train] step=2443 loss=0.126461 lr=8.601e-06
[train] step=2444 loss=0.317383 lr=8.600e-06
[train] step=2445 loss=0.189531 lr=8.599e-06
[train] step=2446 loss=0.183441 lr=8.597e-06
[train] step=2447 loss=0.185586 lr=8.596e-06
[train] step=2448 loss=0.114558 lr=8.595e-06
[train] step=2449 loss=0.266634 lr=8.594e-06
[train] step=2450 loss=0.190209 lr=8.593e-06
[train] step=2451 loss=0.204565 lr=8.592e-06
[train] step=2452 loss=0.171348 lr=8.591e-06
[train] step=2453 loss=0.182711 lr=8.590e-06
[train] step=2454 loss=0.166606 lr=8.589e-06
[train] step=2455 loss=0.207887 lr=8.588e-06
[train] step=2456 loss=0.228822 lr=8.587e-06
[train] step=2457 loss=0.203730 lr=8.585e-06
[train] step=2458 loss=0.159686 lr=8.584e-06
[train] step=2459 loss=0.128612 lr=8.583e-06
[train] step=2460 loss=0.148856 lr=8.582e-06
[train] step=2461 loss=0.307554 lr=8.581e-06
[train] step=2462 loss=0.250724 lr=8.580e-06
[train] step=2463 loss=0.265500 lr=8.579e-06
[train] step=2464 loss=0.196533 lr=8.578e-06
[train] step=2465 loss=0.186055 lr=8.577e-06
[train] step=2466 loss=0.150926 lr=8.576e-06
[train] step=2467 loss=0.265966 lr=8.575e-06
[train] step=2468 loss=0.166026 lr=8.573e-06
[train] step=2469 loss=0.280767 lr=8.572e-06
[train] step=2470 loss=0.099862 lr=8.571e-06
[train] step=2471 loss=0.200056 lr=8.570e-06
[train] step=2472 loss=0.183193 lr=8.569e-06
[train] step=2473 loss=0.275234 lr=8.568e-06
[train] step=2474 loss=0.192614 lr=8.567e-06
[train] step=2475 loss=0.236721 lr=8.566e-06
[train] step=2476 loss=0.177416 lr=8.565e-06
[train] step=2477 loss=0.260806 lr=8.564e-06
[train] step=2478 loss=0.157784 lr=8.562e-06
[train] step=2479 loss=0.333768 lr=8.561e-06
[train] step=2480 loss=0.224863 lr=8.560e-06
[train] step=2481 loss=0.240841 lr=8.559e-06
[train] step=2482 loss=0.209005 lr=8.558e-06
[train] step=2483 loss=0.188552 lr=8.557e-06
[train] step=2484 loss=0.118632 lr=8.556e-06
[train] step=2485 loss=0.189623 lr=8.555e-06
[train] step=2486 loss=0.206727 lr=8.554e-06
[train] step=2487 loss=0.160528 lr=8.552e-06
[train] step=2488 loss=0.264570 lr=8.551e-06
[train] step=2489 loss=0.171959 lr=8.550e-06
[train] step=2490 loss=0.246705 lr=8.549e-06
[train] step=2491 loss=0.160876 lr=8.548e-06
[train] step=2492 loss=0.196711 lr=8.547e-06
[train] step=2493 loss=0.290312 lr=8.546e-06
[train] step=2494 loss=0.390254 lr=8.545e-06
[train] step=2495 loss=0.208317 lr=8.544e-06
[train] step=2496 loss=0.378127 lr=8.543e-06
[train] step=2497 loss=0.174123 lr=8.541e-06
[train] step=2498 loss=0.231230 lr=8.540e-06
[train] step=2499 loss=0.298091 lr=8.539e-06
[train] step=2500 loss=0.232872 lr=8.538e-06
[train] step=2501 loss=0.127128 lr=8.537e-06
[train] step=2502 loss=0.187209 lr=8.536e-06
[train] step=2503 loss=0.080150 lr=8.535e-06
[train] step=2504 loss=0.243238 lr=8.534e-06
[train] step=2505 loss=0.146070 lr=8.533e-06
[train] step=2506 loss=0.184606 lr=8.531e-06
[train] step=2507 loss=0.121575 lr=8.530e-06
[train] step=2508 loss=0.194857 lr=8.529e-06
[train] step=2509 loss=0.278817 lr=8.528e-06
[train] step=2510 loss=0.199738 lr=8.527e-06
[train] step=2511 loss=0.079992 lr=8.526e-06
[train] step=2512 loss=0.238899 lr=8.525e-06
[train] step=2513 loss=0.174053 lr=8.524e-06
[train] step=2514 loss=0.101361 lr=8.523e-06
[train] step=2515 loss=0.298492 lr=8.521e-06
[train] step=2516 loss=0.210665 lr=8.520e-06
[train] step=2517 loss=0.238214 lr=8.519e-06
[train] step=2518 loss=0.225284 lr=8.518e-06
[train] step=2519 loss=0.152951 lr=8.517e-06
[train] step=2520 loss=0.178677 lr=8.516e-06
INFO     [rank 0] Model weights for step 2520 saved in       dit_trainer.py:1085
         checkpoints/model_weights_step_02520.safetensors                       
INFO     [rank 0] Scalar embedding weights for step 2520     dit_trainer.py:1092
         saved                                                                  
INFO     [rank 0] Training state saved:                      dit_trainer.py:1123
         checkpoints/model_weights_step_02520.state.pt                          
DEBUG    [rank 0] Removed old checkpoint:                    dit_trainer.py:1136
         /hppfs/scratch/0D/go76fuz2/windinet/outputs/shockwa                    
         ve_dit_anchor_kl1e7/checkpoints/model_weights_step_                    
         01920.safetensors                                                      
DEBUG    [rank 0] Removed old checkpoint:                    dit_trainer.py:1136
         /hppfs/scratch/0D/go76fuz2/windinet/outputs/shockwa                    
         ve_dit_anchor_kl1e7/checkpoints/model_weights_step_                    
         01920.state.pt                                                         
DEBUG    [rank 0] Removed old checkpoint:                    dit_trainer.py:1136
         /hppfs/scratch/0D/go76fuz2/windinet/outputs/shockwa                    
         ve_dit_anchor_kl1e7/checkpoints/scalar_embedding_st                    
         ep_01920.safetensors                                                   
[epoch 21] step=2520 train_loss=0.211609
[train] step=2521 loss=0.205370 lr=8.515e-06
[train] step=2522 loss=0.207338 lr=8.514e-06
[train] step=2523 loss=0.178613 lr=8.513e-06
[train] step=2524 loss=0.154874 lr=8.511e-06
[train] step=2525 loss=0.170855 lr=8.510e-06
[train] step=2526 loss=0.221364 lr=8.509e-06
[train] step=2527 loss=0.154254 lr=8.508e-06
[train] step=2528 loss=0.244803 lr=8.507e-06
[train] step=2529 loss=0.194469 lr=8.506e-06
[train] step=2530 loss=0.159552 lr=8.505e-06
[train] step=2531 loss=0.213892 lr=8.504e-06
[train] step=2532 loss=0.097940 lr=8.502e-06
[train] step=2533 loss=0.218929 lr=8.501e-06
[train] step=2534 loss=0.160262 lr=8.500e-06
[train] step=2535 loss=0.291760 lr=8.499e-06
[train] step=2536 loss=0.118602 lr=8.498e-06
[train] step=2537 loss=0.158313 lr=8.497e-06
[train] step=2538 loss=0.162738 lr=8.496e-06
[train] step=2539 loss=0.230468 lr=8.495e-06
[train] step=2540 loss=0.168100 lr=8.493e-06
[train] step=2541 loss=0.132192 lr=8.492e-06
[train] step=2542 loss=0.191153 lr=8.491e-06
[train] step=2543 loss=0.231081 lr=8.490e-06
[train] step=2544 loss=0.282418 lr=8.489e-06
[train] step=2545 loss=0.240787 lr=8.488e-06
[train] step=2546 loss=0.219792 lr=8.487e-06
[train] step=2547 loss=0.192056 lr=8.486e-06
[train] step=2548 loss=0.277855 lr=8.484e-06
[train] step=2549 loss=0.217009 lr=8.483e-06
[train] step=2550 loss=0.136333 lr=8.482e-06
[train] step=2551 loss=0.189637 lr=8.481e-06
[train] step=2552 loss=0.180587 lr=8.480e-06
[train] step=2553 loss=0.172004 lr=8.479e-06
[train] step=2554 loss=0.184460 lr=8.478e-06
[train] step=2555 loss=0.213210 lr=8.477e-06
[train] step=2556 loss=0.229676 lr=8.475e-06
[train] step=2557 loss=0.201140 lr=8.474e-06
[train] step=2558 loss=0.256658 lr=8.473e-06
[train] step=2559 loss=0.180624 lr=8.472e-06
[train] step=2560 loss=0.251064 lr=8.471e-06
[train] step=2561 loss=0.234186 lr=8.470e-06
[train] step=2562 loss=0.268038 lr=8.469e-06
[train] step=2563 loss=0.275277 lr=8.468e-06
[train] step=2564 loss=0.387951 lr=8.466e-06
[train] step=2565 loss=0.097826 lr=8.465e-06
[train] step=2566 loss=0.154805 lr=8.464e-06
[train] step=2567 loss=0.122883 lr=8.463e-06
[train] step=2568 loss=0.212807 lr=8.462e-06
[train] step=2569 loss=0.188730 lr=8.461e-06
[train] step=2570 loss=0.225205 lr=8.460e-06
[train] step=2571 loss=0.263297 lr=8.458e-06
[train] step=2572 loss=0.222915 lr=8.457e-06
[train] step=2573 loss=0.295741 lr=8.456e-06
[train] step=2574 loss=0.216164 lr=8.455e-06
[train] step=2575 loss=0.145467 lr=8.454e-06
[train] step=2576 loss=0.151085 lr=8.453e-06
[train] step=2577 loss=0.122543 lr=8.452e-06
[train] step=2578 loss=0.285852 lr=8.451e-06
[train] step=2579 loss=0.292042 lr=8.449e-06
[train] step=2580 loss=0.142820 lr=8.448e-06
[train] step=2581 loss=0.175656 lr=8.447e-06
[train] step=2582 loss=0.346931 lr=8.446e-06
[train] step=2583 loss=0.205430 lr=8.445e-06
[train] step=2584 loss=0.291655 lr=8.444e-06
[train] step=2585 loss=0.087231 lr=8.443e-06
[train] step=2586 loss=0.382853 lr=8.441e-06
[train] step=2587 loss=0.141456 lr=8.440e-06
[train] step=2588 loss=0.207755 lr=8.439e-06
[train] step=2589 loss=0.199775 lr=8.438e-06
[train] step=2590 loss=0.203302 lr=8.437e-06
[train] step=2591 loss=0.240136 lr=8.436e-06
[train] step=2592 loss=0.233956 lr=8.435e-06
[train] step=2593 loss=0.232215 lr=8.433e-06
[train] step=2594 loss=0.104502 lr=8.432e-06
[train] step=2595 loss=0.158983 lr=8.431e-06
[train] step=2596 loss=0.223898 lr=8.430e-06
[train] step=2597 loss=0.274015 lr=8.429e-06
[train] step=2598 loss=0.193534 lr=8.428e-06
[train] step=2599 loss=0.152296 lr=8.427e-06
[train] step=2600 loss=0.261350 lr=8.425e-06
[train] step=2601 loss=0.256566 lr=8.424e-06
[train] step=2602 loss=0.129729 lr=8.423e-06
[train] step=2603 loss=0.227472 lr=8.422e-06
[train] step=2604 loss=0.185782 lr=8.421e-06
[train] step=2605 loss=0.276581 lr=8.420e-06
[train] step=2606 loss=0.172818 lr=8.419e-06
[train] step=2607 loss=0.275023 lr=8.417e-06
[train] step=2608 loss=0.232743 lr=8.416e-06
[train] step=2609 loss=0.214737 lr=8.415e-06
[train] step=2610 loss=0.197605 lr=8.414e-06
[train] step=2611 loss=0.222434 lr=8.413e-06
[train] step=2612 loss=0.195449 lr=8.412e-06
[train] step=2613 loss=0.219427 lr=8.411e-06
[train] step=2614 loss=0.154468 lr=8.409e-06
[train] step=2615 loss=0.230788 lr=8.408e-06
[train] step=2616 loss=0.157695 lr=8.407e-06
[train] step=2617 loss=0.168288 lr=8.406e-06
[train] step=2618 loss=0.151465 lr=8.405e-06
[train] step=2619 loss=0.194856 lr=8.404e-06
[train] step=2620 loss=0.201957 lr=8.403e-06
[train] step=2621 loss=0.304863 lr=8.401e-06
[train] step=2622 loss=0.187723 lr=8.400e-06
[train] step=2623 loss=0.218583 lr=8.399e-06
[train] step=2624 loss=0.225513 lr=8.398e-06
[train] step=2625 loss=0.171350 lr=8.397e-06
[train] step=2626 loss=0.214342 lr=8.396e-06
[train] step=2627 loss=0.215124 lr=8.394e-06
[train] step=2628 loss=0.242535 lr=8.393e-06
[train] step=2629 loss=0.120650 lr=8.392e-06
[train] step=2630 loss=0.205582 lr=8.391e-06
[train] step=2631 loss=0.193539 lr=8.390e-06
[train] step=2632 loss=0.154764 lr=8.389e-06
[train] step=2633 loss=0.162632 lr=8.388e-06
[train] step=2634 loss=0.185992 lr=8.386e-06
[train] step=2635 loss=0.183242 lr=8.385e-06
[train] step=2636 loss=0.160180 lr=8.384e-06
[train] step=2637 loss=0.418481 lr=8.383e-06
[train] step=2638 loss=0.205040 lr=8.382e-06
[train] step=2639 loss=0.204341 lr=8.381e-06
[train] step=2640 loss=0.151597 lr=8.379e-06
INFO     [rank 0] Model weights for step 2640 saved in       dit_trainer.py:1085
         checkpoints/model_weights_step_02640.safetensors                       
INFO     [rank 0] Scalar embedding weights for step 2640     dit_trainer.py:1092
         saved                                                                  
INFO     [rank 0] Training state saved:                      dit_trainer.py:1123
         checkpoints/model_weights_step_02640.state.pt                          
DEBUG    [rank 0] Removed old checkpoint:                    dit_trainer.py:1136
         /hppfs/scratch/0D/go76fuz2/windinet/outputs/shockwa                    
         ve_dit_anchor_kl1e7/checkpoints/model_weights_step_                    
         02040.safetensors                                                      
DEBUG    [rank 0] Removed old checkpoint:                    dit_trainer.py:1136
         /hppfs/scratch/0D/go76fuz2/windinet/outputs/shockwa                    
         ve_dit_anchor_kl1e7/checkpoints/model_weights_step_                    
         02040.state.pt                                                         
DEBUG    [rank 0] Removed old checkpoint:                    dit_trainer.py:1136
         /hppfs/scratch/0D/go76fuz2/windinet/outputs/shockwa                    
         ve_dit_anchor_kl1e7/checkpoints/scalar_embedding_st                    
         ep_02040.safetensors                                                   
[epoch 22] step=2640 train_loss=0.206115
[train] step=2641 loss=0.218492 lr=8.378e-06
[train] step=2642 loss=0.116636 lr=8.377e-06
[train] step=2643 loss=0.161446 lr=8.376e-06
[train] step=2644 loss=0.200444 lr=8.375e-06
[train] step=2645 loss=0.213514 lr=8.374e-06
[train] step=2646 loss=0.291912 lr=8.372e-06
[train] step=2647 loss=0.139820 lr=8.371e-06
[train] step=2648 loss=0.152064 lr=8.370e-06
[train] step=2649 loss=0.255849 lr=8.369e-06
[train] step=2650 loss=0.189149 lr=8.368e-06
[train] step=2651 loss=0.169367 lr=8.367e-06
[train] step=2652 loss=0.209020 lr=8.366e-06
[train] step=2653 loss=0.171250 lr=8.364e-06
[train] step=2654 loss=0.267000 lr=8.363e-06
[train] step=2655 loss=0.229359 lr=8.362e-06
[train] step=2656 loss=0.155758 lr=8.361e-06
[train] step=2657 loss=0.181323 lr=8.360e-06
[train] step=2658 loss=0.153866 lr=8.359e-06
[train] step=2659 loss=0.196916 lr=8.357e-06
[train] step=2660 loss=0.152269 lr=8.356e-06
[train] step=2661 loss=0.213189 lr=8.355e-06
[train] step=2662 loss=0.177155 lr=8.354e-06
[train] step=2663 loss=0.228169 lr=8.353e-06
[train] step=2664 loss=0.220575 lr=8.352e-06
[train] step=2665 loss=0.246122 lr=8.350e-06
[train] step=2666 loss=0.109073 lr=8.349e-06
[train] step=2667 loss=0.186885 lr=8.348e-06
[train] step=2668 loss=0.192571 lr=8.347e-06
[train] step=2669 loss=0.176687 lr=8.346e-06
[train] step=2670 loss=0.219016 lr=8.345e-06
[train] step=2671 loss=0.162032 lr=8.343e-06
[train] step=2672 loss=0.237706 lr=8.342e-06
[train] step=2673 loss=0.195279 lr=8.341e-06
[train] step=2674 loss=0.166135 lr=8.340e-06
[train] step=2675 loss=0.142737 lr=8.339e-06
[train] step=2676 loss=0.177377 lr=8.338e-06
[train] step=2677 loss=0.246804 lr=8.336e-06
[train] step=2678 loss=0.133041 lr=8.335e-06
[train] step=2679 loss=0.276670 lr=8.334e-06
[train] step=2680 loss=0.132548 lr=8.333e-06
[train] step=2681 loss=0.234052 lr=8.332e-06
[train] step=2682 loss=0.358894 lr=8.331e-06
[train] step=2683 loss=0.154912 lr=8.329e-06
[train] step=2684 loss=0.221238 lr=8.328e-06
[train] step=2685 loss=0.166716 lr=8.327e-06
[train] step=2686 loss=0.215221 lr=8.326e-06
[train] step=2687 loss=0.220832 lr=8.325e-06
[train] step=2688 loss=0.080266 lr=8.324e-06
[train] step=2689 loss=0.228348 lr=8.322e-06
[train] step=2690 loss=0.135601 lr=8.321e-06
[train] step=2691 loss=0.187826 lr=8.320e-06
[train] step=2692 loss=0.267807 lr=8.319e-06
[train] step=2693 loss=0.128416 lr=8.318e-06
[train] step=2694 loss=0.353728 lr=8.316e-06
[train] step=2695 loss=0.167383 lr=8.315e-06
[train] step=2696 loss=0.222305 lr=8.314e-06
[train] step=2697 loss=0.254989 lr=8.313e-06
[train] step=2698 loss=0.166604 lr=8.312e-06
[train] step=2699 loss=0.291920 lr=8.311e-06
[train] step=2700 loss=0.235605 lr=8.309e-06
[train] step=2701 loss=0.200935 lr=8.308e-06
[train] step=2702 loss=0.157828 lr=8.307e-06
[train] step=2703 loss=0.253525 lr=8.306e-06
[train] step=2704 loss=0.254201 lr=8.305e-06
[train] step=2705 loss=0.191845 lr=8.304e-06
[train] step=2706 loss=0.162182 lr=8.302e-06
[train] step=2707 loss=0.356193 lr=8.301e-06
[train] step=2708 loss=0.161763 lr=8.300e-06
[train] step=2709 loss=0.208492 lr=8.299e-06
[train] step=2710 loss=0.189708 lr=8.298e-06
[train] step=2711 loss=0.223891 lr=8.296e-06
[train] step=2712 loss=0.150427 lr=8.295e-06
[train] step=2713 loss=0.132436 lr=8.294e-06
[train] step=2714 loss=0.230996 lr=8.293e-06
[train] step=2715 loss=0.204180 lr=8.292e-06
[train] step=2716 loss=0.159211 lr=8.291e-06
[train] step=2717 loss=0.237098 lr=8.289e-06
[train] step=2718 loss=0.207309 lr=8.288e-06
[train] step=2719 loss=0.150438 lr=8.287e-06
[train] step=2720 loss=0.205415 lr=8.286e-06
[train] step=2721 loss=0.289935 lr=8.285e-06
[train] step=2722 loss=0.215848 lr=8.283e-06
[train] step=2723 loss=0.199658 lr=8.282e-06
[train] step=2724 loss=0.268622 lr=8.281e-06
[train] step=2725 loss=0.100389 lr=8.280e-06
[train] step=2726 loss=0.318328 lr=8.279e-06
[train] step=2727 loss=0.178368 lr=8.278e-06
[train] step=2728 loss=0.329927 lr=8.276e-06
[train] step=2729 loss=0.229336 lr=8.275e-06
[train] step=2730 loss=0.137352 lr=8.274e-06
[train] step=2731 loss=0.177690 lr=8.273e-06
[train] step=2732 loss=0.196527 lr=8.272e-06
[train] step=2733 loss=0.160804 lr=8.270e-06
[train] step=2734 loss=0.330951 lr=8.269e-06
[train] step=2735 loss=0.238039 lr=8.268e-06
[train] step=2736 loss=0.239872 lr=8.267e-06
[train] step=2737 loss=0.228949 lr=8.266e-06
[train] step=2738 loss=0.153314 lr=8.264e-06
[train] step=2739 loss=0.230175 lr=8.263e-06
[train] step=2740 loss=0.329841 lr=8.262e-06
[train] step=2741 loss=0.266193 lr=8.261e-06
[train] step=2742 loss=0.171026 lr=8.260e-06
[train] step=2743 loss=0.266557 lr=8.259e-06
[train] step=2744 loss=0.287661 lr=8.257e-06
[train] step=2745 loss=0.241814 lr=8.256e-06
[train] step=2746 loss=0.115596 lr=8.255e-06
[train] step=2747 loss=0.191960 lr=8.254e-06
[train] step=2748 loss=0.557624 lr=8.253e-06
[train] step=2749 loss=0.217302 lr=8.251e-06
[train] step=2750 loss=0.196546 lr=8.250e-06
[train] step=2751 loss=0.208486 lr=8.249e-06
[train] step=2752 loss=0.155369 lr=8.248e-06
[train] step=2753 loss=0.229250 lr=8.247e-06
[train] step=2754 loss=0.185078 lr=8.245e-06
[train] step=2755 loss=0.214162 lr=8.244e-06
[train] step=2756 loss=0.217396 lr=8.243e-06
[train] step=2757 loss=0.191157 lr=8.242e-06
[train] step=2758 loss=0.184020 lr=8.241e-06
[train] step=2759 loss=0.161921 lr=8.239e-06
[train] step=2760 loss=0.260574 lr=8.238e-06
INFO     [rank 0] Model weights for step 2760 saved in       dit_trainer.py:1085
         checkpoints/model_weights_step_02760.safetensors                       
INFO     [rank 0] Scalar embedding weights for step 2760     dit_trainer.py:1092
         saved                                                                  
INFO     [rank 0] Training state saved:                      dit_trainer.py:1123
         checkpoints/model_weights_step_02760.state.pt                          
DEBUG    [rank 0] Removed old checkpoint:                    dit_trainer.py:1136
         /hppfs/scratch/0D/go76fuz2/windinet/outputs/shockwa                    
         ve_dit_anchor_kl1e7/checkpoints/model_weights_step_                    
         02160.safetensors                                                      
DEBUG    [rank 0] Removed old checkpoint:                    dit_trainer.py:1136
         /hppfs/scratch/0D/go76fuz2/windinet/outputs/shockwa                    
         ve_dit_anchor_kl1e7/checkpoints/model_weights_step_                    
         02160.state.pt                                                         
DEBUG    [rank 0] Removed old checkpoint:                    dit_trainer.py:1136
         /hppfs/scratch/0D/go76fuz2/windinet/outputs/shockwa                    
         ve_dit_anchor_kl1e7/checkpoints/scalar_embedding_st                    
         ep_02160.safetensors                                                   
[epoch 23] step=2760 train_loss=0.208005
[train] step=2761 loss=0.140722 lr=8.237e-06
[train] step=2762 loss=0.266140 lr=8.236e-06
[train] step=2763 loss=0.238646 lr=8.235e-06
[train] step=2764 loss=0.216333 lr=8.233e-06
[train] step=2765 loss=0.185632 lr=8.232e-06
[train] step=2766 loss=0.182801 lr=8.231e-06
[train] step=2767 loss=0.226617 lr=8.230e-06
[train] step=2768 loss=0.243849 lr=8.229e-06
[train] step=2769 loss=0.259736 lr=8.227e-06
[train] step=2770 loss=0.200959 lr=8.226e-06
[train] step=2771 loss=0.229155 lr=8.225e-06
[train] step=2772 loss=0.212866 lr=8.224e-06
[train] step=2773 loss=0.353139 lr=8.223e-06
[train] step=2774 loss=0.163383 lr=8.221e-06
[train] step=2775 loss=0.209898 lr=8.220e-06
[train] step=2776 loss=0.111869 lr=8.219e-06
[train] step=2777 loss=0.123831 lr=8.218e-06
[train] step=2778 loss=0.134010 lr=8.217e-06
[train] step=2779 loss=0.235798 lr=8.215e-06
[train] step=2780 loss=0.154652 lr=8.214e-06
[train] step=2781 loss=0.172092 lr=8.213e-06
[train] step=2782 loss=0.263821 lr=8.212e-06
[train] step=2783 loss=0.204690 lr=8.211e-06
[train] step=2784 loss=0.145011 lr=8.209e-06
[train] step=2785 loss=0.250067 lr=8.208e-06
[train] step=2786 loss=0.118609 lr=8.207e-06
[train] step=2787 loss=0.146728 lr=8.206e-06
[train] step=2788 loss=0.261927 lr=8.205e-06
[train] step=2789 loss=0.141285 lr=8.203e-06
[train] step=2790 loss=0.153640 lr=8.202e-06
[train] step=2791 loss=0.156405 lr=8.201e-06
[train] step=2792 loss=0.284690 lr=8.200e-06
[train] step=2793 loss=0.185738 lr=8.199e-06
[train] step=2794 loss=0.198828 lr=8.197e-06
[train] step=2795 loss=0.186164 lr=8.196e-06
[train] step=2796 loss=0.396222 lr=8.195e-06
[train] step=2797 loss=0.149050 lr=8.194e-06
[train] step=2798 loss=0.201834 lr=8.193e-06
[train] step=2799 loss=0.236559 lr=8.191e-06
[train] step=2800 loss=0.206137 lr=8.190e-06
[train] step=2801 loss=0.195468 lr=8.189e-06
[train] step=2802 loss=0.211543 lr=8.188e-06
[train] step=2803 loss=0.182997 lr=8.187e-06
[train] step=2804 loss=0.196542 lr=8.185e-06
[train] step=2805 loss=0.233419 lr=8.184e-06
[train] step=2806 loss=0.257672 lr=8.183e-06
[train] step=2807 loss=0.240539 lr=8.182e-06
[train] step=2808 loss=0.206318 lr=8.180e-06
[train] step=2809 loss=0.187690 lr=8.179e-06
[train] step=2810 loss=0.226546 lr=8.178e-06
[train] step=2811 loss=0.248986 lr=8.177e-06
[train] step=2812 loss=0.137186 lr=8.176e-06
[train] step=2813 loss=0.169683 lr=8.174e-06
[train] step=2814 loss=0.195470 lr=8.173e-06
[train] step=2815 loss=0.176333 lr=8.172e-06
[train] step=2816 loss=0.277424 lr=8.171e-06
[train] step=2817 loss=0.217027 lr=8.170e-06
[train] step=2818 loss=0.231501 lr=8.168e-06
[train] step=2819 loss=0.172717 lr=8.167e-06
[train] step=2820 loss=0.163372 lr=8.166e-06
[train] step=2821 loss=0.173677 lr=8.165e-06
[train] step=2822 loss=0.075955 lr=8.163e-06
[train] step=2823 loss=0.224881 lr=8.162e-06
[train] step=2824 loss=0.233162 lr=8.161e-06
[train] step=2825 loss=0.282066 lr=8.160e-06
[train] step=2826 loss=0.275874 lr=8.159e-06
[train] step=2827 loss=0.128078 lr=8.157e-06
[train] step=2828 loss=0.171640 lr=8.156e-06
[train] step=2829 loss=0.175017 lr=8.155e-06
[train] step=2830 loss=0.179152 lr=8.154e-06
[train] step=2831 loss=0.228159 lr=8.153e-06
[train] step=2832 loss=0.247177 lr=8.151e-06
[train] step=2833 loss=0.277603 lr=8.150e-06
[train] step=2834 loss=0.210602 lr=8.149e-06
[train] step=2835 loss=0.196942 lr=8.148e-06
[train] step=2836 loss=0.238703 lr=8.146e-06
[train] step=2837 loss=0.242487 lr=8.145e-06
[train] step=2838 loss=0.171369 lr=8.144e-06
[train] step=2839 loss=0.222839 lr=8.143e-06
[train] step=2840 loss=0.174170 lr=8.142e-06
[train] step=2841 loss=0.212595 lr=8.140e-06
[train] step=2842 loss=0.225013 lr=8.139e-06
[train] step=2843 loss=0.226412 lr=8.138e-06
[train] step=2844 loss=0.238533 lr=8.137e-06
[train] step=2845 loss=0.182647 lr=8.135e-06
[train] step=2846 loss=0.242712 lr=8.134e-06
[train] step=2847 loss=0.203421 lr=8.133e-06
[train] step=2848 loss=0.170930 lr=8.132e-06
[train] step=2849 loss=0.129779 lr=8.131e-06
[train] step=2850 loss=0.223343 lr=8.129e-06
[train] step=2851 loss=0.211336 lr=8.128e-06
[train] step=2852 loss=0.169613 lr=8.127e-06
[train] step=2853 loss=0.156790 lr=8.126e-06
[train] step=2854 loss=0.248560 lr=8.124e-06
[train] step=2855 loss=0.235205 lr=8.123e-06
[train] step=2856 loss=0.290008 lr=8.122e-06
[train] step=2857 loss=0.190193 lr=8.121e-06
[train] step=2858 loss=0.150383 lr=8.120e-06
[train] step=2859 loss=0.262800 lr=8.118e-06
[train] step=2860 loss=0.182293 lr=8.117e-06
[train] step=2861 loss=0.323862 lr=8.116e-06
[train] step=2862 loss=0.279965 lr=8.115e-06
[train] step=2863 loss=0.296224 lr=8.113e-06
[train] step=2864 loss=0.216362 lr=8.112e-06
[train] step=2865 loss=0.121815 lr=8.111e-06
[train] step=2866 loss=0.152211 lr=8.110e-06
[train] step=2867 loss=0.175538 lr=8.108e-06
[train] step=2868 loss=0.218711 lr=8.107e-06
[train] step=2869 loss=0.229178 lr=8.106e-06
[train] step=2870 loss=0.170529 lr=8.105e-06
[train] step=2871 loss=0.191236 lr=8.104e-06
[train] step=2872 loss=0.302844 lr=8.102e-06
[train] step=2873 loss=0.189742 lr=8.101e-06
[train] step=2874 loss=0.187100 lr=8.100e-06
[train] step=2875 loss=0.301504 lr=8.099e-06
[train] step=2876 loss=0.192383 lr=8.097e-06
[train] step=2877 loss=0.146470 lr=8.096e-06
[train] step=2878 loss=0.232117 lr=8.095e-06
[train] step=2879 loss=0.296383 lr=8.094e-06
[train] step=2880 loss=0.122527 lr=8.092e-06
INFO     [rank 0] Model weights for step 2880 saved in       dit_trainer.py:1085
         checkpoints/model_weights_step_02880.safetensors                       
INFO     [rank 0] Scalar embedding weights for step 2880     dit_trainer.py:1092
         saved                                                                  
INFO     [rank 0] Training state saved:                      dit_trainer.py:1123
         checkpoints/model_weights_step_02880.state.pt                          
DEBUG    [rank 0] Removed old checkpoint:                    dit_trainer.py:1136
         /hppfs/scratch/0D/go76fuz2/windinet/outputs/shockwa                    
         ve_dit_anchor_kl1e7/checkpoints/model_weights_step_                    
         02280.safetensors                                                      
DEBUG    [rank 0] Removed old checkpoint:                    dit_trainer.py:1136
         /hppfs/scratch/0D/go76fuz2/windinet/outputs/shockwa                    
         ve_dit_anchor_kl1e7/checkpoints/model_weights_step_                    
         02280.state.pt                                                         
DEBUG    [rank 0] Removed old checkpoint:                    dit_trainer.py:1136
         /hppfs/scratch/0D/go76fuz2/windinet/outputs/shockwa                    
         ve_dit_anchor_kl1e7/checkpoints/scalar_embedding_st                    
         ep_02280.safetensors                                                   
[epoch 24] step=2880 train_loss=0.208707
[train] step=2881 loss=0.152634 lr=8.091e-06
[train] step=2882 loss=0.295826 lr=8.090e-06
[train] step=2883 loss=0.276445 lr=8.089e-06
[train] step=2884 loss=0.408619 lr=8.088e-06
[train] step=2885 loss=0.197624 lr=8.086e-06
[train] step=2886 loss=0.160453 lr=8.085e-06
[train] step=2887 loss=0.250007 lr=8.084e-06
[train] step=2888 loss=0.246902 lr=8.083e-06
[train] step=2889 loss=0.246776 lr=8.081e-06
[train] step=2890 loss=0.158451 lr=8.080e-06
[train] step=2891 loss=0.215650 lr=8.079e-06
[train] step=2892 loss=0.194717 lr=8.078e-06
[train] step=2893 loss=0.226914 lr=8.076e-06
[train] step=2894 loss=0.172211 lr=8.075e-06
[train] step=2895 loss=0.099727 lr=8.074e-06
[train] step=2896 loss=0.323677 lr=8.073e-06
[train] step=2897 loss=0.267657 lr=8.071e-06
[train] step=2898 loss=0.202884 lr=8.070e-06
[train] step=2899 loss=0.165831 lr=8.069e-06
[train] step=2900 loss=0.142128 lr=8.068e-06
[train] step=2901 loss=0.228973 lr=8.066e-06
[train] step=2902 loss=0.411936 lr=8.065e-06
[train] step=2903 loss=0.320094 lr=8.064e-06
[train] step=2904 loss=0.338950 lr=8.063e-06
[train] step=2905 loss=0.214697 lr=8.062e-06
[train] step=2906 loss=0.167747 lr=8.060e-06
[train] step=2907 loss=0.164805 lr=8.059e-06
[train] step=2908 loss=0.111735 lr=8.058e-06
[train] step=2909 loss=0.119812 lr=8.057e-06
[train] step=2910 loss=0.232201 lr=8.055e-06
[train] step=2911 loss=0.244289 lr=8.054e-06
[train] step=2912 loss=0.277858 lr=8.053e-06
[train] step=2913 loss=0.184947 lr=8.052e-06
[train] step=2914 loss=0.193827 lr=8.050e-06
[train] step=2915 loss=0.120532 lr=8.049e-06
[train] step=2916 loss=0.191879 lr=8.048e-06
[train] step=2917 loss=0.457267 lr=8.047e-06
[train] step=2918 loss=0.152536 lr=8.045e-06
[train] step=2919 loss=0.248458 lr=8.044e-06
[train] step=2920 loss=0.203483 lr=8.043e-06
[train] step=2921 loss=0.216758 lr=8.042e-06
[train] step=2922 loss=0.185853 lr=8.040e-06
[train] step=2923 loss=0.211349 lr=8.039e-06
[train] step=2924 loss=0.241667 lr=8.038e-06
[train] step=2925 loss=0.230693 lr=8.037e-06
[train] step=2926 loss=0.311715 lr=8.035e-06
[train] step=2927 loss=0.179215 lr=8.034e-06
[train] step=2928 loss=0.295024 lr=8.033e-06
[train] step=2929 loss=0.288432 lr=8.032e-06
[train] step=2930 loss=0.148097 lr=8.030e-06
[train] step=2931 loss=0.274842 lr=8.029e-06
[train] step=2932 loss=0.213669 lr=8.028e-06
[train] step=2933 loss=0.174340 lr=8.027e-06
[train] step=2934 loss=0.122666 lr=8.025e-06
[train] step=2935 loss=0.240883 lr=8.024e-06
[train] step=2936 loss=0.159450 lr=8.023e-06
[train] step=2937 loss=0.201556 lr=8.022e-06
[train] step=2938 loss=0.189318 lr=8.020e-06
[train] step=2939 loss=0.203714 lr=8.019e-06
[train] step=2940 loss=0.214553 lr=8.018e-06
[train] step=2941 loss=0.326209 lr=8.017e-06
[train] step=2942 loss=0.151875 lr=8.015e-06
[train] step=2943 loss=0.185166 lr=8.014e-06
[train] step=2944 loss=0.323774 lr=8.013e-06
[train] step=2945 loss=0.182988 lr=8.012e-06
[train] step=2946 loss=0.337910 lr=8.010e-06
[train] step=2947 loss=0.182957 lr=8.009e-06
[train] step=2948 loss=0.161840 lr=8.008e-06
[train] step=2949 loss=0.170036 lr=8.007e-06
[train] step=2950 loss=0.175340 lr=8.005e-06
[train] step=2951 loss=0.187743 lr=8.004e-06
[train] step=2952 loss=0.295512 lr=8.003e-06
[train] step=2953 loss=0.207294 lr=8.002e-06
[train] step=2954 loss=0.120639 lr=8.000e-06
[train] step=2955 loss=0.189981 lr=7.999e-06
[train] step=2956 loss=0.156038 lr=7.998e-06
[train] step=2957 loss=0.222535 lr=7.997e-06
[train] step=2958 loss=0.231124 lr=7.995e-06
[train] step=2959 loss=0.204562 lr=7.994e-06
[train] step=2960 loss=0.217405 lr=7.993e-06
[train] step=2961 loss=0.194250 lr=7.992e-06
[train] step=2962 loss=0.233746 lr=7.990e-06
[train] step=2963 loss=0.086808 lr=7.989e-06
[train] step=2964 loss=0.139973 lr=7.988e-06
[train] step=2965 loss=0.139287 lr=7.987e-06
[train] step=2966 loss=0.137088 lr=7.985e-06
[train] step=2967 loss=0.183539 lr=7.984e-06
[train] step=2968 loss=0.156908 lr=7.983e-06
[train] step=2969 loss=0.225509 lr=7.981e-06
[train] step=2970 loss=0.186392 lr=7.980e-06
[train] step=2971 loss=0.340494 lr=7.979e-06
[train] step=2972 loss=0.214718 lr=7.978e-06
[train] step=2973 loss=0.179289 lr=7.976e-06
[train] step=2974 loss=0.129135 lr=7.975e-06
[train] step=2975 loss=0.311701 lr=7.974e-06
[train] step=2976 loss=0.169008 lr=7.973e-06
[train] step=2977 loss=0.178863 lr=7.971e-06
[train] step=2978 loss=0.243892 lr=7.970e-06
[train] step=2979 loss=0.159637 lr=7.969e-06
[train] step=2980 loss=0.170470 lr=7.968e-06
[train] step=2981 loss=0.188112 lr=7.966e-06
[train] step=2982 loss=0.367512 lr=7.965e-06
[train] step=2983 loss=0.282376 lr=7.964e-06
[train] step=2984 loss=0.244901 lr=7.963e-06
[train] step=2985 loss=0.149474 lr=7.961e-06
[train] step=2986 loss=0.186260 lr=7.960e-06
[train] step=2987 loss=0.136707 lr=7.959e-06
[train] step=2988 loss=0.174573 lr=7.957e-06
[train] step=2989 loss=0.454984 lr=7.956e-06
[train] step=2990 loss=0.180191 lr=7.955e-06
[train] step=2991 loss=0.120824 lr=7.954e-06
[train] step=2992 loss=0.148858 lr=7.952e-06
[train] step=2993 loss=0.407927 lr=7.951e-06
[train] step=2994 loss=0.328415 lr=7.950e-06
[train] step=2995 loss=0.274226 lr=7.949e-06
[train] step=2996 loss=0.173441 lr=7.947e-06
[train] step=2997 loss=0.248444 lr=7.946e-06
[train] step=2998 loss=0.283266 lr=7.945e-06
[train] step=2999 loss=0.122065 lr=7.944e-06
[train] step=3000 loss=0.142814 lr=7.942e-06
[val] step=3000 val_loss=0.219339
INFO     [rank 0] Model weights for step 3000 saved in       dit_trainer.py:1085
         checkpoints/model_weights_step_03000.safetensors                       
INFO     [rank 0] Scalar embedding weights for step 3000     dit_trainer.py:1092
         saved                                                                  
INFO     [rank 0] Training state saved:                      dit_trainer.py:1123
         checkpoints/model_weights_step_03000.state.pt                          
DEBUG    [rank 0] Removed old checkpoint:                    dit_trainer.py:1136
         /hppfs/scratch/0D/go76fuz2/windinet/outputs/shockwa                    
         ve_dit_anchor_kl1e7/checkpoints/model_weights_step_                    
         02400.safetensors                                                      
DEBUG    [rank 0] Removed old checkpoint:                    dit_trainer.py:1136
         /hppfs/scratch/0D/go76fuz2/windinet/outputs/shockwa                    
         ve_dit_anchor_kl1e7/checkpoints/model_weights_step_                    
         02400.state.pt                                                         
DEBUG    [rank 0] Removed old checkpoint:                    dit_trainer.py:1136
         /hppfs/scratch/0D/go76fuz2/windinet/outputs/shockwa                    
         ve_dit_anchor_kl1e7/checkpoints/scalar_embedding_st                    
         ep_02400.safetensors                                                   
[epoch 25] step=3000 train_loss=0.215847 val_loss=0.219339
[train] step=3001 loss=0.166407 lr=7.941e-06
[train] step=3002 loss=0.214734 lr=7.940e-06
[train] step=3003 loss=0.218819 lr=7.938e-06
[train] step=3004 loss=0.243944 lr=7.937e-06
[train] step=3005 loss=0.191008 lr=7.936e-06
[train] step=3006 loss=0.265552 lr=7.935e-06
[train] step=3007 loss=0.200448 lr=7.933e-06
[train] step=3008 loss=0.183540 lr=7.932e-06
[train] step=3009 loss=0.200831 lr=7.931e-06
[train] step=3010 loss=0.258645 lr=7.930e-06
[train] step=3011 loss=0.136376 lr=7.928e-06
[train] step=3012 loss=0.153832 lr=7.927e-06
[train] step=3013 loss=0.138505 lr=7.926e-06
[train] step=3014 loss=0.143380 lr=7.924e-06
[train] step=3015 loss=0.129580 lr=7.923e-06
[train] step=3016 loss=0.267284 lr=7.922e-06
[train] step=3017 loss=0.264978 lr=7.921e-06
[train] step=3018 loss=0.259901 lr=7.919e-06
[train] step=3019 loss=0.450376 lr=7.918e-06
[train] step=3020 loss=0.160883 lr=7.917e-06
[train] step=3021 loss=0.113754 lr=7.916e-06
[train] step=3022 loss=0.134609 lr=7.914e-06
[train] step=3023 loss=0.155090 lr=7.913e-06
[train] step=3024 loss=0.218574 lr=7.912e-06
[train] step=3025 loss=0.169319 lr=7.910e-06
[train] step=3026 loss=0.153106 lr=7.909e-06
[train] step=3027 loss=0.142483 lr=7.908e-06
[train] step=3028 loss=0.177171 lr=7.907e-06
[train] step=3029 loss=0.226415 lr=7.905e-06
[train] step=3030 loss=0.146930 lr=7.904e-06
[train] step=3031 loss=0.181009 lr=7.903e-06
[train] step=3032 loss=0.283859 lr=7.901e-06
[train] step=3033 loss=0.398417 lr=7.900e-06
[train] step=3034 loss=0.166732 lr=7.899e-06
[train] step=3035 loss=0.219414 lr=7.898e-06
[train] step=3036 loss=0.202944 lr=7.896e-06
[train] step=3037 loss=0.317187 lr=7.895e-06
[train] step=3038 loss=0.135229 lr=7.894e-06
[train] step=3039 loss=0.201365 lr=7.893e-06
[train] step=3040 loss=0.251746 lr=7.891e-06
[train] step=3041 loss=0.227431 lr=7.890e-06
[train] step=3042 loss=0.200706 lr=7.889e-06
[train] step=3043 loss=0.296431 lr=7.887e-06
[train] step=3044 loss=0.162503 lr=7.886e-06
[train] step=3045 loss=0.251373 lr=7.885e-06
[train] step=3046 loss=0.201758 lr=7.884e-06
[train] step=3047 loss=0.110144 lr=7.882e-06
[train] step=3048 loss=0.235292 lr=7.881e-06
[train] step=3049 loss=0.197153 lr=7.880e-06
[train] step=3050 loss=0.227859 lr=7.878e-06
[train] step=3051 loss=0.311556 lr=7.877e-06
[train] step=3052 loss=0.265390 lr=7.876e-06
[train] step=3053 loss=0.178437 lr=7.875e-06
[train] step=3054 loss=0.210262 lr=7.873e-06
[train] step=3055 loss=0.109149 lr=7.872e-06
[train] step=3056 loss=0.217085 lr=7.871e-06
[train] step=3057 loss=0.277871 lr=7.869e-06
[train] step=3058 loss=0.265043 lr=7.868e-06
[train] step=3059 loss=0.106532 lr=7.867e-06
[train] step=3060 loss=0.261570 lr=7.866e-06
[train] step=3061 loss=0.165209 lr=7.864e-06
[train] step=3062 loss=0.212672 lr=7.863e-06
[train] step=3063 loss=0.245141 lr=7.862e-06
[train] step=3064 loss=0.242924 lr=7.860e-06
[train] step=3065 loss=0.197417 lr=7.859e-06
[train] step=3066 loss=0.233106 lr=7.858e-06
[train] step=3067 loss=0.211435 lr=7.857e-06
[train] step=3068 loss=0.160631 lr=7.855e-06
[train] step=3069 loss=0.241922 lr=7.854e-06
[train] step=3070 loss=0.260143 lr=7.853e-06
[train] step=3071 loss=0.278456 lr=7.851e-06
[train] step=3072 loss=0.247545 lr=7.850e-06
[train] step=3073 loss=0.194940 lr=7.849e-06
[train] step=3074 loss=0.198819 lr=7.848e-06
[train] step=3075 loss=0.204881 lr=7.846e-06
[train] step=3076 loss=0.138007 lr=7.845e-06
[train] step=3077 loss=0.255650 lr=7.844e-06
[train] step=3078 loss=0.202421 lr=7.842e-06
[train] step=3079 loss=0.240746 lr=7.841e-06
[train] step=3080 loss=0.201188 lr=7.840e-06
[train] step=3081 loss=0.137585 lr=7.839e-06
[train] step=3082 loss=0.166879 lr=7.837e-06
[train] step=3083 loss=0.353989 lr=7.836e-06
[train] step=3084 loss=0.195790 lr=7.835e-06
[train] step=3085 loss=0.147279 lr=7.833e-06
[train] step=3086 loss=0.109912 lr=7.832e-06
[train] step=3087 loss=0.262563 lr=7.831e-06
[train] step=3088 loss=0.133603 lr=7.829e-06
[train] step=3089 loss=0.136946 lr=7.828e-06
[train] step=3090 loss=0.190222 lr=7.827e-06
[train] step=3091 loss=0.258114 lr=7.826e-06
[train] step=3092 loss=0.191339 lr=7.824e-06
[train] step=3093 loss=0.278365 lr=7.823e-06
[train] step=3094 loss=0.249116 lr=7.822e-06
[train] step=3095 loss=0.290832 lr=7.820e-06
[train] step=3096 loss=0.220211 lr=7.819e-06
[train] step=3097 loss=0.151242 lr=7.818e-06
[train] step=3098 loss=0.147262 lr=7.816e-06
[train] step=3099 loss=0.209853 lr=7.815e-06
[train] step=3100 loss=0.259757 lr=7.814e-06
[train] step=3101 loss=0.179316 lr=7.813e-06
[train] step=3102 loss=0.189233 lr=7.811e-06
[train] step=3103 loss=0.232994 lr=7.810e-06
[train] step=3104 loss=0.197665 lr=7.809e-06
[train] step=3105 loss=0.188195 lr=7.807e-06
[train] step=3106 loss=0.275014 lr=7.806e-06
[train] step=3107 loss=0.144178 lr=7.805e-06
[train] step=3108 loss=0.272046 lr=7.804e-06
[train] step=3109 loss=0.252362 lr=7.802e-06
[train] step=3110 loss=0.174333 lr=7.801e-06
[train] step=3111 loss=0.181510 lr=7.800e-06
[train] step=3112 loss=0.329657 lr=7.798e-06
[train] step=3113 loss=0.215948 lr=7.797e-06
[train] step=3114 loss=0.302983 lr=7.796e-06
[train] step=3115 loss=0.145644 lr=7.794e-06
[train] step=3116 loss=0.251894 lr=7.793e-06
[train] step=3117 loss=0.197071 lr=7.792e-06
[train] step=3118 loss=0.136307 lr=7.791e-06
[train] step=3119 loss=0.157560 lr=7.789e-06
[train] step=3120 loss=0.201790 lr=7.788e-06
INFO     [rank 0] Model weights for step 3120 saved in       dit_trainer.py:1085
         checkpoints/model_weights_step_03120.safetensors                       
INFO     [rank 0] Scalar embedding weights for step 3120     dit_trainer.py:1092
         saved                                                                  
INFO     [rank 0] Training state saved:                      dit_trainer.py:1123
         checkpoints/model_weights_step_03120.state.pt                          
DEBUG    [rank 0] Removed old checkpoint:                    dit_trainer.py:1136
         /hppfs/scratch/0D/go76fuz2/windinet/outputs/shockwa                    
         ve_dit_anchor_kl1e7/checkpoints/model_weights_step_                    
         02520.safetensors                                                      
DEBUG    [rank 0] Removed old checkpoint:                    dit_trainer.py:1136
         /hppfs/scratch/0D/go76fuz2/windinet/outputs/shockwa                    
         ve_dit_anchor_kl1e7/checkpoints/model_weights_step_                    
         02520.state.pt                                                         
DEBUG    [rank 0] Removed old checkpoint:                    dit_trainer.py:1136
         /hppfs/scratch/0D/go76fuz2/windinet/outputs/shockwa                    
         ve_dit_anchor_kl1e7/checkpoints/scalar_embedding_st                    
         ep_02520.safetensors                                                   
[epoch 26] step=3120 train_loss=0.209573
[train] step=3121 loss=0.214731 lr=7.787e-06
[train] step=3122 loss=0.138657 lr=7.785e-06
[train] step=3123 loss=0.218478 lr=7.784e-06
[train] step=3124 loss=0.190859 lr=7.783e-06
[train] step=3125 loss=0.299813 lr=7.781e-06
[train] step=3126 loss=0.231246 lr=7.780e-06
[train] step=3127 loss=0.198673 lr=7.779e-06
[train] step=3128 loss=0.190420 lr=7.777e-06
[train] step=3129 loss=0.448071 lr=7.776e-06
[train] step=3130 loss=0.149824 lr=7.775e-06
[train] step=3131 loss=0.192205 lr=7.774e-06
[train] step=3132 loss=0.181810 lr=7.772e-06
[train] step=3133 loss=0.376550 lr=7.771e-06
[train] step=3134 loss=0.098621 lr=7.770e-06
[train] step=3135 loss=0.215677 lr=7.768e-06
[train] step=3136 loss=0.295753 lr=7.767e-06
[train] step=3137 loss=0.259434 lr=7.766e-06
[train] step=3138 loss=0.168267 lr=7.764e-06
[train] step=3139 loss=0.111867 lr=7.763e-06
[train] step=3140 loss=0.228280 lr=7.762e-06
[train] step=3141 loss=0.155218 lr=7.760e-06
[train] step=3142 loss=0.199918 lr=7.759e-06
[train] step=3143 loss=0.168885 lr=7.758e-06
[train] step=3144 loss=0.206413 lr=7.757e-06
[train] step=3145 loss=0.183063 lr=7.755e-06
[train] step=3146 loss=0.295044 lr=7.754e-06
[train] step=3147 loss=0.271806 lr=7.753e-06
[train] step=3148 loss=0.307633 lr=7.751e-06
[train] step=3149 loss=0.208209 lr=7.750e-06
[train] step=3150 loss=0.147435 lr=7.749e-06
[train] step=3151 loss=0.095401 lr=7.747e-06
[train] step=3152 loss=0.212734 lr=7.746e-06
[train] step=3153 loss=0.131035 lr=7.745e-06
[train] step=3154 loss=0.175326 lr=7.743e-06
[train] step=3155 loss=0.230541 lr=7.742e-06
[train] step=3156 loss=0.296834 lr=7.741e-06
[train] step=3157 loss=0.262136 lr=7.739e-06
[train] step=3158 loss=0.194996 lr=7.738e-06
[train] step=3159 loss=0.217455 lr=7.737e-06
[train] step=3160 loss=0.187843 lr=7.736e-06
[train] step=3161 loss=0.239289 lr=7.734e-06
[train] step=3162 loss=0.112463 lr=7.733e-06
[train] step=3163 loss=0.230496 lr=7.732e-06
[train] step=3164 loss=0.207894 lr=7.730e-06
[train] step=3165 loss=0.210096 lr=7.729e-06
[train] step=3166 loss=0.157713 lr=7.728e-06
[train] step=3167 loss=0.197138 lr=7.726e-06
[train] step=3168 loss=0.159473 lr=7.725e-06
[train] step=3169 loss=0.121402 lr=7.724e-06
[train] step=3170 loss=0.174070 lr=7.722e-06
[train] step=3171 loss=0.203107 lr=7.721e-06
[train] step=3172 loss=0.166991 lr=7.720e-06
[train] step=3173 loss=0.201594 lr=7.718e-06
[train] step=3174 loss=0.286836 lr=7.717e-06
[train] step=3175 loss=0.242593 lr=7.716e-06
[train] step=3176 loss=0.108814 lr=7.714e-06
[train] step=3177 loss=0.240785 lr=7.713e-06
[train] step=3178 loss=0.207100 lr=7.712e-06
[train] step=3179 loss=0.393358 lr=7.711e-06
[train] step=3180 loss=0.265027 lr=7.709e-06
[train] step=3181 loss=0.275632 lr=7.708e-06
[train] step=3182 loss=0.285488 lr=7.707e-06
[train] step=3183 loss=0.162143 lr=7.705e-06
[train] step=3184 loss=0.212478 lr=7.704e-06
[train] step=3185 loss=0.222077 lr=7.703e-06
[train] step=3186 loss=0.129710 lr=7.701e-06
[train] step=3187 loss=0.283431 lr=7.700e-06
[train] step=3188 loss=0.225524 lr=7.699e-06
[train] step=3189 loss=0.204691 lr=7.697e-06
[train] step=3190 loss=0.181610 lr=7.696e-06
[train] step=3191 loss=0.276133 lr=7.695e-06
[train] step=3192 loss=0.181156 lr=7.693e-06
[train] step=3193 loss=0.180737 lr=7.692e-06
[train] step=3194 loss=0.264311 lr=7.691e-06
[train] step=3195 loss=0.131905 lr=7.689e-06
[train] step=3196 loss=0.238165 lr=7.688e-06
[train] step=3197 loss=0.164732 lr=7.687e-06
[train] step=3198 loss=0.242190 lr=7.685e-06
[train] step=3199 loss=0.186299 lr=7.684e-06
[train] step=3200 loss=0.218308 lr=7.683e-06
[train] step=3201 loss=0.153887 lr=7.681e-06
[train] step=3202 loss=0.219549 lr=7.680e-06
[train] step=3203 loss=0.205922 lr=7.679e-06
[train] step=3204 loss=0.286587 lr=7.677e-06
[train] step=3205 loss=0.207100 lr=7.676e-06
[train] step=3206 loss=0.194377 lr=7.675e-06
[train] step=3207 loss=0.236839 lr=7.674e-06
[train] step=3208 loss=0.207429 lr=7.672e-06
[train] step=3209 loss=0.170754 lr=7.671e-06
[train] step=3210 loss=0.386225 lr=7.670e-06
[train] step=3211 loss=0.191417 lr=7.668e-06
[train] step=3212 loss=0.233946 lr=7.667e-06
[train] step=3213 loss=0.227239 lr=7.666e-06
[train] step=3214 loss=0.240994 lr=7.664e-06
[train] step=3215 loss=0.158258 lr=7.663e-06
[train] step=3216 loss=0.353715 lr=7.662e-06
[train] step=3217 loss=0.248573 lr=7.660e-06
[train] step=3218 loss=0.145810 lr=7.659e-06
[train] step=3219 loss=0.252899 lr=7.658e-06
[train] step=3220 loss=0.265904 lr=7.656e-06
[train] step=3221 loss=0.187093 lr=7.655e-06
[train] step=3222 loss=0.271127 lr=7.654e-06
[train] step=3223 loss=0.299753 lr=7.652e-06
[train] step=3224 loss=0.326259 lr=7.651e-06
[train] step=3225 loss=0.211542 lr=7.650e-06
[train] step=3226 loss=0.393619 lr=7.648e-06
[train] step=3227 loss=0.185608 lr=7.647e-06
[train] step=3228 loss=0.153326 lr=7.646e-06
[train] step=3229 loss=0.268945 lr=7.644e-06
[train] step=3230 loss=0.226467 lr=7.643e-06
[train] step=3231 loss=0.243773 lr=7.642e-06
[train] step=3232 loss=0.208992 lr=7.640e-06
[train] step=3233 loss=0.213958 lr=7.639e-06
[train] step=3234 loss=0.114403 lr=7.638e-06
[train] step=3235 loss=0.266446 lr=7.636e-06
[train] step=3236 loss=0.231271 lr=7.635e-06
[train] step=3237 loss=0.240982 lr=7.634e-06
[train] step=3238 loss=0.130766 lr=7.632e-06
[train] step=3239 loss=0.139026 lr=7.631e-06
[train] step=3240 loss=0.262172 lr=7.630e-06
INFO     [rank 0] Model weights for step 3240 saved in       dit_trainer.py:1085
         checkpoints/model_weights_step_03240.safetensors                       
INFO     [rank 0] Scalar embedding weights for step 3240     dit_trainer.py:1092
         saved                                                                  
INFO     [rank 0] Training state saved:                      dit_trainer.py:1123
         checkpoints/model_weights_step_03240.state.pt                          
DEBUG    [rank 0] Removed old checkpoint:                    dit_trainer.py:1136
         /hppfs/scratch/0D/go76fuz2/windinet/outputs/shockwa                    
         ve_dit_anchor_kl1e7/checkpoints/model_weights_step_                    
         02640.safetensors                                                      
DEBUG    [rank 0] Removed old checkpoint:                    dit_trainer.py:1136
         /hppfs/scratch/0D/go76fuz2/windinet/outputs/shockwa                    
         ve_dit_anchor_kl1e7/checkpoints/model_weights_step_                    
         02640.state.pt                                                         
DEBUG    [rank 0] Removed old checkpoint:                    dit_trainer.py:1136
         /hppfs/scratch/0D/go76fuz2/windinet/outputs/shockwa                    
         ve_dit_anchor_kl1e7/checkpoints/scalar_embedding_st                    
         ep_02640.safetensors                                                   
[epoch 27] step=3240 train_loss=0.217106
[train] step=3241 loss=0.209123 lr=7.628e-06
[train] step=3242 loss=0.151151 lr=7.627e-06
[train] step=3243 loss=0.254565 lr=7.626e-06
[train] step=3244 loss=0.187574 lr=7.624e-06
[train] step=3245 loss=0.197649 lr=7.623e-06
[train] step=3246 loss=0.196574 lr=7.622e-06
[train] step=3247 loss=0.183883 lr=7.620e-06
[train] step=3248 loss=0.203766 lr=7.619e-06
[train] step=3249 loss=0.293219 lr=7.618e-06
[train] step=3250 loss=0.172296 lr=7.616e-06
[train] step=3251 loss=0.145302 lr=7.615e-06
[train] step=3252 loss=0.153328 lr=7.614e-06
[train] step=3253 loss=0.169707 lr=7.612e-06
[train] step=3254 loss=0.147214 lr=7.611e-06
[train] step=3255 loss=0.161760 lr=7.610e-06
[train] step=3256 loss=0.296458 lr=7.608e-06
[train] step=3257 loss=0.230197 lr=7.607e-06
[train] step=3258 loss=0.159988 lr=7.606e-06
[train] step=3259 loss=0.154295 lr=7.604e-06
[train] step=3260 loss=0.163806 lr=7.603e-06
[train] step=3261 loss=0.174072 lr=7.601e-06
[train] step=3262 loss=0.239188 lr=7.600e-06
[train] step=3263 loss=0.209530 lr=7.599e-06
[train] step=3264 loss=0.219232 lr=7.597e-06
[train] step=3265 loss=0.202278 lr=7.596e-06
[train] step=3266 loss=0.169302 lr=7.595e-06
[train] step=3267 loss=0.126782 lr=7.593e-06
[train] step=3268 loss=0.276267 lr=7.592e-06
[train] step=3269 loss=0.167879 lr=7.591e-06
[train] step=3270 loss=0.064765 lr=7.589e-06
[train] step=3271 loss=0.198201 lr=7.588e-06
[train] step=3272 loss=0.230658 lr=7.587e-06
[train] step=3273 loss=0.144274 lr=7.585e-06
[train] step=3274 loss=0.213856 lr=7.584e-06
[train] step=3275 loss=0.423271 lr=7.583e-06
[train] step=3276 loss=0.256555 lr=7.581e-06
[train] step=3277 loss=0.116050 lr=7.580e-06
[train] step=3278 loss=0.322676 lr=7.579e-06
[train] step=3279 loss=0.207046 lr=7.577e-06
[train] step=3280 loss=0.207109 lr=7.576e-06
[train] step=3281 loss=0.177724 lr=7.575e-06
[train] step=3282 loss=0.161886 lr=7.573e-06
[train] step=3283 loss=0.314733 lr=7.572e-06
[train] step=3284 loss=0.163943 lr=7.571e-06
[train] step=3285 loss=0.166364 lr=7.569e-06
[train] step=3286 loss=0.244777 lr=7.568e-06
[train] step=3287 loss=0.208925 lr=7.567e-06
[train] step=3288 loss=0.102618 lr=7.565e-06
[train] step=3289 loss=0.160004 lr=7.564e-06
[train] step=3290 loss=0.178206 lr=7.563e-06
[train] step=3291 loss=0.364551 lr=7.561e-06
[train] step=3292 loss=0.324489 lr=7.560e-06
[train] step=3293 loss=0.233382 lr=7.558e-06
[train] step=3294 loss=0.216670 lr=7.557e-06
[train] step=3295 loss=0.232568 lr=7.556e-06
[train] step=3296 loss=0.190192 lr=7.554e-06
[train] step=3297 loss=0.275068 lr=7.553e-06
[train] step=3298 loss=0.216669 lr=7.552e-06
[train] step=3299 loss=0.181511 lr=7.550e-06
[train] step=3300 loss=0.350289 lr=7.549e-06
[train] step=3301 loss=0.196390 lr=7.548e-06
[train] step=3302 loss=0.220533 lr=7.546e-06
[train] step=3303 loss=0.169232 lr=7.545e-06
[train] step=3304 loss=0.127994 lr=7.544e-06
[train] step=3305 loss=0.229003 lr=7.542e-06
[train] step=3306 loss=0.212794 lr=7.541e-06
[train] step=3307 loss=0.251812 lr=7.540e-06
[train] step=3308 loss=0.206147 lr=7.538e-06
[train] step=3309 loss=0.213022 lr=7.537e-06
[train] step=3310 loss=0.216247 lr=7.535e-06
[train] step=3311 loss=0.150129 lr=7.534e-06
[train] step=3312 loss=0.139499 lr=7.533e-06
[train] step=3313 loss=0.284979 lr=7.531e-06
[train] step=3314 loss=0.133912 lr=7.530e-06
[train] step=3315 loss=0.185084 lr=7.529e-06
[train] step=3316 loss=0.182803 lr=7.527e-06
[train] step=3317 loss=0.189903 lr=7.526e-06
[train] step=3318 loss=0.237876 lr=7.525e-06
[train] step=3319 loss=0.235608 lr=7.523e-06
[train] step=3320 loss=0.218554 lr=7.522e-06
[train] step=3321 loss=0.127875 lr=7.521e-06
[train] step=3322 loss=0.155360 lr=7.519e-06
[train] step=3323 loss=0.182709 lr=7.518e-06
[train] step=3324 loss=0.177566 lr=7.517e-06
[train] step=3325 loss=0.196413 lr=7.515e-06
[train] step=3326 loss=0.176722 lr=7.514e-06
[train] step=3327 loss=0.172344 lr=7.512e-06
[train] step=3328 loss=0.151810 lr=7.511e-06
[train] step=3329 loss=0.167419 lr=7.510e-06
[train] step=3330 loss=0.154709 lr=7.508e-06
[train] step=3331 loss=0.176520 lr=7.507e-06
[train] step=3332 loss=0.268414 lr=7.506e-06
[train] step=3333 loss=0.156003 lr=7.504e-06
[train] step=3334 loss=0.211174 lr=7.503e-06
[train] step=3335 loss=0.246727 lr=7.502e-06
[train] step=3336 loss=0.170112 lr=7.500e-06
[train] step=3337 loss=0.138917 lr=7.499e-06
[train] step=3338 loss=0.223926 lr=7.498e-06
[train] step=3339 loss=0.216146 lr=7.496e-06
[train] step=3340 loss=0.218524 lr=7.495e-06
[train] step=3341 loss=0.213573 lr=7.493e-06
[train] step=3342 loss=0.187809 lr=7.492e-06
[train] step=3343 loss=0.123654 lr=7.491e-06
[train] step=3344 loss=0.166587 lr=7.489e-06
[train] step=3345 loss=0.183344 lr=7.488e-06
[train] step=3346 loss=0.119628 lr=7.487e-06
[train] step=3347 loss=0.232192 lr=7.485e-06
[train] step=3348 loss=0.203245 lr=7.484e-06
[train] step=3349 loss=0.216921 lr=7.483e-06
[train] step=3350 loss=0.147815 lr=7.481e-06
[train] step=3351 loss=0.240239 lr=7.480e-06
[train] step=3352 loss=0.150089 lr=7.478e-06
[train] step=3353 loss=0.200639 lr=7.477e-06
[train] step=3354 loss=0.188454 lr=7.476e-06
[train] step=3355 loss=0.246755 lr=7.474e-06
[train] step=3356 loss=0.130610 lr=7.473e-06
[train] step=3357 loss=0.213063 lr=7.472e-06
[train] step=3358 loss=0.214879 lr=7.470e-06
[train] step=3359 loss=0.187055 lr=7.469e-06
[train] step=3360 loss=0.100010 lr=7.468e-06
INFO     [rank 0] Model weights for step 3360 saved in       dit_trainer.py:1085
         checkpoints/model_weights_step_03360.safetensors                       
INFO     [rank 0] Scalar embedding weights for step 3360     dit_trainer.py:1092
         saved                                                                  
INFO     [rank 0] Training state saved:                      dit_trainer.py:1123
         checkpoints/model_weights_step_03360.state.pt                          
DEBUG    [rank 0] Removed old checkpoint:                    dit_trainer.py:1136
         /hppfs/scratch/0D/go76fuz2/windinet/outputs/shockwa                    
         ve_dit_anchor_kl1e7/checkpoints/model_weights_step_                    
         02760.safetensors                                                      
DEBUG    [rank 0] Removed old checkpoint:                    dit_trainer.py:1136
         /hppfs/scratch/0D/go76fuz2/windinet/outputs/shockwa                    
         ve_dit_anchor_kl1e7/checkpoints/model_weights_step_                    
         02760.state.pt                                                         
DEBUG    [rank 0] Removed old checkpoint:                    dit_trainer.py:1136
         /hppfs/scratch/0D/go76fuz2/windinet/outputs/shockwa                    
         ve_dit_anchor_kl1e7/checkpoints/scalar_embedding_st                    
         ep_02760.safetensors                                                   
[epoch 28] step=3360 train_loss=0.199875
[train] step=3361 loss=0.273771 lr=7.466e-06
[train] step=3362 loss=0.196809 lr=7.465e-06
[train] step=3363 loss=0.240835 lr=7.463e-06
[train] step=3364 loss=0.179552 lr=7.462e-06
[train] step=3365 loss=0.201757 lr=7.461e-06
[train] step=3366 loss=0.221892 lr=7.459e-06
[train] step=3367 loss=0.229734 lr=7.458e-06
[train] step=3368 loss=0.203110 lr=7.457e-06
[train] step=3369 loss=0.237582 lr=7.455e-06
[train] step=3370 loss=0.189463 lr=7.454e-06
[train] step=3371 loss=0.237163 lr=7.453e-06
[train] step=3372 loss=0.208377 lr=7.451e-06
[train] step=3373 loss=0.188489 lr=7.450e-06
[train] step=3374 loss=0.241291 lr=7.448e-06
[train] step=3375 loss=0.206185 lr=7.447e-06
[train] step=3376 loss=0.236724 lr=7.446e-06
[train] step=3377 loss=0.238063 lr=7.444e-06
[train] step=3378 loss=0.156555 lr=7.443e-06
[train] step=3379 loss=0.410772 lr=7.442e-06
[train] step=3380 loss=0.269279 lr=7.440e-06
[train] step=3381 loss=0.235484 lr=7.439e-06
[train] step=3382 loss=0.210856 lr=7.437e-06
[train] step=3383 loss=0.170198 lr=7.436e-06
[train] step=3384 loss=0.183705 lr=7.435e-06
[train] step=3385 loss=0.261900 lr=7.433e-06
[train] step=3386 loss=0.201483 lr=7.432e-06
[train] step=3387 loss=0.217012 lr=7.431e-06
[train] step=3388 loss=0.124252 lr=7.429e-06
[train] step=3389 loss=0.142679 lr=7.428e-06
[train] step=3390 loss=0.238092 lr=7.426e-06
[train] step=3391 loss=0.160662 lr=7.425e-06
[train] step=3392 loss=0.100991 lr=7.424e-06
[train] step=3393 loss=0.156640 lr=7.422e-06
[train] step=3394 loss=0.310556 lr=7.421e-06
[train] step=3395 loss=0.273833 lr=7.420e-06
[train] step=3396 loss=0.208928 lr=7.418e-06
[train] step=3397 loss=0.148654 lr=7.417e-06
[train] step=3398 loss=0.222956 lr=7.415e-06
[train] step=3399 loss=0.298554 lr=7.414e-06
[train] step=3400 loss=0.204138 lr=7.413e-06
[train] step=3401 loss=0.136576 lr=7.411e-06
[train] step=3402 loss=0.144345 lr=7.410e-06
[train] step=3403 loss=0.224608 lr=7.409e-06
[train] step=3404 loss=0.256304 lr=7.407e-06
[train] step=3405 loss=0.200101 lr=7.406e-06
[train] step=3406 loss=0.259946 lr=7.404e-06
[train] step=3407 loss=0.275128 lr=7.403e-06
[train] step=3408 loss=0.153353 lr=7.402e-06
[train] step=3409 loss=0.245338 lr=7.400e-06
[train] step=3410 loss=0.191566 lr=7.399e-06
[train] step=3411 loss=0.199092 lr=7.398e-06
[train] step=3412 loss=0.291869 lr=7.396e-06
[train] step=3413 loss=0.171104 lr=7.395e-06
[train] step=3414 loss=0.178804 lr=7.393e-06
[train] step=3415 loss=0.131511 lr=7.392e-06
[train] step=3416 loss=0.263308 lr=7.391e-06
[train] step=3417 loss=0.171181 lr=7.389e-06
[train] step=3418 loss=0.115018 lr=7.388e-06
[train] step=3419 loss=0.213199 lr=7.387e-06
[train] step=3420 loss=0.251192 lr=7.385e-06
[train] step=3421 loss=0.104903 lr=7.384e-06
[train] step=3422 loss=0.165063 lr=7.382e-06
[train] step=3423 loss=0.225208 lr=7.381e-06
[train] step=3424 loss=0.108561 lr=7.380e-06
[train] step=3425 loss=0.194596 lr=7.378e-06
[train] step=3426 loss=0.310623 lr=7.377e-06
[train] step=3427 loss=0.216880 lr=7.376e-06
[train] step=3428 loss=0.330265 lr=7.374e-06
[train] step=3429 loss=0.068334 lr=7.373e-06
[train] step=3430 loss=0.244112 lr=7.371e-06
[train] step=3431 loss=0.140509 lr=7.370e-06
[train] step=3432 loss=0.174216 lr=7.369e-06
[train] step=3433 loss=0.292634 lr=7.367e-06
[train] step=3434 loss=0.244791 lr=7.366e-06
[train] step=3435 loss=0.152460 lr=7.364e-06
[train] step=3436 loss=0.165850 lr=7.363e-06
[train] step=3437 loss=0.213913 lr=7.362e-06
[train] step=3438 loss=0.161448 lr=7.360e-06
[train] step=3439 loss=0.236062 lr=7.359e-06
[train] step=3440 loss=0.135776 lr=7.358e-06
[train] step=3441 loss=0.188151 lr=7.356e-06
[train] step=3442 loss=0.195493 lr=7.355e-06
[train] step=3443 loss=0.206773 lr=7.353e-06
[train] step=3444 loss=0.186982 lr=7.352e-06
[train] step=3445 loss=0.166711 lr=7.351e-06
[train] step=3446 loss=0.119082 lr=7.349e-06
[train] step=3447 loss=0.137886 lr=7.348e-06
[train] step=3448 loss=0.209469 lr=7.346e-06
[train] step=3449 loss=0.201476 lr=7.345e-06
[train] step=3450 loss=0.261897 lr=7.344e-06
[train] step=3451 loss=0.185781 lr=7.342e-06
[train] step=3452 loss=0.188960 lr=7.341e-06
[train] step=3453 loss=0.265435 lr=7.340e-06
[train] step=3454 loss=0.197824 lr=7.338e-06
[train] step=3455 loss=0.227514 lr=7.337e-06
[train] step=3456 loss=0.203655 lr=7.335e-06
[train] step=3457 loss=0.313557 lr=7.334e-06
[train] step=3458 loss=0.275666 lr=7.333e-06
[train] step=3459 loss=0.185728 lr=7.331e-06
[train] step=3460 loss=0.273368 lr=7.330e-06
[train] step=3461 loss=0.145103 lr=7.328e-06
[train] step=3462 loss=0.136708 lr=7.327e-06
[train] step=3463 loss=0.260560 lr=7.326e-06
[train] step=3464 loss=0.190395 lr=7.324e-06
[train] step=3465 loss=0.170437 lr=7.323e-06
[train] step=3466 loss=0.184507 lr=7.321e-06
[train] step=3467 loss=0.104632 lr=7.320e-06
[train] step=3468 loss=0.212031 lr=7.319e-06
[train] step=3469 loss=0.179638 lr=7.317e-06
[train] step=3470 loss=0.160601 lr=7.316e-06
[train] step=3471 loss=0.163701 lr=7.315e-06
[train] step=3472 loss=0.219646 lr=7.313e-06
[train] step=3473 loss=0.305677 lr=7.312e-06
[train] step=3474 loss=0.199712 lr=7.310e-06
[train] step=3475 loss=0.179521 lr=7.309e-06
[train] step=3476 loss=0.186602 lr=7.308e-06
[train] step=3477 loss=0.161419 lr=7.306e-06
[train] step=3478 loss=0.210282 lr=7.305e-06
[train] step=3479 loss=0.165147 lr=7.303e-06
[train] step=3480 loss=0.141092 lr=7.302e-06
INFO     [rank 0] Model weights for step 3480 saved in       dit_trainer.py:1085
         checkpoints/model_weights_step_03480.safetensors                       
INFO     [rank 0] Scalar embedding weights for step 3480     dit_trainer.py:1092
         saved                                                                  
INFO     [rank 0] Training state saved:                      dit_trainer.py:1123
         checkpoints/model_weights_step_03480.state.pt                          
DEBUG    [rank 0] Removed old checkpoint:                    dit_trainer.py:1136
         /hppfs/scratch/0D/go76fuz2/windinet/outputs/shockwa                    
         ve_dit_anchor_kl1e7/checkpoints/model_weights_step_                    
         02880.safetensors                                                      
DEBUG    [rank 0] Removed old checkpoint:                    dit_trainer.py:1136
         /hppfs/scratch/0D/go76fuz2/windinet/outputs/shockwa                    
         ve_dit_anchor_kl1e7/checkpoints/model_weights_step_                    
         02880.state.pt                                                         
DEBUG    [rank 0] Removed old checkpoint:                    dit_trainer.py:1136
         /hppfs/scratch/0D/go76fuz2/windinet/outputs/shockwa                    
         ve_dit_anchor_kl1e7/checkpoints/scalar_embedding_st                    
         ep_02880.safetensors                                                   
[epoch 29] step=3480 train_loss=0.203554
[train] step=3481 loss=0.262351 lr=7.301e-06
[train] step=3482 loss=0.244763 lr=7.299e-06
[train] step=3483 loss=0.110424 lr=7.298e-06
[train] step=3484 loss=0.189300 lr=7.296e-06
[train] step=3485 loss=0.232502 lr=7.295e-06
[train] step=3486 loss=0.328669 lr=7.294e-06
[train] step=3487 loss=0.147281 lr=7.292e-06
[train] step=3488 loss=0.148919 lr=7.291e-06
[train] step=3489 loss=0.168641 lr=7.289e-06
[train] step=3490 loss=0.203220 lr=7.288e-06
[train] step=3491 loss=0.177853 lr=7.287e-06
[train] step=3492 loss=0.168306 lr=7.285e-06
[train] step=3493 loss=0.290822 lr=7.284e-06
[train] step=3494 loss=0.231826 lr=7.282e-06
[train] step=3495 loss=0.127533 lr=7.281e-06
[train] step=3496 loss=0.220077 lr=7.280e-06
[train] step=3497 loss=0.301216 lr=7.278e-06
[train] step=3498 loss=0.177462 lr=7.277e-06
[train] step=3499 loss=0.121882 lr=7.275e-06
[train] step=3500 loss=0.259027 lr=7.274e-06
[train] step=3501 loss=0.324043 lr=7.273e-06
[train] step=3502 loss=0.242417 lr=7.271e-06
[train] step=3503 loss=0.210685 lr=7.270e-06
[train] step=3504 loss=0.162202 lr=7.268e-06
[train] step=3505 loss=0.277272 lr=7.267e-06
[train] step=3506 loss=0.152271 lr=7.266e-06
[train] step=3507 loss=0.198873 lr=7.264e-06
[train] step=3508 loss=0.119510 lr=7.263e-06
[train] step=3509 loss=0.186864 lr=7.261e-06
[train] step=3510 loss=0.239025 lr=7.260e-06
[train] step=3511 loss=0.286388 lr=7.259e-06
[train] step=3512 loss=0.223877 lr=7.257e-06
[train] step=3513 loss=0.189565 lr=7.256e-06
[train] step=3514 loss=0.264259 lr=7.254e-06
[train] step=3515 loss=0.235389 lr=7.253e-06
[train] step=3516 loss=0.199442 lr=7.252e-06
[train] step=3517 loss=0.195287 lr=7.250e-06
[train] step=3518 loss=0.317147 lr=7.249e-06
[train] step=3519 loss=0.253551 lr=7.247e-06
[train] step=3520 loss=0.215059 lr=7.246e-06
[train] step=3521 loss=0.232572 lr=7.245e-06
[train] step=3522 loss=0.215857 lr=7.243e-06
[train] step=3523 loss=0.253950 lr=7.242e-06
[train] step=3524 loss=0.165336 lr=7.240e-06
[train] step=3525 loss=0.260797 lr=7.239e-06
[train] step=3526 loss=0.195359 lr=7.238e-06
[train] step=3527 loss=0.227320 lr=7.236e-06
[train] step=3528 loss=0.252309 lr=7.235e-06
[train] step=3529 loss=0.306543 lr=7.233e-06
[train] step=3530 loss=0.180372 lr=7.232e-06
[train] step=3531 loss=0.167190 lr=7.231e-06
[train] step=3532 loss=0.230346 lr=7.229e-06
[train] step=3533 loss=0.389550 lr=7.228e-06
[train] step=3534 loss=0.217465 lr=7.226e-06
[train] step=3535 loss=0.292744 lr=7.225e-06
[train] step=3536 loss=0.116284 lr=7.224e-06
[train] step=3537 loss=0.210389 lr=7.222e-06
[train] step=3538 loss=0.230482 lr=7.221e-06
[train] step=3539 loss=0.222424 lr=7.219e-06
[train] step=3540 loss=0.203051 lr=7.218e-06
[train] step=3541 loss=0.152691 lr=7.217e-06
[train] step=3542 loss=0.199720 lr=7.215e-06
[train] step=3543 loss=0.204166 lr=7.214e-06
[train] step=3544 loss=0.122450 lr=7.212e-06
[train] step=3545 loss=0.255244 lr=7.211e-06
[train] step=3546 loss=0.247485 lr=7.210e-06
[train] step=3547 loss=0.174493 lr=7.208e-06
[train] step=3548 loss=0.141534 lr=7.207e-06
[train] step=3549 loss=0.277145 lr=7.205e-06
[train] step=3550 loss=0.177364 lr=7.204e-06
[train] step=3551 loss=0.246658 lr=7.202e-06
[train] step=3552 loss=0.178939 lr=7.201e-06
[train] step=3553 loss=0.185162 lr=7.200e-06
[train] step=3554 loss=0.205719 lr=7.198e-06
[train] step=3555 loss=0.125265 lr=7.197e-06
[train] step=3556 loss=0.192209 lr=7.195e-06
[train] step=3557 loss=0.191867 lr=7.194e-06
[train] step=3558 loss=0.132091 lr=7.193e-06
[train] step=3559 loss=0.224864 lr=7.191e-06
[train] step=3560 loss=0.194726 lr=7.190e-06
[train] step=3561 loss=0.195107 lr=7.188e-06
[train] step=3562 loss=0.174899 lr=7.187e-06
[train] step=3563 loss=0.175681 lr=7.186e-06
[train] step=3564 loss=0.235156 lr=7.184e-06
[train] step=3565 loss=0.232268 lr=7.183e-06
[train] step=3566 loss=0.187586 lr=7.181e-06
[train] step=3567 loss=0.215198 lr=7.180e-06
[train] step=3568 loss=0.177622 lr=7.179e-06
[train] step=3569 loss=0.151377 lr=7.177e-06
[train] step=3570 loss=0.362545 lr=7.176e-06
[train] step=3571 loss=0.119619 lr=7.174e-06
[train] step=3572 loss=0.134688 lr=7.173e-06
[train] step=3573 loss=0.253449 lr=7.171e-06
[train] step=3574 loss=0.119685 lr=7.170e-06
[train] step=3575 loss=0.188815 lr=7.169e-06
[train] step=3576 loss=0.120567 lr=7.167e-06
[train] step=3577 loss=0.202196 lr=7.166e-06
[train] step=3578 loss=0.155997 lr=7.164e-06
[train] step=3579 loss=0.189909 lr=7.163e-06
[train] step=3580 loss=0.158747 lr=7.162e-06
[train] step=3581 loss=0.228263 lr=7.160e-06
[train] step=3582 loss=0.201593 lr=7.159e-06
[train] step=3583 loss=0.149906 lr=7.157e-06
[train] step=3584 loss=0.141964 lr=7.156e-06
[train] step=3585 loss=0.113280 lr=7.154e-06
[train] step=3586 loss=0.180943 lr=7.153e-06
[train] step=3587 loss=0.307727 lr=7.152e-06
[train] step=3588 loss=0.263264 lr=7.150e-06
[train] step=3589 loss=0.197169 lr=7.149e-06
[train] step=3590 loss=0.180887 lr=7.147e-06
[train] step=3591 loss=0.291342 lr=7.146e-06
[train] step=3592 loss=0.191555 lr=7.145e-06
[train] step=3593 loss=0.254226 lr=7.143e-06
[train] step=3594 loss=0.227710 lr=7.142e-06
[train] step=3595 loss=0.231971 lr=7.140e-06
[train] step=3596 loss=0.133852 lr=7.139e-06
[train] step=3597 loss=0.144430 lr=7.137e-06
[train] step=3598 loss=0.149683 lr=7.136e-06
[train] step=3599 loss=0.384813 lr=7.135e-06
[train] step=3600 loss=0.225161 lr=7.133e-06
[val] step=3600 val_loss=0.208409
INFO     [rank 0] Model weights for step 3600 saved in       dit_trainer.py:1085
         checkpoints/model_weights_step_03600.safetensors                       
INFO     [rank 0] Scalar embedding weights for step 3600     dit_trainer.py:1092
         saved                                                                  
INFO     [rank 0] Training state saved:                      dit_trainer.py:1123
         checkpoints/model_weights_step_03600.state.pt                          
DEBUG    [rank 0] Removed old checkpoint:                    dit_trainer.py:1136
         /hppfs/scratch/0D/go76fuz2/windinet/outputs/shockwa                    
         ve_dit_anchor_kl1e7/checkpoints/model_weights_step_                    
         03000.safetensors                                                      
DEBUG    [rank 0] Removed old checkpoint:                    dit_trainer.py:1136
         /hppfs/scratch/0D/go76fuz2/windinet/outputs/shockwa                    
         ve_dit_anchor_kl1e7/checkpoints/model_weights_step_                    
         03000.state.pt                                                         
DEBUG    [rank 0] Removed old checkpoint:                    dit_trainer.py:1136
         /hppfs/scratch/0D/go76fuz2/windinet/outputs/shockwa                    
         ve_dit_anchor_kl1e7/checkpoints/scalar_embedding_st                    
         ep_03000.safetensors                                                   
[epoch 30] step=3600 train_loss=0.207268 val_loss=0.208409
[train] step=3601 loss=0.239559 lr=7.132e-06
[train] step=3602 loss=0.191036 lr=7.130e-06
[train] step=3603 loss=0.191108 lr=7.129e-06
[train] step=3604 loss=0.243191 lr=7.128e-06
[train] step=3605 loss=0.171709 lr=7.126e-06
[train] step=3606 loss=0.084762 lr=7.125e-06
[train] step=3607 loss=0.150497 lr=7.123e-06
[train] step=3608 loss=0.198590 lr=7.122e-06
[train] step=3609 loss=0.101826 lr=7.120e-06
[train] step=3610 loss=0.191499 lr=7.119e-06
[train] step=3611 loss=0.207940 lr=7.118e-06
[train] step=3612 loss=0.169654 lr=7.116e-06
[train] step=3613 loss=0.207594 lr=7.115e-06
[train] step=3614 loss=0.119817 lr=7.113e-06
[train] step=3615 loss=0.169377 lr=7.112e-06
[train] step=3616 loss=0.185510 lr=7.110e-06
[train] step=3617 loss=0.162637 lr=7.109e-06
[train] step=3618 loss=0.215396 lr=7.108e-06
[train] step=3619 loss=0.154116 lr=7.106e-06
[train] step=3620 loss=0.287081 lr=7.105e-06
[train] step=3621 loss=0.195102 lr=7.103e-06
[train] step=3622 loss=0.211129 lr=7.102e-06
[train] step=3623 loss=0.391829 lr=7.100e-06
[train] step=3624 loss=0.313029 lr=7.099e-06
[train] step=3625 loss=0.184047 lr=7.098e-06
[train] step=3626 loss=0.184047 lr=7.096e-06
[train] step=3627 loss=0.316734 lr=7.095e-06
[train] step=3628 loss=0.238452 lr=7.093e-06
[train] step=3629 loss=0.292588 lr=7.092e-06
[train] step=3630 loss=0.133777 lr=7.091e-06
[train] step=3631 loss=0.211246 lr=7.089e-06
[train] step=3632 loss=0.176004 lr=7.088e-06
[train] step=3633 loss=0.287465 lr=7.086e-06
[train] step=3634 loss=0.212370 lr=7.085e-06
[train] step=3635 loss=0.247621 lr=7.083e-06
[train] step=3636 loss=0.204395 lr=7.082e-06
[train] step=3637 loss=0.198501 lr=7.081e-06
[train] step=3638 loss=0.296597 lr=7.079e-06
[train] step=3639 loss=0.162397 lr=7.078e-06
[train] step=3640 loss=0.181916 lr=7.076e-06
[train] step=3641 loss=0.076464 lr=7.075e-06
[train] step=3642 loss=0.170550 lr=7.073e-06
[train] step=3643 loss=0.128471 lr=7.072e-06
[train] step=3644 loss=0.173247 lr=7.071e-06
[train] step=3645 loss=0.128747 lr=7.069e-06
[train] step=3646 loss=0.180442 lr=7.068e-06
[train] step=3647 loss=0.227761 lr=7.066e-06
[train] step=3648 loss=0.173892 lr=7.065e-06
[train] step=3649 loss=0.286321 lr=7.063e-06
[train] step=3650 loss=0.159963 lr=7.062e-06
[train] step=3651 loss=0.215552 lr=7.061e-06
[train] step=3652 loss=0.141255 lr=7.059e-06
[train] step=3653 loss=0.180323 lr=7.058e-06
[train] step=3654 loss=0.163914 lr=7.056e-06
[train] step=3655 loss=0.181744 lr=7.055e-06
[train] step=3656 loss=0.106003 lr=7.053e-06
[train] step=3657 loss=0.280327 lr=7.052e-06
[train] step=3658 loss=0.346967 lr=7.050e-06
[train] step=3659 loss=0.102160 lr=7.049e-06
[train] step=3660 loss=0.167631 lr=7.048e-06
[train] step=3661 loss=0.149984 lr=7.046e-06
[train] step=3662 loss=0.253178 lr=7.045e-06
[train] step=3663 loss=0.209229 lr=7.043e-06
[train] step=3664 loss=0.174518 lr=7.042e-06
[train] step=3665 loss=0.204082 lr=7.040e-06
[train] step=3666 loss=0.280381 lr=7.039e-06
[train] step=3667 loss=0.313476 lr=7.038e-06
[train] step=3668 loss=0.101423 lr=7.036e-06
[train] step=3669 loss=0.275000 lr=7.035e-06
[train] step=3670 loss=0.224535 lr=7.033e-06
[train] step=3671 loss=0.273658 lr=7.032e-06
[train] step=3672 loss=0.286843 lr=7.030e-06
[train] step=3673 loss=0.125925 lr=7.029e-06
[train] step=3674 loss=0.242572 lr=7.028e-06
[train] step=3675 loss=0.177310 lr=7.026e-06
[train] step=3676 loss=0.158310 lr=7.025e-06
[train] step=3677 loss=0.164118 lr=7.023e-06
[train] step=3678 loss=0.168900 lr=7.022e-06
[train] step=3679 loss=0.156199 lr=7.020e-06
[train] step=3680 loss=0.208653 lr=7.019e-06
[train] step=3681 loss=0.243641 lr=7.018e-06
[train] step=3682 loss=0.115204 lr=7.016e-06
[train] step=3683 loss=0.157993 lr=7.015e-06
[train] step=3684 loss=0.110213 lr=7.013e-06
[train] step=3685 loss=0.161761 lr=7.012e-06
[train] step=3686 loss=0.239877 lr=7.010e-06
[train] step=3687 loss=0.175762 lr=7.009e-06
[train] step=3688 loss=0.249026 lr=7.007e-06
[train] step=3689 loss=0.165218 lr=7.006e-06
[train] step=3690 loss=0.196945 lr=7.005e-06
[train] step=3691 loss=0.192328 lr=7.003e-06
[train] step=3692 loss=0.223593 lr=7.002e-06
[train] step=3693 loss=0.197169 lr=7.000e-06
[train] step=3694 loss=0.186911 lr=6.999e-06
[train] step=3695 loss=0.158437 lr=6.997e-06
[train] step=3696 loss=0.227739 lr=6.996e-06
[train] step=3697 loss=0.228164 lr=6.995e-06
[train] step=3698 loss=0.127260 lr=6.993e-06
[train] step=3699 loss=0.341074 lr=6.992e-06
[train] step=3700 loss=0.099834 lr=6.990e-06
[train] step=3701 loss=0.212249 lr=6.989e-06
[train] step=3702 loss=0.251464 lr=6.987e-06
[train] step=3703 loss=0.181752 lr=6.986e-06
[train] step=3704 loss=0.172843 lr=6.984e-06
[train] step=3705 loss=0.146206 lr=6.983e-06
[train] step=3706 loss=0.408683 lr=6.982e-06
[train] step=3707 loss=0.287406 lr=6.980e-06
[train] step=3708 loss=0.193505 lr=6.979e-06
[train] step=3709 loss=0.327494 lr=6.977e-06
[train] step=3710 loss=0.185566 lr=6.976e-06
[train] step=3711 loss=0.123930 lr=6.974e-06
[train] step=3712 loss=0.226339 lr=6.973e-06
[train] step=3713 loss=0.162696 lr=6.971e-06
[train] step=3714 loss=0.246281 lr=6.970e-06
[train] step=3715 loss=0.183239 lr=6.969e-06
[train] step=3716 loss=0.141628 lr=6.967e-06
[train] step=3717 loss=0.156439 lr=6.966e-06
[train] step=3718 loss=0.308290 lr=6.964e-06
[train] step=3719 loss=0.237469 lr=6.963e-06
[train] step=3720 loss=0.120854 lr=6.961e-06
INFO     [rank 0] Model weights for step 3720 saved in       dit_trainer.py:1085
         checkpoints/model_weights_step_03720.safetensors                       
INFO     [rank 0] Scalar embedding weights for step 3720     dit_trainer.py:1092
         saved                                                                  
INFO     [rank 0] Training state saved:                      dit_trainer.py:1123
         checkpoints/model_weights_step_03720.state.pt                          
DEBUG    [rank 0] Removed old checkpoint:                    dit_trainer.py:1136
         /hppfs/scratch/0D/go76fuz2/windinet/outputs/shockwa                    
         ve_dit_anchor_kl1e7/checkpoints/model_weights_step_                    
         03120.safetensors                                                      
DEBUG    [rank 0] Removed old checkpoint:                    dit_trainer.py:1136
         /hppfs/scratch/0D/go76fuz2/windinet/outputs/shockwa                    
         ve_dit_anchor_kl1e7/checkpoints/model_weights_step_                    
         03120.state.pt                                                         
DEBUG    [rank 0] Removed old checkpoint:                    dit_trainer.py:1136
         /hppfs/scratch/0D/go76fuz2/windinet/outputs/shockwa                    
         ve_dit_anchor_kl1e7/checkpoints/scalar_embedding_st                    
         ep_03120.safetensors                                                   
[epoch 31] step=3720 train_loss=0.201658
[train] step=3721 loss=0.133984 lr=6.960e-06
[train] step=3722 loss=0.071430 lr=6.958e-06
[train] step=3723 loss=0.269171 lr=6.957e-06
[train] step=3724 loss=0.108733 lr=6.956e-06
[train] step=3725 loss=0.243345 lr=6.954e-06
[train] step=3726 loss=0.204639 lr=6.953e-06
[train] step=3727 loss=0.144670 lr=6.951e-06
[train] step=3728 loss=0.247226 lr=6.950e-06
[train] step=3729 loss=0.188968 lr=6.948e-06
[train] step=3730 loss=0.099363 lr=6.947e-06
[train] step=3731 loss=0.354832 lr=6.945e-06
[train] step=3732 loss=0.221514 lr=6.944e-06
[train] step=3733 loss=0.155096 lr=6.943e-06
[train] step=3734 loss=0.200698 lr=6.941e-06
[train] step=3735 loss=0.171636 lr=6.940e-06
[train] step=3736 loss=0.184730 lr=6.938e-06
[train] step=3737 loss=0.257758 lr=6.937e-06
[train] step=3738 loss=0.167765 lr=6.935e-06
[train] step=3739 loss=0.177383 lr=6.934e-06
[train] step=3740 loss=0.230307 lr=6.932e-06
[train] step=3741 loss=0.190181 lr=6.931e-06
[train] step=3742 loss=0.162679 lr=6.930e-06
[train] step=3743 loss=0.180594 lr=6.928e-06
[train] step=3744 loss=0.237506 lr=6.927e-06
[train] step=3745 loss=0.245217 lr=6.925e-06
[train] step=3746 loss=0.194543 lr=6.924e-06
[train] step=3747 loss=0.248590 lr=6.922e-06
[train] step=3748 loss=0.157171 lr=6.921e-06
[train] step=3749 loss=0.230658 lr=6.919e-06
[train] step=3750 loss=0.233036 lr=6.918e-06
[train] step=3751 loss=0.196185 lr=6.917e-06
[train] step=3752 loss=0.247247 lr=6.915e-06
[train] step=3753 loss=0.243608 lr=6.914e-06
[train] step=3754 loss=0.248179 lr=6.912e-06
[train] step=3755 loss=0.195445 lr=6.911e-06
[train] step=3756 loss=0.281191 lr=6.909e-06
[train] step=3757 loss=0.091778 lr=6.908e-06
[train] step=3758 loss=0.157804 lr=6.906e-06
[train] step=3759 loss=0.165935 lr=6.905e-06
[train] step=3760 loss=0.165606 lr=6.903e-06
[train] step=3761 loss=0.294151 lr=6.902e-06
[train] step=3762 loss=0.100681 lr=6.901e-06
[train] step=3763 loss=0.194994 lr=6.899e-06
[train] step=3764 loss=0.213926 lr=6.898e-06
[train] step=3765 loss=0.153995 lr=6.896e-06
[train] step=3766 loss=0.207524 lr=6.895e-06
[train] step=3767 loss=0.126235 lr=6.893e-06
[train] step=3768 loss=0.219691 lr=6.892e-06
[train] step=3769 loss=0.178219 lr=6.890e-06
[train] step=3770 loss=0.171156 lr=6.889e-06
[train] step=3771 loss=0.212928 lr=6.887e-06
[train] step=3772 loss=0.211153 lr=6.886e-06
[train] step=3773 loss=0.146742 lr=6.885e-06
[train] step=3774 loss=0.200875 lr=6.883e-06
[train] step=3775 loss=0.192091 lr=6.882e-06
[train] step=3776 loss=0.168038 lr=6.880e-06
[train] step=3777 loss=0.114654 lr=6.879e-06
[train] step=3778 loss=0.253226 lr=6.877e-06
[train] step=3779 loss=0.381485 lr=6.876e-06
[train] step=3780 loss=0.172308 lr=6.874e-06
[train] step=3781 loss=0.173627 lr=6.873e-06
[train] step=3782 loss=0.176475 lr=6.871e-06
[train] step=3783 loss=0.248309 lr=6.870e-06
[train] step=3784 loss=0.196542 lr=6.869e-06
[train] step=3785 loss=0.310377 lr=6.867e-06
[train] step=3786 loss=0.173846 lr=6.866e-06
[train] step=3787 loss=0.231325 lr=6.864e-06
[train] step=3788 loss=0.165004 lr=6.863e-06
[train] step=3789 loss=0.279538 lr=6.861e-06
[train] step=3790 loss=0.174559 lr=6.860e-06
[train] step=3791 loss=0.259880 lr=6.858e-06
[train] step=3792 loss=0.122510 lr=6.857e-06
[train] step=3793 loss=0.173598 lr=6.855e-06
[train] step=3794 loss=0.140057 lr=6.854e-06
[train] step=3795 loss=0.160441 lr=6.853e-06
[train] step=3796 loss=0.369498 lr=6.851e-06
[train] step=3797 loss=0.191908 lr=6.850e-06
[train] step=3798 loss=0.136479 lr=6.848e-06
[train] step=3799 loss=0.229551 lr=6.847e-06
[train] step=3800 loss=0.262068 lr=6.845e-06
[train] step=3801 loss=0.196577 lr=6.844e-06
[train] step=3802 loss=0.113720 lr=6.842e-06
[train] step=3803 loss=0.266775 lr=6.841e-06
[train] step=3804 loss=0.241294 lr=6.839e-06
[train] step=3805 loss=0.217108 lr=6.838e-06
[train] step=3806 loss=0.206600 lr=6.836e-06
[train] step=3807 loss=0.134702 lr=6.835e-06
[train] step=3808 loss=0.153607 lr=6.834e-06
[train] step=3809 loss=0.213927 lr=6.832e-06
[train] step=3810 loss=0.210955 lr=6.831e-06
[train] step=3811 loss=0.172795 lr=6.829e-06
[train] step=3812 loss=0.187398 lr=6.828e-06
[train] step=3813 loss=0.237903 lr=6.826e-06
[train] step=3814 loss=0.159746 lr=6.825e-06
[train] step=3815 loss=0.127913 lr=6.823e-06
[train] step=3816 loss=0.095229 lr=6.822e-06
[train] step=3817 loss=0.178180 lr=6.820e-06
[train] step=3818 loss=0.210130 lr=6.819e-06
[train] step=3819 loss=0.249355 lr=6.817e-06
[train] step=3820 loss=0.210517 lr=6.816e-06
[train] step=3821 loss=0.158845 lr=6.815e-06
[train] step=3822 loss=0.268335 lr=6.813e-06
[train] step=3823 loss=0.300473 lr=6.812e-06
[train] step=3824 loss=0.165625 lr=6.810e-06
[train] step=3825 loss=0.157981 lr=6.809e-06
[train] step=3826 loss=0.110038 lr=6.807e-06
[train] step=3827 loss=0.245612 lr=6.806e-06
[train] step=3828 loss=0.199876 lr=6.804e-06
[train] step=3829 loss=0.235910 lr=6.803e-06
[train] step=3830 loss=0.191240 lr=6.801e-06
[train] step=3831 loss=0.189109 lr=6.800e-06
[train] step=3832 loss=0.168008 lr=6.798e-06
[train] step=3833 loss=0.209811 lr=6.797e-06
[train] step=3834 loss=0.198816 lr=6.796e-06
[train] step=3835 loss=0.175752 lr=6.794e-06
[train] step=3836 loss=0.246235 lr=6.793e-06
[train] step=3837 loss=0.242733 lr=6.791e-06
[train] step=3838 loss=0.157869 lr=6.790e-06
[train] step=3839 loss=0.161060 lr=6.788e-06
[train] step=3840 loss=0.163415 lr=6.787e-06
INFO     [rank 0] Model weights for step 3840 saved in       dit_trainer.py:1085
         checkpoints/model_weights_step_03840.safetensors                       
INFO     [rank 0] Scalar embedding weights for step 3840     dit_trainer.py:1092
         saved                                                                  
INFO     [rank 0] Training state saved:                      dit_trainer.py:1123
         checkpoints/model_weights_step_03840.state.pt                          
DEBUG    [rank 0] Removed old checkpoint:                    dit_trainer.py:1136
         /hppfs/scratch/0D/go76fuz2/windinet/outputs/shockwa                    
         ve_dit_anchor_kl1e7/checkpoints/model_weights_step_                    
         03240.safetensors                                                      
DEBUG    [rank 0] Removed old checkpoint:                    dit_trainer.py:1136
         /hppfs/scratch/0D/go76fuz2/windinet/outputs/shockwa                    
         ve_dit_anchor_kl1e7/checkpoints/model_weights_step_                    
         03240.state.pt                                                         
DEBUG    [rank 0] Removed old checkpoint:                    dit_trainer.py:1136
         /hppfs/scratch/0D/go76fuz2/windinet/outputs/shockwa                    
         ve_dit_anchor_kl1e7/checkpoints/scalar_embedding_st                    
         ep_03240.safetensors                                                   
[epoch 32] step=3840 train_loss=0.197372
[train] step=3841 loss=0.138713 lr=6.785e-06
[train] step=3842 loss=0.166056 lr=6.784e-06
[train] step=3843 loss=0.165131 lr=6.782e-06
[train] step=3844 loss=0.209629 lr=6.781e-06
[train] step=3845 loss=0.296001 lr=6.779e-06
[train] step=3846 loss=0.289703 lr=6.778e-06
[train] step=3847 loss=0.318504 lr=6.776e-06
[train] step=3848 loss=0.263482 lr=6.775e-06
[train] step=3849 loss=0.228553 lr=6.774e-06
[train] step=3850 loss=0.180871 lr=6.772e-06
[train] step=3851 loss=0.125288 lr=6.771e-06
[train] step=3852 loss=0.186977 lr=6.769e-06
[train] step=3853 loss=0.163829 lr=6.768e-06
[train] step=3854 loss=0.230525 lr=6.766e-06
[train] step=3855 loss=0.203791 lr=6.765e-06
[train] step=3856 loss=0.203011 lr=6.763e-06
[train] step=3857 loss=0.192915 lr=6.762e-06
[train] step=3858 loss=0.169467 lr=6.760e-06
[train] step=3859 loss=0.199566 lr=6.759e-06
[train] step=3860 loss=0.295199 lr=6.757e-06
[train] step=3861 loss=0.206844 lr=6.756e-06
[train] step=3862 loss=0.230111 lr=6.754e-06
[train] step=3863 loss=0.108223 lr=6.753e-06
[train] step=3864 loss=0.198441 lr=6.752e-06
[train] step=3865 loss=0.201869 lr=6.750e-06
[train] step=3866 loss=0.188433 lr=6.749e-06
[train] step=3867 loss=0.151577 lr=6.747e-06
[train] step=3868 loss=0.235531 lr=6.746e-06
[train] step=3869 loss=0.236288 lr=6.744e-06
[train] step=3870 loss=0.157682 lr=6.743e-06
[train] step=3871 loss=0.154754 lr=6.741e-06
[train] step=3872 loss=0.224429 lr=6.740e-06
[train] step=3873 loss=0.189810 lr=6.738e-06
[train] step=3874 loss=0.151722 lr=6.737e-06
[train] step=3875 loss=0.107505 lr=6.735e-06
[train] step=3876 loss=0.132684 lr=6.734e-06
[train] step=3877 loss=0.185994 lr=6.732e-06
[train] step=3878 loss=0.096983 lr=6.731e-06
[train] step=3879 loss=0.244731 lr=6.729e-06
[train] step=3880 loss=0.164864 lr=6.728e-06
[train] step=3881 loss=0.192642 lr=6.726e-06
[train] step=3882 loss=0.180552 lr=6.725e-06
[train] step=3883 loss=0.206718 lr=6.724e-06
[train] step=3884 loss=0.104563 lr=6.722e-06
[train] step=3885 loss=0.283873 lr=6.721e-06
[train] step=3886 loss=0.334585 lr=6.719e-06
[train] step=3887 loss=0.162727 lr=6.718e-06
[train] step=3888 loss=0.279256 lr=6.716e-06
[train] step=3889 loss=0.298265 lr=6.715e-06
[train] step=3890 loss=0.223994 lr=6.713e-06
[train] step=3891 loss=0.163860 lr=6.712e-06
[train] step=3892 loss=0.230822 lr=6.710e-06
[train] step=3893 loss=0.167422 lr=6.709e-06
[train] step=3894 loss=0.271413 lr=6.707e-06
[train] step=3895 loss=0.272009 lr=6.706e-06
[train] step=3896 loss=0.213859 lr=6.704e-06
[train] step=3897 loss=0.167825 lr=6.703e-06
[train] step=3898 loss=0.120889 lr=6.701e-06
[train] step=3899 loss=0.231923 lr=6.700e-06
[train] step=3900 loss=0.184311 lr=6.698e-06
[train] step=3901 loss=0.171864 lr=6.697e-06
[train] step=3902 loss=0.147940 lr=6.696e-06
[train] step=3903 loss=0.261464 lr=6.694e-06
[train] step=3904 loss=0.218468 lr=6.693e-06
[train] step=3905 loss=0.136632 lr=6.691e-06
[train] step=3906 loss=0.185316 lr=6.690e-06
[train] step=3907 loss=0.153451 lr=6.688e-06
[train] step=3908 loss=0.106572 lr=6.687e-06
[train] step=3909 loss=0.205642 lr=6.685e-06
[train] step=3910 loss=0.155708 lr=6.684e-06
[train] step=3911 loss=0.160543 lr=6.682e-06
[train] step=3912 loss=0.126448 lr=6.681e-06
[train] step=3913 loss=0.259000 lr=6.679e-06
[train] step=3914 loss=0.082639 lr=6.678e-06
[train] step=3915 loss=0.150510 lr=6.676e-06
[train] step=3916 loss=0.160537 lr=6.675e-06
[train] step=3917 loss=0.266106 lr=6.673e-06
[train] step=3918 loss=0.172652 lr=6.672e-06
[train] step=3919 loss=0.175752 lr=6.670e-06
[train] step=3920 loss=0.157655 lr=6.669e-06
[train] step=3921 loss=0.220421 lr=6.667e-06
[train] step=3922 loss=0.245450 lr=6.666e-06
[train] step=3923 loss=0.110410 lr=6.664e-06
[train] step=3924 loss=0.282588 lr=6.663e-06
[train] step=3925 loss=0.278435 lr=6.662e-06
[train] step=3926 loss=0.146450 lr=6.660e-06
[train] step=3927 loss=0.204572 lr=6.659e-06
[train] step=3928 loss=0.243060 lr=6.657e-06
[train] step=3929 loss=0.158409 lr=6.656e-06
[train] step=3930 loss=0.244946 lr=6.654e-06
[train] step=3931 loss=0.226661 lr=6.653e-06
[train] step=3932 loss=0.162505 lr=6.651e-06
[train] step=3933 loss=0.129385 lr=6.650e-06
[train] step=3934 loss=0.172003 lr=6.648e-06
[train] step=3935 loss=0.235504 lr=6.647e-06
[train] step=3936 loss=0.208647 lr=6.645e-06
[train] step=3937 loss=0.161544 lr=6.644e-06
[train] step=3938 loss=0.211875 lr=6.642e-06
[train] step=3939 loss=0.226468 lr=6.641e-06
[train] step=3940 loss=0.176314 lr=6.639e-06
[train] step=3941 loss=0.154522 lr=6.638e-06
[train] step=3942 loss=0.228054 lr=6.636e-06
[train] step=3943 loss=0.124388 lr=6.635e-06
[train] step=3944 loss=0.216979 lr=6.633e-06
[train] step=3945 loss=0.225227 lr=6.632e-06
[train] step=3946 loss=0.151968 lr=6.630e-06
[train] step=3947 loss=0.235326 lr=6.629e-06
[train] step=3948 loss=0.169533 lr=6.627e-06
[train] step=3949 loss=0.170957 lr=6.626e-06
[train] step=3950 loss=0.113890 lr=6.624e-06
[train] step=3951 loss=0.238952 lr=6.623e-06
[train] step=3952 loss=0.188431 lr=6.621e-06
[train] step=3953 loss=0.169876 lr=6.620e-06
[train] step=3954 loss=0.134194 lr=6.619e-06
[train] step=3955 loss=0.259344 lr=6.617e-06
[train] step=3956 loss=0.255382 lr=6.616e-06
[train] step=3957 loss=0.214095 lr=6.614e-06
[train] step=3958 loss=0.134874 lr=6.613e-06
[train] step=3959 loss=0.259250 lr=6.611e-06
[train] step=3960 loss=0.280191 lr=6.610e-06
INFO     [rank 0] Model weights for step 3960 saved in       dit_trainer.py:1085
         checkpoints/model_weights_step_03960.safetensors                       
INFO     [rank 0] Scalar embedding weights for step 3960     dit_trainer.py:1092
         saved                                                                  
INFO     [rank 0] Training state saved:                      dit_trainer.py:1123
         checkpoints/model_weights_step_03960.state.pt                          
DEBUG    [rank 0] Removed old checkpoint:                    dit_trainer.py:1136
         /hppfs/scratch/0D/go76fuz2/windinet/outputs/shockwa                    
         ve_dit_anchor_kl1e7/checkpoints/model_weights_step_                    
         03360.safetensors                                                      
DEBUG    [rank 0] Removed old checkpoint:                    dit_trainer.py:1136
         /hppfs/scratch/0D/go76fuz2/windinet/outputs/shockwa                    
         ve_dit_anchor_kl1e7/checkpoints/model_weights_step_                    
         03360.state.pt                                                         
DEBUG    [rank 0] Removed old checkpoint:                    dit_trainer.py:1136
         /hppfs/scratch/0D/go76fuz2/windinet/outputs/shockwa                    
         ve_dit_anchor_kl1e7/checkpoints/scalar_embedding_st                    
         ep_03360.safetensors                                                   
[epoch 33] step=3960 train_loss=0.194970
[train] step=3961 loss=0.257515 lr=6.608e-06
[train] step=3962 loss=0.234418 lr=6.607e-06
[train] step=3963 loss=0.173464 lr=6.605e-06
[train] step=3964 loss=0.167597 lr=6.604e-06
[train] step=3965 loss=0.263059 lr=6.602e-06
[train] step=3966 loss=0.235950 lr=6.601e-06
[train] step=3967 loss=0.152146 lr=6.599e-06
[train] step=3968 loss=0.229043 lr=6.598e-06
[train] step=3969 loss=0.318591 lr=6.596e-06
[train] step=3970 loss=0.240260 lr=6.595e-06
[train] step=3971 loss=0.294416 lr=6.593e-06
[train] step=3972 loss=0.155612 lr=6.592e-06
[train] step=3973 loss=0.127006 lr=6.590e-06
[train] step=3974 loss=0.264407 lr=6.589e-06
[train] step=3975 loss=0.153666 lr=6.587e-06
[train] step=3976 loss=0.154833 lr=6.586e-06
[train] step=3977 loss=0.279261 lr=6.584e-06
[train] step=3978 loss=0.161714 lr=6.583e-06
[train] step=3979 loss=0.178503 lr=6.581e-06
[train] step=3980 loss=0.180576 lr=6.580e-06
[train] step=3981 loss=0.150906 lr=6.578e-06
[train] step=3982 loss=0.221889 lr=6.577e-06
[train] step=3983 loss=0.176705 lr=6.575e-06
[train] step=3984 loss=0.181961 lr=6.574e-06
[train] step=3985 loss=0.145364 lr=6.572e-06
[train] step=3986 loss=0.122312 lr=6.571e-06
[train] step=3987 loss=0.149826 lr=6.569e-06
[train] step=3988 loss=0.378864 lr=6.568e-06
[train] step=3989 loss=0.197096 lr=6.566e-06
[train] step=3990 loss=0.139242 lr=6.565e-06
[train] step=3991 loss=0.283592 lr=6.563e-06
[train] step=3992 loss=0.162160 lr=6.562e-06
[train] step=3993 loss=0.190939 lr=6.560e-06
[train] step=3994 loss=0.301154 lr=6.559e-06
[train] step=3995 loss=0.122076 lr=6.557e-06
[train] step=3996 loss=0.121070 lr=6.556e-06
[train] step=3997 loss=0.194224 lr=6.555e-06
[train] step=3998 loss=0.201443 lr=6.553e-06
[train] step=3999 loss=0.269818 lr=6.552e-06
[train] step=4000 loss=0.174275 lr=6.550e-06
[train] step=4001 loss=0.186832 lr=6.549e-06
[train] step=4002 loss=0.079603 lr=6.547e-06
[train] step=4003 loss=0.162119 lr=6.546e-06
[train] step=4004 loss=0.223066 lr=6.544e-06
[train] step=4005 loss=0.173637 lr=6.543e-06
[train] step=4006 loss=0.278902 lr=6.541e-06
[train] step=4007 loss=0.141594 lr=6.540e-06
[train] step=4008 loss=0.174933 lr=6.538e-06
[train] step=4009 loss=0.182412 lr=6.537e-06
[train] step=4010 loss=0.183782 lr=6.535e-06
[train] step=4011 loss=0.295411 lr=6.534e-06
[train] step=4012 loss=0.311142 lr=6.532e-06
[train] step=4013 loss=0.321496 lr=6.531e-06
[train] step=4014 loss=0.143483 lr=6.529e-06
[train] step=4015 loss=0.155214 lr=6.528e-06
[train] step=4016 loss=0.259253 lr=6.526e-06
[train] step=4017 loss=0.109312 lr=6.525e-06
[train] step=4018 loss=0.216170 lr=6.523e-06
[train] step=4019 loss=0.149683 lr=6.522e-06
[train] step=4020 loss=0.238350 lr=6.520e-06
[train] step=4021 loss=0.619713 lr=6.519e-06
[train] step=4022 loss=0.213704 lr=6.517e-06
[train] step=4023 loss=0.132346 lr=6.516e-06
[train] step=4024 loss=0.198653 lr=6.514e-06
[train] step=4025 loss=0.118389 lr=6.513e-06
[train] step=4026 loss=0.251546 lr=6.511e-06
[train] step=4027 loss=0.163718 lr=6.510e-06
[train] step=4028 loss=0.184521 lr=6.508e-06
[train] step=4029 loss=0.150322 lr=6.507e-06
[train] step=4030 loss=0.144860 lr=6.505e-06
[train] step=4031 loss=0.162558 lr=6.504e-06
[train] step=4032 loss=0.167003 lr=6.502e-06
[train] step=4033 loss=0.247402 lr=6.501e-06
[train] step=4034 loss=0.197434 lr=6.499e-06
[train] step=4035 loss=0.150709 lr=6.498e-06
[train] step=4036 loss=0.151674 lr=6.496e-06
[train] step=4037 loss=0.187972 lr=6.495e-06
[train] step=4038 loss=0.319965 lr=6.493e-06
[train] step=4039 loss=0.183560 lr=6.492e-06
[train] step=4040 loss=0.261313 lr=6.490e-06
[train] step=4041 loss=0.149088 lr=6.489e-06
[train] step=4042 loss=0.185011 lr=6.487e-06
[train] step=4043 loss=0.179440 lr=6.486e-06
[train] step=4044 loss=0.164759 lr=6.484e-06
[train] step=4045 loss=0.196149 lr=6.483e-06
[train] step=4046 loss=0.156740 lr=6.481e-06
[train] step=4047 loss=0.080973 lr=6.480e-06
[train] step=4048 loss=0.282064 lr=6.478e-06
[train] step=4049 loss=0.194446 lr=6.477e-06
[train] step=4050 loss=0.223628 lr=6.475e-06
[train] step=4051 loss=0.393070 lr=6.474e-06
[train] step=4052 loss=0.184839 lr=6.472e-06
[train] step=4053 loss=0.232635 lr=6.471e-06
[train] step=4054 loss=0.177894 lr=6.469e-06
[train] step=4055 loss=0.191243 lr=6.468e-06
[train] step=4056 loss=0.226897 lr=6.466e-06
[train] step=4057 loss=0.133590 lr=6.465e-06
[train] step=4058 loss=0.285826 lr=6.463e-06
[train] step=4059 loss=0.155587 lr=6.462e-06
[train] step=4060 loss=0.277969 lr=6.460e-06
[train] step=4061 loss=0.240385 lr=6.459e-06
[train] step=4062 loss=0.214838 lr=6.457e-06
[train] step=4063 loss=0.396060 lr=6.456e-06
[train] step=4064 loss=0.255327 lr=6.454e-06
[train] step=4065 loss=0.141490 lr=6.453e-06
[train] step=4066 loss=0.188878 lr=6.451e-06
[train] step=4067 loss=0.228607 lr=6.450e-06
[train] step=4068 loss=0.150358 lr=6.448e-06
[train] step=4069 loss=0.255576 lr=6.447e-06
[train] step=4070 loss=0.260411 lr=6.445e-06
[train] step=4071 loss=0.137458 lr=6.444e-06
[train] step=4072 loss=0.327200 lr=6.442e-06
[train] step=4073 loss=0.137366 lr=6.441e-06
[train] step=4074 loss=0.074964 lr=6.439e-06
[train] step=4075 loss=0.180200 lr=6.438e-06
[train] step=4076 loss=0.246455 lr=6.436e-06
[train] step=4077 loss=0.224194 lr=6.435e-06
[train] step=4078 loss=0.148546 lr=6.433e-06
[train] step=4079 loss=0.162127 lr=6.432e-06
[train] step=4080 loss=0.226881 lr=6.430e-06
INFO     [rank 0] Model weights for step 4080 saved in       dit_trainer.py:1085
         checkpoints/model_weights_step_04080.safetensors                       
INFO     [rank 0] Scalar embedding weights for step 4080     dit_trainer.py:1092
         saved                                                                  
INFO     [rank 0] Training state saved:                      dit_trainer.py:1123
         checkpoints/model_weights_step_04080.state.pt                          
DEBUG    [rank 0] Removed old checkpoint:                    dit_trainer.py:1136
         /hppfs/scratch/0D/go76fuz2/windinet/outputs/shockwa                    
         ve_dit_anchor_kl1e7/checkpoints/model_weights_step_                    
         03480.safetensors                                                      
DEBUG    [rank 0] Removed old checkpoint:                    dit_trainer.py:1136
         /hppfs/scratch/0D/go76fuz2/windinet/outputs/shockwa                    
         ve_dit_anchor_kl1e7/checkpoints/model_weights_step_                    
         03480.state.pt                                                         
DEBUG    [rank 0] Removed old checkpoint:                    dit_trainer.py:1136
         /hppfs/scratch/0D/go76fuz2/windinet/outputs/shockwa                    
         ve_dit_anchor_kl1e7/checkpoints/scalar_embedding_st                    
         ep_03480.safetensors                                                   
[epoch 34] step=4080 train_loss=0.205193
[train] step=4081 loss=0.197829 lr=6.429e-06
[train] step=4082 loss=0.215082 lr=6.427e-06
[train] step=4083 loss=0.171078 lr=6.426e-06
[train] step=4084 loss=0.193565 lr=6.424e-06
[train] step=4085 loss=0.193954 lr=6.423e-06
[train] step=4086 loss=0.123274 lr=6.421e-06
[train] step=4087 loss=0.208059 lr=6.420e-06
[train] step=4088 loss=0.219271 lr=6.418e-06
[train] step=4089 loss=0.218871 lr=6.417e-06
[train] step=4090 loss=0.115623 lr=6.415e-06
[train] step=4091 loss=0.224682 lr=6.414e-06
[train] step=4092 loss=0.258410 lr=6.412e-06
[train] step=4093 loss=0.220545 lr=6.411e-06
[train] step=4094 loss=0.190989 lr=6.409e-06
[train] step=4095 loss=0.131466 lr=6.408e-06
[train] step=4096 loss=0.234424 lr=6.406e-06
[train] step=4097 loss=0.269739 lr=6.405e-06
[train] step=4098 loss=0.170121 lr=6.403e-06
[train] step=4099 loss=0.304990 lr=6.402e-06
[train] step=4100 loss=0.130891 lr=6.400e-06
[train] step=4101 loss=0.259319 lr=6.399e-06
[train] step=4102 loss=0.221432 lr=6.397e-06
[train] step=4103 loss=0.365000 lr=6.396e-06
[train] step=4104 loss=0.213869 lr=6.394e-06
[train] step=4105 loss=0.197806 lr=6.393e-06
[train] step=4106 loss=0.130242 lr=6.391e-06
[train] step=4107 loss=0.202450 lr=6.390e-06
[train] step=4108 loss=0.145704 lr=6.388e-06
[train] step=4109 loss=0.175818 lr=6.387e-06
[train] step=4110 loss=0.166805 lr=6.385e-06
[train] step=4111 loss=0.188462 lr=6.383e-06
[train] step=4112 loss=0.183985 lr=6.382e-06
[train] step=4113 loss=0.272021 lr=6.380e-06
[train] step=4114 loss=0.182669 lr=6.379e-06
[train] step=4115 loss=0.195130 lr=6.377e-06
[train] step=4116 loss=0.177154 lr=6.376e-06
[train] step=4117 loss=0.219976 lr=6.374e-06
[train] step=4118 loss=0.209761 lr=6.373e-06
[train] step=4119 loss=0.148286 lr=6.371e-06
[train] step=4120 loss=0.311628 lr=6.370e-06
[train] step=4121 loss=0.312683 lr=6.368e-06
[train] step=4122 loss=0.228345 lr=6.367e-06
[train] step=4123 loss=0.150493 lr=6.365e-06
[train] step=4124 loss=0.138138 lr=6.364e-06
[train] step=4125 loss=0.334765 lr=6.362e-06
[train] step=4126 loss=0.162048 lr=6.361e-06
[train] step=4127 loss=0.298170 lr=6.359e-06
[train] step=4128 loss=0.125417 lr=6.358e-06
[train] step=4129 loss=0.263983 lr=6.356e-06
[train] step=4130 loss=0.225779 lr=6.355e-06
[train] step=4131 loss=0.164535 lr=6.353e-06
[train] step=4132 loss=0.172274 lr=6.352e-06
[train] step=4133 loss=0.161993 lr=6.350e-06
[train] step=4134 loss=0.322041 lr=6.349e-06
[train] step=4135 loss=0.327741 lr=6.347e-06
[train] step=4136 loss=0.246442 lr=6.346e-06
[train] step=4137 loss=0.170994 lr=6.344e-06
[train] step=4138 loss=0.170582 lr=6.343e-06
[train] step=4139 loss=0.299240 lr=6.341e-06
[train] step=4140 loss=0.203482 lr=6.340e-06
[train] step=4141 loss=0.132705 lr=6.338e-06
[train] step=4142 loss=0.229755 lr=6.337e-06
[train] step=4143 loss=0.147332 lr=6.335e-06
[train] step=4144 loss=0.233740 lr=6.334e-06
[train] step=4145 loss=0.208689 lr=6.332e-06
[train] step=4146 loss=0.124138 lr=6.331e-06
[train] step=4147 loss=0.182480 lr=6.329e-06
[train] step=4148 loss=0.184906 lr=6.328e-06
[train] step=4149 loss=0.174504 lr=6.326e-06
[train] step=4150 loss=0.203172 lr=6.325e-06
[train] step=4151 loss=0.157924 lr=6.323e-06
[train] step=4152 loss=0.168447 lr=6.322e-06
[train] step=4153 loss=0.307315 lr=6.320e-06
[train] step=4154 loss=0.242506 lr=6.319e-06
[train] step=4155 loss=0.141858 lr=6.317e-06
[train] step=4156 loss=0.165469 lr=6.315e-06
[train] step=4157 loss=0.235026 lr=6.314e-06
[train] step=4158 loss=0.121282 lr=6.312e-06
[train] step=4159 loss=0.239577 lr=6.311e-06
[train] step=4160 loss=0.201051 lr=6.309e-06
[train] step=4161 loss=0.221212 lr=6.308e-06
[train] step=4162 loss=0.193652 lr=6.306e-06
[train] step=4163 loss=0.586836 lr=6.305e-06
[train] step=4164 loss=0.185425 lr=6.303e-06
[train] step=4165 loss=0.188063 lr=6.302e-06
[train] step=4166 loss=0.147632 lr=6.300e-06
[train] step=4167 loss=0.252542 lr=6.299e-06
[train] step=4168 loss=0.139928 lr=6.297e-06
[train] step=4169 loss=0.117100 lr=6.296e-06
[train] step=4170 loss=0.192032 lr=6.294e-06
[train] step=4171 loss=0.171179 lr=6.293e-06
[train] step=4172 loss=0.228973 lr=6.291e-06
[train] step=4173 loss=0.352637 lr=6.290e-06
[train] step=4174 loss=0.118887 lr=6.288e-06
[train] step=4175 loss=0.196401 lr=6.287e-06
[train] step=4176 loss=0.207258 lr=6.285e-06
[train] step=4177 loss=0.257333 lr=6.284e-06
[train] step=4178 loss=0.154358 lr=6.282e-06
[train] step=4179 loss=0.150941 lr=6.281e-06
[train] step=4180 loss=0.157395 lr=6.279e-06
[train] step=4181 loss=0.270877 lr=6.278e-06
[train] step=4182 loss=0.151078 lr=6.276e-06
[train] step=4183 loss=0.188186 lr=6.275e-06
[train] step=4184 loss=0.162326 lr=6.273e-06
[train] step=4185 loss=0.227644 lr=6.272e-06
[train] step=4186 loss=0.117531 lr=6.270e-06
[train] step=4187 loss=0.190648 lr=6.268e-06
[train] step=4188 loss=0.134777 lr=6.267e-06
[train] step=4189 loss=0.216540 lr=6.265e-06
[train] step=4190 loss=0.159573 lr=6.264e-06
[train] step=4191 loss=0.225981 lr=6.262e-06
[train] step=4192 loss=0.120863 lr=6.261e-06
[train] step=4193 loss=0.193611 lr=6.259e-06
[train] step=4194 loss=0.196539 lr=6.258e-06
[train] step=4195 loss=0.379437 lr=6.256e-06
[train] step=4196 loss=0.156267 lr=6.255e-06
[train] step=4197 loss=0.121412 lr=6.253e-06
[train] step=4198 loss=0.229408 lr=6.252e-06
[train] step=4199 loss=0.151242 lr=6.250e-06
[train] step=4200 loss=0.160363 lr=6.249e-06
[val] step=4200 val_loss=0.204175
INFO     [rank 0] Model weights for step 4200 saved in       dit_trainer.py:1085
         checkpoints/model_weights_step_04200.safetensors                       
INFO     [rank 0] Scalar embedding weights for step 4200     dit_trainer.py:1092
         saved                                                                  
INFO     [rank 0] Training state saved:                      dit_trainer.py:1123
         checkpoints/model_weights_step_04200.state.pt                          
DEBUG    [rank 0] Removed old checkpoint:                    dit_trainer.py:1136
         /hppfs/scratch/0D/go76fuz2/windinet/outputs/shockwa                    
         ve_dit_anchor_kl1e7/checkpoints/model_weights_step_                    
         03600.safetensors                                                      
DEBUG    [rank 0] Removed old checkpoint:                    dit_trainer.py:1136
         /hppfs/scratch/0D/go76fuz2/windinet/outputs/shockwa                    
         ve_dit_anchor_kl1e7/checkpoints/model_weights_step_                    
         03600.state.pt                                                         
DEBUG    [rank 0] Removed old checkpoint:                    dit_trainer.py:1136
         /hppfs/scratch/0D/go76fuz2/windinet/outputs/shockwa                    
         ve_dit_anchor_kl1e7/checkpoints/scalar_embedding_st                    
         ep_03600.safetensors                                                   
[epoch 35] step=4200 train_loss=0.204017 val_loss=0.204175
[train] step=4201 loss=0.206790 lr=6.247e-06
[train] step=4202 loss=0.159871 lr=6.246e-06
[train] step=4203 loss=0.372022 lr=6.244e-06
[train] step=4204 loss=0.131000 lr=6.243e-06
[train] step=4205 loss=0.191555 lr=6.241e-06
[train] step=4206 loss=0.143579 lr=6.240e-06
[train] step=4207 loss=0.196531 lr=6.238e-06
[train] step=4208 loss=0.236883 lr=6.237e-06
[train] step=4209 loss=0.212606 lr=6.235e-06
[train] step=4210 loss=0.257381 lr=6.234e-06
[train] step=4211 loss=0.213223 lr=6.232e-06
[train] step=4212 loss=0.097075 lr=6.230e-06
[train] step=4213 loss=0.142247 lr=6.229e-06
[train] step=4214 loss=0.244380 lr=6.227e-06
[train] step=4215 loss=0.101654 lr=6.226e-06
[train] step=4216 loss=0.094676 lr=6.224e-06
[train] step=4217 loss=0.157417 lr=6.223e-06
[train] step=4218 loss=0.216308 lr=6.221e-06
[train] step=4219 loss=0.091472 lr=6.220e-06
[train] step=4220 loss=0.309126 lr=6.218e-06
[train] step=4221 loss=0.199719 lr=6.217e-06
[train] step=4222 loss=0.212729 lr=6.215e-06
[train] step=4223 loss=0.199050 lr=6.214e-06
[train] step=4224 loss=0.260244 lr=6.212e-06
[train] step=4225 loss=0.200303 lr=6.211e-06
[train] step=4226 loss=0.135136 lr=6.209e-06
[train] step=4227 loss=0.217592 lr=6.208e-06
[train] step=4228 loss=0.292058 lr=6.206e-06
[train] step=4229 loss=0.179363 lr=6.205e-06
[train] step=4230 loss=0.220177 lr=6.203e-06
[train] step=4231 loss=0.224892 lr=6.202e-06
[train] step=4232 loss=0.187248 lr=6.200e-06
[train] step=4233 loss=0.200412 lr=6.199e-06
[train] step=4234 loss=0.198275 lr=6.197e-06
[train] step=4235 loss=0.198429 lr=6.195e-06
[train] step=4236 loss=0.197118 lr=6.194e-06
[train] step=4237 loss=0.114697 lr=6.192e-06
[train] step=4238 loss=0.145038 lr=6.191e-06
[train] step=4239 loss=0.132632 lr=6.189e-06
[train] step=4240 loss=0.210095 lr=6.188e-06
[train] step=4241 loss=0.111036 lr=6.186e-06
[train] step=4242 loss=0.210119 lr=6.185e-06
[train] step=4243 loss=0.193734 lr=6.183e-06
[train] step=4244 loss=0.181526 lr=6.182e-06
[train] step=4245 loss=0.144255 lr=6.180e-06
[train] step=4246 loss=0.205139 lr=6.179e-06
[train] step=4247 loss=0.204206 lr=6.177e-06
[train] step=4248 loss=0.121745 lr=6.176e-06
[train] step=4249 loss=0.199660 lr=6.174e-06
[train] step=4250 loss=0.205980 lr=6.173e-06
[train] step=4251 loss=0.139864 lr=6.171e-06
[train] step=4252 loss=0.222397 lr=6.170e-06
[train] step=4253 loss=0.155511 lr=6.168e-06
[train] step=4254 loss=0.265829 lr=6.166e-06
[train] step=4255 loss=0.184095 lr=6.165e-06
[train] step=4256 loss=0.252051 lr=6.163e-06
[train] step=4257 loss=0.192871 lr=6.162e-06
[train] step=4258 loss=0.185820 lr=6.160e-06
[train] step=4259 loss=0.164297 lr=6.159e-06
[train] step=4260 loss=0.123139 lr=6.157e-06
[train] step=4261 loss=0.261326 lr=6.156e-06
[train] step=4262 loss=0.116738 lr=6.154e-06
[train] step=4263 loss=0.147563 lr=6.153e-06
[train] step=4264 loss=0.218575 lr=6.151e-06
[train] step=4265 loss=0.121028 lr=6.150e-06
[train] step=4266 loss=0.081673 lr=6.148e-06
[train] step=4267 loss=0.245483 lr=6.147e-06
[train] step=4268 loss=0.143471 lr=6.145e-06
[train] step=4269 loss=0.252523 lr=6.144e-06
[train] step=4270 loss=0.172548 lr=6.142e-06
[train] step=4271 loss=0.250665 lr=6.141e-06
[train] step=4272 loss=0.210703 lr=6.139e-06
[train] step=4273 loss=0.213103 lr=6.137e-06
[train] step=4274 loss=0.231509 lr=6.136e-06
[train] step=4275 loss=0.170629 lr=6.134e-06
[train] step=4276 loss=0.253232 lr=6.133e-06
[train] step=4277 loss=0.190645 lr=6.131e-06
[train] step=4278 loss=0.137240 lr=6.130e-06
[train] step=4279 loss=0.115415 lr=6.128e-06
[train] step=4280 loss=0.171124 lr=6.127e-06
[train] step=4281 loss=0.194819 lr=6.125e-06
[train] step=4282 loss=0.112853 lr=6.124e-06
[train] step=4283 loss=0.278547 lr=6.122e-06
[train] step=4284 loss=0.212198 lr=6.121e-06
[train] step=4285 loss=0.361775 lr=6.119e-06
[train] step=4286 loss=0.167293 lr=6.118e-06
[train] step=4287 loss=0.208313 lr=6.116e-06
[train] step=4288 loss=0.213703 lr=6.115e-06
[train] step=4289 loss=0.203246 lr=6.113e-06
[train] step=4290 loss=0.196474 lr=6.111e-06
[train] step=4291 loss=0.295853 lr=6.110e-06
[train] step=4292 loss=0.127008 lr=6.108e-06
[train] step=4293 loss=0.165982 lr=6.107e-06
[train] step=4294 loss=0.192792 lr=6.105e-06
[train] step=4295 loss=0.132553 lr=6.104e-06
[train] step=4296 loss=0.234540 lr=6.102e-06
[train] step=4297 loss=0.268793 lr=6.101e-06
[train] step=4298 loss=0.241463 lr=6.099e-06
[train] step=4299 loss=0.202728 lr=6.098e-06
[train] step=4300 loss=0.152052 lr=6.096e-06
[train] step=4301 loss=0.126891 lr=6.095e-06
[train] step=4302 loss=0.343301 lr=6.093e-06
[train] step=4303 loss=0.120212 lr=6.092e-06
[train] step=4304 loss=0.264027 lr=6.090e-06
[train] step=4305 loss=0.127078 lr=6.088e-06
[train] step=4306 loss=0.153456 lr=6.087e-06
[train] step=4307 loss=0.205385 lr=6.085e-06
[train] step=4308 loss=0.199822 lr=6.084e-06
[train] step=4309 loss=0.268812 lr=6.082e-06
[train] step=4310 loss=0.174745 lr=6.081e-06
[train] step=4311 loss=0.212701 lr=6.079e-06
[train] step=4312 loss=0.152026 lr=6.078e-06
[train] step=4313 loss=0.192287 lr=6.076e-06
[train] step=4314 loss=0.172647 lr=6.075e-06
[train] step=4315 loss=0.140856 lr=6.073e-06
[train] step=4316 loss=0.169469 lr=6.072e-06
[train] step=4317 loss=0.208208 lr=6.070e-06
[train] step=4318 loss=0.127008 lr=6.069e-06
[train] step=4319 loss=0.263700 lr=6.067e-06
[train] step=4320 loss=0.231554 lr=6.066e-06
INFO     [rank 0] Model weights for step 4320 saved in       dit_trainer.py:1085
         checkpoints/model_weights_step_04320.safetensors                       
INFO     [rank 0] Scalar embedding weights for step 4320     dit_trainer.py:1092
         saved                                                                  
INFO     [rank 0] Training state saved:                      dit_trainer.py:1123
         checkpoints/model_weights_step_04320.state.pt                          
DEBUG    [rank 0] Removed old checkpoint:                    dit_trainer.py:1136
         /hppfs/scratch/0D/go76fuz2/windinet/outputs/shockwa                    
         ve_dit_anchor_kl1e7/checkpoints/model_weights_step_                    
         03720.safetensors                                                      
DEBUG    [rank 0] Removed old checkpoint:                    dit_trainer.py:1136
         /hppfs/scratch/0D/go76fuz2/windinet/outputs/shockwa                    
         ve_dit_anchor_kl1e7/checkpoints/model_weights_step_                    
         03720.state.pt                                                         
DEBUG    [rank 0] Removed old checkpoint:                    dit_trainer.py:1136
         /hppfs/scratch/0D/go76fuz2/windinet/outputs/shockwa                    
         ve_dit_anchor_kl1e7/checkpoints/scalar_embedding_st                    
         ep_03720.safetensors                                                   
[epoch 36] step=4320 train_loss=0.191795
[train] step=4321 loss=0.277712 lr=6.064e-06
[train] step=4322 loss=0.193478 lr=6.062e-06
[train] step=4323 loss=0.085356 lr=6.061e-06
[train] step=4324 loss=0.190164 lr=6.059e-06
[train] step=4325 loss=0.171406 lr=6.058e-06
[train] step=4326 loss=0.167365 lr=6.056e-06
[train] step=4327 loss=0.172859 lr=6.055e-06
[train] step=4328 loss=0.228114 lr=6.053e-06
[train] step=4329 loss=0.220172 lr=6.052e-06
[train] step=4330 loss=0.222926 lr=6.050e-06
[train] step=4331 loss=0.217330 lr=6.049e-06
[train] step=4332 loss=0.254450 lr=6.047e-06
[train] step=4333 loss=0.253980 lr=6.046e-06
[train] step=4334 loss=0.142364 lr=6.044e-06
[train] step=4335 loss=0.334211 lr=6.042e-06
[train] step=4336 loss=0.177423 lr=6.041e-06
[train] step=4337 loss=0.115140 lr=6.039e-06
[train] step=4338 loss=0.157436 lr=6.038e-06
[train] step=4339 loss=0.189994 lr=6.036e-06
[train] step=4340 loss=0.160008 lr=6.035e-06
[train] step=4341 loss=0.188123 lr=6.033e-06
[train] step=4342 loss=0.154991 lr=6.032e-06
[train] step=4343 loss=0.137890 lr=6.030e-06
[train] step=4344 loss=0.195545 lr=6.029e-06
[train] step=4345 loss=0.228945 lr=6.027e-06
[train] step=4346 loss=0.201187 lr=6.026e-06
[train] step=4347 loss=0.439307 lr=6.024e-06
[train] step=4348 loss=0.194775 lr=6.023e-06
[train] step=4349 loss=0.206030 lr=6.021e-06
[train] step=4350 loss=0.191266 lr=6.019e-06
[train] step=4351 loss=0.134232 lr=6.018e-06
[train] step=4352 loss=0.168374 lr=6.016e-06
[train] step=4353 loss=0.162257 lr=6.015e-06
[train] step=4354 loss=0.358069 lr=6.013e-06
[train] step=4355 loss=0.234468 lr=6.012e-06
[train] step=4356 loss=0.215853 lr=6.010e-06
[train] step=4357 loss=0.155422 lr=6.009e-06
[train] step=4358 loss=0.206427 lr=6.007e-06
[train] step=4359 loss=0.171570 lr=6.006e-06
[train] step=4360 loss=0.216128 lr=6.004e-06
[train] step=4361 loss=0.324545 lr=6.003e-06
[train] step=4362 loss=0.300831 lr=6.001e-06
[train] step=4363 loss=0.172300 lr=5.999e-06
[train] step=4364 loss=0.135184 lr=5.998e-06
[train] step=4365 loss=0.229167 lr=5.996e-06
[train] step=4366 loss=0.515567 lr=5.995e-06
[train] step=4367 loss=0.177984 lr=5.993e-06
[train] step=4368 loss=0.241687 lr=5.992e-06
[train] step=4369 loss=0.176311 lr=5.990e-06
[train] step=4370 loss=0.107269 lr=5.989e-06
[train] step=4371 loss=0.379276 lr=5.987e-06
[train] step=4372 loss=0.143961 lr=5.986e-06
[train] step=4373 loss=0.194648 lr=5.984e-06
[train] step=4374 loss=0.279759 lr=5.983e-06
[train] step=4375 loss=0.129603 lr=5.981e-06
[train] step=4376 loss=0.159960 lr=5.979e-06
[train] step=4377 loss=0.221473 lr=5.978e-06
[train] step=4378 loss=0.104166 lr=5.976e-06
[train] step=4379 loss=0.163761 lr=5.975e-06
[train] step=4380 loss=0.248787 lr=5.973e-06
[train] step=4381 loss=0.212321 lr=5.972e-06
[train] step=4382 loss=0.174479 lr=5.970e-06
[train] step=4383 loss=0.226132 lr=5.969e-06
[train] step=4384 loss=0.199070 lr=5.967e-06
[train] step=4385 loss=0.187369 lr=5.966e-06
[train] step=4386 loss=0.248188 lr=5.964e-06
[train] step=4387 loss=0.063157 lr=5.963e-06
[train] step=4388 loss=0.195019 lr=5.961e-06
[train] step=4389 loss=0.207873 lr=5.959e-06
[train] step=4390 loss=0.190663 lr=5.958e-06
[train] step=4391 loss=0.196965 lr=5.956e-06
[train] step=4392 loss=0.154406 lr=5.955e-06
[train] step=4393 loss=0.203217 lr=5.953e-06
[train] step=4394 loss=0.190100 lr=5.952e-06
[train] step=4395 loss=0.202725 lr=5.950e-06
[train] step=4396 loss=0.177696 lr=5.949e-06
[train] step=4397 loss=0.234524 lr=5.947e-06
[train] step=4398 loss=0.206676 lr=5.946e-06
[train] step=4399 loss=0.127380 lr=5.944e-06
[train] step=4400 loss=0.218059 lr=5.943e-06
[train] step=4401 loss=0.155726 lr=5.941e-06
[train] step=4402 loss=0.177461 lr=5.939e-06
[train] step=4403 loss=0.213537 lr=5.938e-06
[train] step=4404 loss=0.129071 lr=5.936e-06
[train] step=4405 loss=0.213533 lr=5.935e-06
[train] step=4406 loss=0.215791 lr=5.933e-06
[train] step=4407 loss=0.206980 lr=5.932e-06
[train] step=4408 loss=0.221393 lr=5.930e-06
[train] step=4409 loss=0.277074 lr=5.929e-06
[train] step=4410 loss=0.250436 lr=5.927e-06
[train] step=4411 loss=0.215966 lr=5.926e-06
[train] step=4412 loss=0.207169 lr=5.924e-06
[train] step=4413 loss=0.159692 lr=5.922e-06
[train] step=4414 loss=0.180839 lr=5.921e-06
[train] step=4415 loss=0.189133 lr=5.919e-06
[train] step=4416 loss=0.122898 lr=5.918e-06
[train] step=4417 loss=0.279067 lr=5.916e-06
[train] step=4418 loss=0.152138 lr=5.915e-06
[train] step=4419 loss=0.162176 lr=5.913e-06
[train] step=4420 loss=0.193387 lr=5.912e-06
[train] step=4421 loss=0.182076 lr=5.910e-06
[train] step=4422 loss=0.111007 lr=5.909e-06
[train] step=4423 loss=0.144491 lr=5.907e-06
[train] step=4424 loss=0.274393 lr=5.905e-06
[train] step=4425 loss=0.235125 lr=5.904e-06
[train] step=4426 loss=0.153348 lr=5.902e-06
[train] step=4427 loss=0.172642 lr=5.901e-06
[train] step=4428 loss=0.247506 lr=5.899e-06
[train] step=4429 loss=0.167845 lr=5.898e-06
[train] step=4430 loss=0.319141 lr=5.896e-06
[train] step=4431 loss=0.142902 lr=5.895e-06
[train] step=4432 loss=0.182476 lr=5.893e-06
[train] step=4433 loss=0.193433 lr=5.892e-06
[train] step=4434 loss=0.220863 lr=5.890e-06
[train] step=4435 loss=0.142162 lr=5.889e-06
[train] step=4436 loss=0.130583 lr=5.887e-06
[train] step=4437 loss=0.236896 lr=5.885e-06
[train] step=4438 loss=0.172459 lr=5.884e-06
[train] step=4439 loss=0.150362 lr=5.882e-06
[train] step=4440 loss=0.230922 lr=5.881e-06
INFO     [rank 0] Model weights for step 4440 saved in       dit_trainer.py:1085
         checkpoints/model_weights_step_04440.safetensors                       
INFO     [rank 0] Scalar embedding weights for step 4440     dit_trainer.py:1092
         saved                                                                  
INFO     [rank 0] Training state saved:                      dit_trainer.py:1123
         checkpoints/model_weights_step_04440.state.pt                          
DEBUG    [rank 0] Removed old checkpoint:                    dit_trainer.py:1136
         /hppfs/scratch/0D/go76fuz2/windinet/outputs/shockwa                    
         ve_dit_anchor_kl1e7/checkpoints/model_weights_step_                    
         03840.safetensors                                                      
DEBUG    [rank 0] Removed old checkpoint:                    dit_trainer.py:1136
         /hppfs/scratch/0D/go76fuz2/windinet/outputs/shockwa                    
         ve_dit_anchor_kl1e7/checkpoints/model_weights_step_                    
         03840.state.pt                                                         
DEBUG    [rank 0] Removed old checkpoint:                    dit_trainer.py:1136
         /hppfs/scratch/0D/go76fuz2/windinet/outputs/shockwa                    
         ve_dit_anchor_kl1e7/checkpoints/scalar_embedding_st                    
         ep_03840.safetensors                                                   
[epoch 37] step=4440 train_loss=0.200414
[train] step=4441 loss=0.133505 lr=5.879e-06
[train] step=4442 loss=0.127661 lr=5.878e-06
[train] step=4443 loss=0.190339 lr=5.876e-06
[train] step=4444 loss=0.155775 lr=5.875e-06
[train] step=4445 loss=0.302063 lr=5.873e-06
[train] step=4446 loss=0.210999 lr=5.872e-06
[train] step=4447 loss=0.144892 lr=5.870e-06
[train] step=4448 loss=0.281771 lr=5.868e-06
[train] step=4449 loss=0.246592 lr=5.867e-06
[train] step=4450 loss=0.231127 lr=5.865e-06
[train] step=4451 loss=0.172162 lr=5.864e-06
[train] step=4452 loss=0.185072 lr=5.862e-06
[train] step=4453 loss=0.229791 lr=5.861e-06
[train] step=4454 loss=0.127550 lr=5.859e-06
[train] step=4455 loss=0.224242 lr=5.858e-06
[train] step=4456 loss=0.145902 lr=5.856e-06
[train] step=4457 loss=0.178438 lr=5.855e-06
[train] step=4458 loss=0.134283 lr=5.853e-06
[train] step=4459 loss=0.195106 lr=5.851e-06
[train] step=4460 loss=0.275011 lr=5.850e-06
[train] step=4461 loss=0.095697 lr=5.848e-06
[train] step=4462 loss=0.134313 lr=5.847e-06
[train] step=4463 loss=0.181227 lr=5.845e-06
[train] step=4464 loss=0.188575 lr=5.844e-06
[train] step=4465 loss=0.206208 lr=5.842e-06
[train] step=4466 loss=0.150944 lr=5.841e-06
[train] step=4467 loss=0.178488 lr=5.839e-06
[train] step=4468 loss=0.186803 lr=5.837e-06
[train] step=4469 loss=0.221131 lr=5.836e-06
[train] step=4470 loss=0.294721 lr=5.834e-06
[train] step=4471 loss=0.169738 lr=5.833e-06
[train] step=4472 loss=0.275288 lr=5.831e-06
[train] step=4473 loss=0.149916 lr=5.830e-06
[train] step=4474 loss=0.175489 lr=5.828e-06
[train] step=4475 loss=0.155683 lr=5.827e-06
[train] step=4476 loss=0.158126 lr=5.825e-06
[train] step=4477 loss=0.171193 lr=5.824e-06
[train] step=4478 loss=0.141007 lr=5.822e-06
[train] step=4479 loss=0.279147 lr=5.820e-06
[train] step=4480 loss=0.179323 lr=5.819e-06
[train] step=4481 loss=0.312136 lr=5.817e-06
[train] step=4482 loss=0.168803 lr=5.816e-06
[train] step=4483 loss=0.188611 lr=5.814e-06
[train] step=4484 loss=0.261768 lr=5.813e-06
[train] step=4485 loss=0.181814 lr=5.811e-06
[train] step=4486 loss=0.218435 lr=5.810e-06
[train] step=4487 loss=0.165025 lr=5.808e-06
[train] step=4488 loss=0.129249 lr=5.807e-06
[train] step=4489 loss=0.119278 lr=5.805e-06
[train] step=4490 loss=0.272488 lr=5.803e-06
[train] step=4491 loss=0.173664 lr=5.802e-06
[train] step=4492 loss=0.210443 lr=5.800e-06
[train] step=4493 loss=0.125763 lr=5.799e-06
[train] step=4494 loss=0.197647 lr=5.797e-06
[train] step=4495 loss=0.281262 lr=5.796e-06
[train] step=4496 loss=0.200634 lr=5.794e-06
[train] step=4497 loss=0.159934 lr=5.793e-06
[train] step=4498 loss=0.119148 lr=5.791e-06
[train] step=4499 loss=0.164502 lr=5.789e-06
[train] step=4500 loss=0.143432 lr=5.788e-06
[train] step=4501 loss=0.204343 lr=5.786e-06
[train] step=4502 loss=0.169412 lr=5.785e-06
[train] step=4503 loss=0.187054 lr=5.783e-06
[train] step=4504 loss=0.169553 lr=5.782e-06
[train] step=4505 loss=0.161588 lr=5.780e-06
[train] step=4506 loss=0.128399 lr=5.779e-06
[train] step=4507 loss=0.258847 lr=5.777e-06
[train] step=4508 loss=0.129224 lr=5.776e-06
[train] step=4509 loss=0.189045 lr=5.774e-06
[train] step=4510 loss=0.122325 lr=5.772e-06
[train] step=4511 loss=0.095250 lr=5.771e-06
[train] step=4512 loss=0.172190 lr=5.769e-06
[train] step=4513 loss=0.151337 lr=5.768e-06
[train] step=4514 loss=0.155018 lr=5.766e-06
[train] step=4515 loss=0.087869 lr=5.765e-06
[train] step=4516 loss=0.181250 lr=5.763e-06
[train] step=4517 loss=0.209307 lr=5.762e-06
[train] step=4518 loss=0.267222 lr=5.760e-06
[train] step=4519 loss=0.150737 lr=5.758e-06
[train] step=4520 loss=0.219412 lr=5.757e-06
[train] step=4521 loss=0.263495 lr=5.755e-06
[train] step=4522 loss=0.211874 lr=5.754e-06
[train] step=4523 loss=0.097484 lr=5.752e-06
[train] step=4524 loss=0.205260 lr=5.751e-06
[train] step=4525 loss=0.135990 lr=5.749e-06
[train] step=4526 loss=0.181092 lr=5.748e-06
[train] step=4527 loss=0.157270 lr=5.746e-06
[train] step=4528 loss=0.078911 lr=5.745e-06
[train] step=4529 loss=0.193448 lr=5.743e-06
[train] step=4530 loss=0.226053 lr=5.741e-06
[train] step=4531 loss=0.213285 lr=5.740e-06
[train] step=4532 loss=0.301987 lr=5.738e-06
[train] step=4533 loss=0.157177 lr=5.737e-06
[train] step=4534 loss=0.161547 lr=5.735e-06
[train] step=4535 loss=0.160985 lr=5.734e-06
[train] step=4536 loss=0.365918 lr=5.732e-06
[train] step=4537 loss=0.151001 lr=5.731e-06
[train] step=4538 loss=0.140544 lr=5.729e-06
[train] step=4539 loss=0.224435 lr=5.727e-06
[train] step=4540 loss=0.256917 lr=5.726e-06
[train] step=4541 loss=0.210786 lr=5.724e-06
[train] step=4542 loss=0.151795 lr=5.723e-06
[train] step=4543 loss=0.159059 lr=5.721e-06
[train] step=4544 loss=0.278747 lr=5.720e-06
[train] step=4545 loss=0.148545 lr=5.718e-06
[train] step=4546 loss=0.131176 lr=5.717e-06
[train] step=4547 loss=0.152395 lr=5.715e-06
[train] step=4548 loss=0.135941 lr=5.713e-06
[train] step=4549 loss=0.096241 lr=5.712e-06
[train] step=4550 loss=0.187096 lr=5.710e-06
[train] step=4551 loss=0.218263 lr=5.709e-06
[train] step=4552 loss=0.202234 lr=5.707e-06
[train] step=4553 loss=0.148444 lr=5.706e-06
[train] step=4554 loss=0.176694 lr=5.704e-06
[train] step=4555 loss=0.188055 lr=5.703e-06
[train] step=4556 loss=0.207102 lr=5.701e-06
[train] step=4557 loss=0.166420 lr=5.699e-06
[train] step=4558 loss=0.205900 lr=5.698e-06
[train] step=4559 loss=0.221443 lr=5.696e-06
[train] step=4560 loss=0.215376 lr=5.695e-06
INFO     [rank 0] Model weights for step 4560 saved in       dit_trainer.py:1085
         checkpoints/model_weights_step_04560.safetensors                       
INFO     [rank 0] Scalar embedding weights for step 4560     dit_trainer.py:1092
         saved                                                                  
INFO     [rank 0] Training state saved:                      dit_trainer.py:1123
         checkpoints/model_weights_step_04560.state.pt                          
DEBUG    [rank 0] Removed old checkpoint:                    dit_trainer.py:1136
         /hppfs/scratch/0D/go76fuz2/windinet/outputs/shockwa                    
         ve_dit_anchor_kl1e7/checkpoints/model_weights_step_                    
         03960.safetensors                                                      
DEBUG    [rank 0] Removed old checkpoint:                    dit_trainer.py:1136
         /hppfs/scratch/0D/go76fuz2/windinet/outputs/shockwa                    
         ve_dit_anchor_kl1e7/checkpoints/model_weights_step_                    
         03960.state.pt                                                         
DEBUG    [rank 0] Removed old checkpoint:                    dit_trainer.py:1136
         /hppfs/scratch/0D/go76fuz2/windinet/outputs/shockwa                    
         ve_dit_anchor_kl1e7/checkpoints/scalar_embedding_st                    
         ep_03960.safetensors                                                   
[epoch 38] step=4560 train_loss=0.185755
[train] step=4561 loss=0.150530 lr=5.693e-06
[train] step=4562 loss=0.129334 lr=5.692e-06
[train] step=4563 loss=0.137407 lr=5.690e-06
[train] step=4564 loss=0.168745 lr=5.689e-06
[train] step=4565 loss=0.187428 lr=5.687e-06
[train] step=4566 loss=0.169910 lr=5.685e-06
[train] step=4567 loss=0.274837 lr=5.684e-06
[train] step=4568 loss=0.188739 lr=5.682e-06
[train] step=4569 loss=0.183302 lr=5.681e-06
[train] step=4570 loss=0.320164 lr=5.679e-06
[train] step=4571 loss=0.128231 lr=5.678e-06
[train] step=4572 loss=0.218463 lr=5.676e-06
[train] step=4573 loss=0.146344 lr=5.675e-06
[train] step=4574 loss=0.153227 lr=5.673e-06
[train] step=4575 loss=0.191306 lr=5.671e-06
[train] step=4576 loss=0.245907 lr=5.670e-06
[train] step=4577 loss=0.135469 lr=5.668e-06
[train] step=4578 loss=0.179844 lr=5.667e-06
[train] step=4579 loss=0.127533 lr=5.665e-06
[train] step=4580 loss=0.228051 lr=5.664e-06
[train] step=4581 loss=0.244401 lr=5.662e-06
[train] step=4582 loss=0.146560 lr=5.661e-06
[train] step=4583 loss=0.239672 lr=5.659e-06
[train] step=4584 loss=0.161624 lr=5.657e-06
[train] step=4585 loss=0.124979 lr=5.656e-06
[train] step=4586 loss=0.212130 lr=5.654e-06
[train] step=4587 loss=0.192435 lr=5.653e-06
[train] step=4588 loss=0.160563 lr=5.651e-06
[train] step=4589 loss=0.155788 lr=5.650e-06
[train] step=4590 loss=0.187870 lr=5.648e-06
[train] step=4591 loss=0.137501 lr=5.647e-06
[train] step=4592 loss=0.282851 lr=5.645e-06
[train] step=4593 loss=0.250572 lr=5.643e-06
[train] step=4594 loss=0.271791 lr=5.642e-06
[train] step=4595 loss=0.165303 lr=5.640e-06
[train] step=4596 loss=0.170706 lr=5.639e-06
[train] step=4597 loss=0.119124 lr=5.637e-06
[train] step=4598 loss=0.217744 lr=5.636e-06
[train] step=4599 loss=0.154331 lr=5.634e-06
[train] step=4600 loss=0.132735 lr=5.633e-06
[train] step=4601 loss=0.181715 lr=5.631e-06
[train] step=4602 loss=0.196213 lr=5.629e-06
[train] step=4603 loss=0.143569 lr=5.628e-06
[train] step=4604 loss=0.213428 lr=5.626e-06
[train] step=4605 loss=0.113108 lr=5.625e-06
[train] step=4606 loss=0.178928 lr=5.623e-06
[train] step=4607 loss=0.169467 lr=5.622e-06
[train] step=4608 loss=0.221995 lr=5.620e-06
[train] step=4609 loss=0.161432 lr=5.619e-06
[train] step=4610 loss=0.125210 lr=5.617e-06
[train] step=4611 loss=0.194936 lr=5.615e-06
[train] step=4612 loss=0.227844 lr=5.614e-06
[train] step=4613 loss=0.146878 lr=5.612e-06
[train] step=4614 loss=0.179743 lr=5.611e-06
[train] step=4615 loss=0.178759 lr=5.609e-06
[train] step=4616 loss=0.258107 lr=5.608e-06
[train] step=4617 loss=0.206703 lr=5.606e-06
[train] step=4618 loss=0.231052 lr=5.605e-06
[train] step=4619 loss=0.135644 lr=5.603e-06
[train] step=4620 loss=0.176124 lr=5.601e-06
[train] step=4621 loss=0.362904 lr=5.600e-06
[train] step=4622 loss=0.176143 lr=5.598e-06
[train] step=4623 loss=0.176397 lr=5.597e-06
[train] step=4624 loss=0.258680 lr=5.595e-06
[train] step=4625 loss=0.301711 lr=5.594e-06
[train] step=4626 loss=0.147388 lr=5.592e-06
[train] step=4627 loss=0.180244 lr=5.591e-06
[train] step=4628 loss=0.232023 lr=5.589e-06
[train] step=4629 loss=0.250722 lr=5.587e-06
[train] step=4630 loss=0.133131 lr=5.586e-06
[train] step=4631 loss=0.192152 lr=5.584e-06
[train] step=4632 loss=0.152383 lr=5.583e-06
[train] step=4633 loss=0.116626 lr=5.581e-06
[train] step=4634 loss=0.200253 lr=5.580e-06
[train] step=4635 loss=0.249303 lr=5.578e-06
[train] step=4636 loss=0.221587 lr=5.577e-06
[train] step=4637 loss=0.280990 lr=5.575e-06
[train] step=4638 loss=0.153424 lr=5.573e-06
[train] step=4639 loss=0.169176 lr=5.572e-06
[train] step=4640 loss=0.222545 lr=5.570e-06
[train] step=4641 loss=0.147410 lr=5.569e-06
[train] step=4642 loss=0.220555 lr=5.567e-06
[train] step=4643 loss=0.194728 lr=5.566e-06
[train] step=4644 loss=0.211267 lr=5.564e-06
[train] step=4645 loss=0.138144 lr=5.562e-06
[train] step=4646 loss=0.187448 lr=5.561e-06
[train] step=4647 loss=0.132024 lr=5.559e-06
[train] step=4648 loss=0.187373 lr=5.558e-06
[train] step=4649 loss=0.189454 lr=5.556e-06
[train] step=4650 loss=0.294154 lr=5.555e-06
[train] step=4651 loss=0.154014 lr=5.553e-06
[train] step=4652 loss=0.232883 lr=5.552e-06
[train] step=4653 loss=0.237989 lr=5.550e-06
[train] step=4654 loss=0.165880 lr=5.548e-06
[train] step=4655 loss=0.179885 lr=5.547e-06
[train] step=4656 loss=0.187073 lr=5.545e-06
[train] step=4657 loss=0.192133 lr=5.544e-06
[train] step=4658 loss=0.153649 lr=5.542e-06
[train] step=4659 loss=0.195542 lr=5.541e-06
[train] step=4660 loss=0.256576 lr=5.539e-06
[train] step=4661 loss=0.215584 lr=5.538e-06
[train] step=4662 loss=0.195790 lr=5.536e-06
[train] step=4663 loss=0.144368 lr=5.534e-06
[train] step=4664 loss=0.250863 lr=5.533e-06
[train] step=4665 loss=0.193696 lr=5.531e-06
[train] step=4666 loss=0.168081 lr=5.530e-06
[train] step=4667 loss=0.150504 lr=5.528e-06
[train] step=4668 loss=0.237544 lr=5.527e-06
[train] step=4669 loss=0.325727 lr=5.525e-06
[train] step=4670 loss=0.126418 lr=5.523e-06
[train] step=4671 loss=0.148572 lr=5.522e-06
[train] step=4672 loss=0.207522 lr=5.520e-06
[train] step=4673 loss=0.255277 lr=5.519e-06
[train] step=4674 loss=0.109163 lr=5.517e-06
[train] step=4675 loss=0.173561 lr=5.516e-06
[train] step=4676 loss=0.227632 lr=5.514e-06
[train] step=4677 loss=0.177010 lr=5.513e-06
[train] step=4678 loss=0.249099 lr=5.511e-06
[train] step=4679 loss=0.204711 lr=5.509e-06
[train] step=4680 loss=0.130868 lr=5.508e-06
INFO     [rank 0] Model weights for step 4680 saved in       dit_trainer.py:1085
         checkpoints/model_weights_step_04680.safetensors                       
INFO     [rank 0] Scalar embedding weights for step 4680     dit_trainer.py:1092
         saved                                                                  
INFO     [rank 0] Training state saved:                      dit_trainer.py:1123
         checkpoints/model_weights_step_04680.state.pt                          
DEBUG    [rank 0] Removed old checkpoint:                    dit_trainer.py:1136
         /hppfs/scratch/0D/go76fuz2/windinet/outputs/shockwa                    
         ve_dit_anchor_kl1e7/checkpoints/model_weights_step_                    
         04080.safetensors                                                      
DEBUG    [rank 0] Removed old checkpoint:                    dit_trainer.py:1136
         /hppfs/scratch/0D/go76fuz2/windinet/outputs/shockwa                    
         ve_dit_anchor_kl1e7/checkpoints/model_weights_step_                    
         04080.state.pt                                                         
DEBUG    [rank 0] Removed old checkpoint:                    dit_trainer.py:1136
         /hppfs/scratch/0D/go76fuz2/windinet/outputs/shockwa                    
         ve_dit_anchor_kl1e7/checkpoints/scalar_embedding_st                    
         ep_04080.safetensors                                                   
[epoch 39] step=4680 train_loss=0.192056
[train] step=4681 loss=0.222296 lr=5.506e-06
[train] step=4682 loss=0.253348 lr=5.505e-06
[train] step=4683 loss=0.156655 lr=5.503e-06
[train] step=4684 loss=0.271727 lr=5.502e-06
[train] step=4685 loss=0.227058 lr=5.500e-06
[train] step=4686 loss=0.207828 lr=5.498e-06
[train] step=4687 loss=0.227951 lr=5.497e-06
[train] step=4688 loss=0.194978 lr=5.495e-06
[train] step=4689 loss=0.235520 lr=5.494e-06
[train] step=4690 loss=0.243857 lr=5.492e-06
[train] step=4691 loss=0.216418 lr=5.491e-06
[train] step=4692 loss=0.158224 lr=5.489e-06
[train] step=4693 loss=0.127612 lr=5.488e-06
[train] step=4694 loss=0.251827 lr=5.486e-06
[train] step=4695 loss=0.169027 lr=5.484e-06
[train] step=4696 loss=0.241477 lr=5.483e-06
[train] step=4697 loss=0.083865 lr=5.481e-06
[train] step=4698 loss=0.248584 lr=5.480e-06
[train] step=4699 loss=0.227735 lr=5.478e-06
[train] step=4700 loss=0.164573 lr=5.477e-06
[train] step=4701 loss=0.206117 lr=5.475e-06
[train] step=4702 loss=0.235037 lr=5.474e-06
[train] step=4703 loss=0.131496 lr=5.472e-06
[train] step=4704 loss=0.308048 lr=5.470e-06
[train] step=4705 loss=0.138653 lr=5.469e-06
[train] step=4706 loss=0.154616 lr=5.467e-06
[train] step=4707 loss=0.100166 lr=5.466e-06
[train] step=4708 loss=0.137759 lr=5.464e-06
[train] step=4709 loss=0.159459 lr=5.463e-06
[train] step=4710 loss=0.206289 lr=5.461e-06
[train] step=4711 loss=0.172522 lr=5.459e-06
[train] step=4712 loss=0.151618 lr=5.458e-06
[train] step=4713 loss=0.324467 lr=5.456e-06
[train] step=4714 loss=0.262866 lr=5.455e-06
[train] step=4715 loss=0.122171 lr=5.453e-06
[train] step=4716 loss=0.158937 lr=5.452e-06
[train] step=4717 loss=0.161341 lr=5.450e-06
[train] step=4718 loss=0.204572 lr=5.449e-06
[train] step=4719 loss=0.253298 lr=5.447e-06
[train] step=4720 loss=0.190834 lr=5.445e-06
[train] step=4721 loss=0.182354 lr=5.444e-06
[train] step=4722 loss=0.244597 lr=5.442e-06
[train] step=4723 loss=0.348576 lr=5.441e-06
[train] step=4724 loss=0.254441 lr=5.439e-06
[train] step=4725 loss=0.144972 lr=5.438e-06
[train] step=4726 loss=0.260400 lr=5.436e-06
[train] step=4727 loss=0.134874 lr=5.434e-06
[train] step=4728 loss=0.147620 lr=5.433e-06
[train] step=4729 loss=0.144516 lr=5.431e-06
[train] step=4730 loss=0.135631 lr=5.430e-06
[train] step=4731 loss=0.112658 lr=5.428e-06
[train] step=4732 loss=0.160715 lr=5.427e-06
[train] step=4733 loss=0.312785 lr=5.425e-06
[train] step=4734 loss=0.158274 lr=5.423e-06
[train] step=4735 loss=0.346840 lr=5.422e-06
[train] step=4736 loss=0.164934 lr=5.420e-06
[train] step=4737 loss=0.212722 lr=5.419e-06
[train] step=4738 loss=0.304695 lr=5.417e-06
[train] step=4739 loss=0.200072 lr=5.416e-06
[train] step=4740 loss=0.189493 lr=5.414e-06
[train] step=4741 loss=0.723556 lr=5.413e-06
[train] step=4742 loss=0.265346 lr=5.411e-06
[train] step=4743 loss=0.085641 lr=5.409e-06
[train] step=4744 loss=0.126454 lr=5.408e-06
[train] step=4745 loss=0.216879 lr=5.406e-06
[train] step=4746 loss=0.200063 lr=5.405e-06
[train] step=4747 loss=0.243693 lr=5.403e-06
[train] step=4748 loss=0.304100 lr=5.402e-06
[train] step=4749 loss=0.225090 lr=5.400e-06
[train] step=4750 loss=0.201098 lr=5.398e-06
[train] step=4751 loss=0.191385 lr=5.397e-06
[train] step=4752 loss=0.180185 lr=5.395e-06
[train] step=4753 loss=0.254385 lr=5.394e-06
[train] step=4754 loss=0.168245 lr=5.392e-06
[train] step=4755 loss=0.211046 lr=5.391e-06
[train] step=4756 loss=0.213371 lr=5.389e-06
[train] step=4757 loss=0.269897 lr=5.388e-06
[train] step=4758 loss=0.145442 lr=5.386e-06
[train] step=4759 loss=0.150989 lr=5.384e-06
[train] step=4760 loss=0.158096 lr=5.383e-06
[train] step=4761 loss=0.266415 lr=5.381e-06
[train] step=4762 loss=0.261152 lr=5.380e-06
[train] step=4763 loss=0.191119 lr=5.378e-06
[train] step=4764 loss=0.295149 lr=5.377e-06
[train] step=4765 loss=0.192148 lr=5.375e-06
[train] step=4766 loss=0.135711 lr=5.373e-06
[train] step=4767 loss=0.345034 lr=5.372e-06
[train] step=4768 loss=0.275510 lr=5.370e-06
[train] step=4769 loss=0.258198 lr=5.369e-06
[train] step=4770 loss=0.120636 lr=5.367e-06
[train] step=4771 loss=0.198739 lr=5.366e-06
[train] step=4772 loss=0.153948 lr=5.364e-06
[train] step=4773 loss=0.165117 lr=5.362e-06
[train] step=4774 loss=0.148651 lr=5.361e-06
[train] step=4775 loss=0.181637 lr=5.359e-06
[train] step=4776 loss=0.142804 lr=5.358e-06
[train] step=4777 loss=0.084504 lr=5.356e-06
[train] step=4778 loss=0.213058 lr=5.355e-06
[train] step=4779 loss=0.161985 lr=5.353e-06
[train] step=4780 loss=0.146197 lr=5.352e-06
[train] step=4781 loss=0.267213 lr=5.350e-06
[train] step=4782 loss=0.288006 lr=5.348e-06
[train] step=4783 loss=0.178327 lr=5.347e-06
[train] step=4784 loss=0.216560 lr=5.345e-06
[train] step=4785 loss=0.179273 lr=5.344e-06
[train] step=4786 loss=0.166714 lr=5.342e-06
[train] step=4787 loss=0.203921 lr=5.341e-06
[train] step=4788 loss=0.246448 lr=5.339e-06
[train] step=4789 loss=0.143516 lr=5.337e-06
[train] step=4790 loss=0.166884 lr=5.336e-06
[train] step=4791 loss=0.160243 lr=5.334e-06
[train] step=4792 loss=0.152292 lr=5.333e-06
[train] step=4793 loss=0.201877 lr=5.331e-06
[train] step=4794 loss=0.127699 lr=5.330e-06
[train] step=4795 loss=0.175073 lr=5.328e-06
[train] step=4796 loss=0.129937 lr=5.326e-06
[train] step=4797 loss=0.176867 lr=5.325e-06
[train] step=4798 loss=0.118782 lr=5.323e-06
[train] step=4799 loss=0.213599 lr=5.322e-06
[train] step=4800 loss=0.186911 lr=5.320e-06
[val] step=4800 val_loss=0.201233
INFO     [rank 0] Model weights for step 4800 saved in       dit_trainer.py:1085
         checkpoints/model_weights_step_04800.safetensors                       
INFO     [rank 0] Scalar embedding weights for step 4800     dit_trainer.py:1092
         saved                                                                  
INFO     [rank 0] Training state saved:                      dit_trainer.py:1123
         checkpoints/model_weights_step_04800.state.pt                          
DEBUG    [rank 0] Removed old checkpoint:                    dit_trainer.py:1136
         /hppfs/scratch/0D/go76fuz2/windinet/outputs/shockwa                    
         ve_dit_anchor_kl1e7/checkpoints/model_weights_step_                    
         04200.safetensors                                                      
DEBUG    [rank 0] Removed old checkpoint:                    dit_trainer.py:1136
         /hppfs/scratch/0D/go76fuz2/windinet/outputs/shockwa                    
         ve_dit_anchor_kl1e7/checkpoints/model_weights_step_                    
         04200.state.pt                                                         
DEBUG    [rank 0] Removed old checkpoint:                    dit_trainer.py:1136
         /hppfs/scratch/0D/go76fuz2/windinet/outputs/shockwa                    
         ve_dit_anchor_kl1e7/checkpoints/scalar_embedding_st                    
         ep_04200.safetensors                                                   
[epoch 40] step=4800 train_loss=0.201573 val_loss=0.201233
[train] step=4801 loss=0.298528 lr=5.319e-06
[train] step=4802 loss=0.190621 lr=5.317e-06
[train] step=4803 loss=0.262951 lr=5.316e-06
[train] step=4804 loss=0.198613 lr=5.314e-06
[train] step=4805 loss=0.216486 lr=5.312e-06
[train] step=4806 loss=0.400085 lr=5.311e-06
[train] step=4807 loss=0.204732 lr=5.309e-06
[train] step=4808 loss=0.135285 lr=5.308e-06
[train] step=4809 loss=0.162477 lr=5.306e-06
[train] step=4810 loss=0.222016 lr=5.305e-06
[train] step=4811 loss=0.098583 lr=5.303e-06
[train] step=4812 loss=0.197534 lr=5.301e-06
[train] step=4813 loss=0.204479 lr=5.300e-06
[train] step=4814 loss=0.218653 lr=5.298e-06
[train] step=4815 loss=0.321348 lr=5.297e-06
[train] step=4816 loss=0.161456 lr=5.295e-06
[train] step=4817 loss=0.244510 lr=5.294e-06
[train] step=4818 loss=0.115302 lr=5.292e-06
[train] step=4819 loss=0.205976 lr=5.290e-06
[train] step=4820 loss=0.224056 lr=5.289e-06
[train] step=4821 loss=0.235486 lr=5.287e-06
[train] step=4822 loss=0.294447 lr=5.286e-06
[train] step=4823 loss=0.252625 lr=5.284e-06
[train] step=4824 loss=0.157577 lr=5.283e-06
[train] step=4825 loss=0.215264 lr=5.281e-06
[train] step=4826 loss=0.186276 lr=5.279e-06
[train] step=4827 loss=0.195090 lr=5.278e-06
[train] step=4828 loss=0.216121 lr=5.276e-06
[train] step=4829 loss=0.166457 lr=5.275e-06
[train] step=4830 loss=0.191956 lr=5.273e-06
[train] step=4831 loss=0.276446 lr=5.272e-06
[train] step=4832 loss=0.176048 lr=5.270e-06
[train] step=4833 loss=0.156581 lr=5.269e-06
[train] step=4834 loss=0.239092 lr=5.267e-06
[train] step=4835 loss=0.195879 lr=5.265e-06
[train] step=4836 loss=0.179058 lr=5.264e-06
[train] step=4837 loss=0.366520 lr=5.262e-06
[train] step=4838 loss=0.149175 lr=5.261e-06
[train] step=4839 loss=0.201831 lr=5.259e-06
[train] step=4840 loss=0.205702 lr=5.258e-06
[train] step=4841 loss=0.243935 lr=5.256e-06
[train] step=4842 loss=0.178177 lr=5.254e-06
[train] step=4843 loss=0.186730 lr=5.253e-06
[train] step=4844 loss=0.170123 lr=5.251e-06
[train] step=4845 loss=0.111197 lr=5.250e-06
[train] step=4846 loss=0.173548 lr=5.248e-06
[train] step=4847 loss=0.268720 lr=5.247e-06
[train] step=4848 loss=0.255344 lr=5.245e-06
[train] step=4849 loss=0.234992 lr=5.243e-06
[train] step=4850 loss=0.155173 lr=5.242e-06
[train] step=4851 loss=0.136407 lr=5.240e-06
[train] step=4852 loss=0.184400 lr=5.239e-06
[train] step=4853 loss=0.184397 lr=5.237e-06
[train] step=4854 loss=0.211267 lr=5.236e-06
[train] step=4855 loss=0.140128 lr=5.234e-06
[train] step=4856 loss=0.184224 lr=5.232e-06
[train] step=4857 loss=0.187043 lr=5.231e-06
[train] step=4858 loss=0.244070 lr=5.229e-06
[train] step=4859 loss=0.269349 lr=5.228e-06
[train] step=4860 loss=0.147490 lr=5.226e-06
[train] step=4861 loss=0.356530 lr=5.225e-06
[train] step=4862 loss=0.119917 lr=5.223e-06
[train] step=4863 loss=0.266302 lr=5.221e-06
[train] step=4864 loss=0.174778 lr=5.220e-06
[train] step=4865 loss=0.165321 lr=5.218e-06
[train] step=4866 loss=0.156008 lr=5.217e-06
[train] step=4867 loss=0.143792 lr=5.215e-06
[train] step=4868 loss=0.165759 lr=5.214e-06
[train] step=4869 loss=0.351402 lr=5.212e-06
[train] step=4870 loss=0.184901 lr=5.211e-06
[train] step=4871 loss=0.146813 lr=5.209e-06
[train] step=4872 loss=0.268061 lr=5.207e-06
[train] step=4873 loss=0.241532 lr=5.206e-06
[train] step=4874 loss=0.130149 lr=5.204e-06
[train] step=4875 loss=0.205618 lr=5.203e-06
[train] step=4876 loss=0.189342 lr=5.201e-06
[train] step=4877 loss=0.151818 lr=5.200e-06
[train] step=4878 loss=0.231230 lr=5.198e-06
[train] step=4879 loss=0.175348 lr=5.196e-06
[train] step=4880 loss=0.208348 lr=5.195e-06
[train] step=4881 loss=0.060901 lr=5.193e-06
[train] step=4882 loss=0.129308 lr=5.192e-06
[train] step=4883 loss=0.219167 lr=5.190e-06
[train] step=4884 loss=0.123217 lr=5.189e-06
[train] step=4885 loss=0.189206 lr=5.187e-06
[train] step=4886 loss=0.145138 lr=5.185e-06
[train] step=4887 loss=0.211092 lr=5.184e-06
[train] step=4888 loss=0.269095 lr=5.182e-06
[train] step=4889 loss=0.154087 lr=5.181e-06
[train] step=4890 loss=0.220777 lr=5.179e-06
[train] step=4891 loss=0.296682 lr=5.178e-06
[train] step=4892 loss=0.164537 lr=5.176e-06
[train] step=4893 loss=0.168178 lr=5.174e-06
[train] step=4894 loss=0.139157 lr=5.173e-06
[train] step=4895 loss=0.179909 lr=5.171e-06
[train] step=4896 loss=0.266420 lr=5.170e-06
[train] step=4897 loss=0.188121 lr=5.168e-06
[train] step=4898 loss=0.193367 lr=5.167e-06
[train] step=4899 loss=0.097192 lr=5.165e-06
[train] step=4900 loss=0.153144 lr=5.163e-06
[train] step=4901 loss=0.159609 lr=5.162e-06
[train] step=4902 loss=0.140932 lr=5.160e-06
[train] step=4903 loss=0.162932 lr=5.159e-06
[train] step=4904 loss=0.263139 lr=5.157e-06
[train] step=4905 loss=0.112203 lr=5.156e-06
[train] step=4906 loss=0.156580 lr=5.154e-06
[train] step=4907 loss=0.199635 lr=5.152e-06
[train] step=4908 loss=0.196984 lr=5.151e-06
[train] step=4909 loss=0.244115 lr=5.149e-06
[train] step=4910 loss=0.129908 lr=5.148e-06
[train] step=4911 loss=0.157616 lr=5.146e-06
[train] step=4912 loss=0.219774 lr=5.145e-06
[train] step=4913 loss=0.200056 lr=5.143e-06
[train] step=4914 loss=0.227711 lr=5.142e-06
[train] step=4915 loss=0.183203 lr=5.140e-06
[train] step=4916 loss=0.236205 lr=5.138e-06
[train] step=4917 loss=0.165889 lr=5.137e-06
[train] step=4918 loss=0.102171 lr=5.135e-06
[train] step=4919 loss=0.193102 lr=5.134e-06
[train] step=4920 loss=0.226067 lr=5.132e-06
INFO     [rank 0] Model weights for step 4920 saved in       dit_trainer.py:1085
         checkpoints/model_weights_step_04920.safetensors                       
INFO     [rank 0] Scalar embedding weights for step 4920     dit_trainer.py:1092
         saved                                                                  
INFO     [rank 0] Training state saved:                      dit_trainer.py:1123
         checkpoints/model_weights_step_04920.state.pt                          
DEBUG    [rank 0] Removed old checkpoint:                    dit_trainer.py:1136
         /hppfs/scratch/0D/go76fuz2/windinet/outputs/shockwa                    
         ve_dit_anchor_kl1e7/checkpoints/model_weights_step_                    
         04320.safetensors                                                      
DEBUG    [rank 0] Removed old checkpoint:                    dit_trainer.py:1136
         /hppfs/scratch/0D/go76fuz2/windinet/outputs/shockwa                    
         ve_dit_anchor_kl1e7/checkpoints/model_weights_step_                    
         04320.state.pt                                                         
DEBUG    [rank 0] Removed old checkpoint:                    dit_trainer.py:1136
         /hppfs/scratch/0D/go76fuz2/windinet/outputs/shockwa                    
         ve_dit_anchor_kl1e7/checkpoints/scalar_embedding_st                    
         ep_04320.safetensors                                                   
[epoch 41] step=4920 train_loss=0.197070
[train] step=4921 loss=0.157272 lr=5.131e-06
[train] step=4922 loss=0.145179 lr=5.129e-06
[train] step=4923 loss=0.158527 lr=5.127e-06
[train] step=4924 loss=0.280447 lr=5.126e-06
[train] step=4925 loss=0.247800 lr=5.124e-06
[train] step=4926 loss=0.189024 lr=5.123e-06
[train] step=4927 loss=0.144678 lr=5.121e-06
[train] step=4928 loss=0.090676 lr=5.120e-06
[train] step=4929 loss=0.200669 lr=5.118e-06
[train] step=4930 loss=0.191405 lr=5.116e-06
[train] step=4931 loss=0.212734 lr=5.115e-06
[train] step=4932 loss=0.153655 lr=5.113e-06
[train] step=4933 loss=0.271572 lr=5.112e-06
[train] step=4934 loss=0.215157 lr=5.110e-06
[train] step=4935 loss=0.162999 lr=5.109e-06
[train] step=4936 loss=0.136235 lr=5.107e-06
[train] step=4937 loss=0.326019 lr=5.105e-06
[train] step=4938 loss=0.159440 lr=5.104e-06
[train] step=4939 loss=0.211975 lr=5.102e-06
[train] step=4940 loss=0.142067 lr=5.101e-06
[train] step=4941 loss=0.208742 lr=5.099e-06
[train] step=4942 loss=0.201737 lr=5.098e-06
[train] step=4943 loss=0.139354 lr=5.096e-06
[train] step=4944 loss=0.249997 lr=5.094e-06
[train] step=4945 loss=0.099981 lr=5.093e-06
[train] step=4946 loss=0.215450 lr=5.091e-06
[train] step=4947 loss=0.196759 lr=5.090e-06
[train] step=4948 loss=0.111136 lr=5.088e-06
[train] step=4949 loss=0.205882 lr=5.087e-06
[train] step=4950 loss=0.128036 lr=5.085e-06
[train] step=4951 loss=0.242454 lr=5.083e-06
[train] step=4952 loss=0.225411 lr=5.082e-06
[train] step=4953 loss=0.080492 lr=5.080e-06
[train] step=4954 loss=0.227847 lr=5.079e-06
[train] step=4955 loss=0.164798 lr=5.077e-06
[train] step=4956 loss=0.158296 lr=5.076e-06
[train] step=4957 loss=0.156117 lr=5.074e-06
[train] step=4958 loss=0.241735 lr=5.072e-06
[train] step=4959 loss=0.246357 lr=5.071e-06
[train] step=4960 loss=0.186097 lr=5.069e-06
[train] step=4961 loss=0.239277 lr=5.068e-06
[train] step=4962 loss=0.201112 lr=5.066e-06
[train] step=4963 loss=0.184195 lr=5.065e-06
[train] step=4964 loss=0.095941 lr=5.063e-06
[train] step=4965 loss=0.185582 lr=5.061e-06
[train] step=4966 loss=0.160697 lr=5.060e-06
[train] step=4967 loss=0.234225 lr=5.058e-06
[train] step=4968 loss=0.194866 lr=5.057e-06
[train] step=4969 loss=0.182364 lr=5.055e-06
[train] step=4970 loss=0.207230 lr=5.054e-06
[train] step=4971 loss=0.210485 lr=5.052e-06
[train] step=4972 loss=0.202427 lr=5.051e-06
[train] step=4973 loss=0.225802 lr=5.049e-06
[train] step=4974 loss=0.211847 lr=5.047e-06
[train] step=4975 loss=0.210464 lr=5.046e-06
[train] step=4976 loss=0.231694 lr=5.044e-06
[train] step=4977 loss=0.154728 lr=5.043e-06
[train] step=4978 loss=0.152720 lr=5.041e-06
[train] step=4979 loss=0.183264 lr=5.040e-06
[train] step=4980 loss=0.104969 lr=5.038e-06
[train] step=4981 loss=0.108664 lr=5.036e-06
[train] step=4982 loss=0.220650 lr=5.035e-06
[train] step=4983 loss=0.143072 lr=5.033e-06
[train] step=4984 loss=0.206655 lr=5.032e-06
[train] step=4985 loss=0.146534 lr=5.030e-06
[train] step=4986 loss=0.262723 lr=5.029e-06
[train] step=4987 loss=0.201483 lr=5.027e-06
[train] step=4988 loss=0.174470 lr=5.025e-06
[train] step=4989 loss=0.185657 lr=5.024e-06
[train] step=4990 loss=0.211270 lr=5.022e-06
[train] step=4991 loss=0.264406 lr=5.021e-06
[train] step=4992 loss=0.173232 lr=5.019e-06
[train] step=4993 loss=0.129792 lr=5.018e-06
[train] step=4994 loss=0.232173 lr=5.016e-06
[train] step=4995 loss=0.260599 lr=5.014e-06
[train] step=4996 loss=0.205050 lr=5.013e-06
[train] step=4997 loss=0.263119 lr=5.011e-06
[train] step=4998 loss=0.207799 lr=5.010e-06
[train] step=4999 loss=0.269149 lr=5.008e-06
[train] step=5000 loss=0.192978 lr=5.007e-06
[train] step=5001 loss=0.110372 lr=5.005e-06
[train] step=5002 loss=0.185245 lr=5.003e-06
[train] step=5003 loss=0.125528 lr=5.002e-06
[train] step=5004 loss=0.166040 lr=5.000e-06
[train] step=5005 loss=0.170263 lr=4.999e-06
[train] step=5006 loss=0.209915 lr=4.997e-06
[train] step=5007 loss=0.185605 lr=4.996e-06
[train] step=5008 loss=0.201162 lr=4.994e-06
[train] step=5009 loss=0.133026 lr=4.992e-06
[train] step=5010 loss=0.124576 lr=4.991e-06
[train] step=5011 loss=0.140887 lr=4.989e-06
[train] step=5012 loss=0.227428 lr=4.988e-06
[train] step=5013 loss=0.208450 lr=4.986e-06
[train] step=5014 loss=0.142795 lr=4.985e-06
[train] step=5015 loss=0.223978 lr=4.983e-06
[train] step=5016 loss=0.194076 lr=4.981e-06
[train] step=5017 loss=0.158017 lr=4.980e-06
[train] step=5018 loss=0.346636 lr=4.978e-06
[train] step=5019 loss=0.170434 lr=4.977e-06
[train] step=5020 loss=0.202436 lr=4.975e-06
[train] step=5021 loss=0.336299 lr=4.974e-06
[train] step=5022 loss=0.130299 lr=4.972e-06
[train] step=5023 loss=0.245331 lr=4.970e-06
[train] step=5024 loss=0.231215 lr=4.969e-06
[train] step=5025 loss=0.197878 lr=4.967e-06
[train] step=5026 loss=0.167657 lr=4.966e-06
[train] step=5027 loss=0.165978 lr=4.964e-06
[train] step=5028 loss=0.125772 lr=4.963e-06
[train] step=5029 loss=0.133226 lr=4.961e-06
[train] step=5030 loss=0.236598 lr=4.959e-06
[train] step=5031 loss=0.128477 lr=4.958e-06
[train] step=5032 loss=0.159274 lr=4.956e-06
[train] step=5033 loss=0.117364 lr=4.955e-06
[train] step=5034 loss=0.167903 lr=4.953e-06
[train] step=5035 loss=0.169641 lr=4.952e-06
[train] step=5036 loss=0.083456 lr=4.950e-06
[train] step=5037 loss=0.210601 lr=4.949e-06
[train] step=5038 loss=0.189094 lr=4.947e-06
[train] step=5039 loss=0.344579 lr=4.945e-06
[train] step=5040 loss=0.166222 lr=4.944e-06
INFO     [rank 0] Model weights for step 5040 saved in       dit_trainer.py:1085
         checkpoints/model_weights_step_05040.safetensors                       
INFO     [rank 0] Scalar embedding weights for step 5040     dit_trainer.py:1092
         saved                                                                  
INFO     [rank 0] Training state saved:                      dit_trainer.py:1123
         checkpoints/model_weights_step_05040.state.pt                          
DEBUG    [rank 0] Removed old checkpoint:                    dit_trainer.py:1136
         /hppfs/scratch/0D/go76fuz2/windinet/outputs/shockwa                    
         ve_dit_anchor_kl1e7/checkpoints/model_weights_step_                    
         04440.safetensors                                                      
DEBUG    [rank 0] Removed old checkpoint:                    dit_trainer.py:1136
         /hppfs/scratch/0D/go76fuz2/windinet/outputs/shockwa                    
         ve_dit_anchor_kl1e7/checkpoints/model_weights_step_                    
         04440.state.pt                                                         
DEBUG    [rank 0] Removed old checkpoint:                    dit_trainer.py:1136
         /hppfs/scratch/0D/go76fuz2/windinet/outputs/shockwa                    
         ve_dit_anchor_kl1e7/checkpoints/scalar_embedding_st                    
         ep_04440.safetensors                                                   
[epoch 42] step=5040 train_loss=0.189260
[train] step=5041 loss=0.204751 lr=4.942e-06
[train] step=5042 loss=0.060950 lr=4.941e-06
[train] step=5043 loss=0.297025 lr=4.939e-06
[train] step=5044 loss=0.202314 lr=4.938e-06
[train] step=5045 loss=0.117619 lr=4.936e-06
[train] step=5046 loss=0.206053 lr=4.934e-06
[train] step=5047 loss=0.178927 lr=4.933e-06
[train] step=5048 loss=0.185829 lr=4.931e-06
[train] step=5049 loss=0.129870 lr=4.930e-06
[train] step=5050 loss=0.303185 lr=4.928e-06
[train] step=5051 loss=0.156080 lr=4.927e-06
[train] step=5052 loss=0.146913 lr=4.925e-06
[train] step=5053 loss=0.271551 lr=4.923e-06
[train] step=5054 loss=0.135537 lr=4.922e-06
[train] step=5055 loss=0.165516 lr=4.920e-06
[train] step=5056 loss=0.231399 lr=4.919e-06
[train] step=5057 loss=0.086373 lr=4.917e-06
[train] step=5058 loss=0.121315 lr=4.916e-06
[train] step=5059 loss=0.150655 lr=4.914e-06
[train] step=5060 loss=0.229484 lr=4.912e-06
[train] step=5061 loss=0.184431 lr=4.911e-06
[train] step=5062 loss=0.180790 lr=4.909e-06
[train] step=5063 loss=0.195868 lr=4.908e-06
[train] step=5064 loss=0.195901 lr=4.906e-06
[train] step=5065 loss=0.197782 lr=4.905e-06
[train] step=5066 loss=0.143863 lr=4.903e-06
[train] step=5067 loss=0.180257 lr=4.901e-06
[train] step=5068 loss=0.164354 lr=4.900e-06
[train] step=5069 loss=0.143650 lr=4.898e-06
[train] step=5070 loss=0.124504 lr=4.897e-06
[train] step=5071 loss=0.209225 lr=4.895e-06
[train] step=5072 loss=0.363695 lr=4.894e-06
[train] step=5073 loss=0.292710 lr=4.892e-06
[train] step=5074 loss=0.124804 lr=4.890e-06
[train] step=5075 loss=0.261550 lr=4.889e-06
[train] step=5076 loss=0.147313 lr=4.887e-06
[train] step=5077 loss=0.139816 lr=4.886e-06
[train] step=5078 loss=0.154274 lr=4.884e-06
[train] step=5079 loss=0.228586 lr=4.883e-06
[train] step=5080 loss=0.190756 lr=4.881e-06
[train] step=5081 loss=0.123069 lr=4.879e-06
[train] step=5082 loss=0.076381 lr=4.878e-06
[train] step=5083 loss=0.250647 lr=4.876e-06
[train] step=5084 loss=0.190349 lr=4.875e-06
[train] step=5085 loss=0.189012 lr=4.873e-06
[train] step=5086 loss=0.155715 lr=4.872e-06
[train] step=5087 loss=0.137216 lr=4.870e-06
[train] step=5088 loss=0.225263 lr=4.868e-06
[train] step=5089 loss=0.139950 lr=4.867e-06
[train] step=5090 loss=0.147553 lr=4.865e-06
[train] step=5091 loss=0.182847 lr=4.864e-06
[train] step=5092 loss=0.224986 lr=4.862e-06
[train] step=5093 loss=0.206858 lr=4.861e-06
[train] step=5094 loss=0.208662 lr=4.859e-06
[train] step=5095 loss=0.183831 lr=4.858e-06
[train] step=5096 loss=0.214136 lr=4.856e-06
[train] step=5097 loss=0.173790 lr=4.854e-06
[train] step=5098 loss=0.192908 lr=4.853e-06
[train] step=5099 loss=0.200868 lr=4.851e-06
[train] step=5100 loss=0.140842 lr=4.850e-06
[train] step=5101 loss=0.185052 lr=4.848e-06
[train] step=5102 loss=0.101182 lr=4.847e-06
[train] step=5103 loss=0.155585 lr=4.845e-06
[train] step=5104 loss=0.239385 lr=4.843e-06
[train] step=5105 loss=0.228024 lr=4.842e-06
[train] step=5106 loss=0.175066 lr=4.840e-06
[train] step=5107 loss=0.253197 lr=4.839e-06
[train] step=5108 loss=0.187855 lr=4.837e-06
[train] step=5109 loss=0.177884 lr=4.836e-06
[train] step=5110 loss=0.138019 lr=4.834e-06
[train] step=5111 loss=0.158199 lr=4.832e-06
[train] step=5112 loss=0.227366 lr=4.831e-06
[train] step=5113 loss=0.143838 lr=4.829e-06
[train] step=5114 loss=0.100230 lr=4.828e-06
[train] step=5115 loss=0.154260 lr=4.826e-06
[train] step=5116 loss=0.102012 lr=4.825e-06
[train] step=5117 loss=0.168814 lr=4.823e-06
[train] step=5118 loss=0.118514 lr=4.821e-06
[train] step=5119 loss=0.220204 lr=4.820e-06
[train] step=5120 loss=0.207614 lr=4.818e-06
[train] step=5121 loss=0.198860 lr=4.817e-06
[train] step=5122 loss=0.146035 lr=4.815e-06
[train] step=5123 loss=0.259243 lr=4.814e-06
[train] step=5124 loss=0.125970 lr=4.812e-06
[train] step=5125 loss=0.166769 lr=4.810e-06
[train] step=5126 loss=0.203303 lr=4.809e-06
[train] step=5127 loss=0.279381 lr=4.807e-06
[train] step=5128 loss=0.274304 lr=4.806e-06
[train] step=5129 loss=0.162588 lr=4.804e-06
[train] step=5130 loss=0.193220 lr=4.803e-06
[train] step=5131 loss=0.231266 lr=4.801e-06
[train] step=5132 loss=0.156966 lr=4.799e-06
[train] step=5133 loss=0.181388 lr=4.798e-06
[train] step=5134 loss=0.214596 lr=4.796e-06
[train] step=5135 loss=0.327444 lr=4.795e-06
[train] step=5136 loss=0.191737 lr=4.793e-06
[train] step=5137 loss=0.188119 lr=4.792e-06
[train] step=5138 loss=0.205612 lr=4.790e-06
[train] step=5139 loss=0.300814 lr=4.789e-06
[train] step=5140 loss=0.247071 lr=4.787e-06
[train] step=5141 loss=0.411599 lr=4.785e-06
[train] step=5142 loss=0.163989 lr=4.784e-06
[train] step=5143 loss=0.218982 lr=4.782e-06
[train] step=5144 loss=0.246038 lr=4.781e-06
[train] step=5145 loss=0.138579 lr=4.779e-06
[train] step=5146 loss=0.165447 lr=4.778e-06
[train] step=5147 loss=0.213750 lr=4.776e-06
[train] step=5148 loss=0.207334 lr=4.774e-06
[train] step=5149 loss=0.198638 lr=4.773e-06
[train] step=5150 loss=0.120346 lr=4.771e-06
[train] step=5151 loss=0.135349 lr=4.770e-06
[train] step=5152 loss=0.139553 lr=4.768e-06
[train] step=5153 loss=0.170701 lr=4.767e-06
[train] step=5154 loss=0.306759 lr=4.765e-06
[train] step=5155 loss=0.204072 lr=4.763e-06
[train] step=5156 loss=0.180858 lr=4.762e-06
[train] step=5157 loss=0.202262 lr=4.760e-06
[train] step=5158 loss=0.352041 lr=4.759e-06
[train] step=5159 loss=0.171280 lr=4.757e-06
[train] step=5160 loss=0.118339 lr=4.756e-06
INFO     [rank 0] Model weights for step 5160 saved in       dit_trainer.py:1085
         checkpoints/model_weights_step_05160.safetensors                       
INFO     [rank 0] Scalar embedding weights for step 5160     dit_trainer.py:1092
         saved                                                                  
INFO     [rank 0] Training state saved:                      dit_trainer.py:1123
         checkpoints/model_weights_step_05160.state.pt                          
DEBUG    [rank 0] Removed old checkpoint:                    dit_trainer.py:1136
         /hppfs/scratch/0D/go76fuz2/windinet/outputs/shockwa                    
         ve_dit_anchor_kl1e7/checkpoints/model_weights_step_                    
         04560.safetensors                                                      
DEBUG    [rank 0] Removed old checkpoint:                    dit_trainer.py:1136
         /hppfs/scratch/0D/go76fuz2/windinet/outputs/shockwa                    
         ve_dit_anchor_kl1e7/checkpoints/model_weights_step_                    
         04560.state.pt                                                         
DEBUG    [rank 0] Removed old checkpoint:                    dit_trainer.py:1136
         /hppfs/scratch/0D/go76fuz2/windinet/outputs/shockwa                    
         ve_dit_anchor_kl1e7/checkpoints/scalar_embedding_st                    
         ep_04560.safetensors                                                   
[epoch 43] step=5160 train_loss=0.189843
[train] step=5161 loss=0.188417 lr=4.754e-06
[train] step=5162 loss=0.180072 lr=4.752e-06
[train] step=5163 loss=0.106542 lr=4.751e-06
[train] step=5164 loss=0.256355 lr=4.749e-06
[train] step=5165 loss=0.147631 lr=4.748e-06
[train] step=5166 loss=0.201596 lr=4.746e-06
[train] step=5167 loss=0.109109 lr=4.745e-06
[train] step=5168 loss=0.259343 lr=4.743e-06
[train] step=5169 loss=0.118129 lr=4.741e-06
[train] step=5170 loss=0.245266 lr=4.740e-06
[train] step=5171 loss=0.121785 lr=4.738e-06
[train] step=5172 loss=0.143871 lr=4.737e-06
[train] step=5173 loss=0.202562 lr=4.735e-06
[train] step=5174 loss=0.220788 lr=4.734e-06
[train] step=5175 loss=0.211622 lr=4.732e-06
[train] step=5176 loss=0.190795 lr=4.731e-06
[train] step=5177 loss=0.189640 lr=4.729e-06
[train] step=5178 loss=0.131806 lr=4.727e-06
[train] step=5179 loss=0.131785 lr=4.726e-06
[train] step=5180 loss=0.133335 lr=4.724e-06
[train] step=5181 loss=0.181011 lr=4.723e-06
[train] step=5182 loss=0.162349 lr=4.721e-06
[train] step=5183 loss=0.142584 lr=4.720e-06
[train] step=5184 loss=0.187258 lr=4.718e-06
[train] step=5185 loss=0.154053 lr=4.716e-06
[train] step=5186 loss=0.200711 lr=4.715e-06
[train] step=5187 loss=0.150043 lr=4.713e-06
[train] step=5188 loss=0.282180 lr=4.712e-06
[train] step=5189 loss=0.246285 lr=4.710e-06
[train] step=5190 loss=0.199102 lr=4.709e-06
[train] step=5191 loss=0.160127 lr=4.707e-06
[train] step=5192 loss=0.173142 lr=4.705e-06
[train] step=5193 loss=0.152356 lr=4.704e-06
[train] step=5194 loss=0.164514 lr=4.702e-06
[train] step=5195 loss=0.135704 lr=4.701e-06
[train] step=5196 loss=0.186288 lr=4.699e-06
[train] step=5197 loss=0.114443 lr=4.698e-06
[train] step=5198 loss=0.124105 lr=4.696e-06
[train] step=5199 loss=0.279191 lr=4.694e-06
[train] step=5200 loss=0.138723 lr=4.693e-06
[train] step=5201 loss=0.200226 lr=4.691e-06
[train] step=5202 loss=0.145582 lr=4.690e-06
[train] step=5203 loss=0.281666 lr=4.688e-06
[train] step=5204 loss=0.160704 lr=4.687e-06
[train] step=5205 loss=0.201486 lr=4.685e-06
[train] step=5206 loss=0.137320 lr=4.684e-06
[train] step=5207 loss=0.206423 lr=4.682e-06
[train] step=5208 loss=0.167666 lr=4.680e-06
[train] step=5209 loss=0.141732 lr=4.679e-06
[train] step=5210 loss=0.110324 lr=4.677e-06
[train] step=5211 loss=0.252996 lr=4.676e-06
[train] step=5212 loss=0.193876 lr=4.674e-06
[train] step=5213 loss=0.110786 lr=4.673e-06
[train] step=5214 loss=0.097502 lr=4.671e-06
[train] step=5215 loss=0.161088 lr=4.669e-06
[train] step=5216 loss=0.111102 lr=4.668e-06
[train] step=5217 loss=0.292409 lr=4.666e-06
[train] step=5218 loss=0.132395 lr=4.665e-06
[train] step=5219 loss=0.198889 lr=4.663e-06
[train] step=5220 loss=0.158321 lr=4.662e-06
[train] step=5221 loss=0.114332 lr=4.660e-06
[train] step=5222 loss=0.212107 lr=4.658e-06
[train] step=5223 loss=0.275155 lr=4.657e-06
[train] step=5224 loss=0.182388 lr=4.655e-06
[train] step=5225 loss=0.336627 lr=4.654e-06
[train] step=5226 loss=0.232967 lr=4.652e-06
[train] step=5227 loss=0.245557 lr=4.651e-06
[train] step=5228 loss=0.141332 lr=4.649e-06
[train] step=5229 loss=0.155315 lr=4.648e-06
[train] step=5230 loss=0.115026 lr=4.646e-06
[train] step=5231 loss=0.146894 lr=4.644e-06
[train] step=5232 loss=0.089552 lr=4.643e-06
[train] step=5233 loss=0.156070 lr=4.641e-06
[train] step=5234 loss=0.209996 lr=4.640e-06
[train] step=5235 loss=0.189840 lr=4.638e-06
[train] step=5236 loss=0.209041 lr=4.637e-06
[train] step=5237 loss=0.141078 lr=4.635e-06
[train] step=5238 loss=0.227695 lr=4.633e-06
[train] step=5239 loss=0.144737 lr=4.632e-06
[train] step=5240 loss=0.211889 lr=4.630e-06
[train] step=5241 loss=0.250022 lr=4.629e-06
[train] step=5242 loss=0.189640 lr=4.627e-06
[train] step=5243 loss=0.155129 lr=4.626e-06
[train] step=5244 loss=0.269091 lr=4.624e-06
[train] step=5245 loss=0.187881 lr=4.622e-06
[train] step=5246 loss=0.154429 lr=4.621e-06
[train] step=5247 loss=0.150380 lr=4.619e-06
[train] step=5248 loss=0.090525 lr=4.618e-06
[train] step=5249 loss=0.207226 lr=4.616e-06
[train] step=5250 loss=0.187127 lr=4.615e-06
[train] step=5251 loss=0.143095 lr=4.613e-06
[train] step=5252 loss=0.264881 lr=4.612e-06
[train] step=5253 loss=0.135818 lr=4.610e-06
[train] step=5254 loss=0.173774 lr=4.608e-06
[train] step=5255 loss=0.169143 lr=4.607e-06
[train] step=5256 loss=0.210301 lr=4.605e-06
[train] step=5257 loss=0.197071 lr=4.604e-06
[train] step=5258 loss=0.192157 lr=4.602e-06
[train] step=5259 loss=0.197962 lr=4.601e-06
[train] step=5260 loss=0.194025 lr=4.599e-06
[train] step=5261 loss=0.104318 lr=4.597e-06
[train] step=5262 loss=0.401980 lr=4.596e-06
[train] step=5263 loss=0.329213 lr=4.594e-06
[train] step=5264 loss=0.215908 lr=4.593e-06
[train] step=5265 loss=0.289859 lr=4.591e-06
[train] step=5266 loss=0.197027 lr=4.590e-06
[train] step=5267 loss=0.086959 lr=4.588e-06
[train] step=5268 loss=0.131214 lr=4.587e-06
[train] step=5269 loss=0.199858 lr=4.585e-06
[train] step=5270 loss=0.230831 lr=4.583e-06
[train] step=5271 loss=0.164193 lr=4.582e-06
[train] step=5272 loss=0.223351 lr=4.580e-06
[train] step=5273 loss=0.141676 lr=4.579e-06
[train] step=5274 loss=0.204542 lr=4.577e-06
[train] step=5275 loss=0.325397 lr=4.576e-06
[train] step=5276 loss=0.102487 lr=4.574e-06
[train] step=5277 loss=0.222297 lr=4.572e-06
[train] step=5278 loss=0.183791 lr=4.571e-06
[train] step=5279 loss=0.212355 lr=4.569e-06
[train] step=5280 loss=0.155763 lr=4.568e-06
INFO     [rank 0] Model weights for step 5280 saved in       dit_trainer.py:1085
         checkpoints/model_weights_step_05280.safetensors                       
INFO     [rank 0] Scalar embedding weights for step 5280     dit_trainer.py:1092
         saved                                                                  
INFO     [rank 0] Training state saved:                      dit_trainer.py:1123
         checkpoints/model_weights_step_05280.state.pt                          
DEBUG    [rank 0] Removed old checkpoint:                    dit_trainer.py:1136
         /hppfs/scratch/0D/go76fuz2/windinet/outputs/shockwa                    
         ve_dit_anchor_kl1e7/checkpoints/model_weights_step_                    
         04680.safetensors                                                      
DEBUG    [rank 0] Removed old checkpoint:                    dit_trainer.py:1136
         /hppfs/scratch/0D/go76fuz2/windinet/outputs/shockwa                    
         ve_dit_anchor_kl1e7/checkpoints/model_weights_step_                    
         04680.state.pt                                                         
DEBUG    [rank 0] Removed old checkpoint:                    dit_trainer.py:1136
         /hppfs/scratch/0D/go76fuz2/windinet/outputs/shockwa                    
         ve_dit_anchor_kl1e7/checkpoints/scalar_embedding_st                    
         ep_04680.safetensors                                                   
[epoch 44] step=5280 train_loss=0.183583
[train] step=5281 loss=0.226949 lr=4.566e-06
[train] step=5282 loss=0.257393 lr=4.565e-06
[train] step=5283 loss=0.261825 lr=4.563e-06
[train] step=5284 loss=0.313024 lr=4.561e-06
[train] step=5285 loss=0.139839 lr=4.560e-06
[train] step=5286 loss=0.200503 lr=4.558e-06
[train] step=5287 loss=0.092399 lr=4.557e-06
[train] step=5288 loss=0.150484 lr=4.555e-06
[train] step=5289 loss=0.203456 lr=4.554e-06
[train] step=5290 loss=0.196683 lr=4.552e-06
[train] step=5291 loss=0.126957 lr=4.551e-06
[train] step=5292 loss=0.152092 lr=4.549e-06
[train] step=5293 loss=0.199439 lr=4.547e-06
[train] step=5294 loss=0.203113 lr=4.546e-06
[train] step=5295 loss=0.270515 lr=4.544e-06
[train] step=5296 loss=0.295256 lr=4.543e-06
[train] step=5297 loss=0.141434 lr=4.541e-06
[train] step=5298 loss=0.240158 lr=4.540e-06
[train] step=5299 loss=0.128559 lr=4.538e-06
[train] step=5300 loss=0.273773 lr=4.536e-06
[train] step=5301 loss=0.160969 lr=4.535e-06
[train] step=5302 loss=0.197261 lr=4.533e-06
[train] step=5303 loss=0.173146 lr=4.532e-06
[train] step=5304 loss=0.153945 lr=4.530e-06
[train] step=5305 loss=0.131995 lr=4.529e-06
[train] step=5306 loss=0.211749 lr=4.527e-06
[train] step=5307 loss=0.181817 lr=4.526e-06
[train] step=5308 loss=0.285241 lr=4.524e-06
[train] step=5309 loss=0.149782 lr=4.522e-06
[train] step=5310 loss=0.259247 lr=4.521e-06
[train] step=5311 loss=0.083865 lr=4.519e-06
[train] step=5312 loss=0.129084 lr=4.518e-06
[train] step=5313 loss=0.152302 lr=4.516e-06
[train] step=5314 loss=0.149024 lr=4.515e-06
[train] step=5315 loss=0.257590 lr=4.513e-06
[train] step=5316 loss=0.139328 lr=4.512e-06
[train] step=5317 loss=0.289875 lr=4.510e-06
[train] step=5318 loss=0.257850 lr=4.508e-06
[train] step=5319 loss=0.158623 lr=4.507e-06
[train] step=5320 loss=0.170600 lr=4.505e-06
[train] step=5321 loss=0.457420 lr=4.504e-06
[train] step=5322 loss=0.192072 lr=4.502e-06
[train] step=5323 loss=0.134753 lr=4.501e-06
[train] step=5324 loss=0.214148 lr=4.499e-06
[train] step=5325 loss=0.160337 lr=4.497e-06
[train] step=5326 loss=0.187719 lr=4.496e-06
[train] step=5327 loss=0.212058 lr=4.494e-06
[train] step=5328 loss=0.148415 lr=4.493e-06
[train] step=5329 loss=0.198161 lr=4.491e-06
[train] step=5330 loss=0.152026 lr=4.490e-06
[train] step=5331 loss=0.145482 lr=4.488e-06
[train] step=5332 loss=0.166329 lr=4.487e-06
[train] step=5333 loss=0.162535 lr=4.485e-06
[train] step=5334 loss=0.170334 lr=4.483e-06
[train] step=5335 loss=0.191837 lr=4.482e-06
[train] step=5336 loss=0.110837 lr=4.480e-06
[train] step=5337 loss=0.352872 lr=4.479e-06
[train] step=5338 loss=0.327243 lr=4.477e-06
[train] step=5339 loss=0.129121 lr=4.476e-06
[train] step=5340 loss=0.200873 lr=4.474e-06
[train] step=5341 loss=0.100652 lr=4.472e-06
[train] step=5342 loss=0.352402 lr=4.471e-06
[train] step=5343 loss=0.235337 lr=4.469e-06
[train] step=5344 loss=0.191752 lr=4.468e-06
[train] step=5345 loss=0.159799 lr=4.466e-06
[train] step=5346 loss=0.143691 lr=4.465e-06
[train] step=5347 loss=0.192281 lr=4.463e-06
[train] step=5348 loss=0.135254 lr=4.462e-06
[train] step=5349 loss=0.221587 lr=4.460e-06
[train] step=5350 loss=0.164743 lr=4.458e-06
[train] step=5351 loss=0.236106 lr=4.457e-06
[train] step=5352 loss=0.210521 lr=4.455e-06
[train] step=5353 loss=0.136832 lr=4.454e-06
[train] step=5354 loss=0.224876 lr=4.452e-06
[train] step=5355 loss=0.162760 lr=4.451e-06
[train] step=5356 loss=0.097101 lr=4.449e-06
[train] step=5357 loss=0.184684 lr=4.448e-06
[train] step=5358 loss=0.211095 lr=4.446e-06
[train] step=5359 loss=0.194009 lr=4.444e-06
[train] step=5360 loss=0.297710 lr=4.443e-06
[train] step=5361 loss=0.179306 lr=4.441e-06
[train] step=5362 loss=0.132431 lr=4.440e-06
[train] step=5363 loss=0.195502 lr=4.438e-06
[train] step=5364 loss=0.278353 lr=4.437e-06
[train] step=5365 loss=0.211169 lr=4.435e-06
[train] step=5366 loss=0.180728 lr=4.433e-06
[train] step=5367 loss=0.140564 lr=4.432e-06
[train] step=5368 loss=0.300024 lr=4.430e-06
[train] step=5369 loss=0.235536 lr=4.429e-06
[train] step=5370 loss=0.208827 lr=4.427e-06
[train] step=5371 loss=0.212111 lr=4.426e-06
[train] step=5372 loss=0.181095 lr=4.424e-06
[train] step=5373 loss=0.310520 lr=4.423e-06
[train] step=5374 loss=0.144642 lr=4.421e-06
[train] step=5375 loss=0.160480 lr=4.419e-06
[train] step=5376 loss=0.159616 lr=4.418e-06
[train] step=5377 loss=0.214474 lr=4.416e-06
[train] step=5378 loss=0.267894 lr=4.415e-06
[train] step=5379 loss=0.157736 lr=4.413e-06
[train] step=5380 loss=0.220883 lr=4.412e-06
[train] step=5381 loss=0.232295 lr=4.410e-06
[train] step=5382 loss=0.186543 lr=4.409e-06
[train] step=5383 loss=0.211672 lr=4.407e-06
[train] step=5384 loss=0.212110 lr=4.405e-06
[train] step=5385 loss=0.130519 lr=4.404e-06
[train] step=5386 loss=0.209436 lr=4.402e-06
[train] step=5387 loss=0.108732 lr=4.401e-06
[train] step=5388 loss=0.246738 lr=4.399e-06
[train] step=5389 loss=0.258245 lr=4.398e-06
[train] step=5390 loss=0.097602 lr=4.396e-06
[train] step=5391 loss=0.118831 lr=4.395e-06
[train] step=5392 loss=0.135203 lr=4.393e-06
[train] step=5393 loss=0.214997 lr=4.391e-06
[train] step=5394 loss=0.163487 lr=4.390e-06
[train] step=5395 loss=0.123769 lr=4.388e-06
[train] step=5396 loss=0.226399 lr=4.387e-06
[train] step=5397 loss=0.184395 lr=4.385e-06
[train] step=5398 loss=0.272020 lr=4.384e-06
[train] step=5399 loss=0.071784 lr=4.382e-06
[train] step=5400 loss=0.101056 lr=4.381e-06
[val] step=5400 val_loss=0.198259
INFO     [rank 0] Model weights for step 5400 saved in       dit_trainer.py:1085
         checkpoints/model_weights_step_05400.safetensors                       
INFO     [rank 0] Scalar embedding weights for step 5400     dit_trainer.py:1092
         saved                                                                  
INFO     [rank 0] Training state saved:                      dit_trainer.py:1123
         checkpoints/model_weights_step_05400.state.pt                          
DEBUG    [rank 0] Removed old checkpoint:                    dit_trainer.py:1136
         /hppfs/scratch/0D/go76fuz2/windinet/outputs/shockwa                    
         ve_dit_anchor_kl1e7/checkpoints/model_weights_step_                    
         04800.safetensors                                                      
DEBUG    [rank 0] Removed old checkpoint:                    dit_trainer.py:1136
         /hppfs/scratch/0D/go76fuz2/windinet/outputs/shockwa                    
         ve_dit_anchor_kl1e7/checkpoints/model_weights_step_                    
         04800.state.pt                                                         
DEBUG    [rank 0] Removed old checkpoint:                    dit_trainer.py:1136
         /hppfs/scratch/0D/go76fuz2/windinet/outputs/shockwa                    
         ve_dit_anchor_kl1e7/checkpoints/scalar_embedding_st                    
         ep_04800.safetensors                                                   
[epoch 45] step=5400 train_loss=0.194061 val_loss=0.198259
[train] step=5401 loss=0.203976 lr=4.379e-06
[train] step=5402 loss=0.232179 lr=4.377e-06
[train] step=5403 loss=0.303550 lr=4.376e-06
[train] step=5404 loss=0.133023 lr=4.374e-06
[train] step=5405 loss=0.231754 lr=4.373e-06
[train] step=5406 loss=0.135243 lr=4.371e-06
[train] step=5407 loss=0.212027 lr=4.370e-06
[train] step=5408 loss=0.160085 lr=4.368e-06
[train] step=5409 loss=0.223476 lr=4.367e-06
[train] step=5410 loss=0.312509 lr=4.365e-06
[train] step=5411 loss=0.152503 lr=4.363e-06
[train] step=5412 loss=0.199383 lr=4.362e-06
[train] step=5413 loss=0.146429 lr=4.360e-06
[train] step=5414 loss=0.130241 lr=4.359e-06
[train] step=5415 loss=0.179938 lr=4.357e-06
[train] step=5416 loss=0.205437 lr=4.356e-06
[train] step=5417 loss=0.152637 lr=4.354e-06
[train] step=5418 loss=0.156381 lr=4.353e-06
[train] step=5419 loss=0.232293 lr=4.351e-06
[train] step=5420 loss=0.138067 lr=4.349e-06
[train] step=5421 loss=0.134992 lr=4.348e-06
[train] step=5422 loss=0.139663 lr=4.346e-06
[train] step=5423 loss=0.202785 lr=4.345e-06
[train] step=5424 loss=0.154545 lr=4.343e-06
[train] step=5425 loss=0.177970 lr=4.342e-06
[train] step=5426 loss=0.181420 lr=4.340e-06
[train] step=5427 loss=0.115569 lr=4.339e-06
[train] step=5428 loss=0.191412 lr=4.337e-06
[train] step=5429 loss=0.155897 lr=4.335e-06
[train] step=5430 loss=0.140888 lr=4.334e-06
[train] step=5431 loss=0.255285 lr=4.332e-06
[train] step=5432 loss=0.157546 lr=4.331e-06
[train] step=5433 loss=0.168820 lr=4.329e-06
[train] step=5434 loss=0.207069 lr=4.328e-06
[train] step=5435 loss=0.236864 lr=4.326e-06
[train] step=5436 loss=0.191076 lr=4.325e-06
[train] step=5437 loss=0.320556 lr=4.323e-06
[train] step=5438 loss=0.213808 lr=4.321e-06
[train] step=5439 loss=0.188714 lr=4.320e-06
[train] step=5440 loss=0.135784 lr=4.318e-06
[train] step=5441 loss=0.186878 lr=4.317e-06
[train] step=5442 loss=0.201992 lr=4.315e-06
[train] step=5443 loss=0.190049 lr=4.314e-06
[train] step=5444 loss=0.126756 lr=4.312e-06
[train] step=5445 loss=0.171985 lr=4.311e-06
[train] step=5446 loss=0.189137 lr=4.309e-06
[train] step=5447 loss=0.157378 lr=4.307e-06
[train] step=5448 loss=0.205753 lr=4.306e-06
[train] step=5449 loss=0.204835 lr=4.304e-06
[train] step=5450 loss=0.239101 lr=4.303e-06
[train] step=5451 loss=0.151008 lr=4.301e-06
[train] step=5452 loss=0.214793 lr=4.300e-06
[train] step=5453 loss=0.145333 lr=4.298e-06
[train] step=5454 loss=0.137992 lr=4.297e-06
[train] step=5455 loss=0.207734 lr=4.295e-06
[train] step=5456 loss=0.132907 lr=4.293e-06
[train] step=5457 loss=0.126814 lr=4.292e-06
[train] step=5458 loss=0.197823 lr=4.290e-06
[train] step=5459 loss=0.300432 lr=4.289e-06
[train] step=5460 loss=0.212992 lr=4.287e-06
[train] step=5461 loss=0.217800 lr=4.286e-06
[train] step=5462 loss=0.126332 lr=4.284e-06
[train] step=5463 loss=0.156016 lr=4.283e-06
[train] step=5464 loss=0.161993 lr=4.281e-06
[train] step=5465 loss=0.255861 lr=4.279e-06
[train] step=5466 loss=0.206280 lr=4.278e-06
[train] step=5467 loss=0.169437 lr=4.276e-06
[train] step=5468 loss=0.136842 lr=4.275e-06
[train] step=5469 loss=0.102485 lr=4.273e-06
[train] step=5470 loss=0.202523 lr=4.272e-06
[train] step=5471 loss=0.225515 lr=4.270e-06
[train] step=5472 loss=0.175491 lr=4.269e-06
[train] step=5473 loss=0.142349 lr=4.267e-06
[train] step=5474 loss=0.149395 lr=4.265e-06
[train] step=5475 loss=0.206607 lr=4.264e-06
[train] step=5476 loss=0.240644 lr=4.262e-06
[train] step=5477 loss=0.126032 lr=4.261e-06
[train] step=5478 loss=0.222437 lr=4.259e-06
[train] step=5479 loss=0.224046 lr=4.258e-06
[train] step=5480 loss=0.167743 lr=4.256e-06
[train] step=5481 loss=0.181125 lr=4.255e-06
[train] step=5482 loss=0.186865 lr=4.253e-06
[train] step=5483 loss=0.114352 lr=4.252e-06
[train] step=5484 loss=0.229828 lr=4.250e-06
[train] step=5485 loss=0.167305 lr=4.248e-06
[train] step=5486 loss=0.197796 lr=4.247e-06
[train] step=5487 loss=0.161378 lr=4.245e-06
[train] step=5488 loss=0.169247 lr=4.244e-06
[train] step=5489 loss=0.190655 lr=4.242e-06
[train] step=5490 loss=0.218216 lr=4.241e-06
[train] step=5491 loss=0.199955 lr=4.239e-06
[train] step=5492 loss=0.149395 lr=4.238e-06
[train] step=5493 loss=0.213208 lr=4.236e-06
[train] step=5494 loss=0.178300 lr=4.234e-06
[train] step=5495 loss=0.156964 lr=4.233e-06
[train] step=5496 loss=0.236067 lr=4.231e-06
[train] step=5497 loss=0.264184 lr=4.230e-06
[train] step=5498 loss=0.160079 lr=4.228e-06
[train] step=5499 loss=0.160310 lr=4.227e-06
[train] step=5500 loss=0.128731 lr=4.225e-06
[train] step=5501 loss=0.205683 lr=4.224e-06
[train] step=5502 loss=0.146916 lr=4.222e-06
[train] step=5503 loss=0.207202 lr=4.221e-06
[train] step=5504 loss=0.195047 lr=4.219e-06
[train] step=5505 loss=0.201690 lr=4.217e-06
[train] step=5506 loss=0.185107 lr=4.216e-06
[train] step=5507 loss=0.129112 lr=4.214e-06
[train] step=5508 loss=0.183327 lr=4.213e-06
[train] step=5509 loss=0.169457 lr=4.211e-06
[train] step=5510 loss=0.367622 lr=4.210e-06
[train] step=5511 loss=0.344585 lr=4.208e-06
[train] step=5512 loss=0.223248 lr=4.207e-06
[train] step=5513 loss=0.255394 lr=4.205e-06
[train] step=5514 loss=0.225842 lr=4.203e-06
[train] step=5515 loss=0.172164 lr=4.202e-06
[train] step=5516 loss=0.473406 lr=4.200e-06
[train] step=5517 loss=0.133539 lr=4.199e-06
[train] step=5518 loss=0.283310 lr=4.197e-06
[train] step=5519 loss=0.221387 lr=4.196e-06
[train] step=5520 loss=0.177933 lr=4.194e-06
INFO     [rank 0] Model weights for step 5520 saved in       dit_trainer.py:1085
         checkpoints/model_weights_step_05520.safetensors                       
INFO     [rank 0] Scalar embedding weights for step 5520     dit_trainer.py:1092
         saved                                                                  
INFO     [rank 0] Training state saved:                      dit_trainer.py:1123
         checkpoints/model_weights_step_05520.state.pt                          
DEBUG    [rank 0] Removed old checkpoint:                    dit_trainer.py:1136
         /hppfs/scratch/0D/go76fuz2/windinet/outputs/shockwa                    
         ve_dit_anchor_kl1e7/checkpoints/model_weights_step_                    
         04920.safetensors                                                      
DEBUG    [rank 0] Removed old checkpoint:                    dit_trainer.py:1136
         /hppfs/scratch/0D/go76fuz2/windinet/outputs/shockwa                    
         ve_dit_anchor_kl1e7/checkpoints/model_weights_step_                    
         04920.state.pt                                                         
DEBUG    [rank 0] Removed old checkpoint:                    dit_trainer.py:1136
         /hppfs/scratch/0D/go76fuz2/windinet/outputs/shockwa                    
         ve_dit_anchor_kl1e7/checkpoints/scalar_embedding_st                    
         ep_04920.safetensors                                                   
[epoch 46] step=5520 train_loss=0.190986
[train] step=5521 loss=0.189463 lr=4.193e-06
[train] step=5522 loss=0.150149 lr=4.191e-06
[train] step=5523 loss=0.154275 lr=4.190e-06
[train] step=5524 loss=0.182896 lr=4.188e-06
[train] step=5525 loss=0.232543 lr=4.186e-06
[train] step=5526 loss=0.288641 lr=4.185e-06
[train] step=5527 loss=0.221756 lr=4.183e-06
[train] step=5528 loss=0.680802 lr=4.182e-06
[train] step=5529 loss=0.174905 lr=4.180e-06
[train] step=5530 loss=0.135991 lr=4.179e-06
[train] step=5531 loss=0.381144 lr=4.177e-06
[train] step=5532 loss=0.231041 lr=4.176e-06
[train] step=5533 loss=0.140294 lr=4.174e-06
[train] step=5534 loss=0.209140 lr=4.173e-06
[train] step=5535 loss=0.292499 lr=4.171e-06
[train] step=5536 loss=0.183793 lr=4.169e-06
[train] step=5537 loss=0.182826 lr=4.168e-06
[train] step=5538 loss=0.140676 lr=4.166e-06
[train] step=5539 loss=0.340506 lr=4.165e-06
[train] step=5540 loss=0.108862 lr=4.163e-06
[train] step=5541 loss=0.146589 lr=4.162e-06
[train] step=5542 loss=0.322925 lr=4.160e-06
[train] step=5543 loss=0.149706 lr=4.159e-06
[train] step=5544 loss=0.263354 lr=4.157e-06
[train] step=5545 loss=0.234321 lr=4.155e-06
[train] step=5546 loss=0.129209 lr=4.154e-06
[train] step=5547 loss=0.323798 lr=4.152e-06
[train] step=5548 loss=0.204476 lr=4.151e-06
[train] step=5549 loss=0.201162 lr=4.149e-06
[train] step=5550 loss=0.206861 lr=4.148e-06
[train] step=5551 loss=0.194640 lr=4.146e-06
[train] step=5552 loss=0.183945 lr=4.145e-06
[train] step=5553 loss=0.144950 lr=4.143e-06
[train] step=5554 loss=0.285857 lr=4.142e-06
[train] step=5555 loss=0.336597 lr=4.140e-06
[train] step=5556 loss=0.129368 lr=4.138e-06
[train] step=5557 loss=0.146401 lr=4.137e-06
[train] step=5558 loss=0.137238 lr=4.135e-06
[train] step=5559 loss=0.283336 lr=4.134e-06
[train] step=5560 loss=0.192635 lr=4.132e-06
[train] step=5561 loss=0.238607 lr=4.131e-06
[train] step=5562 loss=0.224040 lr=4.129e-06
[train] step=5563 loss=0.263507 lr=4.128e-06
[train] step=5564 loss=0.115139 lr=4.126e-06
[train] step=5565 loss=0.165887 lr=4.125e-06
[train] step=5566 loss=0.189193 lr=4.123e-06
[train] step=5567 loss=0.164496 lr=4.121e-06
[train] step=5568 loss=0.208278 lr=4.120e-06
[train] step=5569 loss=0.164989 lr=4.118e-06
[train] step=5570 loss=0.190701 lr=4.117e-06
[train] step=5571 loss=0.222285 lr=4.115e-06
[train] step=5572 loss=0.194484 lr=4.114e-06
[train] step=5573 loss=0.291108 lr=4.112e-06
[train] step=5574 loss=0.145723 lr=4.111e-06
[train] step=5575 loss=0.239219 lr=4.109e-06
[train] step=5576 loss=0.119596 lr=4.108e-06
[train] step=5577 loss=0.237629 lr=4.106e-06
[train] step=5578 loss=0.141962 lr=4.105e-06
[train] step=5579 loss=0.116195 lr=4.103e-06
[train] step=5580 loss=0.262255 lr=4.101e-06
[train] step=5581 loss=0.160172 lr=4.100e-06
[train] step=5582 loss=0.280245 lr=4.098e-06
[train] step=5583 loss=0.209777 lr=4.097e-06
[train] step=5584 loss=0.214467 lr=4.095e-06
[train] step=5585 loss=0.240225 lr=4.094e-06
[train] step=5586 loss=0.251571 lr=4.092e-06
[train] step=5587 loss=0.160930 lr=4.091e-06
[train] step=5588 loss=0.213039 lr=4.089e-06
[train] step=5589 loss=0.176375 lr=4.088e-06
[train] step=5590 loss=0.148931 lr=4.086e-06
[train] step=5591 loss=0.165563 lr=4.084e-06
[train] step=5592 loss=0.133325 lr=4.083e-06
[train] step=5593 loss=0.185936 lr=4.081e-06
[train] step=5594 loss=0.184864 lr=4.080e-06
[train] step=5595 loss=0.252762 lr=4.078e-06
[train] step=5596 loss=0.167011 lr=4.077e-06
[train] step=5597 loss=0.125269 lr=4.075e-06
[train] step=5598 loss=0.194315 lr=4.074e-06
[train] step=5599 loss=0.128599 lr=4.072e-06
[train] step=5600 loss=0.207451 lr=4.071e-06
[train] step=5601 loss=0.150424 lr=4.069e-06
[train] step=5602 loss=0.193032 lr=4.067e-06
[train] step=5603 loss=0.224945 lr=4.066e-06
[train] step=5604 loss=0.232816 lr=4.064e-06
[train] step=5605 loss=0.193079 lr=4.063e-06
[train] step=5606 loss=0.145566 lr=4.061e-06
[train] step=5607 loss=0.163382 lr=4.060e-06
[train] step=5608 loss=0.232686 lr=4.058e-06
[train] step=5609 loss=0.134787 lr=4.057e-06
[train] step=5610 loss=0.286339 lr=4.055e-06
[train] step=5611 loss=0.218693 lr=4.054e-06
[train] step=5612 loss=0.099937 lr=4.052e-06
[train] step=5613 loss=0.153574 lr=4.051e-06
[train] step=5614 loss=0.160100 lr=4.049e-06
[train] step=5615 loss=0.206920 lr=4.047e-06
[train] step=5616 loss=0.235573 lr=4.046e-06
[train] step=5617 loss=0.215487 lr=4.044e-06
[train] step=5618 loss=0.161249 lr=4.043e-06
[train] step=5619 loss=0.231167 lr=4.041e-06
[train] step=5620 loss=0.223897 lr=4.040e-06
[train] step=5621 loss=0.216399 lr=4.038e-06
[train] step=5622 loss=0.184522 lr=4.037e-06
[train] step=5623 loss=0.119364 lr=4.035e-06
[train] step=5624 loss=0.178857 lr=4.034e-06
[train] step=5625 loss=0.196513 lr=4.032e-06
[train] step=5626 loss=0.129391 lr=4.031e-06
[train] step=5627 loss=0.193868 lr=4.029e-06
[train] step=5628 loss=0.228800 lr=4.027e-06
[train] step=5629 loss=0.171374 lr=4.026e-06
[train] step=5630 loss=0.137338 lr=4.024e-06
[train] step=5631 loss=0.116245 lr=4.023e-06
[train] step=5632 loss=0.200380 lr=4.021e-06
[train] step=5633 loss=0.109525 lr=4.020e-06
[train] step=5634 loss=0.287800 lr=4.018e-06
[train] step=5635 loss=0.226625 lr=4.017e-06
[train] step=5636 loss=0.270413 lr=4.015e-06
[train] step=5637 loss=0.192452 lr=4.014e-06
[train] step=5638 loss=0.205296 lr=4.012e-06
[train] step=5639 loss=0.233115 lr=4.011e-06
[train] step=5640 loss=0.195407 lr=4.009e-06
INFO     [rank 0] Model weights for step 5640 saved in       dit_trainer.py:1085
         checkpoints/model_weights_step_05640.safetensors                       
INFO     [rank 0] Scalar embedding weights for step 5640     dit_trainer.py:1092
         saved                                                                  
INFO     [rank 0] Training state saved:                      dit_trainer.py:1123
         checkpoints/model_weights_step_05640.state.pt                          
DEBUG    [rank 0] Removed old checkpoint:                    dit_trainer.py:1136
         /hppfs/scratch/0D/go76fuz2/windinet/outputs/shockwa                    
         ve_dit_anchor_kl1e7/checkpoints/model_weights_step_                    
         05040.safetensors                                                      
DEBUG    [rank 0] Removed old checkpoint:                    dit_trainer.py:1136
         /hppfs/scratch/0D/go76fuz2/windinet/outputs/shockwa                    
         ve_dit_anchor_kl1e7/checkpoints/model_weights_step_                    
         05040.state.pt                                                         
DEBUG    [rank 0] Removed old checkpoint:                    dit_trainer.py:1136
         /hppfs/scratch/0D/go76fuz2/windinet/outputs/shockwa                    
         ve_dit_anchor_kl1e7/checkpoints/scalar_embedding_st                    
         ep_05040.safetensors                                                   
[epoch 47] step=5640 train_loss=0.201463
[train] step=5641 loss=0.139374 lr=4.007e-06
[train] step=5642 loss=0.200432 lr=4.006e-06
[train] step=5643 loss=0.237337 lr=4.004e-06
[train] step=5644 loss=0.174282 lr=4.003e-06
[train] step=5645 loss=0.177682 lr=4.001e-06
[train] step=5646 loss=0.259521 lr=4.000e-06
[train] step=5647 loss=0.170458 lr=3.998e-06
[train] step=5648 loss=0.176167 lr=3.997e-06
[train] step=5649 loss=0.218800 lr=3.995e-06
[train] step=5650 loss=0.207155 lr=3.994e-06
[train] step=5651 loss=0.378340 lr=3.992e-06
[train] step=5652 loss=0.234831 lr=3.991e-06
[train] step=5653 loss=0.190393 lr=3.989e-06
[train] step=5654 loss=0.200398 lr=3.987e-06
[train] step=5655 loss=0.210320 lr=3.986e-06
[train] step=5656 loss=0.437217 lr=3.984e-06
[train] step=5657 loss=0.157731 lr=3.983e-06
[train] step=5658 loss=0.194210 lr=3.981e-06
[train] step=5659 loss=0.168124 lr=3.980e-06
[train] step=5660 loss=0.157710 lr=3.978e-06
[train] step=5661 loss=0.308039 lr=3.977e-06
[train] step=5662 loss=0.196563 lr=3.975e-06
[train] step=5663 loss=0.278181 lr=3.974e-06
[train] step=5664 loss=0.200923 lr=3.972e-06
[train] step=5665 loss=0.224553 lr=3.971e-06
[train] step=5666 loss=0.210136 lr=3.969e-06
[train] step=5667 loss=0.253317 lr=3.968e-06
[train] step=5668 loss=0.253199 lr=3.966e-06
[train] step=5669 loss=0.162713 lr=3.964e-06
[train] step=5670 loss=0.238419 lr=3.963e-06
[train] step=5671 loss=0.213616 lr=3.961e-06
[train] step=5672 loss=0.179985 lr=3.960e-06
[train] step=5673 loss=0.289162 lr=3.958e-06
[train] step=5674 loss=0.124534 lr=3.957e-06
[train] step=5675 loss=0.285641 lr=3.955e-06
[train] step=5676 loss=0.149032 lr=3.954e-06
[train] step=5677 loss=0.202800 lr=3.952e-06
[train] step=5678 loss=0.150523 lr=3.951e-06
[train] step=5679 loss=0.140966 lr=3.949e-06
[train] step=5680 loss=0.122765 lr=3.948e-06
[train] step=5681 loss=0.217741 lr=3.946e-06
[train] step=5682 loss=0.232983 lr=3.944e-06
[train] step=5683 loss=0.184825 lr=3.943e-06
[train] step=5684 loss=0.082662 lr=3.941e-06
[train] step=5685 loss=0.164712 lr=3.940e-06
[train] step=5686 loss=0.132365 lr=3.938e-06
[train] step=5687 loss=0.183997 lr=3.937e-06
[train] step=5688 loss=0.186882 lr=3.935e-06
[train] step=5689 loss=0.203744 lr=3.934e-06
[train] step=5690 loss=0.177237 lr=3.932e-06
[train] step=5691 loss=0.088511 lr=3.931e-06
[train] step=5692 loss=0.178600 lr=3.929e-06
[train] step=5693 loss=0.150655 lr=3.928e-06
[train] step=5694 loss=0.115766 lr=3.926e-06
[train] step=5695 loss=0.204406 lr=3.925e-06
[train] step=5696 loss=0.153801 lr=3.923e-06
[train] step=5697 loss=0.163336 lr=3.922e-06
[train] step=5698 loss=0.186681 lr=3.920e-06
[train] step=5699 loss=0.253156 lr=3.918e-06
[train] step=5700 loss=0.144860 lr=3.917e-06
[train] step=5701 loss=0.096024 lr=3.915e-06
[train] step=5702 loss=0.201768 lr=3.914e-06
[train] step=5703 loss=0.118910 lr=3.912e-06
[train] step=5704 loss=0.152573 lr=3.911e-06
[train] step=5705 loss=0.209114 lr=3.909e-06
[train] step=5706 loss=0.210113 lr=3.908e-06
[train] step=5707 loss=0.146538 lr=3.906e-06
[train] step=5708 loss=0.151656 lr=3.905e-06
[train] step=5709 loss=0.150263 lr=3.903e-06
[train] step=5710 loss=0.155948 lr=3.902e-06
[train] step=5711 loss=0.150956 lr=3.900e-06
[train] step=5712 loss=0.172491 lr=3.899e-06
[train] step=5713 loss=0.136392 lr=3.897e-06
[train] step=5714 loss=0.155770 lr=3.895e-06
[train] step=5715 loss=0.143366 lr=3.894e-06
[train] step=5716 loss=0.257466 lr=3.892e-06
[train] step=5717 loss=0.203738 lr=3.891e-06
[train] step=5718 loss=0.127074 lr=3.889e-06
[train] step=5719 loss=0.083216 lr=3.888e-06
[train] step=5720 loss=0.193730 lr=3.886e-06
[train] step=5721 loss=0.336479 lr=3.885e-06
[train] step=5722 loss=0.162483 lr=3.883e-06
[train] step=5723 loss=0.261334 lr=3.882e-06
[train] step=5724 loss=0.235768 lr=3.880e-06
[train] step=5725 loss=0.162493 lr=3.879e-06
[train] step=5726 loss=0.159996 lr=3.877e-06
[train] step=5727 loss=0.160786 lr=3.876e-06
[train] step=5728 loss=0.225570 lr=3.874e-06
[train] step=5729 loss=0.146590 lr=3.873e-06
[train] step=5730 loss=0.194321 lr=3.871e-06
[train] step=5731 loss=0.111902 lr=3.869e-06
[train] step=5732 loss=0.264252 lr=3.868e-06
[train] step=5733 loss=0.203816 lr=3.866e-06
[train] step=5734 loss=0.216382 lr=3.865e-06
[train] step=5735 loss=0.156009 lr=3.863e-06
[train] step=5736 loss=0.272356 lr=3.862e-06
[train] step=5737 loss=0.170642 lr=3.860e-06
[train] step=5738 loss=0.175016 lr=3.859e-06
[train] step=5739 loss=0.215683 lr=3.857e-06
[train] step=5740 loss=0.212814 lr=3.856e-06
[train] step=5741 loss=0.131196 lr=3.854e-06
[train] step=5742 loss=0.203990 lr=3.853e-06
[train] step=5743 loss=0.174608 lr=3.851e-06
[train] step=5744 loss=0.131532 lr=3.850e-06
[train] step=5745 loss=0.149712 lr=3.848e-06
[train] step=5746 loss=0.179604 lr=3.847e-06
[train] step=5747 loss=0.163562 lr=3.845e-06
[train] step=5748 loss=0.209024 lr=3.844e-06
[train] step=5749 loss=0.276318 lr=3.842e-06
[train] step=5750 loss=0.166631 lr=3.840e-06
[train] step=5751 loss=0.222299 lr=3.839e-06
[train] step=5752 loss=0.176873 lr=3.837e-06
[train] step=5753 loss=0.196863 lr=3.836e-06
[train] step=5754 loss=0.211136 lr=3.834e-06
[train] step=5755 loss=0.126530 lr=3.833e-06
[train] step=5756 loss=0.158861 lr=3.831e-06
[train] step=5757 loss=0.189018 lr=3.830e-06
[train] step=5758 loss=0.169844 lr=3.828e-06
[train] step=5759 loss=0.155623 lr=3.827e-06
[train] step=5760 loss=0.127588 lr=3.825e-06
INFO     [rank 0] Model weights for step 5760 saved in       dit_trainer.py:1085
         checkpoints/model_weights_step_05760.safetensors                       
INFO     [rank 0] Scalar embedding weights for step 5760     dit_trainer.py:1092
         saved                                                                  
INFO     [rank 0] Training state saved:                      dit_trainer.py:1123
         checkpoints/model_weights_step_05760.state.pt                          
DEBUG    [rank 0] Removed old checkpoint:                    dit_trainer.py:1136
         /hppfs/scratch/0D/go76fuz2/windinet/outputs/shockwa                    
         ve_dit_anchor_kl1e7/checkpoints/model_weights_step_                    
         05160.safetensors                                                      
DEBUG    [rank 0] Removed old checkpoint:                    dit_trainer.py:1136
         /hppfs/scratch/0D/go76fuz2/windinet/outputs/shockwa                    
         ve_dit_anchor_kl1e7/checkpoints/model_weights_step_                    
         05160.state.pt                                                         
DEBUG    [rank 0] Removed old checkpoint:                    dit_trainer.py:1136
         /hppfs/scratch/0D/go76fuz2/windinet/outputs/shockwa                    
         ve_dit_anchor_kl1e7/checkpoints/scalar_embedding_st                    
         ep_05160.safetensors                                                   
[epoch 48] step=5760 train_loss=0.189441
[train] step=5761 loss=0.120868 lr=3.824e-06
[train] step=5762 loss=0.264817 lr=3.822e-06
[train] step=5763 loss=0.147340 lr=3.821e-06
[train] step=5764 loss=0.189570 lr=3.819e-06
[train] step=5765 loss=0.218440 lr=3.818e-06
[train] step=5766 loss=0.101232 lr=3.816e-06
[train] step=5767 loss=0.237128 lr=3.815e-06
[train] step=5768 loss=0.236011 lr=3.813e-06
[train] step=5769 loss=0.178633 lr=3.811e-06
[train] step=5770 loss=0.156661 lr=3.810e-06
[train] step=5771 loss=0.224860 lr=3.808e-06
[train] step=5772 loss=0.153651 lr=3.807e-06
[train] step=5773 loss=0.137730 lr=3.805e-06
[train] step=5774 loss=0.195825 lr=3.804e-06
[train] step=5775 loss=0.133529 lr=3.802e-06
[train] step=5776 loss=0.205196 lr=3.801e-06
[train] step=5777 loss=0.210664 lr=3.799e-06
[train] step=5778 loss=0.170578 lr=3.798e-06
[train] step=5779 loss=0.174569 lr=3.796e-06
[train] step=5780 loss=0.192146 lr=3.795e-06
[train] step=5781 loss=0.200152 lr=3.793e-06
[train] step=5782 loss=0.130405 lr=3.792e-06
[train] step=5783 loss=0.177224 lr=3.790e-06
[train] step=5784 loss=0.266917 lr=3.789e-06
[train] step=5785 loss=0.189756 lr=3.787e-06
[train] step=5786 loss=0.327570 lr=3.786e-06
[train] step=5787 loss=0.195785 lr=3.784e-06
[train] step=5788 loss=0.105983 lr=3.783e-06
[train] step=5789 loss=0.159129 lr=3.781e-06
[train] step=5790 loss=0.147255 lr=3.780e-06
[train] step=5791 loss=0.167307 lr=3.778e-06
[train] step=5792 loss=0.161393 lr=3.776e-06
[train] step=5793 loss=0.145127 lr=3.775e-06
[train] step=5794 loss=0.216339 lr=3.773e-06
[train] step=5795 loss=0.209691 lr=3.772e-06
[train] step=5796 loss=0.138755 lr=3.770e-06
[train] step=5797 loss=0.170584 lr=3.769e-06
[train] step=5798 loss=0.178469 lr=3.767e-06
[train] step=5799 loss=0.119153 lr=3.766e-06
[train] step=5800 loss=0.238068 lr=3.764e-06
[train] step=5801 loss=0.144476 lr=3.763e-06
[train] step=5802 loss=0.136187 lr=3.761e-06
[train] step=5803 loss=0.132290 lr=3.760e-06
[train] step=5804 loss=0.196157 lr=3.758e-06
[train] step=5805 loss=0.173621 lr=3.757e-06
[train] step=5806 loss=0.207341 lr=3.755e-06
[train] step=5807 loss=0.215945 lr=3.754e-06
[train] step=5808 loss=0.255339 lr=3.752e-06
[train] step=5809 loss=0.211617 lr=3.751e-06
[train] step=5810 loss=0.226026 lr=3.749e-06
[train] step=5811 loss=0.121643 lr=3.748e-06
[train] step=5812 loss=0.214685 lr=3.746e-06
[train] step=5813 loss=0.163781 lr=3.745e-06
[train] step=5814 loss=0.244903 lr=3.743e-06
[train] step=5815 loss=0.188020 lr=3.742e-06
[train] step=5816 loss=0.104397 lr=3.740e-06
[train] step=5817 loss=0.205841 lr=3.738e-06
[train] step=5818 loss=0.191588 lr=3.737e-06
[train] step=5819 loss=0.199227 lr=3.735e-06
[train] step=5820 loss=0.152702 lr=3.734e-06
[train] step=5821 loss=0.439624 lr=3.732e-06
[train] step=5822 loss=0.198600 lr=3.731e-06
[train] step=5823 loss=0.220502 lr=3.729e-06
[train] step=5824 loss=0.170906 lr=3.728e-06
[train] step=5825 loss=0.100011 lr=3.726e-06
[train] step=5826 loss=0.146329 lr=3.725e-06
[train] step=5827 loss=0.220799 lr=3.723e-06
[train] step=5828 loss=0.236379 lr=3.722e-06
[train] step=5829 loss=0.179291 lr=3.720e-06
[train] step=5830 loss=0.165894 lr=3.719e-06
[train] step=5831 loss=0.260912 lr=3.717e-06
[train] step=5832 loss=0.160008 lr=3.716e-06
[train] step=5833 loss=0.118068 lr=3.714e-06
[train] step=5834 loss=0.249691 lr=3.713e-06
[train] step=5835 loss=0.195552 lr=3.711e-06
[train] step=5836 loss=0.237751 lr=3.710e-06
[train] step=5837 loss=0.098012 lr=3.708e-06
[train] step=5838 loss=0.231061 lr=3.707e-06
[train] step=5839 loss=0.159910 lr=3.705e-06
[train] step=5840 loss=0.125082 lr=3.704e-06
[train] step=5841 loss=0.209034 lr=3.702e-06
[train] step=5842 loss=0.250713 lr=3.701e-06
[train] step=5843 loss=0.220205 lr=3.699e-06
[train] step=5844 loss=0.218530 lr=3.698e-06
[train] step=5845 loss=0.152172 lr=3.696e-06
[train] step=5846 loss=0.235624 lr=3.695e-06
[train] step=5847 loss=0.290852 lr=3.693e-06
[train] step=5848 loss=0.138147 lr=3.691e-06
[train] step=5849 loss=0.181949 lr=3.690e-06
[train] step=5850 loss=0.139992 lr=3.688e-06
[train] step=5851 loss=0.285817 lr=3.687e-06
[train] step=5852 loss=0.249215 lr=3.685e-06
[train] step=5853 loss=0.145632 lr=3.684e-06
[train] step=5854 loss=0.123777 lr=3.682e-06
[train] step=5855 loss=0.088735 lr=3.681e-06
[train] step=5856 loss=0.137720 lr=3.679e-06
[train] step=5857 loss=0.141809 lr=3.678e-06
[train] step=5858 loss=0.086244 lr=3.676e-06
[train] step=5859 loss=0.149875 lr=3.675e-06
[train] step=5860 loss=0.166707 lr=3.673e-06
[train] step=5861 loss=0.136814 lr=3.672e-06
[train] step=5862 loss=0.153390 lr=3.670e-06
[train] step=5863 loss=0.212305 lr=3.669e-06
[train] step=5864 loss=0.229884 lr=3.667e-06
[train] step=5865 loss=0.197989 lr=3.666e-06
[train] step=5866 loss=0.186061 lr=3.664e-06
[train] step=5867 loss=0.191482 lr=3.663e-06
[train] step=5868 loss=0.253066 lr=3.661e-06
[train] step=5869 loss=0.204885 lr=3.660e-06
[train] step=5870 loss=0.223094 lr=3.658e-06
[train] step=5871 loss=0.108966 lr=3.657e-06
[train] step=5872 loss=0.252017 lr=3.655e-06
[train] step=5873 loss=0.073866 lr=3.654e-06
[train] step=5874 loss=0.198120 lr=3.652e-06
[train] step=5875 loss=0.172808 lr=3.651e-06
[train] step=5876 loss=0.150973 lr=3.649e-06
[train] step=5877 loss=0.191370 lr=3.648e-06
[train] step=5878 loss=0.221624 lr=3.646e-06
[train] step=5879 loss=0.162287 lr=3.645e-06
[train] step=5880 loss=0.273123 lr=3.643e-06
INFO     [rank 0] Model weights for step 5880 saved in       dit_trainer.py:1085
         checkpoints/model_weights_step_05880.safetensors                       
INFO     [rank 0] Scalar embedding weights for step 5880     dit_trainer.py:1092
         saved                                                                  
INFO     [rank 0] Training state saved:                      dit_trainer.py:1123
         checkpoints/model_weights_step_05880.state.pt                          
DEBUG    [rank 0] Removed old checkpoint:                    dit_trainer.py:1136
         /hppfs/scratch/0D/go76fuz2/windinet/outputs/shockwa                    
         ve_dit_anchor_kl1e7/checkpoints/model_weights_step_                    
         05280.safetensors                                                      
DEBUG    [rank 0] Removed old checkpoint:                    dit_trainer.py:1136
         /hppfs/scratch/0D/go76fuz2/windinet/outputs/shockwa                    
         ve_dit_anchor_kl1e7/checkpoints/model_weights_step_                    
         05280.state.pt                                                         
DEBUG    [rank 0] Removed old checkpoint:                    dit_trainer.py:1136
         /hppfs/scratch/0D/go76fuz2/windinet/outputs/shockwa                    
         ve_dit_anchor_kl1e7/checkpoints/scalar_embedding_st                    
         ep_05280.safetensors                                                   
[epoch 49] step=5880 train_loss=0.184633
[train] step=5881 loss=0.181019 lr=3.642e-06
[train] step=5882 loss=0.262516 lr=3.640e-06
[train] step=5883 loss=0.137333 lr=3.639e-06
[train] step=5884 loss=0.153316 lr=3.637e-06
[train] step=5885 loss=0.267429 lr=3.636e-06
[train] step=5886 loss=0.211097 lr=3.634e-06
[train] step=5887 loss=0.143921 lr=3.633e-06
[train] step=5888 loss=0.290948 lr=3.631e-06
[train] step=5889 loss=0.119216 lr=3.630e-06
[train] step=5890 loss=0.135191 lr=3.628e-06
[train] step=5891 loss=0.218838 lr=3.627e-06
[train] step=5892 loss=0.206598 lr=3.625e-06
[train] step=5893 loss=0.108946 lr=3.623e-06
[train] step=5894 loss=0.128325 lr=3.622e-06
[train] step=5895 loss=0.157205 lr=3.620e-06
[train] step=5896 loss=0.229130 lr=3.619e-06
[train] step=5897 loss=0.255954 lr=3.617e-06
[train] step=5898 loss=0.193453 lr=3.616e-06
[train] step=5899 loss=0.209926 lr=3.614e-06
[train] step=5900 loss=0.141498 lr=3.613e-06
[train] step=5901 loss=0.506219 lr=3.611e-06
[train] step=5902 loss=0.156531 lr=3.610e-06
[train] step=5903 loss=0.220905 lr=3.608e-06
[train] step=5904 loss=0.222681 lr=3.607e-06
[train] step=5905 loss=0.377797 lr=3.605e-06
[train] step=5906 loss=0.137914 lr=3.604e-06
[train] step=5907 loss=0.203824 lr=3.602e-06
[train] step=5908 loss=0.272518 lr=3.601e-06
[train] step=5909 loss=0.265898 lr=3.599e-06
[train] step=5910 loss=0.263325 lr=3.598e-06
[train] step=5911 loss=0.147012 lr=3.596e-06
[train] step=5912 loss=0.148323 lr=3.595e-06
[train] step=5913 loss=0.177607 lr=3.593e-06
[train] step=5914 loss=0.166140 lr=3.592e-06
[train] step=5915 loss=0.092590 lr=3.590e-06
[train] step=5916 loss=0.134779 lr=3.589e-06
[train] step=5917 loss=0.169338 lr=3.587e-06
[train] step=5918 loss=0.114114 lr=3.586e-06
[train] step=5919 loss=0.149337 lr=3.584e-06
[train] step=5920 loss=0.140440 lr=3.583e-06
[train] step=5921 loss=0.222621 lr=3.581e-06
[train] step=5922 loss=0.131761 lr=3.580e-06
[train] step=5923 loss=0.186591 lr=3.578e-06
[train] step=5924 loss=0.089582 lr=3.577e-06
[train] step=5925 loss=0.251220 lr=3.575e-06
[train] step=5926 loss=0.150494 lr=3.574e-06
[train] step=5927 loss=0.149643 lr=3.572e-06
[train] step=5928 loss=0.141501 lr=3.571e-06
[train] step=5929 loss=0.181292 lr=3.569e-06
[train] step=5930 loss=0.133257 lr=3.568e-06
[train] step=5931 loss=0.212788 lr=3.566e-06
[train] step=5932 loss=0.208802 lr=3.565e-06
[train] step=5933 loss=0.149296 lr=3.563e-06
[train] step=5934 loss=0.197837 lr=3.562e-06
[train] step=5935 loss=0.129574 lr=3.560e-06
[train] step=5936 loss=0.134894 lr=3.559e-06
[train] step=5937 loss=0.213623 lr=3.557e-06
[train] step=5938 loss=0.183175 lr=3.556e-06
[train] step=5939 loss=0.157716 lr=3.554e-06
[train] step=5940 loss=0.178180 lr=3.553e-06
[train] step=5941 loss=0.185903 lr=3.551e-06
[train] step=5942 loss=0.156287 lr=3.550e-06
[train] step=5943 loss=0.237214 lr=3.548e-06
[train] step=5944 loss=0.305860 lr=3.547e-06
[train] step=5945 loss=0.177457 lr=3.545e-06
[train] step=5946 loss=0.125100 lr=3.544e-06
[train] step=5947 loss=0.186857 lr=3.542e-06
[train] step=5948 loss=0.276822 lr=3.541e-06
[train] step=5949 loss=0.226270 lr=3.539e-06
[train] step=5950 loss=0.161032 lr=3.538e-06
[train] step=5951 loss=0.128836 lr=3.536e-06
[train] step=5952 loss=0.141351 lr=3.535e-06
[train] step=5953 loss=0.134509 lr=3.533e-06
[train] step=5954 loss=0.213912 lr=3.532e-06
[train] step=5955 loss=0.196621 lr=3.530e-06
[train] step=5956 loss=0.129614 lr=3.529e-06
[train] step=5957 loss=0.187750 lr=3.527e-06
[train] step=5958 loss=0.192747 lr=3.526e-06
[train] step=5959 loss=0.160335 lr=3.524e-06
[train] step=5960 loss=0.084497 lr=3.523e-06
[train] step=5961 loss=0.232183 lr=3.521e-06
[train] step=5962 loss=0.183498 lr=3.520e-06
[train] step=5963 loss=0.250912 lr=3.518e-06
[train] step=5964 loss=0.221368 lr=3.517e-06
[train] step=5965 loss=0.208706 lr=3.515e-06
[train] step=5966 loss=0.196342 lr=3.514e-06
[train] step=5967 loss=0.144969 lr=3.512e-06
[train] step=5968 loss=0.116894 lr=3.511e-06
[train] step=5969 loss=0.176251 lr=3.509e-06
[train] step=5970 loss=0.113775 lr=3.508e-06
[train] step=5971 loss=0.253380 lr=3.506e-06
[train] step=5972 loss=0.168074 lr=3.505e-06
[train] step=5973 loss=0.102996 lr=3.503e-06
[train] step=5974 loss=0.190961 lr=3.502e-06
[train] step=5975 loss=0.154147 lr=3.500e-06
[train] step=5976 loss=0.153522 lr=3.499e-06
[train] step=5977 loss=0.162732 lr=3.497e-06
[train] step=5978 loss=0.121224 lr=3.496e-06
[train] step=5979 loss=0.166292 lr=3.494e-06
[train] step=5980 loss=0.243224 lr=3.493e-06
[train] step=5981 loss=0.155168 lr=3.491e-06
[train] step=5982 loss=0.181536 lr=3.490e-06
[train] step=5983 loss=0.161729 lr=3.488e-06
[train] step=5984 loss=0.116677 lr=3.487e-06
[train] step=5985 loss=0.167087 lr=3.485e-06
[train] step=5986 loss=0.138153 lr=3.484e-06
[train] step=5987 loss=0.274160 lr=3.482e-06
[train] step=5988 loss=0.195860 lr=3.481e-06
[train] step=5989 loss=0.273022 lr=3.479e-06
[train] step=5990 loss=0.242619 lr=3.478e-06
[train] step=5991 loss=0.180390 lr=3.476e-06
[train] step=5992 loss=0.361278 lr=3.475e-06
[train] step=5993 loss=0.391700 lr=3.473e-06
[train] step=5994 loss=0.212113 lr=3.472e-06
[train] step=5995 loss=0.163663 lr=3.470e-06
[train] step=5996 loss=0.194330 lr=3.469e-06
[train] step=5997 loss=0.166965 lr=3.467e-06
[train] step=5998 loss=0.131569 lr=3.466e-06
[train] step=5999 loss=0.152113 lr=3.464e-06
[train] step=6000 loss=0.192335 lr=3.463e-06
[val] step=6000 val_loss=0.197066
INFO     [rank 0] Model weights for step 6000 saved in       dit_trainer.py:1085
         checkpoints/model_weights_step_06000.safetensors                       
INFO     [rank 0] Scalar embedding weights for step 6000     dit_trainer.py:1092
         saved                                                                  
INFO     [rank 0] Training state saved:                      dit_trainer.py:1123
         checkpoints/model_weights_step_06000.state.pt                          
DEBUG    [rank 0] Removed old checkpoint:                    dit_trainer.py:1136
         /hppfs/scratch/0D/go76fuz2/windinet/outputs/shockwa                    
         ve_dit_anchor_kl1e7/checkpoints/model_weights_step_                    
         05400.safetensors                                                      
DEBUG    [rank 0] Removed old checkpoint:                    dit_trainer.py:1136
         /hppfs/scratch/0D/go76fuz2/windinet/outputs/shockwa                    
         ve_dit_anchor_kl1e7/checkpoints/model_weights_step_                    
         05400.state.pt                                                         
DEBUG    [rank 0] Removed old checkpoint:                    dit_trainer.py:1136
         /hppfs/scratch/0D/go76fuz2/windinet/outputs/shockwa                    
         ve_dit_anchor_kl1e7/checkpoints/scalar_embedding_st                    
         ep_05400.safetensors                                                   
[epoch 50] step=6000 train_loss=0.187722 val_loss=0.197066
[train] step=6001 loss=0.246313 lr=3.461e-06
[train] step=6002 loss=0.241743 lr=3.460e-06
[train] step=6003 loss=0.095449 lr=3.458e-06
[train] step=6004 loss=0.310860 lr=3.457e-06
[train] step=6005 loss=0.156739 lr=3.455e-06
[train] step=6006 loss=0.156424 lr=3.454e-06
[train] step=6007 loss=0.220174 lr=3.453e-06
[train] step=6008 loss=0.158707 lr=3.451e-06
[train] step=6009 loss=0.162416 lr=3.450e-06
[train] step=6010 loss=0.215785 lr=3.448e-06
[train] step=6011 loss=0.099924 lr=3.447e-06
[train] step=6012 loss=0.203856 lr=3.445e-06
[train] step=6013 loss=0.237948 lr=3.444e-06
[train] step=6014 loss=0.178057 lr=3.442e-06
[train] step=6015 loss=0.172032 lr=3.441e-06
[train] step=6016 loss=0.129647 lr=3.439e-06
[train] step=6017 loss=0.180744 lr=3.438e-06
[train] step=6018 loss=0.261361 lr=3.436e-06
[train] step=6019 loss=0.164664 lr=3.435e-06
[train] step=6020 loss=0.183118 lr=3.433e-06
[train] step=6021 loss=0.117996 lr=3.432e-06
[train] step=6022 loss=0.237278 lr=3.430e-06
[train] step=6023 loss=0.159883 lr=3.429e-06
[train] step=6024 loss=0.242957 lr=3.427e-06
[train] step=6025 loss=0.126936 lr=3.426e-06
[train] step=6026 loss=0.132527 lr=3.424e-06
[train] step=6027 loss=0.147061 lr=3.423e-06
[train] step=6028 loss=0.177359 lr=3.421e-06
[train] step=6029 loss=0.196570 lr=3.420e-06
[train] step=6030 loss=0.141647 lr=3.418e-06
[train] step=6031 loss=0.250777 lr=3.417e-06
[train] step=6032 loss=0.259712 lr=3.415e-06
[train] step=6033 loss=0.223759 lr=3.414e-06
[train] step=6034 loss=0.180372 lr=3.412e-06
[train] step=6035 loss=0.168954 lr=3.411e-06
[train] step=6036 loss=0.132183 lr=3.409e-06
[train] step=6037 loss=0.223926 lr=3.408e-06
[train] step=6038 loss=0.204521 lr=3.406e-06
[train] step=6039 loss=0.251406 lr=3.405e-06
[train] step=6040 loss=0.177240 lr=3.403e-06
[train] step=6041 loss=0.136678 lr=3.402e-06
[train] step=6042 loss=0.125385 lr=3.400e-06
[train] step=6043 loss=0.264034 lr=3.399e-06
[train] step=6044 loss=0.100801 lr=3.397e-06
[train] step=6045 loss=0.127295 lr=3.396e-06
[train] step=6046 loss=0.189220 lr=3.394e-06
[train] step=6047 loss=0.170991 lr=3.393e-06
[train] step=6048 loss=0.199858 lr=3.391e-06
[train] step=6049 loss=0.147652 lr=3.390e-06
[train] step=6050 loss=0.152127 lr=3.389e-06
[train] step=6051 loss=0.262858 lr=3.387e-06
[train] step=6052 loss=0.235744 lr=3.386e-06
[train] step=6053 loss=0.166696 lr=3.384e-06
[train] step=6054 loss=0.150639 lr=3.383e-06
[train] step=6055 loss=0.256270 lr=3.381e-06
[train] step=6056 loss=0.084122 lr=3.380e-06
[train] step=6057 loss=0.175908 lr=3.378e-06
[train] step=6058 loss=0.121336 lr=3.377e-06
[train] step=6059 loss=0.136442 lr=3.375e-06
[train] step=6060 loss=0.143140 lr=3.374e-06
[train] step=6061 loss=0.067247 lr=3.372e-06
[train] step=6062 loss=0.230022 lr=3.371e-06
[train] step=6063 loss=0.150385 lr=3.369e-06
[train] step=6064 loss=0.154977 lr=3.368e-06
[train] step=6065 loss=0.090550 lr=3.366e-06
[train] step=6066 loss=0.144582 lr=3.365e-06
[train] step=6067 loss=0.176924 lr=3.363e-06
[train] step=6068 loss=0.168096 lr=3.362e-06
[train] step=6069 loss=0.127834 lr=3.360e-06
[train] step=6070 loss=0.155859 lr=3.359e-06
[train] step=6071 loss=0.202700 lr=3.357e-06
[train] step=6072 loss=0.172220 lr=3.356e-06
[train] step=6073 loss=0.131187 lr=3.354e-06
[train] step=6074 loss=0.155449 lr=3.353e-06
[train] step=6075 loss=0.156497 lr=3.351e-06
[train] step=6076 loss=0.163292 lr=3.350e-06
[train] step=6077 loss=0.191412 lr=3.348e-06
[train] step=6078 loss=0.208407 lr=3.347e-06
[train] step=6079 loss=0.240940 lr=3.346e-06
[train] step=6080 loss=0.238591 lr=3.344e-06
[train] step=6081 loss=0.150411 lr=3.343e-06
[train] step=6082 loss=0.131693 lr=3.341e-06
[train] step=6083 loss=0.222503 lr=3.340e-06
[train] step=6084 loss=0.112583 lr=3.338e-06
[train] step=6085 loss=0.159594 lr=3.337e-06
[train] step=6086 loss=0.103447 lr=3.335e-06
[train] step=6087 loss=0.112830 lr=3.334e-06
[train] step=6088 loss=0.163544 lr=3.332e-06
[train] step=6089 loss=0.215969 lr=3.331e-06
[train] step=6090 loss=0.310879 lr=3.329e-06
[train] step=6091 loss=0.121221 lr=3.328e-06
[train] step=6092 loss=0.087830 lr=3.326e-06
[train] step=6093 loss=0.155421 lr=3.325e-06
[train] step=6094 loss=0.206794 lr=3.323e-06
[train] step=6095 loss=0.278207 lr=3.322e-06
[train] step=6096 loss=0.152441 lr=3.320e-06
[train] step=6097 loss=0.268081 lr=3.319e-06
[train] step=6098 loss=0.214400 lr=3.317e-06
[train] step=6099 loss=0.230104 lr=3.316e-06
[train] step=6100 loss=0.158259 lr=3.314e-06
[train] step=6101 loss=0.112332 lr=3.313e-06
[train] step=6102 loss=0.167788 lr=3.312e-06
[train] step=6103 loss=0.186957 lr=3.310e-06
[train] step=6104 loss=0.165081 lr=3.309e-06
[train] step=6105 loss=0.207179 lr=3.307e-06
[train] step=6106 loss=0.102339 lr=3.306e-06
[train] step=6107 loss=0.215012 lr=3.304e-06
[train] step=6108 loss=0.207409 lr=3.303e-06
[train] step=6109 loss=0.199105 lr=3.301e-06
[train] step=6110 loss=0.132901 lr=3.300e-06
[train] step=6111 loss=0.293321 lr=3.298e-06
[train] step=6112 loss=0.247483 lr=3.297e-06
[train] step=6113 loss=0.301095 lr=3.295e-06
[train] step=6114 loss=0.190768 lr=3.294e-06
[train] step=6115 loss=0.079571 lr=3.292e-06
[train] step=6116 loss=0.126377 lr=3.291e-06
[train] step=6117 loss=0.288217 lr=3.289e-06
[train] step=6118 loss=0.146445 lr=3.288e-06
[train] step=6119 loss=0.187410 lr=3.286e-06
[train] step=6120 loss=0.188867 lr=3.285e-06
INFO     [rank 0] Model weights for step 6120 saved in       dit_trainer.py:1085
         checkpoints/model_weights_step_06120.safetensors                       
INFO     [rank 0] Scalar embedding weights for step 6120     dit_trainer.py:1092
         saved                                                                  
INFO     [rank 0] Training state saved:                      dit_trainer.py:1123
         checkpoints/model_weights_step_06120.state.pt                          
DEBUG    [rank 0] Removed old checkpoint:                    dit_trainer.py:1136
         /hppfs/scratch/0D/go76fuz2/windinet/outputs/shockwa                    
         ve_dit_anchor_kl1e7/checkpoints/model_weights_step_                    
         05520.safetensors                                                      
DEBUG    [rank 0] Removed old checkpoint:                    dit_trainer.py:1136
         /hppfs/scratch/0D/go76fuz2/windinet/outputs/shockwa                    
         ve_dit_anchor_kl1e7/checkpoints/model_weights_step_                    
         05520.state.pt                                                         
DEBUG    [rank 0] Removed old checkpoint:                    dit_trainer.py:1136
         /hppfs/scratch/0D/go76fuz2/windinet/outputs/shockwa                    
         ve_dit_anchor_kl1e7/checkpoints/scalar_embedding_st                    
         ep_05520.safetensors                                                   
[epoch 51] step=6120 train_loss=0.179239
[train] step=6121 loss=0.314764 lr=3.284e-06
[train] step=6122 loss=0.217156 lr=3.282e-06
[train] step=6123 loss=0.214224 lr=3.281e-06
[train] step=6124 loss=0.166447 lr=3.279e-06
[train] step=6125 loss=0.538417 lr=3.278e-06
[train] step=6126 loss=0.137636 lr=3.276e-06
[train] step=6127 loss=0.149697 lr=3.275e-06
[train] step=6128 loss=0.089699 lr=3.273e-06
[train] step=6129 loss=0.211331 lr=3.272e-06
[train] step=6130 loss=0.225790 lr=3.270e-06
[train] step=6131 loss=0.127337 lr=3.269e-06
[train] step=6132 loss=0.206960 lr=3.267e-06
[train] step=6133 loss=0.262591 lr=3.266e-06
[train] step=6134 loss=0.145562 lr=3.264e-06
[train] step=6135 loss=0.194265 lr=3.263e-06
[train] step=6136 loss=0.124904 lr=3.261e-06
[train] step=6137 loss=0.174856 lr=3.260e-06
[train] step=6138 loss=0.250481 lr=3.258e-06
[train] step=6139 loss=0.189860 lr=3.257e-06
[train] step=6140 loss=0.227083 lr=3.256e-06
[train] step=6141 loss=0.168162 lr=3.254e-06
[train] step=6142 loss=0.129161 lr=3.253e-06
[train] step=6143 loss=0.205266 lr=3.251e-06
[train] step=6144 loss=0.184984 lr=3.250e-06
[train] step=6145 loss=0.302157 lr=3.248e-06
[train] step=6146 loss=0.151949 lr=3.247e-06
[train] step=6147 loss=0.078874 lr=3.245e-06
[train] step=6148 loss=0.232696 lr=3.244e-06
[train] step=6149 loss=0.263574 lr=3.242e-06
[train] step=6150 loss=0.195551 lr=3.241e-06
[train] step=6151 loss=0.221288 lr=3.239e-06
[train] step=6152 loss=0.231330 lr=3.238e-06
[train] step=6153 loss=0.299730 lr=3.236e-06
[train] step=6154 loss=0.145705 lr=3.235e-06
[train] step=6155 loss=0.067800 lr=3.234e-06
[train] step=6156 loss=0.263634 lr=3.232e-06
[train] step=6157 loss=0.214342 lr=3.231e-06
[train] step=6158 loss=0.187905 lr=3.229e-06
[train] step=6159 loss=0.106396 lr=3.228e-06
[train] step=6160 loss=0.163244 lr=3.226e-06
[train] step=6161 loss=0.138306 lr=3.225e-06
[train] step=6162 loss=0.238399 lr=3.223e-06
[train] step=6163 loss=0.091012 lr=3.222e-06
[train] step=6164 loss=0.223469 lr=3.220e-06
[train] step=6165 loss=0.172620 lr=3.219e-06
[train] step=6166 loss=0.127246 lr=3.217e-06
[train] step=6167 loss=0.197255 lr=3.216e-06
[train] step=6168 loss=0.153996 lr=3.214e-06
[train] step=6169 loss=0.188361 lr=3.213e-06
[train] step=6170 loss=0.153468 lr=3.212e-06
[train] step=6171 loss=0.152487 lr=3.210e-06
[train] step=6172 loss=0.222926 lr=3.209e-06
[train] step=6173 loss=0.190720 lr=3.207e-06
[train] step=6174 loss=0.301530 lr=3.206e-06
[train] step=6175 loss=0.184060 lr=3.204e-06
[train] step=6176 loss=0.124730 lr=3.203e-06
[train] step=6177 loss=0.155803 lr=3.201e-06
[train] step=6178 loss=0.074659 lr=3.200e-06
[train] step=6179 loss=0.375475 lr=3.198e-06
[train] step=6180 loss=0.222201 lr=3.197e-06
[train] step=6181 loss=0.207370 lr=3.195e-06
[train] step=6182 loss=0.326702 lr=3.194e-06
[train] step=6183 loss=0.115895 lr=3.193e-06
[train] step=6184 loss=0.115521 lr=3.191e-06
[train] step=6185 loss=0.219670 lr=3.190e-06
[train] step=6186 loss=0.245930 lr=3.188e-06
[train] step=6187 loss=0.212655 lr=3.187e-06
[train] step=6188 loss=0.196778 lr=3.185e-06
[train] step=6189 loss=0.180163 lr=3.184e-06
[train] step=6190 loss=0.246902 lr=3.182e-06
[train] step=6191 loss=0.237075 lr=3.181e-06
[train] step=6192 loss=0.140486 lr=3.179e-06
[train] step=6193 loss=0.153446 lr=3.178e-06
[train] step=6194 loss=0.186860 lr=3.176e-06
[train] step=6195 loss=0.248669 lr=3.175e-06
[train] step=6196 loss=0.191854 lr=3.174e-06
[train] step=6197 loss=0.219897 lr=3.172e-06
[train] step=6198 loss=0.138226 lr=3.171e-06
[train] step=6199 loss=0.195449 lr=3.169e-06
[train] step=6200 loss=0.188092 lr=3.168e-06
[train] step=6201 loss=0.113551 lr=3.166e-06
[train] step=6202 loss=0.195992 lr=3.165e-06
[train] step=6203 loss=0.210830 lr=3.163e-06
[train] step=6204 loss=0.107356 lr=3.162e-06
[train] step=6205 loss=0.172695 lr=3.160e-06
[train] step=6206 loss=0.219283 lr=3.159e-06
[train] step=6207 loss=0.199741 lr=3.157e-06
[train] step=6208 loss=0.110701 lr=3.156e-06
[train] step=6209 loss=0.193343 lr=3.155e-06
[train] step=6210 loss=0.235597 lr=3.153e-06
[train] step=6211 loss=0.245292 lr=3.152e-06
[train] step=6212 loss=0.194611 lr=3.150e-06
[train] step=6213 loss=0.227992 lr=3.149e-06
[train] step=6214 loss=0.161242 lr=3.147e-06
[train] step=6215 loss=0.531020 lr=3.146e-06
[train] step=6216 loss=0.186370 lr=3.144e-06
[train] step=6217 loss=0.158770 lr=3.143e-06
[train] step=6218 loss=0.219249 lr=3.141e-06
[train] step=6219 loss=0.357884 lr=3.140e-06
[train] step=6220 loss=0.214850 lr=3.139e-06
[train] step=6221 loss=0.294006 lr=3.137e-06
[train] step=6222 loss=0.097665 lr=3.136e-06
[train] step=6223 loss=0.189052 lr=3.134e-06
[train] step=6224 loss=0.210408 lr=3.133e-06
[train] step=6225 loss=0.198476 lr=3.131e-06
[train] step=6226 loss=0.198471 lr=3.130e-06
[train] step=6227 loss=0.148010 lr=3.128e-06
[train] step=6228 loss=0.103157 lr=3.127e-06
[train] step=6229 loss=0.190640 lr=3.125e-06
[train] step=6230 loss=0.182641 lr=3.124e-06
[train] step=6231 loss=0.297873 lr=3.123e-06
[train] step=6232 loss=0.193292 lr=3.121e-06
[train] step=6233 loss=0.217448 lr=3.120e-06
[train] step=6234 loss=0.169839 lr=3.118e-06
[train] step=6235 loss=0.377356 lr=3.117e-06
[train] step=6236 loss=0.141360 lr=3.115e-06
[train] step=6237 loss=0.277446 lr=3.114e-06
[train] step=6238 loss=0.198800 lr=3.112e-06
[train] step=6239 loss=0.221652 lr=3.111e-06
[train] step=6240 loss=0.304040 lr=3.109e-06
INFO     [rank 0] Model weights for step 6240 saved in       dit_trainer.py:1085
         checkpoints/model_weights_step_06240.safetensors                       
INFO     [rank 0] Scalar embedding weights for step 6240     dit_trainer.py:1092
         saved                                                                  
INFO     [rank 0] Training state saved:                      dit_trainer.py:1123
         checkpoints/model_weights_step_06240.state.pt                          
DEBUG    [rank 0] Removed old checkpoint:                    dit_trainer.py:1136
         /hppfs/scratch/0D/go76fuz2/windinet/outputs/shockwa                    
         ve_dit_anchor_kl1e7/checkpoints/model_weights_step_                    
         05640.safetensors                                                      
DEBUG    [rank 0] Removed old checkpoint:                    dit_trainer.py:1136
         /hppfs/scratch/0D/go76fuz2/windinet/outputs/shockwa                    
         ve_dit_anchor_kl1e7/checkpoints/model_weights_step_                    
         05640.state.pt                                                         
DEBUG    [rank 0] Removed old checkpoint:                    dit_trainer.py:1136
         /hppfs/scratch/0D/go76fuz2/windinet/outputs/shockwa                    
         ve_dit_anchor_kl1e7/checkpoints/scalar_embedding_st                    
         ep_05640.safetensors                                                   
[epoch 52] step=6240 train_loss=0.199933
[train] step=6241 loss=0.139643 lr=3.108e-06
[train] step=6242 loss=0.167431 lr=3.107e-06
[train] step=6243 loss=0.139018 lr=3.105e-06
[train] step=6244 loss=0.233001 lr=3.104e-06
[train] step=6245 loss=0.138282 lr=3.102e-06
[train] step=6246 loss=0.099237 lr=3.101e-06
[train] step=6247 loss=0.326003 lr=3.099e-06
[train] step=6248 loss=0.209246 lr=3.098e-06
[train] step=6249 loss=0.285503 lr=3.096e-06
[train] step=6250 loss=0.226963 lr=3.095e-06
[train] step=6251 loss=0.126803 lr=3.093e-06
[train] step=6252 loss=0.171826 lr=3.092e-06
[train] step=6253 loss=0.123571 lr=3.091e-06
[train] step=6254 loss=0.116940 lr=3.089e-06
[train] step=6255 loss=0.162259 lr=3.088e-06
[train] step=6256 loss=0.449478 lr=3.086e-06
[train] step=6257 loss=0.277614 lr=3.085e-06
[train] step=6258 loss=0.163269 lr=3.083e-06
[train] step=6259 loss=0.202008 lr=3.082e-06
[train] step=6260 loss=0.094061 lr=3.080e-06
[train] step=6261 loss=0.104200 lr=3.079e-06
[train] step=6262 loss=0.165232 lr=3.078e-06
[train] step=6263 loss=0.162024 lr=3.076e-06
[train] step=6264 loss=0.187307 lr=3.075e-06
[train] step=6265 loss=0.136839 lr=3.073e-06
[train] step=6266 loss=0.203253 lr=3.072e-06
[train] step=6267 loss=0.236607 lr=3.070e-06
[train] step=6268 loss=0.161607 lr=3.069e-06
[train] step=6269 loss=0.170297 lr=3.067e-06
[train] step=6270 loss=0.201401 lr=3.066e-06
[train] step=6271 loss=0.130821 lr=3.065e-06
[train] step=6272 loss=0.312535 lr=3.063e-06
[train] step=6273 loss=0.155269 lr=3.062e-06
[train] step=6274 loss=0.101732 lr=3.060e-06
[train] step=6275 loss=0.184740 lr=3.059e-06
[train] step=6276 loss=0.145349 lr=3.057e-06
[train] step=6277 loss=0.222165 lr=3.056e-06
[train] step=6278 loss=0.290729 lr=3.054e-06
[train] step=6279 loss=0.401601 lr=3.053e-06
[train] step=6280 loss=0.185589 lr=3.052e-06
[train] step=6281 loss=0.167034 lr=3.050e-06
[train] step=6282 loss=0.095882 lr=3.049e-06
[train] step=6283 loss=0.156220 lr=3.047e-06
[train] step=6284 loss=0.234964 lr=3.046e-06
[train] step=6285 loss=0.243164 lr=3.044e-06
[train] step=6286 loss=0.188080 lr=3.043e-06
[train] step=6287 loss=0.114659 lr=3.041e-06
[train] step=6288 loss=0.200280 lr=3.040e-06
[train] step=6289 loss=0.139293 lr=3.039e-06
[train] step=6290 loss=0.174543 lr=3.037e-06
[train] step=6291 loss=0.163819 lr=3.036e-06
[train] step=6292 loss=0.154112 lr=3.034e-06
[train] step=6293 loss=0.223265 lr=3.033e-06
[train] step=6294 loss=0.184358 lr=3.031e-06
[train] step=6295 loss=0.289563 lr=3.030e-06
[train] step=6296 loss=0.110037 lr=3.028e-06
[train] step=6297 loss=0.330262 lr=3.027e-06
[train] step=6298 loss=0.192208 lr=3.026e-06
[train] step=6299 loss=0.232442 lr=3.024e-06
[train] step=6300 loss=0.173769 lr=3.023e-06
[train] step=6301 loss=0.138539 lr=3.021e-06
[train] step=6302 loss=0.351511 lr=3.020e-06
[train] step=6303 loss=0.163049 lr=3.018e-06
[train] step=6304 loss=0.145245 lr=3.017e-06
[train] step=6305 loss=0.185315 lr=3.015e-06
[train] step=6306 loss=0.124865 lr=3.014e-06
[train] step=6307 loss=0.090416 lr=3.013e-06
[train] step=6308 loss=0.161145 lr=3.011e-06
[train] step=6309 loss=0.140016 lr=3.010e-06
[train] step=6310 loss=0.285427 lr=3.008e-06
[train] step=6311 loss=0.263742 lr=3.007e-06
[train] step=6312 loss=0.191730 lr=3.005e-06
[train] step=6313 loss=0.219164 lr=3.004e-06
[train] step=6314 loss=0.173354 lr=3.003e-06
[train] step=6315 loss=0.153646 lr=3.001e-06
[train] step=6316 loss=0.241667 lr=3.000e-06
[train] step=6317 loss=0.144840 lr=2.998e-06
[train] step=6318 loss=0.209547 lr=2.997e-06
[train] step=6319 loss=0.145982 lr=2.995e-06
[train] step=6320 loss=0.134809 lr=2.994e-06
[train] step=6321 loss=0.095302 lr=2.992e-06
[train] step=6322 loss=0.112370 lr=2.991e-06
[train] step=6323 loss=0.127538 lr=2.990e-06
[train] step=6324 loss=0.265342 lr=2.988e-06
[train] step=6325 loss=0.385706 lr=2.987e-06
[train] step=6326 loss=0.134823 lr=2.985e-06
[train] step=6327 loss=0.151072 lr=2.984e-06
[train] step=6328 loss=0.233574 lr=2.982e-06
[train] step=6329 loss=0.179809 lr=2.981e-06
[train] step=6330 loss=0.233858 lr=2.980e-06
[train] step=6331 loss=0.102113 lr=2.978e-06
[train] step=6332 loss=0.188602 lr=2.977e-06
[train] step=6333 loss=0.143863 lr=2.975e-06
[train] step=6334 loss=0.205902 lr=2.974e-06
[train] step=6335 loss=0.283663 lr=2.972e-06
[train] step=6336 loss=0.245131 lr=2.971e-06
[train] step=6337 loss=0.233890 lr=2.970e-06
[train] step=6338 loss=0.154831 lr=2.968e-06
[train] step=6339 loss=0.243012 lr=2.967e-06
[train] step=6340 loss=0.207510 lr=2.965e-06
[train] step=6341 loss=0.146243 lr=2.964e-06
[train] step=6342 loss=0.175460 lr=2.962e-06
[train] step=6343 loss=0.181497 lr=2.961e-06
[train] step=6344 loss=0.239970 lr=2.960e-06
[train] step=6345 loss=0.186953 lr=2.958e-06
[train] step=6346 loss=0.239019 lr=2.957e-06
[train] step=6347 loss=0.131826 lr=2.955e-06
[train] step=6348 loss=0.143071 lr=2.954e-06
[train] step=6349 loss=0.146564 lr=2.952e-06
[train] step=6350 loss=0.126229 lr=2.951e-06
[train] step=6351 loss=0.168362 lr=2.949e-06
[train] step=6352 loss=0.152896 lr=2.948e-06
[train] step=6353 loss=0.161326 lr=2.947e-06
[train] step=6354 loss=0.313752 lr=2.945e-06
[train] step=6355 loss=0.257362 lr=2.944e-06
[train] step=6356 loss=0.102072 lr=2.942e-06
[train] step=6357 loss=0.247308 lr=2.941e-06
[train] step=6358 loss=0.165063 lr=2.939e-06
[train] step=6359 loss=0.117347 lr=2.938e-06
[train] step=6360 loss=0.329396 lr=2.937e-06
INFO     [rank 0] Model weights for step 6360 saved in       dit_trainer.py:1085
         checkpoints/model_weights_step_06360.safetensors                       
INFO     [rank 0] Scalar embedding weights for step 6360     dit_trainer.py:1092
         saved                                                                  
INFO     [rank 0] Training state saved:                      dit_trainer.py:1123
         checkpoints/model_weights_step_06360.state.pt                          
DEBUG    [rank 0] Removed old checkpoint:                    dit_trainer.py:1136
         /hppfs/scratch/0D/go76fuz2/windinet/outputs/shockwa                    
         ve_dit_anchor_kl1e7/checkpoints/model_weights_step_                    
         05760.safetensors                                                      
DEBUG    [rank 0] Removed old checkpoint:                    dit_trainer.py:1136
         /hppfs/scratch/0D/go76fuz2/windinet/outputs/shockwa                    
         ve_dit_anchor_kl1e7/checkpoints/model_weights_step_                    
         05760.state.pt                                                         
DEBUG    [rank 0] Removed old checkpoint:                    dit_trainer.py:1136
         /hppfs/scratch/0D/go76fuz2/windinet/outputs/shockwa                    
         ve_dit_anchor_kl1e7/checkpoints/scalar_embedding_st                    
         ep_05760.safetensors                                                   
[epoch 53] step=6360 train_loss=0.189814
[train] step=6361 loss=0.125626 lr=2.935e-06
[train] step=6362 loss=0.200683 lr=2.934e-06
[train] step=6363 loss=0.172429 lr=2.932e-06
[train] step=6364 loss=0.201077 lr=2.931e-06
[train] step=6365 loss=0.234489 lr=2.929e-06
[train] step=6366 loss=0.251762 lr=2.928e-06
[train] step=6367 loss=0.236461 lr=2.927e-06
[train] step=6368 loss=0.334768 lr=2.925e-06
[train] step=6369 loss=0.157295 lr=2.924e-06
[train] step=6370 loss=0.151660 lr=2.922e-06
[train] step=6371 loss=0.119029 lr=2.921e-06
[train] step=6372 loss=0.169522 lr=2.919e-06
[train] step=6373 loss=0.129204 lr=2.918e-06
[train] step=6374 loss=0.200642 lr=2.917e-06
[train] step=6375 loss=0.211249 lr=2.915e-06
[train] step=6376 loss=0.180367 lr=2.914e-06
[train] step=6377 loss=0.103287 lr=2.912e-06
[train] step=6378 loss=0.292782 lr=2.911e-06
[train] step=6379 loss=0.155613 lr=2.910e-06
[train] step=6380 loss=0.221912 lr=2.908e-06
[train] step=6381 loss=0.251615 lr=2.907e-06
[train] step=6382 loss=0.227901 lr=2.905e-06
[train] step=6383 loss=0.266829 lr=2.904e-06
[train] step=6384 loss=0.161589 lr=2.902e-06
[train] step=6385 loss=0.124707 lr=2.901e-06
[train] step=6386 loss=0.223072 lr=2.900e-06
[train] step=6387 loss=0.170367 lr=2.898e-06
[train] step=6388 loss=0.218443 lr=2.897e-06
[train] step=6389 loss=0.175679 lr=2.895e-06
[train] step=6390 loss=0.178199 lr=2.894e-06
[train] step=6391 loss=0.178952 lr=2.892e-06
[train] step=6392 loss=0.186092 lr=2.891e-06
[train] step=6393 loss=0.214849 lr=2.890e-06
[train] step=6394 loss=0.142353 lr=2.888e-06
[train] step=6395 loss=0.279834 lr=2.887e-06
[train] step=6396 loss=0.110830 lr=2.885e-06
[train] step=6397 loss=0.332493 lr=2.884e-06
[train] step=6398 loss=0.154452 lr=2.882e-06
[train] step=6399 loss=0.122903 lr=2.881e-06
[train] step=6400 loss=0.091929 lr=2.880e-06
[train] step=6401 loss=0.206208 lr=2.878e-06
[train] step=6402 loss=0.120566 lr=2.877e-06
[train] step=6403 loss=0.196497 lr=2.875e-06
[train] step=6404 loss=0.183641 lr=2.874e-06
[train] step=6405 loss=0.073969 lr=2.873e-06
[train] step=6406 loss=0.275579 lr=2.871e-06
[train] step=6407 loss=0.220009 lr=2.870e-06
[train] step=6408 loss=0.198562 lr=2.868e-06
[train] step=6409 loss=0.179981 lr=2.867e-06
[train] step=6410 loss=0.187512 lr=2.865e-06
[train] step=6411 loss=0.238932 lr=2.864e-06
[train] step=6412 loss=0.111329 lr=2.863e-06
[train] step=6413 loss=0.201001 lr=2.861e-06
[train] step=6414 loss=0.229974 lr=2.860e-06
[train] step=6415 loss=0.224704 lr=2.858e-06
[train] step=6416 loss=0.199794 lr=2.857e-06
[train] step=6417 loss=0.094609 lr=2.856e-06
[train] step=6418 loss=0.201848 lr=2.854e-06
[train] step=6419 loss=0.220082 lr=2.853e-06
[train] step=6420 loss=0.227106 lr=2.851e-06
[train] step=6421 loss=0.164855 lr=2.850e-06
[train] step=6422 loss=0.170961 lr=2.848e-06
[train] step=6423 loss=0.160728 lr=2.847e-06
[train] step=6424 loss=0.165613 lr=2.846e-06
[train] step=6425 loss=0.175016 lr=2.844e-06
[train] step=6426 loss=0.209341 lr=2.843e-06
[train] step=6427 loss=0.216349 lr=2.841e-06
[train] step=6428 loss=0.174565 lr=2.840e-06
[train] step=6429 loss=0.150000 lr=2.839e-06
[train] step=6430 loss=0.217255 lr=2.837e-06
[train] step=6431 loss=0.124875 lr=2.836e-06
[train] step=6432 loss=0.249443 lr=2.834e-06
[train] step=6433 loss=0.204909 lr=2.833e-06
[train] step=6434 loss=0.173011 lr=2.831e-06
[train] step=6435 loss=0.117055 lr=2.830e-06
[train] step=6436 loss=0.145491 lr=2.829e-06
[train] step=6437 loss=0.160670 lr=2.827e-06
[train] step=6438 loss=0.150625 lr=2.826e-06
[train] step=6439 loss=0.317954 lr=2.824e-06
[train] step=6440 loss=0.105847 lr=2.823e-06
[train] step=6441 loss=0.264981 lr=2.822e-06
[train] step=6442 loss=0.267976 lr=2.820e-06
[train] step=6443 loss=0.242283 lr=2.819e-06
[train] step=6444 loss=0.144384 lr=2.817e-06
[train] step=6445 loss=0.090473 lr=2.816e-06
[train] step=6446 loss=0.205579 lr=2.815e-06
[train] step=6447 loss=0.215758 lr=2.813e-06
[train] step=6448 loss=0.213802 lr=2.812e-06
[train] step=6449 loss=0.105172 lr=2.810e-06
[train] step=6450 loss=0.165139 lr=2.809e-06
[train] step=6451 loss=0.154816 lr=2.808e-06
[train] step=6452 loss=0.207152 lr=2.806e-06
[train] step=6453 loss=0.148288 lr=2.805e-06
[train] step=6454 loss=0.096557 lr=2.803e-06
[train] step=6455 loss=0.166361 lr=2.802e-06
[train] step=6456 loss=0.103146 lr=2.800e-06
[train] step=6457 loss=0.180142 lr=2.799e-06
[train] step=6458 loss=0.131320 lr=2.798e-06
[train] step=6459 loss=0.545437 lr=2.796e-06
[train] step=6460 loss=0.264996 lr=2.795e-06
[train] step=6461 loss=0.125373 lr=2.793e-06
[train] step=6462 loss=0.143682 lr=2.792e-06
[train] step=6463 loss=0.254862 lr=2.791e-06
[train] step=6464 loss=0.138746 lr=2.789e-06
[train] step=6465 loss=0.243107 lr=2.788e-06
[train] step=6466 loss=0.097625 lr=2.786e-06
[train] step=6467 loss=0.084694 lr=2.785e-06
[train] step=6468 loss=0.146799 lr=2.784e-06
[train] step=6469 loss=0.195283 lr=2.782e-06
[train] step=6470 loss=0.122234 lr=2.781e-06
[train] step=6471 loss=0.236109 lr=2.779e-06
[train] step=6472 loss=0.276692 lr=2.778e-06
[train] step=6473 loss=0.200810 lr=2.777e-06
[train] step=6474 loss=0.233028 lr=2.775e-06
[train] step=6475 loss=0.233389 lr=2.774e-06
[train] step=6476 loss=0.213369 lr=2.772e-06
[train] step=6477 loss=0.186592 lr=2.771e-06
[train] step=6478 loss=0.203717 lr=2.770e-06
[train] step=6479 loss=0.141100 lr=2.768e-06
[train] step=6480 loss=0.218085 lr=2.767e-06
INFO     [rank 0] Model weights for step 6480 saved in       dit_trainer.py:1085
         checkpoints/model_weights_step_06480.safetensors                       
INFO     [rank 0] Scalar embedding weights for step 6480     dit_trainer.py:1092
         saved                                                                  
INFO     [rank 0] Training state saved:                      dit_trainer.py:1123
         checkpoints/model_weights_step_06480.state.pt                          
DEBUG    [rank 0] Removed old checkpoint:                    dit_trainer.py:1136
         /hppfs/scratch/0D/go76fuz2/windinet/outputs/shockwa                    
         ve_dit_anchor_kl1e7/checkpoints/model_weights_step_                    
         05880.safetensors                                                      
DEBUG    [rank 0] Removed old checkpoint:                    dit_trainer.py:1136
         /hppfs/scratch/0D/go76fuz2/windinet/outputs/shockwa                    
         ve_dit_anchor_kl1e7/checkpoints/model_weights_step_                    
         05880.state.pt                                                         
DEBUG    [rank 0] Removed old checkpoint:                    dit_trainer.py:1136
         /hppfs/scratch/0D/go76fuz2/windinet/outputs/shockwa                    
         ve_dit_anchor_kl1e7/checkpoints/scalar_embedding_st                    
         ep_05880.safetensors                                                   
[epoch 54] step=6480 train_loss=0.189415
[train] step=6481 loss=0.212073 lr=2.765e-06
[train] step=6482 loss=0.160859 lr=2.764e-06
[train] step=6483 loss=0.272507 lr=2.763e-06
[train] step=6484 loss=0.230134 lr=2.761e-06
[train] step=6485 loss=0.154336 lr=2.760e-06
[train] step=6486 loss=0.247009 lr=2.758e-06
[train] step=6487 loss=0.181289 lr=2.757e-06
[train] step=6488 loss=0.195086 lr=2.756e-06
[train] step=6489 loss=0.144607 lr=2.754e-06
[train] step=6490 loss=0.174413 lr=2.753e-06
[train] step=6491 loss=0.106745 lr=2.751e-06
[train] step=6492 loss=0.139415 lr=2.750e-06
[train] step=6493 loss=0.204923 lr=2.749e-06
[train] step=6494 loss=0.195673 lr=2.747e-06
[train] step=6495 loss=0.237077 lr=2.746e-06
[train] step=6496 loss=0.201980 lr=2.744e-06
[train] step=6497 loss=0.238972 lr=2.743e-06
[train] step=6498 loss=0.177504 lr=2.742e-06
[train] step=6499 loss=0.180045 lr=2.740e-06
[train] step=6500 loss=0.173700 lr=2.739e-06
[train] step=6501 loss=0.151823 lr=2.737e-06
[train] step=6502 loss=0.167931 lr=2.736e-06
[train] step=6503 loss=0.221140 lr=2.735e-06
[train] step=6504 loss=0.160089 lr=2.733e-06
[train] step=6505 loss=0.096302 lr=2.732e-06
[train] step=6506 loss=0.183313 lr=2.730e-06
[train] step=6507 loss=0.239529 lr=2.729e-06
[train] step=6508 loss=0.208059 lr=2.728e-06
[train] step=6509 loss=0.219470 lr=2.726e-06
[train] step=6510 loss=0.186831 lr=2.725e-06
[train] step=6511 loss=0.208953 lr=2.723e-06
[train] step=6512 loss=0.149182 lr=2.722e-06
[train] step=6513 loss=0.150512 lr=2.721e-06
[train] step=6514 loss=0.183235 lr=2.719e-06
[train] step=6515 loss=0.142170 lr=2.718e-06
[train] step=6516 loss=0.156909 lr=2.716e-06
[train] step=6517 loss=0.149139 lr=2.715e-06
[train] step=6518 loss=0.152114 lr=2.714e-06
[train] step=6519 loss=0.091499 lr=2.712e-06
[train] step=6520 loss=0.263029 lr=2.711e-06
[train] step=6521 loss=0.141709 lr=2.709e-06
[train] step=6522 loss=0.234789 lr=2.708e-06
[train] step=6523 loss=0.187778 lr=2.707e-06
[train] step=6524 loss=0.350217 lr=2.705e-06
[train] step=6525 loss=0.123752 lr=2.704e-06
[train] step=6526 loss=0.311975 lr=2.702e-06
[train] step=6527 loss=0.154521 lr=2.701e-06
[train] step=6528 loss=0.142382 lr=2.700e-06
[train] step=6529 loss=0.199439 lr=2.698e-06
[train] step=6530 loss=0.123282 lr=2.697e-06
[train] step=6531 loss=0.178128 lr=2.695e-06
[train] step=6532 loss=0.130643 lr=2.694e-06
[train] step=6533 loss=0.169370 lr=2.693e-06
[train] step=6534 loss=0.167294 lr=2.691e-06
[train] step=6535 loss=0.131562 lr=2.690e-06
[train] step=6536 loss=0.118049 lr=2.689e-06
[train] step=6537 loss=0.165120 lr=2.687e-06
[train] step=6538 loss=0.118297 lr=2.686e-06
[train] step=6539 loss=0.171365 lr=2.684e-06
[train] step=6540 loss=0.259025 lr=2.683e-06
[train] step=6541 loss=0.190390 lr=2.682e-06
[train] step=6542 loss=0.196292 lr=2.680e-06
[train] step=6543 loss=0.210407 lr=2.679e-06
[train] step=6544 loss=0.194644 lr=2.677e-06
[train] step=6545 loss=0.205753 lr=2.676e-06
[train] step=6546 loss=0.172484 lr=2.675e-06
[train] step=6547 loss=0.122571 lr=2.673e-06
[train] step=6548 loss=0.156780 lr=2.672e-06
[train] step=6549 loss=0.218330 lr=2.670e-06
[train] step=6550 loss=0.194982 lr=2.669e-06
[train] step=6551 loss=0.117606 lr=2.668e-06
[train] step=6552 loss=0.232445 lr=2.666e-06
[train] step=6553 loss=0.190505 lr=2.665e-06
[train] step=6554 loss=0.167883 lr=2.664e-06
[train] step=6555 loss=0.201023 lr=2.662e-06
[train] step=6556 loss=0.151497 lr=2.661e-06
[train] step=6557 loss=0.162382 lr=2.659e-06
[train] step=6558 loss=0.129117 lr=2.658e-06
[train] step=6559 loss=0.174509 lr=2.657e-06
[train] step=6560 loss=0.179909 lr=2.655e-06
[train] step=6561 loss=0.216852 lr=2.654e-06
[train] step=6562 loss=0.184957 lr=2.652e-06
[train] step=6563 loss=0.115247 lr=2.651e-06
[train] step=6564 loss=0.153863 lr=2.650e-06
[train] step=6565 loss=0.165915 lr=2.648e-06
[train] step=6566 loss=0.120605 lr=2.647e-06
[train] step=6567 loss=0.230241 lr=2.646e-06
[train] step=6568 loss=0.078662 lr=2.644e-06
[train] step=6569 loss=0.181451 lr=2.643e-06
[train] step=6570 loss=0.219222 lr=2.641e-06
[train] step=6571 loss=0.289427 lr=2.640e-06
[train] step=6572 loss=0.153621 lr=2.639e-06
[train] step=6573 loss=0.199646 lr=2.637e-06
[train] step=6574 loss=0.210174 lr=2.636e-06
[train] step=6575 loss=0.181300 lr=2.634e-06
[train] step=6576 loss=0.154038 lr=2.633e-06
[train] step=6577 loss=0.246506 lr=2.632e-06
[train] step=6578 loss=0.323408 lr=2.630e-06
[train] step=6579 loss=0.335675 lr=2.629e-06
[train] step=6580 loss=0.147210 lr=2.628e-06
[train] step=6581 loss=0.223980 lr=2.626e-06
[train] step=6582 loss=0.225334 lr=2.625e-06
[train] step=6583 loss=0.129329 lr=2.623e-06
[train] step=6584 loss=0.193315 lr=2.622e-06
[train] step=6585 loss=0.182559 lr=2.621e-06
[train] step=6586 loss=0.239713 lr=2.619e-06
[train] step=6587 loss=0.173460 lr=2.618e-06
[train] step=6588 loss=0.162432 lr=2.617e-06
[train] step=6589 loss=0.147631 lr=2.615e-06
[train] step=6590 loss=0.164933 lr=2.614e-06
[train] step=6591 loss=0.106760 lr=2.612e-06
[train] step=6592 loss=0.197448 lr=2.611e-06
[train] step=6593 loss=0.260654 lr=2.610e-06
[train] step=6594 loss=0.237945 lr=2.608e-06
[train] step=6595 loss=0.179903 lr=2.607e-06
[train] step=6596 loss=0.120457 lr=2.606e-06
[train] step=6597 loss=0.122731 lr=2.604e-06
[train] step=6598 loss=0.145885 lr=2.603e-06
[train] step=6599 loss=0.153257 lr=2.601e-06
[train] step=6600 loss=0.152835 lr=2.600e-06
[val] step=6600 val_loss=0.194969
INFO     [rank 0] Model weights for step 6600 saved in       dit_trainer.py:1085
         checkpoints/model_weights_step_06600.safetensors                       
INFO     [rank 0] Scalar embedding weights for step 6600     dit_trainer.py:1092
         saved                                                                  
INFO     [rank 0] Training state saved:                      dit_trainer.py:1123
         checkpoints/model_weights_step_06600.state.pt                          
DEBUG    [rank 0] Removed old checkpoint:                    dit_trainer.py:1136
         /hppfs/scratch/0D/go76fuz2/windinet/outputs/shockwa                    
         ve_dit_anchor_kl1e7/checkpoints/model_weights_step_                    
         06000.safetensors                                                      
DEBUG    [rank 0] Removed old checkpoint:                    dit_trainer.py:1136
         /hppfs/scratch/0D/go76fuz2/windinet/outputs/shockwa                    
         ve_dit_anchor_kl1e7/checkpoints/model_weights_step_                    
         06000.state.pt                                                         
DEBUG    [rank 0] Removed old checkpoint:                    dit_trainer.py:1136
         /hppfs/scratch/0D/go76fuz2/windinet/outputs/shockwa                    
         ve_dit_anchor_kl1e7/checkpoints/scalar_embedding_st                    
         ep_06000.safetensors                                                   
[epoch 55] step=6600 train_loss=0.182930 val_loss=0.194969
[train] step=6601 loss=0.304194 lr=2.599e-06
[train] step=6602 loss=0.156900 lr=2.597e-06
[train] step=6603 loss=0.180533 lr=2.596e-06
[train] step=6604 loss=0.167895 lr=2.595e-06
[train] step=6605 loss=0.097416 lr=2.593e-06
[train] step=6606 loss=0.097550 lr=2.592e-06
[train] step=6607 loss=0.135970 lr=2.590e-06
[train] step=6608 loss=0.209047 lr=2.589e-06
[train] step=6609 loss=0.158917 lr=2.588e-06
[train] step=6610 loss=0.188677 lr=2.586e-06
[train] step=6611 loss=0.194995 lr=2.585e-06
[train] step=6612 loss=0.311506 lr=2.584e-06
[train] step=6613 loss=0.385249 lr=2.582e-06
[train] step=6614 loss=0.210218 lr=2.581e-06
[train] step=6615 loss=0.240816 lr=2.579e-06
[train] step=6616 loss=0.228873 lr=2.578e-06
[train] step=6617 loss=0.129294 lr=2.577e-06
[train] step=6618 loss=0.228053 lr=2.575e-06
[train] step=6619 loss=0.233307 lr=2.574e-06
[train] step=6620 loss=0.198575 lr=2.573e-06
[train] step=6621 loss=0.277668 lr=2.571e-06
[train] step=6622 loss=0.144743 lr=2.570e-06
[train] step=6623 loss=0.185425 lr=2.568e-06
[train] step=6624 loss=0.206191 lr=2.567e-06
[train] step=6625 loss=0.163505 lr=2.566e-06
[train] step=6626 loss=0.204528 lr=2.564e-06
[train] step=6627 loss=0.148705 lr=2.563e-06
[train] step=6628 loss=0.237079 lr=2.562e-06
[train] step=6629 loss=0.249088 lr=2.560e-06
[train] step=6630 loss=0.169070 lr=2.559e-06
[train] step=6631 loss=0.112423 lr=2.557e-06
[train] step=6632 loss=0.174692 lr=2.556e-06
[train] step=6633 loss=0.168740 lr=2.555e-06
[train] step=6634 loss=0.186940 lr=2.553e-06
[train] step=6635 loss=0.120416 lr=2.552e-06
[train] step=6636 loss=0.219737 lr=2.551e-06
[train] step=6637 loss=0.167991 lr=2.549e-06
[train] step=6638 loss=0.257542 lr=2.548e-06
[train] step=6639 loss=0.294891 lr=2.547e-06
[train] step=6640 loss=0.336812 lr=2.545e-06
[train] step=6641 loss=0.222328 lr=2.544e-06
[train] step=6642 loss=0.350673 lr=2.542e-06
[train] step=6643 loss=0.219395 lr=2.541e-06
[train] step=6644 loss=0.186890 lr=2.540e-06
[train] step=6645 loss=0.106040 lr=2.538e-06
[train] step=6646 loss=0.216305 lr=2.537e-06
[train] step=6647 loss=0.194575 lr=2.536e-06
[train] step=6648 loss=0.168516 lr=2.534e-06
[train] step=6649 loss=0.211472 lr=2.533e-06
[train] step=6650 loss=0.255369 lr=2.532e-06
[train] step=6651 loss=0.189303 lr=2.530e-06
[train] step=6652 loss=0.145575 lr=2.529e-06
[train] step=6653 loss=0.205412 lr=2.527e-06
[train] step=6654 loss=0.193942 lr=2.526e-06
[train] step=6655 loss=0.106411 lr=2.525e-06
[train] step=6656 loss=0.199334 lr=2.523e-06
[train] step=6657 loss=0.242060 lr=2.522e-06
[train] step=6658 loss=0.221889 lr=2.521e-06
[train] step=6659 loss=0.234271 lr=2.519e-06
[train] step=6660 loss=0.152611 lr=2.518e-06
[train] step=6661 loss=0.165156 lr=2.517e-06
[train] step=6662 loss=0.196168 lr=2.515e-06
[train] step=6663 loss=0.123746 lr=2.514e-06
[train] step=6664 loss=0.096961 lr=2.512e-06
[train] step=6665 loss=0.165702 lr=2.511e-06
[train] step=6666 loss=0.122938 lr=2.510e-06
[train] step=6667 loss=0.184768 lr=2.508e-06
[train] step=6668 loss=0.170153 lr=2.507e-06
[train] step=6669 loss=0.236157 lr=2.506e-06
[train] step=6670 loss=0.220710 lr=2.504e-06
[train] step=6671 loss=0.157990 lr=2.503e-06
[train] step=6672 loss=0.132731 lr=2.502e-06
[train] step=6673 loss=0.325716 lr=2.500e-06
[train] step=6674 loss=0.243511 lr=2.499e-06
[train] step=6675 loss=0.149897 lr=2.498e-06
[train] step=6676 loss=0.109943 lr=2.496e-06
[train] step=6677 loss=0.144612 lr=2.495e-06
[train] step=6678 loss=0.159871 lr=2.493e-06
[train] step=6679 loss=0.195195 lr=2.492e-06
[train] step=6680 loss=0.127638 lr=2.491e-06
[train] step=6681 loss=0.201142 lr=2.489e-06
[train] step=6682 loss=0.193268 lr=2.488e-06
[train] step=6683 loss=0.188622 lr=2.487e-06
[train] step=6684 loss=0.208818 lr=2.485e-06
[train] step=6685 loss=0.285842 lr=2.484e-06
[train] step=6686 loss=0.196626 lr=2.483e-06
[train] step=6687 loss=0.193127 lr=2.481e-06
[train] step=6688 loss=0.330097 lr=2.480e-06
[train] step=6689 loss=0.152587 lr=2.479e-06
[train] step=6690 loss=0.176240 lr=2.477e-06
[train] step=6691 loss=0.238909 lr=2.476e-06
[train] step=6692 loss=0.195255 lr=2.475e-06
[train] step=6693 loss=0.172285 lr=2.473e-06
[train] step=6694 loss=0.136918 lr=2.472e-06
[train] step=6695 loss=0.251103 lr=2.470e-06
[train] step=6696 loss=0.167595 lr=2.469e-06
[train] step=6697 loss=0.138306 lr=2.468e-06
[train] step=6698 loss=0.180918 lr=2.466e-06
[train] step=6699 loss=0.205237 lr=2.465e-06
[train] step=6700 loss=0.190453 lr=2.464e-06
[train] step=6701 loss=0.126884 lr=2.462e-06
[train] step=6702 loss=0.175637 lr=2.461e-06
[train] step=6703 loss=0.189493 lr=2.460e-06
[train] step=6704 loss=0.236731 lr=2.458e-06
[train] step=6705 loss=0.152434 lr=2.457e-06
[train] step=6706 loss=0.214728 lr=2.456e-06
[train] step=6707 loss=0.203031 lr=2.454e-06
[train] step=6708 loss=0.209527 lr=2.453e-06
[train] step=6709 loss=0.076108 lr=2.452e-06
[train] step=6710 loss=0.310528 lr=2.450e-06
[train] step=6711 loss=0.312953 lr=2.449e-06
[train] step=6712 loss=0.136412 lr=2.447e-06
[train] step=6713 loss=0.146405 lr=2.446e-06
[train] step=6714 loss=0.124769 lr=2.445e-06
[train] step=6715 loss=0.140948 lr=2.443e-06
[train] step=6716 loss=0.231038 lr=2.442e-06
[train] step=6717 loss=0.181052 lr=2.441e-06
[train] step=6718 loss=0.137542 lr=2.439e-06
[train] step=6719 loss=0.255838 lr=2.438e-06
[train] step=6720 loss=0.202181 lr=2.437e-06
INFO     [rank 0] Model weights for step 6720 saved in       dit_trainer.py:1085
         checkpoints/model_weights_step_06720.safetensors                       
INFO     [rank 0] Scalar embedding weights for step 6720     dit_trainer.py:1092
         saved                                                                  
INFO     [rank 0] Training state saved:                      dit_trainer.py:1123
         checkpoints/model_weights_step_06720.state.pt                          
DEBUG    [rank 0] Removed old checkpoint:                    dit_trainer.py:1136
         /hppfs/scratch/0D/go76fuz2/windinet/outputs/shockwa                    
         ve_dit_anchor_kl1e7/checkpoints/model_weights_step_                    
         06120.safetensors                                                      
DEBUG    [rank 0] Removed old checkpoint:                    dit_trainer.py:1136
         /hppfs/scratch/0D/go76fuz2/windinet/outputs/shockwa                    
         ve_dit_anchor_kl1e7/checkpoints/model_weights_step_                    
         06120.state.pt                                                         
DEBUG    [rank 0] Removed old checkpoint:                    dit_trainer.py:1136
         /hppfs/scratch/0D/go76fuz2/windinet/outputs/shockwa                    
         ve_dit_anchor_kl1e7/checkpoints/scalar_embedding_st                    
         ep_06120.safetensors                                                   
[epoch 56] step=6720 train_loss=0.193786
[train] step=6721 loss=0.078835 lr=2.435e-06
[train] step=6722 loss=0.123084 lr=2.434e-06
[train] step=6723 loss=0.353067 lr=2.433e-06
[train] step=6724 loss=0.195370 lr=2.431e-06
[train] step=6725 loss=0.141546 lr=2.430e-06
[train] step=6726 loss=0.252054 lr=2.429e-06
[train] step=6727 loss=0.152124 lr=2.427e-06
[train] step=6728 loss=0.141425 lr=2.426e-06
[train] step=6729 loss=0.219179 lr=2.425e-06
[train] step=6730 loss=0.199778 lr=2.423e-06
[train] step=6731 loss=0.201158 lr=2.422e-06
[train] step=6732 loss=0.166641 lr=2.421e-06
[train] step=6733 loss=0.278256 lr=2.419e-06
[train] step=6734 loss=0.292369 lr=2.418e-06
[train] step=6735 loss=0.223947 lr=2.417e-06
[train] step=6736 loss=0.194536 lr=2.415e-06
[train] step=6737 loss=0.130820 lr=2.414e-06
[train] step=6738 loss=0.154600 lr=2.413e-06
[train] step=6739 loss=0.148892 lr=2.411e-06
[train] step=6740 loss=0.150195 lr=2.410e-06
[train] step=6741 loss=0.142225 lr=2.409e-06
[train] step=6742 loss=0.279630 lr=2.407e-06
[train] step=6743 loss=0.115416 lr=2.406e-06
[train] step=6744 loss=0.163161 lr=2.404e-06
[train] step=6745 loss=0.162294 lr=2.403e-06
[train] step=6746 loss=0.184563 lr=2.402e-06
[train] step=6747 loss=0.208989 lr=2.400e-06
[train] step=6748 loss=0.209966 lr=2.399e-06
[train] step=6749 loss=0.107493 lr=2.398e-06
[train] step=6750 loss=0.197513 lr=2.396e-06
[train] step=6751 loss=0.191924 lr=2.395e-06
[train] step=6752 loss=0.185096 lr=2.394e-06
[train] step=6753 loss=0.168905 lr=2.392e-06
[train] step=6754 loss=0.233629 lr=2.391e-06
[train] step=6755 loss=0.118057 lr=2.390e-06
[train] step=6756 loss=0.174348 lr=2.388e-06
[train] step=6757 loss=0.195250 lr=2.387e-06
[train] step=6758 loss=0.158123 lr=2.386e-06
[train] step=6759 loss=0.191815 lr=2.384e-06
[train] step=6760 loss=0.210728 lr=2.383e-06
[train] step=6761 loss=0.178188 lr=2.382e-06
[train] step=6762 loss=0.166981 lr=2.380e-06
[train] step=6763 loss=0.185028 lr=2.379e-06
[train] step=6764 loss=0.401915 lr=2.378e-06
[train] step=6765 loss=0.173054 lr=2.376e-06
[train] step=6766 loss=0.137394 lr=2.375e-06
[train] step=6767 loss=0.203041 lr=2.374e-06
[train] step=6768 loss=0.175934 lr=2.372e-06
[train] step=6769 loss=0.171098 lr=2.371e-06
[train] step=6770 loss=0.180800 lr=2.370e-06
[train] step=6771 loss=0.128105 lr=2.368e-06
[train] step=6772 loss=0.177863 lr=2.367e-06
[train] step=6773 loss=0.202334 lr=2.366e-06
[train] step=6774 loss=0.186608 lr=2.364e-06
[train] step=6775 loss=0.140870 lr=2.363e-06
[train] step=6776 loss=0.132255 lr=2.362e-06
[train] step=6777 loss=0.201643 lr=2.360e-06
[train] step=6778 loss=0.159637 lr=2.359e-06
[train] step=6779 loss=0.248205 lr=2.358e-06
[train] step=6780 loss=0.125478 lr=2.356e-06
[train] step=6781 loss=0.146872 lr=2.355e-06
[train] step=6782 loss=0.137483 lr=2.354e-06
[train] step=6783 loss=0.271198 lr=2.352e-06
[train] step=6784 loss=0.235757 lr=2.351e-06
[train] step=6785 loss=0.265040 lr=2.350e-06
[train] step=6786 loss=0.088948 lr=2.348e-06
[train] step=6787 loss=0.233377 lr=2.347e-06
[train] step=6788 loss=0.188084 lr=2.346e-06
[train] step=6789 loss=0.156460 lr=2.344e-06
[train] step=6790 loss=0.141767 lr=2.343e-06
[train] step=6791 loss=0.170466 lr=2.342e-06
[train] step=6792 loss=0.220344 lr=2.340e-06
[train] step=6793 loss=0.322759 lr=2.339e-06
[train] step=6794 loss=0.098964 lr=2.338e-06
[train] step=6795 loss=0.144530 lr=2.336e-06
[train] step=6796 loss=0.156742 lr=2.335e-06
[train] step=6797 loss=0.184720 lr=2.334e-06
[train] step=6798 loss=0.193047 lr=2.333e-06
[train] step=6799 loss=0.154801 lr=2.331e-06
[train] step=6800 loss=0.161654 lr=2.330e-06
[train] step=6801 loss=0.159416 lr=2.329e-06
[train] step=6802 loss=0.298885 lr=2.327e-06
[train] step=6803 loss=0.087803 lr=2.326e-06
[train] step=6804 loss=0.147036 lr=2.325e-06
[train] step=6805 loss=0.186301 lr=2.323e-06
[train] step=6806 loss=0.238761 lr=2.322e-06
[train] step=6807 loss=0.190543 lr=2.321e-06
[train] step=6808 loss=0.177953 lr=2.319e-06
[train] step=6809 loss=0.293452 lr=2.318e-06
[train] step=6810 loss=0.212943 lr=2.317e-06
[train] step=6811 loss=0.127704 lr=2.315e-06
[train] step=6812 loss=0.219076 lr=2.314e-06
[train] step=6813 loss=0.267329 lr=2.313e-06
[train] step=6814 loss=0.306561 lr=2.311e-06
[train] step=6815 loss=0.188575 lr=2.310e-06
[train] step=6816 loss=0.189670 lr=2.309e-06
[train] step=6817 loss=0.107564 lr=2.307e-06
[train] step=6818 loss=0.165267 lr=2.306e-06
[train] step=6819 loss=0.098246 lr=2.305e-06
[train] step=6820 loss=0.202647 lr=2.303e-06
[train] step=6821 loss=0.126584 lr=2.302e-06
[train] step=6822 loss=0.179192 lr=2.301e-06
[train] step=6823 loss=0.151854 lr=2.299e-06
[train] step=6824 loss=0.140105 lr=2.298e-06
[train] step=6825 loss=0.161342 lr=2.297e-06
[train] step=6826 loss=0.169848 lr=2.296e-06
[train] step=6827 loss=0.220359 lr=2.294e-06
[train] step=6828 loss=0.151940 lr=2.293e-06
[train] step=6829 loss=0.103502 lr=2.292e-06
[train] step=6830 loss=0.235524 lr=2.290e-06
[train] step=6831 loss=0.256252 lr=2.289e-06
[train] step=6832 loss=0.161377 lr=2.288e-06
[train] step=6833 loss=0.149306 lr=2.286e-06
[train] step=6834 loss=0.142023 lr=2.285e-06
[train] step=6835 loss=0.162792 lr=2.284e-06
[train] step=6836 loss=0.123610 lr=2.282e-06
[train] step=6837 loss=0.185773 lr=2.281e-06
[train] step=6838 loss=0.106036 lr=2.280e-06
[train] step=6839 loss=0.174436 lr=2.278e-06
[train] step=6840 loss=0.152438 lr=2.277e-06
INFO     [rank 0] Model weights for step 6840 saved in       dit_trainer.py:1085
         checkpoints/model_weights_step_06840.safetensors                       
INFO     [rank 0] Scalar embedding weights for step 6840     dit_trainer.py:1092
         saved                                                                  
INFO     [rank 0] Training state saved:                      dit_trainer.py:1123
         checkpoints/model_weights_step_06840.state.pt                          
DEBUG    [rank 0] Removed old checkpoint:                    dit_trainer.py:1136
         /hppfs/scratch/0D/go76fuz2/windinet/outputs/shockwa                    
         ve_dit_anchor_kl1e7/checkpoints/model_weights_step_                    
         06240.safetensors                                                      
DEBUG    [rank 0] Removed old checkpoint:                    dit_trainer.py:1136
         /hppfs/scratch/0D/go76fuz2/windinet/outputs/shockwa                    
         ve_dit_anchor_kl1e7/checkpoints/model_weights_step_                    
         06240.state.pt                                                         
DEBUG    [rank 0] Removed old checkpoint:                    dit_trainer.py:1136
         /hppfs/scratch/0D/go76fuz2/windinet/outputs/shockwa                    
         ve_dit_anchor_kl1e7/checkpoints/scalar_embedding_st                    
         ep_06240.safetensors                                                   
[epoch 57] step=6840 train_loss=0.182635
[train] step=6841 loss=0.191935 lr=2.276e-06
[train] step=6842 loss=0.123018 lr=2.274e-06
[train] step=6843 loss=0.272489 lr=2.273e-06
[train] step=6844 loss=0.185646 lr=2.272e-06
[train] step=6845 loss=0.172286 lr=2.271e-06
[train] step=6846 loss=0.305002 lr=2.269e-06
[train] step=6847 loss=0.176832 lr=2.268e-06
[train] step=6848 loss=0.171408 lr=2.267e-06
[train] step=6849 loss=0.185746 lr=2.265e-06
[train] step=6850 loss=0.189465 lr=2.264e-06
[train] step=6851 loss=0.145800 lr=2.263e-06
[train] step=6852 loss=0.235633 lr=2.261e-06
[train] step=6853 loss=0.134851 lr=2.260e-06
[train] step=6854 loss=0.154729 lr=2.259e-06
[train] step=6855 loss=0.242511 lr=2.257e-06
[train] step=6856 loss=0.163122 lr=2.256e-06
[train] step=6857 loss=0.172483 lr=2.255e-06
[train] step=6858 loss=0.144468 lr=2.253e-06
[train] step=6859 loss=0.194663 lr=2.252e-06
[train] step=6860 loss=0.248975 lr=2.251e-06
[train] step=6861 loss=0.201229 lr=2.250e-06
[train] step=6862 loss=0.160757 lr=2.248e-06
[train] step=6863 loss=0.201667 lr=2.247e-06
[train] step=6864 loss=0.219154 lr=2.246e-06
[train] step=6865 loss=0.262465 lr=2.244e-06
[train] step=6866 loss=0.229721 lr=2.243e-06
[train] step=6867 loss=0.103184 lr=2.242e-06
[train] step=6868 loss=0.134299 lr=2.240e-06
[train] step=6869 loss=0.409679 lr=2.239e-06
[train] step=6870 loss=0.108976 lr=2.238e-06
[train] step=6871 loss=0.187984 lr=2.236e-06
[train] step=6872 loss=0.236365 lr=2.235e-06
[train] step=6873 loss=0.259381 lr=2.234e-06
[train] step=6874 loss=0.113210 lr=2.233e-06
[train] step=6875 loss=0.098649 lr=2.231e-06
[train] step=6876 loss=0.284134 lr=2.230e-06
[train] step=6877 loss=0.149543 lr=2.229e-06
[train] step=6878 loss=0.103062 lr=2.227e-06
[train] step=6879 loss=0.179985 lr=2.226e-06
[train] step=6880 loss=0.220675 lr=2.225e-06
[train] step=6881 loss=0.195709 lr=2.223e-06
[train] step=6882 loss=0.131313 lr=2.222e-06
[train] step=6883 loss=0.162189 lr=2.221e-06
[train] step=6884 loss=0.257668 lr=2.219e-06
[train] step=6885 loss=0.233017 lr=2.218e-06
[train] step=6886 loss=0.137980 lr=2.217e-06
[train] step=6887 loss=0.147353 lr=2.216e-06
[train] step=6888 loss=0.183859 lr=2.214e-06
[train] step=6889 loss=0.161119 lr=2.213e-06
[train] step=6890 loss=0.163021 lr=2.212e-06
[train] step=6891 loss=0.148777 lr=2.210e-06
[train] step=6892 loss=0.238270 lr=2.209e-06
[train] step=6893 loss=0.251450 lr=2.208e-06
[train] step=6894 loss=0.188972 lr=2.206e-06
[train] step=6895 loss=0.144326 lr=2.205e-06
[train] step=6896 loss=0.098017 lr=2.204e-06
[train] step=6897 loss=0.116973 lr=2.203e-06
[train] step=6898 loss=0.190974 lr=2.201e-06
[train] step=6899 loss=0.214928 lr=2.200e-06
[train] step=6900 loss=0.217097 lr=2.199e-06
[train] step=6901 loss=0.142076 lr=2.197e-06
[train] step=6902 loss=0.180485 lr=2.196e-06
[train] step=6903 loss=0.159379 lr=2.195e-06
[train] step=6904 loss=0.112496 lr=2.194e-06
[train] step=6905 loss=0.169500 lr=2.192e-06
[train] step=6906 loss=0.244660 lr=2.191e-06
[train] step=6907 loss=0.087575 lr=2.190e-06
[train] step=6908 loss=0.174489 lr=2.188e-06
[train] step=6909 loss=0.133635 lr=2.187e-06
[train] step=6910 loss=0.219218 lr=2.186e-06
[train] step=6911 loss=0.118785 lr=2.184e-06
[train] step=6912 loss=0.139061 lr=2.183e-06
[train] step=6913 loss=0.223795 lr=2.182e-06
[train] step=6914 loss=0.109518 lr=2.181e-06
[train] step=6915 loss=0.095256 lr=2.179e-06
[train] step=6916 loss=0.239843 lr=2.178e-06
[train] step=6917 loss=0.223403 lr=2.177e-06
[train] step=6918 loss=0.177754 lr=2.175e-06
[train] step=6919 loss=0.202438 lr=2.174e-06
[train] step=6920 loss=0.165976 lr=2.173e-06
[train] step=6921 loss=0.190201 lr=2.171e-06
[train] step=6922 loss=0.151055 lr=2.170e-06
[train] step=6923 loss=0.193646 lr=2.169e-06
[train] step=6924 loss=0.110344 lr=2.168e-06
[train] step=6925 loss=0.160188 lr=2.166e-06
[train] step=6926 loss=0.262052 lr=2.165e-06
[train] step=6927 loss=0.370951 lr=2.164e-06
[train] step=6928 loss=0.173891 lr=2.162e-06
[train] step=6929 loss=0.093803 lr=2.161e-06
[train] step=6930 loss=0.135847 lr=2.160e-06
[train] step=6931 loss=0.271003 lr=2.159e-06
[train] step=6932 loss=0.182532 lr=2.157e-06
[train] step=6933 loss=0.242151 lr=2.156e-06
[train] step=6934 loss=0.167288 lr=2.155e-06
[train] step=6935 loss=0.162192 lr=2.153e-06
[train] step=6936 loss=0.134804 lr=2.152e-06
[train] step=6937 loss=0.200503 lr=2.151e-06
[train] step=6938 loss=0.138316 lr=2.150e-06
[train] step=6939 loss=0.136441 lr=2.148e-06
[train] step=6940 loss=0.129248 lr=2.147e-06
[train] step=6941 loss=0.408933 lr=2.146e-06
[train] step=6942 loss=0.089332 lr=2.144e-06
[train] step=6943 loss=0.574855 lr=2.143e-06
[train] step=6944 loss=0.228223 lr=2.142e-06
[train] step=6945 loss=0.190231 lr=2.141e-06
[train] step=6946 loss=0.166682 lr=2.139e-06
[train] step=6947 loss=0.112751 lr=2.138e-06
[train] step=6948 loss=0.214364 lr=2.137e-06
[train] step=6949 loss=0.149113 lr=2.135e-06
[train] step=6950 loss=0.145218 lr=2.134e-06
[train] step=6951 loss=0.164201 lr=2.133e-06
[train] step=6952 loss=0.140035 lr=2.132e-06
[train] step=6953 loss=0.168473 lr=2.130e-06
[train] step=6954 loss=0.199492 lr=2.129e-06
[train] step=6955 loss=0.266195 lr=2.128e-06
[train] step=6956 loss=0.146427 lr=2.126e-06
[train] step=6957 loss=0.164311 lr=2.125e-06
[train] step=6958 loss=0.232144 lr=2.124e-06
[train] step=6959 loss=0.157855 lr=2.123e-06
[train] step=6960 loss=0.209138 lr=2.121e-06
INFO     [rank 0] Model weights for step 6960 saved in       dit_trainer.py:1085
         checkpoints/model_weights_step_06960.safetensors                       
INFO     [rank 0] Scalar embedding weights for step 6960     dit_trainer.py:1092
         saved                                                                  
INFO     [rank 0] Training state saved:                      dit_trainer.py:1123
         checkpoints/model_weights_step_06960.state.pt                          
DEBUG    [rank 0] Removed old checkpoint:                    dit_trainer.py:1136
         /hppfs/scratch/0D/go76fuz2/windinet/outputs/shockwa                    
         ve_dit_anchor_kl1e7/checkpoints/model_weights_step_                    
         06360.safetensors                                                      
DEBUG    [rank 0] Removed old checkpoint:                    dit_trainer.py:1136
         /hppfs/scratch/0D/go76fuz2/windinet/outputs/shockwa                    
         ve_dit_anchor_kl1e7/checkpoints/model_weights_step_                    
         06360.state.pt                                                         
DEBUG    [rank 0] Removed old checkpoint:                    dit_trainer.py:1136
         /hppfs/scratch/0D/go76fuz2/windinet/outputs/shockwa                    
         ve_dit_anchor_kl1e7/checkpoints/scalar_embedding_st                    
         ep_06360.safetensors                                                   
[epoch 58] step=6960 train_loss=0.185461
[train] step=6961 loss=0.143813 lr=2.120e-06
[train] step=6962 loss=0.217783 lr=2.119e-06
[train] step=6963 loss=0.217044 lr=2.117e-06
[train] step=6964 loss=0.296647 lr=2.116e-06
[train] step=6965 loss=0.213281 lr=2.115e-06
[train] step=6966 loss=0.220086 lr=2.114e-06
[train] step=6967 loss=0.124027 lr=2.112e-06
[train] step=6968 loss=0.250321 lr=2.111e-06
[train] step=6969 loss=0.148647 lr=2.110e-06
[train] step=6970 loss=0.117247 lr=2.109e-06
[train] step=6971 loss=0.242744 lr=2.107e-06
[train] step=6972 loss=0.103949 lr=2.106e-06
[train] step=6973 loss=0.180934 lr=2.105e-06
[train] step=6974 loss=0.114736 lr=2.103e-06
[train] step=6975 loss=0.184633 lr=2.102e-06
[train] step=6976 loss=0.161950 lr=2.101e-06
[train] step=6977 loss=0.179207 lr=2.100e-06
[train] step=6978 loss=0.179090 lr=2.098e-06
[train] step=6979 loss=0.149785 lr=2.097e-06
[train] step=6980 loss=0.229966 lr=2.096e-06
[train] step=6981 loss=0.093073 lr=2.094e-06
[train] step=6982 loss=0.255317 lr=2.093e-06
[train] step=6983 loss=0.232356 lr=2.092e-06
[train] step=6984 loss=0.165200 lr=2.091e-06
[train] step=6985 loss=0.277722 lr=2.089e-06
[train] step=6986 loss=0.095978 lr=2.088e-06
[train] step=6987 loss=0.064623 lr=2.087e-06
[train] step=6988 loss=0.197083 lr=2.086e-06
[train] step=6989 loss=0.167034 lr=2.084e-06
[train] step=6990 loss=0.190413 lr=2.083e-06
[train] step=6991 loss=0.135141 lr=2.082e-06
[train] step=6992 loss=0.161616 lr=2.080e-06
[train] step=6993 loss=0.212510 lr=2.079e-06
[train] step=6994 loss=0.272223 lr=2.078e-06
[train] step=6995 loss=0.213998 lr=2.077e-06
[train] step=6996 loss=0.198398 lr=2.075e-06
[train] step=6997 loss=0.166455 lr=2.074e-06
[train] step=6998 loss=0.237789 lr=2.073e-06
[train] step=6999 loss=0.176387 lr=2.072e-06
[train] step=7000 loss=0.113242 lr=2.070e-06
[train] step=7001 loss=0.111729 lr=2.069e-06
[train] step=7002 loss=0.229460 lr=2.068e-06
[train] step=7003 loss=0.165563 lr=2.066e-06
[train] step=7004 loss=0.147541 lr=2.065e-06
[train] step=7005 loss=0.154045 lr=2.064e-06
[train] step=7006 loss=0.200775 lr=2.063e-06
[train] step=7007 loss=0.250812 lr=2.061e-06
[train] step=7008 loss=0.194481 lr=2.060e-06
[train] step=7009 loss=0.188299 lr=2.059e-06
[train] step=7010 loss=0.193428 lr=2.058e-06
[train] step=7011 loss=0.230889 lr=2.056e-06
[train] step=7012 loss=0.176828 lr=2.055e-06
[train] step=7013 loss=0.246508 lr=2.054e-06
[train] step=7014 loss=0.147991 lr=2.053e-06
[train] step=7015 loss=0.140472 lr=2.051e-06
[train] step=7016 loss=0.147628 lr=2.050e-06
[train] step=7017 loss=0.236672 lr=2.049e-06
[train] step=7018 loss=0.220204 lr=2.047e-06
[train] step=7019 loss=0.245279 lr=2.046e-06
[train] step=7020 loss=0.137765 lr=2.045e-06
[train] step=7021 loss=0.329061 lr=2.044e-06
[train] step=7022 loss=0.165119 lr=2.042e-06
[train] step=7023 loss=0.163518 lr=2.041e-06
[train] step=7024 loss=0.196458 lr=2.040e-06
[train] step=7025 loss=0.146427 lr=2.039e-06
[train] step=7026 loss=0.170689 lr=2.037e-06
[train] step=7027 loss=0.141382 lr=2.036e-06
[train] step=7028 loss=0.133543 lr=2.035e-06
[train] step=7029 loss=0.188445 lr=2.034e-06
[train] step=7030 loss=0.197935 lr=2.032e-06
[train] step=7031 loss=0.210409 lr=2.031e-06
[train] step=7032 loss=0.237801 lr=2.030e-06
[train] step=7033 loss=0.146652 lr=2.029e-06
[train] step=7034 loss=0.176343 lr=2.027e-06
[train] step=7035 loss=0.331214 lr=2.026e-06
[train] step=7036 loss=0.228539 lr=2.025e-06
[train] step=7037 loss=0.131639 lr=2.023e-06
[train] step=7038 loss=0.092634 lr=2.022e-06
[train] step=7039 loss=0.222359 lr=2.021e-06
[train] step=7040 loss=0.145858 lr=2.020e-06
[train] step=7041 loss=0.191240 lr=2.018e-06
[train] step=7042 loss=0.106213 lr=2.017e-06
[train] step=7043 loss=0.211002 lr=2.016e-06
[train] step=7044 loss=0.192796 lr=2.015e-06
[train] step=7045 loss=0.192987 lr=2.013e-06
[train] step=7046 loss=0.104589 lr=2.012e-06
[train] step=7047 loss=0.129614 lr=2.011e-06
[train] step=7048 loss=0.186692 lr=2.010e-06
[train] step=7049 loss=0.342093 lr=2.008e-06
[train] step=7050 loss=0.210984 lr=2.007e-06
[train] step=7051 loss=0.254293 lr=2.006e-06
[train] step=7052 loss=0.193500 lr=2.005e-06
[train] step=7053 loss=0.189766 lr=2.003e-06
[train] step=7054 loss=0.217293 lr=2.002e-06
[train] step=7055 loss=0.144371 lr=2.001e-06
[train] step=7056 loss=0.223127 lr=2.000e-06
[train] step=7057 loss=0.157661 lr=1.998e-06
[train] step=7058 loss=0.160875 lr=1.997e-06
[train] step=7059 loss=0.177207 lr=1.996e-06
[train] step=7060 loss=0.153117 lr=1.995e-06
[train] step=7061 loss=0.135599 lr=1.993e-06
[train] step=7062 loss=0.172014 lr=1.992e-06
[train] step=7063 loss=0.133823 lr=1.991e-06
[train] step=7064 loss=0.139195 lr=1.990e-06
[train] step=7065 loss=0.195118 lr=1.988e-06
[train] step=7066 loss=0.191227 lr=1.987e-06
[train] step=7067 loss=0.174195 lr=1.986e-06
[train] step=7068 loss=0.244307 lr=1.985e-06
[train] step=7069 loss=0.163562 lr=1.983e-06
[train] step=7070 loss=0.234309 lr=1.982e-06
[train] step=7071 loss=0.207854 lr=1.981e-06
[train] step=7072 loss=0.181148 lr=1.980e-06
[train] step=7073 loss=0.140365 lr=1.978e-06
[train] step=7074 loss=0.123231 lr=1.977e-06
[train] step=7075 loss=0.174817 lr=1.976e-06
[train] step=7076 loss=0.148154 lr=1.975e-06
[train] step=7077 loss=0.177102 lr=1.973e-06
[train] step=7078 loss=0.126537 lr=1.972e-06
[train] step=7079 loss=0.255761 lr=1.971e-06
[train] step=7080 loss=0.168953 lr=1.970e-06
INFO     [rank 0] Model weights for step 7080 saved in       dit_trainer.py:1085
         checkpoints/model_weights_step_07080.safetensors                       
INFO     [rank 0] Scalar embedding weights for step 7080     dit_trainer.py:1092
         saved                                                                  
INFO     [rank 0] Training state saved:                      dit_trainer.py:1123
         checkpoints/model_weights_step_07080.state.pt                          
DEBUG    [rank 0] Removed old checkpoint:                    dit_trainer.py:1136
         /hppfs/scratch/0D/go76fuz2/windinet/outputs/shockwa                    
         ve_dit_anchor_kl1e7/checkpoints/model_weights_step_                    
         06480.safetensors                                                      
DEBUG    [rank 0] Removed old checkpoint:                    dit_trainer.py:1136
         /hppfs/scratch/0D/go76fuz2/windinet/outputs/shockwa                    
         ve_dit_anchor_kl1e7/checkpoints/model_weights_step_                    
         06480.state.pt                                                         
DEBUG    [rank 0] Removed old checkpoint:                    dit_trainer.py:1136
         /hppfs/scratch/0D/go76fuz2/windinet/outputs/shockwa                    
         ve_dit_anchor_kl1e7/checkpoints/scalar_embedding_st                    
         ep_06480.safetensors                                                   
[epoch 59] step=7080 train_loss=0.184098
[train] step=7081 loss=0.133802 lr=1.968e-06
[train] step=7082 loss=0.240162 lr=1.967e-06
[train] step=7083 loss=0.194212 lr=1.966e-06
[train] step=7084 loss=0.254816 lr=1.965e-06
[train] step=7085 loss=0.129666 lr=1.963e-06
[train] step=7086 loss=0.291148 lr=1.962e-06
[train] step=7087 loss=0.162646 lr=1.961e-06
[train] step=7088 loss=0.094381 lr=1.960e-06
[train] step=7089 loss=0.193529 lr=1.958e-06
[train] step=7090 loss=0.246915 lr=1.957e-06
[train] step=7091 loss=0.105709 lr=1.956e-06
[train] step=7092 loss=0.203002 lr=1.955e-06
[train] step=7093 loss=0.168475 lr=1.953e-06
[train] step=7094 loss=0.173976 lr=1.952e-06
[train] step=7095 loss=0.125412 lr=1.951e-06
[train] step=7096 loss=0.274410 lr=1.950e-06
[train] step=7097 loss=0.187764 lr=1.948e-06
[train] step=7098 loss=0.247075 lr=1.947e-06
[train] step=7099 loss=0.175320 lr=1.946e-06
[train] step=7100 loss=0.193888 lr=1.945e-06
[train] step=7101 loss=0.187323 lr=1.944e-06
[train] step=7102 loss=0.117912 lr=1.942e-06
[train] step=7103 loss=0.226847 lr=1.941e-06
[train] step=7104 loss=0.238595 lr=1.940e-06
[train] step=7105 loss=0.141359 lr=1.939e-06
[train] step=7106 loss=0.208153 lr=1.937e-06
[train] step=7107 loss=0.462083 lr=1.936e-06
[train] step=7108 loss=0.164137 lr=1.935e-06
[train] step=7109 loss=0.143196 lr=1.934e-06
[train] step=7110 loss=0.184072 lr=1.932e-06
[train] step=7111 loss=0.179655 lr=1.931e-06
[train] step=7112 loss=0.169937 lr=1.930e-06
[train] step=7113 loss=0.167783 lr=1.929e-06
[train] step=7114 loss=0.294528 lr=1.927e-06
[train] step=7115 loss=0.126112 lr=1.926e-06
[train] step=7116 loss=0.131780 lr=1.925e-06
[train] step=7117 loss=0.167349 lr=1.924e-06
[train] step=7118 loss=0.230208 lr=1.922e-06
[train] step=7119 loss=0.185654 lr=1.921e-06
[train] step=7120 loss=0.191373 lr=1.920e-06
[train] step=7121 loss=0.140596 lr=1.919e-06
[train] step=7122 loss=0.174500 lr=1.918e-06
[train] step=7123 loss=0.261877 lr=1.916e-06
[train] step=7124 loss=0.187214 lr=1.915e-06
[train] step=7125 loss=0.140787 lr=1.914e-06
[train] step=7126 loss=0.175060 lr=1.913e-06
[train] step=7127 loss=0.187575 lr=1.911e-06
[train] step=7128 loss=0.158323 lr=1.910e-06
[train] step=7129 loss=0.190506 lr=1.909e-06
[train] step=7130 loss=0.134877 lr=1.908e-06
[train] step=7131 loss=0.099760 lr=1.906e-06
[train] step=7132 loss=0.171194 lr=1.905e-06
[train] step=7133 loss=0.188360 lr=1.904e-06
[train] step=7134 loss=0.183207 lr=1.903e-06
[train] step=7135 loss=0.133797 lr=1.902e-06
[train] step=7136 loss=0.198805 lr=1.900e-06
[train] step=7137 loss=0.343090 lr=1.899e-06
[train] step=7138 loss=0.142051 lr=1.898e-06
[train] step=7139 loss=0.174688 lr=1.897e-06
[train] step=7140 loss=0.182576 lr=1.895e-06
[train] step=7141 loss=0.138758 lr=1.894e-06
[train] step=7142 loss=0.179717 lr=1.893e-06
[train] step=7143 loss=0.151613 lr=1.892e-06
[train] step=7144 loss=0.172204 lr=1.890e-06
[train] step=7145 loss=0.162357 lr=1.889e-06
[train] step=7146 loss=0.144717 lr=1.888e-06
[train] step=7147 loss=0.163307 lr=1.887e-06
[train] step=7148 loss=0.486757 lr=1.886e-06
[train] step=7149 loss=0.145891 lr=1.884e-06
[train] step=7150 loss=0.206831 lr=1.883e-06
[train] step=7151 loss=0.296744 lr=1.882e-06
[train] step=7152 loss=0.214121 lr=1.881e-06
[train] step=7153 loss=0.251238 lr=1.879e-06
[train] step=7154 loss=0.168358 lr=1.878e-06
[train] step=7155 loss=0.216123 lr=1.877e-06
[train] step=7156 loss=0.140003 lr=1.876e-06
[train] step=7157 loss=0.128552 lr=1.875e-06
[train] step=7158 loss=0.176495 lr=1.873e-06
[train] step=7159 loss=0.172545 lr=1.872e-06
[train] step=7160 loss=0.165439 lr=1.871e-06
[train] step=7161 loss=0.104596 lr=1.870e-06
[train] step=7162 loss=0.152726 lr=1.868e-06
[train] step=7163 loss=0.246723 lr=1.867e-06
[train] step=7164 loss=0.144718 lr=1.866e-06
[train] step=7165 loss=0.123748 lr=1.865e-06
[train] step=7166 loss=0.203703 lr=1.864e-06
[train] step=7167 loss=0.226223 lr=1.862e-06
[train] step=7168 loss=0.126928 lr=1.861e-06
[train] step=7169 loss=0.167129 lr=1.860e-06
[train] step=7170 loss=0.189761 lr=1.859e-06
[train] step=7171 loss=0.156358 lr=1.857e-06
[train] step=7172 loss=0.195539 lr=1.856e-06
[train] step=7173 loss=0.238818 lr=1.855e-06
[train] step=7174 loss=0.149864 lr=1.854e-06
[train] step=7175 loss=0.167624 lr=1.853e-06
[train] step=7176 loss=0.237160 lr=1.851e-06
[train] step=7177 loss=0.196717 lr=1.850e-06
[train] step=7178 loss=0.131414 lr=1.849e-06
[train] step=7179 loss=0.195276 lr=1.848e-06
[train] step=7180 loss=0.271057 lr=1.847e-06
[train] step=7181 loss=0.092764 lr=1.845e-06
[train] step=7182 loss=0.115409 lr=1.844e-06
[train] step=7183 loss=0.122108 lr=1.843e-06
[train] step=7184 loss=0.149392 lr=1.842e-06
[train] step=7185 loss=0.142232 lr=1.840e-06
[train] step=7186 loss=0.181278 lr=1.839e-06
[train] step=7187 loss=0.245188 lr=1.838e-06
[train] step=7188 loss=0.237457 lr=1.837e-06
[train] step=7189 loss=0.114827 lr=1.836e-06
[train] step=7190 loss=0.104212 lr=1.834e-06
[train] step=7191 loss=0.220101 lr=1.833e-06
[train] step=7192 loss=0.114351 lr=1.832e-06
[train] step=7193 loss=0.154327 lr=1.831e-06
[train] step=7194 loss=0.227958 lr=1.830e-06
[train] step=7195 loss=0.119767 lr=1.828e-06
[train] step=7196 loss=0.158808 lr=1.827e-06
[train] step=7197 loss=0.118564 lr=1.826e-06
[train] step=7198 loss=0.215172 lr=1.825e-06
[train] step=7199 loss=0.226833 lr=1.823e-06
[train] step=7200 loss=0.136240 lr=1.822e-06
[val] step=7200 val_loss=0.193728
INFO     [rank 0] Model weights for step 7200 saved in       dit_trainer.py:1085
         checkpoints/model_weights_step_07200.safetensors                       
INFO     [rank 0] Scalar embedding weights for step 7200     dit_trainer.py:1092
         saved                                                                  
INFO     [rank 0] Training state saved:                      dit_trainer.py:1123
         checkpoints/model_weights_step_07200.state.pt                          
DEBUG    [rank 0] Removed old checkpoint:                    dit_trainer.py:1136
         /hppfs/scratch/0D/go76fuz2/windinet/outputs/shockwa                    
         ve_dit_anchor_kl1e7/checkpoints/model_weights_step_                    
         06600.safetensors                                                      
DEBUG    [rank 0] Removed old checkpoint:                    dit_trainer.py:1136
         /hppfs/scratch/0D/go76fuz2/windinet/outputs/shockwa                    
         ve_dit_anchor_kl1e7/checkpoints/model_weights_step_                    
         06600.state.pt                                                         
DEBUG    [rank 0] Removed old checkpoint:                    dit_trainer.py:1136
         /hppfs/scratch/0D/go76fuz2/windinet/outputs/shockwa                    
         ve_dit_anchor_kl1e7/checkpoints/scalar_embedding_st                    
         ep_06600.safetensors                                                   
[epoch 60] step=7200 train_loss=0.183506 val_loss=0.193728
[train] step=7201 loss=0.118409 lr=1.821e-06
[train] step=7202 loss=0.163874 lr=1.820e-06
[train] step=7203 loss=0.158767 lr=1.819e-06
[train] step=7204 loss=0.174171 lr=1.817e-06
[train] step=7205 loss=0.168275 lr=1.816e-06
[train] step=7206 loss=0.191210 lr=1.815e-06
[train] step=7207 loss=0.179838 lr=1.814e-06
[train] step=7208 loss=0.232993 lr=1.813e-06
[train] step=7209 loss=0.151282 lr=1.811e-06
[train] step=7210 loss=0.145813 lr=1.810e-06
[train] step=7211 loss=0.164645 lr=1.809e-06
[train] step=7212 loss=0.240719 lr=1.808e-06
[train] step=7213 loss=0.150277 lr=1.807e-06
[train] step=7214 loss=0.153596 lr=1.805e-06
[train] step=7215 loss=0.159145 lr=1.804e-06
[train] step=7216 loss=0.199197 lr=1.803e-06
[train] step=7217 loss=0.263191 lr=1.802e-06
[train] step=7218 loss=0.212467 lr=1.801e-06
[train] step=7219 loss=0.205877 lr=1.799e-06
[train] step=7220 loss=0.284595 lr=1.798e-06
[train] step=7221 loss=0.171796 lr=1.797e-06
[train] step=7222 loss=0.148178 lr=1.796e-06
[train] step=7223 loss=0.181568 lr=1.795e-06
[train] step=7224 loss=0.129417 lr=1.793e-06
[train] step=7225 loss=0.147452 lr=1.792e-06
[train] step=7226 loss=0.170386 lr=1.791e-06
[train] step=7227 loss=0.182405 lr=1.790e-06
[train] step=7228 loss=0.296876 lr=1.789e-06
[train] step=7229 loss=0.314961 lr=1.787e-06
[train] step=7230 loss=0.186837 lr=1.786e-06
[train] step=7231 loss=0.194002 lr=1.785e-06
[train] step=7232 loss=0.292738 lr=1.784e-06
[train] step=7233 loss=0.210039 lr=1.783e-06
[train] step=7234 loss=0.168663 lr=1.781e-06
[train] step=7235 loss=0.231426 lr=1.780e-06
[train] step=7236 loss=0.163371 lr=1.779e-06
[train] step=7237 loss=0.159280 lr=1.778e-06
[train] step=7238 loss=0.171437 lr=1.777e-06
[train] step=7239 loss=0.074977 lr=1.775e-06
[train] step=7240 loss=0.238622 lr=1.774e-06
[train] step=7241 loss=0.157287 lr=1.773e-06
[train] step=7242 loss=0.243119 lr=1.772e-06
[train] step=7243 loss=0.157120 lr=1.771e-06
[train] step=7244 loss=0.128581 lr=1.769e-06
[train] step=7245 loss=0.166421 lr=1.768e-06
[train] step=7246 loss=0.196424 lr=1.767e-06
[train] step=7247 loss=0.305708 lr=1.766e-06
[train] step=7248 loss=0.167659 lr=1.765e-06
[train] step=7249 loss=0.247553 lr=1.763e-06
[train] step=7250 loss=0.199694 lr=1.762e-06
[train] step=7251 loss=0.266771 lr=1.761e-06
[train] step=7252 loss=0.265540 lr=1.760e-06
[train] step=7253 loss=0.321618 lr=1.759e-06
[train] step=7254 loss=0.455719 lr=1.757e-06
[train] step=7255 loss=0.151567 lr=1.756e-06
[train] step=7256 loss=0.228471 lr=1.755e-06
[train] step=7257 loss=0.146289 lr=1.754e-06
[train] step=7258 loss=0.167680 lr=1.753e-06
[train] step=7259 loss=0.215712 lr=1.751e-06
[train] step=7260 loss=0.135114 lr=1.750e-06
[train] step=7261 loss=0.201365 lr=1.749e-06
[train] step=7262 loss=0.151659 lr=1.748e-06
[train] step=7263 loss=0.236602 lr=1.747e-06
[train] step=7264 loss=0.170637 lr=1.746e-06
[train] step=7265 loss=0.177256 lr=1.744e-06
[train] step=7266 loss=0.184511 lr=1.743e-06
[train] step=7267 loss=0.231307 lr=1.742e-06
[train] step=7268 loss=0.175598 lr=1.741e-06
[train] step=7269 loss=0.088876 lr=1.740e-06
[train] step=7270 loss=0.238651 lr=1.738e-06
[train] step=7271 loss=0.170634 lr=1.737e-06
[train] step=7272 loss=0.244493 lr=1.736e-06
[train] step=7273 loss=0.241928 lr=1.735e-06
[train] step=7274 loss=0.218818 lr=1.734e-06
[train] step=7275 loss=0.180085 lr=1.732e-06
[train] step=7276 loss=0.186893 lr=1.731e-06
[train] step=7277 loss=0.180665 lr=1.730e-06
[train] step=7278 loss=0.211245 lr=1.729e-06
[train] step=7279 loss=0.227214 lr=1.728e-06
[train] step=7280 loss=0.101576 lr=1.727e-06
[train] step=7281 loss=0.173315 lr=1.725e-06
[train] step=7282 loss=0.168635 lr=1.724e-06
[train] step=7283 loss=0.214427 lr=1.723e-06
[train] step=7284 loss=0.214104 lr=1.722e-06
[train] step=7285 loss=0.085489 lr=1.721e-06
[train] step=7286 loss=0.239970 lr=1.719e-06
[train] step=7287 loss=0.176515 lr=1.718e-06
[train] step=7288 loss=0.189595 lr=1.717e-06
[train] step=7289 loss=0.111100 lr=1.716e-06
[train] step=7290 loss=0.271487 lr=1.715e-06
[train] step=7291 loss=0.121390 lr=1.714e-06
[train] step=7292 loss=0.197322 lr=1.712e-06
[train] step=7293 loss=0.155096 lr=1.711e-06
[train] step=7294 loss=0.220915 lr=1.710e-06
[train] step=7295 loss=0.132485 lr=1.709e-06
[train] step=7296 loss=0.206683 lr=1.708e-06
[train] step=7297 loss=0.238995 lr=1.706e-06
[train] step=7298 loss=0.150370 lr=1.705e-06
[train] step=7299 loss=0.231291 lr=1.704e-06
[train] step=7300 loss=0.180637 lr=1.703e-06
[train] step=7301 loss=0.112011 lr=1.702e-06
[train] step=7302 loss=0.232293 lr=1.701e-06
[train] step=7303 loss=0.336297 lr=1.699e-06
[train] step=7304 loss=0.145720 lr=1.698e-06
[train] step=7305 loss=0.215949 lr=1.697e-06
[train] step=7306 loss=0.114848 lr=1.696e-06
[train] step=7307 loss=0.163274 lr=1.695e-06
[train] step=7308 loss=0.119223 lr=1.694e-06
[train] step=7309 loss=0.151728 lr=1.692e-06
[train] step=7310 loss=0.113836 lr=1.691e-06
[train] step=7311 loss=0.281370 lr=1.690e-06
[train] step=7312 loss=0.145140 lr=1.689e-06
[train] step=7313 loss=0.224073 lr=1.688e-06
[train] step=7314 loss=0.223749 lr=1.686e-06
[train] step=7315 loss=0.161901 lr=1.685e-06
[train] step=7316 loss=0.138589 lr=1.684e-06
[train] step=7317 loss=0.200291 lr=1.683e-06
[train] step=7318 loss=0.184290 lr=1.682e-06
[train] step=7319 loss=0.278500 lr=1.681e-06
[train] step=7320 loss=0.150718 lr=1.679e-06
INFO     [rank 0] Model weights for step 7320 saved in       dit_trainer.py:1085
         checkpoints/model_weights_step_07320.safetensors                       
INFO     [rank 0] Scalar embedding weights for step 7320     dit_trainer.py:1092
         saved                                                                  
INFO     [rank 0] Training state saved:                      dit_trainer.py:1123
         checkpoints/model_weights_step_07320.state.pt                          
DEBUG    [rank 0] Removed old checkpoint:                    dit_trainer.py:1136
         /hppfs/scratch/0D/go76fuz2/windinet/outputs/shockwa                    
         ve_dit_anchor_kl1e7/checkpoints/model_weights_step_                    
         06720.safetensors                                                      
DEBUG    [rank 0] Removed old checkpoint:                    dit_trainer.py:1136
         /hppfs/scratch/0D/go76fuz2/windinet/outputs/shockwa                    
         ve_dit_anchor_kl1e7/checkpoints/model_weights_step_                    
         06720.state.pt                                                         
DEBUG    [rank 0] Removed old checkpoint:                    dit_trainer.py:1136
         /hppfs/scratch/0D/go76fuz2/windinet/outputs/shockwa                    
         ve_dit_anchor_kl1e7/checkpoints/scalar_embedding_st                    
         ep_06720.safetensors                                                   
[epoch 61] step=7320 train_loss=0.192133
[train] step=7321 loss=0.129288 lr=1.678e-06
[train] step=7322 loss=0.217580 lr=1.677e-06
[train] step=7323 loss=0.190018 lr=1.676e-06
[train] step=7324 loss=0.196875 lr=1.675e-06
[train] step=7325 loss=0.151770 lr=1.674e-06
[train] step=7326 loss=0.218125 lr=1.672e-06
[train] step=7327 loss=0.168449 lr=1.671e-06
[train] step=7328 loss=0.127163 lr=1.670e-06
[train] step=7329 loss=0.304926 lr=1.669e-06
[train] step=7330 loss=0.145433 lr=1.668e-06
[train] step=7331 loss=0.232358 lr=1.667e-06
[train] step=7332 loss=0.187809 lr=1.665e-06
[train] step=7333 loss=0.263607 lr=1.664e-06
[train] step=7334 loss=0.228237 lr=1.663e-06
[train] step=7335 loss=0.216106 lr=1.662e-06
[train] step=7336 loss=0.131639 lr=1.661e-06
[train] step=7337 loss=0.228575 lr=1.660e-06
[train] step=7338 loss=0.162477 lr=1.658e-06
[train] step=7339 loss=0.188021 lr=1.657e-06
[train] step=7340 loss=0.238337 lr=1.656e-06
[train] step=7341 loss=0.176087 lr=1.655e-06
[train] step=7342 loss=0.275627 lr=1.654e-06
[train] step=7343 loss=0.141585 lr=1.653e-06
[train] step=7344 loss=0.193026 lr=1.651e-06
[train] step=7345 loss=0.138127 lr=1.650e-06
[train] step=7346 loss=0.113884 lr=1.649e-06
[train] step=7347 loss=0.155302 lr=1.648e-06
[train] step=7348 loss=0.187898 lr=1.647e-06
[train] step=7349 loss=0.254723 lr=1.646e-06
[train] step=7350 loss=0.145484 lr=1.644e-06
[train] step=7351 loss=0.052718 lr=1.643e-06
[train] step=7352 loss=0.199382 lr=1.642e-06
[train] step=7353 loss=0.183548 lr=1.641e-06
[train] step=7354 loss=0.183760 lr=1.640e-06
[train] step=7355 loss=0.113864 lr=1.639e-06
[train] step=7356 loss=0.160507 lr=1.638e-06
[train] step=7357 loss=0.289619 lr=1.636e-06
[train] step=7358 loss=0.175819 lr=1.635e-06
[train] step=7359 loss=0.256038 lr=1.634e-06
[train] step=7360 loss=0.217683 lr=1.633e-06
[train] step=7361 loss=0.245123 lr=1.632e-06
[train] step=7362 loss=0.160773 lr=1.631e-06
[train] step=7363 loss=0.192271 lr=1.629e-06
[train] step=7364 loss=0.167300 lr=1.628e-06
[train] step=7365 loss=0.229918 lr=1.627e-06
[train] step=7366 loss=0.164297 lr=1.626e-06
[train] step=7367 loss=0.184761 lr=1.625e-06
[train] step=7368 loss=0.140657 lr=1.624e-06
[train] step=7369 loss=0.141188 lr=1.622e-06
[train] step=7370 loss=0.193122 lr=1.621e-06
[train] step=7371 loss=0.141599 lr=1.620e-06
[train] step=7372 loss=0.168314 lr=1.619e-06
[train] step=7373 loss=0.151292 lr=1.618e-06
[train] step=7374 loss=0.192552 lr=1.617e-06
[train] step=7375 loss=0.170948 lr=1.616e-06
[train] step=7376 loss=0.234404 lr=1.614e-06
[train] step=7377 loss=0.158387 lr=1.613e-06
[train] step=7378 loss=0.219507 lr=1.612e-06
[train] step=7379 loss=0.179033 lr=1.611e-06
[train] step=7380 loss=0.149094 lr=1.610e-06
[train] step=7381 loss=0.324643 lr=1.609e-06
[train] step=7382 loss=0.139826 lr=1.607e-06
[train] step=7383 loss=0.326013 lr=1.606e-06
[train] step=7384 loss=0.110668 lr=1.605e-06
[train] step=7385 loss=0.220836 lr=1.604e-06
[train] step=7386 loss=0.129845 lr=1.603e-06
[train] step=7387 loss=0.171497 lr=1.602e-06
[train] step=7388 loss=0.181701 lr=1.601e-06
[train] step=7389 loss=0.102769 lr=1.599e-06
[train] step=7390 loss=0.279438 lr=1.598e-06
[train] step=7391 loss=0.117134 lr=1.597e-06
[train] step=7392 loss=0.201045 lr=1.596e-06
[train] step=7393 loss=0.206850 lr=1.595e-06
[train] step=7394 loss=0.322386 lr=1.594e-06
[train] step=7395 loss=0.244607 lr=1.593e-06
[train] step=7396 loss=0.214411 lr=1.591e-06
[train] step=7397 loss=0.186627 lr=1.590e-06
[train] step=7398 loss=0.097288 lr=1.589e-06
[train] step=7399 loss=0.180793 lr=1.588e-06
[train] step=7400 loss=0.265159 lr=1.587e-06
[train] step=7401 loss=0.223156 lr=1.586e-06
[train] step=7402 loss=0.272453 lr=1.585e-06
[train] step=7403 loss=0.188439 lr=1.583e-06
[train] step=7404 loss=0.167626 lr=1.582e-06
[train] step=7405 loss=0.295805 lr=1.581e-06
[train] step=7406 loss=0.218093 lr=1.580e-06
[train] step=7407 loss=0.132585 lr=1.579e-06
[train] step=7408 loss=0.178699 lr=1.578e-06
[train] step=7409 loss=0.271523 lr=1.577e-06
[train] step=7410 loss=0.179101 lr=1.575e-06
[train] step=7411 loss=0.154533 lr=1.574e-06
[train] step=7412 loss=0.190496 lr=1.573e-06
[train] step=7413 loss=0.226531 lr=1.572e-06
[train] step=7414 loss=0.095416 lr=1.571e-06
[train] step=7415 loss=0.126337 lr=1.570e-06
[train] step=7416 loss=0.227638 lr=1.569e-06
[train] step=7417 loss=0.194700 lr=1.567e-06
[train] step=7418 loss=0.133502 lr=1.566e-06
[train] step=7419 loss=0.234977 lr=1.565e-06
[train] step=7420 loss=0.096389 lr=1.564e-06
[train] step=7421 loss=0.200439 lr=1.563e-06
[train] step=7422 loss=0.189775 lr=1.562e-06
[train] step=7423 loss=0.107670 lr=1.561e-06
[train] step=7424 loss=0.103774 lr=1.559e-06
[train] step=7425 loss=0.261480 lr=1.558e-06
[train] step=7426 loss=0.101746 lr=1.557e-06
[train] step=7427 loss=0.168240 lr=1.556e-06
[train] step=7428 loss=0.257686 lr=1.555e-06
[train] step=7429 loss=0.304592 lr=1.554e-06
[train] step=7430 loss=0.175901 lr=1.553e-06
[train] step=7431 loss=0.256251 lr=1.552e-06
[train] step=7432 loss=0.137693 lr=1.550e-06
[train] step=7433 loss=0.213234 lr=1.549e-06
[train] step=7434 loss=0.113304 lr=1.548e-06
[train] step=7435 loss=0.115096 lr=1.547e-06
[train] step=7436 loss=0.174073 lr=1.546e-06
[train] step=7437 loss=0.098873 lr=1.545e-06
[train] step=7438 loss=0.280757 lr=1.544e-06
[train] step=7439 loss=0.179832 lr=1.542e-06
[train] step=7440 loss=0.174798 lr=1.541e-06
INFO     [rank 0] Model weights for step 7440 saved in       dit_trainer.py:1085
         checkpoints/model_weights_step_07440.safetensors                       
INFO     [rank 0] Scalar embedding weights for step 7440     dit_trainer.py:1092
         saved                                                                  
INFO     [rank 0] Training state saved:                      dit_trainer.py:1123
         checkpoints/model_weights_step_07440.state.pt                          
DEBUG    [rank 0] Removed old checkpoint:                    dit_trainer.py:1136
         /hppfs/scratch/0D/go76fuz2/windinet/outputs/shockwa                    
         ve_dit_anchor_kl1e7/checkpoints/model_weights_step_                    
         06840.safetensors                                                      
DEBUG    [rank 0] Removed old checkpoint:                    dit_trainer.py:1136
         /hppfs/scratch/0D/go76fuz2/windinet/outputs/shockwa                    
         ve_dit_anchor_kl1e7/checkpoints/model_weights_step_                    
         06840.state.pt                                                         
DEBUG    [rank 0] Removed old checkpoint:                    dit_trainer.py:1136
         /hppfs/scratch/0D/go76fuz2/windinet/outputs/shockwa                    
         ve_dit_anchor_kl1e7/checkpoints/scalar_embedding_st                    
         ep_06840.safetensors                                                   
[epoch 62] step=7440 train_loss=0.187906
[train] step=7441 loss=0.265919 lr=1.540e-06
[train] step=7442 loss=0.111239 lr=1.539e-06
[train] step=7443 loss=0.075930 lr=1.538e-06
[train] step=7444 loss=0.252203 lr=1.537e-06
[train] step=7445 loss=0.143708 lr=1.536e-06
[train] step=7446 loss=0.263572 lr=1.535e-06
[train] step=7447 loss=0.119546 lr=1.533e-06
[train] step=7448 loss=0.164266 lr=1.532e-06
[train] step=7449 loss=0.181435 lr=1.531e-06
[train] step=7450 loss=0.226821 lr=1.530e-06
[train] step=7451 loss=0.117699 lr=1.529e-06
[train] step=7452 loss=0.189104 lr=1.528e-06
[train] step=7453 loss=0.200817 lr=1.527e-06
[train] step=7454 loss=0.289848 lr=1.526e-06
[train] step=7455 loss=0.206879 lr=1.524e-06
[train] step=7456 loss=0.227632 lr=1.523e-06
[train] step=7457 loss=0.200367 lr=1.522e-06
[train] step=7458 loss=0.218128 lr=1.521e-06
[train] step=7459 loss=0.173497 lr=1.520e-06
[train] step=7460 loss=0.140167 lr=1.519e-06
[train] step=7461 loss=0.168665 lr=1.518e-06
[train] step=7462 loss=0.128381 lr=1.517e-06
[train] step=7463 loss=0.232896 lr=1.515e-06
[train] step=7464 loss=0.145755 lr=1.514e-06
[train] step=7465 loss=0.255301 lr=1.513e-06
[train] step=7466 loss=0.150089 lr=1.512e-06
[train] step=7467 loss=0.164551 lr=1.511e-06
[train] step=7468 loss=0.152403 lr=1.510e-06
[train] step=7469 loss=0.222004 lr=1.509e-06
[train] step=7470 loss=0.144359 lr=1.508e-06
[train] step=7471 loss=0.224355 lr=1.506e-06
[train] step=7472 loss=0.200848 lr=1.505e-06
[train] step=7473 loss=0.167536 lr=1.504e-06
[train] step=7474 loss=0.373084 lr=1.503e-06
[train] step=7475 loss=0.126000 lr=1.502e-06
[train] step=7476 loss=0.174068 lr=1.501e-06
[train] step=7477 loss=0.200076 lr=1.500e-06
[train] step=7478 loss=0.193000 lr=1.499e-06
[train] step=7479 loss=0.107273 lr=1.497e-06
[train] step=7480 loss=0.185494 lr=1.496e-06
[train] step=7481 loss=0.136548 lr=1.495e-06
[train] step=7482 loss=0.274071 lr=1.494e-06
[train] step=7483 loss=0.291395 lr=1.493e-06
[train] step=7484 loss=0.152732 lr=1.492e-06
[train] step=7485 loss=0.216700 lr=1.491e-06
[train] step=7486 loss=0.097656 lr=1.490e-06
[train] step=7487 loss=0.139960 lr=1.489e-06
[train] step=7488 loss=0.071586 lr=1.487e-06
[train] step=7489 loss=0.160863 lr=1.486e-06
[train] step=7490 loss=0.250898 lr=1.485e-06
[train] step=7491 loss=0.139731 lr=1.484e-06
[train] step=7492 loss=0.186889 lr=1.483e-06
[train] step=7493 loss=0.232344 lr=1.482e-06
[train] step=7494 loss=0.082994 lr=1.481e-06
[train] step=7495 loss=0.151243 lr=1.480e-06
[train] step=7496 loss=0.145876 lr=1.479e-06
[train] step=7497 loss=0.293923 lr=1.477e-06
[train] step=7498 loss=0.262661 lr=1.476e-06
[train] step=7499 loss=0.172021 lr=1.475e-06
[train] step=7500 loss=0.125147 lr=1.474e-06
[train] step=7501 loss=0.195876 lr=1.473e-06
[train] step=7502 loss=0.135948 lr=1.472e-06
[train] step=7503 loss=0.303003 lr=1.471e-06
[train] step=7504 loss=0.149649 lr=1.470e-06
[train] step=7505 loss=0.182515 lr=1.469e-06
[train] step=7506 loss=0.213507 lr=1.467e-06
[train] step=7507 loss=0.208090 lr=1.466e-06
[train] step=7508 loss=0.168336 lr=1.465e-06
[train] step=7509 loss=0.212336 lr=1.464e-06
[train] step=7510 loss=0.309031 lr=1.463e-06
[train] step=7511 loss=0.273557 lr=1.462e-06
[train] step=7512 loss=0.183089 lr=1.461e-06
[train] step=7513 loss=0.221535 lr=1.460e-06
[train] step=7514 loss=0.171498 lr=1.459e-06
[train] step=7515 loss=0.159927 lr=1.458e-06
[train] step=7516 loss=0.123083 lr=1.456e-06
[train] step=7517 loss=0.177881 lr=1.455e-06
[train] step=7518 loss=0.177494 lr=1.454e-06
[train] step=7519 loss=0.162693 lr=1.453e-06
[train] step=7520 loss=0.130049 lr=1.452e-06
[train] step=7521 loss=0.204323 lr=1.451e-06
[train] step=7522 loss=0.170743 lr=1.450e-06
[train] step=7523 loss=0.201037 lr=1.449e-06
[train] step=7524 loss=0.118399 lr=1.448e-06
[train] step=7525 loss=0.211133 lr=1.446e-06
[train] step=7526 loss=0.145990 lr=1.445e-06
[train] step=7527 loss=0.205235 lr=1.444e-06
[train] step=7528 loss=0.198434 lr=1.443e-06
[train] step=7529 loss=0.259515 lr=1.442e-06
[train] step=7530 loss=0.150152 lr=1.441e-06
[train] step=7531 loss=0.136052 lr=1.440e-06
[train] step=7532 loss=0.150161 lr=1.439e-06
[train] step=7533 loss=0.157819 lr=1.438e-06
[train] step=7534 loss=0.156599 lr=1.437e-06
[train] step=7535 loss=0.130686 lr=1.435e-06
[train] step=7536 loss=0.195363 lr=1.434e-06
[train] step=7537 loss=0.251572 lr=1.433e-06
[train] step=7538 loss=0.184413 lr=1.432e-06
[train] step=7539 loss=0.091600 lr=1.431e-06
[train] step=7540 loss=0.207576 lr=1.430e-06
[train] step=7541 loss=0.120253 lr=1.429e-06
[train] step=7542 loss=0.128721 lr=1.428e-06
[train] step=7543 loss=0.171709 lr=1.427e-06
[train] step=7544 loss=0.164668 lr=1.426e-06
[train] step=7545 loss=0.191594 lr=1.425e-06
[train] step=7546 loss=0.103174 lr=1.423e-06
[train] step=7547 loss=0.141932 lr=1.422e-06
[train] step=7548 loss=0.195323 lr=1.421e-06
[train] step=7549 loss=0.131216 lr=1.420e-06
[train] step=7550 loss=0.180615 lr=1.419e-06
[train] step=7551 loss=0.234289 lr=1.418e-06
[train] step=7552 loss=0.204349 lr=1.417e-06
[train] step=7553 loss=0.209719 lr=1.416e-06
[train] step=7554 loss=0.144557 lr=1.415e-06
[train] step=7555 loss=0.155479 lr=1.414e-06
[train] step=7556 loss=0.246005 lr=1.413e-06
[train] step=7557 loss=0.284059 lr=1.411e-06
[train] step=7558 loss=0.133791 lr=1.410e-06
[train] step=7559 loss=0.194283 lr=1.409e-06
[train] step=7560 loss=0.218215 lr=1.408e-06
INFO     [rank 0] Model weights for step 7560 saved in       dit_trainer.py:1085
         checkpoints/model_weights_step_07560.safetensors                       
INFO     [rank 0] Scalar embedding weights for step 7560     dit_trainer.py:1092
         saved                                                                  
INFO     [rank 0] Training state saved:                      dit_trainer.py:1123
         checkpoints/model_weights_step_07560.state.pt                          
DEBUG    [rank 0] Removed old checkpoint:                    dit_trainer.py:1136
         /hppfs/scratch/0D/go76fuz2/windinet/outputs/shockwa                    
         ve_dit_anchor_kl1e7/checkpoints/model_weights_step_                    
         06960.safetensors                                                      
DEBUG    [rank 0] Removed old checkpoint:                    dit_trainer.py:1136
         /hppfs/scratch/0D/go76fuz2/windinet/outputs/shockwa                    
         ve_dit_anchor_kl1e7/checkpoints/model_weights_step_                    
         06960.state.pt                                                         
DEBUG    [rank 0] Removed old checkpoint:                    dit_trainer.py:1136
         /hppfs/scratch/0D/go76fuz2/windinet/outputs/shockwa                    
         ve_dit_anchor_kl1e7/checkpoints/scalar_embedding_st                    
         ep_06960.safetensors                                                   
[epoch 63] step=7560 train_loss=0.183055
[train] step=7561 loss=0.166064 lr=1.407e-06
[train] step=7562 loss=0.140241 lr=1.406e-06
[train] step=7563 loss=0.128384 lr=1.405e-06
[train] step=7564 loss=0.266769 lr=1.404e-06
[train] step=7565 loss=0.178381 lr=1.403e-06
[train] step=7566 loss=0.242208 lr=1.402e-06
[train] step=7567 loss=0.274804 lr=1.401e-06
[train] step=7568 loss=0.162153 lr=1.399e-06
[train] step=7569 loss=0.211074 lr=1.398e-06
[train] step=7570 loss=0.163542 lr=1.397e-06
[train] step=7571 loss=0.199489 lr=1.396e-06
[train] step=7572 loss=0.176685 lr=1.395e-06
[train] step=7573 loss=0.197646 lr=1.394e-06
[train] step=7574 loss=0.211046 lr=1.393e-06
[train] step=7575 loss=0.105326 lr=1.392e-06
[train] step=7576 loss=0.101681 lr=1.391e-06
[train] step=7577 loss=0.142142 lr=1.390e-06
[train] step=7578 loss=0.164150 lr=1.389e-06
[train] step=7579 loss=0.112358 lr=1.388e-06
[train] step=7580 loss=0.168063 lr=1.386e-06
[train] step=7581 loss=0.233263 lr=1.385e-06
[train] step=7582 loss=0.209200 lr=1.384e-06
[train] step=7583 loss=0.183373 lr=1.383e-06
[train] step=7584 loss=0.168197 lr=1.382e-06
[train] step=7585 loss=0.130586 lr=1.381e-06
[train] step=7586 loss=0.189525 lr=1.380e-06
[train] step=7587 loss=0.148628 lr=1.379e-06
[train] step=7588 loss=0.128981 lr=1.378e-06
[train] step=7589 loss=0.103124 lr=1.377e-06
[train] step=7590 loss=0.163483 lr=1.376e-06
[train] step=7591 loss=0.165754 lr=1.375e-06
[train] step=7592 loss=0.174655 lr=1.373e-06
[train] step=7593 loss=0.305353 lr=1.372e-06
[train] step=7594 loss=0.202858 lr=1.371e-06
[train] step=7595 loss=0.101127 lr=1.370e-06
[train] step=7596 loss=0.231854 lr=1.369e-06
[train] step=7597 loss=0.194808 lr=1.368e-06
[train] step=7598 loss=0.149998 lr=1.367e-06
[train] step=7599 loss=0.325220 lr=1.366e-06
[train] step=7600 loss=0.130586 lr=1.365e-06
[train] step=7601 loss=0.230384 lr=1.364e-06
[train] step=7602 loss=0.170044 lr=1.363e-06
[train] step=7603 loss=0.191625 lr=1.362e-06
[train] step=7604 loss=0.159987 lr=1.361e-06
[train] step=7605 loss=0.288398 lr=1.360e-06
[train] step=7606 loss=0.210217 lr=1.358e-06
[train] step=7607 loss=0.265302 lr=1.357e-06
[train] step=7608 loss=0.154186 lr=1.356e-06
[train] step=7609 loss=0.156384 lr=1.355e-06
[train] step=7610 loss=0.124727 lr=1.354e-06
[train] step=7611 loss=0.179860 lr=1.353e-06
[train] step=7612 loss=0.175248 lr=1.352e-06
[train] step=7613 loss=0.282539 lr=1.351e-06
[train] step=7614 loss=0.184323 lr=1.350e-06
[train] step=7615 loss=0.181468 lr=1.349e-06
[train] step=7616 loss=0.245433 lr=1.348e-06
[train] step=7617 loss=0.177662 lr=1.347e-06
[train] step=7618 loss=0.183166 lr=1.346e-06
[train] step=7619 loss=0.175820 lr=1.345e-06
[train] step=7620 loss=0.109682 lr=1.343e-06
[train] step=7621 loss=0.261576 lr=1.342e-06
[train] step=7622 loss=0.119161 lr=1.341e-06
[train] step=7623 loss=0.214906 lr=1.340e-06
[train] step=7624 loss=0.162164 lr=1.339e-06
[train] step=7625 loss=0.174735 lr=1.338e-06
[train] step=7626 loss=0.199740 lr=1.337e-06
[train] step=7627 loss=0.366808 lr=1.336e-06
[train] step=7628 loss=0.199883 lr=1.335e-06
[train] step=7629 loss=0.200504 lr=1.334e-06
[train] step=7630 loss=0.190961 lr=1.333e-06
[train] step=7631 loss=0.213059 lr=1.332e-06
[train] step=7632 loss=0.153679 lr=1.331e-06
[train] step=7633 loss=0.160672 lr=1.330e-06
[train] step=7634 loss=0.174684 lr=1.329e-06
[train] step=7635 loss=0.217291 lr=1.327e-06
[train] step=7636 loss=0.160191 lr=1.326e-06
[train] step=7637 loss=0.171455 lr=1.325e-06
[train] step=7638 loss=0.199033 lr=1.324e-06
[train] step=7639 loss=0.122528 lr=1.323e-06
[train] step=7640 loss=0.501900 lr=1.322e-06
[train] step=7641 loss=0.141532 lr=1.321e-06
[train] step=7642 loss=0.126391 lr=1.320e-06
[train] step=7643 loss=0.117482 lr=1.319e-06
[train] step=7644 loss=0.191738 lr=1.318e-06
[train] step=7645 loss=0.197166 lr=1.317e-06
[train] step=7646 loss=0.178933 lr=1.316e-06
[train] step=7647 loss=0.303619 lr=1.315e-06
[train] step=7648 loss=0.200586 lr=1.314e-06
[train] step=7649 loss=0.179460 lr=1.313e-06
[train] step=7650 loss=0.296414 lr=1.312e-06
[train] step=7651 loss=0.323196 lr=1.311e-06
[train] step=7652 loss=0.237283 lr=1.309e-06
[train] step=7653 loss=0.198172 lr=1.308e-06
[train] step=7654 loss=0.144072 lr=1.307e-06
[train] step=7655 loss=0.180021 lr=1.306e-06
[train] step=7656 loss=0.189461 lr=1.305e-06
[train] step=7657 loss=0.161611 lr=1.304e-06
[train] step=7658 loss=0.249381 lr=1.303e-06
[train] step=7659 loss=0.209506 lr=1.302e-06
[train] step=7660 loss=0.147541 lr=1.301e-06
[train] step=7661 loss=0.160630 lr=1.300e-06
[train] step=7662 loss=0.298444 lr=1.299e-06
[train] step=7663 loss=0.284106 lr=1.298e-06
[train] step=7664 loss=0.280716 lr=1.297e-06
[train] step=7665 loss=0.113976 lr=1.296e-06
[train] step=7666 loss=0.135103 lr=1.295e-06
[train] step=7667 loss=0.130719 lr=1.294e-06
[train] step=7668 loss=0.202497 lr=1.293e-06
[train] step=7669 loss=0.198428 lr=1.292e-06
[train] step=7670 loss=0.089484 lr=1.291e-06
[train] step=7671 loss=0.155369 lr=1.289e-06
[train] step=7672 loss=0.131249 lr=1.288e-06
[train] step=7673 loss=0.222303 lr=1.287e-06
[train] step=7674 loss=0.142825 lr=1.286e-06
[train] step=7675 loss=0.149436 lr=1.285e-06
[train] step=7676 loss=0.227065 lr=1.284e-06
[train] step=7677 loss=0.247582 lr=1.283e-06
[train] step=7678 loss=0.136379 lr=1.282e-06
[train] step=7679 loss=0.132864 lr=1.281e-06
[train] step=7680 loss=0.266406 lr=1.280e-06
INFO     [rank 0] Model weights for step 7680 saved in       dit_trainer.py:1085
         checkpoints/model_weights_step_07680.safetensors                       
INFO     [rank 0] Scalar embedding weights for step 7680     dit_trainer.py:1092
         saved                                                                  
INFO     [rank 0] Training state saved:                      dit_trainer.py:1123
         checkpoints/model_weights_step_07680.state.pt                          
DEBUG    [rank 0] Removed old checkpoint:                    dit_trainer.py:1136
         /hppfs/scratch/0D/go76fuz2/windinet/outputs/shockwa                    
         ve_dit_anchor_kl1e7/checkpoints/model_weights_step_                    
         07080.safetensors                                                      
DEBUG    [rank 0] Removed old checkpoint:                    dit_trainer.py:1136
         /hppfs/scratch/0D/go76fuz2/windinet/outputs/shockwa                    
         ve_dit_anchor_kl1e7/checkpoints/model_weights_step_                    
         07080.state.pt                                                         
DEBUG    [rank 0] Removed old checkpoint:                    dit_trainer.py:1136
         /hppfs/scratch/0D/go76fuz2/windinet/outputs/shockwa                    
         ve_dit_anchor_kl1e7/checkpoints/scalar_embedding_st                    
         ep_07080.safetensors                                                   
[epoch 64] step=7680 train_loss=0.189959
[train] step=7681 loss=0.112879 lr=1.279e-06
[train] step=7682 loss=0.134718 lr=1.278e-06
[train] step=7683 loss=0.298847 lr=1.277e-06
[train] step=7684 loss=0.144415 lr=1.276e-06
[train] step=7685 loss=0.236858 lr=1.275e-06
[train] step=7686 loss=0.138677 lr=1.274e-06
[train] step=7687 loss=0.156147 lr=1.273e-06
[train] step=7688 loss=0.167321 lr=1.272e-06
[train] step=7689 loss=0.095527 lr=1.271e-06
[train] step=7690 loss=0.174232 lr=1.270e-06
[train] step=7691 loss=0.151966 lr=1.269e-06
[train] step=7692 loss=0.118365 lr=1.268e-06
[train] step=7693 loss=0.137206 lr=1.267e-06
[train] step=7694 loss=0.212171 lr=1.265e-06
[train] step=7695 loss=0.141995 lr=1.264e-06
[train] step=7696 loss=0.168216 lr=1.263e-06
[train] step=7697 loss=0.275522 lr=1.262e-06
[train] step=7698 loss=0.152418 lr=1.261e-06
[train] step=7699 loss=0.237404 lr=1.260e-06
[train] step=7700 loss=0.187495 lr=1.259e-06
[train] step=7701 loss=0.060659 lr=1.258e-06
[train] step=7702 loss=0.177295 lr=1.257e-06
[train] step=7703 loss=0.382478 lr=1.256e-06
[train] step=7704 loss=0.181523 lr=1.255e-06
[train] step=7705 loss=0.130658 lr=1.254e-06
[train] step=7706 loss=0.127798 lr=1.253e-06
[train] step=7707 loss=0.127129 lr=1.252e-06
[train] step=7708 loss=0.135792 lr=1.251e-06
[train] step=7709 loss=0.100731 lr=1.250e-06
[train] step=7710 loss=0.214010 lr=1.249e-06
[train] step=7711 loss=0.055023 lr=1.248e-06
[train] step=7712 loss=0.230059 lr=1.247e-06
[train] step=7713 loss=0.139363 lr=1.246e-06
[train] step=7714 loss=0.258399 lr=1.245e-06
[train] step=7715 loss=0.168829 lr=1.244e-06
[train] step=7716 loss=0.166571 lr=1.243e-06
[train] step=7717 loss=0.139486 lr=1.242e-06
[train] step=7718 loss=0.193034 lr=1.241e-06
[train] step=7719 loss=0.179553 lr=1.240e-06
[train] step=7720 loss=0.221601 lr=1.239e-06
[train] step=7721 loss=0.155181 lr=1.238e-06
[train] step=7722 loss=0.069615 lr=1.236e-06
[train] step=7723 loss=0.215493 lr=1.235e-06
[train] step=7724 loss=0.293291 lr=1.234e-06
[train] step=7725 loss=0.148979 lr=1.233e-06
[train] step=7726 loss=0.181654 lr=1.232e-06
[train] step=7727 loss=0.096625 lr=1.231e-06
[train] step=7728 loss=0.250823 lr=1.230e-06
[train] step=7729 loss=0.211148 lr=1.229e-06
[train] step=7730 loss=0.166241 lr=1.228e-06
[train] step=7731 loss=0.119353 lr=1.227e-06
[train] step=7732 loss=0.149267 lr=1.226e-06
