job=22767 node=lundquist gpus=0,1
PREPROCESSED_NAME: finetune_vae_whole_structure_baseline_ep20_kl0
BASE_CONFIG: configs/dit/train_dit_lundquist_cosine_kl0_15k.yaml
preprocessed_data_root=dit_preprocessed/finetune_vae_whole_structure_baseline_ep20_kl0 output_dir=dit_outputs/lundquist/dit_cosine_kl0_15k
MAIN_PROCESS_PORT: 52155
                             Training Configuration                             
┏━━━━━━━━━━━━━━━━━━━━━━━━━━━━━━━━━━━━━━┳━━━━━━━━━━━━━━━━━━━━━━━━━━━━━━━━━━━━━━━┓
┃ Parameter                            ┃ Value                                 ┃
┡━━━━━━━━━━━━━━━━━━━━━━━━━━━━━━━━━━━━━━╇━━━━━━━━━━━━━━━━━━━━━━━━━━━━━━━━━━━━━━━┩
│ model.model_source                   │ LTXV_2B_0.9.6_DEV                     │
│ model.load_checkpoint                │ None                                  │
│ conditioning.first_frame_conditioni… │ 1.0                                   │
│ lora.enabled                         │ False                                 │
│ lora.rank                            │ 16                                    │
│ lora.alpha                           │ 16                                    │
│ lora.dropout                         │ 0.0                                   │
│ lora.target_modules                  │ to_q, to_k, to_v, to_out.0            │
│ scalar_conditioning.enabled          │ True                                  │
│ scalar_conditioning.scalar_names     │ gamma                                 │
│ scalar_conditioning.scalar_ranges    │ {'gamma': (1.0, 2.0)}                 │
│ scalar_conditioning.embedding_dim    │ 4096                                  │
│ scalar_conditioning.num_tokens_per_… │ 4                                     │
│ scalar_conditioning.fourier_features │ 64                                    │
│ scalar_conditioning.mlp_hidden_dim   │ 256                                   │
│ scalar_conditioning.dropout          │ 0.1                                   │
│ optimization.learning_rate           │ 1e-05                                 │
│ optimization.steps                   │ 15000                                 │
│ optimization.batch_size              │ 4                                     │
│ optimization.gradient_accumulation_… │ 4                                     │
│ optimization.max_grad_norm           │ 1.0                                   │
│ optimization.optimizer_type          │ adamw                                 │
│ optimization.scheduler_type          │ cosine                                │
│ optimization.scheduler_params        │ {'eta_min': 1e-08}                    │
│ optimization.enable_gradient_checkp… │ True                                  │
│ acceleration.mixed_precision_mode    │ bf16                                  │
│ acceleration.compile_with_inductor   │ False                                 │
│ acceleration.compilation_mode        │ reduce-overhead                       │
│ data.preprocessed_data_root          │ dit_preprocessed/finetune_vae_whole_… │
│ data.num_dataloader_workers          │ 4                                     │
│ validation.data_root                 │ dit_preprocessed/finetune_vae_whole_… │
│ validation.interval                  │ 600                                   │
│ validation.max_samples               │ 0                                     │
│ checkpoints.interval                 │ 120                                   │
│ checkpoints.keep_last_n              │ 2                                     │
│ checkpoints.save_best_only           │ False                                 │
│ checkpoints.best_metric              │ val_total_loss                        │
│ checkpoints.save_last_state          │ True                                  │
│ checkpoints.save_epochs              │                                       │
│ flow_matching.timestep_sampling_mode │ shifted_logit_normal                  │
│ flow_matching.timestep_sampling_par… │ {}                                    │
│ visualization.enabled                │ True                                  │
│ visualization.interval               │ 2000                                  │
│ visualization.num_samples            │ 3                                     │
│ visualization.frame_numbers          │ 25, 50, 75, 100                       │
│ visualization.num_inference_steps    │ 20                                    │
│ visualization.dpi                    │ 150                                   │
│ wandb.enabled                        │ False                                 │
│ wandb.project                        │ shockwavenet                          │
│ wandb.entity                         │ None                                  │
│ wandb.tags                           │ cfd, full, 2b, scalar-only,           │
│                                      │ lundquist, 128res, cosine-vae, kl0,   │
│                                      │ 15k-st...                             │
│ seed                                 │ 42                                    │
│ output_dir                           │ /local/disk/hramachandran/work/wh_wo… │
│ resume_weights_only                  │ False                                 │
└──────────────────────────────────────┴───────────────────────────────────────┘
/local/disk/hramachandran/miniconda/envs/windinet/lib/python3.10/site-packages/huggingface_hub/utils/_validators.py:205: UserWarning: The `local_dir_use_symlinks` argument is deprecated and ignored in `hf_hub_download`. Downloading to a local directory does not use symlinks anymore.
  warnings.warn(
INFO     [rank 1] HTTP Request: HEAD                             _client.py:1025
         https://huggingface.co/Lightricks/LTX-Video-0.9.5/resol                
         ve/main/vae/config.json "HTTP/1.1 307 Temporary                        
         Redirect"                                                              
INFO     [rank 0] Distributed training enabled with 2        dit_trainer.py:1472
         processes                                                              
INFO     [rank 0] Global batch size: 32                      dit_trainer.py:1478
/local/disk/hramachandran/miniconda/envs/windinet/lib/python3.10/site-packages/huggingface_hub/utils/_validators.py:205: UserWarning: The `local_dir_use_symlinks` argument is deprecated and ignored in `hf_hub_download`. Downloading to a local directory does not use symlinks anymore.
  warnings.warn(
INFO     [rank 0] HTTP Request: HEAD                             _client.py:1025
         https://huggingface.co/Lightricks/LTX-Video-0.9.5/resol                
         ve/main/vae/config.json "HTTP/1.1 307 Temporary                        
         Redirect"                                                              
INFO     [rank 0] HTTP Request: HEAD                             _client.py:1025
         https://huggingface.co/api/resolve-cache/models/Lightri                
         cks/LTX-Video-0.9.5/e58e28c39631af4d1468ee57a853764e11c                
         1d37e/vae%2Fconfig.json "HTTP/1.1 200 OK"                              
INFO     [rank 1] HTTP Request: HEAD                             _client.py:1025
         https://huggingface.co/api/resolve-cache/models/Lightri                
         cks/LTX-Video-0.9.5/e58e28c39631af4d1468ee57a853764e11c                
         1d37e/vae%2Fconfig.json "HTTP/1.1 200 OK"                              
INFO     [rank 0] HTTP Request: HEAD                             _client.py:1025
         https://huggingface.co/Lightricks/LTX-Video-0.9.5/resol                
         ve/e58e28c39631af4d1468ee57a853764e11c1d37e/vae/diffusi                
         on_pytorch_model.safetensors.index.json "HTTP/1.1 404                  
         Not Found"                                                             
INFO     [rank 1] HTTP Request: HEAD                             _client.py:1025
         https://huggingface.co/Lightricks/LTX-Video-0.9.5/resol                
         ve/e58e28c39631af4d1468ee57a853764e11c1d37e/vae/diffusi                
         on_pytorch_model.safetensors.index.json "HTTP/1.1 404                  
         Not Found"                                                             
INFO     [rank 1] HTTP Request: HEAD                             _client.py:1025
         https://huggingface.co/Lightricks/LTX-Video-0.9.5/resol                
         ve/main/scheduler/scheduler_config.json "HTTP/1.1 307                  
         Temporary Redirect"                                                    
INFO     [rank 0] HTTP Request: HEAD                             _client.py:1025
         https://huggingface.co/Lightricks/LTX-Video-0.9.5/resol                
         ve/main/scheduler/scheduler_config.json "HTTP/1.1 307                  
         Temporary Redirect"                                                    
INFO     [rank 1] HTTP Request: HEAD                             _client.py:1025
         https://huggingface.co/api/resolve-cache/models/Lightri                
         cks/LTX-Video-0.9.5/e58e28c39631af4d1468ee57a853764e11c                
         1d37e/scheduler%2Fscheduler_config.json "HTTP/1.1 200                  
         OK"                                                                    
INFO     [rank 0] HTTP Request: HEAD                             _client.py:1025
         https://huggingface.co/api/resolve-cache/models/Lightri                
         cks/LTX-Video-0.9.5/e58e28c39631af4d1468ee57a853764e11c                
         1d37e/scheduler%2Fscheduler_config.json "HTTP/1.1 200                  
         OK"                                                                    
INFO     [rank 1] HTTP Request: HEAD                             _client.py:1025
         https://huggingface.co/Lightricks/LTX-Video/resolve/mai                
         n/ltxv-2b-0.9.6-dev-04-25.safetensors "HTTP/1.1 302                    
         Found"                                                                 
INFO     [rank 0] HTTP Request: HEAD                             _client.py:1025
         https://huggingface.co/Lightricks/LTX-Video/resolve/mai                
         n/ltxv-2b-0.9.6-dev-04-25.safetensors "HTTP/1.1 302                    
         Found"                                                                 
INFO     [rank 1] HTTP Request: HEAD                             _client.py:1025
         https://huggingface.co/Lightricks/LTX-Video-0.9.5/resol                
         ve/main/transformer/config.json "HTTP/1.1 307 Temporary                
         Redirect"                                                              
INFO     [rank 0] HTTP Request: HEAD                             _client.py:1025
         https://huggingface.co/Lightricks/LTX-Video-0.9.5/resol                
         ve/main/transformer/config.json "HTTP/1.1 307 Temporary                
         Redirect"                                                              
INFO     [rank 1] HTTP Request: HEAD                             _client.py:1025
         https://huggingface.co/api/resolve-cache/models/Lightri                
         cks/LTX-Video-0.9.5/e58e28c39631af4d1468ee57a853764e11c                
         1d37e/transformer%2Fconfig.json "HTTP/1.1 200 OK"                      
INFO     [rank 0] HTTP Request: HEAD                             _client.py:1025
         https://huggingface.co/api/resolve-cache/models/Lightri                
         cks/LTX-Video-0.9.5/e58e28c39631af4d1468ee57a853764e11c                
         1d37e/transformer%2Fconfig.json "HTTP/1.1 200 OK"                      
INFO     [rank 0] Initializing scalar embeddings for:         dit_trainer.py:867
         ['gamma']                                                              
DEBUG    [rank 0] Scalar embedding params: 4,310,528          dit_trainer.py:894
DEBUG    [rank 0] Total trainable params count: 1,927,696,000 dit_trainer.py:898
DEBUG    [rank 0] Process 0 using seed: 42                    dit_trainer.py:389
DEBUG    [rank 0] Loaded dataset with 3,825 samples from     dit_trainer.py:1115
         sources: ['latents', 'scalars']                                        
INFO     [rank 0] Validation split: 675 samples from         dit_trainer.py:1198
         dit_preprocessed/finetune_vae_whole_structure_basel                    
         ine_ep20_kl0/val                                                       
INFO     [rank 0] Training configuration saved to:           dit_trainer.py:1464
         training_config.yaml                                                   
INFO     [rank 0] Training on latents from VAE               dit_trainer.py:1159
         /local/disk/hramachandran/work/wh_work/windinet/fin                    
         etune_vae_outputs/lundquist/finetune_vae_whole_stru                    
         cture_baseline_ep20_kl0/checkpoints/vae_shockwave_b                    
         est.safetensors (fingerprint 48445bef02ac2119);                        
         recorded in latent_provenance.json                                     
INFO     [rank 0] Starting training...                        dit_trainer.py:410
[train] step=1 loss=0.964422 lr=1.000e-05
[train] step=2 loss=0.916607 lr=1.000e-05
[train] step=3 loss=0.916854 lr=1.000e-05
[train] step=4 loss=0.667391 lr=1.000e-05
[train] step=5 loss=0.794928 lr=1.000e-05
[train] step=6 loss=0.790158 lr=1.000e-05
[train] step=7 loss=0.536062 lr=1.000e-05
[train] step=8 loss=0.613460 lr=1.000e-05
[train] step=9 loss=0.697751 lr=1.000e-05
[train] step=10 loss=0.698729 lr=1.000e-05
[train] step=11 loss=0.840302 lr=1.000e-05
[train] step=12 loss=0.646981 lr=1.000e-05
[train] step=13 loss=0.624199 lr=1.000e-05
[train] step=14 loss=0.837647 lr=1.000e-05
[train] step=15 loss=0.775296 lr=1.000e-05
[train] step=16 loss=0.532590 lr=1.000e-05
[train] step=17 loss=0.601866 lr=1.000e-05
[train] step=18 loss=0.527349 lr=1.000e-05
[train] step=19 loss=0.588434 lr=1.000e-05
[train] step=20 loss=0.482367 lr=1.000e-05
[train] step=21 loss=0.595245 lr=1.000e-05
[train] step=22 loss=0.540392 lr=1.000e-05
[train] step=23 loss=0.704181 lr=1.000e-05
[train] step=24 loss=0.491685 lr=1.000e-05
[train] step=25 loss=0.673856 lr=1.000e-05
[train] step=26 loss=0.472964 lr=1.000e-05
[train] step=27 loss=0.573885 lr=1.000e-05
[train] step=28 loss=0.604145 lr=1.000e-05
[train] step=29 loss=0.862923 lr=1.000e-05
[train] step=30 loss=0.457782 lr=1.000e-05
[train] step=31 loss=0.825839 lr=1.000e-05
[train] step=32 loss=0.692765 lr=1.000e-05
[train] step=33 loss=0.611559 lr=1.000e-05
[train] step=34 loss=0.713843 lr=1.000e-05
[train] step=35 loss=0.621319 lr=1.000e-05
[train] step=36 loss=0.539819 lr=1.000e-05
[train] step=37 loss=0.461970 lr=1.000e-05
[train] step=38 loss=0.617549 lr=1.000e-05
[train] step=39 loss=0.409693 lr=1.000e-05
[train] step=40 loss=0.779436 lr=1.000e-05
[train] step=41 loss=0.446035 lr=1.000e-05
[train] step=42 loss=0.720452 lr=1.000e-05
[train] step=43 loss=0.616505 lr=1.000e-05
[train] step=44 loss=0.729298 lr=1.000e-05
[train] step=45 loss=0.686915 lr=1.000e-05
[train] step=46 loss=0.598531 lr=1.000e-05
[train] step=47 loss=0.541898 lr=1.000e-05
[train] step=48 loss=0.618999 lr=1.000e-05
[train] step=49 loss=0.761955 lr=1.000e-05
[train] step=50 loss=0.536075 lr=1.000e-05
[train] step=51 loss=0.589285 lr=1.000e-05
[train] step=52 loss=0.685674 lr=1.000e-05
[train] step=53 loss=0.551310 lr=1.000e-05
[train] step=54 loss=0.439001 lr=1.000e-05
[train] step=55 loss=0.398653 lr=1.000e-05
[train] step=56 loss=0.602677 lr=1.000e-05
[train] step=57 loss=0.583598 lr=1.000e-05
[train] step=58 loss=0.469760 lr=1.000e-05
[train] step=59 loss=0.518182 lr=1.000e-05
[train] step=60 loss=0.361413 lr=1.000e-05
[train] step=61 loss=0.551084 lr=1.000e-05
[train] step=62 loss=0.527462 lr=1.000e-05
[train] step=63 loss=0.481260 lr=1.000e-05
[train] step=64 loss=0.732864 lr=1.000e-05
[train] step=65 loss=0.415605 lr=1.000e-05
[train] step=66 loss=0.636142 lr=1.000e-05
[train] step=67 loss=0.470926 lr=1.000e-05
[train] step=68 loss=0.625544 lr=1.000e-05
[train] step=69 loss=0.715393 lr=9.999e-06
[train] step=70 loss=0.682489 lr=9.999e-06
[train] step=71 loss=0.609895 lr=9.999e-06
[train] step=72 loss=0.640373 lr=9.999e-06
[train] step=73 loss=0.533297 lr=9.999e-06
[train] step=74 loss=0.431242 lr=9.999e-06
[train] step=75 loss=0.591324 lr=9.999e-06
[train] step=76 loss=0.507695 lr=9.999e-06
[train] step=77 loss=0.612211 lr=9.999e-06
[train] step=78 loss=0.690720 lr=9.999e-06
[train] step=79 loss=0.639566 lr=9.999e-06
[train] step=80 loss=0.828044 lr=9.999e-06
[train] step=81 loss=0.530924 lr=9.999e-06
[train] step=82 loss=0.586956 lr=9.999e-06
[train] step=83 loss=0.478950 lr=9.999e-06
[train] step=84 loss=0.583174 lr=9.999e-06
[train] step=85 loss=0.516823 lr=9.999e-06
[train] step=86 loss=0.475562 lr=9.999e-06
[train] step=87 loss=0.752577 lr=9.999e-06
[train] step=88 loss=0.488245 lr=9.999e-06
[train] step=89 loss=0.626799 lr=9.999e-06
[train] step=90 loss=0.567214 lr=9.999e-06
[train] step=91 loss=0.683380 lr=9.999e-06
[train] step=92 loss=0.542520 lr=9.999e-06
[train] step=93 loss=0.717164 lr=9.999e-06
[train] step=94 loss=0.597877 lr=9.999e-06
[train] step=95 loss=0.493423 lr=9.999e-06
[train] step=96 loss=0.769802 lr=9.999e-06
[train] step=97 loss=0.498106 lr=9.999e-06
[train] step=98 loss=0.697945 lr=9.999e-06
[train] step=99 loss=0.664911 lr=9.999e-06
[train] step=100 loss=0.603820 lr=9.999e-06
[train] step=101 loss=0.512859 lr=9.999e-06
[train] step=102 loss=0.370681 lr=9.999e-06
[train] step=103 loss=0.486890 lr=9.999e-06
[train] step=104 loss=0.625782 lr=9.999e-06
[train] step=105 loss=0.432712 lr=9.999e-06
[train] step=106 loss=0.443785 lr=9.999e-06
[train] step=107 loss=0.696380 lr=9.999e-06
[train] step=108 loss=0.604172 lr=9.999e-06
[train] step=109 loss=0.617304 lr=9.999e-06
[train] step=110 loss=0.616327 lr=9.999e-06
[train] step=111 loss=0.540808 lr=9.999e-06
[train] step=112 loss=0.579171 lr=9.999e-06
[train] step=113 loss=0.613130 lr=9.999e-06
[train] step=114 loss=0.487627 lr=9.999e-06
[train] step=115 loss=0.610286 lr=9.999e-06
[train] step=116 loss=0.542314 lr=9.999e-06
[train] step=117 loss=0.707308 lr=9.999e-06
[train] step=118 loss=0.492270 lr=9.999e-06
[train] step=119 loss=0.544985 lr=9.998e-06
[train] step=120 loss=0.643086 lr=9.998e-06
INFO     [rank 0] Model weights for step 120 saved in        dit_trainer.py:1288
         checkpoints/model_weights_step_00120.safetensors                       
INFO     [rank 0] Scalar embedding weights for step 120      dit_trainer.py:1297
         saved                                                                  
INFO     [rank 0] Training state saved:                      dit_trainer.py:1416
         checkpoints/model_weights_step_00120.state.pt                          
[epoch 1] step=120 train_loss=0.605753
[train] step=121 loss=0.376525 lr=9.998e-06
[train] step=122 loss=0.695322 lr=9.998e-06
[train] step=123 loss=0.770042 lr=9.998e-06
[train] step=124 loss=0.680223 lr=9.998e-06
[train] step=125 loss=0.426570 lr=9.998e-06
[train] step=126 loss=0.432028 lr=9.998e-06
[train] step=127 loss=0.594015 lr=9.998e-06
[train] step=128 loss=0.615860 lr=9.998e-06
[train] step=129 loss=0.509948 lr=9.998e-06
[train] step=130 loss=0.655136 lr=9.998e-06
[train] step=131 loss=0.559755 lr=9.998e-06
[train] step=132 loss=0.535697 lr=9.998e-06
[train] step=133 loss=0.644857 lr=9.998e-06
[train] step=134 loss=0.660914 lr=9.998e-06
[train] step=135 loss=0.728955 lr=9.998e-06
[train] step=136 loss=0.347468 lr=9.998e-06
[train] step=137 loss=0.369787 lr=9.998e-06
[train] step=138 loss=0.559265 lr=9.998e-06
[train] step=139 loss=0.467165 lr=9.998e-06
[train] step=140 loss=0.568436 lr=9.998e-06
[train] step=141 loss=0.581895 lr=9.998e-06
[train] step=142 loss=0.735594 lr=9.998e-06
[train] step=143 loss=0.741575 lr=9.998e-06
[train] step=144 loss=0.582221 lr=9.998e-06
[train] step=145 loss=0.610770 lr=9.998e-06
[train] step=146 loss=0.584092 lr=9.998e-06
[train] step=147 loss=0.698195 lr=9.998e-06
[train] step=148 loss=0.691868 lr=9.998e-06
[train] step=149 loss=0.700733 lr=9.998e-06
[train] step=150 loss=0.478927 lr=9.998e-06
[train] step=151 loss=0.484889 lr=9.998e-06
[train] step=152 loss=0.522755 lr=9.998e-06
[train] step=153 loss=0.363001 lr=9.997e-06
[train] step=154 loss=0.588966 lr=9.997e-06
[train] step=155 loss=0.779886 lr=9.997e-06
[train] step=156 loss=0.564157 lr=9.997e-06
[train] step=157 loss=0.523080 lr=9.997e-06
[train] step=158 loss=0.567041 lr=9.997e-06
[train] step=159 loss=0.567933 lr=9.997e-06
[train] step=160 loss=0.405373 lr=9.997e-06
[train] step=161 loss=0.608711 lr=9.997e-06
[train] step=162 loss=0.740806 lr=9.997e-06
[train] step=163 loss=0.475974 lr=9.997e-06
[train] step=164 loss=0.514739 lr=9.997e-06
[train] step=165 loss=0.494102 lr=9.997e-06
[train] step=166 loss=0.647960 lr=9.997e-06
[train] step=167 loss=0.337714 lr=9.997e-06
[train] step=168 loss=0.431273 lr=9.997e-06
[train] step=169 loss=0.559381 lr=9.997e-06
[train] step=170 loss=0.606863 lr=9.997e-06
[train] step=171 loss=0.414321 lr=9.997e-06
[train] step=172 loss=0.588861 lr=9.997e-06
[train] step=173 loss=0.637714 lr=9.997e-06
[train] step=174 loss=0.627963 lr=9.997e-06
[train] step=175 loss=0.520022 lr=9.997e-06
[train] step=176 loss=0.608329 lr=9.997e-06
[train] step=177 loss=0.835969 lr=9.997e-06
[train] step=178 loss=0.509349 lr=9.997e-06
[train] step=179 loss=0.468310 lr=9.997e-06
[train] step=180 loss=0.433807 lr=9.996e-06
[train] step=181 loss=0.587874 lr=9.996e-06
[train] step=182 loss=0.543735 lr=9.996e-06
[train] step=183 loss=0.450594 lr=9.996e-06
[train] step=184 loss=0.683495 lr=9.996e-06
[train] step=185 loss=0.636128 lr=9.996e-06
[train] step=186 loss=0.504769 lr=9.996e-06
[train] step=187 loss=0.623218 lr=9.996e-06
[train] step=188 loss=0.454444 lr=9.996e-06
[train] step=189 loss=0.614938 lr=9.996e-06
[train] step=190 loss=0.534355 lr=9.996e-06
[train] step=191 loss=0.606577 lr=9.996e-06
[train] step=192 loss=0.356295 lr=9.996e-06
[train] step=193 loss=0.521401 lr=9.996e-06
[train] step=194 loss=0.589815 lr=9.996e-06
[train] step=195 loss=0.591967 lr=9.996e-06
[train] step=196 loss=0.728583 lr=9.996e-06
[train] step=197 loss=0.714648 lr=9.996e-06
[train] step=198 loss=0.566756 lr=9.996e-06
[train] step=199 loss=0.404319 lr=9.996e-06
[train] step=200 loss=0.639598 lr=9.996e-06
[train] step=201 loss=0.620236 lr=9.996e-06
[train] step=202 loss=0.449888 lr=9.996e-06
[train] step=203 loss=0.520787 lr=9.996e-06
[train] step=204 loss=0.497443 lr=9.995e-06
[train] step=205 loss=0.498522 lr=9.995e-06
[train] step=206 loss=0.485989 lr=9.995e-06
[train] step=207 loss=0.607793 lr=9.995e-06
[train] step=208 loss=0.591637 lr=9.995e-06
[train] step=209 loss=0.475333 lr=9.995e-06
[train] step=210 loss=0.452137 lr=9.995e-06
[train] step=211 loss=0.431262 lr=9.995e-06
[train] step=212 loss=0.612435 lr=9.995e-06
[train] step=213 loss=0.534828 lr=9.995e-06
[train] step=214 loss=0.517296 lr=9.995e-06
[train] step=215 loss=0.530545 lr=9.995e-06
[train] step=216 loss=0.481228 lr=9.995e-06
[train] step=217 loss=0.606536 lr=9.995e-06
[train] step=218 loss=0.443454 lr=9.995e-06
[train] step=219 loss=0.436624 lr=9.995e-06
[train] step=220 loss=0.524134 lr=9.995e-06
[train] step=221 loss=0.415532 lr=9.995e-06
[train] step=222 loss=0.589724 lr=9.995e-06
[train] step=223 loss=0.650718 lr=9.995e-06
[train] step=224 loss=0.557984 lr=9.995e-06
[train] step=225 loss=0.519074 lr=9.995e-06
[train] step=226 loss=0.443933 lr=9.994e-06
[train] step=227 loss=0.577142 lr=9.994e-06
[train] step=228 loss=0.537946 lr=9.994e-06
[train] step=229 loss=0.538879 lr=9.994e-06
[train] step=230 loss=0.607511 lr=9.994e-06
[train] step=231 loss=0.737159 lr=9.994e-06
[train] step=232 loss=0.602285 lr=9.994e-06
[train] step=233 loss=0.521921 lr=9.994e-06
[train] step=234 loss=0.341001 lr=9.994e-06
[train] step=235 loss=0.531667 lr=9.994e-06
[train] step=236 loss=0.362477 lr=9.994e-06
[train] step=237 loss=0.601428 lr=9.994e-06
[train] step=238 loss=0.373028 lr=9.994e-06
[train] step=239 loss=0.425866 lr=9.994e-06
[train] step=240 loss=0.456715 lr=9.994e-06
INFO     [rank 0] Model weights for step 240 saved in        dit_trainer.py:1288
         checkpoints/model_weights_step_00240.safetensors                       
INFO     [rank 0] Scalar embedding weights for step 240      dit_trainer.py:1297
         saved                                                                  
INFO     [rank 0] Training state saved:                      dit_trainer.py:1416
         checkpoints/model_weights_step_00240.state.pt                          
DEBUG    [rank 0] Removed optimizer state for older kept     dit_trainer.py:1444
         checkpoint:                                                            
         /local/disk/hramachandran/work/wh_work/windinet/dit                    
         _outputs/lundquist/dit_cosine_kl0_15k/checkpoints/m                    
         odel_weights_step_00120.state.pt                                       
[epoch 2] step=240 train_loss=0.552359
[train] step=241 loss=0.369785 lr=9.994e-06
[train] step=242 loss=0.687285 lr=9.994e-06
[train] step=243 loss=0.404842 lr=9.994e-06
[train] step=244 loss=0.387621 lr=9.994e-06
[train] step=245 loss=0.577978 lr=9.993e-06
[train] step=246 loss=0.549805 lr=9.993e-06
[train] step=247 loss=0.514125 lr=9.993e-06
[train] step=248 loss=0.526891 lr=9.993e-06
[train] step=249 loss=0.634521 lr=9.993e-06
[train] step=250 loss=0.536094 lr=9.993e-06
[train] step=251 loss=0.676069 lr=9.993e-06
[train] step=252 loss=0.590013 lr=9.993e-06
[train] step=253 loss=0.566937 lr=9.993e-06
[train] step=254 loss=0.584337 lr=9.993e-06
[train] step=255 loss=0.521614 lr=9.993e-06
[train] step=256 loss=0.538489 lr=9.993e-06
[train] step=257 loss=0.557378 lr=9.993e-06
[train] step=258 loss=0.438472 lr=9.993e-06
[train] step=259 loss=0.609861 lr=9.993e-06
[train] step=260 loss=0.419723 lr=9.993e-06
[train] step=261 loss=0.703397 lr=9.993e-06
[train] step=262 loss=0.521981 lr=9.993e-06
[train] step=263 loss=0.667102 lr=9.992e-06
[train] step=264 loss=0.591333 lr=9.992e-06
[train] step=265 loss=0.536867 lr=9.992e-06
[train] step=266 loss=0.363804 lr=9.992e-06
[train] step=267 loss=0.543086 lr=9.992e-06
[train] step=268 loss=0.794545 lr=9.992e-06
[train] step=269 loss=0.550990 lr=9.992e-06
[train] step=270 loss=0.405524 lr=9.992e-06
[train] step=271 loss=0.414056 lr=9.992e-06
[train] step=272 loss=0.642210 lr=9.992e-06
[train] step=273 loss=0.522709 lr=9.992e-06
[train] step=274 loss=0.479438 lr=9.992e-06
[train] step=275 loss=0.552862 lr=9.992e-06
[train] step=276 loss=0.579242 lr=9.992e-06
[train] step=277 loss=0.491038 lr=9.992e-06
[train] step=278 loss=0.600629 lr=9.992e-06
[train] step=279 loss=0.387212 lr=9.992e-06
[train] step=280 loss=0.464210 lr=9.991e-06
[train] step=281 loss=0.435592 lr=9.991e-06
[train] step=282 loss=0.529865 lr=9.991e-06
[train] step=283 loss=0.626810 lr=9.991e-06
[train] step=284 loss=0.775269 lr=9.991e-06
[train] step=285 loss=0.531181 lr=9.991e-06
[train] step=286 loss=0.509669 lr=9.991e-06
[train] step=287 loss=0.682087 lr=9.991e-06
[train] step=288 loss=0.540325 lr=9.991e-06
[train] step=289 loss=0.468874 lr=9.991e-06
[train] step=290 loss=0.495574 lr=9.991e-06
[train] step=291 loss=0.539669 lr=9.991e-06
[train] step=292 loss=0.472576 lr=9.991e-06
[train] step=293 loss=0.528854 lr=9.991e-06
[train] step=294 loss=0.489672 lr=9.991e-06
[train] step=295 loss=0.497089 lr=9.991e-06
[train] step=296 loss=0.503483 lr=9.990e-06
[train] step=297 loss=0.711123 lr=9.990e-06
[train] step=298 loss=0.508078 lr=9.990e-06
[train] step=299 loss=0.526109 lr=9.990e-06
[train] step=300 loss=0.534368 lr=9.990e-06
[train] step=301 loss=0.427992 lr=9.990e-06
[train] step=302 loss=0.542867 lr=9.990e-06
[train] step=303 loss=0.453336 lr=9.990e-06
[train] step=304 loss=0.511055 lr=9.990e-06
[train] step=305 loss=0.527312 lr=9.990e-06
[train] step=306 loss=0.396091 lr=9.990e-06
[train] step=307 loss=0.596158 lr=9.990e-06
[train] step=308 loss=0.501124 lr=9.990e-06
[train] step=309 loss=0.597059 lr=9.990e-06
[train] step=310 loss=0.639127 lr=9.990e-06
[train] step=311 loss=0.333260 lr=9.989e-06
[train] step=312 loss=0.465025 lr=9.989e-06
[train] step=313 loss=0.465634 lr=9.989e-06
[train] step=314 loss=0.554374 lr=9.989e-06
[train] step=315 loss=0.667783 lr=9.989e-06
[train] step=316 loss=0.495728 lr=9.989e-06
[train] step=317 loss=0.465117 lr=9.989e-06
[train] step=318 loss=0.506701 lr=9.989e-06
[train] step=319 loss=0.369203 lr=9.989e-06
[train] step=320 loss=0.600850 lr=9.989e-06
[train] step=321 loss=0.427038 lr=9.989e-06
[train] step=322 loss=0.622518 lr=9.989e-06
[train] step=323 loss=0.461094 lr=9.989e-06
[train] step=324 loss=0.328251 lr=9.989e-06
[train] step=325 loss=0.542217 lr=9.989e-06
[train] step=326 loss=0.593750 lr=9.988e-06
[train] step=327 loss=0.424189 lr=9.988e-06
[train] step=328 loss=0.440191 lr=9.988e-06
[train] step=329 loss=0.468331 lr=9.988e-06
[train] step=330 loss=0.482931 lr=9.988e-06
[train] step=331 loss=0.583366 lr=9.988e-06
[train] step=332 loss=0.563561 lr=9.988e-06
[train] step=333 loss=0.437854 lr=9.988e-06
[train] step=334 loss=0.346399 lr=9.988e-06
[train] step=335 loss=0.388738 lr=9.988e-06
[train] step=336 loss=0.483614 lr=9.988e-06
[train] step=337 loss=0.604626 lr=9.988e-06
[train] step=338 loss=0.531115 lr=9.988e-06
[train] step=339 loss=0.534798 lr=9.987e-06
[train] step=340 loss=0.446224 lr=9.987e-06
[train] step=341 loss=0.470071 lr=9.987e-06
[train] step=342 loss=0.597053 lr=9.987e-06
[train] step=343 loss=0.419569 lr=9.987e-06
[train] step=344 loss=0.341771 lr=9.987e-06
[train] step=345 loss=0.639051 lr=9.987e-06
[train] step=346 loss=0.530264 lr=9.987e-06
[train] step=347 loss=0.489738 lr=9.987e-06
[train] step=348 loss=0.415254 lr=9.987e-06
[train] step=349 loss=0.705489 lr=9.987e-06
[train] step=350 loss=0.488150 lr=9.987e-06
[train] step=351 loss=0.586749 lr=9.987e-06
[train] step=352 loss=0.467409 lr=9.987e-06
[train] step=353 loss=0.557796 lr=9.986e-06
[train] step=354 loss=0.681321 lr=9.986e-06
[train] step=355 loss=0.643484 lr=9.986e-06
[train] step=356 loss=0.517104 lr=9.986e-06
[train] step=357 loss=0.454873 lr=9.986e-06
[train] step=358 loss=0.484334 lr=9.986e-06
[train] step=359 loss=0.728505 lr=9.986e-06
[train] step=360 loss=0.582933 lr=9.986e-06
INFO     [rank 0] Model weights for step 360 saved in        dit_trainer.py:1288
         checkpoints/model_weights_step_00360.safetensors                       
INFO     [rank 0] Scalar embedding weights for step 360      dit_trainer.py:1297
         saved                                                                  
INFO     [rank 0] Training state saved:                      dit_trainer.py:1416
         checkpoints/model_weights_step_00360.state.pt                          
DEBUG    [rank 0] Removed old checkpoint:                    dit_trainer.py:1429
         /local/disk/hramachandran/work/wh_work/windinet/dit                    
         _outputs/lundquist/dit_cosine_kl0_15k/checkpoints/m                    
         odel_weights_step_00120.safetensors                                    
DEBUG    [rank 0] Removed old checkpoint:                    dit_trainer.py:1429
         /local/disk/hramachandran/work/wh_work/windinet/dit                    
         _outputs/lundquist/dit_cosine_kl0_15k/checkpoints/s                    
         calar_embedding_step_00120.safetensors                                 
DEBUG    [rank 0] Removed optimizer state for older kept     dit_trainer.py:1444
         checkpoint:                                                            
         /local/disk/hramachandran/work/wh_work/windinet/dit                    
         _outputs/lundquist/dit_cosine_kl0_15k/checkpoints/m                    
         odel_weights_step_00240.state.pt                                       
[epoch 3] step=360 train_loss=0.524264
[train] step=361 loss=0.450740 lr=9.986e-06
[train] step=362 loss=0.566899 lr=9.986e-06
[train] step=363 loss=0.552514 lr=9.986e-06
[train] step=364 loss=0.488148 lr=9.986e-06
[train] step=365 loss=0.515011 lr=9.985e-06
[train] step=366 loss=0.406895 lr=9.985e-06
[train] step=367 loss=0.445905 lr=9.985e-06
[train] step=368 loss=0.414694 lr=9.985e-06
[train] step=369 loss=0.348540 lr=9.985e-06
[train] step=370 loss=0.576732 lr=9.985e-06
[train] step=371 loss=0.416891 lr=9.985e-06
[train] step=372 loss=0.408666 lr=9.985e-06
[train] step=373 loss=0.720382 lr=9.985e-06
[train] step=374 loss=0.516440 lr=9.985e-06
[train] step=375 loss=0.617962 lr=9.985e-06
[train] step=376 loss=0.574231 lr=9.985e-06
[train] step=377 loss=0.463292 lr=9.985e-06
[train] step=378 loss=0.324129 lr=9.984e-06
[train] step=379 loss=0.473598 lr=9.984e-06
[train] step=380 loss=0.487319 lr=9.984e-06
[train] step=381 loss=0.627216 lr=9.984e-06
[train] step=382 loss=0.374239 lr=9.984e-06
[train] step=383 loss=0.619480 lr=9.984e-06
[train] step=384 loss=0.513818 lr=9.984e-06
[train] step=385 loss=0.458340 lr=9.984e-06
[train] step=386 loss=0.507563 lr=9.984e-06
[train] step=387 loss=0.582954 lr=9.984e-06
[train] step=388 loss=0.407212 lr=9.984e-06
[train] step=389 loss=0.688244 lr=9.984e-06
[train] step=390 loss=0.452919 lr=9.983e-06
[train] step=391 loss=0.455451 lr=9.983e-06
[train] step=392 loss=0.487417 lr=9.983e-06
[train] step=393 loss=0.541361 lr=9.983e-06
[train] step=394 loss=0.582655 lr=9.983e-06
[train] step=395 loss=0.511427 lr=9.983e-06
[train] step=396 loss=0.496542 lr=9.983e-06
[train] step=397 loss=0.458948 lr=9.983e-06
[train] step=398 loss=0.539209 lr=9.983e-06
[train] step=399 loss=0.516212 lr=9.983e-06
[train] step=400 loss=0.656119 lr=9.983e-06
[train] step=401 loss=0.590805 lr=9.982e-06
[train] step=402 loss=0.448914 lr=9.982e-06
[train] step=403 loss=0.467008 lr=9.982e-06
[train] step=404 loss=0.447032 lr=9.982e-06
[train] step=405 loss=0.555692 lr=9.982e-06
[train] step=406 loss=0.437697 lr=9.982e-06
[train] step=407 loss=0.552892 lr=9.982e-06
[train] step=408 loss=0.437435 lr=9.982e-06
[train] step=409 loss=0.437013 lr=9.982e-06
[train] step=410 loss=0.607645 lr=9.982e-06
[train] step=411 loss=0.525143 lr=9.982e-06
[train] step=412 loss=0.469317 lr=9.982e-06
[train] step=413 loss=0.647441 lr=9.981e-06
[train] step=414 loss=0.385868 lr=9.981e-06
[train] step=415 loss=0.393741 lr=9.981e-06
[train] step=416 loss=0.470571 lr=9.981e-06
[train] step=417 loss=0.312600 lr=9.981e-06
[train] step=418 loss=0.519134 lr=9.981e-06
[train] step=419 loss=0.672115 lr=9.981e-06
[train] step=420 loss=0.542414 lr=9.981e-06
[train] step=421 loss=0.598168 lr=9.981e-06
[train] step=422 loss=0.501462 lr=9.981e-06
[train] step=423 loss=0.467413 lr=9.981e-06
[train] step=424 loss=0.555013 lr=9.980e-06
[train] step=425 loss=0.421076 lr=9.980e-06
[train] step=426 loss=0.290971 lr=9.980e-06
[train] step=427 loss=0.442424 lr=9.980e-06
[train] step=428 loss=0.347658 lr=9.980e-06
[train] step=429 loss=0.410832 lr=9.980e-06
[train] step=430 loss=0.578032 lr=9.980e-06
[train] step=431 loss=0.348911 lr=9.980e-06
[train] step=432 loss=0.496106 lr=9.980e-06
[train] step=433 loss=0.434063 lr=9.980e-06
[train] step=434 loss=0.529998 lr=9.979e-06
[train] step=435 loss=0.553226 lr=9.979e-06
[train] step=436 loss=0.486714 lr=9.979e-06
[train] step=437 loss=0.382317 lr=9.979e-06
[train] step=438 loss=0.544431 lr=9.979e-06
[train] step=439 loss=0.388823 lr=9.979e-06
[train] step=440 loss=0.525765 lr=9.979e-06
[train] step=441 loss=0.470452 lr=9.979e-06
[train] step=442 loss=0.552430 lr=9.979e-06
[train] step=443 loss=0.470327 lr=9.979e-06
[train] step=444 loss=0.440222 lr=9.979e-06
[train] step=445 loss=0.516833 lr=9.978e-06
[train] step=446 loss=0.532273 lr=9.978e-06
[train] step=447 loss=0.570424 lr=9.978e-06
[train] step=448 loss=0.440315 lr=9.978e-06
[train] step=449 loss=0.610845 lr=9.978e-06
[train] step=450 loss=0.464674 lr=9.978e-06
[train] step=451 loss=0.498764 lr=9.978e-06
[train] step=452 loss=0.492328 lr=9.978e-06
[train] step=453 loss=0.603545 lr=9.978e-06
[train] step=454 loss=0.483784 lr=9.978e-06
[train] step=455 loss=0.390482 lr=9.977e-06
[train] step=456 loss=0.607544 lr=9.977e-06
[train] step=457 loss=0.482085 lr=9.977e-06
[train] step=458 loss=0.540576 lr=9.977e-06
[train] step=459 loss=0.538951 lr=9.977e-06
[train] step=460 loss=0.622293 lr=9.977e-06
[train] step=461 loss=0.337150 lr=9.977e-06
[train] step=462 loss=0.745307 lr=9.977e-06
[train] step=463 loss=0.409961 lr=9.977e-06
[train] step=464 loss=0.422239 lr=9.977e-06
[train] step=465 loss=0.454615 lr=9.976e-06
[train] step=466 loss=0.506731 lr=9.976e-06
[train] step=467 loss=0.505672 lr=9.976e-06
[train] step=468 loss=0.504853 lr=9.976e-06
[train] step=469 loss=0.320703 lr=9.976e-06
[train] step=470 loss=0.639363 lr=9.976e-06
[train] step=471 loss=0.523008 lr=9.976e-06
[train] step=472 loss=0.528497 lr=9.976e-06
[train] step=473 loss=0.425240 lr=9.976e-06
[train] step=474 loss=0.458399 lr=9.976e-06
[train] step=475 loss=0.456708 lr=9.975e-06
[train] step=476 loss=0.477489 lr=9.975e-06
[train] step=477 loss=0.558286 lr=9.975e-06
[train] step=478 loss=0.478655 lr=9.975e-06
[train] step=479 loss=0.662939 lr=9.975e-06
[train] step=480 loss=0.492559 lr=9.975e-06
INFO     [rank 0] Model weights for step 480 saved in        dit_trainer.py:1288
         checkpoints/model_weights_step_00480.safetensors                       
INFO     [rank 0] Scalar embedding weights for step 480      dit_trainer.py:1297
         saved                                                                  
INFO     [rank 0] Training state saved:                      dit_trainer.py:1416
         checkpoints/model_weights_step_00480.state.pt                          
DEBUG    [rank 0] Removed old checkpoint:                    dit_trainer.py:1429
         /local/disk/hramachandran/work/wh_work/windinet/dit                    
         _outputs/lundquist/dit_cosine_kl0_15k/checkpoints/m                    
         odel_weights_step_00240.safetensors                                    
DEBUG    [rank 0] Removed old checkpoint:                    dit_trainer.py:1429
         /local/disk/hramachandran/work/wh_work/windinet/dit                    
         _outputs/lundquist/dit_cosine_kl0_15k/checkpoints/s                    
         calar_embedding_step_00240.safetensors                                 
DEBUG    [rank 0] Removed optimizer state for older kept     dit_trainer.py:1444
         checkpoint:                                                            
         /local/disk/hramachandran/work/wh_work/windinet/dit                    
         _outputs/lundquist/dit_cosine_kl0_15k/checkpoints/m                    
         odel_weights_step_00360.state.pt                                       
[epoch 4] step=480 train_loss=0.498317
[train] step=481 loss=0.484367 lr=9.975e-06
[train] step=482 loss=0.502597 lr=9.975e-06
[train] step=483 loss=0.439112 lr=9.975e-06
[train] step=484 loss=0.746270 lr=9.974e-06
[train] step=485 loss=0.535128 lr=9.974e-06
[train] step=486 loss=0.309365 lr=9.974e-06
[train] step=487 loss=0.391708 lr=9.974e-06
[train] step=488 loss=0.463370 lr=9.974e-06
[train] step=489 loss=0.681391 lr=9.974e-06
[train] step=490 loss=0.546952 lr=9.974e-06
[train] step=491 loss=0.609905 lr=9.974e-06
[train] step=492 loss=0.545147 lr=9.974e-06
[train] step=493 loss=0.267043 lr=9.974e-06
[train] step=494 loss=0.692835 lr=9.973e-06
[train] step=495 loss=0.409959 lr=9.973e-06
[train] step=496 loss=0.517608 lr=9.973e-06
[train] step=497 loss=0.561994 lr=9.973e-06
[train] step=498 loss=0.397464 lr=9.973e-06
[train] step=499 loss=0.602781 lr=9.973e-06
[train] step=500 loss=0.411388 lr=9.973e-06
[train] step=501 loss=0.448424 lr=9.973e-06
[train] step=502 loss=0.402098 lr=9.973e-06
[train] step=503 loss=0.478983 lr=9.972e-06
[train] step=504 loss=0.538809 lr=9.972e-06
[train] step=505 loss=0.432227 lr=9.972e-06
[train] step=506 loss=0.511123 lr=9.972e-06
[train] step=507 loss=0.575047 lr=9.972e-06
[train] step=508 loss=0.683469 lr=9.972e-06
[train] step=509 loss=0.640846 lr=9.972e-06
[train] step=510 loss=0.398070 lr=9.972e-06
[train] step=511 loss=0.410516 lr=9.972e-06
[train] step=512 loss=0.481248 lr=9.971e-06
[train] step=513 loss=0.599486 lr=9.971e-06
[train] step=514 loss=0.371765 lr=9.971e-06
[train] step=515 loss=0.522990 lr=9.971e-06
[train] step=516 loss=0.517675 lr=9.971e-06
[train] step=517 loss=0.626228 lr=9.971e-06
[train] step=518 loss=0.638086 lr=9.971e-06
[train] step=519 loss=0.420730 lr=9.971e-06
[train] step=520 loss=0.624736 lr=9.971e-06
[train] step=521 loss=0.560809 lr=9.970e-06
[train] step=522 loss=0.530746 lr=9.970e-06
[train] step=523 loss=0.534624 lr=9.970e-06
[train] step=524 loss=0.492038 lr=9.970e-06
[train] step=525 loss=0.582062 lr=9.970e-06
[train] step=526 loss=0.409167 lr=9.970e-06
[train] step=527 loss=0.420721 lr=9.970e-06
[train] step=528 loss=0.550263 lr=9.970e-06
[train] step=529 loss=0.816157 lr=9.969e-06
[train] step=530 loss=0.481127 lr=9.969e-06
[train] step=531 loss=0.473530 lr=9.969e-06
[train] step=532 loss=0.384890 lr=9.969e-06
[train] step=533 loss=0.464853 lr=9.969e-06
[train] step=534 loss=0.683860 lr=9.969e-06
[train] step=535 loss=0.372697 lr=9.969e-06
[train] step=536 loss=0.440915 lr=9.969e-06
[train] step=537 loss=0.409461 lr=9.969e-06
[train] step=538 loss=0.418322 lr=9.968e-06
[train] step=539 loss=0.392971 lr=9.968e-06
[train] step=540 loss=0.594563 lr=9.968e-06
[train] step=541 loss=0.366088 lr=9.968e-06
[train] step=542 loss=0.398644 lr=9.968e-06
[train] step=543 loss=0.432524 lr=9.968e-06
[train] step=544 loss=0.380216 lr=9.968e-06
[train] step=545 loss=0.458331 lr=9.968e-06
[train] step=546 loss=0.494330 lr=9.967e-06
[train] step=547 loss=0.394816 lr=9.967e-06
[train] step=548 loss=0.561075 lr=9.967e-06
[train] step=549 loss=0.373455 lr=9.967e-06
[train] step=550 loss=0.590299 lr=9.967e-06
[train] step=551 loss=0.464504 lr=9.967e-06
[train] step=552 loss=0.375002 lr=9.967e-06
[train] step=553 loss=0.438295 lr=9.967e-06
[train] step=554 loss=0.276700 lr=9.967e-06
[train] step=555 loss=0.428008 lr=9.966e-06
[train] step=556 loss=0.422636 lr=9.966e-06
[train] step=557 loss=0.480328 lr=9.966e-06
[train] step=558 loss=0.407886 lr=9.966e-06
[train] step=559 loss=0.570633 lr=9.966e-06
[train] step=560 loss=0.597927 lr=9.966e-06
[train] step=561 loss=0.575518 lr=9.966e-06
[train] step=562 loss=0.635170 lr=9.966e-06
[train] step=563 loss=0.617081 lr=9.965e-06
[train] step=564 loss=0.519469 lr=9.965e-06
[train] step=565 loss=0.496290 lr=9.965e-06
[train] step=566 loss=0.543500 lr=9.965e-06
[train] step=567 loss=0.589580 lr=9.965e-06
[train] step=568 loss=0.346004 lr=9.965e-06
[train] step=569 loss=0.399907 lr=9.965e-06
[train] step=570 loss=0.541595 lr=9.965e-06
[train] step=571 loss=0.484384 lr=9.964e-06
[train] step=572 loss=0.626902 lr=9.964e-06
[train] step=573 loss=0.399968 lr=9.964e-06
[train] step=574 loss=0.384062 lr=9.964e-06
[train] step=575 loss=0.556100 lr=9.964e-06
[train] step=576 loss=0.753817 lr=9.964e-06
[train] step=577 loss=0.416488 lr=9.964e-06
[train] step=578 loss=0.599185 lr=9.964e-06
[train] step=579 loss=0.473778 lr=9.963e-06
[train] step=580 loss=0.555870 lr=9.963e-06
[train] step=581 loss=0.384377 lr=9.963e-06
[train] step=582 loss=0.461051 lr=9.963e-06
[train] step=583 loss=0.551741 lr=9.963e-06
[train] step=584 loss=0.449549 lr=9.963e-06
[train] step=585 loss=0.349454 lr=9.963e-06
[train] step=586 loss=0.392640 lr=9.963e-06
[train] step=587 loss=0.510397 lr=9.962e-06
[train] step=588 loss=0.515924 lr=9.962e-06
[train] step=589 loss=0.462826 lr=9.962e-06
[train] step=590 loss=0.602817 lr=9.962e-06
[train] step=591 loss=0.273165 lr=9.962e-06
[train] step=592 loss=0.479417 lr=9.962e-06
[train] step=593 loss=0.481652 lr=9.962e-06
[train] step=594 loss=0.417589 lr=9.962e-06
[train] step=595 loss=0.542803 lr=9.961e-06
[train] step=596 loss=0.433495 lr=9.961e-06
[train] step=597 loss=0.414378 lr=9.961e-06
[train] step=598 loss=0.290618 lr=9.961e-06
[train] step=599 loss=0.503223 lr=9.961e-06
[train] step=600 loss=0.571439 lr=9.961e-06
[val] step=600 val_loss=0.486656
INFO     [rank 0] Model weights for step 600 saved in        dit_trainer.py:1288
         checkpoints/model_weights_step_00600.safetensors                       
INFO     [rank 0] Scalar embedding weights for step 600      dit_trainer.py:1297
         saved                                                                  
INFO     [rank 0] Training state saved:                      dit_trainer.py:1416
         checkpoints/model_weights_step_00600.state.pt                          
INFO     [rank 0] New best checkpoint (step 600,             dit_trainer.py:1320
         val_loss=0.486656):                                                    
         checkpoints/model_weights_best.safetensors                             
DEBUG    [rank 0] Removed old checkpoint:                    dit_trainer.py:1429
         /local/disk/hramachandran/work/wh_work/windinet/dit                    
         _outputs/lundquist/dit_cosine_kl0_15k/checkpoints/m                    
         odel_weights_step_00360.safetensors                                    
DEBUG    [rank 0] Removed old checkpoint:                    dit_trainer.py:1429
         /local/disk/hramachandran/work/wh_work/windinet/dit                    
         _outputs/lundquist/dit_cosine_kl0_15k/checkpoints/s                    
         calar_embedding_step_00360.safetensors                                 
DEBUG    [rank 0] Removed optimizer state for older kept     dit_trainer.py:1444
         checkpoint:                                                            
         /local/disk/hramachandran/work/wh_work/windinet/dit                    
         _outputs/lundquist/dit_cosine_kl0_15k/checkpoints/m                    
         odel_weights_step_00480.state.pt                                       
[epoch 5] step=600 train_loss=0.490740 val_loss=0.486656
[train] step=601 loss=0.402048 lr=9.961e-06
[train] step=602 loss=0.493780 lr=9.960e-06
[train] step=603 loss=0.479974 lr=9.960e-06
[train] step=604 loss=0.693104 lr=9.960e-06
[train] step=605 loss=0.615299 lr=9.960e-06
[train] step=606 loss=0.383088 lr=9.960e-06
[train] step=607 loss=0.524088 lr=9.960e-06
[train] step=608 loss=0.466150 lr=9.960e-06
[train] step=609 loss=0.504693 lr=9.960e-06
[train] step=610 loss=0.571528 lr=9.959e-06
[train] step=611 loss=0.425651 lr=9.959e-06
[train] step=612 loss=0.509195 lr=9.959e-06
[train] step=613 loss=0.295572 lr=9.959e-06
[train] step=614 loss=0.538179 lr=9.959e-06
[train] step=615 loss=0.523095 lr=9.959e-06
[train] step=616 loss=0.371291 lr=9.959e-06
[train] step=617 loss=0.508327 lr=9.958e-06
[train] step=618 loss=0.500394 lr=9.958e-06
[train] step=619 loss=0.274202 lr=9.958e-06
[train] step=620 loss=0.594658 lr=9.958e-06
[train] step=621 loss=0.606839 lr=9.958e-06
[train] step=622 loss=0.330165 lr=9.958e-06
[train] step=623 loss=0.451315 lr=9.958e-06
[train] step=624 loss=0.326710 lr=9.958e-06
[train] step=625 loss=0.369539 lr=9.957e-06
[train] step=626 loss=0.537448 lr=9.957e-06
[train] step=627 loss=0.577939 lr=9.957e-06
[train] step=628 loss=0.467212 lr=9.957e-06
[train] step=629 loss=0.643733 lr=9.957e-06
[train] step=630 loss=0.425560 lr=9.957e-06
[train] step=631 loss=0.487148 lr=9.957e-06
[train] step=632 loss=0.456140 lr=9.956e-06
[train] step=633 loss=0.635201 lr=9.956e-06
[train] step=634 loss=0.438646 lr=9.956e-06
[train] step=635 loss=0.496302 lr=9.956e-06
[train] step=636 loss=0.419882 lr=9.956e-06
[train] step=637 loss=0.445111 lr=9.956e-06
[train] step=638 loss=0.435220 lr=9.956e-06
[train] step=639 loss=0.537818 lr=9.955e-06
[train] step=640 loss=0.596264 lr=9.955e-06
[train] step=641 loss=0.384125 lr=9.955e-06
[train] step=642 loss=0.478335 lr=9.955e-06
[train] step=643 loss=0.593921 lr=9.955e-06
[train] step=644 loss=0.744888 lr=9.955e-06
[train] step=645 loss=0.592153 lr=9.955e-06
[train] step=646 loss=0.422139 lr=9.954e-06
[train] step=647 loss=0.335588 lr=9.954e-06
[train] step=648 loss=0.443271 lr=9.954e-06
[train] step=649 loss=0.510350 lr=9.954e-06
[train] step=650 loss=0.494631 lr=9.954e-06
[train] step=651 loss=0.437935 lr=9.954e-06
[train] step=652 loss=0.385263 lr=9.954e-06
[train] step=653 loss=0.535905 lr=9.954e-06
[train] step=654 loss=0.355408 lr=9.953e-06
[train] step=655 loss=0.357428 lr=9.953e-06
[train] step=656 loss=0.425692 lr=9.953e-06
[train] step=657 loss=0.522750 lr=9.953e-06
[train] step=658 loss=0.595016 lr=9.953e-06
[train] step=659 loss=0.551962 lr=9.953e-06
[train] step=660 loss=0.351664 lr=9.952e-06
[train] step=661 loss=0.330439 lr=9.952e-06
[train] step=662 loss=0.581165 lr=9.952e-06
[train] step=663 loss=0.335692 lr=9.952e-06
[train] step=664 loss=0.458145 lr=9.952e-06
[train] step=665 loss=0.427850 lr=9.952e-06
[train] step=666 loss=0.465782 lr=9.952e-06
[train] step=667 loss=0.366336 lr=9.951e-06
[train] step=668 loss=0.406025 lr=9.951e-06
[train] step=669 loss=0.508148 lr=9.951e-06
[train] step=670 loss=0.468929 lr=9.951e-06
[train] step=671 loss=0.414883 lr=9.951e-06
[train] step=672 loss=0.462845 lr=9.951e-06
[train] step=673 loss=0.476911 lr=9.951e-06
[train] step=674 loss=0.485188 lr=9.950e-06
[train] step=675 loss=0.538162 lr=9.950e-06
[train] step=676 loss=0.619826 lr=9.950e-06
[train] step=677 loss=0.606439 lr=9.950e-06
[train] step=678 loss=0.321024 lr=9.950e-06
[train] step=679 loss=0.360284 lr=9.950e-06
[train] step=680 loss=0.630398 lr=9.950e-06
[train] step=681 loss=0.400298 lr=9.949e-06
[train] step=682 loss=0.426426 lr=9.949e-06
[train] step=683 loss=0.516973 lr=9.949e-06
[train] step=684 loss=0.276914 lr=9.949e-06
[train] step=685 loss=0.408867 lr=9.949e-06
[train] step=686 loss=0.518300 lr=9.949e-06
[train] step=687 loss=0.465707 lr=9.949e-06
[train] step=688 loss=0.515536 lr=9.948e-06
[train] step=689 loss=0.483169 lr=9.948e-06
[train] step=690 loss=0.462401 lr=9.948e-06
[train] step=691 loss=0.400921 lr=9.948e-06
[train] step=692 loss=0.592755 lr=9.948e-06
[train] step=693 loss=0.347729 lr=9.948e-06
[train] step=694 loss=0.390342 lr=9.947e-06
[train] step=695 loss=0.604908 lr=9.947e-06
[train] step=696 loss=0.307163 lr=9.947e-06
[train] step=697 loss=0.431610 lr=9.947e-06
[train] step=698 loss=0.275755 lr=9.947e-06
[train] step=699 loss=0.532866 lr=9.947e-06
[train] step=700 loss=0.575227 lr=9.947e-06
[train] step=701 loss=0.444148 lr=9.946e-06
[train] step=702 loss=0.417474 lr=9.946e-06
[train] step=703 loss=0.505275 lr=9.946e-06
[train] step=704 loss=0.475953 lr=9.946e-06
[train] step=705 loss=0.338808 lr=9.946e-06
[train] step=706 loss=0.480113 lr=9.946e-06
[train] step=707 loss=0.720741 lr=9.945e-06
[train] step=708 loss=0.664882 lr=9.945e-06
[train] step=709 loss=0.571222 lr=9.945e-06
[train] step=710 loss=0.513633 lr=9.945e-06
[train] step=711 loss=0.386344 lr=9.945e-06
[train] step=712 loss=0.385041 lr=9.945e-06
[train] step=713 loss=0.444459 lr=9.945e-06
[train] step=714 loss=0.647940 lr=9.944e-06
[train] step=715 loss=0.496585 lr=9.944e-06
[train] step=716 loss=0.564565 lr=9.944e-06
[train] step=717 loss=0.387000 lr=9.944e-06
[train] step=718 loss=0.514979 lr=9.944e-06
[train] step=719 loss=0.343202 lr=9.944e-06
[train] step=720 loss=0.234002 lr=9.943e-06
INFO     [rank 0] Model weights for step 720 saved in        dit_trainer.py:1288
         checkpoints/model_weights_step_00720.safetensors                       
INFO     [rank 0] Scalar embedding weights for step 720      dit_trainer.py:1297
         saved                                                                  
INFO     [rank 0] Training state saved:                      dit_trainer.py:1416
         checkpoints/model_weights_step_00720.state.pt                          
DEBUG    [rank 0] Removed old checkpoint:                    dit_trainer.py:1429
         /local/disk/hramachandran/work/wh_work/windinet/dit                    
         _outputs/lundquist/dit_cosine_kl0_15k/checkpoints/m                    
         odel_weights_step_00480.safetensors                                    
DEBUG    [rank 0] Removed old checkpoint:                    dit_trainer.py:1429
         /local/disk/hramachandran/work/wh_work/windinet/dit                    
         _outputs/lundquist/dit_cosine_kl0_15k/checkpoints/s                    
         calar_embedding_step_00480.safetensors                                 
DEBUG    [rank 0] Removed optimizer state for older kept     dit_trainer.py:1444
         checkpoint:                                                            
         /local/disk/hramachandran/work/wh_work/windinet/dit                    
         _outputs/lundquist/dit_cosine_kl0_15k/checkpoints/m                    
         odel_weights_step_00600.state.pt                                       
[epoch 6] step=720 train_loss=0.474576
[train] step=721 loss=0.482379 lr=9.943e-06
[train] step=722 loss=0.359060 lr=9.943e-06
[train] step=723 loss=0.310552 lr=9.943e-06
[train] step=724 loss=0.402769 lr=9.943e-06
[train] step=725 loss=0.630969 lr=9.943e-06
[train] step=726 loss=0.430410 lr=9.943e-06
[train] step=727 loss=0.585150 lr=9.942e-06
[train] step=728 loss=0.565142 lr=9.942e-06
[train] step=729 loss=0.448249 lr=9.942e-06
[train] step=730 loss=0.456253 lr=9.942e-06
[train] step=731 loss=0.474171 lr=9.942e-06
[train] step=732 loss=0.476689 lr=9.942e-06
[train] step=733 loss=0.661764 lr=9.941e-06
[train] step=734 loss=0.515456 lr=9.941e-06
[train] step=735 loss=0.453626 lr=9.941e-06
[train] step=736 loss=0.614818 lr=9.941e-06
[train] step=737 loss=0.486772 lr=9.941e-06
[train] step=738 loss=0.447351 lr=9.941e-06
[train] step=739 loss=0.532980 lr=9.940e-06
[train] step=740 loss=0.374538 lr=9.940e-06
[train] step=741 loss=0.670322 lr=9.940e-06
[train] step=742 loss=0.502966 lr=9.940e-06
[train] step=743 loss=0.581108 lr=9.940e-06
[train] step=744 loss=0.322308 lr=9.940e-06
[train] step=745 loss=0.551103 lr=9.939e-06
[train] step=746 loss=0.275121 lr=9.939e-06
[train] step=747 loss=0.393959 lr=9.939e-06
[train] step=748 loss=0.388707 lr=9.939e-06
[train] step=749 loss=0.399463 lr=9.939e-06
[train] step=750 loss=0.496826 lr=9.939e-06
[train] step=751 loss=0.391537 lr=9.939e-06
[train] step=752 loss=0.330014 lr=9.938e-06
[train] step=753 loss=0.408953 lr=9.938e-06
[train] step=754 loss=0.390476 lr=9.938e-06
[train] step=755 loss=0.468203 lr=9.938e-06
[train] step=756 loss=0.294094 lr=9.938e-06
[train] step=757 loss=0.432809 lr=9.938e-06
[train] step=758 loss=0.371837 lr=9.937e-06
[train] step=759 loss=0.568385 lr=9.937e-06
[train] step=760 loss=0.398911 lr=9.937e-06
[train] step=761 loss=0.480996 lr=9.937e-06
[train] step=762 loss=0.395010 lr=9.937e-06
[train] step=763 loss=0.333738 lr=9.937e-06
[train] step=764 loss=0.342194 lr=9.936e-06
[train] step=765 loss=0.515179 lr=9.936e-06
[train] step=766 loss=0.511487 lr=9.936e-06
[train] step=767 loss=0.320413 lr=9.936e-06
[train] step=768 loss=0.590122 lr=9.936e-06
[train] step=769 loss=0.554539 lr=9.936e-06
[train] step=770 loss=0.445809 lr=9.935e-06
[train] step=771 loss=0.613239 lr=9.935e-06
[train] step=772 loss=0.517218 lr=9.935e-06
[train] step=773 loss=0.501199 lr=9.935e-06
[train] step=774 loss=0.570971 lr=9.935e-06
[train] step=775 loss=0.467736 lr=9.935e-06
[train] step=776 loss=0.561977 lr=9.934e-06
[train] step=777 loss=0.437169 lr=9.934e-06
[train] step=778 loss=0.427647 lr=9.934e-06
[train] step=779 loss=0.407825 lr=9.934e-06
[train] step=780 loss=0.216059 lr=9.934e-06
[train] step=781 loss=0.414991 lr=9.933e-06
[train] step=782 loss=0.449043 lr=9.933e-06
[train] step=783 loss=0.444163 lr=9.933e-06
[train] step=784 loss=0.265641 lr=9.933e-06
[train] step=785 loss=0.533250 lr=9.933e-06
[train] step=786 loss=0.565940 lr=9.933e-06
[train] step=787 loss=0.567951 lr=9.932e-06
[train] step=788 loss=0.515044 lr=9.932e-06
[train] step=789 loss=0.507371 lr=9.932e-06
[train] step=790 loss=0.534059 lr=9.932e-06
[train] step=791 loss=0.490631 lr=9.932e-06
[train] step=792 loss=0.310855 lr=9.932e-06
[train] step=793 loss=0.436639 lr=9.931e-06
[train] step=794 loss=0.449480 lr=9.931e-06
[train] step=795 loss=0.311460 lr=9.931e-06
[train] step=796 loss=0.511797 lr=9.931e-06
[train] step=797 loss=0.552401 lr=9.931e-06
[train] step=798 loss=0.518472 lr=9.931e-06
[train] step=799 loss=0.564056 lr=9.930e-06
[train] step=800 loss=0.573019 lr=9.930e-06
[train] step=801 loss=0.336465 lr=9.930e-06
[train] step=802 loss=0.518175 lr=9.930e-06
[train] step=803 loss=0.440851 lr=9.930e-06
[train] step=804 loss=0.203434 lr=9.930e-06
[train] step=805 loss=0.516337 lr=9.929e-06
[train] step=806 loss=0.499522 lr=9.929e-06
[train] step=807 loss=0.435459 lr=9.929e-06
[train] step=808 loss=0.474835 lr=9.929e-06
[train] step=809 loss=0.437257 lr=9.929e-06
[train] step=810 loss=0.508846 lr=9.928e-06
[train] step=811 loss=0.437461 lr=9.928e-06
[train] step=812 loss=0.553257 lr=9.928e-06
[train] step=813 loss=0.433011 lr=9.928e-06
[train] step=814 loss=0.612699 lr=9.928e-06
[train] step=815 loss=0.549029 lr=9.928e-06
[train] step=816 loss=0.535621 lr=9.927e-06
[train] step=817 loss=0.381510 lr=9.927e-06
[train] step=818 loss=0.502927 lr=9.927e-06
[train] step=819 loss=0.362104 lr=9.927e-06
[train] step=820 loss=0.485717 lr=9.927e-06
[train] step=821 loss=0.524594 lr=9.927e-06
[train] step=822 loss=0.403781 lr=9.926e-06
[train] step=823 loss=0.544576 lr=9.926e-06
[train] step=824 loss=0.485440 lr=9.926e-06
[train] step=825 loss=0.473766 lr=9.926e-06
[train] step=826 loss=0.521620 lr=9.926e-06
[train] step=827 loss=0.459585 lr=9.925e-06
[train] step=828 loss=0.661605 lr=9.925e-06
[train] step=829 loss=0.509047 lr=9.925e-06
[train] step=830 loss=0.441577 lr=9.925e-06
[train] step=831 loss=0.385157 lr=9.925e-06
[train] step=832 loss=0.565779 lr=9.925e-06
[train] step=833 loss=0.433942 lr=9.924e-06
[train] step=834 loss=0.387771 lr=9.924e-06
[train] step=835 loss=0.420384 lr=9.924e-06
[train] step=836 loss=0.405777 lr=9.924e-06
[train] step=837 loss=0.387161 lr=9.924e-06
[train] step=838 loss=0.370352 lr=9.923e-06
[train] step=839 loss=0.580693 lr=9.923e-06
[train] step=840 loss=0.377832 lr=9.923e-06
INFO     [rank 0] Model weights for step 840 saved in        dit_trainer.py:1288
         checkpoints/model_weights_step_00840.safetensors                       
INFO     [rank 0] Scalar embedding weights for step 840      dit_trainer.py:1297
         saved                                                                  
INFO     [rank 0] Training state saved:                      dit_trainer.py:1416
         checkpoints/model_weights_step_00840.state.pt                          
DEBUG    [rank 0] Removed old checkpoint:                    dit_trainer.py:1429
         /local/disk/hramachandran/work/wh_work/windinet/dit                    
         _outputs/lundquist/dit_cosine_kl0_15k/checkpoints/m                    
         odel_weights_step_00600.safetensors                                    
DEBUG    [rank 0] Removed old checkpoint:                    dit_trainer.py:1429
         /local/disk/hramachandran/work/wh_work/windinet/dit                    
         _outputs/lundquist/dit_cosine_kl0_15k/checkpoints/s                    
         calar_embedding_step_00600.safetensors                                 
DEBUG    [rank 0] Removed optimizer state for older kept     dit_trainer.py:1444
         checkpoint:                                                            
         /local/disk/hramachandran/work/wh_work/windinet/dit                    
         _outputs/lundquist/dit_cosine_kl0_15k/checkpoints/m                    
         odel_weights_step_00720.state.pt                                       
[epoch 7] step=840 train_loss=0.462451
[train] step=841 loss=0.418707 lr=9.923e-06
[train] step=842 loss=0.353466 lr=9.923e-06
[train] step=843 loss=0.343199 lr=9.923e-06
[train] step=844 loss=0.410622 lr=9.922e-06
[train] step=845 loss=0.599700 lr=9.922e-06
[train] step=846 loss=0.373883 lr=9.922e-06
[train] step=847 loss=0.392246 lr=9.922e-06
[train] step=848 loss=0.392880 lr=9.922e-06
[train] step=849 loss=0.353869 lr=9.921e-06
[train] step=850 loss=0.583327 lr=9.921e-06
[train] step=851 loss=0.486897 lr=9.921e-06
[train] step=852 loss=0.510354 lr=9.921e-06
[train] step=853 loss=0.335578 lr=9.921e-06
[train] step=854 loss=0.580880 lr=9.921e-06
[train] step=855 loss=0.522641 lr=9.920e-06
[train] step=856 loss=0.309352 lr=9.920e-06
[train] step=857 loss=0.570512 lr=9.920e-06
[train] step=858 loss=0.591170 lr=9.920e-06
[train] step=859 loss=0.436818 lr=9.920e-06
[train] step=860 loss=0.440075 lr=9.919e-06
[train] step=861 loss=0.340432 lr=9.919e-06
[train] step=862 loss=0.405701 lr=9.919e-06
[train] step=863 loss=0.426978 lr=9.919e-06
[train] step=864 loss=0.379318 lr=9.919e-06
[train] step=865 loss=0.419076 lr=9.918e-06
[train] step=866 loss=0.549766 lr=9.918e-06
[train] step=867 loss=0.434487 lr=9.918e-06
[train] step=868 loss=0.488659 lr=9.918e-06
[train] step=869 loss=0.475662 lr=9.918e-06
[train] step=870 loss=0.391895 lr=9.917e-06
[train] step=871 loss=0.550932 lr=9.917e-06
[train] step=872 loss=0.520986 lr=9.917e-06
[train] step=873 loss=0.504586 lr=9.917e-06
[train] step=874 loss=0.378471 lr=9.917e-06
[train] step=875 loss=0.564437 lr=9.917e-06
[train] step=876 loss=0.452615 lr=9.916e-06
[train] step=877 loss=0.430445 lr=9.916e-06
[train] step=878 loss=0.588924 lr=9.916e-06
[train] step=879 loss=0.367186 lr=9.916e-06
[train] step=880 loss=0.690088 lr=9.916e-06
[train] step=881 loss=0.431749 lr=9.915e-06
[train] step=882 loss=0.489217 lr=9.915e-06
[train] step=883 loss=0.603079 lr=9.915e-06
[train] step=884 loss=0.366645 lr=9.915e-06
[train] step=885 loss=0.595677 lr=9.915e-06
[train] step=886 loss=0.358396 lr=9.914e-06
[train] step=887 loss=0.393025 lr=9.914e-06
[train] step=888 loss=0.426805 lr=9.914e-06
[train] step=889 loss=0.387750 lr=9.914e-06
[train] step=890 loss=0.504204 lr=9.914e-06
[train] step=891 loss=0.578573 lr=9.913e-06
[train] step=892 loss=0.439230 lr=9.913e-06
[train] step=893 loss=0.513416 lr=9.913e-06
[train] step=894 loss=0.327417 lr=9.913e-06
[train] step=895 loss=0.384631 lr=9.913e-06
[train] step=896 loss=0.610516 lr=9.913e-06
[train] step=897 loss=0.612185 lr=9.912e-06
[train] step=898 loss=0.511856 lr=9.912e-06
[train] step=899 loss=0.590829 lr=9.912e-06
[train] step=900 loss=0.455032 lr=9.912e-06
[train] step=901 loss=0.378262 lr=9.912e-06
[train] step=902 loss=0.475167 lr=9.911e-06
[train] step=903 loss=0.442730 lr=9.911e-06
[train] step=904 loss=0.414187 lr=9.911e-06
[train] step=905 loss=0.610920 lr=9.911e-06
[train] step=906 loss=0.464652 lr=9.911e-06
[train] step=907 loss=0.669660 lr=9.910e-06
[train] step=908 loss=0.447602 lr=9.910e-06
[train] step=909 loss=0.440679 lr=9.910e-06
[train] step=910 loss=0.493372 lr=9.910e-06
[train] step=911 loss=0.379496 lr=9.910e-06
[train] step=912 loss=0.702112 lr=9.909e-06
[train] step=913 loss=0.600443 lr=9.909e-06
[train] step=914 loss=0.525829 lr=9.909e-06
[train] step=915 loss=0.445269 lr=9.909e-06
[train] step=916 loss=0.455530 lr=9.909e-06
[train] step=917 loss=0.474029 lr=9.908e-06
[train] step=918 loss=0.297249 lr=9.908e-06
[train] step=919 loss=0.452238 lr=9.908e-06
[train] step=920 loss=0.421280 lr=9.908e-06
[train] step=921 loss=0.543979 lr=9.908e-06
[train] step=922 loss=0.385781 lr=9.907e-06
[train] step=923 loss=0.401328 lr=9.907e-06
[train] step=924 loss=0.558067 lr=9.907e-06
[train] step=925 loss=0.527919 lr=9.907e-06
[train] step=926 loss=0.408144 lr=9.907e-06
[train] step=927 loss=0.327386 lr=9.906e-06
[train] step=928 loss=0.441061 lr=9.906e-06
[train] step=929 loss=0.619551 lr=9.906e-06
[train] step=930 loss=0.677268 lr=9.906e-06
[train] step=931 loss=0.463508 lr=9.906e-06
[train] step=932 loss=0.429563 lr=9.905e-06
[train] step=933 loss=0.337851 lr=9.905e-06
[train] step=934 loss=0.371467 lr=9.905e-06
[train] step=935 loss=0.524732 lr=9.905e-06
[train] step=936 loss=0.389134 lr=9.905e-06
[train] step=937 loss=0.417680 lr=9.904e-06
[train] step=938 loss=0.408499 lr=9.904e-06
[train] step=939 loss=0.391952 lr=9.904e-06
[train] step=940 loss=0.591959 lr=9.904e-06
[train] step=941 loss=0.558822 lr=9.904e-06
[train] step=942 loss=0.400249 lr=9.903e-06
[train] step=943 loss=0.302252 lr=9.903e-06
[train] step=944 loss=0.545322 lr=9.903e-06
[train] step=945 loss=0.414922 lr=9.903e-06
[train] step=946 loss=0.523871 lr=9.902e-06
[train] step=947 loss=0.339301 lr=9.902e-06
[train] step=948 loss=0.452783 lr=9.902e-06
[train] step=949 loss=0.516234 lr=9.902e-06
[train] step=950 loss=0.502637 lr=9.902e-06
[train] step=951 loss=0.403666 lr=9.901e-06
[train] step=952 loss=0.475420 lr=9.901e-06
[train] step=953 loss=0.508649 lr=9.901e-06
[train] step=954 loss=0.525092 lr=9.901e-06
[train] step=955 loss=0.500431 lr=9.901e-06
[train] step=956 loss=0.540243 lr=9.900e-06
[train] step=957 loss=0.571591 lr=9.900e-06
[train] step=958 loss=0.589704 lr=9.900e-06
[train] step=959 loss=0.661857 lr=9.900e-06
[train] step=960 loss=0.410791 lr=9.900e-06
INFO     [rank 0] Model weights for step 960 saved in        dit_trainer.py:1288
         checkpoints/model_weights_step_00960.safetensors                       
INFO     [rank 0] Scalar embedding weights for step 960      dit_trainer.py:1297
         saved                                                                  
INFO     [rank 0] Training state saved:                      dit_trainer.py:1416
         checkpoints/model_weights_step_00960.state.pt                          
DEBUG    [rank 0] Removed old checkpoint:                    dit_trainer.py:1429
         /local/disk/hramachandran/work/wh_work/windinet/dit                    
         _outputs/lundquist/dit_cosine_kl0_15k/checkpoints/m                    
         odel_weights_step_00720.safetensors                                    
DEBUG    [rank 0] Removed old checkpoint:                    dit_trainer.py:1429
         /local/disk/hramachandran/work/wh_work/windinet/dit                    
         _outputs/lundquist/dit_cosine_kl0_15k/checkpoints/s                    
         calar_embedding_step_00720.safetensors                                 
DEBUG    [rank 0] Removed optimizer state for older kept     dit_trainer.py:1444
         checkpoint:                                                            
         /local/disk/hramachandran/work/wh_work/windinet/dit                    
         _outputs/lundquist/dit_cosine_kl0_15k/checkpoints/m                    
         odel_weights_step_00840.state.pt                                       
[epoch 8] step=960 train_loss=0.470546
[train] step=961 loss=0.439158 lr=9.899e-06
[train] step=962 loss=0.446903 lr=9.899e-06
[train] step=963 loss=0.390862 lr=9.899e-06
[train] step=964 loss=0.502471 lr=9.899e-06
[train] step=965 loss=0.506028 lr=9.899e-06
[train] step=966 loss=0.427686 lr=9.898e-06
[train] step=967 loss=0.490298 lr=9.898e-06
[train] step=968 loss=0.664341 lr=9.898e-06
[train] step=969 loss=0.594706 lr=9.898e-06
[train] step=970 loss=0.681533 lr=9.897e-06
[train] step=971 loss=0.467499 lr=9.897e-06
[train] step=972 loss=0.525816 lr=9.897e-06
[train] step=973 loss=0.230265 lr=9.897e-06
[train] step=974 loss=0.244022 lr=9.897e-06
[train] step=975 loss=0.422605 lr=9.896e-06
[train] step=976 loss=0.521181 lr=9.896e-06
[train] step=977 loss=0.365049 lr=9.896e-06
[train] step=978 loss=0.333372 lr=9.896e-06
[train] step=979 loss=0.701924 lr=9.896e-06
[train] step=980 loss=0.477621 lr=9.895e-06
[train] step=981 loss=0.492915 lr=9.895e-06
[train] step=982 loss=0.366731 lr=9.895e-06
[train] step=983 loss=0.216519 lr=9.895e-06
[train] step=984 loss=0.417839 lr=9.895e-06
[train] step=985 loss=0.488533 lr=9.894e-06
[train] step=986 loss=0.328873 lr=9.894e-06
[train] step=987 loss=0.546611 lr=9.894e-06
[train] step=988 loss=0.603057 lr=9.894e-06
[train] step=989 loss=0.473181 lr=9.893e-06
[train] step=990 loss=0.450951 lr=9.893e-06
[train] step=991 loss=0.331841 lr=9.893e-06
[train] step=992 loss=0.495096 lr=9.893e-06
[train] step=993 loss=0.540471 lr=9.893e-06
[train] step=994 loss=0.447013 lr=9.892e-06
[train] step=995 loss=0.447265 lr=9.892e-06
[train] step=996 loss=0.597323 lr=9.892e-06
[train] step=997 loss=0.420523 lr=9.892e-06
[train] step=998 loss=0.439212 lr=9.891e-06
[train] step=999 loss=0.426576 lr=9.891e-06
[train] step=1000 loss=0.529891 lr=9.891e-06
[train] step=1001 loss=0.586489 lr=9.891e-06
[train] step=1002 loss=0.508056 lr=9.891e-06
[train] step=1003 loss=0.431519 lr=9.890e-06
[train] step=1004 loss=0.387237 lr=9.890e-06
[train] step=1005 loss=0.451482 lr=9.890e-06
[train] step=1006 loss=0.454859 lr=9.890e-06
[train] step=1007 loss=0.242533 lr=9.890e-06
[train] step=1008 loss=0.365279 lr=9.889e-06
[train] step=1009 loss=0.424727 lr=9.889e-06
[train] step=1010 loss=0.552773 lr=9.889e-06
[train] step=1011 loss=0.405963 lr=9.889e-06
[train] step=1012 loss=0.381117 lr=9.888e-06
[train] step=1013 loss=0.402691 lr=9.888e-06
[train] step=1014 loss=0.356810 lr=9.888e-06
[train] step=1015 loss=0.538495 lr=9.888e-06
[train] step=1016 loss=0.650394 lr=9.888e-06
[train] step=1017 loss=0.449884 lr=9.887e-06
[train] step=1018 loss=0.452657 lr=9.887e-06
[train] step=1019 loss=0.623523 lr=9.887e-06
[train] step=1020 loss=0.323189 lr=9.887e-06
[train] step=1021 loss=0.446199 lr=9.886e-06
[train] step=1022 loss=0.342044 lr=9.886e-06
[train] step=1023 loss=0.540983 lr=9.886e-06
[train] step=1024 loss=0.506114 lr=9.886e-06
[train] step=1025 loss=0.394787 lr=9.886e-06
[train] step=1026 loss=0.582476 lr=9.885e-06
[train] step=1027 loss=0.466769 lr=9.885e-06
[train] step=1028 loss=0.537953 lr=9.885e-06
[train] step=1029 loss=0.381245 lr=9.885e-06
[train] step=1030 loss=0.496209 lr=9.884e-06
[train] step=1031 loss=0.445844 lr=9.884e-06
[train] step=1032 loss=0.281326 lr=9.884e-06
[train] step=1033 loss=0.592065 lr=9.884e-06
[train] step=1034 loss=0.309391 lr=9.884e-06
[train] step=1035 loss=0.617287 lr=9.883e-06
[train] step=1036 loss=0.423230 lr=9.883e-06
[train] step=1037 loss=0.448038 lr=9.883e-06
[train] step=1038 loss=0.466170 lr=9.883e-06
[train] step=1039 loss=0.492030 lr=9.882e-06
[train] step=1040 loss=0.534212 lr=9.882e-06
[train] step=1041 loss=0.482702 lr=9.882e-06
[train] step=1042 loss=0.397678 lr=9.882e-06
[train] step=1043 loss=0.500870 lr=9.882e-06
[train] step=1044 loss=0.547104 lr=9.881e-06
[train] step=1045 loss=0.333294 lr=9.881e-06
[train] step=1046 loss=0.481641 lr=9.881e-06
[train] step=1047 loss=0.481518 lr=9.881e-06
[train] step=1048 loss=0.446034 lr=9.880e-06
[train] step=1049 loss=0.221507 lr=9.880e-06
[train] step=1050 loss=0.571456 lr=9.880e-06
[train] step=1051 loss=0.514717 lr=9.880e-06
[train] step=1052 loss=0.394313 lr=9.879e-06
[train] step=1053 loss=0.313319 lr=9.879e-06
[train] step=1054 loss=0.356851 lr=9.879e-06
[train] step=1055 loss=0.394765 lr=9.879e-06
[train] step=1056 loss=0.319715 lr=9.879e-06
[train] step=1057 loss=0.313693 lr=9.878e-06
[train] step=1058 loss=0.416481 lr=9.878e-06
[train] step=1059 loss=0.527726 lr=9.878e-06
[train] step=1060 loss=0.533027 lr=9.878e-06
[train] step=1061 loss=0.396837 lr=9.877e-06
[train] step=1062 loss=0.572031 lr=9.877e-06
[train] step=1063 loss=0.421115 lr=9.877e-06
[train] step=1064 loss=0.590188 lr=9.877e-06
[train] step=1065 loss=0.446869 lr=9.876e-06
[train] step=1066 loss=0.327388 lr=9.876e-06
[train] step=1067 loss=0.388043 lr=9.876e-06
[train] step=1068 loss=0.361294 lr=9.876e-06
[train] step=1069 loss=0.354708 lr=9.876e-06
[train] step=1070 loss=0.401411 lr=9.875e-06
[train] step=1071 loss=0.461448 lr=9.875e-06
[train] step=1072 loss=0.485302 lr=9.875e-06
[train] step=1073 loss=0.444826 lr=9.875e-06
[train] step=1074 loss=0.424190 lr=9.874e-06
[train] step=1075 loss=0.727047 lr=9.874e-06
[train] step=1076 loss=0.454072 lr=9.874e-06
[train] step=1077 loss=0.473470 lr=9.874e-06
[train] step=1078 loss=0.493679 lr=9.873e-06
[train] step=1079 loss=0.406847 lr=9.873e-06
[train] step=1080 loss=0.529915 lr=9.873e-06
INFO     [rank 0] Model weights for step 1080 saved in       dit_trainer.py:1288
         checkpoints/model_weights_step_01080.safetensors                       
INFO     [rank 0] Scalar embedding weights for step 1080     dit_trainer.py:1297
         saved                                                                  
INFO     [rank 0] Training state saved:                      dit_trainer.py:1416
         checkpoints/model_weights_step_01080.state.pt                          
DEBUG    [rank 0] Removed old checkpoint:                    dit_trainer.py:1429
         /local/disk/hramachandran/work/wh_work/windinet/dit                    
         _outputs/lundquist/dit_cosine_kl0_15k/checkpoints/m                    
         odel_weights_step_00840.safetensors                                    
DEBUG    [rank 0] Removed old checkpoint:                    dit_trainer.py:1429
         /local/disk/hramachandran/work/wh_work/windinet/dit                    
         _outputs/lundquist/dit_cosine_kl0_15k/checkpoints/s                    
         calar_embedding_step_00840.safetensors                                 
DEBUG    [rank 0] Removed optimizer state for older kept     dit_trainer.py:1444
         checkpoint:                                                            
         /local/disk/hramachandran/work/wh_work/windinet/dit                    
         _outputs/lundquist/dit_cosine_kl0_15k/checkpoints/m                    
         odel_weights_step_00960.state.pt                                       
[epoch 9] step=1080 train_loss=0.453148
[train] step=1081 loss=0.429415 lr=9.873e-06
[train] step=1082 loss=0.288726 lr=9.873e-06
[train] step=1083 loss=0.386058 lr=9.872e-06
[train] step=1084 loss=0.550855 lr=9.872e-06
[train] step=1085 loss=0.384795 lr=9.872e-06
[train] step=1086 loss=0.294882 lr=9.872e-06
[train] step=1087 loss=0.492094 lr=9.871e-06
[train] step=1088 loss=0.609189 lr=9.871e-06
[train] step=1089 loss=0.434254 lr=9.871e-06
[train] step=1090 loss=0.468951 lr=9.871e-06
[train] step=1091 loss=0.494281 lr=9.870e-06
[train] step=1092 loss=0.507821 lr=9.870e-06
[train] step=1093 loss=0.442602 lr=9.870e-06
[train] step=1094 loss=0.391666 lr=9.870e-06
[train] step=1095 loss=0.528048 lr=9.869e-06
[train] step=1096 loss=0.459534 lr=9.869e-06
[train] step=1097 loss=0.367937 lr=9.869e-06
[train] step=1098 loss=0.537611 lr=9.869e-06
[train] step=1099 loss=0.381010 lr=9.869e-06
[train] step=1100 loss=0.584318 lr=9.868e-06
[train] step=1101 loss=0.433031 lr=9.868e-06
[train] step=1102 loss=0.555364 lr=9.868e-06
[train] step=1103 loss=0.609594 lr=9.868e-06
[train] step=1104 loss=0.411408 lr=9.867e-06
[train] step=1105 loss=0.565935 lr=9.867e-06
[train] step=1106 loss=0.536481 lr=9.867e-06
[train] step=1107 loss=0.415020 lr=9.867e-06
[train] step=1108 loss=0.350320 lr=9.866e-06
[train] step=1109 loss=0.504143 lr=9.866e-06
[train] step=1110 loss=0.430824 lr=9.866e-06
[train] step=1111 loss=0.364420 lr=9.866e-06
[train] step=1112 loss=0.380215 lr=9.865e-06
[train] step=1113 loss=0.574992 lr=9.865e-06
[train] step=1114 loss=0.472480 lr=9.865e-06
[train] step=1115 loss=0.322708 lr=9.865e-06
[train] step=1116 loss=0.271443 lr=9.864e-06
[train] step=1117 loss=0.575234 lr=9.864e-06
[train] step=1118 loss=0.653160 lr=9.864e-06
[train] step=1119 loss=0.345437 lr=9.864e-06
[train] step=1120 loss=0.461862 lr=9.863e-06
[train] step=1121 loss=0.662348 lr=9.863e-06
[train] step=1122 loss=0.437769 lr=9.863e-06
[train] step=1123 loss=0.235198 lr=9.863e-06
[train] step=1124 loss=0.540302 lr=9.862e-06
[train] step=1125 loss=0.477079 lr=9.862e-06
[train] step=1126 loss=0.257497 lr=9.862e-06
[train] step=1127 loss=0.339058 lr=9.862e-06
[train] step=1128 loss=0.349094 lr=9.861e-06
[train] step=1129 loss=0.512239 lr=9.861e-06
[train] step=1130 loss=0.579647 lr=9.861e-06
[train] step=1131 loss=0.393808 lr=9.861e-06
[train] step=1132 loss=0.690910 lr=9.861e-06
[train] step=1133 loss=0.498891 lr=9.860e-06
[train] step=1134 loss=0.584270 lr=9.860e-06
[train] step=1135 loss=0.319325 lr=9.860e-06
[train] step=1136 loss=0.462258 lr=9.860e-06
[train] step=1137 loss=0.487947 lr=9.859e-06
[train] step=1138 loss=0.502076 lr=9.859e-06
[train] step=1139 loss=0.495461 lr=9.859e-06
[train] step=1140 loss=0.339273 lr=9.859e-06
[train] step=1141 loss=0.497403 lr=9.858e-06
[train] step=1142 loss=0.407723 lr=9.858e-06
[train] step=1143 loss=0.366732 lr=9.858e-06
[train] step=1144 loss=0.351285 lr=9.858e-06
[train] step=1145 loss=0.408356 lr=9.857e-06
[train] step=1146 loss=0.438945 lr=9.857e-06
[train] step=1147 loss=0.418969 lr=9.857e-06
[train] step=1148 loss=0.576915 lr=9.857e-06
[train] step=1149 loss=0.541906 lr=9.856e-06
[train] step=1150 loss=0.420891 lr=9.856e-06
[train] step=1151 loss=0.365197 lr=9.856e-06
[train] step=1152 loss=0.581222 lr=9.856e-06
[train] step=1153 loss=0.565988 lr=9.855e-06
[train] step=1154 loss=0.599140 lr=9.855e-06
[train] step=1155 loss=0.380812 lr=9.855e-06
[train] step=1156 loss=0.266237 lr=9.855e-06
[train] step=1157 loss=0.469256 lr=9.854e-06
[train] step=1158 loss=0.346567 lr=9.854e-06
[train] step=1159 loss=0.406168 lr=9.854e-06
[train] step=1160 loss=0.576644 lr=9.854e-06
[train] step=1161 loss=0.510753 lr=9.853e-06
[train] step=1162 loss=0.449646 lr=9.853e-06
[train] step=1163 loss=0.511280 lr=9.853e-06
[train] step=1164 loss=0.545050 lr=9.853e-06
[train] step=1165 loss=0.352264 lr=9.852e-06
[train] step=1166 loss=0.391048 lr=9.852e-06
[train] step=1167 loss=0.375962 lr=9.852e-06
[train] step=1168 loss=0.579727 lr=9.852e-06
[train] step=1169 loss=0.618177 lr=9.851e-06
[train] step=1170 loss=0.588108 lr=9.851e-06
[train] step=1171 loss=0.477879 lr=9.851e-06
[train] step=1172 loss=0.565489 lr=9.851e-06
[train] step=1173 loss=0.452062 lr=9.850e-06
[train] step=1174 loss=0.404173 lr=9.850e-06
[train] step=1175 loss=0.374296 lr=9.850e-06
[train] step=1176 loss=0.455997 lr=9.850e-06
[train] step=1177 loss=0.471899 lr=9.849e-06
[train] step=1178 loss=0.426984 lr=9.849e-06
[train] step=1179 loss=0.420256 lr=9.849e-06
[train] step=1180 loss=0.620339 lr=9.848e-06
[train] step=1181 loss=0.641630 lr=9.848e-06
[train] step=1182 loss=0.353840 lr=9.848e-06
[train] step=1183 loss=0.617847 lr=9.848e-06
[train] step=1184 loss=0.430978 lr=9.847e-06
[train] step=1185 loss=0.410886 lr=9.847e-06
[train] step=1186 loss=0.455429 lr=9.847e-06
[train] step=1187 loss=0.418917 lr=9.847e-06
[train] step=1188 loss=0.479640 lr=9.846e-06
[train] step=1189 loss=0.324083 lr=9.846e-06
[train] step=1190 loss=0.523022 lr=9.846e-06
[train] step=1191 loss=0.371255 lr=9.846e-06
[train] step=1192 loss=0.439246 lr=9.845e-06
[train] step=1193 loss=0.518330 lr=9.845e-06
[train] step=1194 loss=0.571444 lr=9.845e-06
[train] step=1195 loss=0.419465 lr=9.845e-06
[train] step=1196 loss=0.459059 lr=9.844e-06
[train] step=1197 loss=0.505356 lr=9.844e-06
[train] step=1198 loss=0.415752 lr=9.844e-06
[train] step=1199 loss=0.611229 lr=9.844e-06
[train] step=1200 loss=0.437803 lr=9.843e-06
[val] step=1200 val_loss=0.451976
INFO     [rank 0] Model weights for step 1200 saved in       dit_trainer.py:1288
         checkpoints/model_weights_step_01200.safetensors                       
INFO     [rank 0] Scalar embedding weights for step 1200     dit_trainer.py:1297
         saved                                                                  
INFO     [rank 0] Training state saved:                      dit_trainer.py:1416
         checkpoints/model_weights_step_01200.state.pt                          
INFO     [rank 0] New best checkpoint (step 1200,            dit_trainer.py:1320
         val_loss=0.451976):                                                    
         checkpoints/model_weights_best.safetensors                             
DEBUG    [rank 0] Removed old checkpoint:                    dit_trainer.py:1429
         /local/disk/hramachandran/work/wh_work/windinet/dit                    
         _outputs/lundquist/dit_cosine_kl0_15k/checkpoints/m                    
         odel_weights_step_00960.safetensors                                    
DEBUG    [rank 0] Removed old checkpoint:                    dit_trainer.py:1429
         /local/disk/hramachandran/work/wh_work/windinet/dit                    
         _outputs/lundquist/dit_cosine_kl0_15k/checkpoints/s                    
         calar_embedding_step_00960.safetensors                                 
DEBUG    [rank 0] Removed optimizer state for older kept     dit_trainer.py:1444
         checkpoint:                                                            
         /local/disk/hramachandran/work/wh_work/windinet/dit                    
         _outputs/lundquist/dit_cosine_kl0_15k/checkpoints/m                    
         odel_weights_step_01080.state.pt                                       
[epoch 10] step=1200 train_loss=0.462564 val_loss=0.451976
[train] step=1201 loss=0.437541 lr=9.843e-06
[train] step=1202 loss=0.295185 lr=9.843e-06
[train] step=1203 loss=0.446057 lr=9.843e-06
[train] step=1204 loss=0.296408 lr=9.842e-06
[train] step=1205 loss=0.497606 lr=9.842e-06
[train] step=1206 loss=0.420044 lr=9.842e-06
[train] step=1207 loss=0.296021 lr=9.842e-06
[train] step=1208 loss=0.557962 lr=9.841e-06
[train] step=1209 loss=0.343609 lr=9.841e-06
[train] step=1210 loss=0.536326 lr=9.841e-06
[train] step=1211 loss=0.350283 lr=9.840e-06
[train] step=1212 loss=0.392690 lr=9.840e-06
[train] step=1213 loss=0.383310 lr=9.840e-06
[train] step=1214 loss=0.371540 lr=9.840e-06
[train] step=1215 loss=0.503094 lr=9.839e-06
[train] step=1216 loss=0.363674 lr=9.839e-06
[train] step=1217 loss=0.516771 lr=9.839e-06
[train] step=1218 loss=0.259364 lr=9.839e-06
[train] step=1219 loss=0.351610 lr=9.838e-06
[train] step=1220 loss=0.504408 lr=9.838e-06
[train] step=1221 loss=0.399318 lr=9.838e-06
[train] step=1222 loss=0.420965 lr=9.838e-06
[train] step=1223 loss=0.423548 lr=9.837e-06
[train] step=1224 loss=0.460621 lr=9.837e-06
[train] step=1225 loss=0.562196 lr=9.837e-06
[train] step=1226 loss=0.502287 lr=9.837e-06
[train] step=1227 loss=0.455264 lr=9.836e-06
[train] step=1228 loss=0.442886 lr=9.836e-06
[train] step=1229 loss=0.441208 lr=9.836e-06
[train] step=1230 loss=0.535672 lr=9.835e-06
[train] step=1231 loss=0.466388 lr=9.835e-06
[train] step=1232 loss=0.556747 lr=9.835e-06
[train] step=1233 loss=0.479670 lr=9.835e-06
[train] step=1234 loss=0.408661 lr=9.834e-06
[train] step=1235 loss=0.408291 lr=9.834e-06
[train] step=1236 loss=0.452257 lr=9.834e-06
[train] step=1237 loss=0.316747 lr=9.834e-06
[train] step=1238 loss=0.569005 lr=9.833e-06
[train] step=1239 loss=0.383389 lr=9.833e-06
[train] step=1240 loss=0.293066 lr=9.833e-06
[train] step=1241 loss=0.512353 lr=9.832e-06
[train] step=1242 loss=0.486880 lr=9.832e-06
[train] step=1243 loss=0.307869 lr=9.832e-06
[train] step=1244 loss=0.535374 lr=9.832e-06
[train] step=1245 loss=0.329937 lr=9.831e-06
[train] step=1246 loss=0.281872 lr=9.831e-06
[train] step=1247 loss=0.520348 lr=9.831e-06
[train] step=1248 loss=0.465338 lr=9.831e-06
[train] step=1249 loss=0.359841 lr=9.830e-06
[train] step=1250 loss=0.429976 lr=9.830e-06
[train] step=1251 loss=0.362246 lr=9.830e-06
[train] step=1252 loss=0.496689 lr=9.830e-06
[train] step=1253 loss=0.601093 lr=9.829e-06
[train] step=1254 loss=0.415697 lr=9.829e-06
[train] step=1255 loss=0.419084 lr=9.829e-06
[train] step=1256 loss=0.431820 lr=9.828e-06
[train] step=1257 loss=0.489139 lr=9.828e-06
[train] step=1258 loss=0.498206 lr=9.828e-06
[train] step=1259 loss=0.336515 lr=9.828e-06
[train] step=1260 loss=0.223425 lr=9.827e-06
[train] step=1261 loss=0.551520 lr=9.827e-06
[train] step=1262 loss=0.366588 lr=9.827e-06
[train] step=1263 loss=0.430557 lr=9.827e-06
[train] step=1264 loss=0.439983 lr=9.826e-06
[train] step=1265 loss=0.381392 lr=9.826e-06
[train] step=1266 loss=0.604133 lr=9.826e-06
[train] step=1267 loss=0.443363 lr=9.825e-06
[train] step=1268 loss=0.401069 lr=9.825e-06
[train] step=1269 loss=0.748998 lr=9.825e-06
[train] step=1270 loss=0.321146 lr=9.825e-06
[train] step=1271 loss=0.453343 lr=9.824e-06
[train] step=1272 loss=0.561556 lr=9.824e-06
[train] step=1273 loss=0.354072 lr=9.824e-06
[train] step=1274 loss=0.246297 lr=9.824e-06
[train] step=1275 loss=0.434267 lr=9.823e-06
[train] step=1276 loss=0.399381 lr=9.823e-06
[train] step=1277 loss=0.593767 lr=9.823e-06
[train] step=1278 loss=0.314910 lr=9.822e-06
[train] step=1279 loss=0.381460 lr=9.822e-06
[train] step=1280 loss=0.416908 lr=9.822e-06
[train] step=1281 loss=0.471477 lr=9.822e-06
[train] step=1282 loss=0.597884 lr=9.821e-06
[train] step=1283 loss=0.491701 lr=9.821e-06
[train] step=1284 loss=0.512295 lr=9.821e-06
[train] step=1285 loss=0.703664 lr=9.820e-06
[train] step=1286 loss=0.370098 lr=9.820e-06
[train] step=1287 loss=0.490302 lr=9.820e-06
[train] step=1288 loss=0.464365 lr=9.820e-06
[train] step=1289 loss=0.427917 lr=9.819e-06
[train] step=1290 loss=0.497328 lr=9.819e-06
[train] step=1291 loss=0.389005 lr=9.819e-06
[train] step=1292 loss=0.538870 lr=9.819e-06
[train] step=1293 loss=0.355145 lr=9.818e-06
[train] step=1294 loss=0.477361 lr=9.818e-06
[train] step=1295 loss=0.526164 lr=9.818e-06
[train] step=1296 loss=0.537339 lr=9.817e-06
[train] step=1297 loss=0.420439 lr=9.817e-06
[train] step=1298 loss=0.371824 lr=9.817e-06
[train] step=1299 loss=0.486205 lr=9.817e-06
[train] step=1300 loss=0.586123 lr=9.816e-06
[train] step=1301 loss=0.482945 lr=9.816e-06
[train] step=1302 loss=0.386908 lr=9.816e-06
[train] step=1303 loss=0.450012 lr=9.815e-06
[train] step=1304 loss=0.307199 lr=9.815e-06
[train] step=1305 loss=0.609712 lr=9.815e-06
[train] step=1306 loss=0.463565 lr=9.815e-06
[train] step=1307 loss=0.356004 lr=9.814e-06
[train] step=1308 loss=0.504723 lr=9.814e-06
[train] step=1309 loss=0.365762 lr=9.814e-06
[train] step=1310 loss=0.425820 lr=9.813e-06
[train] step=1311 loss=0.455301 lr=9.813e-06
[train] step=1312 loss=0.502915 lr=9.813e-06
[train] step=1313 loss=0.328372 lr=9.813e-06
[train] step=1314 loss=0.534366 lr=9.812e-06
[train] step=1315 loss=0.472734 lr=9.812e-06
[train] step=1316 loss=0.520484 lr=9.812e-06
[train] step=1317 loss=0.260581 lr=9.811e-06
[train] step=1318 loss=0.428978 lr=9.811e-06
[train] step=1319 loss=0.381900 lr=9.811e-06
[train] step=1320 loss=0.465744 lr=9.811e-06
INFO     [rank 0] Model weights for step 1320 saved in       dit_trainer.py:1288
         checkpoints/model_weights_step_01320.safetensors                       
INFO     [rank 0] Scalar embedding weights for step 1320     dit_trainer.py:1297
         saved                                                                  
INFO     [rank 0] Training state saved:                      dit_trainer.py:1416
         checkpoints/model_weights_step_01320.state.pt                          
DEBUG    [rank 0] Removed old checkpoint:                    dit_trainer.py:1429
         /local/disk/hramachandran/work/wh_work/windinet/dit                    
         _outputs/lundquist/dit_cosine_kl0_15k/checkpoints/m                    
         odel_weights_step_01080.safetensors                                    
DEBUG    [rank 0] Removed old checkpoint:                    dit_trainer.py:1429
         /local/disk/hramachandran/work/wh_work/windinet/dit                    
         _outputs/lundquist/dit_cosine_kl0_15k/checkpoints/s                    
         calar_embedding_step_01080.safetensors                                 
DEBUG    [rank 0] Removed optimizer state for older kept     dit_trainer.py:1444
         checkpoint:                                                            
         /local/disk/hramachandran/work/wh_work/windinet/dit                    
         _outputs/lundquist/dit_cosine_kl0_15k/checkpoints/m                    
         odel_weights_step_01200.state.pt                                       
[epoch 11] step=1320 train_loss=0.440347
[train] step=1321 loss=0.420909 lr=9.810e-06
[train] step=1322 loss=0.472158 lr=9.810e-06
[train] step=1323 loss=0.320574 lr=9.810e-06
[train] step=1324 loss=0.354967 lr=9.809e-06
[train] step=1325 loss=0.347464 lr=9.809e-06
[train] step=1326 loss=0.382268 lr=9.809e-06
[train] step=1327 loss=0.455251 lr=9.809e-06
[train] step=1328 loss=0.348615 lr=9.808e-06
[train] step=1329 loss=0.397760 lr=9.808e-06
[train] step=1330 loss=0.438438 lr=9.808e-06
[train] step=1331 loss=0.339861 lr=9.807e-06
[train] step=1332 loss=0.429066 lr=9.807e-06
[train] step=1333 loss=0.494995 lr=9.807e-06
[train] step=1334 loss=0.421618 lr=9.807e-06
[train] step=1335 loss=0.595426 lr=9.806e-06
[train] step=1336 loss=0.348260 lr=9.806e-06
[train] step=1337 loss=0.540669 lr=9.806e-06
[train] step=1338 loss=0.452285 lr=9.805e-06
[train] step=1339 loss=0.472305 lr=9.805e-06
[train] step=1340 loss=0.674130 lr=9.805e-06
[train] step=1341 loss=0.446956 lr=9.805e-06
[train] step=1342 loss=0.549730 lr=9.804e-06
[train] step=1343 loss=0.396452 lr=9.804e-06
[train] step=1344 loss=0.507517 lr=9.804e-06
[train] step=1345 loss=0.361070 lr=9.803e-06
[train] step=1346 loss=0.325642 lr=9.803e-06
[train] step=1347 loss=0.360429 lr=9.803e-06
[train] step=1348 loss=0.421361 lr=9.803e-06
[train] step=1349 loss=0.463119 lr=9.802e-06
[train] step=1350 loss=0.589223 lr=9.802e-06
[train] step=1351 loss=0.464390 lr=9.802e-06
[train] step=1352 loss=0.622077 lr=9.801e-06
[train] step=1353 loss=0.429103 lr=9.801e-06
[train] step=1354 loss=0.583311 lr=9.801e-06
[train] step=1355 loss=0.382379 lr=9.800e-06
[train] step=1356 loss=0.597452 lr=9.800e-06
[train] step=1357 loss=0.332370 lr=9.800e-06
[train] step=1358 loss=0.414620 lr=9.800e-06
[train] step=1359 loss=0.402822 lr=9.799e-06
[train] step=1360 loss=0.452989 lr=9.799e-06
[train] step=1361 loss=0.364398 lr=9.799e-06
[train] step=1362 loss=0.421910 lr=9.798e-06
[train] step=1363 loss=0.475513 lr=9.798e-06
[train] step=1364 loss=0.412707 lr=9.798e-06
[train] step=1365 loss=0.389781 lr=9.798e-06
[train] step=1366 loss=0.581741 lr=9.797e-06
[train] step=1367 loss=0.292170 lr=9.797e-06
[train] step=1368 loss=0.469807 lr=9.797e-06
[train] step=1369 loss=0.478291 lr=9.796e-06
[train] step=1370 loss=0.478807 lr=9.796e-06
[train] step=1371 loss=0.450757 lr=9.796e-06
[train] step=1372 loss=0.544425 lr=9.795e-06
[train] step=1373 loss=0.579018 lr=9.795e-06
[train] step=1374 loss=0.501560 lr=9.795e-06
[train] step=1375 loss=0.450438 lr=9.795e-06
[train] step=1376 loss=0.516111 lr=9.794e-06
[train] step=1377 loss=0.424320 lr=9.794e-06
[train] step=1378 loss=0.369761 lr=9.794e-06
[train] step=1379 loss=0.334651 lr=9.793e-06
[train] step=1380 loss=0.348076 lr=9.793e-06
[train] step=1381 loss=0.277529 lr=9.793e-06
[train] step=1382 loss=0.330017 lr=9.793e-06
[train] step=1383 loss=0.401233 lr=9.792e-06
[train] step=1384 loss=0.680131 lr=9.792e-06
[train] step=1385 loss=0.683399 lr=9.792e-06
[train] step=1386 loss=0.458651 lr=9.791e-06
[train] step=1387 loss=0.395529 lr=9.791e-06
[train] step=1388 loss=0.483687 lr=9.791e-06
[train] step=1389 loss=0.256775 lr=9.790e-06
[train] step=1390 loss=0.398772 lr=9.790e-06
[train] step=1391 loss=0.543676 lr=9.790e-06
[train] step=1392 loss=0.372721 lr=9.790e-06
[train] step=1393 loss=0.483534 lr=9.789e-06
[train] step=1394 loss=0.235966 lr=9.789e-06
[train] step=1395 loss=0.524683 lr=9.789e-06
[train] step=1396 loss=0.577474 lr=9.788e-06
[train] step=1397 loss=0.462337 lr=9.788e-06
[train] step=1398 loss=0.394123 lr=9.788e-06
[train] step=1399 loss=0.450289 lr=9.787e-06
[train] step=1400 loss=0.385067 lr=9.787e-06
[train] step=1401 loss=0.505908 lr=9.787e-06
[train] step=1402 loss=0.422126 lr=9.787e-06
[train] step=1403 loss=0.580395 lr=9.786e-06
[train] step=1404 loss=0.403282 lr=9.786e-06
[train] step=1405 loss=0.439869 lr=9.786e-06
[train] step=1406 loss=0.498224 lr=9.785e-06
[train] step=1407 loss=0.513623 lr=9.785e-06
[train] step=1408 loss=0.348862 lr=9.785e-06
[train] step=1409 loss=0.467523 lr=9.784e-06
[train] step=1410 loss=0.281410 lr=9.784e-06
[train] step=1411 loss=0.212100 lr=9.784e-06
[train] step=1412 loss=0.529251 lr=9.783e-06
[train] step=1413 loss=0.519874 lr=9.783e-06
[train] step=1414 loss=0.458344 lr=9.783e-06
[train] step=1415 loss=0.320152 lr=9.783e-06
[train] step=1416 loss=0.227780 lr=9.782e-06
[train] step=1417 loss=0.345914 lr=9.782e-06
[train] step=1418 loss=0.433695 lr=9.782e-06
[train] step=1419 loss=0.561193 lr=9.781e-06
[train] step=1420 loss=0.392713 lr=9.781e-06
[train] step=1421 loss=0.411671 lr=9.781e-06
[train] step=1422 loss=0.320923 lr=9.780e-06
[train] step=1423 loss=0.338332 lr=9.780e-06
[train] step=1424 loss=0.359555 lr=9.780e-06
[train] step=1425 loss=0.577776 lr=9.779e-06
[train] step=1426 loss=0.372662 lr=9.779e-06
[train] step=1427 loss=0.429598 lr=9.779e-06
[train] step=1428 loss=0.373757 lr=9.779e-06
[train] step=1429 loss=0.550419 lr=9.778e-06
[train] step=1430 loss=0.539344 lr=9.778e-06
[train] step=1431 loss=0.332103 lr=9.778e-06
[train] step=1432 loss=0.546329 lr=9.777e-06
[train] step=1433 loss=0.396863 lr=9.777e-06
[train] step=1434 loss=0.394188 lr=9.777e-06
[train] step=1435 loss=0.509112 lr=9.776e-06
[train] step=1436 loss=0.439030 lr=9.776e-06
[train] step=1437 loss=0.504932 lr=9.776e-06
[train] step=1438 loss=0.414700 lr=9.775e-06
[train] step=1439 loss=0.435525 lr=9.775e-06
[train] step=1440 loss=0.514322 lr=9.775e-06
INFO     [rank 0] Model weights for step 1440 saved in       dit_trainer.py:1288
         checkpoints/model_weights_step_01440.safetensors                       
INFO     [rank 0] Scalar embedding weights for step 1440     dit_trainer.py:1297
         saved                                                                  
INFO     [rank 0] Training state saved:                      dit_trainer.py:1416
         checkpoints/model_weights_step_01440.state.pt                          
DEBUG    [rank 0] Removed old checkpoint:                    dit_trainer.py:1429
         /local/disk/hramachandran/work/wh_work/windinet/dit                    
         _outputs/lundquist/dit_cosine_kl0_15k/checkpoints/m                    
         odel_weights_step_01200.safetensors                                    
DEBUG    [rank 0] Removed old checkpoint:                    dit_trainer.py:1429
         /local/disk/hramachandran/work/wh_work/windinet/dit                    
         _outputs/lundquist/dit_cosine_kl0_15k/checkpoints/s                    
         calar_embedding_step_01200.safetensors                                 
DEBUG    [rank 0] Removed optimizer state for older kept     dit_trainer.py:1444
         checkpoint:                                                            
         /local/disk/hramachandran/work/wh_work/windinet/dit                    
         _outputs/lundquist/dit_cosine_kl0_15k/checkpoints/m                    
         odel_weights_step_01320.state.pt                                       
[epoch 12] step=1440 train_loss=0.438872
[train] step=1441 loss=0.477152 lr=9.775e-06
[train] step=1442 loss=0.481349 lr=9.774e-06
[train] step=1443 loss=0.398500 lr=9.774e-06
[train] step=1444 loss=0.265004 lr=9.774e-06
[train] step=1445 loss=0.601672 lr=9.773e-06
[train] step=1446 loss=0.353594 lr=9.773e-06
[train] step=1447 loss=0.332316 lr=9.773e-06
[train] step=1448 loss=0.422799 lr=9.772e-06
[train] step=1449 loss=0.605788 lr=9.772e-06
[train] step=1450 loss=0.412026 lr=9.772e-06
[train] step=1451 loss=0.233201 lr=9.771e-06
[train] step=1452 loss=0.523379 lr=9.771e-06
[train] step=1453 loss=0.342098 lr=9.771e-06
[train] step=1454 loss=0.462556 lr=9.770e-06
[train] step=1455 loss=0.405480 lr=9.770e-06
[train] step=1456 loss=0.325437 lr=9.770e-06
[train] step=1457 loss=0.493094 lr=9.770e-06
[train] step=1458 loss=0.332763 lr=9.769e-06
[train] step=1459 loss=0.397771 lr=9.769e-06
[train] step=1460 loss=0.260877 lr=9.769e-06
[train] step=1461 loss=0.519304 lr=9.768e-06
[train] step=1462 loss=0.474412 lr=9.768e-06
[train] step=1463 loss=0.565116 lr=9.768e-06
[train] step=1464 loss=0.387068 lr=9.767e-06
[train] step=1465 loss=0.663377 lr=9.767e-06
[train] step=1466 loss=0.438690 lr=9.767e-06
[train] step=1467 loss=0.497574 lr=9.766e-06
[train] step=1468 loss=0.365334 lr=9.766e-06
[train] step=1469 loss=0.313927 lr=9.766e-06
[train] step=1470 loss=0.384578 lr=9.765e-06
[train] step=1471 loss=0.445868 lr=9.765e-06
[train] step=1472 loss=0.477169 lr=9.765e-06
[train] step=1473 loss=0.492965 lr=9.764e-06
[train] step=1474 loss=0.486591 lr=9.764e-06
[train] step=1475 loss=0.523777 lr=9.764e-06
[train] step=1476 loss=0.562356 lr=9.764e-06
[train] step=1477 loss=0.399875 lr=9.763e-06
[train] step=1478 loss=0.367604 lr=9.763e-06
[train] step=1479 loss=0.407146 lr=9.763e-06
[train] step=1480 loss=0.495618 lr=9.762e-06
[train] step=1481 loss=0.339719 lr=9.762e-06
[train] step=1482 loss=0.375899 lr=9.762e-06
[train] step=1483 loss=0.435282 lr=9.761e-06
[train] step=1484 loss=0.336730 lr=9.761e-06
[train] step=1485 loss=0.629696 lr=9.761e-06
[train] step=1486 loss=0.560598 lr=9.760e-06
[train] step=1487 loss=0.503387 lr=9.760e-06
[train] step=1488 loss=0.318113 lr=9.760e-06
[train] step=1489 loss=0.452965 lr=9.759e-06
[train] step=1490 loss=0.408015 lr=9.759e-06
[train] step=1491 loss=0.315060 lr=9.759e-06
[train] step=1492 loss=0.535501 lr=9.758e-06
[train] step=1493 loss=0.520865 lr=9.758e-06
[train] step=1494 loss=0.455886 lr=9.758e-06
[train] step=1495 loss=0.433657 lr=9.757e-06
[train] step=1496 loss=0.546925 lr=9.757e-06
[train] step=1497 loss=0.321062 lr=9.757e-06
[train] step=1498 loss=0.407769 lr=9.756e-06
[train] step=1499 loss=0.413320 lr=9.756e-06
[train] step=1500 loss=0.376981 lr=9.756e-06
[train] step=1501 loss=0.389064 lr=9.756e-06
[train] step=1502 loss=0.473610 lr=9.755e-06
[train] step=1503 loss=0.548330 lr=9.755e-06
[train] step=1504 loss=0.395167 lr=9.755e-06
[train] step=1505 loss=0.406093 lr=9.754e-06
[train] step=1506 loss=0.320898 lr=9.754e-06
[train] step=1507 loss=0.471976 lr=9.754e-06
[train] step=1508 loss=0.476657 lr=9.753e-06
[train] step=1509 loss=0.362778 lr=9.753e-06
[train] step=1510 loss=0.503761 lr=9.753e-06
[train] step=1511 loss=0.402714 lr=9.752e-06
[train] step=1512 loss=0.449595 lr=9.752e-06
[train] step=1513 loss=0.376627 lr=9.752e-06
[train] step=1514 loss=0.369589 lr=9.751e-06
[train] step=1515 loss=0.453377 lr=9.751e-06
[train] step=1516 loss=0.479106 lr=9.751e-06
[train] step=1517 loss=0.558325 lr=9.750e-06
[train] step=1518 loss=0.428788 lr=9.750e-06
[train] step=1519 loss=0.366432 lr=9.750e-06
[train] step=1520 loss=0.434437 lr=9.749e-06
[train] step=1521 loss=0.292107 lr=9.749e-06
[train] step=1522 loss=0.539212 lr=9.749e-06
[train] step=1523 loss=0.472088 lr=9.748e-06
[train] step=1524 loss=0.504751 lr=9.748e-06
[train] step=1525 loss=0.554123 lr=9.748e-06
[train] step=1526 loss=0.500065 lr=9.747e-06
[train] step=1527 loss=0.422969 lr=9.747e-06
[train] step=1528 loss=0.356733 lr=9.747e-06
[train] step=1529 loss=0.452017 lr=9.746e-06
[train] step=1530 loss=0.667319 lr=9.746e-06
[train] step=1531 loss=0.339235 lr=9.746e-06
[train] step=1532 loss=0.503814 lr=9.745e-06
[train] step=1533 loss=0.414751 lr=9.745e-06
[train] step=1534 loss=0.353866 lr=9.745e-06
[train] step=1535 loss=0.422810 lr=9.744e-06
[train] step=1536 loss=0.479797 lr=9.744e-06
[train] step=1537 loss=0.527934 lr=9.744e-06
[train] step=1538 loss=0.257869 lr=9.743e-06
[train] step=1539 loss=0.435991 lr=9.743e-06
[train] step=1540 loss=0.544074 lr=9.743e-06
[train] step=1541 loss=0.488225 lr=9.742e-06
[train] step=1542 loss=0.383626 lr=9.742e-06
[train] step=1543 loss=0.332796 lr=9.742e-06
[train] step=1544 loss=0.395906 lr=9.741e-06
[train] step=1545 loss=0.410252 lr=9.741e-06
[train] step=1546 loss=0.557889 lr=9.741e-06
[train] step=1547 loss=0.518935 lr=9.740e-06
[train] step=1548 loss=0.355195 lr=9.740e-06
[train] step=1549 loss=0.478408 lr=9.740e-06
[train] step=1550 loss=0.361132 lr=9.739e-06
[train] step=1551 loss=0.405197 lr=9.739e-06
[train] step=1552 loss=0.462361 lr=9.739e-06
[train] step=1553 loss=0.484097 lr=9.738e-06
[train] step=1554 loss=0.534081 lr=9.738e-06
[train] step=1555 loss=0.352821 lr=9.738e-06
[train] step=1556 loss=0.463104 lr=9.737e-06
[train] step=1557 loss=0.329118 lr=9.737e-06
[train] step=1558 loss=0.281135 lr=9.737e-06
[train] step=1559 loss=0.552404 lr=9.736e-06
[train] step=1560 loss=0.554865 lr=9.736e-06
INFO     [rank 0] Model weights for step 1560 saved in       dit_trainer.py:1288
         checkpoints/model_weights_step_01560.safetensors                       
INFO     [rank 0] Scalar embedding weights for step 1560     dit_trainer.py:1297
         saved                                                                  
INFO     [rank 0] Training state saved:                      dit_trainer.py:1416
         checkpoints/model_weights_step_01560.state.pt                          
DEBUG    [rank 0] Removed old checkpoint:                    dit_trainer.py:1429
         /local/disk/hramachandran/work/wh_work/windinet/dit                    
         _outputs/lundquist/dit_cosine_kl0_15k/checkpoints/m                    
         odel_weights_step_01320.safetensors                                    
DEBUG    [rank 0] Removed old checkpoint:                    dit_trainer.py:1429
         /local/disk/hramachandran/work/wh_work/windinet/dit                    
         _outputs/lundquist/dit_cosine_kl0_15k/checkpoints/s                    
         calar_embedding_step_01320.safetensors                                 
DEBUG    [rank 0] Removed optimizer state for older kept     dit_trainer.py:1444
         checkpoint:                                                            
         /local/disk/hramachandran/work/wh_work/windinet/dit                    
         _outputs/lundquist/dit_cosine_kl0_15k/checkpoints/m                    
         odel_weights_step_01440.state.pt                                       
[epoch 13] step=1560 train_loss=0.437104
[train] step=1561 loss=0.438152 lr=9.736e-06
[train] step=1562 loss=0.441140 lr=9.735e-06
[train] step=1563 loss=0.428704 lr=9.735e-06
[train] step=1564 loss=0.649146 lr=9.735e-06
[train] step=1565 loss=0.629023 lr=9.734e-06
[train] step=1566 loss=0.526170 lr=9.734e-06
[train] step=1567 loss=0.395284 lr=9.734e-06
[train] step=1568 loss=0.366907 lr=9.733e-06
[train] step=1569 loss=0.381292 lr=9.733e-06
[train] step=1570 loss=0.535454 lr=9.733e-06
[train] step=1571 loss=0.447388 lr=9.732e-06
[train] step=1572 loss=0.370914 lr=9.732e-06
[train] step=1573 loss=0.462241 lr=9.732e-06
[train] step=1574 loss=0.428106 lr=9.731e-06
[train] step=1575 loss=0.318549 lr=9.731e-06
[train] step=1576 loss=0.342894 lr=9.731e-06
[train] step=1577 loss=0.526298 lr=9.730e-06
[train] step=1578 loss=0.510993 lr=9.730e-06
[train] step=1579 loss=0.495181 lr=9.730e-06
[train] step=1580 loss=0.396749 lr=9.729e-06
[train] step=1581 loss=0.403169 lr=9.729e-06
[train] step=1582 loss=0.413017 lr=9.729e-06
[train] step=1583 loss=0.288886 lr=9.728e-06
[train] step=1584 loss=0.503090 lr=9.728e-06
[train] step=1585 loss=0.409373 lr=9.728e-06
[train] step=1586 loss=0.192383 lr=9.727e-06
[train] step=1587 loss=0.393639 lr=9.727e-06
[train] step=1588 loss=0.674318 lr=9.727e-06
[train] step=1589 loss=0.227405 lr=9.726e-06
[train] step=1590 loss=0.513504 lr=9.726e-06
[train] step=1591 loss=0.467613 lr=9.726e-06
[train] step=1592 loss=0.517995 lr=9.725e-06
[train] step=1593 loss=0.505975 lr=9.725e-06
[train] step=1594 loss=0.462517 lr=9.725e-06
[train] step=1595 loss=0.458580 lr=9.724e-06
[train] step=1596 loss=0.467315 lr=9.724e-06
[train] step=1597 loss=0.359813 lr=9.724e-06
[train] step=1598 loss=0.539923 lr=9.723e-06
[train] step=1599 loss=0.428115 lr=9.723e-06
[train] step=1600 loss=0.364113 lr=9.723e-06
[train] step=1601 loss=0.489671 lr=9.722e-06
[train] step=1602 loss=0.459892 lr=9.722e-06
[train] step=1603 loss=0.323404 lr=9.721e-06
[train] step=1604 loss=0.507494 lr=9.721e-06
[train] step=1605 loss=0.330085 lr=9.721e-06
[train] step=1606 loss=0.449573 lr=9.720e-06
[train] step=1607 loss=0.442238 lr=9.720e-06
[train] step=1608 loss=0.404591 lr=9.720e-06
[train] step=1609 loss=0.446757 lr=9.719e-06
[train] step=1610 loss=0.436749 lr=9.719e-06
[train] step=1611 loss=0.481061 lr=9.719e-06
[train] step=1612 loss=0.630981 lr=9.718e-06
[train] step=1613 loss=0.391886 lr=9.718e-06
[train] step=1614 loss=0.480369 lr=9.718e-06
[train] step=1615 loss=0.476033 lr=9.717e-06
[train] step=1616 loss=0.301282 lr=9.717e-06
[train] step=1617 loss=0.498648 lr=9.717e-06
[train] step=1618 loss=0.535801 lr=9.716e-06
[train] step=1619 loss=0.461811 lr=9.716e-06
[train] step=1620 loss=0.325888 lr=9.716e-06
[train] step=1621 loss=0.335314 lr=9.715e-06
[train] step=1622 loss=0.407148 lr=9.715e-06
[train] step=1623 loss=0.541338 lr=9.715e-06
[train] step=1624 loss=0.411558 lr=9.714e-06
[train] step=1625 loss=0.374076 lr=9.714e-06
[train] step=1626 loss=0.543361 lr=9.713e-06
[train] step=1627 loss=0.462405 lr=9.713e-06
[train] step=1628 loss=0.409888 lr=9.713e-06
[train] step=1629 loss=0.361253 lr=9.712e-06
[train] step=1630 loss=0.420824 lr=9.712e-06
[train] step=1631 loss=0.438581 lr=9.712e-06
[train] step=1632 loss=0.417122 lr=9.711e-06
[train] step=1633 loss=0.387032 lr=9.711e-06
[train] step=1634 loss=0.466280 lr=9.711e-06
[train] step=1635 loss=0.533169 lr=9.710e-06
[train] step=1636 loss=0.494942 lr=9.710e-06
[train] step=1637 loss=0.322503 lr=9.710e-06
[train] step=1638 loss=0.409647 lr=9.709e-06
[train] step=1639 loss=0.314715 lr=9.709e-06
[train] step=1640 loss=0.332249 lr=9.709e-06
[train] step=1641 loss=0.438062 lr=9.708e-06
[train] step=1642 loss=0.632343 lr=9.708e-06
[train] step=1643 loss=0.464798 lr=9.708e-06
[train] step=1644 loss=0.353413 lr=9.707e-06
[train] step=1645 loss=0.363301 lr=9.707e-06
[train] step=1646 loss=0.451235 lr=9.706e-06
[train] step=1647 loss=0.351270 lr=9.706e-06
[train] step=1648 loss=0.618242 lr=9.706e-06
[train] step=1649 loss=0.472799 lr=9.705e-06
[train] step=1650 loss=0.295132 lr=9.705e-06
[train] step=1651 loss=0.418074 lr=9.705e-06
[train] step=1652 loss=0.294704 lr=9.704e-06
[train] step=1653 loss=0.613058 lr=9.704e-06
[train] step=1654 loss=0.357312 lr=9.704e-06
[train] step=1655 loss=0.421976 lr=9.703e-06
[train] step=1656 loss=0.318977 lr=9.703e-06
[train] step=1657 loss=0.484441 lr=9.703e-06
[train] step=1658 loss=0.251453 lr=9.702e-06
[train] step=1659 loss=0.447266 lr=9.702e-06
[train] step=1660 loss=0.402865 lr=9.702e-06
[train] step=1661 loss=0.492786 lr=9.701e-06
[train] step=1662 loss=0.562593 lr=9.701e-06
[train] step=1663 loss=0.372988 lr=9.700e-06
[train] step=1664 loss=0.511998 lr=9.700e-06
[train] step=1665 loss=0.380652 lr=9.700e-06
[train] step=1666 loss=0.518515 lr=9.699e-06
[train] step=1667 loss=0.408187 lr=9.699e-06
[train] step=1668 loss=0.294641 lr=9.699e-06
[train] step=1669 loss=0.287252 lr=9.698e-06
[train] step=1670 loss=0.408111 lr=9.698e-06
[train] step=1671 loss=0.422548 lr=9.698e-06
[train] step=1672 loss=0.367011 lr=9.697e-06
[train] step=1673 loss=0.404291 lr=9.697e-06
[train] step=1674 loss=0.617211 lr=9.696e-06
[train] step=1675 loss=0.439184 lr=9.696e-06
[train] step=1676 loss=0.401607 lr=9.696e-06
[train] step=1677 loss=0.477684 lr=9.695e-06
[train] step=1678 loss=0.356221 lr=9.695e-06
[train] step=1679 loss=0.489002 lr=9.695e-06
[train] step=1680 loss=0.466901 lr=9.694e-06
INFO     [rank 0] Model weights for step 1680 saved in       dit_trainer.py:1288
         checkpoints/model_weights_step_01680.safetensors                       
INFO     [rank 0] Scalar embedding weights for step 1680     dit_trainer.py:1297
         saved                                                                  
INFO     [rank 0] Training state saved:                      dit_trainer.py:1416
         checkpoints/model_weights_step_01680.state.pt                          
DEBUG    [rank 0] Removed old checkpoint:                    dit_trainer.py:1429
         /local/disk/hramachandran/work/wh_work/windinet/dit                    
         _outputs/lundquist/dit_cosine_kl0_15k/checkpoints/m                    
         odel_weights_step_01440.safetensors                                    
DEBUG    [rank 0] Removed old checkpoint:                    dit_trainer.py:1429
         /local/disk/hramachandran/work/wh_work/windinet/dit                    
         _outputs/lundquist/dit_cosine_kl0_15k/checkpoints/s                    
         calar_embedding_step_01440.safetensors                                 
DEBUG    [rank 0] Removed optimizer state for older kept     dit_trainer.py:1444
         checkpoint:                                                            
         /local/disk/hramachandran/work/wh_work/windinet/dit                    
         _outputs/lundquist/dit_cosine_kl0_15k/checkpoints/m                    
         odel_weights_step_01560.state.pt                                       
[epoch 14] step=1680 train_loss=0.434642
[train] step=1681 loss=0.347157 lr=9.694e-06
[train] step=1682 loss=0.493396 lr=9.694e-06
[train] step=1683 loss=0.472714 lr=9.693e-06
[train] step=1684 loss=0.433541 lr=9.693e-06
[train] step=1685 loss=0.481974 lr=9.693e-06
[train] step=1686 loss=0.366274 lr=9.692e-06
[train] step=1687 loss=0.614226 lr=9.692e-06
[train] step=1688 loss=0.381931 lr=9.691e-06
[train] step=1689 loss=0.454258 lr=9.691e-06
[train] step=1690 loss=0.531349 lr=9.691e-06
[train] step=1691 loss=0.400557 lr=9.690e-06
[train] step=1692 loss=0.380772 lr=9.690e-06
[train] step=1693 loss=0.494125 lr=9.690e-06
[train] step=1694 loss=0.309180 lr=9.689e-06
[train] step=1695 loss=0.324867 lr=9.689e-06
[train] step=1696 loss=0.573496 lr=9.689e-06
[train] step=1697 loss=0.437252 lr=9.688e-06
[train] step=1698 loss=0.424844 lr=9.688e-06
[train] step=1699 loss=0.503474 lr=9.687e-06
[train] step=1700 loss=0.475081 lr=9.687e-06
[train] step=1701 loss=0.584061 lr=9.687e-06
[train] step=1702 loss=0.473039 lr=9.686e-06
[train] step=1703 loss=0.341366 lr=9.686e-06
[train] step=1704 loss=0.445706 lr=9.686e-06
[train] step=1705 loss=0.457167 lr=9.685e-06
[train] step=1706 loss=0.360032 lr=9.685e-06
[train] step=1707 loss=0.211323 lr=9.685e-06
[train] step=1708 loss=0.448093 lr=9.684e-06
[train] step=1709 loss=0.399889 lr=9.684e-06
[train] step=1710 loss=0.382852 lr=9.683e-06
[train] step=1711 loss=0.435544 lr=9.683e-06
[train] step=1712 loss=0.383623 lr=9.683e-06
[train] step=1713 loss=0.300504 lr=9.682e-06
[train] step=1714 loss=0.558790 lr=9.682e-06
[train] step=1715 loss=0.341387 lr=9.682e-06
[train] step=1716 loss=0.532455 lr=9.681e-06
[train] step=1717 loss=0.390979 lr=9.681e-06
[train] step=1718 loss=0.442533 lr=9.680e-06
[train] step=1719 loss=0.515423 lr=9.680e-06
[train] step=1720 loss=0.314205 lr=9.680e-06
[train] step=1721 loss=0.422902 lr=9.679e-06
[train] step=1722 loss=0.390589 lr=9.679e-06
[train] step=1723 loss=0.387197 lr=9.679e-06
[train] step=1724 loss=0.503521 lr=9.678e-06
[train] step=1725 loss=0.344649 lr=9.678e-06
[train] step=1726 loss=0.570579 lr=9.678e-06
[train] step=1727 loss=0.513383 lr=9.677e-06
[train] step=1728 loss=0.476933 lr=9.677e-06
[train] step=1729 loss=0.383579 lr=9.676e-06
[train] step=1730 loss=0.371254 lr=9.676e-06
[train] step=1731 loss=0.401985 lr=9.676e-06
[train] step=1732 loss=0.470468 lr=9.675e-06
[train] step=1733 loss=0.567605 lr=9.675e-06
[train] step=1734 loss=0.353760 lr=9.675e-06
[train] step=1735 loss=0.619442 lr=9.674e-06
[train] step=1736 loss=0.425763 lr=9.674e-06
[train] step=1737 loss=0.433109 lr=9.673e-06
[train] step=1738 loss=0.515284 lr=9.673e-06
[train] step=1739 loss=0.376272 lr=9.673e-06
[train] step=1740 loss=0.515828 lr=9.672e-06
[train] step=1741 loss=0.366462 lr=9.672e-06
[train] step=1742 loss=0.351300 lr=9.672e-06
[train] step=1743 loss=0.443767 lr=9.671e-06
[train] step=1744 loss=0.533944 lr=9.671e-06
[train] step=1745 loss=0.579333 lr=9.670e-06
[train] step=1746 loss=0.534040 lr=9.670e-06
[train] step=1747 loss=0.550090 lr=9.670e-06
[train] step=1748 loss=0.342330 lr=9.669e-06
[train] step=1749 loss=0.338616 lr=9.669e-06
[train] step=1750 loss=0.426017 lr=9.669e-06
[train] step=1751 loss=0.426489 lr=9.668e-06
[train] step=1752 loss=0.467955 lr=9.668e-06
[train] step=1753 loss=0.488819 lr=9.667e-06
[train] step=1754 loss=0.383402 lr=9.667e-06
[train] step=1755 loss=0.404725 lr=9.667e-06
[train] step=1756 loss=0.461935 lr=9.666e-06
[train] step=1757 loss=0.284633 lr=9.666e-06
[train] step=1758 loss=0.437212 lr=9.666e-06
[train] step=1759 loss=0.452293 lr=9.665e-06
[train] step=1760 loss=0.454690 lr=9.665e-06
[train] step=1761 loss=0.313812 lr=9.664e-06
[train] step=1762 loss=0.550658 lr=9.664e-06
[train] step=1763 loss=0.445949 lr=9.664e-06
[train] step=1764 loss=0.447448 lr=9.663e-06
[train] step=1765 loss=0.468023 lr=9.663e-06
[train] step=1766 loss=0.412923 lr=9.663e-06
[train] step=1767 loss=0.364224 lr=9.662e-06
[train] step=1768 loss=0.380041 lr=9.662e-06
[train] step=1769 loss=0.625072 lr=9.661e-06
[train] step=1770 loss=0.424761 lr=9.661e-06
[train] step=1771 loss=0.550779 lr=9.661e-06
[train] step=1772 loss=0.432276 lr=9.660e-06
[train] step=1773 loss=0.528756 lr=9.660e-06
[train] step=1774 loss=0.463557 lr=9.660e-06
[train] step=1775 loss=0.432156 lr=9.659e-06
[train] step=1776 loss=0.412146 lr=9.659e-06
[train] step=1777 loss=0.492750 lr=9.658e-06
[train] step=1778 loss=0.457200 lr=9.658e-06
[train] step=1779 loss=0.379954 lr=9.658e-06
[train] step=1780 loss=0.381445 lr=9.657e-06
[train] step=1781 loss=0.456192 lr=9.657e-06
[train] step=1782 loss=0.382187 lr=9.657e-06
[train] step=1783 loss=0.339361 lr=9.656e-06
[train] step=1784 loss=0.349923 lr=9.656e-06
[train] step=1785 loss=0.338237 lr=9.655e-06
[train] step=1786 loss=0.557677 lr=9.655e-06
[train] step=1787 loss=0.484546 lr=9.655e-06
[train] step=1788 loss=0.506346 lr=9.654e-06
[train] step=1789 loss=0.481955 lr=9.654e-06
[train] step=1790 loss=0.391969 lr=9.653e-06
[train] step=1791 loss=0.315569 lr=9.653e-06
[train] step=1792 loss=0.469703 lr=9.653e-06
[train] step=1793 loss=0.359345 lr=9.652e-06
[train] step=1794 loss=0.614041 lr=9.652e-06
[train] step=1795 loss=0.507539 lr=9.652e-06
[train] step=1796 loss=0.453371 lr=9.651e-06
[train] step=1797 loss=0.456104 lr=9.651e-06
[train] step=1798 loss=0.436807 lr=9.650e-06
[train] step=1799 loss=0.517924 lr=9.650e-06
[train] step=1800 loss=0.373844 lr=9.650e-06
[val] step=1800 val_loss=0.432930
INFO     [rank 0] Model weights for step 1800 saved in       dit_trainer.py:1288
         checkpoints/model_weights_step_01800.safetensors                       
INFO     [rank 0] Scalar embedding weights for step 1800     dit_trainer.py:1297
         saved                                                                  
INFO     [rank 0] Training state saved:                      dit_trainer.py:1416
         checkpoints/model_weights_step_01800.state.pt                          
INFO     [rank 0] New best checkpoint (step 1800,            dit_trainer.py:1320
         val_loss=0.432930):                                                    
         checkpoints/model_weights_best.safetensors                             
DEBUG    [rank 0] Removed old checkpoint:                    dit_trainer.py:1429
         /local/disk/hramachandran/work/wh_work/windinet/dit                    
         _outputs/lundquist/dit_cosine_kl0_15k/checkpoints/m                    
         odel_weights_step_01560.safetensors                                    
DEBUG    [rank 0] Removed old checkpoint:                    dit_trainer.py:1429
         /local/disk/hramachandran/work/wh_work/windinet/dit                    
         _outputs/lundquist/dit_cosine_kl0_15k/checkpoints/s                    
         calar_embedding_step_01560.safetensors                                 
DEBUG    [rank 0] Removed optimizer state for older kept     dit_trainer.py:1444
         checkpoint:                                                            
         /local/disk/hramachandran/work/wh_work/windinet/dit                    
         _outputs/lundquist/dit_cosine_kl0_15k/checkpoints/m                    
         odel_weights_step_01680.state.pt                                       
[epoch 15] step=1800 train_loss=0.440343 val_loss=0.432930
[train] step=1801 loss=0.438760 lr=9.649e-06
[train] step=1802 loss=0.365428 lr=9.649e-06
[train] step=1803 loss=0.515795 lr=9.648e-06
[train] step=1804 loss=0.302756 lr=9.648e-06
[train] step=1805 loss=0.365388 lr=9.648e-06
[train] step=1806 loss=0.419897 lr=9.647e-06
[train] step=1807 loss=0.302242 lr=9.647e-06
[train] step=1808 loss=0.389102 lr=9.647e-06
[train] step=1809 loss=0.429642 lr=9.646e-06
[train] step=1810 loss=0.452959 lr=9.646e-06
[train] step=1811 loss=0.503057 lr=9.645e-06
[train] step=1812 loss=0.446967 lr=9.645e-06
[train] step=1813 loss=0.426925 lr=9.645e-06
[train] step=1814 loss=0.388425 lr=9.644e-06
[train] step=1815 loss=0.400760 lr=9.644e-06
[train] step=1816 loss=0.286684 lr=9.643e-06
[train] step=1817 loss=0.292170 lr=9.643e-06
[train] step=1818 loss=0.580303 lr=9.643e-06
[train] step=1819 loss=0.461586 lr=9.642e-06
[train] step=1820 loss=0.540821 lr=9.642e-06
[train] step=1821 loss=0.578442 lr=9.641e-06
[train] step=1822 loss=0.617058 lr=9.641e-06
[train] step=1823 loss=0.502203 lr=9.641e-06
[train] step=1824 loss=0.331069 lr=9.640e-06
[train] step=1825 loss=0.371373 lr=9.640e-06
[train] step=1826 loss=0.523107 lr=9.640e-06
[train] step=1827 loss=0.488099 lr=9.639e-06
[train] step=1828 loss=0.386824 lr=9.639e-06
[train] step=1829 loss=0.398451 lr=9.638e-06
[train] step=1830 loss=0.537855 lr=9.638e-06
[train] step=1831 loss=0.509611 lr=9.638e-06
[train] step=1832 loss=0.458099 lr=9.637e-06
[train] step=1833 loss=0.307592 lr=9.637e-06
[train] step=1834 loss=0.406804 lr=9.636e-06
[train] step=1835 loss=0.442273 lr=9.636e-06
[train] step=1836 loss=0.286212 lr=9.636e-06
[train] step=1837 loss=0.292740 lr=9.635e-06
[train] step=1838 loss=0.422738 lr=9.635e-06
[train] step=1839 loss=0.345849 lr=9.634e-06
[train] step=1840 loss=0.373270 lr=9.634e-06
[train] step=1841 loss=0.472827 lr=9.634e-06
[train] step=1842 loss=0.211841 lr=9.633e-06
[train] step=1843 loss=0.529721 lr=9.633e-06
[train] step=1844 loss=0.445368 lr=9.632e-06
[train] step=1845 loss=0.479981 lr=9.632e-06
[train] step=1846 loss=0.409022 lr=9.632e-06
[train] step=1847 loss=0.447308 lr=9.631e-06
[train] step=1848 loss=0.306677 lr=9.631e-06
[train] step=1849 loss=0.438081 lr=9.631e-06
[train] step=1850 loss=0.542045 lr=9.630e-06
[train] step=1851 loss=0.376449 lr=9.630e-06
[train] step=1852 loss=0.374110 lr=9.629e-06
[train] step=1853 loss=0.441155 lr=9.629e-06
[train] step=1854 loss=0.340078 lr=9.629e-06
[train] step=1855 loss=0.358382 lr=9.628e-06
[train] step=1856 loss=0.461804 lr=9.628e-06
[train] step=1857 loss=0.381588 lr=9.627e-06
[train] step=1858 loss=0.609570 lr=9.627e-06
[train] step=1859 loss=0.632580 lr=9.627e-06
[train] step=1860 loss=0.406548 lr=9.626e-06
[train] step=1861 loss=0.441236 lr=9.626e-06
[train] step=1862 loss=0.349385 lr=9.625e-06
[train] step=1863 loss=0.374368 lr=9.625e-06
[train] step=1864 loss=0.373528 lr=9.625e-06
[train] step=1865 loss=0.498454 lr=9.624e-06
[train] step=1866 loss=0.495922 lr=9.624e-06
[train] step=1867 loss=0.472049 lr=9.623e-06
[train] step=1868 loss=0.303993 lr=9.623e-06
[train] step=1869 loss=0.518256 lr=9.623e-06
[train] step=1870 loss=0.476609 lr=9.622e-06
[train] step=1871 loss=0.371118 lr=9.622e-06
[train] step=1872 loss=0.396140 lr=9.621e-06
[train] step=1873 loss=0.346298 lr=9.621e-06
[train] step=1874 loss=0.345731 lr=9.621e-06
[train] step=1875 loss=0.388074 lr=9.620e-06
[train] step=1876 loss=0.425582 lr=9.620e-06
[train] step=1877 loss=0.404308 lr=9.619e-06
[train] step=1878 loss=0.518057 lr=9.619e-06
[train] step=1879 loss=0.320364 lr=9.619e-06
[train] step=1880 loss=0.354206 lr=9.618e-06
[train] step=1881 loss=0.311214 lr=9.618e-06
[train] step=1882 loss=0.442700 lr=9.617e-06
[train] step=1883 loss=0.390467 lr=9.617e-06
[train] step=1884 loss=0.387576 lr=9.617e-06
[train] step=1885 loss=0.365165 lr=9.616e-06
[train] step=1886 loss=0.387455 lr=9.616e-06
[train] step=1887 loss=0.362402 lr=9.615e-06
[train] step=1888 loss=0.567870 lr=9.615e-06
[train] step=1889 loss=0.454484 lr=9.615e-06
[train] step=1890 loss=0.299551 lr=9.614e-06
[train] step=1891 loss=0.484146 lr=9.614e-06
[train] step=1892 loss=0.560782 lr=9.613e-06
[train] step=1893 loss=0.571220 lr=9.613e-06
[train] step=1894 loss=0.559553 lr=9.613e-06
[train] step=1895 loss=0.330284 lr=9.612e-06
[train] step=1896 loss=0.311598 lr=9.612e-06
[train] step=1897 loss=0.333727 lr=9.611e-06
[train] step=1898 loss=0.229761 lr=9.611e-06
[train] step=1899 loss=0.355284 lr=9.611e-06
[train] step=1900 loss=0.511414 lr=9.610e-06
[train] step=1901 loss=0.551128 lr=9.610e-06
[train] step=1902 loss=0.312008 lr=9.609e-06
[train] step=1903 loss=0.438471 lr=9.609e-06
[train] step=1904 loss=0.452560 lr=9.608e-06
[train] step=1905 loss=0.497351 lr=9.608e-06
[train] step=1906 loss=0.403046 lr=9.608e-06
[train] step=1907 loss=0.410135 lr=9.607e-06
[train] step=1908 loss=0.472867 lr=9.607e-06
[train] step=1909 loss=0.261457 lr=9.606e-06
[train] step=1910 loss=0.418703 lr=9.606e-06
[train] step=1911 loss=0.415505 lr=9.606e-06
[train] step=1912 loss=0.348598 lr=9.605e-06
[train] step=1913 loss=0.350102 lr=9.605e-06
[train] step=1914 loss=0.343521 lr=9.604e-06
[train] step=1915 loss=0.525663 lr=9.604e-06
[train] step=1916 loss=0.451378 lr=9.604e-06
[train] step=1917 loss=0.392349 lr=9.603e-06
[train] step=1918 loss=0.319846 lr=9.603e-06
[train] step=1919 loss=0.447546 lr=9.602e-06
[train] step=1920 loss=0.442235 lr=9.602e-06
INFO     [rank 0] Model weights for step 1920 saved in       dit_trainer.py:1288
         checkpoints/model_weights_step_01920.safetensors                       
INFO     [rank 0] Scalar embedding weights for step 1920     dit_trainer.py:1297
         saved                                                                  
INFO     [rank 0] Training state saved:                      dit_trainer.py:1416
         checkpoints/model_weights_step_01920.state.pt                          
DEBUG    [rank 0] Removed old checkpoint:                    dit_trainer.py:1429
         /local/disk/hramachandran/work/wh_work/windinet/dit                    
         _outputs/lundquist/dit_cosine_kl0_15k/checkpoints/m                    
         odel_weights_step_01680.safetensors                                    
DEBUG    [rank 0] Removed old checkpoint:                    dit_trainer.py:1429
         /local/disk/hramachandran/work/wh_work/windinet/dit                    
         _outputs/lundquist/dit_cosine_kl0_15k/checkpoints/s                    
         calar_embedding_step_01680.safetensors                                 
DEBUG    [rank 0] Removed optimizer state for older kept     dit_trainer.py:1444
         checkpoint:                                                            
         /local/disk/hramachandran/work/wh_work/windinet/dit                    
         _outputs/lundquist/dit_cosine_kl0_15k/checkpoints/m                    
         odel_weights_step_01800.state.pt                                       
[epoch 16] step=1920 train_loss=0.417757
[train] step=1921 loss=0.389236 lr=9.602e-06
[train] step=1922 loss=0.401537 lr=9.601e-06
[train] step=1923 loss=0.527434 lr=9.601e-06
[train] step=1924 loss=0.438409 lr=9.600e-06
[train] step=1925 loss=0.431059 lr=9.600e-06
[train] step=1926 loss=0.549009 lr=9.600e-06
[train] step=1927 loss=0.278179 lr=9.599e-06
[train] step=1928 loss=0.387615 lr=9.599e-06
[train] step=1929 loss=0.389095 lr=9.598e-06
[train] step=1930 loss=0.392297 lr=9.598e-06
[train] step=1931 loss=0.407471 lr=9.597e-06
[train] step=1932 loss=0.463108 lr=9.597e-06
[train] step=1933 loss=0.333694 lr=9.597e-06
[train] step=1934 loss=0.324963 lr=9.596e-06
[train] step=1935 loss=0.297878 lr=9.596e-06
[train] step=1936 loss=0.362425 lr=9.595e-06
[train] step=1937 loss=0.445280 lr=9.595e-06
[train] step=1938 loss=0.468866 lr=9.595e-06
[train] step=1939 loss=0.475958 lr=9.594e-06
[train] step=1940 loss=0.546057 lr=9.594e-06
[train] step=1941 loss=0.469973 lr=9.593e-06
[train] step=1942 loss=0.385197 lr=9.593e-06
[train] step=1943 loss=0.423078 lr=9.593e-06
[train] step=1944 loss=0.440382 lr=9.592e-06
[train] step=1945 loss=0.665459 lr=9.592e-06
[train] step=1946 loss=0.444037 lr=9.591e-06
[train] step=1947 loss=0.519498 lr=9.591e-06
[train] step=1948 loss=0.431014 lr=9.590e-06
[train] step=1949 loss=0.431144 lr=9.590e-06
[train] step=1950 loss=0.300502 lr=9.590e-06
[train] step=1951 loss=0.399636 lr=9.589e-06
[train] step=1952 loss=0.368585 lr=9.589e-06
[train] step=1953 loss=0.359688 lr=9.588e-06
[train] step=1954 loss=0.400734 lr=9.588e-06
[train] step=1955 loss=0.336341 lr=9.588e-06
[train] step=1956 loss=0.440270 lr=9.587e-06
[train] step=1957 loss=0.480387 lr=9.587e-06
[train] step=1958 loss=0.456503 lr=9.586e-06
[train] step=1959 loss=0.377663 lr=9.586e-06
[train] step=1960 loss=0.275679 lr=9.585e-06
[train] step=1961 loss=0.493603 lr=9.585e-06
[train] step=1962 loss=0.402592 lr=9.585e-06
[train] step=1963 loss=0.383092 lr=9.584e-06
[train] step=1964 loss=0.245196 lr=9.584e-06
[train] step=1965 loss=0.574222 lr=9.583e-06
[train] step=1966 loss=0.392175 lr=9.583e-06
[train] step=1967 loss=0.295358 lr=9.583e-06
[train] step=1968 loss=0.380065 lr=9.582e-06
[train] step=1969 loss=0.478571 lr=9.582e-06
[train] step=1970 loss=0.332623 lr=9.581e-06
[train] step=1971 loss=0.340159 lr=9.581e-06
[train] step=1972 loss=0.412079 lr=9.580e-06
[train] step=1973 loss=0.348929 lr=9.580e-06
[train] step=1974 loss=0.434445 lr=9.580e-06
[train] step=1975 loss=0.511658 lr=9.579e-06
[train] step=1976 loss=0.424373 lr=9.579e-06
[train] step=1977 loss=0.373407 lr=9.578e-06
[train] step=1978 loss=0.475875 lr=9.578e-06
[train] step=1979 loss=0.375659 lr=9.577e-06
[train] step=1980 loss=0.503232 lr=9.577e-06
[train] step=1981 loss=0.457452 lr=9.577e-06
[train] step=1982 loss=0.243047 lr=9.576e-06
[train] step=1983 loss=0.375812 lr=9.576e-06
[train] step=1984 loss=0.480550 lr=9.575e-06
[train] step=1985 loss=0.401520 lr=9.575e-06
[train] step=1986 loss=0.358862 lr=9.575e-06
[train] step=1987 loss=0.425727 lr=9.574e-06
[train] step=1988 loss=0.435124 lr=9.574e-06
[train] step=1989 loss=0.229133 lr=9.573e-06
[train] step=1990 loss=0.436604 lr=9.573e-06
[train] step=1991 loss=0.476020 lr=9.572e-06
[train] step=1992 loss=0.479593 lr=9.572e-06
[train] step=1993 loss=0.341237 lr=9.572e-06
[train] step=1994 loss=0.425822 lr=9.571e-06
[train] step=1995 loss=0.266151 lr=9.571e-06
[train] step=1996 loss=0.371521 lr=9.570e-06
[train] step=1997 loss=0.408039 lr=9.570e-06
[train] step=1998 loss=0.249167 lr=9.569e-06
[train] step=1999 loss=0.612847 lr=9.569e-06
[train] step=2000 loss=0.359084 lr=9.569e-06
INFO     [rank 0] DiT visualization fixed on 3 samples  dit_visualization.py:249
         from                                                                   
         /local/disk/hramachandran/work/wh_work/windine                         
         t/euler_mq_dataset/128x128_ds/train.h5:                                
         ['0000_gamma1.1299999952',                                             
         '2159_gamma1.3650000095',                                              
         '4498_gamma1.7599999905']                                              
INFO     [rank 0] Loading DiT-visualization VAE from    dit_visualization.py:254
         /local/disk/hramachandran/work/wh_work/windine                         
         t/finetune_vae_outputs/lundquist/finetune_vae_                         
         whole_structure_baseline_ep20_kl0/checkpoints/                         
         vae_shockwave_best.safetensors                                         
/local/disk/hramachandran/miniconda/envs/windinet/lib/python3.10/site-packages/huggingface_hub/utils/_validators.py:205: UserWarning: The `local_dir_use_symlinks` argument is deprecated and ignored in `hf_hub_download`. Downloading to a local directory does not use symlinks anymore.
  warnings.warn(
INFO     [rank 0] HTTP Request: HEAD                             _client.py:1025
         https://huggingface.co/Lightricks/LTX-Video-0.9.5/resol                
         ve/main/vae/config.json "HTTP/1.1 307 Temporary                        
         Redirect"                                                              
INFO     [rank 0] HTTP Request: HEAD                             _client.py:1025
         https://huggingface.co/api/resolve-cache/models/Lightri                
         cks/LTX-Video-0.9.5/e58e28c39631af4d1468ee57a853764e11c                
         1d37e/vae%2Fconfig.json "HTTP/1.1 200 OK"                              
INFO     [rank 0] HTTP Request: HEAD                             _client.py:1025
         https://huggingface.co/Lightricks/LTX-Video-0.9.5/resol                
         ve/e58e28c39631af4d1468ee57a853764e11c1d37e/vae/diffusi                
         on_pytorch_model.safetensors.index.json "HTTP/1.1 404                  
         Not Found"                                                             
[windinet] loaded inflated VAE checkpoint: /local/disk/hramachandran/work/wh_work/windinet/finetune_vae_outputs/lundquist/finetune_vae_whole_structure_baseline_ep20_kl0/checkpoints/vae_shockwave_best.safetensors (epoch=20, step=2380)
INFO     [rank 0] Saved DiT visualization panels for    dit_visualization.py:418
         step 2000 (3 samples x 4 frames);                                      
         latent_vrmse=0.75742 pixel_vrmse=0.55008 ->                            
         /local/disk/hramachandran/work/wh_work/windine                         
         t/dit_outputs/lundquist/dit_cosine_kl0_15k/dit                         
         _vrmse_metrics.csv,                                                    
         /local/disk/hramachandran/work/wh_work/windine                         
         t/dit_outputs/lundquist/dit_cosine_kl0_15k/dit                         
         _vrmse_curve.png                                                       
[train] step=2001 loss=0.432554 lr=9.568e-06
[train] step=2002 loss=0.571148 lr=9.568e-06
[train] step=2003 loss=0.364748 lr=9.567e-06
[train] step=2004 loss=0.322165 lr=9.567e-06
[train] step=2005 loss=0.462708 lr=9.566e-06
[train] step=2006 loss=0.396080 lr=9.566e-06
[train] step=2007 loss=0.435703 lr=9.566e-06
[train] step=2008 loss=0.437196 lr=9.565e-06
[train] step=2009 loss=0.405571 lr=9.565e-06
[train] step=2010 loss=0.376896 lr=9.564e-06
[train] step=2011 loss=0.311263 lr=9.564e-06
[train] step=2012 loss=0.556875 lr=9.563e-06
[train] step=2013 loss=0.356903 lr=9.563e-06
[train] step=2014 loss=0.445779 lr=9.563e-06
[train] step=2015 loss=0.392070 lr=9.562e-06
[train] step=2016 loss=0.494249 lr=9.562e-06
[train] step=2017 loss=0.546707 lr=9.561e-06
[train] step=2018 loss=0.377790 lr=9.561e-06
[train] step=2019 loss=0.477111 lr=9.560e-06
[train] step=2020 loss=0.350926 lr=9.560e-06
[train] step=2021 loss=0.329880 lr=9.560e-06
[train] step=2022 loss=0.531493 lr=9.559e-06
[train] step=2023 loss=0.332843 lr=9.559e-06
[train] step=2024 loss=0.511381 lr=9.558e-06
[train] step=2025 loss=0.553943 lr=9.558e-06
[train] step=2026 loss=0.404506 lr=9.557e-06
[train] step=2027 loss=0.442254 lr=9.557e-06
[train] step=2028 loss=0.620126 lr=9.557e-06
[train] step=2029 loss=0.286266 lr=9.556e-06
[train] step=2030 loss=0.522534 lr=9.556e-06
[train] step=2031 loss=0.335380 lr=9.555e-06
[train] step=2032 loss=0.541128 lr=9.555e-06
[train] step=2033 loss=0.440653 lr=9.554e-06
[train] step=2034 loss=0.608663 lr=9.554e-06
[train] step=2035 loss=0.286457 lr=9.554e-06
[train] step=2036 loss=0.319913 lr=9.553e-06
[train] step=2037 loss=0.646499 lr=9.553e-06
[train] step=2038 loss=0.387857 lr=9.552e-06
[train] step=2039 loss=0.606406 lr=9.552e-06
[train] step=2040 loss=0.513163 lr=9.551e-06
INFO     [rank 0] Model weights for step 2040 saved in       dit_trainer.py:1288
         checkpoints/model_weights_step_02040.safetensors                       
INFO     [rank 0] Scalar embedding weights for step 2040     dit_trainer.py:1297
         saved                                                                  
INFO     [rank 0] Training state saved:                      dit_trainer.py:1416
         checkpoints/model_weights_step_02040.state.pt                          
DEBUG    [rank 0] Removed old checkpoint:                    dit_trainer.py:1429
         /local/disk/hramachandran/work/wh_work/windinet/dit                    
         _outputs/lundquist/dit_cosine_kl0_15k/checkpoints/m                    
         odel_weights_step_01800.safetensors                                    
DEBUG    [rank 0] Removed old checkpoint:                    dit_trainer.py:1429
         /local/disk/hramachandran/work/wh_work/windinet/dit                    
         _outputs/lundquist/dit_cosine_kl0_15k/checkpoints/s                    
         calar_embedding_step_01800.safetensors                                 
DEBUG    [rank 0] Removed optimizer state for older kept     dit_trainer.py:1444
         checkpoint:                                                            
         /local/disk/hramachandran/work/wh_work/windinet/dit                    
         _outputs/lundquist/dit_cosine_kl0_15k/checkpoints/m                    
         odel_weights_step_01920.state.pt                                       
[epoch 17] step=2040 train_loss=0.419924
[train] step=2041 loss=0.445967 lr=9.551e-06
[train] step=2042 loss=0.649495 lr=9.551e-06
[train] step=2043 loss=0.382326 lr=9.550e-06
[train] step=2044 loss=0.357463 lr=9.550e-06
[train] step=2045 loss=0.314724 lr=9.549e-06
[train] step=2046 loss=0.463841 lr=9.549e-06
[train] step=2047 loss=0.252991 lr=9.548e-06
[train] step=2048 loss=0.318158 lr=9.548e-06
[train] step=2049 loss=0.516114 lr=9.548e-06
[train] step=2050 loss=0.408153 lr=9.547e-06
[train] step=2051 loss=0.508596 lr=9.547e-06
[train] step=2052 loss=0.326608 lr=9.546e-06
[train] step=2053 loss=0.480418 lr=9.546e-06
[train] step=2054 loss=0.437108 lr=9.545e-06
[train] step=2055 loss=0.411985 lr=9.545e-06
[train] step=2056 loss=0.424623 lr=9.544e-06
[train] step=2057 loss=0.428419 lr=9.544e-06
[train] step=2058 loss=0.414086 lr=9.544e-06
[train] step=2059 loss=0.383935 lr=9.543e-06
[train] step=2060 loss=0.300497 lr=9.543e-06
[train] step=2061 loss=0.428916 lr=9.542e-06
[train] step=2062 loss=0.518295 lr=9.542e-06
[train] step=2063 loss=0.372147 lr=9.541e-06
[train] step=2064 loss=0.435832 lr=9.541e-06
[train] step=2065 loss=0.293092 lr=9.541e-06
[train] step=2066 loss=0.541182 lr=9.540e-06
[train] step=2067 loss=0.413709 lr=9.540e-06
[train] step=2068 loss=0.553498 lr=9.539e-06
[train] step=2069 loss=0.310850 lr=9.539e-06
[train] step=2070 loss=0.544642 lr=9.538e-06
[train] step=2071 loss=0.376704 lr=9.538e-06
[train] step=2072 loss=0.355145 lr=9.537e-06
[train] step=2073 loss=0.316979 lr=9.537e-06
[train] step=2074 loss=0.334983 lr=9.537e-06
[train] step=2075 loss=0.556598 lr=9.536e-06
[train] step=2076 loss=0.440526 lr=9.536e-06
[train] step=2077 loss=0.342650 lr=9.535e-06
[train] step=2078 loss=0.529396 lr=9.535e-06
[train] step=2079 loss=0.563186 lr=9.534e-06
[train] step=2080 loss=0.430425 lr=9.534e-06
[train] step=2081 loss=0.441511 lr=9.533e-06
[train] step=2082 loss=0.397072 lr=9.533e-06
[train] step=2083 loss=0.506009 lr=9.533e-06
[train] step=2084 loss=0.383443 lr=9.532e-06
[train] step=2085 loss=0.607098 lr=9.532e-06
[train] step=2086 loss=0.418690 lr=9.531e-06
[train] step=2087 loss=0.404727 lr=9.531e-06
[train] step=2088 loss=0.274754 lr=9.530e-06
[train] step=2089 loss=0.579638 lr=9.530e-06
[train] step=2090 loss=0.548493 lr=9.529e-06
[train] step=2091 loss=0.531480 lr=9.529e-06
[train] step=2092 loss=0.362016 lr=9.529e-06
[train] step=2093 loss=0.342428 lr=9.528e-06
[train] step=2094 loss=0.423949 lr=9.528e-06
[train] step=2095 loss=0.368222 lr=9.527e-06
[train] step=2096 loss=0.406018 lr=9.527e-06
[train] step=2097 loss=0.461157 lr=9.526e-06
[train] step=2098 loss=0.504873 lr=9.526e-06
[train] step=2099 loss=0.474345 lr=9.526e-06
[train] step=2100 loss=0.623905 lr=9.525e-06
[train] step=2101 loss=0.342626 lr=9.525e-06
[train] step=2102 loss=0.378330 lr=9.524e-06
[train] step=2103 loss=0.478493 lr=9.524e-06
[train] step=2104 loss=0.336968 lr=9.523e-06
[train] step=2105 loss=0.527145 lr=9.523e-06
[train] step=2106 loss=0.555440 lr=9.522e-06
[train] step=2107 loss=0.384407 lr=9.522e-06
[train] step=2108 loss=0.419883 lr=9.521e-06
[train] step=2109 loss=0.424596 lr=9.521e-06
[train] step=2110 loss=0.365337 lr=9.521e-06
[train] step=2111 loss=0.347393 lr=9.520e-06
[train] step=2112 loss=0.465721 lr=9.520e-06
[train] step=2113 loss=0.409281 lr=9.519e-06
[train] step=2114 loss=0.328551 lr=9.519e-06
[train] step=2115 loss=0.353653 lr=9.518e-06
[train] step=2116 loss=0.499153 lr=9.518e-06
[train] step=2117 loss=0.534688 lr=9.517e-06
[train] step=2118 loss=0.459088 lr=9.517e-06
[train] step=2119 loss=0.411139 lr=9.517e-06
[train] step=2120 loss=0.283001 lr=9.516e-06
[train] step=2121 loss=0.439141 lr=9.516e-06
[train] step=2122 loss=0.393365 lr=9.515e-06
[train] step=2123 loss=0.453651 lr=9.515e-06
[train] step=2124 loss=0.477689 lr=9.514e-06
[train] step=2125 loss=0.435175 lr=9.514e-06
[train] step=2126 loss=0.577241 lr=9.513e-06
[train] step=2127 loss=0.397990 lr=9.513e-06
[train] step=2128 loss=0.251157 lr=9.513e-06
[train] step=2129 loss=0.398841 lr=9.512e-06
[train] step=2130 loss=0.384134 lr=9.512e-06
[train] step=2131 loss=0.405545 lr=9.511e-06
[train] step=2132 loss=0.373032 lr=9.511e-06
[train] step=2133 loss=0.314505 lr=9.510e-06
[train] step=2134 loss=0.613720 lr=9.510e-06
[train] step=2135 loss=0.562386 lr=9.509e-06
[train] step=2136 loss=0.396108 lr=9.509e-06
[train] step=2137 loss=0.517833 lr=9.508e-06
[train] step=2138 loss=0.409789 lr=9.508e-06
[train] step=2139 loss=0.450976 lr=9.508e-06
[train] step=2140 loss=0.546531 lr=9.507e-06
[train] step=2141 loss=0.336977 lr=9.507e-06
[train] step=2142 loss=0.356962 lr=9.506e-06
[train] step=2143 loss=0.409863 lr=9.506e-06
[train] step=2144 loss=0.597523 lr=9.505e-06
[train] step=2145 loss=0.380542 lr=9.505e-06
[train] step=2146 loss=0.650455 lr=9.504e-06
[train] step=2147 loss=0.427479 lr=9.504e-06
[train] step=2148 loss=0.443927 lr=9.503e-06
[train] step=2149 loss=0.503772 lr=9.503e-06
[train] step=2150 loss=0.390489 lr=9.503e-06
[train] step=2151 loss=0.494533 lr=9.502e-06
[train] step=2152 loss=0.396354 lr=9.502e-06
[train] step=2153 loss=0.441225 lr=9.501e-06
[train] step=2154 loss=0.358793 lr=9.501e-06
[train] step=2155 loss=0.542643 lr=9.500e-06
[train] step=2156 loss=0.352287 lr=9.500e-06
[train] step=2157 loss=0.368621 lr=9.499e-06
[train] step=2158 loss=0.508477 lr=9.499e-06
[train] step=2159 loss=0.407573 lr=9.498e-06
[train] step=2160 loss=0.273750 lr=9.498e-06
INFO     [rank 0] Model weights for step 2160 saved in       dit_trainer.py:1288
         checkpoints/model_weights_step_02160.safetensors                       
INFO     [rank 0] Scalar embedding weights for step 2160     dit_trainer.py:1297
         saved                                                                  
INFO     [rank 0] Training state saved:                      dit_trainer.py:1416
         checkpoints/model_weights_step_02160.state.pt                          
DEBUG    [rank 0] Removed old checkpoint:                    dit_trainer.py:1429
         /local/disk/hramachandran/work/wh_work/windinet/dit                    
         _outputs/lundquist/dit_cosine_kl0_15k/checkpoints/m                    
         odel_weights_step_01920.safetensors                                    
DEBUG    [rank 0] Removed old checkpoint:                    dit_trainer.py:1429
         /local/disk/hramachandran/work/wh_work/windinet/dit                    
         _outputs/lundquist/dit_cosine_kl0_15k/checkpoints/s                    
         calar_embedding_step_01920.safetensors                                 
DEBUG    [rank 0] Removed optimizer state for older kept     dit_trainer.py:1444
         checkpoint:                                                            
         /local/disk/hramachandran/work/wh_work/windinet/dit                    
         _outputs/lundquist/dit_cosine_kl0_15k/checkpoints/m                    
         odel_weights_step_02040.state.pt                                       
[epoch 18] step=2160 train_loss=0.432745
[train] step=2161 loss=0.469473 lr=9.498e-06
[train] step=2162 loss=0.387108 lr=9.497e-06
[train] step=2163 loss=0.386792 lr=9.497e-06
[train] step=2164 loss=0.592229 lr=9.496e-06
[train] step=2165 loss=0.333048 lr=9.496e-06
[train] step=2166 loss=0.326639 lr=9.495e-06
[train] step=2167 loss=0.324276 lr=9.495e-06
[train] step=2168 loss=0.484526 lr=9.494e-06
[train] step=2169 loss=0.569512 lr=9.494e-06
[train] step=2170 loss=0.456166 lr=9.493e-06
[train] step=2171 loss=0.530202 lr=9.493e-06
[train] step=2172 loss=0.344932 lr=9.492e-06
[train] step=2173 loss=0.403460 lr=9.492e-06
[train] step=2174 loss=0.366144 lr=9.492e-06
[train] step=2175 loss=0.371371 lr=9.491e-06
[train] step=2176 loss=0.355972 lr=9.491e-06
[train] step=2177 loss=0.533986 lr=9.490e-06
[train] step=2178 loss=0.400648 lr=9.490e-06
[train] step=2179 loss=0.284955 lr=9.489e-06
[train] step=2180 loss=0.427302 lr=9.489e-06
[train] step=2181 loss=0.370852 lr=9.488e-06
[train] step=2182 loss=0.282933 lr=9.488e-06
[train] step=2183 loss=0.354501 lr=9.487e-06
[train] step=2184 loss=0.516631 lr=9.487e-06
[train] step=2185 loss=0.476694 lr=9.486e-06
[train] step=2186 loss=0.444585 lr=9.486e-06
[train] step=2187 loss=0.482215 lr=9.486e-06
[train] step=2188 loss=0.367770 lr=9.485e-06
[train] step=2189 loss=0.532553 lr=9.485e-06
[train] step=2190 loss=0.436554 lr=9.484e-06
[train] step=2191 loss=0.362651 lr=9.484e-06
[train] step=2192 loss=0.472713 lr=9.483e-06
[train] step=2193 loss=0.331101 lr=9.483e-06
[train] step=2194 loss=0.420288 lr=9.482e-06
[train] step=2195 loss=0.426213 lr=9.482e-06
[train] step=2196 loss=0.223134 lr=9.481e-06
[train] step=2197 loss=0.415258 lr=9.481e-06
[train] step=2198 loss=0.528230 lr=9.480e-06
[train] step=2199 loss=0.224540 lr=9.480e-06
[train] step=2200 loss=0.581354 lr=9.480e-06
[train] step=2201 loss=0.296624 lr=9.479e-06
[train] step=2202 loss=0.460828 lr=9.479e-06
[train] step=2203 loss=0.459136 lr=9.478e-06
[train] step=2204 loss=0.336923 lr=9.478e-06
[train] step=2205 loss=0.497560 lr=9.477e-06
[train] step=2206 loss=0.527165 lr=9.477e-06
[train] step=2207 loss=0.520329 lr=9.476e-06
[train] step=2208 loss=0.415998 lr=9.476e-06
[train] step=2209 loss=0.463430 lr=9.475e-06
[train] step=2210 loss=0.283964 lr=9.475e-06
[train] step=2211 loss=0.332138 lr=9.474e-06
[train] step=2212 loss=0.395966 lr=9.474e-06
[train] step=2213 loss=0.578895 lr=9.473e-06
[train] step=2214 loss=0.520092 lr=9.473e-06
[train] step=2215 loss=0.395767 lr=9.473e-06
[train] step=2216 loss=0.387816 lr=9.472e-06
[train] step=2217 loss=0.554762 lr=9.472e-06
[train] step=2218 loss=0.448602 lr=9.471e-06
[train] step=2219 loss=0.475188 lr=9.471e-06
[train] step=2220 loss=0.482475 lr=9.470e-06
[train] step=2221 loss=0.554996 lr=9.470e-06
[train] step=2222 loss=0.383640 lr=9.469e-06
[train] step=2223 loss=0.408445 lr=9.469e-06
[train] step=2224 loss=0.287175 lr=9.468e-06
[train] step=2225 loss=0.462078 lr=9.468e-06
[train] step=2226 loss=0.458737 lr=9.467e-06
[train] step=2227 loss=0.435587 lr=9.467e-06
[train] step=2228 loss=0.425056 lr=9.466e-06
[train] step=2229 loss=0.502336 lr=9.466e-06
[train] step=2230 loss=0.495094 lr=9.466e-06
[train] step=2231 loss=0.338172 lr=9.465e-06
[train] step=2232 loss=0.403955 lr=9.465e-06
[train] step=2233 loss=0.432152 lr=9.464e-06
[train] step=2234 loss=0.374597 lr=9.464e-06
[train] step=2235 loss=0.419198 lr=9.463e-06
[train] step=2236 loss=0.291948 lr=9.463e-06
[train] step=2237 loss=0.341816 lr=9.462e-06
[train] step=2238 loss=0.388387 lr=9.462e-06
[train] step=2239 loss=0.534043 lr=9.461e-06
[train] step=2240 loss=0.483082 lr=9.461e-06
[train] step=2241 loss=0.526263 lr=9.460e-06
[train] step=2242 loss=0.382334 lr=9.460e-06
[train] step=2243 loss=0.420052 lr=9.459e-06
[train] step=2244 loss=0.427494 lr=9.459e-06
[train] step=2245 loss=0.301527 lr=9.458e-06
[train] step=2246 loss=0.445556 lr=9.458e-06
[train] step=2247 loss=0.416655 lr=9.457e-06
[train] step=2248 loss=0.363688 lr=9.457e-06
[train] step=2249 loss=0.318898 lr=9.457e-06
[train] step=2250 loss=0.524722 lr=9.456e-06
[train] step=2251 loss=0.408357 lr=9.456e-06
[train] step=2252 loss=0.567015 lr=9.455e-06
[train] step=2253 loss=0.403774 lr=9.455e-06
[train] step=2254 loss=0.321052 lr=9.454e-06
[train] step=2255 loss=0.247238 lr=9.454e-06
[train] step=2256 loss=0.403745 lr=9.453e-06
[train] step=2257 loss=0.380516 lr=9.453e-06
[train] step=2258 loss=0.617517 lr=9.452e-06
[train] step=2259 loss=0.361086 lr=9.452e-06
[train] step=2260 loss=0.524921 lr=9.451e-06
[train] step=2261 loss=0.642467 lr=9.451e-06
[train] step=2262 loss=0.432998 lr=9.450e-06
[train] step=2263 loss=0.385753 lr=9.450e-06
[train] step=2264 loss=0.410822 lr=9.449e-06
[train] step=2265 loss=0.391067 lr=9.449e-06
[train] step=2266 loss=0.688699 lr=9.448e-06
[train] step=2267 loss=0.499333 lr=9.448e-06
[train] step=2268 loss=0.454319 lr=9.447e-06
[train] step=2269 loss=0.603334 lr=9.447e-06
[train] step=2270 loss=0.450681 lr=9.447e-06
[train] step=2271 loss=0.439914 lr=9.446e-06
[train] step=2272 loss=0.394198 lr=9.446e-06
[train] step=2273 loss=0.321745 lr=9.445e-06
[train] step=2274 loss=0.349548 lr=9.445e-06
[train] step=2275 loss=0.384065 lr=9.444e-06
[train] step=2276 loss=0.581085 lr=9.444e-06
[train] step=2277 loss=0.293957 lr=9.443e-06
[train] step=2278 loss=0.353949 lr=9.443e-06
[train] step=2279 loss=0.403898 lr=9.442e-06
[train] step=2280 loss=0.359365 lr=9.442e-06
INFO     [rank 0] Model weights for step 2280 saved in       dit_trainer.py:1288
         checkpoints/model_weights_step_02280.safetensors                       
INFO     [rank 0] Scalar embedding weights for step 2280     dit_trainer.py:1297
         saved                                                                  
INFO     [rank 0] Training state saved:                      dit_trainer.py:1416
         checkpoints/model_weights_step_02280.state.pt                          
DEBUG    [rank 0] Removed old checkpoint:                    dit_trainer.py:1429
         /local/disk/hramachandran/work/wh_work/windinet/dit                    
         _outputs/lundquist/dit_cosine_kl0_15k/checkpoints/m                    
         odel_weights_step_02040.safetensors                                    
DEBUG    [rank 0] Removed old checkpoint:                    dit_trainer.py:1429
         /local/disk/hramachandran/work/wh_work/windinet/dit                    
         _outputs/lundquist/dit_cosine_kl0_15k/checkpoints/s                    
         calar_embedding_step_02040.safetensors                                 
DEBUG    [rank 0] Removed optimizer state for older kept     dit_trainer.py:1444
         checkpoint:                                                            
         /local/disk/hramachandran/work/wh_work/windinet/dit                    
         _outputs/lundquist/dit_cosine_kl0_15k/checkpoints/m                    
         odel_weights_step_02160.state.pt                                       
[epoch 19] step=2280 train_loss=0.424764
[train] step=2281 loss=0.392451 lr=9.441e-06
[train] step=2282 loss=0.391984 lr=9.441e-06
[train] step=2283 loss=0.559192 lr=9.440e-06
[train] step=2284 loss=0.350909 lr=9.440e-06
[train] step=2285 loss=0.266925 lr=9.439e-06
[train] step=2286 loss=0.379299 lr=9.439e-06
[train] step=2287 loss=0.384864 lr=9.438e-06
[train] step=2288 loss=0.309202 lr=9.438e-06
[train] step=2289 loss=0.513809 lr=9.437e-06
[train] step=2290 loss=0.444975 lr=9.437e-06
[train] step=2291 loss=0.445662 lr=9.436e-06
[train] step=2292 loss=0.354496 lr=9.436e-06
[train] step=2293 loss=0.437719 lr=9.435e-06
[train] step=2294 loss=0.404769 lr=9.435e-06
[train] step=2295 loss=0.336800 lr=9.434e-06
[train] step=2296 loss=0.361723 lr=9.434e-06
[train] step=2297 loss=0.400376 lr=9.434e-06
[train] step=2298 loss=0.420189 lr=9.433e-06
[train] step=2299 loss=0.453769 lr=9.433e-06
[train] step=2300 loss=0.203686 lr=9.432e-06
[train] step=2301 loss=0.322553 lr=9.432e-06
[train] step=2302 loss=0.565620 lr=9.431e-06
[train] step=2303 loss=0.634000 lr=9.431e-06
[train] step=2304 loss=0.283772 lr=9.430e-06
[train] step=2305 loss=0.342120 lr=9.430e-06
[train] step=2306 loss=0.563952 lr=9.429e-06
[train] step=2307 loss=0.419217 lr=9.429e-06
[train] step=2308 loss=0.532742 lr=9.428e-06
[train] step=2309 loss=0.500738 lr=9.428e-06
[train] step=2310 loss=0.669391 lr=9.427e-06
[train] step=2311 loss=0.250946 lr=9.427e-06
[train] step=2312 loss=0.376002 lr=9.426e-06
[train] step=2313 loss=0.462116 lr=9.426e-06
[train] step=2314 loss=0.477774 lr=9.425e-06
[train] step=2315 loss=0.411985 lr=9.425e-06
[train] step=2316 loss=0.521842 lr=9.424e-06
[train] step=2317 loss=0.460591 lr=9.424e-06
[train] step=2318 loss=0.444077 lr=9.423e-06
[train] step=2319 loss=0.343371 lr=9.423e-06
[train] step=2320 loss=0.278656 lr=9.422e-06
[train] step=2321 loss=0.527040 lr=9.422e-06
[train] step=2322 loss=0.406034 lr=9.421e-06
[train] step=2323 loss=0.357837 lr=9.421e-06
[train] step=2324 loss=0.489992 lr=9.420e-06
[train] step=2325 loss=0.290607 lr=9.420e-06
[train] step=2326 loss=0.363854 lr=9.419e-06
[train] step=2327 loss=0.409469 lr=9.419e-06
[train] step=2328 loss=0.386574 lr=9.418e-06
[train] step=2329 loss=0.458185 lr=9.418e-06
[train] step=2330 loss=0.404792 lr=9.417e-06
[train] step=2331 loss=0.307347 lr=9.417e-06
[train] step=2332 loss=0.462062 lr=9.416e-06
[train] step=2333 loss=0.395291 lr=9.416e-06
[train] step=2334 loss=0.429764 lr=9.415e-06
[train] step=2335 loss=0.403107 lr=9.415e-06
[train] step=2336 loss=0.471422 lr=9.415e-06
[train] step=2337 loss=0.374776 lr=9.414e-06
[train] step=2338 loss=0.330319 lr=9.414e-06
[train] step=2339 loss=0.462449 lr=9.413e-06
[train] step=2340 loss=0.272613 lr=9.413e-06
[train] step=2341 loss=0.405306 lr=9.412e-06
[train] step=2342 loss=0.403971 lr=9.412e-06
[train] step=2343 loss=0.284931 lr=9.411e-06
[train] step=2344 loss=0.410225 lr=9.411e-06
[train] step=2345 loss=0.350630 lr=9.410e-06
[train] step=2346 loss=0.479819 lr=9.410e-06
[train] step=2347 loss=0.474716 lr=9.409e-06
[train] step=2348 loss=0.535697 lr=9.409e-06
[train] step=2349 loss=0.563689 lr=9.408e-06
[train] step=2350 loss=0.391463 lr=9.408e-06
[train] step=2351 loss=0.429620 lr=9.407e-06
[train] step=2352 loss=0.462321 lr=9.407e-06
[train] step=2353 loss=0.402302 lr=9.406e-06
[train] step=2354 loss=0.634409 lr=9.406e-06
[train] step=2355 loss=0.287526 lr=9.405e-06
[train] step=2356 loss=0.506673 lr=9.405e-06
[train] step=2357 loss=0.499260 lr=9.404e-06
[train] step=2358 loss=0.380596 lr=9.404e-06
[train] step=2359 loss=0.380794 lr=9.403e-06
[train] step=2360 loss=0.311264 lr=9.403e-06
[train] step=2361 loss=0.473436 lr=9.402e-06
[train] step=2362 loss=0.424676 lr=9.402e-06
[train] step=2363 loss=0.412084 lr=9.401e-06
[train] step=2364 loss=0.382906 lr=9.401e-06
[train] step=2365 loss=0.346141 lr=9.400e-06
[train] step=2366 loss=0.430402 lr=9.400e-06
[train] step=2367 loss=0.448041 lr=9.399e-06
[train] step=2368 loss=0.505933 lr=9.399e-06
[train] step=2369 loss=0.636449 lr=9.398e-06
[train] step=2370 loss=0.373777 lr=9.398e-06
[train] step=2371 loss=0.433119 lr=9.397e-06
[train] step=2372 loss=0.325431 lr=9.397e-06
[train] step=2373 loss=0.344049 lr=9.396e-06
[train] step=2374 loss=0.328767 lr=9.396e-06
[train] step=2375 loss=0.461753 lr=9.395e-06
[train] step=2376 loss=0.424488 lr=9.395e-06
[train] step=2377 loss=0.480071 lr=9.394e-06
[train] step=2378 loss=0.356487 lr=9.394e-06
[train] step=2379 loss=0.355403 lr=9.393e-06
[train] step=2380 loss=0.406717 lr=9.393e-06
[train] step=2381 loss=0.437792 lr=9.392e-06
[train] step=2382 loss=0.590967 lr=9.392e-06
[train] step=2383 loss=0.255423 lr=9.391e-06
[train] step=2384 loss=0.407084 lr=9.391e-06
[train] step=2385 loss=0.527949 lr=9.390e-06
[train] step=2386 loss=0.420508 lr=9.390e-06
[train] step=2387 loss=0.397863 lr=9.389e-06
[train] step=2388 loss=0.524289 lr=9.389e-06
[train] step=2389 loss=0.509843 lr=9.388e-06
[train] step=2390 loss=0.469010 lr=9.388e-06
[train] step=2391 loss=0.496546 lr=9.387e-06
[train] step=2392 loss=0.407980 lr=9.387e-06
[train] step=2393 loss=0.419942 lr=9.386e-06
[train] step=2394 loss=0.527978 lr=9.386e-06
[train] step=2395 loss=0.658594 lr=9.385e-06
[train] step=2396 loss=0.461802 lr=9.385e-06
[train] step=2397 loss=0.375519 lr=9.384e-06
[train] step=2398 loss=0.319715 lr=9.384e-06
[train] step=2399 loss=0.477578 lr=9.383e-06
[train] step=2400 loss=0.424538 lr=9.383e-06
[val] step=2400 val_loss=0.419688
INFO     [rank 0] Model weights for step 2400 saved in       dit_trainer.py:1288
         checkpoints/model_weights_step_02400.safetensors                       
INFO     [rank 0] Scalar embedding weights for step 2400     dit_trainer.py:1297
         saved                                                                  
INFO     [rank 0] Training state saved:                      dit_trainer.py:1416
         checkpoints/model_weights_step_02400.state.pt                          
INFO     [rank 0] New best checkpoint (step 2400,            dit_trainer.py:1320
         val_loss=0.419688):                                                    
         checkpoints/model_weights_best.safetensors                             
DEBUG    [rank 0] Removed old checkpoint:                    dit_trainer.py:1429
         /local/disk/hramachandran/work/wh_work/windinet/dit                    
         _outputs/lundquist/dit_cosine_kl0_15k/checkpoints/m                    
         odel_weights_step_02160.safetensors                                    
DEBUG    [rank 0] Removed old checkpoint:                    dit_trainer.py:1429
         /local/disk/hramachandran/work/wh_work/windinet/dit                    
         _outputs/lundquist/dit_cosine_kl0_15k/checkpoints/s                    
         calar_embedding_step_02160.safetensors                                 
DEBUG    [rank 0] Removed optimizer state for older kept     dit_trainer.py:1444
         checkpoint:                                                            
         /local/disk/hramachandran/work/wh_work/windinet/dit                    
         _outputs/lundquist/dit_cosine_kl0_15k/checkpoints/m                    
         odel_weights_step_02280.state.pt                                       
[epoch 20] step=2400 train_loss=0.422241 val_loss=0.419688
[train] step=2401 loss=0.399763 lr=9.382e-06
[train] step=2402 loss=0.454689 lr=9.382e-06
[train] step=2403 loss=0.374809 lr=9.381e-06
[train] step=2404 loss=0.384684 lr=9.381e-06
[train] step=2405 loss=0.424119 lr=9.380e-06
[train] step=2406 loss=0.488674 lr=9.380e-06
[train] step=2407 loss=0.511765 lr=9.379e-06
[train] step=2408 loss=0.719586 lr=9.379e-06
[train] step=2409 loss=0.417930 lr=9.378e-06
[train] step=2410 loss=0.628974 lr=9.378e-06
[train] step=2411 loss=0.385650 lr=9.377e-06
[train] step=2412 loss=0.456795 lr=9.377e-06
[train] step=2413 loss=0.363107 lr=9.376e-06
[train] step=2414 loss=0.275558 lr=9.376e-06
[train] step=2415 loss=0.403398 lr=9.375e-06
[train] step=2416 loss=0.457392 lr=9.375e-06
[train] step=2417 loss=0.513503 lr=9.374e-06
[train] step=2418 loss=0.288123 lr=9.374e-06
[train] step=2419 loss=0.251665 lr=9.373e-06
[train] step=2420 loss=0.430058 lr=9.373e-06
[train] step=2421 loss=0.446817 lr=9.372e-06
[train] step=2422 loss=0.289173 lr=9.372e-06
[train] step=2423 loss=0.297279 lr=9.371e-06
[train] step=2424 loss=0.479248 lr=9.371e-06
[train] step=2425 loss=0.457237 lr=9.370e-06
[train] step=2426 loss=0.395917 lr=9.369e-06
[train] step=2427 loss=0.459465 lr=9.369e-06
[train] step=2428 loss=0.420615 lr=9.368e-06
[train] step=2429 loss=0.461469 lr=9.368e-06
[train] step=2430 loss=0.554517 lr=9.367e-06
[train] step=2431 loss=0.392400 lr=9.367e-06
[train] step=2432 loss=0.496492 lr=9.366e-06
[train] step=2433 loss=0.443966 lr=9.366e-06
[train] step=2434 loss=0.207637 lr=9.365e-06
[train] step=2435 loss=0.285933 lr=9.365e-06
[train] step=2436 loss=0.484503 lr=9.364e-06
[train] step=2437 loss=0.530402 lr=9.364e-06
[train] step=2438 loss=0.370093 lr=9.363e-06
[train] step=2439 loss=0.274518 lr=9.363e-06
[train] step=2440 loss=0.538430 lr=9.362e-06
[train] step=2441 loss=0.292464 lr=9.362e-06
[train] step=2442 loss=0.495388 lr=9.361e-06
[train] step=2443 loss=0.496300 lr=9.361e-06
[train] step=2444 loss=0.484565 lr=9.360e-06
[train] step=2445 loss=0.224778 lr=9.360e-06
[train] step=2446 loss=0.495092 lr=9.359e-06
[train] step=2447 loss=0.240029 lr=9.359e-06
[train] step=2448 loss=0.542256 lr=9.358e-06
[train] step=2449 loss=0.481508 lr=9.358e-06
[train] step=2450 loss=0.349156 lr=9.357e-06
[train] step=2451 loss=0.403168 lr=9.357e-06
[train] step=2452 loss=0.339987 lr=9.356e-06
[train] step=2453 loss=0.487533 lr=9.356e-06
[train] step=2454 loss=0.696683 lr=9.355e-06
[train] step=2455 loss=0.451754 lr=9.355e-06
[train] step=2456 loss=0.305898 lr=9.354e-06
[train] step=2457 loss=0.374013 lr=9.354e-06
[train] step=2458 loss=0.425093 lr=9.353e-06
[train] step=2459 loss=0.330076 lr=9.353e-06
[train] step=2460 loss=0.401833 lr=9.352e-06
[train] step=2461 loss=0.348813 lr=9.352e-06
[train] step=2462 loss=0.437368 lr=9.351e-06
[train] step=2463 loss=0.547845 lr=9.351e-06
[train] step=2464 loss=0.432942 lr=9.350e-06
[train] step=2465 loss=0.527694 lr=9.350e-06
[train] step=2466 loss=0.413963 lr=9.349e-06
[train] step=2467 loss=0.461647 lr=9.348e-06
[train] step=2468 loss=0.308886 lr=9.348e-06
[train] step=2469 loss=0.364678 lr=9.347e-06
[train] step=2470 loss=0.367627 lr=9.347e-06
[train] step=2471 loss=0.330627 lr=9.346e-06
[train] step=2472 loss=0.372075 lr=9.346e-06
[train] step=2473 loss=0.330167 lr=9.345e-06
[train] step=2474 loss=0.494924 lr=9.345e-06
[train] step=2475 loss=0.497444 lr=9.344e-06
[train] step=2476 loss=0.501958 lr=9.344e-06
[train] step=2477 loss=0.308710 lr=9.343e-06
[train] step=2478 loss=0.377876 lr=9.343e-06
[train] step=2479 loss=0.562683 lr=9.342e-06
[train] step=2480 loss=0.348522 lr=9.342e-06
[train] step=2481 loss=0.535794 lr=9.341e-06
[train] step=2482 loss=0.388649 lr=9.341e-06
[train] step=2483 loss=0.394597 lr=9.340e-06
[train] step=2484 loss=0.429035 lr=9.340e-06
[train] step=2485 loss=0.485953 lr=9.339e-06
[train] step=2486 loss=0.252326 lr=9.339e-06
[train] step=2487 loss=0.399155 lr=9.338e-06
[train] step=2488 loss=0.239652 lr=9.338e-06
[train] step=2489 loss=0.345574 lr=9.337e-06
[train] step=2490 loss=0.444065 lr=9.337e-06
[train] step=2491 loss=0.622274 lr=9.336e-06
[train] step=2492 loss=0.502926 lr=9.335e-06
[train] step=2493 loss=0.572480 lr=9.335e-06
[train] step=2494 loss=0.558827 lr=9.334e-06
[train] step=2495 loss=0.487572 lr=9.334e-06
[train] step=2496 loss=0.541387 lr=9.333e-06
[train] step=2497 loss=0.317888 lr=9.333e-06
[train] step=2498 loss=0.356595 lr=9.332e-06
[train] step=2499 loss=0.484109 lr=9.332e-06
[train] step=2500 loss=0.400932 lr=9.331e-06
[train] step=2501 loss=0.458376 lr=9.331e-06
[train] step=2502 loss=0.471412 lr=9.330e-06
[train] step=2503 loss=0.305250 lr=9.330e-06
[train] step=2504 loss=0.369668 lr=9.329e-06
[train] step=2505 loss=0.194970 lr=9.329e-06
[train] step=2506 loss=0.322606 lr=9.328e-06
[train] step=2507 loss=0.322433 lr=9.328e-06
[train] step=2508 loss=0.430965 lr=9.327e-06
[train] step=2509 loss=0.444725 lr=9.327e-06
[train] step=2510 loss=0.450292 lr=9.326e-06
[train] step=2511 loss=0.417566 lr=9.326e-06
[train] step=2512 loss=0.349470 lr=9.325e-06
[train] step=2513 loss=0.492868 lr=9.325e-06
[train] step=2514 loss=0.305565 lr=9.324e-06
[train] step=2515 loss=0.448441 lr=9.323e-06
[train] step=2516 loss=0.260101 lr=9.323e-06
[train] step=2517 loss=0.403029 lr=9.322e-06
[train] step=2518 loss=0.439864 lr=9.322e-06
[train] step=2519 loss=0.357242 lr=9.321e-06
[train] step=2520 loss=0.433793 lr=9.321e-06
INFO     [rank 0] Model weights for step 2520 saved in       dit_trainer.py:1288
         checkpoints/model_weights_step_02520.safetensors                       
INFO     [rank 0] Scalar embedding weights for step 2520     dit_trainer.py:1297
         saved                                                                  
INFO     [rank 0] Training state saved:                      dit_trainer.py:1416
         checkpoints/model_weights_step_02520.state.pt                          
DEBUG    [rank 0] Removed old checkpoint:                    dit_trainer.py:1429
         /local/disk/hramachandran/work/wh_work/windinet/dit                    
         _outputs/lundquist/dit_cosine_kl0_15k/checkpoints/m                    
         odel_weights_step_02280.safetensors                                    
DEBUG    [rank 0] Removed old checkpoint:                    dit_trainer.py:1429
         /local/disk/hramachandran/work/wh_work/windinet/dit                    
         _outputs/lundquist/dit_cosine_kl0_15k/checkpoints/s                    
         calar_embedding_step_02280.safetensors                                 
DEBUG    [rank 0] Removed optimizer state for older kept     dit_trainer.py:1444
         checkpoint:                                                            
         /local/disk/hramachandran/work/wh_work/windinet/dit                    
         _outputs/lundquist/dit_cosine_kl0_15k/checkpoints/m                    
         odel_weights_step_02400.state.pt                                       
[epoch 21] step=2520 train_loss=0.416663
[train] step=2521 loss=0.160855 lr=9.320e-06
[train] step=2522 loss=0.456807 lr=9.320e-06
[train] step=2523 loss=0.518217 lr=9.319e-06
[train] step=2524 loss=0.398804 lr=9.319e-06
[train] step=2525 loss=0.477398 lr=9.318e-06
[train] step=2526 loss=0.338096 lr=9.318e-06
[train] step=2527 loss=0.242252 lr=9.317e-06
[train] step=2528 loss=0.353109 lr=9.317e-06
[train] step=2529 loss=0.662455 lr=9.316e-06
[train] step=2530 loss=0.473559 lr=9.316e-06
[train] step=2531 loss=0.352915 lr=9.315e-06
[train] step=2532 loss=0.441807 lr=9.314e-06
[train] step=2533 loss=0.409760 lr=9.314e-06
[train] step=2534 loss=0.306364 lr=9.313e-06
[train] step=2535 loss=0.327778 lr=9.313e-06
[train] step=2536 loss=0.278529 lr=9.312e-06
[train] step=2537 loss=0.371263 lr=9.312e-06
[train] step=2538 loss=0.428760 lr=9.311e-06
[train] step=2539 loss=0.433055 lr=9.311e-06
[train] step=2540 loss=0.344434 lr=9.310e-06
[train] step=2541 loss=0.503332 lr=9.310e-06
[train] step=2542 loss=0.474537 lr=9.309e-06
[train] step=2543 loss=0.408823 lr=9.309e-06
[train] step=2544 loss=0.511523 lr=9.308e-06
[train] step=2545 loss=0.374459 lr=9.308e-06
[train] step=2546 loss=0.274466 lr=9.307e-06
[train] step=2547 loss=0.352267 lr=9.307e-06
[train] step=2548 loss=0.321294 lr=9.306e-06
[train] step=2549 loss=0.455213 lr=9.305e-06
[train] step=2550 loss=0.562231 lr=9.305e-06
[train] step=2551 loss=0.415319 lr=9.304e-06
[train] step=2552 loss=0.440285 lr=9.304e-06
[train] step=2553 loss=0.368022 lr=9.303e-06
[train] step=2554 loss=0.349285 lr=9.303e-06
[train] step=2555 loss=0.526994 lr=9.302e-06
[train] step=2556 loss=0.395120 lr=9.302e-06
[train] step=2557 loss=0.393969 lr=9.301e-06
[train] step=2558 loss=0.417572 lr=9.301e-06
[train] step=2559 loss=0.475006 lr=9.300e-06
[train] step=2560 loss=0.352395 lr=9.300e-06
[train] step=2561 loss=0.249469 lr=9.299e-06
[train] step=2562 loss=0.374997 lr=9.299e-06
[train] step=2563 loss=0.435432 lr=9.298e-06
[train] step=2564 loss=0.418498 lr=9.297e-06
[train] step=2565 loss=0.404715 lr=9.297e-06
[train] step=2566 loss=0.315324 lr=9.296e-06
[train] step=2567 loss=0.408523 lr=9.296e-06
[train] step=2568 loss=0.428352 lr=9.295e-06
[train] step=2569 loss=0.498134 lr=9.295e-06
[train] step=2570 loss=0.366284 lr=9.294e-06
[train] step=2571 loss=0.463278 lr=9.294e-06
[train] step=2572 loss=0.434634 lr=9.293e-06
[train] step=2573 loss=0.427310 lr=9.293e-06
[train] step=2574 loss=0.614060 lr=9.292e-06
[train] step=2575 loss=0.343452 lr=9.292e-06
[train] step=2576 loss=0.267048 lr=9.291e-06
[train] step=2577 loss=0.349700 lr=9.290e-06
[train] step=2578 loss=0.365884 lr=9.290e-06
[train] step=2579 loss=0.316611 lr=9.289e-06
[train] step=2580 loss=0.398205 lr=9.289e-06
[train] step=2581 loss=0.304088 lr=9.288e-06
[train] step=2582 loss=0.451746 lr=9.288e-06
[train] step=2583 loss=0.405953 lr=9.287e-06
[train] step=2584 loss=0.360470 lr=9.287e-06
[train] step=2585 loss=0.454501 lr=9.286e-06
[train] step=2586 loss=0.409138 lr=9.286e-06
[train] step=2587 loss=0.511177 lr=9.285e-06
[train] step=2588 loss=0.342437 lr=9.285e-06
[train] step=2589 loss=0.368526 lr=9.284e-06
[train] step=2590 loss=0.443163 lr=9.283e-06
[train] step=2591 loss=0.471511 lr=9.283e-06
[train] step=2592 loss=0.346345 lr=9.282e-06
[train] step=2593 loss=0.410502 lr=9.282e-06
[train] step=2594 loss=0.395618 lr=9.281e-06
[train] step=2595 loss=0.359019 lr=9.281e-06
[train] step=2596 loss=0.482658 lr=9.280e-06
[train] step=2597 loss=0.503873 lr=9.280e-06
[train] step=2598 loss=0.399947 lr=9.279e-06
[train] step=2599 loss=0.371079 lr=9.279e-06
[train] step=2600 loss=0.561828 lr=9.278e-06
[train] step=2601 loss=0.426965 lr=9.278e-06
[train] step=2602 loss=0.280543 lr=9.277e-06
[train] step=2603 loss=0.442884 lr=9.276e-06
[train] step=2604 loss=0.345874 lr=9.276e-06
[train] step=2605 loss=0.373965 lr=9.275e-06
[train] step=2606 loss=0.289468 lr=9.275e-06
[train] step=2607 loss=0.525148 lr=9.274e-06
[train] step=2608 loss=0.273187 lr=9.274e-06
[train] step=2609 loss=0.350483 lr=9.273e-06
[train] step=2610 loss=0.528608 lr=9.273e-06
[train] step=2611 loss=0.531334 lr=9.272e-06
[train] step=2612 loss=0.610902 lr=9.272e-06
[train] step=2613 loss=0.369888 lr=9.271e-06
[train] step=2614 loss=0.358732 lr=9.270e-06
[train] step=2615 loss=0.327884 lr=9.270e-06
[train] step=2616 loss=0.254867 lr=9.269e-06
[train] step=2617 loss=0.425933 lr=9.269e-06
[train] step=2618 loss=0.450137 lr=9.268e-06
[train] step=2619 loss=0.518070 lr=9.268e-06
[train] step=2620 loss=0.328446 lr=9.267e-06
[train] step=2621 loss=0.297833 lr=9.267e-06
[train] step=2622 loss=0.423276 lr=9.266e-06
[train] step=2623 loss=0.364797 lr=9.266e-06
[train] step=2624 loss=0.528824 lr=9.265e-06
[train] step=2625 loss=0.373792 lr=9.264e-06
[train] step=2626 loss=0.458614 lr=9.264e-06
[train] step=2627 loss=0.366045 lr=9.263e-06
[train] step=2628 loss=0.293114 lr=9.263e-06
[train] step=2629 loss=0.459371 lr=9.262e-06
[train] step=2630 loss=0.216165 lr=9.262e-06
[train] step=2631 loss=0.337200 lr=9.261e-06
[train] step=2632 loss=0.426925 lr=9.261e-06
[train] step=2633 loss=0.352706 lr=9.260e-06
[train] step=2634 loss=0.564157 lr=9.260e-06
[train] step=2635 loss=0.326288 lr=9.259e-06
[train] step=2636 loss=0.388478 lr=9.258e-06
[train] step=2637 loss=0.370823 lr=9.258e-06
[train] step=2638 loss=0.458699 lr=9.257e-06
[train] step=2639 loss=0.371100 lr=9.257e-06
[train] step=2640 loss=0.383346 lr=9.256e-06
INFO     [rank 0] Model weights for step 2640 saved in       dit_trainer.py:1288
         checkpoints/model_weights_step_02640.safetensors                       
INFO     [rank 0] Scalar embedding weights for step 2640     dit_trainer.py:1297
         saved                                                                  
INFO     [rank 0] Training state saved:                      dit_trainer.py:1416
         checkpoints/model_weights_step_02640.state.pt                          
DEBUG    [rank 0] Removed old checkpoint:                    dit_trainer.py:1429
         /local/disk/hramachandran/work/wh_work/windinet/dit                    
         _outputs/lundquist/dit_cosine_kl0_15k/checkpoints/m                    
         odel_weights_step_02400.safetensors                                    
DEBUG    [rank 0] Removed old checkpoint:                    dit_trainer.py:1429
         /local/disk/hramachandran/work/wh_work/windinet/dit                    
         _outputs/lundquist/dit_cosine_kl0_15k/checkpoints/s                    
         calar_embedding_step_02400.safetensors                                 
DEBUG    [rank 0] Removed optimizer state for older kept     dit_trainer.py:1444
         checkpoint:                                                            
         /local/disk/hramachandran/work/wh_work/windinet/dit                    
         _outputs/lundquist/dit_cosine_kl0_15k/checkpoints/m                    
         odel_weights_step_02520.state.pt                                       
[epoch 22] step=2640 train_loss=0.401726
[train] step=2641 loss=0.454083 lr=9.256e-06
[train] step=2642 loss=0.585173 lr=9.255e-06
[train] step=2643 loss=0.409849 lr=9.255e-06
[train] step=2644 loss=0.306894 lr=9.254e-06
[train] step=2645 loss=0.345528 lr=9.254e-06
[train] step=2646 loss=0.429713 lr=9.253e-06
[train] step=2647 loss=0.308303 lr=9.252e-06
[train] step=2648 loss=0.195145 lr=9.252e-06
[train] step=2649 loss=0.403811 lr=9.251e-06
[train] step=2650 loss=0.392163 lr=9.251e-06
[train] step=2651 loss=0.321782 lr=9.250e-06
[train] step=2652 loss=0.376610 lr=9.250e-06
[train] step=2653 loss=0.337041 lr=9.249e-06
[train] step=2654 loss=0.440422 lr=9.249e-06
[train] step=2655 loss=0.260020 lr=9.248e-06
[train] step=2656 loss=0.461536 lr=9.247e-06
[train] step=2657 loss=0.379254 lr=9.247e-06
[train] step=2658 loss=0.332833 lr=9.246e-06
[train] step=2659 loss=0.374080 lr=9.246e-06
[train] step=2660 loss=0.456458 lr=9.245e-06
[train] step=2661 loss=0.406029 lr=9.245e-06
[train] step=2662 loss=0.415295 lr=9.244e-06
[train] step=2663 loss=0.458775 lr=9.244e-06
[train] step=2664 loss=0.346082 lr=9.243e-06
[train] step=2665 loss=0.415811 lr=9.242e-06
[train] step=2666 loss=0.315792 lr=9.242e-06
[train] step=2667 loss=0.368659 lr=9.241e-06
[train] step=2668 loss=0.171342 lr=9.241e-06
[train] step=2669 loss=0.523990 lr=9.240e-06
[train] step=2670 loss=0.233923 lr=9.240e-06
[train] step=2671 loss=0.305597 lr=9.239e-06
[train] step=2672 loss=0.442307 lr=9.239e-06
[train] step=2673 loss=0.397128 lr=9.238e-06
[train] step=2674 loss=0.446699 lr=9.237e-06
[train] step=2675 loss=0.378120 lr=9.237e-06
[train] step=2676 loss=0.486866 lr=9.236e-06
[train] step=2677 loss=0.419794 lr=9.236e-06
[train] step=2678 loss=0.469833 lr=9.235e-06
[train] step=2679 loss=0.438628 lr=9.235e-06
[train] step=2680 loss=0.404788 lr=9.234e-06
[train] step=2681 loss=0.359781 lr=9.234e-06
[train] step=2682 loss=0.489629 lr=9.233e-06
[train] step=2683 loss=0.472556 lr=9.232e-06
[train] step=2684 loss=0.473001 lr=9.232e-06
[train] step=2685 loss=0.360874 lr=9.231e-06
[train] step=2686 loss=0.396775 lr=9.231e-06
[train] step=2687 loss=0.243660 lr=9.230e-06
[train] step=2688 loss=0.366729 lr=9.230e-06
[train] step=2689 loss=0.457945 lr=9.229e-06
[train] step=2690 loss=0.340048 lr=9.229e-06
[train] step=2691 loss=0.419987 lr=9.228e-06
[train] step=2692 loss=0.253778 lr=9.227e-06
[train] step=2693 loss=0.393768 lr=9.227e-06
[train] step=2694 loss=0.448347 lr=9.226e-06
[train] step=2695 loss=0.386718 lr=9.226e-06
[train] step=2696 loss=0.509242 lr=9.225e-06
[train] step=2697 loss=0.494638 lr=9.225e-06
[train] step=2698 loss=0.409224 lr=9.224e-06
[train] step=2699 loss=0.480014 lr=9.224e-06
[train] step=2700 loss=0.406156 lr=9.223e-06
[train] step=2701 loss=0.213624 lr=9.222e-06
[train] step=2702 loss=0.349779 lr=9.222e-06
[train] step=2703 loss=0.260103 lr=9.221e-06
[train] step=2704 loss=0.239936 lr=9.221e-06
[train] step=2705 loss=0.488597 lr=9.220e-06
[train] step=2706 loss=0.473605 lr=9.220e-06
[train] step=2707 loss=0.443362 lr=9.219e-06
[train] step=2708 loss=0.373925 lr=9.218e-06
[train] step=2709 loss=0.506465 lr=9.218e-06
[train] step=2710 loss=0.415475 lr=9.217e-06
[train] step=2711 loss=0.377915 lr=9.217e-06
[train] step=2712 loss=0.509357 lr=9.216e-06
[train] step=2713 loss=0.525191 lr=9.216e-06
[train] step=2714 loss=0.440747 lr=9.215e-06
[train] step=2715 loss=0.202327 lr=9.215e-06
[train] step=2716 loss=0.352043 lr=9.214e-06
[train] step=2717 loss=0.388552 lr=9.213e-06
[train] step=2718 loss=0.520386 lr=9.213e-06
[train] step=2719 loss=0.580760 lr=9.212e-06
[train] step=2720 loss=0.355701 lr=9.212e-06
[train] step=2721 loss=0.326543 lr=9.211e-06
[train] step=2722 loss=0.493048 lr=9.211e-06
[train] step=2723 loss=0.550861 lr=9.210e-06
[train] step=2724 loss=0.466601 lr=9.209e-06
[train] step=2725 loss=0.383277 lr=9.209e-06
[train] step=2726 loss=0.467352 lr=9.208e-06
[train] step=2727 loss=0.227704 lr=9.208e-06
[train] step=2728 loss=0.479519 lr=9.207e-06
[train] step=2729 loss=0.358417 lr=9.207e-06
[train] step=2730 loss=0.407833 lr=9.206e-06
[train] step=2731 loss=0.388260 lr=9.206e-06
[train] step=2732 loss=0.362120 lr=9.205e-06
[train] step=2733 loss=0.398346 lr=9.204e-06
[train] step=2734 loss=0.469017 lr=9.204e-06
[train] step=2735 loss=0.498073 lr=9.203e-06
[train] step=2736 loss=0.334081 lr=9.203e-06
[train] step=2737 loss=0.382554 lr=9.202e-06
[train] step=2738 loss=0.270067 lr=9.202e-06
[train] step=2739 loss=0.371137 lr=9.201e-06
[train] step=2740 loss=0.453056 lr=9.200e-06
[train] step=2741 loss=0.435188 lr=9.200e-06
[train] step=2742 loss=0.358855 lr=9.199e-06
[train] step=2743 loss=0.349542 lr=9.199e-06
[train] step=2744 loss=0.340182 lr=9.198e-06
[train] step=2745 loss=0.473036 lr=9.198e-06
[train] step=2746 loss=0.400713 lr=9.197e-06
[train] step=2747 loss=0.212673 lr=9.196e-06
[train] step=2748 loss=0.665507 lr=9.196e-06
[train] step=2749 loss=0.388813 lr=9.195e-06
[train] step=2750 loss=0.415232 lr=9.195e-06
[train] step=2751 loss=0.438587 lr=9.194e-06
[train] step=2752 loss=0.217597 lr=9.194e-06
[train] step=2753 loss=0.332111 lr=9.193e-06
[train] step=2754 loss=0.447376 lr=9.192e-06
[train] step=2755 loss=0.493115 lr=9.192e-06
[train] step=2756 loss=0.512612 lr=9.191e-06
[train] step=2757 loss=0.513470 lr=9.191e-06
[train] step=2758 loss=0.351218 lr=9.190e-06
[train] step=2759 loss=0.361902 lr=9.190e-06
[train] step=2760 loss=0.324481 lr=9.189e-06
INFO     [rank 0] Model weights for step 2760 saved in       dit_trainer.py:1288
         checkpoints/model_weights_step_02760.safetensors                       
INFO     [rank 0] Scalar embedding weights for step 2760     dit_trainer.py:1297
         saved                                                                  
INFO     [rank 0] Training state saved:                      dit_trainer.py:1416
         checkpoints/model_weights_step_02760.state.pt                          
DEBUG    [rank 0] Removed old checkpoint:                    dit_trainer.py:1429
         /local/disk/hramachandran/work/wh_work/windinet/dit                    
         _outputs/lundquist/dit_cosine_kl0_15k/checkpoints/m                    
         odel_weights_step_02520.safetensors                                    
DEBUG    [rank 0] Removed old checkpoint:                    dit_trainer.py:1429
         /local/disk/hramachandran/work/wh_work/windinet/dit                    
         _outputs/lundquist/dit_cosine_kl0_15k/checkpoints/s                    
         calar_embedding_step_02520.safetensors                                 
DEBUG    [rank 0] Removed optimizer state for older kept     dit_trainer.py:1444
         checkpoint:                                                            
         /local/disk/hramachandran/work/wh_work/windinet/dit                    
         _outputs/lundquist/dit_cosine_kl0_15k/checkpoints/m                    
         odel_weights_step_02640.state.pt                                       
[epoch 23] step=2760 train_loss=0.398132
[train] step=2761 loss=0.405095 lr=9.188e-06
[train] step=2762 loss=0.189399 lr=9.188e-06
[train] step=2763 loss=0.298864 lr=9.187e-06
[train] step=2764 loss=0.506967 lr=9.187e-06
[train] step=2765 loss=0.271922 lr=9.186e-06
[train] step=2766 loss=0.248811 lr=9.186e-06
[train] step=2767 loss=0.592540 lr=9.185e-06
[train] step=2768 loss=0.286729 lr=9.184e-06
[train] step=2769 loss=0.425918 lr=9.184e-06
[train] step=2770 loss=0.284987 lr=9.183e-06
[train] step=2771 loss=0.292433 lr=9.183e-06
[train] step=2772 loss=0.353858 lr=9.182e-06
[train] step=2773 loss=0.517129 lr=9.182e-06
[train] step=2774 loss=0.434269 lr=9.181e-06
[train] step=2775 loss=0.465746 lr=9.180e-06
[train] step=2776 loss=0.330756 lr=9.180e-06
[train] step=2777 loss=0.464013 lr=9.179e-06
[train] step=2778 loss=0.394163 lr=9.179e-06
[train] step=2779 loss=0.506348 lr=9.178e-06
[train] step=2780 loss=0.364288 lr=9.178e-06
[train] step=2781 loss=0.298945 lr=9.177e-06
[train] step=2782 loss=0.443694 lr=9.176e-06
[train] step=2783 loss=0.407321 lr=9.176e-06
[train] step=2784 loss=0.385139 lr=9.175e-06
[train] step=2785 loss=0.228388 lr=9.175e-06
[train] step=2786 loss=0.320144 lr=9.174e-06
[train] step=2787 loss=0.428934 lr=9.174e-06
[train] step=2788 loss=0.286777 lr=9.173e-06
[train] step=2789 loss=0.237303 lr=9.172e-06
[train] step=2790 loss=0.477388 lr=9.172e-06
[train] step=2791 loss=0.333541 lr=9.171e-06
[train] step=2792 loss=0.339644 lr=9.171e-06
[train] step=2793 loss=0.460613 lr=9.170e-06
[train] step=2794 loss=0.490713 lr=9.169e-06
[train] step=2795 loss=0.434430 lr=9.169e-06
[train] step=2796 loss=0.506302 lr=9.168e-06
[train] step=2797 loss=0.327542 lr=9.168e-06
[train] step=2798 loss=0.380734 lr=9.167e-06
[train] step=2799 loss=0.226893 lr=9.167e-06
[train] step=2800 loss=0.343790 lr=9.166e-06
[train] step=2801 loss=0.333922 lr=9.165e-06
[train] step=2802 loss=0.226680 lr=9.165e-06
[train] step=2803 loss=0.463055 lr=9.164e-06
[train] step=2804 loss=0.306818 lr=9.164e-06
[train] step=2805 loss=0.448011 lr=9.163e-06
[train] step=2806 loss=0.418552 lr=9.163e-06
[train] step=2807 loss=0.324795 lr=9.162e-06
[train] step=2808 loss=0.321996 lr=9.161e-06
[train] step=2809 loss=0.392329 lr=9.161e-06
[train] step=2810 loss=0.476142 lr=9.160e-06
[train] step=2811 loss=0.343754 lr=9.160e-06
[train] step=2812 loss=0.355641 lr=9.159e-06
[train] step=2813 loss=0.540760 lr=9.158e-06
[train] step=2814 loss=0.480929 lr=9.158e-06
[train] step=2815 loss=0.439953 lr=9.157e-06
[train] step=2816 loss=0.318550 lr=9.157e-06
[train] step=2817 loss=0.411999 lr=9.156e-06
[train] step=2818 loss=0.438360 lr=9.156e-06
[train] step=2819 loss=0.466762 lr=9.155e-06
[train] step=2820 loss=0.348058 lr=9.154e-06
[train] step=2821 loss=0.445119 lr=9.154e-06
[train] step=2822 loss=0.310435 lr=9.153e-06
[train] step=2823 loss=0.470008 lr=9.153e-06
[train] step=2824 loss=0.404238 lr=9.152e-06
[train] step=2825 loss=0.477503 lr=9.151e-06
[train] step=2826 loss=0.533459 lr=9.151e-06
[train] step=2827 loss=0.318982 lr=9.150e-06
[train] step=2828 loss=0.471081 lr=9.150e-06
[train] step=2829 loss=0.428273 lr=9.149e-06
[train] step=2830 loss=0.320879 lr=9.149e-06
[train] step=2831 loss=0.594706 lr=9.148e-06
[train] step=2832 loss=0.495418 lr=9.147e-06
[train] step=2833 loss=0.429373 lr=9.147e-06
[train] step=2834 loss=0.480787 lr=9.146e-06
[train] step=2835 loss=0.476099 lr=9.146e-06
[train] step=2836 loss=0.368107 lr=9.145e-06
[train] step=2837 loss=0.495760 lr=9.144e-06
[train] step=2838 loss=0.334514 lr=9.144e-06
[train] step=2839 loss=0.358340 lr=9.143e-06
[train] step=2840 loss=0.356541 lr=9.143e-06
[train] step=2841 loss=0.323139 lr=9.142e-06
[train] step=2842 loss=0.495658 lr=9.142e-06
[train] step=2843 loss=0.488692 lr=9.141e-06
[train] step=2844 loss=0.408543 lr=9.140e-06
[train] step=2845 loss=0.387941 lr=9.140e-06
[train] step=2846 loss=0.329176 lr=9.139e-06
[train] step=2847 loss=0.415346 lr=9.139e-06
[train] step=2848 loss=0.525987 lr=9.138e-06
[train] step=2849 loss=0.362245 lr=9.137e-06
[train] step=2850 loss=0.422896 lr=9.137e-06
[train] step=2851 loss=0.484366 lr=9.136e-06
[train] step=2852 loss=0.335004 lr=9.136e-06
[train] step=2853 loss=0.262221 lr=9.135e-06
[train] step=2854 loss=0.393152 lr=9.135e-06
[train] step=2855 loss=0.419224 lr=9.134e-06
[train] step=2856 loss=0.450258 lr=9.133e-06
[train] step=2857 loss=0.418665 lr=9.133e-06
[train] step=2858 loss=0.359413 lr=9.132e-06
[train] step=2859 loss=0.403030 lr=9.132e-06
[train] step=2860 loss=0.262787 lr=9.131e-06
[train] step=2861 loss=0.334981 lr=9.130e-06
[train] step=2862 loss=0.546472 lr=9.130e-06
[train] step=2863 loss=0.348096 lr=9.129e-06
[train] step=2864 loss=0.389893 lr=9.129e-06
[train] step=2865 loss=0.375011 lr=9.128e-06
[train] step=2866 loss=0.397082 lr=9.127e-06
[train] step=2867 loss=0.418300 lr=9.127e-06
[train] step=2868 loss=0.416998 lr=9.126e-06
[train] step=2869 loss=0.368907 lr=9.126e-06
[train] step=2870 loss=0.460779 lr=9.125e-06
[train] step=2871 loss=0.235896 lr=9.124e-06
[train] step=2872 loss=0.439891 lr=9.124e-06
[train] step=2873 loss=0.379128 lr=9.123e-06
[train] step=2874 loss=0.431770 lr=9.123e-06
[train] step=2875 loss=0.559079 lr=9.122e-06
[train] step=2876 loss=0.277293 lr=9.122e-06
[train] step=2877 loss=0.528638 lr=9.121e-06
[train] step=2878 loss=0.350509 lr=9.120e-06
[train] step=2879 loss=0.249719 lr=9.120e-06
[train] step=2880 loss=0.379019 lr=9.119e-06
INFO     [rank 0] Model weights for step 2880 saved in       dit_trainer.py:1288
         checkpoints/model_weights_step_02880.safetensors                       
INFO     [rank 0] Scalar embedding weights for step 2880     dit_trainer.py:1297
         saved                                                                  
INFO     [rank 0] Training state saved:                      dit_trainer.py:1416
         checkpoints/model_weights_step_02880.state.pt                          
DEBUG    [rank 0] Removed old checkpoint:                    dit_trainer.py:1429
         /local/disk/hramachandran/work/wh_work/windinet/dit                    
         _outputs/lundquist/dit_cosine_kl0_15k/checkpoints/m                    
         odel_weights_step_02640.safetensors                                    
DEBUG    [rank 0] Removed old checkpoint:                    dit_trainer.py:1429
         /local/disk/hramachandran/work/wh_work/windinet/dit                    
         _outputs/lundquist/dit_cosine_kl0_15k/checkpoints/s                    
         calar_embedding_step_02640.safetensors                                 
DEBUG    [rank 0] Removed optimizer state for older kept     dit_trainer.py:1444
         checkpoint:                                                            
         /local/disk/hramachandran/work/wh_work/windinet/dit                    
         _outputs/lundquist/dit_cosine_kl0_15k/checkpoints/m                    
         odel_weights_step_02760.state.pt                                       
[epoch 24] step=2880 train_loss=0.393332
[train] step=2881 loss=0.443746 lr=9.119e-06
[train] step=2882 loss=0.562124 lr=9.118e-06
[train] step=2883 loss=0.452436 lr=9.117e-06
[train] step=2884 loss=0.596932 lr=9.117e-06
[train] step=2885 loss=0.389385 lr=9.116e-06
[train] step=2886 loss=0.497418 lr=9.116e-06
[train] step=2887 loss=0.453573 lr=9.115e-06
[train] step=2888 loss=0.448533 lr=9.114e-06
[train] step=2889 loss=0.341373 lr=9.114e-06
[train] step=2890 loss=0.531893 lr=9.113e-06
[train] step=2891 loss=0.499131 lr=9.113e-06
[train] step=2892 loss=0.476256 lr=9.112e-06
[train] step=2893 loss=0.358706 lr=9.111e-06
[train] step=2894 loss=0.456491 lr=9.111e-06
[train] step=2895 loss=0.633187 lr=9.110e-06
[train] step=2896 loss=0.488805 lr=9.110e-06
[train] step=2897 loss=0.427894 lr=9.109e-06
[train] step=2898 loss=0.360445 lr=9.108e-06
[train] step=2899 loss=0.398947 lr=9.108e-06
[train] step=2900 loss=0.509234 lr=9.107e-06
[train] step=2901 loss=0.351543 lr=9.107e-06
[train] step=2902 loss=0.411883 lr=9.106e-06
[train] step=2903 loss=0.417136 lr=9.105e-06
[train] step=2904 loss=0.410125 lr=9.105e-06
[train] step=2905 loss=0.399904 lr=9.104e-06
[train] step=2906 loss=0.435417 lr=9.104e-06
[train] step=2907 loss=0.303285 lr=9.103e-06
[train] step=2908 loss=0.390332 lr=9.102e-06
[train] step=2909 loss=0.327393 lr=9.102e-06
[train] step=2910 loss=0.417566 lr=9.101e-06
[train] step=2911 loss=0.480413 lr=9.101e-06
[train] step=2912 loss=0.335043 lr=9.100e-06
[train] step=2913 loss=0.409054 lr=9.099e-06
[train] step=2914 loss=0.339984 lr=9.099e-06
[train] step=2915 loss=0.301088 lr=9.098e-06
[train] step=2916 loss=0.446667 lr=9.098e-06
[train] step=2917 loss=0.488067 lr=9.097e-06
[train] step=2918 loss=0.422881 lr=9.096e-06
[train] step=2919 loss=0.418811 lr=9.096e-06
[train] step=2920 loss=0.438664 lr=9.095e-06
[train] step=2921 loss=0.479727 lr=9.095e-06
[train] step=2922 loss=0.486146 lr=9.094e-06
[train] step=2923 loss=0.257794 lr=9.093e-06
[train] step=2924 loss=0.427128 lr=9.093e-06
[train] step=2925 loss=0.229803 lr=9.092e-06
[train] step=2926 loss=0.490983 lr=9.092e-06
[train] step=2927 loss=0.426779 lr=9.091e-06
[train] step=2928 loss=0.333296 lr=9.090e-06
[train] step=2929 loss=0.599663 lr=9.090e-06
[train] step=2930 loss=0.468010 lr=9.089e-06
[train] step=2931 loss=0.496942 lr=9.089e-06
[train] step=2932 loss=0.452773 lr=9.088e-06
[train] step=2933 loss=0.364991 lr=9.087e-06
[train] step=2934 loss=0.336992 lr=9.087e-06
[train] step=2935 loss=0.323795 lr=9.086e-06
[train] step=2936 loss=0.313921 lr=9.086e-06
[train] step=2937 loss=0.523620 lr=9.085e-06
[train] step=2938 loss=0.437706 lr=9.084e-06
[train] step=2939 loss=0.392374 lr=9.084e-06
[train] step=2940 loss=0.469518 lr=9.083e-06
[train] step=2941 loss=0.484847 lr=9.083e-06
[train] step=2942 loss=0.439679 lr=9.082e-06
[train] step=2943 loss=0.497004 lr=9.081e-06
[train] step=2944 loss=0.253927 lr=9.081e-06
[train] step=2945 loss=0.422855 lr=9.080e-06
[train] step=2946 loss=0.266414 lr=9.080e-06
[train] step=2947 loss=0.335477 lr=9.079e-06
[train] step=2948 loss=0.447591 lr=9.078e-06
[train] step=2949 loss=0.404884 lr=9.078e-06
[train] step=2950 loss=0.265476 lr=9.077e-06
[train] step=2951 loss=0.333851 lr=9.077e-06
[train] step=2952 loss=0.344372 lr=9.076e-06
[train] step=2953 loss=0.432961 lr=9.075e-06
[train] step=2954 loss=0.361402 lr=9.075e-06
[train] step=2955 loss=0.432185 lr=9.074e-06
[train] step=2956 loss=0.351802 lr=9.074e-06
[train] step=2957 loss=0.496634 lr=9.073e-06
[train] step=2958 loss=0.348464 lr=9.072e-06
[train] step=2959 loss=0.244382 lr=9.072e-06
[train] step=2960 loss=0.343997 lr=9.071e-06
[train] step=2961 loss=0.453632 lr=9.070e-06
[train] step=2962 loss=0.351528 lr=9.070e-06
[train] step=2963 loss=0.386354 lr=9.069e-06
[train] step=2964 loss=0.366080 lr=9.069e-06
[train] step=2965 loss=0.545690 lr=9.068e-06
[train] step=2966 loss=0.377668 lr=9.067e-06
[train] step=2967 loss=0.312885 lr=9.067e-06
[train] step=2968 loss=0.415488 lr=9.066e-06
[train] step=2969 loss=0.379262 lr=9.066e-06
[train] step=2970 loss=0.328255 lr=9.065e-06
[train] step=2971 loss=0.452442 lr=9.064e-06
[train] step=2972 loss=0.497150 lr=9.064e-06
[train] step=2973 loss=0.446774 lr=9.063e-06
[train] step=2974 loss=0.429140 lr=9.063e-06
[train] step=2975 loss=0.364307 lr=9.062e-06
[train] step=2976 loss=0.193394 lr=9.061e-06
[train] step=2977 loss=0.363005 lr=9.061e-06
[train] step=2978 loss=0.265765 lr=9.060e-06
[train] step=2979 loss=0.399228 lr=9.060e-06
[train] step=2980 loss=0.322591 lr=9.059e-06
[train] step=2981 loss=0.255712 lr=9.058e-06
[train] step=2982 loss=0.588259 lr=9.058e-06
[train] step=2983 loss=0.267416 lr=9.057e-06
[train] step=2984 loss=0.433823 lr=9.056e-06
[train] step=2985 loss=0.409151 lr=9.056e-06
[train] step=2986 loss=0.460636 lr=9.055e-06
[train] step=2987 loss=0.299906 lr=9.055e-06
[train] step=2988 loss=0.465991 lr=9.054e-06
[train] step=2989 loss=0.366204 lr=9.053e-06
[train] step=2990 loss=0.578635 lr=9.053e-06
[train] step=2991 loss=0.357762 lr=9.052e-06
[train] step=2992 loss=0.339408 lr=9.052e-06
[train] step=2993 loss=0.405808 lr=9.051e-06
[train] step=2994 loss=0.553452 lr=9.050e-06
[train] step=2995 loss=0.438048 lr=9.050e-06
[train] step=2996 loss=0.346605 lr=9.049e-06
[train] step=2997 loss=0.415750 lr=9.048e-06
[train] step=2998 loss=0.465103 lr=9.048e-06
[train] step=2999 loss=0.509169 lr=9.047e-06
[train] step=3000 loss=0.400430 lr=9.047e-06
[val] step=3000 val_loss=0.411078
INFO     [rank 0] Model weights for step 3000 saved in       dit_trainer.py:1288
         checkpoints/model_weights_step_03000.safetensors                       
INFO     [rank 0] Scalar embedding weights for step 3000     dit_trainer.py:1297
         saved                                                                  
INFO     [rank 0] Training state saved:                      dit_trainer.py:1416
         checkpoints/model_weights_step_03000.state.pt                          
INFO     [rank 0] New best checkpoint (step 3000,            dit_trainer.py:1320
         val_loss=0.411078):                                                    
         checkpoints/model_weights_best.safetensors                             
DEBUG    [rank 0] Removed old checkpoint:                    dit_trainer.py:1429
         /local/disk/hramachandran/work/wh_work/windinet/dit                    
         _outputs/lundquist/dit_cosine_kl0_15k/checkpoints/m                    
         odel_weights_step_02760.safetensors                                    
DEBUG    [rank 0] Removed old checkpoint:                    dit_trainer.py:1429
         /local/disk/hramachandran/work/wh_work/windinet/dit                    
         _outputs/lundquist/dit_cosine_kl0_15k/checkpoints/s                    
         calar_embedding_step_02760.safetensors                                 
DEBUG    [rank 0] Removed optimizer state for older kept     dit_trainer.py:1444
         checkpoint:                                                            
         /local/disk/hramachandran/work/wh_work/windinet/dit                    
         _outputs/lundquist/dit_cosine_kl0_15k/checkpoints/m                    
         odel_weights_step_02880.state.pt                                       
[epoch 25] step=3000 train_loss=0.408987 val_loss=0.411078
[train] step=3001 loss=0.272682 lr=9.046e-06
[train] step=3002 loss=0.554346 lr=9.045e-06
[train] step=3003 loss=0.432963 lr=9.045e-06
[train] step=3004 loss=0.297422 lr=9.044e-06
[train] step=3005 loss=0.365469 lr=9.044e-06
[train] step=3006 loss=0.338812 lr=9.043e-06
[train] step=3007 loss=0.379483 lr=9.042e-06
[train] step=3008 loss=0.470802 lr=9.042e-06
[train] step=3009 loss=0.401311 lr=9.041e-06
[train] step=3010 loss=0.578361 lr=9.040e-06
[train] step=3011 loss=0.254329 lr=9.040e-06
[train] step=3012 loss=0.387654 lr=9.039e-06
[train] step=3013 loss=0.395348 lr=9.039e-06
[train] step=3014 loss=0.547680 lr=9.038e-06
[train] step=3015 loss=0.320273 lr=9.037e-06
[train] step=3016 loss=0.366360 lr=9.037e-06
[train] step=3017 loss=0.410093 lr=9.036e-06
[train] step=3018 loss=0.486497 lr=9.036e-06
[train] step=3019 loss=0.376156 lr=9.035e-06
[train] step=3020 loss=0.479366 lr=9.034e-06
[train] step=3021 loss=0.363714 lr=9.034e-06
[train] step=3022 loss=0.383797 lr=9.033e-06
[train] step=3023 loss=0.347348 lr=9.032e-06
[train] step=3024 loss=0.409241 lr=9.032e-06
[train] step=3025 loss=0.314735 lr=9.031e-06
[train] step=3026 loss=0.308288 lr=9.031e-06
[train] step=3027 loss=0.330573 lr=9.030e-06
[train] step=3028 loss=0.446968 lr=9.029e-06
[train] step=3029 loss=0.492874 lr=9.029e-06
[train] step=3030 loss=0.365629 lr=9.028e-06
[train] step=3031 loss=0.335922 lr=9.028e-06
[train] step=3032 loss=0.420006 lr=9.027e-06
[train] step=3033 loss=0.530568 lr=9.026e-06
[train] step=3034 loss=0.329422 lr=9.026e-06
[train] step=3035 loss=0.434831 lr=9.025e-06
[train] step=3036 loss=0.320946 lr=9.024e-06
[train] step=3037 loss=0.410904 lr=9.024e-06
[train] step=3038 loss=0.422432 lr=9.023e-06
[train] step=3039 loss=0.295205 lr=9.023e-06
[train] step=3040 loss=0.287865 lr=9.022e-06
[train] step=3041 loss=0.359851 lr=9.021e-06
[train] step=3042 loss=0.358467 lr=9.021e-06
[train] step=3043 loss=0.343420 lr=9.020e-06
[train] step=3044 loss=0.520259 lr=9.019e-06
[train] step=3045 loss=0.596847 lr=9.019e-06
[train] step=3046 loss=0.521244 lr=9.018e-06
[train] step=3047 loss=0.338763 lr=9.018e-06
[train] step=3048 loss=0.400469 lr=9.017e-06
[train] step=3049 loss=0.473870 lr=9.016e-06
[train] step=3050 loss=0.459602 lr=9.016e-06
[train] step=3051 loss=0.454354 lr=9.015e-06
[train] step=3052 loss=0.342892 lr=9.014e-06
[train] step=3053 loss=0.314912 lr=9.014e-06
[train] step=3054 loss=0.491806 lr=9.013e-06
[train] step=3055 loss=0.571287 lr=9.013e-06
[train] step=3056 loss=0.356596 lr=9.012e-06
[train] step=3057 loss=0.454560 lr=9.011e-06
[train] step=3058 loss=0.301069 lr=9.011e-06
[train] step=3059 loss=0.413118 lr=9.010e-06
[train] step=3060 loss=0.400919 lr=9.009e-06
[train] step=3061 loss=0.367103 lr=9.009e-06
[train] step=3062 loss=0.588671 lr=9.008e-06
[train] step=3063 loss=0.354757 lr=9.008e-06
[train] step=3064 loss=0.592370 lr=9.007e-06
[train] step=3065 loss=0.410419 lr=9.006e-06
[train] step=3066 loss=0.442711 lr=9.006e-06
[train] step=3067 loss=0.308814 lr=9.005e-06
[train] step=3068 loss=0.314537 lr=9.004e-06
[train] step=3069 loss=0.442481 lr=9.004e-06
[train] step=3070 loss=0.438868 lr=9.003e-06
[train] step=3071 loss=0.344263 lr=9.003e-06
[train] step=3072 loss=0.498363 lr=9.002e-06
[train] step=3073 loss=0.361932 lr=9.001e-06
[train] step=3074 loss=0.312739 lr=9.001e-06
[train] step=3075 loss=0.317365 lr=9.000e-06
[train] step=3076 loss=0.315352 lr=8.999e-06
[train] step=3077 loss=0.379908 lr=8.999e-06
[train] step=3078 loss=0.333130 lr=8.998e-06
[train] step=3079 loss=0.257438 lr=8.998e-06
[train] step=3080 loss=0.440631 lr=8.997e-06
[train] step=3081 loss=0.471448 lr=8.996e-06
[train] step=3082 loss=0.346212 lr=8.996e-06
[train] step=3083 loss=0.441842 lr=8.995e-06
[train] step=3084 loss=0.386287 lr=8.994e-06
[train] step=3085 loss=0.229764 lr=8.994e-06
[train] step=3086 loss=0.409715 lr=8.993e-06
[train] step=3087 loss=0.355441 lr=8.993e-06
[train] step=3088 loss=0.517433 lr=8.992e-06
[train] step=3089 loss=0.417795 lr=8.991e-06
[train] step=3090 loss=0.311756 lr=8.991e-06
[train] step=3091 loss=0.381563 lr=8.990e-06
[train] step=3092 loss=0.378389 lr=8.989e-06
[train] step=3093 loss=0.313374 lr=8.989e-06
[train] step=3094 loss=0.394063 lr=8.988e-06
[train] step=3095 loss=0.499082 lr=8.987e-06
[train] step=3096 loss=0.439407 lr=8.987e-06
[train] step=3097 loss=0.297128 lr=8.986e-06
[train] step=3098 loss=0.449960 lr=8.986e-06
[train] step=3099 loss=0.450440 lr=8.985e-06
[train] step=3100 loss=0.315671 lr=8.984e-06
[train] step=3101 loss=0.349222 lr=8.984e-06
[train] step=3102 loss=0.233603 lr=8.983e-06
[train] step=3103 loss=0.225913 lr=8.982e-06
[train] step=3104 loss=0.484036 lr=8.982e-06
[train] step=3105 loss=0.448965 lr=8.981e-06
[train] step=3106 loss=0.467877 lr=8.981e-06
[train] step=3107 loss=0.319699 lr=8.980e-06
[train] step=3108 loss=0.475433 lr=8.979e-06
[train] step=3109 loss=0.250737 lr=8.979e-06
[train] step=3110 loss=0.387885 lr=8.978e-06
[train] step=3111 loss=0.280648 lr=8.977e-06
[train] step=3112 loss=0.315193 lr=8.977e-06
[train] step=3113 loss=0.452948 lr=8.976e-06
[train] step=3114 loss=0.211817 lr=8.975e-06
[train] step=3115 loss=0.588440 lr=8.975e-06
[train] step=3116 loss=0.236800 lr=8.974e-06
[train] step=3117 loss=0.282125 lr=8.974e-06
[train] step=3118 loss=0.333099 lr=8.973e-06
[train] step=3119 loss=0.275557 lr=8.972e-06
[train] step=3120 loss=0.459284 lr=8.972e-06
INFO     [rank 0] Model weights for step 3120 saved in       dit_trainer.py:1288
         checkpoints/model_weights_step_03120.safetensors                       
INFO     [rank 0] Scalar embedding weights for step 3120     dit_trainer.py:1297
         saved                                                                  
INFO     [rank 0] Training state saved:                      dit_trainer.py:1416
         checkpoints/model_weights_step_03120.state.pt                          
DEBUG    [rank 0] Removed old checkpoint:                    dit_trainer.py:1429
         /local/disk/hramachandran/work/wh_work/windinet/dit                    
         _outputs/lundquist/dit_cosine_kl0_15k/checkpoints/m                    
         odel_weights_step_02880.safetensors                                    
DEBUG    [rank 0] Removed old checkpoint:                    dit_trainer.py:1429
         /local/disk/hramachandran/work/wh_work/windinet/dit                    
         _outputs/lundquist/dit_cosine_kl0_15k/checkpoints/s                    
         calar_embedding_step_02880.safetensors                                 
DEBUG    [rank 0] Removed optimizer state for older kept     dit_trainer.py:1444
         checkpoint:                                                            
         /local/disk/hramachandran/work/wh_work/windinet/dit                    
         _outputs/lundquist/dit_cosine_kl0_15k/checkpoints/m                    
         odel_weights_step_03000.state.pt                                       
[epoch 26] step=3120 train_loss=0.389917
[train] step=3121 loss=0.330281 lr=8.971e-06
[train] step=3122 loss=0.369998 lr=8.970e-06
[train] step=3123 loss=0.342076 lr=8.970e-06
[train] step=3124 loss=0.409860 lr=8.969e-06
[train] step=3125 loss=0.307579 lr=8.968e-06
[train] step=3126 loss=0.444933 lr=8.968e-06
[train] step=3127 loss=0.379851 lr=8.967e-06
[train] step=3128 loss=0.484563 lr=8.967e-06
[train] step=3129 loss=0.548457 lr=8.966e-06
[train] step=3130 loss=0.387282 lr=8.965e-06
[train] step=3131 loss=0.631392 lr=8.965e-06
[train] step=3132 loss=0.368251 lr=8.964e-06
[train] step=3133 loss=0.312635 lr=8.963e-06
[train] step=3134 loss=0.307659 lr=8.963e-06
[train] step=3135 loss=0.286385 lr=8.962e-06
[train] step=3136 loss=0.491252 lr=8.961e-06
[train] step=3137 loss=0.289426 lr=8.961e-06
[train] step=3138 loss=0.458302 lr=8.960e-06
[train] step=3139 loss=0.318745 lr=8.960e-06
[train] step=3140 loss=0.562162 lr=8.959e-06
[train] step=3141 loss=0.416489 lr=8.958e-06
[train] step=3142 loss=0.512220 lr=8.958e-06
[train] step=3143 loss=0.366582 lr=8.957e-06
[train] step=3144 loss=0.532939 lr=8.956e-06
[train] step=3145 loss=0.303576 lr=8.956e-06
[train] step=3146 loss=0.504028 lr=8.955e-06
[train] step=3147 loss=0.412053 lr=8.954e-06
[train] step=3148 loss=0.473729 lr=8.954e-06
[train] step=3149 loss=0.385435 lr=8.953e-06
[train] step=3150 loss=0.169358 lr=8.952e-06
[train] step=3151 loss=0.529330 lr=8.952e-06
[train] step=3152 loss=0.256879 lr=8.951e-06
[train] step=3153 loss=0.323368 lr=8.951e-06
[train] step=3154 loss=0.405689 lr=8.950e-06
[train] step=3155 loss=0.266643 lr=8.949e-06
[train] step=3156 loss=0.624941 lr=8.949e-06
[train] step=3157 loss=0.481859 lr=8.948e-06
[train] step=3158 loss=0.346741 lr=8.947e-06
[train] step=3159 loss=0.351894 lr=8.947e-06
[train] step=3160 loss=0.301325 lr=8.946e-06
[train] step=3161 loss=0.395176 lr=8.945e-06
[train] step=3162 loss=0.452265 lr=8.945e-06
[train] step=3163 loss=0.490031 lr=8.944e-06
[train] step=3164 loss=0.469863 lr=8.943e-06
[train] step=3165 loss=0.335180 lr=8.943e-06
[train] step=3166 loss=0.305847 lr=8.942e-06
[train] step=3167 loss=0.307036 lr=8.942e-06
[train] step=3168 loss=0.489720 lr=8.941e-06
[train] step=3169 loss=0.308271 lr=8.940e-06
[train] step=3170 loss=0.541480 lr=8.940e-06
[train] step=3171 loss=0.382265 lr=8.939e-06
[train] step=3172 loss=0.314594 lr=8.938e-06
[train] step=3173 loss=0.345176 lr=8.938e-06
[train] step=3174 loss=0.294707 lr=8.937e-06
[train] step=3175 loss=0.402885 lr=8.936e-06
[train] step=3176 loss=0.479234 lr=8.936e-06
[train] step=3177 loss=0.385084 lr=8.935e-06
[train] step=3178 loss=0.402810 lr=8.934e-06
[train] step=3179 loss=0.524862 lr=8.934e-06
[train] step=3180 loss=0.401513 lr=8.933e-06
[train] step=3181 loss=0.406261 lr=8.933e-06
[train] step=3182 loss=0.391219 lr=8.932e-06
[train] step=3183 loss=0.387401 lr=8.931e-06
[train] step=3184 loss=0.303398 lr=8.931e-06
[train] step=3185 loss=0.363972 lr=8.930e-06
[train] step=3186 loss=0.379122 lr=8.929e-06
[train] step=3187 loss=0.320280 lr=8.929e-06
[train] step=3188 loss=0.374744 lr=8.928e-06
[train] step=3189 loss=0.521913 lr=8.927e-06
[train] step=3190 loss=0.386155 lr=8.927e-06
[train] step=3191 loss=0.497423 lr=8.926e-06
[train] step=3192 loss=0.367598 lr=8.925e-06
[train] step=3193 loss=0.305554 lr=8.925e-06
[train] step=3194 loss=0.427516 lr=8.924e-06
[train] step=3195 loss=0.319761 lr=8.923e-06
[train] step=3196 loss=0.222275 lr=8.923e-06
[train] step=3197 loss=0.348122 lr=8.922e-06
[train] step=3198 loss=0.402211 lr=8.921e-06
[train] step=3199 loss=0.381066 lr=8.921e-06
[train] step=3200 loss=0.462919 lr=8.920e-06
[train] step=3201 loss=0.385729 lr=8.920e-06
[train] step=3202 loss=0.338843 lr=8.919e-06
[train] step=3203 loss=0.442747 lr=8.918e-06
[train] step=3204 loss=0.328498 lr=8.918e-06
[train] step=3205 loss=0.422731 lr=8.917e-06
[train] step=3206 loss=0.417167 lr=8.916e-06
[train] step=3207 loss=0.440563 lr=8.916e-06
[train] step=3208 loss=0.468738 lr=8.915e-06
[train] step=3209 loss=0.441341 lr=8.914e-06
[train] step=3210 loss=0.351966 lr=8.914e-06
[train] step=3211 loss=0.442598 lr=8.913e-06
[train] step=3212 loss=0.198400 lr=8.912e-06
[train] step=3213 loss=0.417440 lr=8.912e-06
[train] step=3214 loss=0.474778 lr=8.911e-06
[train] step=3215 loss=0.377856 lr=8.910e-06
[train] step=3216 loss=0.481556 lr=8.910e-06
[train] step=3217 loss=0.545121 lr=8.909e-06
[train] step=3218 loss=0.480333 lr=8.908e-06
[train] step=3219 loss=0.263619 lr=8.908e-06
[train] step=3220 loss=0.406457 lr=8.907e-06
[train] step=3221 loss=0.314947 lr=8.907e-06
[train] step=3222 loss=0.433024 lr=8.906e-06
[train] step=3223 loss=0.303557 lr=8.905e-06
[train] step=3224 loss=0.573569 lr=8.905e-06
[train] step=3225 loss=0.474162 lr=8.904e-06
[train] step=3226 loss=0.470829 lr=8.903e-06
[train] step=3227 loss=0.416554 lr=8.903e-06
[train] step=3228 loss=0.396303 lr=8.902e-06
[train] step=3229 loss=0.338640 lr=8.901e-06
[train] step=3230 loss=0.472062 lr=8.901e-06
[train] step=3231 loss=0.338579 lr=8.900e-06
[train] step=3232 loss=0.367382 lr=8.899e-06
[train] step=3233 loss=0.425387 lr=8.899e-06
[train] step=3234 loss=0.218784 lr=8.898e-06
[train] step=3235 loss=0.414775 lr=8.897e-06
[train] step=3236 loss=0.368033 lr=8.897e-06
[train] step=3237 loss=0.301653 lr=8.896e-06
[train] step=3238 loss=0.467154 lr=8.895e-06
[train] step=3239 loss=0.512118 lr=8.895e-06
[train] step=3240 loss=0.644386 lr=8.894e-06
INFO     [rank 0] Model weights for step 3240 saved in       dit_trainer.py:1288
         checkpoints/model_weights_step_03240.safetensors                       
INFO     [rank 0] Scalar embedding weights for step 3240     dit_trainer.py:1297
         saved                                                                  
INFO     [rank 0] Training state saved:                      dit_trainer.py:1416
         checkpoints/model_weights_step_03240.state.pt                          
DEBUG    [rank 0] Removed old checkpoint:                    dit_trainer.py:1429
         /local/disk/hramachandran/work/wh_work/windinet/dit                    
         _outputs/lundquist/dit_cosine_kl0_15k/checkpoints/m                    
         odel_weights_step_03000.safetensors                                    
DEBUG    [rank 0] Removed old checkpoint:                    dit_trainer.py:1429
         /local/disk/hramachandran/work/wh_work/windinet/dit                    
         _outputs/lundquist/dit_cosine_kl0_15k/checkpoints/s                    
         calar_embedding_step_03000.safetensors                                 
DEBUG    [rank 0] Removed optimizer state for older kept     dit_trainer.py:1444
         checkpoint:                                                            
         /local/disk/hramachandran/work/wh_work/windinet/dit                    
         _outputs/lundquist/dit_cosine_kl0_15k/checkpoints/m                    
         odel_weights_step_03120.state.pt                                       
[epoch 27] step=3240 train_loss=0.398220
[train] step=3241 loss=0.428517 lr=8.893e-06
[train] step=3242 loss=0.368317 lr=8.893e-06
[train] step=3243 loss=0.300489 lr=8.892e-06
[train] step=3244 loss=0.671583 lr=8.891e-06
[train] step=3245 loss=0.359651 lr=8.891e-06
[train] step=3246 loss=0.451908 lr=8.890e-06
[train] step=3247 loss=0.493254 lr=8.889e-06
[train] step=3248 loss=0.462492 lr=8.889e-06
[train] step=3249 loss=0.341525 lr=8.888e-06
[train] step=3250 loss=0.453746 lr=8.888e-06
[train] step=3251 loss=0.357475 lr=8.887e-06
[train] step=3252 loss=0.275530 lr=8.886e-06
[train] step=3253 loss=0.319610 lr=8.886e-06
[train] step=3254 loss=0.538525 lr=8.885e-06
[train] step=3255 loss=0.419930 lr=8.884e-06
[train] step=3256 loss=0.453656 lr=8.884e-06
[train] step=3257 loss=0.601164 lr=8.883e-06
[train] step=3258 loss=0.299561 lr=8.882e-06
[train] step=3259 loss=0.368357 lr=8.882e-06
[train] step=3260 loss=0.397443 lr=8.881e-06
[train] step=3261 loss=0.510588 lr=8.880e-06
[train] step=3262 loss=0.516209 lr=8.880e-06
[train] step=3263 loss=0.411081 lr=8.879e-06
[train] step=3264 loss=0.401392 lr=8.878e-06
[train] step=3265 loss=0.473668 lr=8.878e-06
[train] step=3266 loss=0.310110 lr=8.877e-06
[train] step=3267 loss=0.385020 lr=8.876e-06
[train] step=3268 loss=0.409603 lr=8.876e-06
[train] step=3269 loss=0.211903 lr=8.875e-06
[train] step=3270 loss=0.309696 lr=8.874e-06
[train] step=3271 loss=0.376071 lr=8.874e-06
[train] step=3272 loss=0.392237 lr=8.873e-06
[train] step=3273 loss=0.322985 lr=8.872e-06
[train] step=3274 loss=0.173810 lr=8.872e-06
[train] step=3275 loss=0.324063 lr=8.871e-06
[train] step=3276 loss=0.452421 lr=8.870e-06
[train] step=3277 loss=0.338499 lr=8.870e-06
[train] step=3278 loss=0.315249 lr=8.869e-06
[train] step=3279 loss=0.174807 lr=8.868e-06
[train] step=3280 loss=0.481946 lr=8.868e-06
[train] step=3281 loss=0.292433 lr=8.867e-06
[train] step=3282 loss=0.397669 lr=8.866e-06
[train] step=3283 loss=0.349778 lr=8.866e-06
[train] step=3284 loss=0.427944 lr=8.865e-06
[train] step=3285 loss=0.262064 lr=8.864e-06
[train] step=3286 loss=0.472201 lr=8.864e-06
[train] step=3287 loss=0.274699 lr=8.863e-06
[train] step=3288 loss=0.339010 lr=8.862e-06
[train] step=3289 loss=0.337552 lr=8.862e-06
[train] step=3290 loss=0.376105 lr=8.861e-06
[train] step=3291 loss=0.478467 lr=8.860e-06
[train] step=3292 loss=0.370617 lr=8.860e-06
[train] step=3293 loss=0.343718 lr=8.859e-06
[train] step=3294 loss=0.314838 lr=8.858e-06
[train] step=3295 loss=0.471610 lr=8.858e-06
[train] step=3296 loss=0.426688 lr=8.857e-06
[train] step=3297 loss=0.468899 lr=8.856e-06
[train] step=3298 loss=0.458400 lr=8.856e-06
[train] step=3299 loss=0.526493 lr=8.855e-06
[train] step=3300 loss=0.366524 lr=8.854e-06
[train] step=3301 loss=0.454941 lr=8.854e-06
[train] step=3302 loss=0.380541 lr=8.853e-06
[train] step=3303 loss=0.352176 lr=8.852e-06
[train] step=3304 loss=0.450831 lr=8.852e-06
[train] step=3305 loss=0.344074 lr=8.851e-06
[train] step=3306 loss=0.394348 lr=8.850e-06
[train] step=3307 loss=0.410102 lr=8.850e-06
[train] step=3308 loss=0.363616 lr=8.849e-06
[train] step=3309 loss=0.372685 lr=8.848e-06
[train] step=3310 loss=0.352554 lr=8.848e-06
[train] step=3311 loss=0.383487 lr=8.847e-06
[train] step=3312 loss=0.569869 lr=8.846e-06
[train] step=3313 loss=0.469686 lr=8.846e-06
[train] step=3314 loss=0.324563 lr=8.845e-06
[train] step=3315 loss=0.302427 lr=8.844e-06
[train] step=3316 loss=0.379023 lr=8.844e-06
[train] step=3317 loss=0.340728 lr=8.843e-06
[train] step=3318 loss=0.500591 lr=8.842e-06
[train] step=3319 loss=0.291460 lr=8.842e-06
[train] step=3320 loss=0.453288 lr=8.841e-06
[train] step=3321 loss=0.322107 lr=8.840e-06
[train] step=3322 loss=0.327235 lr=8.840e-06
[train] step=3323 loss=0.355514 lr=8.839e-06
[train] step=3324 loss=0.293717 lr=8.838e-06
[train] step=3325 loss=0.357217 lr=8.838e-06
[train] step=3326 loss=0.294626 lr=8.837e-06
[train] step=3327 loss=0.277100 lr=8.836e-06
[train] step=3328 loss=0.317650 lr=8.836e-06
[train] step=3329 loss=0.526879 lr=8.835e-06
[train] step=3330 loss=0.553926 lr=8.834e-06
[train] step=3331 loss=0.538183 lr=8.834e-06
[train] step=3332 loss=0.241403 lr=8.833e-06
[train] step=3333 loss=0.320160 lr=8.832e-06
[train] step=3334 loss=0.440764 lr=8.832e-06
[train] step=3335 loss=0.429814 lr=8.831e-06
[train] step=3336 loss=0.438923 lr=8.830e-06
[train] step=3337 loss=0.523861 lr=8.830e-06
[train] step=3338 loss=0.357152 lr=8.829e-06
[train] step=3339 loss=0.225492 lr=8.828e-06
[train] step=3340 loss=0.300425 lr=8.828e-06
[train] step=3341 loss=0.401774 lr=8.827e-06
[train] step=3342 loss=0.295547 lr=8.826e-06
[train] step=3343 loss=0.272548 lr=8.826e-06
[train] step=3344 loss=0.272594 lr=8.825e-06
[train] step=3345 loss=0.192142 lr=8.824e-06
[train] step=3346 loss=0.411080 lr=8.824e-06
[train] step=3347 loss=0.429670 lr=8.823e-06
[train] step=3348 loss=0.524852 lr=8.822e-06
[train] step=3349 loss=0.414579 lr=8.822e-06
[train] step=3350 loss=0.340938 lr=8.821e-06
[train] step=3351 loss=0.432622 lr=8.820e-06
[train] step=3352 loss=0.401154 lr=8.819e-06
[train] step=3353 loss=0.467031 lr=8.819e-06
[train] step=3354 loss=0.499192 lr=8.818e-06
[train] step=3355 loss=0.360674 lr=8.817e-06
[train] step=3356 loss=0.515795 lr=8.817e-06
[train] step=3357 loss=0.290302 lr=8.816e-06
[train] step=3358 loss=0.517345 lr=8.815e-06
[train] step=3359 loss=0.239524 lr=8.815e-06
[train] step=3360 loss=0.431423 lr=8.814e-06
INFO     [rank 0] Model weights for step 3360 saved in       dit_trainer.py:1288
         checkpoints/model_weights_step_03360.safetensors                       
INFO     [rank 0] Scalar embedding weights for step 3360     dit_trainer.py:1297
         saved                                                                  
INFO     [rank 0] Training state saved:                      dit_trainer.py:1416
         checkpoints/model_weights_step_03360.state.pt                          
DEBUG    [rank 0] Removed old checkpoint:                    dit_trainer.py:1429
         /local/disk/hramachandran/work/wh_work/windinet/dit                    
         _outputs/lundquist/dit_cosine_kl0_15k/checkpoints/m                    
         odel_weights_step_03120.safetensors                                    
DEBUG    [rank 0] Removed old checkpoint:                    dit_trainer.py:1429
         /local/disk/hramachandran/work/wh_work/windinet/dit                    
         _outputs/lundquist/dit_cosine_kl0_15k/checkpoints/s                    
         calar_embedding_step_03120.safetensors                                 
DEBUG    [rank 0] Removed optimizer state for older kept     dit_trainer.py:1444
         checkpoint:                                                            
         /local/disk/hramachandran/work/wh_work/windinet/dit                    
         _outputs/lundquist/dit_cosine_kl0_15k/checkpoints/m                    
         odel_weights_step_03240.state.pt                                       
[epoch 28] step=3360 train_loss=0.388889
[train] step=3361 loss=0.375000 lr=8.813e-06
[train] step=3362 loss=0.369054 lr=8.813e-06
[train] step=3363 loss=0.566863 lr=8.812e-06
[train] step=3364 loss=0.371129 lr=8.811e-06
[train] step=3365 loss=0.521643 lr=8.811e-06
[train] step=3366 loss=0.496297 lr=8.810e-06
[train] step=3367 loss=0.283953 lr=8.809e-06
[train] step=3368 loss=0.359287 lr=8.809e-06
[train] step=3369 loss=0.409548 lr=8.808e-06
[train] step=3370 loss=0.363485 lr=8.807e-06
[train] step=3371 loss=0.510770 lr=8.807e-06
[train] step=3372 loss=0.308236 lr=8.806e-06
[train] step=3373 loss=0.224611 lr=8.805e-06
[train] step=3374 loss=0.367481 lr=8.805e-06
[train] step=3375 loss=0.366231 lr=8.804e-06
[train] step=3376 loss=0.423412 lr=8.803e-06
[train] step=3377 loss=0.274940 lr=8.803e-06
[train] step=3378 loss=0.356324 lr=8.802e-06
[train] step=3379 loss=0.534779 lr=8.801e-06
[train] step=3380 loss=0.494764 lr=8.801e-06
[train] step=3381 loss=0.494940 lr=8.800e-06
[train] step=3382 loss=0.461272 lr=8.799e-06
[train] step=3383 loss=0.463140 lr=8.798e-06
[train] step=3384 loss=0.346389 lr=8.798e-06
[train] step=3385 loss=0.313614 lr=8.797e-06
[train] step=3386 loss=0.414820 lr=8.796e-06
[train] step=3387 loss=0.298916 lr=8.796e-06
[train] step=3388 loss=0.500095 lr=8.795e-06
[train] step=3389 loss=0.360028 lr=8.794e-06
[train] step=3390 loss=0.438940 lr=8.794e-06
[train] step=3391 loss=0.491068 lr=8.793e-06
[train] step=3392 loss=0.324344 lr=8.792e-06
[train] step=3393 loss=0.593781 lr=8.792e-06
[train] step=3394 loss=0.382653 lr=8.791e-06
[train] step=3395 loss=0.438585 lr=8.790e-06
[train] step=3396 loss=0.386014 lr=8.790e-06
[train] step=3397 loss=0.563044 lr=8.789e-06
[train] step=3398 loss=0.337282 lr=8.788e-06
[train] step=3399 loss=0.420542 lr=8.788e-06
[train] step=3400 loss=0.450456 lr=8.787e-06
[train] step=3401 loss=0.341156 lr=8.786e-06
[train] step=3402 loss=0.311129 lr=8.786e-06
[train] step=3403 loss=0.300404 lr=8.785e-06
[train] step=3404 loss=0.449378 lr=8.784e-06
[train] step=3405 loss=0.310127 lr=8.783e-06
[train] step=3406 loss=0.364926 lr=8.783e-06
[train] step=3407 loss=0.349588 lr=8.782e-06
[train] step=3408 loss=0.557336 lr=8.781e-06
[train] step=3409 loss=0.336295 lr=8.781e-06
[train] step=3410 loss=0.424538 lr=8.780e-06
[train] step=3411 loss=0.380563 lr=8.779e-06
[train] step=3412 loss=0.318180 lr=8.779e-06
[train] step=3413 loss=0.269756 lr=8.778e-06
[train] step=3414 loss=0.327832 lr=8.777e-06
[train] step=3415 loss=0.236844 lr=8.777e-06
[train] step=3416 loss=0.294482 lr=8.776e-06
[train] step=3417 loss=0.235416 lr=8.775e-06
[train] step=3418 loss=0.294580 lr=8.775e-06
[train] step=3419 loss=0.401365 lr=8.774e-06
[train] step=3420 loss=0.496050 lr=8.773e-06
[train] step=3421 loss=0.527005 lr=8.772e-06
[train] step=3422 loss=0.343867 lr=8.772e-06
[train] step=3423 loss=0.451007 lr=8.771e-06
[train] step=3424 loss=0.436391 lr=8.770e-06
[train] step=3425 loss=0.307409 lr=8.770e-06
[train] step=3426 loss=0.473554 lr=8.769e-06
[train] step=3427 loss=0.330856 lr=8.768e-06
[train] step=3428 loss=0.579794 lr=8.768e-06
[train] step=3429 loss=0.586672 lr=8.767e-06
[train] step=3430 loss=0.417405 lr=8.766e-06
[train] step=3431 loss=0.360386 lr=8.766e-06
[train] step=3432 loss=0.313430 lr=8.765e-06
[train] step=3433 loss=0.417595 lr=8.764e-06
[train] step=3434 loss=0.383820 lr=8.764e-06
[train] step=3435 loss=0.473320 lr=8.763e-06
[train] step=3436 loss=0.588844 lr=8.762e-06
[train] step=3437 loss=0.358724 lr=8.761e-06
[train] step=3438 loss=0.392357 lr=8.761e-06
[train] step=3439 loss=0.420846 lr=8.760e-06
[train] step=3440 loss=0.372790 lr=8.759e-06
[train] step=3441 loss=0.448283 lr=8.759e-06
[train] step=3442 loss=0.411516 lr=8.758e-06
[train] step=3443 loss=0.397561 lr=8.757e-06
[train] step=3444 loss=0.405197 lr=8.757e-06
[train] step=3445 loss=0.349532 lr=8.756e-06
[train] step=3446 loss=0.349513 lr=8.755e-06
[train] step=3447 loss=0.311365 lr=8.755e-06
[train] step=3448 loss=0.345762 lr=8.754e-06
[train] step=3449 loss=0.296243 lr=8.753e-06
[train] step=3450 loss=0.518176 lr=8.752e-06
[train] step=3451 loss=0.444135 lr=8.752e-06
[train] step=3452 loss=0.440250 lr=8.751e-06
[train] step=3453 loss=0.243247 lr=8.750e-06
[train] step=3454 loss=0.304008 lr=8.750e-06
[train] step=3455 loss=0.413959 lr=8.749e-06
[train] step=3456 loss=0.460721 lr=8.748e-06
[train] step=3457 loss=0.489554 lr=8.748e-06
[train] step=3458 loss=0.386912 lr=8.747e-06
[train] step=3459 loss=0.356925 lr=8.746e-06
[train] step=3460 loss=0.348800 lr=8.746e-06
[train] step=3461 loss=0.485167 lr=8.745e-06
[train] step=3462 loss=0.326126 lr=8.744e-06
[train] step=3463 loss=0.388773 lr=8.743e-06
[train] step=3464 loss=0.386203 lr=8.743e-06
[train] step=3465 loss=0.309895 lr=8.742e-06
[train] step=3466 loss=0.379249 lr=8.741e-06
[train] step=3467 loss=0.227681 lr=8.741e-06
[train] step=3468 loss=0.438765 lr=8.740e-06
[train] step=3469 loss=0.392562 lr=8.739e-06
[train] step=3470 loss=0.286150 lr=8.739e-06
[train] step=3471 loss=0.352186 lr=8.738e-06
[train] step=3472 loss=0.413772 lr=8.737e-06
[train] step=3473 loss=0.318255 lr=8.737e-06
[train] step=3474 loss=0.376720 lr=8.736e-06
[train] step=3475 loss=0.229607 lr=8.735e-06
[train] step=3476 loss=0.382114 lr=8.734e-06
[train] step=3477 loss=0.434992 lr=8.734e-06
[train] step=3478 loss=0.449372 lr=8.733e-06
[train] step=3479 loss=0.507713 lr=8.732e-06
[train] step=3480 loss=0.389531 lr=8.732e-06
INFO     [rank 0] Model weights for step 3480 saved in       dit_trainer.py:1288
         checkpoints/model_weights_step_03480.safetensors                       
INFO     [rank 0] Scalar embedding weights for step 3480     dit_trainer.py:1297
         saved                                                                  
INFO     [rank 0] Training state saved:                      dit_trainer.py:1416
         checkpoints/model_weights_step_03480.state.pt                          
DEBUG    [rank 0] Removed old checkpoint:                    dit_trainer.py:1429
         /local/disk/hramachandran/work/wh_work/windinet/dit                    
         _outputs/lundquist/dit_cosine_kl0_15k/checkpoints/m                    
         odel_weights_step_03240.safetensors                                    
DEBUG    [rank 0] Removed old checkpoint:                    dit_trainer.py:1429
         /local/disk/hramachandran/work/wh_work/windinet/dit                    
         _outputs/lundquist/dit_cosine_kl0_15k/checkpoints/s                    
         calar_embedding_step_03240.safetensors                                 
DEBUG    [rank 0] Removed optimizer state for older kept     dit_trainer.py:1444
         checkpoint:                                                            
         /local/disk/hramachandran/work/wh_work/windinet/dit                    
         _outputs/lundquist/dit_cosine_kl0_15k/checkpoints/m                    
         odel_weights_step_03360.state.pt                                       
[epoch 29] step=3480 train_loss=0.393601
[train] step=3481 loss=0.342235 lr=8.731e-06
[train] step=3482 loss=0.397016 lr=8.730e-06
[train] step=3483 loss=0.228675 lr=8.730e-06
[train] step=3484 loss=0.435812 lr=8.729e-06
[train] step=3485 loss=0.410435 lr=8.728e-06
[train] step=3486 loss=0.404545 lr=8.727e-06
[train] step=3487 loss=0.290233 lr=8.727e-06
[train] step=3488 loss=0.370138 lr=8.726e-06
[train] step=3489 loss=0.343807 lr=8.725e-06
[train] step=3490 loss=0.445970 lr=8.725e-06
[train] step=3491 loss=0.456943 lr=8.724e-06
[train] step=3492 loss=0.417254 lr=8.723e-06
[train] step=3493 loss=0.293800 lr=8.723e-06
[train] step=3494 loss=0.531781 lr=8.722e-06
[train] step=3495 loss=0.256096 lr=8.721e-06
[train] step=3496 loss=0.359506 lr=8.721e-06
[train] step=3497 loss=0.433822 lr=8.720e-06
[train] step=3498 loss=0.279473 lr=8.719e-06
[train] step=3499 loss=0.336801 lr=8.718e-06
[train] step=3500 loss=0.554219 lr=8.718e-06
[train] step=3501 loss=0.436183 lr=8.717e-06
[train] step=3502 loss=0.336656 lr=8.716e-06
[train] step=3503 loss=0.401108 lr=8.716e-06
[train] step=3504 loss=0.244247 lr=8.715e-06
[train] step=3505 loss=0.391306 lr=8.714e-06
[train] step=3506 loss=0.327899 lr=8.714e-06
[train] step=3507 loss=0.407084 lr=8.713e-06
[train] step=3508 loss=0.349497 lr=8.712e-06
[train] step=3509 loss=0.202649 lr=8.711e-06
[train] step=3510 loss=0.328983 lr=8.711e-06
[train] step=3511 loss=0.367088 lr=8.710e-06
[train] step=3512 loss=0.382453 lr=8.709e-06
[train] step=3513 loss=0.401573 lr=8.709e-06
[train] step=3514 loss=0.526749 lr=8.708e-06
[train] step=3515 loss=0.439369 lr=8.707e-06
[train] step=3516 loss=0.510891 lr=8.706e-06
[train] step=3517 loss=0.296241 lr=8.706e-06
[train] step=3518 loss=0.635550 lr=8.705e-06
[train] step=3519 loss=0.384018 lr=8.704e-06
[train] step=3520 loss=0.389044 lr=8.704e-06
[train] step=3521 loss=0.456719 lr=8.703e-06
[train] step=3522 loss=0.418409 lr=8.702e-06
[train] step=3523 loss=0.312125 lr=8.702e-06
[train] step=3524 loss=0.307109 lr=8.701e-06
[train] step=3525 loss=0.494394 lr=8.700e-06
[train] step=3526 loss=0.319039 lr=8.699e-06
[train] step=3527 loss=0.511279 lr=8.699e-06
[train] step=3528 loss=0.543866 lr=8.698e-06
[train] step=3529 loss=0.322496 lr=8.697e-06
[train] step=3530 loss=0.440628 lr=8.697e-06
[train] step=3531 loss=0.396928 lr=8.696e-06
[train] step=3532 loss=0.450910 lr=8.695e-06
[train] step=3533 loss=0.369333 lr=8.695e-06
[train] step=3534 loss=0.372302 lr=8.694e-06
[train] step=3535 loss=0.328464 lr=8.693e-06
[train] step=3536 loss=0.185292 lr=8.692e-06
[train] step=3537 loss=0.431757 lr=8.692e-06
[train] step=3538 loss=0.399507 lr=8.691e-06
[train] step=3539 loss=0.310082 lr=8.690e-06
[train] step=3540 loss=0.257457 lr=8.690e-06
[train] step=3541 loss=0.473903 lr=8.689e-06
[train] step=3542 loss=0.503459 lr=8.688e-06
[train] step=3543 loss=0.367774 lr=8.687e-06
[train] step=3544 loss=0.443419 lr=8.687e-06
[train] step=3545 loss=0.347403 lr=8.686e-06
[train] step=3546 loss=0.296270 lr=8.685e-06
[train] step=3547 loss=0.262006 lr=8.685e-06
[train] step=3548 loss=0.270379 lr=8.684e-06
[train] step=3549 loss=0.634838 lr=8.683e-06
[train] step=3550 loss=0.266431 lr=8.683e-06
[train] step=3551 loss=0.332334 lr=8.682e-06
[train] step=3552 loss=0.267198 lr=8.681e-06
[train] step=3553 loss=0.349235 lr=8.680e-06
[train] step=3554 loss=0.314202 lr=8.680e-06
[train] step=3555 loss=0.544328 lr=8.679e-06
[train] step=3556 loss=0.358112 lr=8.678e-06
[train] step=3557 loss=0.299828 lr=8.678e-06
[train] step=3558 loss=0.338800 lr=8.677e-06
[train] step=3559 loss=0.290431 lr=8.676e-06
[train] step=3560 loss=0.401360 lr=8.675e-06
[train] step=3561 loss=0.386279 lr=8.675e-06
[train] step=3562 loss=0.389670 lr=8.674e-06
[train] step=3563 loss=0.348931 lr=8.673e-06
[train] step=3564 loss=0.472935 lr=8.673e-06
[train] step=3565 loss=0.290382 lr=8.672e-06
[train] step=3566 loss=0.376676 lr=8.671e-06
[train] step=3567 loss=0.310503 lr=8.670e-06
[train] step=3568 loss=0.427131 lr=8.670e-06
[train] step=3569 loss=0.427215 lr=8.669e-06
[train] step=3570 loss=0.375302 lr=8.668e-06
[train] step=3571 loss=0.297167 lr=8.668e-06
[train] step=3572 loss=0.294206 lr=8.667e-06
[train] step=3573 loss=0.520936 lr=8.666e-06
[train] step=3574 loss=0.444257 lr=8.665e-06
[train] step=3575 loss=0.316909 lr=8.665e-06
[train] step=3576 loss=0.395424 lr=8.664e-06
[train] step=3577 loss=0.557041 lr=8.663e-06
[train] step=3578 loss=0.380491 lr=8.663e-06
[train] step=3579 loss=0.508776 lr=8.662e-06
[train] step=3580 loss=0.318184 lr=8.661e-06
[train] step=3581 loss=0.319446 lr=8.660e-06
[train] step=3582 loss=0.239675 lr=8.660e-06
[train] step=3583 loss=0.414753 lr=8.659e-06
[train] step=3584 loss=0.546834 lr=8.658e-06
[train] step=3585 loss=0.425801 lr=8.658e-06
[train] step=3586 loss=0.447189 lr=8.657e-06
[train] step=3587 loss=0.450140 lr=8.656e-06
[train] step=3588 loss=0.401453 lr=8.655e-06
[train] step=3589 loss=0.341347 lr=8.655e-06
[train] step=3590 loss=0.481735 lr=8.654e-06
[train] step=3591 loss=0.246864 lr=8.653e-06
[train] step=3592 loss=0.338327 lr=8.653e-06
[train] step=3593 loss=0.583348 lr=8.652e-06
[train] step=3594 loss=0.284678 lr=8.651e-06
[train] step=3595 loss=0.471276 lr=8.650e-06
[train] step=3596 loss=0.351933 lr=8.650e-06
[train] step=3597 loss=0.413687 lr=8.649e-06
[train] step=3598 loss=0.344032 lr=8.648e-06
[train] step=3599 loss=0.340987 lr=8.648e-06
[train] step=3600 loss=0.594698 lr=8.647e-06
[val] step=3600 val_loss=0.403335
INFO     [rank 0] Model weights for step 3600 saved in       dit_trainer.py:1288
         checkpoints/model_weights_step_03600.safetensors                       
INFO     [rank 0] Scalar embedding weights for step 3600     dit_trainer.py:1297
         saved                                                                  
INFO     [rank 0] Training state saved:                      dit_trainer.py:1416
         checkpoints/model_weights_step_03600.state.pt                          
INFO     [rank 0] New best checkpoint (step 3600,            dit_trainer.py:1320
         val_loss=0.403335):                                                    
         checkpoints/model_weights_best.safetensors                             
DEBUG    [rank 0] Removed old checkpoint:                    dit_trainer.py:1429
         /local/disk/hramachandran/work/wh_work/windinet/dit                    
         _outputs/lundquist/dit_cosine_kl0_15k/checkpoints/m                    
         odel_weights_step_03360.safetensors                                    
DEBUG    [rank 0] Removed old checkpoint:                    dit_trainer.py:1429
         /local/disk/hramachandran/work/wh_work/windinet/dit                    
         _outputs/lundquist/dit_cosine_kl0_15k/checkpoints/s                    
         calar_embedding_step_03360.safetensors                                 
DEBUG    [rank 0] Removed optimizer state for older kept     dit_trainer.py:1444
         checkpoint:                                                            
         /local/disk/hramachandran/work/wh_work/windinet/dit                    
         _outputs/lundquist/dit_cosine_kl0_15k/checkpoints/m                    
         odel_weights_step_03480.state.pt                                       
[epoch 30] step=3600 train_loss=0.383403 val_loss=0.403335
[train] step=3601 loss=0.374519 lr=8.646e-06
[train] step=3602 loss=0.415183 lr=8.645e-06
[train] step=3603 loss=0.435075 lr=8.645e-06
[train] step=3604 loss=0.460357 lr=8.644e-06
[train] step=3605 loss=0.408850 lr=8.643e-06
[train] step=3606 loss=0.309118 lr=8.643e-06
[train] step=3607 loss=0.350014 lr=8.642e-06
[train] step=3608 loss=0.290440 lr=8.641e-06
[train] step=3609 loss=0.302466 lr=8.640e-06
[train] step=3610 loss=0.230496 lr=8.640e-06
[train] step=3611 loss=0.356290 lr=8.639e-06
[train] step=3612 loss=0.629124 lr=8.638e-06
[train] step=3613 loss=0.327906 lr=8.638e-06
[train] step=3614 loss=0.570044 lr=8.637e-06
[train] step=3615 loss=0.311423 lr=8.636e-06
[train] step=3616 loss=0.557650 lr=8.635e-06
[train] step=3617 loss=0.300007 lr=8.635e-06
[train] step=3618 loss=0.489713 lr=8.634e-06
[train] step=3619 loss=0.282639 lr=8.633e-06
[train] step=3620 loss=0.408591 lr=8.633e-06
[train] step=3621 loss=0.384182 lr=8.632e-06
[train] step=3622 loss=0.233176 lr=8.631e-06
[train] step=3623 loss=0.461830 lr=8.630e-06
[train] step=3624 loss=0.485662 lr=8.630e-06
[train] step=3625 loss=0.600700 lr=8.629e-06
[train] step=3626 loss=0.487394 lr=8.628e-06
[train] step=3627 loss=0.546678 lr=8.628e-06
[train] step=3628 loss=0.350433 lr=8.627e-06
[train] step=3629 loss=0.420149 lr=8.626e-06
[train] step=3630 loss=0.436027 lr=8.625e-06
[train] step=3631 loss=0.336940 lr=8.625e-06
[train] step=3632 loss=0.520885 lr=8.624e-06
[train] step=3633 loss=0.493207 lr=8.623e-06
[train] step=3634 loss=0.321083 lr=8.622e-06
[train] step=3635 loss=0.324574 lr=8.622e-06
[train] step=3636 loss=0.420259 lr=8.621e-06
[train] step=3637 loss=0.313472 lr=8.620e-06
[train] step=3638 loss=0.276829 lr=8.620e-06
[train] step=3639 loss=0.376422 lr=8.619e-06
[train] step=3640 loss=0.403692 lr=8.618e-06
[train] step=3641 loss=0.419419 lr=8.617e-06
[train] step=3642 loss=0.260867 lr=8.617e-06
[train] step=3643 loss=0.469059 lr=8.616e-06
[train] step=3644 loss=0.414742 lr=8.615e-06
[train] step=3645 loss=0.445592 lr=8.615e-06
[train] step=3646 loss=0.330644 lr=8.614e-06
[train] step=3647 loss=0.312608 lr=8.613e-06
[train] step=3648 loss=0.360787 lr=8.612e-06
[train] step=3649 loss=0.476896 lr=8.612e-06
[train] step=3650 loss=0.394386 lr=8.611e-06
[train] step=3651 loss=0.468484 lr=8.610e-06
[train] step=3652 loss=0.345683 lr=8.609e-06
[train] step=3653 loss=0.418684 lr=8.609e-06
[train] step=3654 loss=0.563870 lr=8.608e-06
[train] step=3655 loss=0.429744 lr=8.607e-06
[train] step=3656 loss=0.462594 lr=8.607e-06
[train] step=3657 loss=0.472312 lr=8.606e-06
[train] step=3658 loss=0.440641 lr=8.605e-06
[train] step=3659 loss=0.355221 lr=8.604e-06
[train] step=3660 loss=0.318764 lr=8.604e-06
[train] step=3661 loss=0.469838 lr=8.603e-06
[train] step=3662 loss=0.369068 lr=8.602e-06
[train] step=3663 loss=0.223328 lr=8.601e-06
[train] step=3664 loss=0.357095 lr=8.601e-06
[train] step=3665 loss=0.432075 lr=8.600e-06
[train] step=3666 loss=0.306068 lr=8.599e-06
[train] step=3667 loss=0.323228 lr=8.599e-06
[train] step=3668 loss=0.367833 lr=8.598e-06
[train] step=3669 loss=0.385712 lr=8.597e-06
[train] step=3670 loss=0.417980 lr=8.596e-06
[train] step=3671 loss=0.638483 lr=8.596e-06
[train] step=3672 loss=0.351052 lr=8.595e-06
[train] step=3673 loss=0.328511 lr=8.594e-06
[train] step=3674 loss=0.385285 lr=8.593e-06
[train] step=3675 loss=0.327730 lr=8.593e-06
[train] step=3676 loss=0.349435 lr=8.592e-06
[train] step=3677 loss=0.202742 lr=8.591e-06
[train] step=3678 loss=0.308931 lr=8.591e-06
[train] step=3679 loss=0.399112 lr=8.590e-06
[train] step=3680 loss=0.434538 lr=8.589e-06
[train] step=3681 loss=0.506568 lr=8.588e-06
[train] step=3682 loss=0.288084 lr=8.588e-06
[train] step=3683 loss=0.433339 lr=8.587e-06
[train] step=3684 loss=0.372312 lr=8.586e-06
[train] step=3685 loss=0.456651 lr=8.585e-06
[train] step=3686 loss=0.521524 lr=8.585e-06
[train] step=3687 loss=0.394379 lr=8.584e-06
[train] step=3688 loss=0.522060 lr=8.583e-06
[train] step=3689 loss=0.412851 lr=8.583e-06
[train] step=3690 loss=0.501759 lr=8.582e-06
[train] step=3691 loss=0.431170 lr=8.581e-06
[train] step=3692 loss=0.362819 lr=8.580e-06
[train] step=3693 loss=0.430981 lr=8.580e-06
[train] step=3694 loss=0.403127 lr=8.579e-06
[train] step=3695 loss=0.456116 lr=8.578e-06
[train] step=3696 loss=0.538263 lr=8.577e-06
[train] step=3697 loss=0.354066 lr=8.577e-06
[train] step=3698 loss=0.297431 lr=8.576e-06
[train] step=3699 loss=0.362862 lr=8.575e-06
[train] step=3700 loss=0.423398 lr=8.575e-06
[train] step=3701 loss=0.300893 lr=8.574e-06
[train] step=3702 loss=0.310386 lr=8.573e-06
[train] step=3703 loss=0.457243 lr=8.572e-06
[train] step=3704 loss=0.358881 lr=8.572e-06
[train] step=3705 loss=0.346079 lr=8.571e-06
[train] step=3706 loss=0.456669 lr=8.570e-06
[train] step=3707 loss=0.250690 lr=8.569e-06
[train] step=3708 loss=0.421826 lr=8.569e-06
[train] step=3709 loss=0.275465 lr=8.568e-06
[train] step=3710 loss=0.256680 lr=8.567e-06
[train] step=3711 loss=0.385428 lr=8.566e-06
[train] step=3712 loss=0.699214 lr=8.566e-06
[train] step=3713 loss=0.243625 lr=8.565e-06
[train] step=3714 loss=0.393376 lr=8.564e-06
[train] step=3715 loss=0.387074 lr=8.564e-06
[train] step=3716 loss=0.338020 lr=8.563e-06
[train] step=3717 loss=0.273602 lr=8.562e-06
[train] step=3718 loss=0.269111 lr=8.561e-06
[train] step=3719 loss=0.252427 lr=8.561e-06
[train] step=3720 loss=0.568230 lr=8.560e-06
INFO     [rank 0] Model weights for step 3720 saved in       dit_trainer.py:1288
         checkpoints/model_weights_step_03720.safetensors                       
INFO     [rank 0] Scalar embedding weights for step 3720     dit_trainer.py:1297
         saved                                                                  
INFO     [rank 0] Training state saved:                      dit_trainer.py:1416
         checkpoints/model_weights_step_03720.state.pt                          
DEBUG    [rank 0] Removed old checkpoint:                    dit_trainer.py:1429
         /local/disk/hramachandran/work/wh_work/windinet/dit                    
         _outputs/lundquist/dit_cosine_kl0_15k/checkpoints/m                    
         odel_weights_step_03480.safetensors                                    
DEBUG    [rank 0] Removed old checkpoint:                    dit_trainer.py:1429
         /local/disk/hramachandran/work/wh_work/windinet/dit                    
         _outputs/lundquist/dit_cosine_kl0_15k/checkpoints/s                    
         calar_embedding_step_03480.safetensors                                 
DEBUG    [rank 0] Removed optimizer state for older kept     dit_trainer.py:1444
         checkpoint:                                                            
         /local/disk/hramachandran/work/wh_work/windinet/dit                    
         _outputs/lundquist/dit_cosine_kl0_15k/checkpoints/m                    
         odel_weights_step_03600.state.pt                                       
[epoch 31] step=3720 train_loss=0.394031
[train] step=3721 loss=0.536497 lr=8.559e-06
[train] step=3722 loss=0.172887 lr=8.558e-06
[train] step=3723 loss=0.255330 lr=8.558e-06
[train] step=3724 loss=0.447852 lr=8.557e-06
[train] step=3725 loss=0.415543 lr=8.556e-06
[train] step=3726 loss=0.318942 lr=8.555e-06
[train] step=3727 loss=0.394339 lr=8.555e-06
[train] step=3728 loss=0.279587 lr=8.554e-06
[train] step=3729 loss=0.317883 lr=8.553e-06
[train] step=3730 loss=0.264600 lr=8.552e-06
[train] step=3731 loss=0.382820 lr=8.552e-06
[train] step=3732 loss=0.319414 lr=8.551e-06
[train] step=3733 loss=0.495259 lr=8.550e-06
[train] step=3734 loss=0.471355 lr=8.550e-06
[train] step=3735 loss=0.284663 lr=8.549e-06
[train] step=3736 loss=0.434818 lr=8.548e-06
[train] step=3737 loss=0.297292 lr=8.547e-06
[train] step=3738 loss=0.341862 lr=8.547e-06
[train] step=3739 loss=0.379661 lr=8.546e-06
[train] step=3740 loss=0.461847 lr=8.545e-06
[train] step=3741 loss=0.325543 lr=8.544e-06
[train] step=3742 loss=0.237435 lr=8.544e-06
[train] step=3743 loss=0.226471 lr=8.543e-06
[train] step=3744 loss=0.247982 lr=8.542e-06
[train] step=3745 loss=0.379621 lr=8.541e-06
[train] step=3746 loss=0.364337 lr=8.541e-06
[train] step=3747 loss=0.415261 lr=8.540e-06
[train] step=3748 loss=0.290512 lr=8.539e-06
[train] step=3749 loss=0.314956 lr=8.538e-06
[train] step=3750 loss=0.284382 lr=8.538e-06
[train] step=3751 loss=0.300622 lr=8.537e-06
[train] step=3752 loss=0.456598 lr=8.536e-06
[train] step=3753 loss=0.522360 lr=8.536e-06
[train] step=3754 loss=0.399135 lr=8.535e-06
[train] step=3755 loss=0.449071 lr=8.534e-06
[train] step=3756 loss=0.319694 lr=8.533e-06
[train] step=3757 loss=0.484026 lr=8.533e-06
[train] step=3758 loss=0.332591 lr=8.532e-06
[train] step=3759 loss=0.282715 lr=8.531e-06
[train] step=3760 loss=0.377159 lr=8.530e-06
[train] step=3761 loss=0.364668 lr=8.530e-06
[train] step=3762 loss=0.563350 lr=8.529e-06
[train] step=3763 loss=0.372859 lr=8.528e-06
[train] step=3764 loss=0.301783 lr=8.527e-06
[train] step=3765 loss=0.492347 lr=8.527e-06
[train] step=3766 loss=0.229698 lr=8.526e-06
[train] step=3767 loss=0.263347 lr=8.525e-06
[train] step=3768 loss=0.407556 lr=8.524e-06
[train] step=3769 loss=0.570880 lr=8.524e-06
[train] step=3770 loss=0.387866 lr=8.523e-06
[train] step=3771 loss=0.275152 lr=8.522e-06
[train] step=3772 loss=0.302915 lr=8.521e-06
[train] step=3773 loss=0.419295 lr=8.521e-06
[train] step=3774 loss=0.380283 lr=8.520e-06
[train] step=3775 loss=0.652429 lr=8.519e-06
[train] step=3776 loss=0.366199 lr=8.518e-06
[train] step=3777 loss=0.234834 lr=8.518e-06
[train] step=3778 loss=0.329207 lr=8.517e-06
[train] step=3779 loss=0.547853 lr=8.516e-06
[train] step=3780 loss=0.344553 lr=8.515e-06
[train] step=3781 loss=0.369771 lr=8.515e-06
[train] step=3782 loss=0.402861 lr=8.514e-06
[train] step=3783 loss=0.387351 lr=8.513e-06
[train] step=3784 loss=0.424677 lr=8.513e-06
[train] step=3785 loss=0.412706 lr=8.512e-06
[train] step=3786 loss=0.415399 lr=8.511e-06
[train] step=3787 loss=0.429689 lr=8.510e-06
[train] step=3788 loss=0.586056 lr=8.510e-06
[train] step=3789 loss=0.551144 lr=8.509e-06
[train] step=3790 loss=0.337182 lr=8.508e-06
[train] step=3791 loss=0.322264 lr=8.507e-06
[train] step=3792 loss=0.478362 lr=8.507e-06
[train] step=3793 loss=0.405492 lr=8.506e-06
[train] step=3794 loss=0.405099 lr=8.505e-06
[train] step=3795 loss=0.412984 lr=8.504e-06
[train] step=3796 loss=0.374809 lr=8.504e-06
[train] step=3797 loss=0.359023 lr=8.503e-06
[train] step=3798 loss=0.331270 lr=8.502e-06
[train] step=3799 loss=0.371235 lr=8.501e-06
[train] step=3800 loss=0.394991 lr=8.501e-06
[train] step=3801 loss=0.260584 lr=8.500e-06
[train] step=3802 loss=0.547961 lr=8.499e-06
[train] step=3803 loss=0.314685 lr=8.498e-06
[train] step=3804 loss=0.372135 lr=8.498e-06
[train] step=3805 loss=0.398667 lr=8.497e-06
[train] step=3806 loss=0.327397 lr=8.496e-06
[train] step=3807 loss=0.375595 lr=8.495e-06
[train] step=3808 loss=0.343037 lr=8.495e-06
[train] step=3809 loss=0.339916 lr=8.494e-06
[train] step=3810 loss=0.610281 lr=8.493e-06
[train] step=3811 loss=0.352163 lr=8.492e-06
[train] step=3812 loss=0.487537 lr=8.492e-06
[train] step=3813 loss=0.434934 lr=8.491e-06
[train] step=3814 loss=0.431022 lr=8.490e-06
[train] step=3815 loss=0.176701 lr=8.489e-06
[train] step=3816 loss=0.325577 lr=8.489e-06
[train] step=3817 loss=0.391000 lr=8.488e-06
[train] step=3818 loss=0.378381 lr=8.487e-06
[train] step=3819 loss=0.465783 lr=8.486e-06
[train] step=3820 loss=0.477942 lr=8.486e-06
[train] step=3821 loss=0.498846 lr=8.485e-06
[train] step=3822 loss=0.461349 lr=8.484e-06
[train] step=3823 loss=0.229791 lr=8.483e-06
[train] step=3824 loss=0.321326 lr=8.483e-06
[train] step=3825 loss=0.336594 lr=8.482e-06
[train] step=3826 loss=0.324991 lr=8.481e-06
[train] step=3827 loss=0.510359 lr=8.480e-06
[train] step=3828 loss=0.294941 lr=8.480e-06
[train] step=3829 loss=0.333305 lr=8.479e-06
[train] step=3830 loss=0.304899 lr=8.478e-06
[train] step=3831 loss=0.456795 lr=8.477e-06
[train] step=3832 loss=0.414117 lr=8.477e-06
[train] step=3833 loss=0.501257 lr=8.476e-06
[train] step=3834 loss=0.353564 lr=8.475e-06
[train] step=3835 loss=0.437743 lr=8.474e-06
[train] step=3836 loss=0.498061 lr=8.474e-06
[train] step=3837 loss=0.555638 lr=8.473e-06
[train] step=3838 loss=0.339813 lr=8.472e-06
[train] step=3839 loss=0.305324 lr=8.471e-06
[train] step=3840 loss=0.555265 lr=8.471e-06
INFO     [rank 0] Model weights for step 3840 saved in       dit_trainer.py:1288
         checkpoints/model_weights_step_03840.safetensors                       
INFO     [rank 0] Scalar embedding weights for step 3840     dit_trainer.py:1297
         saved                                                                  
INFO     [rank 0] Training state saved:                      dit_trainer.py:1416
         checkpoints/model_weights_step_03840.state.pt                          
DEBUG    [rank 0] Removed old checkpoint:                    dit_trainer.py:1429
         /local/disk/hramachandran/work/wh_work/windinet/dit                    
         _outputs/lundquist/dit_cosine_kl0_15k/checkpoints/m                    
         odel_weights_step_03600.safetensors                                    
DEBUG    [rank 0] Removed old checkpoint:                    dit_trainer.py:1429
         /local/disk/hramachandran/work/wh_work/windinet/dit                    
         _outputs/lundquist/dit_cosine_kl0_15k/checkpoints/s                    
         calar_embedding_step_03600.safetensors                                 
DEBUG    [rank 0] Removed optimizer state for older kept     dit_trainer.py:1444
         checkpoint:                                                            
         /local/disk/hramachandran/work/wh_work/windinet/dit                    
         _outputs/lundquist/dit_cosine_kl0_15k/checkpoints/m                    
         odel_weights_step_03720.state.pt                                       
[epoch 32] step=3840 train_loss=0.384338
[train] step=3841 loss=0.422740 lr=8.470e-06
[train] step=3842 loss=0.395482 lr=8.469e-06
[train] step=3843 loss=0.238528 lr=8.468e-06
[train] step=3844 loss=0.401605 lr=8.468e-06
[train] step=3845 loss=0.419361 lr=8.467e-06
[train] step=3846 loss=0.425233 lr=8.466e-06
[train] step=3847 loss=0.457521 lr=8.465e-06
[train] step=3848 loss=0.542581 lr=8.465e-06
[train] step=3849 loss=0.403249 lr=8.464e-06
[train] step=3850 loss=0.451961 lr=8.463e-06
[train] step=3851 loss=0.565380 lr=8.462e-06
[train] step=3852 loss=0.358767 lr=8.462e-06
[train] step=3853 loss=0.438275 lr=8.461e-06
[train] step=3854 loss=0.310016 lr=8.460e-06
[train] step=3855 loss=0.427953 lr=8.459e-06
[train] step=3856 loss=0.396958 lr=8.458e-06
[train] step=3857 loss=0.526814 lr=8.458e-06
[train] step=3858 loss=0.316386 lr=8.457e-06
[train] step=3859 loss=0.318757 lr=8.456e-06
[train] step=3860 loss=0.379452 lr=8.455e-06
[train] step=3861 loss=0.320316 lr=8.455e-06
[train] step=3862 loss=0.299049 lr=8.454e-06
[train] step=3863 loss=0.322865 lr=8.453e-06
[train] step=3864 loss=0.452419 lr=8.452e-06
[train] step=3865 loss=0.498030 lr=8.452e-06
[train] step=3866 loss=0.470048 lr=8.451e-06
[train] step=3867 loss=0.577650 lr=8.450e-06
[train] step=3868 loss=0.241297 lr=8.449e-06
[train] step=3869 loss=0.407156 lr=8.449e-06
[train] step=3870 loss=0.499167 lr=8.448e-06
[train] step=3871 loss=0.217249 lr=8.447e-06
[train] step=3872 loss=0.148122 lr=8.446e-06
[train] step=3873 loss=0.359618 lr=8.446e-06
[train] step=3874 loss=0.327691 lr=8.445e-06
[train] step=3875 loss=0.346549 lr=8.444e-06
[train] step=3876 loss=0.512210 lr=8.443e-06
[train] step=3877 loss=0.310622 lr=8.443e-06
[train] step=3878 loss=0.282106 lr=8.442e-06
[train] step=3879 loss=0.395031 lr=8.441e-06
[train] step=3880 loss=0.389399 lr=8.440e-06
[train] step=3881 loss=0.318047 lr=8.440e-06
[train] step=3882 loss=0.293115 lr=8.439e-06
[train] step=3883 loss=0.340649 lr=8.438e-06
[train] step=3884 loss=0.401074 lr=8.437e-06
[train] step=3885 loss=0.346271 lr=8.436e-06
[train] step=3886 loss=0.419170 lr=8.436e-06
[train] step=3887 loss=0.235048 lr=8.435e-06
[train] step=3888 loss=0.225029 lr=8.434e-06
[train] step=3889 loss=0.485473 lr=8.433e-06
[train] step=3890 loss=0.472110 lr=8.433e-06
[train] step=3891 loss=0.465613 lr=8.432e-06
[train] step=3892 loss=0.371146 lr=8.431e-06
[train] step=3893 loss=0.176779 lr=8.430e-06
[train] step=3894 loss=0.358082 lr=8.430e-06
[train] step=3895 loss=0.513598 lr=8.429e-06
[train] step=3896 loss=0.300221 lr=8.428e-06
[train] step=3897 loss=0.441370 lr=8.427e-06
[train] step=3898 loss=0.335690 lr=8.427e-06
[train] step=3899 loss=0.419844 lr=8.426e-06
[train] step=3900 loss=0.247140 lr=8.425e-06
[train] step=3901 loss=0.213992 lr=8.424e-06
[train] step=3902 loss=0.569757 lr=8.424e-06
[train] step=3903 loss=0.273111 lr=8.423e-06
[train] step=3904 loss=0.287201 lr=8.422e-06
[train] step=3905 loss=0.436629 lr=8.421e-06
[train] step=3906 loss=0.436683 lr=8.420e-06
[train] step=3907 loss=0.438844 lr=8.420e-06
[train] step=3908 loss=0.410395 lr=8.419e-06
[train] step=3909 loss=0.295357 lr=8.418e-06
[train] step=3910 loss=0.296825 lr=8.417e-06
[train] step=3911 loss=0.522901 lr=8.417e-06
[train] step=3912 loss=0.331582 lr=8.416e-06
[train] step=3913 loss=0.429912 lr=8.415e-06
[train] step=3914 loss=0.429988 lr=8.414e-06
[train] step=3915 loss=0.245104 lr=8.414e-06
[train] step=3916 loss=0.404359 lr=8.413e-06
[train] step=3917 loss=0.510212 lr=8.412e-06
[train] step=3918 loss=0.311543 lr=8.411e-06
[train] step=3919 loss=0.483094 lr=8.411e-06
[train] step=3920 loss=0.499174 lr=8.410e-06
[train] step=3921 loss=0.481069 lr=8.409e-06
[train] step=3922 loss=0.323993 lr=8.408e-06
[train] step=3923 loss=0.555544 lr=8.407e-06
[train] step=3924 loss=0.402529 lr=8.407e-06
[train] step=3925 loss=0.384611 lr=8.406e-06
[train] step=3926 loss=0.323822 lr=8.405e-06
[train] step=3927 loss=0.225482 lr=8.404e-06
[train] step=3928 loss=0.369380 lr=8.404e-06
[train] step=3929 loss=0.305107 lr=8.403e-06
[train] step=3930 loss=0.540674 lr=8.402e-06
[train] step=3931 loss=0.506933 lr=8.401e-06
[train] step=3932 loss=0.371331 lr=8.401e-06
[train] step=3933 loss=0.206754 lr=8.400e-06
[train] step=3934 loss=0.363088 lr=8.399e-06
[train] step=3935 loss=0.340614 lr=8.398e-06
[train] step=3936 loss=0.481602 lr=8.398e-06
[train] step=3937 loss=0.431063 lr=8.397e-06
[train] step=3938 loss=0.240858 lr=8.396e-06
[train] step=3939 loss=0.425077 lr=8.395e-06
[train] step=3940 loss=0.280169 lr=8.394e-06
[train] step=3941 loss=0.320863 lr=8.394e-06
[train] step=3942 loss=0.393076 lr=8.393e-06
[train] step=3943 loss=0.443488 lr=8.392e-06
[train] step=3944 loss=0.466218 lr=8.391e-06
[train] step=3945 loss=0.303902 lr=8.391e-06
[train] step=3946 loss=0.376786 lr=8.390e-06
[train] step=3947 loss=0.363023 lr=8.389e-06
[train] step=3948 loss=0.361257 lr=8.388e-06
[train] step=3949 loss=0.436871 lr=8.388e-06
[train] step=3950 loss=0.439848 lr=8.387e-06
[train] step=3951 loss=0.295331 lr=8.386e-06
[train] step=3952 loss=0.488072 lr=8.385e-06
[train] step=3953 loss=0.392419 lr=8.384e-06
[train] step=3954 loss=0.347180 lr=8.384e-06
[train] step=3955 loss=0.352760 lr=8.383e-06
[train] step=3956 loss=0.242367 lr=8.382e-06
[train] step=3957 loss=0.191148 lr=8.381e-06
[train] step=3958 loss=0.259295 lr=8.381e-06
[train] step=3959 loss=0.255530 lr=8.380e-06
[train] step=3960 loss=0.450553 lr=8.379e-06
INFO     [rank 0] Model weights for step 3960 saved in       dit_trainer.py:1288
         checkpoints/model_weights_step_03960.safetensors                       
INFO     [rank 0] Scalar embedding weights for step 3960     dit_trainer.py:1297
         saved                                                                  
INFO     [rank 0] Training state saved:                      dit_trainer.py:1416
         checkpoints/model_weights_step_03960.state.pt                          
DEBUG    [rank 0] Removed old checkpoint:                    dit_trainer.py:1429
         /local/disk/hramachandran/work/wh_work/windinet/dit                    
         _outputs/lundquist/dit_cosine_kl0_15k/checkpoints/m                    
         odel_weights_step_03720.safetensors                                    
DEBUG    [rank 0] Removed old checkpoint:                    dit_trainer.py:1429
         /local/disk/hramachandran/work/wh_work/windinet/dit                    
         _outputs/lundquist/dit_cosine_kl0_15k/checkpoints/s                    
         calar_embedding_step_03720.safetensors                                 
DEBUG    [rank 0] Removed optimizer state for older kept     dit_trainer.py:1444
         checkpoint:                                                            
         /local/disk/hramachandran/work/wh_work/windinet/dit                    
         _outputs/lundquist/dit_cosine_kl0_15k/checkpoints/m                    
         odel_weights_step_03840.state.pt                                       
[epoch 33] step=3960 train_loss=0.378418
[train] step=3961 loss=0.380902 lr=8.378e-06
[train] step=3962 loss=0.228393 lr=8.378e-06
[train] step=3963 loss=0.357981 lr=8.377e-06
[train] step=3964 loss=0.425740 lr=8.376e-06
[train] step=3965 loss=0.363553 lr=8.375e-06
[train] step=3966 loss=0.444714 lr=8.374e-06
[train] step=3967 loss=0.436946 lr=8.374e-06
[train] step=3968 loss=0.316395 lr=8.373e-06
[train] step=3969 loss=0.579569 lr=8.372e-06
[train] step=3970 loss=0.423774 lr=8.371e-06
[train] step=3971 loss=0.361784 lr=8.371e-06
[train] step=3972 loss=0.453050 lr=8.370e-06
[train] step=3973 loss=0.326889 lr=8.369e-06
[train] step=3974 loss=0.459953 lr=8.368e-06
[train] step=3975 loss=0.329615 lr=8.367e-06
[train] step=3976 loss=0.240175 lr=8.367e-06
[train] step=3977 loss=0.450805 lr=8.366e-06
[train] step=3978 loss=0.368166 lr=8.365e-06
[train] step=3979 loss=0.362314 lr=8.364e-06
[train] step=3980 loss=0.339204 lr=8.364e-06
[train] step=3981 loss=0.390202 lr=8.363e-06
[train] step=3982 loss=0.321180 lr=8.362e-06
[train] step=3983 loss=0.367198 lr=8.361e-06
[train] step=3984 loss=0.329774 lr=8.361e-06
[train] step=3985 loss=0.537833 lr=8.360e-06
[train] step=3986 loss=0.385963 lr=8.359e-06
[train] step=3987 loss=0.423620 lr=8.358e-06
[train] step=3988 loss=0.649771 lr=8.357e-06
[train] step=3989 loss=0.359158 lr=8.357e-06
[train] step=3990 loss=0.467694 lr=8.356e-06
[train] step=3991 loss=0.225158 lr=8.355e-06
[train] step=3992 loss=0.456907 lr=8.354e-06
[train] step=3993 loss=0.532905 lr=8.354e-06
[train] step=3994 loss=0.501678 lr=8.353e-06
[train] step=3995 loss=0.285224 lr=8.352e-06
[train] step=3996 loss=0.351823 lr=8.351e-06
[train] step=3997 loss=0.340838 lr=8.350e-06
[train] step=3998 loss=0.359313 lr=8.350e-06
[train] step=3999 loss=0.375193 lr=8.349e-06
[train] step=4000 loss=0.419602 lr=8.348e-06
INFO     [rank 0] Saved DiT visualization panels for    dit_visualization.py:418
         step 4000 (3 samples x 4 frames);                                      
         latent_vrmse=0.66957 pixel_vrmse=0.45525 ->                            
         /local/disk/hramachandran/work/wh_work/windine                         
         t/dit_outputs/lundquist/dit_cosine_kl0_15k/dit                         
         _vrmse_metrics.csv,                                                    
         /local/disk/hramachandran/work/wh_work/windine                         
         t/dit_outputs/lundquist/dit_cosine_kl0_15k/dit                         
         _vrmse_curve.png                                                       
[train] step=4001 loss=0.314632 lr=8.347e-06
[train] step=4002 loss=0.424523 lr=8.347e-06
[train] step=4003 loss=0.303230 lr=8.346e-06
[train] step=4004 loss=0.352012 lr=8.345e-06
[train] step=4005 loss=0.359343 lr=8.344e-06
[train] step=4006 loss=0.415666 lr=8.343e-06
[train] step=4007 loss=0.404173 lr=8.343e-06
[train] step=4008 loss=0.466167 lr=8.342e-06
[train] step=4009 loss=0.420347 lr=8.341e-06
[train] step=4010 loss=0.312959 lr=8.340e-06
[train] step=4011 loss=0.481753 lr=8.340e-06
[train] step=4012 loss=0.310320 lr=8.339e-06
[train] step=4013 loss=0.514307 lr=8.338e-06
[train] step=4014 loss=0.537195 lr=8.337e-06
[train] step=4015 loss=0.503019 lr=8.336e-06
[train] step=4016 loss=0.465280 lr=8.336e-06
[train] step=4017 loss=0.406915 lr=8.335e-06
[train] step=4018 loss=0.374462 lr=8.334e-06
[train] step=4019 loss=0.410752 lr=8.333e-06
[train] step=4020 loss=0.277268 lr=8.333e-06
[train] step=4021 loss=0.574247 lr=8.332e-06
[train] step=4022 loss=0.357580 lr=8.331e-06
[train] step=4023 loss=0.384826 lr=8.330e-06
[train] step=4024 loss=0.357706 lr=8.329e-06
[train] step=4025 loss=0.321675 lr=8.329e-06
[train] step=4026 loss=0.371240 lr=8.328e-06
[train] step=4027 loss=0.396876 lr=8.327e-06
[train] step=4028 loss=0.256615 lr=8.326e-06
[train] step=4029 loss=0.442674 lr=8.325e-06
[train] step=4030 loss=0.261591 lr=8.325e-06
[train] step=4031 loss=0.509606 lr=8.324e-06
[train] step=4032 loss=0.422853 lr=8.323e-06
[train] step=4033 loss=0.455200 lr=8.322e-06
[train] step=4034 loss=0.375072 lr=8.322e-06
[train] step=4035 loss=0.246587 lr=8.321e-06
[train] step=4036 loss=0.251952 lr=8.320e-06
[train] step=4037 loss=0.246265 lr=8.319e-06
[train] step=4038 loss=0.420552 lr=8.318e-06
[train] step=4039 loss=0.375418 lr=8.318e-06
[train] step=4040 loss=0.453370 lr=8.317e-06
[train] step=4041 loss=0.387183 lr=8.316e-06
[train] step=4042 loss=0.258286 lr=8.315e-06
[train] step=4043 loss=0.341922 lr=8.315e-06
[train] step=4044 loss=0.379800 lr=8.314e-06
[train] step=4045 loss=0.464832 lr=8.313e-06
[train] step=4046 loss=0.446197 lr=8.312e-06
[train] step=4047 loss=0.341362 lr=8.311e-06
[train] step=4048 loss=0.327941 lr=8.311e-06
[train] step=4049 loss=0.340632 lr=8.310e-06
[train] step=4050 loss=0.429714 lr=8.309e-06
[train] step=4051 loss=0.546426 lr=8.308e-06
[train] step=4052 loss=0.385506 lr=8.307e-06
[train] step=4053 loss=0.444000 lr=8.307e-06
[train] step=4054 loss=0.272332 lr=8.306e-06
[train] step=4055 loss=0.458008 lr=8.305e-06
[train] step=4056 loss=0.279915 lr=8.304e-06
[train] step=4057 loss=0.549124 lr=8.304e-06
[train] step=4058 loss=0.275457 lr=8.303e-06
[train] step=4059 loss=0.439173 lr=8.302e-06
[train] step=4060 loss=0.203951 lr=8.301e-06
[train] step=4061 loss=0.498635 lr=8.300e-06
[train] step=4062 loss=0.375582 lr=8.300e-06
[train] step=4063 loss=0.474520 lr=8.299e-06
[train] step=4064 loss=0.333901 lr=8.298e-06
[train] step=4065 loss=0.366336 lr=8.297e-06
[train] step=4066 loss=0.459443 lr=8.296e-06
[train] step=4067 loss=0.314162 lr=8.296e-06
[train] step=4068 loss=0.364165 lr=8.295e-06
[train] step=4069 loss=0.331924 lr=8.294e-06
[train] step=4070 loss=0.312685 lr=8.293e-06
[train] step=4071 loss=0.306250 lr=8.293e-06
[train] step=4072 loss=0.356816 lr=8.292e-06
[train] step=4073 loss=0.316556 lr=8.291e-06
[train] step=4074 loss=0.368679 lr=8.290e-06
[train] step=4075 loss=0.291087 lr=8.289e-06
[train] step=4076 loss=0.568126 lr=8.289e-06
[train] step=4077 loss=0.407490 lr=8.288e-06
[train] step=4078 loss=0.340219 lr=8.287e-06
[train] step=4079 loss=0.453770 lr=8.286e-06
[train] step=4080 loss=0.461153 lr=8.285e-06
INFO     [rank 0] Model weights for step 4080 saved in       dit_trainer.py:1288
         checkpoints/model_weights_step_04080.safetensors                       
INFO     [rank 0] Scalar embedding weights for step 4080     dit_trainer.py:1297
         saved                                                                  
INFO     [rank 0] Training state saved:                      dit_trainer.py:1416
         checkpoints/model_weights_step_04080.state.pt                          
DEBUG    [rank 0] Removed old checkpoint:                    dit_trainer.py:1429
         /local/disk/hramachandran/work/wh_work/windinet/dit                    
         _outputs/lundquist/dit_cosine_kl0_15k/checkpoints/m                    
         odel_weights_step_03840.safetensors                                    
DEBUG    [rank 0] Removed old checkpoint:                    dit_trainer.py:1429
         /local/disk/hramachandran/work/wh_work/windinet/dit                    
         _outputs/lundquist/dit_cosine_kl0_15k/checkpoints/s                    
         calar_embedding_step_03840.safetensors                                 
DEBUG    [rank 0] Removed optimizer state for older kept     dit_trainer.py:1444
         checkpoint:                                                            
         /local/disk/hramachandran/work/wh_work/windinet/dit                    
         _outputs/lundquist/dit_cosine_kl0_15k/checkpoints/m                    
         odel_weights_step_03960.state.pt                                       
[epoch 34] step=4080 train_loss=0.387749
[train] step=4081 loss=0.406935 lr=8.285e-06
[train] step=4082 loss=0.526960 lr=8.284e-06
[train] step=4083 loss=0.430783 lr=8.283e-06
[train] step=4084 loss=0.427720 lr=8.282e-06
[train] step=4085 loss=0.342968 lr=8.281e-06
[train] step=4086 loss=0.267104 lr=8.281e-06
[train] step=4087 loss=0.406214 lr=8.280e-06
[train] step=4088 loss=0.344527 lr=8.279e-06
[train] step=4089 loss=0.246353 lr=8.278e-06
[train] step=4090 loss=0.253490 lr=8.278e-06
[train] step=4091 loss=0.297147 lr=8.277e-06
[train] step=4092 loss=0.331481 lr=8.276e-06
[train] step=4093 loss=0.407531 lr=8.275e-06
[train] step=4094 loss=0.298506 lr=8.274e-06
[train] step=4095 loss=0.197809 lr=8.274e-06
[train] step=4096 loss=0.337944 lr=8.273e-06
[train] step=4097 loss=0.328417 lr=8.272e-06
[train] step=4098 loss=0.344909 lr=8.271e-06
[train] step=4099 loss=0.332824 lr=8.270e-06
[train] step=4100 loss=0.444238 lr=8.270e-06
[train] step=4101 loss=0.309918 lr=8.269e-06
[train] step=4102 loss=0.419964 lr=8.268e-06
[train] step=4103 loss=0.438817 lr=8.267e-06
[train] step=4104 loss=0.364872 lr=8.266e-06
[train] step=4105 loss=0.415361 lr=8.266e-06
[train] step=4106 loss=0.380055 lr=8.265e-06
[train] step=4107 loss=0.413569 lr=8.264e-06
[train] step=4108 loss=0.411376 lr=8.263e-06
[train] step=4109 loss=0.270970 lr=8.262e-06
[train] step=4110 loss=0.533344 lr=8.262e-06
[train] step=4111 loss=0.272112 lr=8.261e-06
[train] step=4112 loss=0.507913 lr=8.260e-06
[train] step=4113 loss=0.236747 lr=8.259e-06
[train] step=4114 loss=0.408398 lr=8.259e-06
[train] step=4115 loss=0.418325 lr=8.258e-06
[train] step=4116 loss=0.407125 lr=8.257e-06
[train] step=4117 loss=0.408339 lr=8.256e-06
[train] step=4118 loss=0.392370 lr=8.255e-06
[train] step=4119 loss=0.303462 lr=8.255e-06
[train] step=4120 loss=0.476883 lr=8.254e-06
[train] step=4121 loss=0.484471 lr=8.253e-06
[train] step=4122 loss=0.342829 lr=8.252e-06
[train] step=4123 loss=0.348430 lr=8.251e-06
[train] step=4124 loss=0.469868 lr=8.251e-06
[train] step=4125 loss=0.472543 lr=8.250e-06
[train] step=4126 loss=0.337469 lr=8.249e-06
[train] step=4127 loss=0.300491 lr=8.248e-06
[train] step=4128 loss=0.359480 lr=8.247e-06
[train] step=4129 loss=0.405618 lr=8.247e-06
[train] step=4130 loss=0.191199 lr=8.246e-06
[train] step=4131 loss=0.341681 lr=8.245e-06
[train] step=4132 loss=0.416803 lr=8.244e-06
[train] step=4133 loss=0.418521 lr=8.243e-06
[train] step=4134 loss=0.392350 lr=8.243e-06
[train] step=4135 loss=0.352309 lr=8.242e-06
[train] step=4136 loss=0.300849 lr=8.241e-06
[train] step=4137 loss=0.403622 lr=8.240e-06
[train] step=4138 loss=0.308170 lr=8.239e-06
[train] step=4139 loss=0.262746 lr=8.239e-06
[train] step=4140 loss=0.368061 lr=8.238e-06
[train] step=4141 loss=0.289437 lr=8.237e-06
[train] step=4142 loss=0.406108 lr=8.236e-06
[train] step=4143 loss=0.370029 lr=8.235e-06
[train] step=4144 loss=0.163033 lr=8.235e-06
[train] step=4145 loss=0.249778 lr=8.234e-06
[train] step=4146 loss=0.428064 lr=8.233e-06
[train] step=4147 loss=0.474335 lr=8.232e-06
[train] step=4148 loss=0.224810 lr=8.231e-06
[train] step=4149 loss=0.410646 lr=8.231e-06
[train] step=4150 loss=0.360219 lr=8.230e-06
[train] step=4151 loss=0.295642 lr=8.229e-06
[train] step=4152 loss=0.453683 lr=8.228e-06
[train] step=4153 loss=0.369755 lr=8.227e-06
[train] step=4154 loss=0.414217 lr=8.227e-06
[train] step=4155 loss=0.620960 lr=8.226e-06
[train] step=4156 loss=0.296995 lr=8.225e-06
[train] step=4157 loss=0.215832 lr=8.224e-06
[train] step=4158 loss=0.402565 lr=8.223e-06
[train] step=4159 loss=0.571552 lr=8.223e-06
[train] step=4160 loss=0.241237 lr=8.222e-06
[train] step=4161 loss=0.279945 lr=8.221e-06
[train] step=4162 loss=0.246310 lr=8.220e-06
[train] step=4163 loss=0.449458 lr=8.219e-06
[train] step=4164 loss=0.298080 lr=8.219e-06
[train] step=4165 loss=0.516758 lr=8.218e-06
[train] step=4166 loss=0.276560 lr=8.217e-06
[train] step=4167 loss=0.375281 lr=8.216e-06
[train] step=4168 loss=0.352803 lr=8.215e-06
[train] step=4169 loss=0.355293 lr=8.215e-06
[train] step=4170 loss=0.348174 lr=8.214e-06
[train] step=4171 loss=0.378856 lr=8.213e-06
[train] step=4172 loss=0.402435 lr=8.212e-06
[train] step=4173 loss=0.488258 lr=8.211e-06
[train] step=4174 loss=0.293700 lr=8.211e-06
[train] step=4175 loss=0.333092 lr=8.210e-06
[train] step=4176 loss=0.352043 lr=8.209e-06
[train] step=4177 loss=0.300776 lr=8.208e-06
[train] step=4178 loss=0.506701 lr=8.207e-06
[train] step=4179 loss=0.450784 lr=8.207e-06
[train] step=4180 loss=0.424108 lr=8.206e-06
[train] step=4181 loss=0.459255 lr=8.205e-06
[train] step=4182 loss=0.393921 lr=8.204e-06
[train] step=4183 loss=0.299725 lr=8.203e-06
[train] step=4184 loss=0.319326 lr=8.203e-06
[train] step=4185 loss=0.441131 lr=8.202e-06
[train] step=4186 loss=0.447508 lr=8.201e-06
[train] step=4187 loss=0.415105 lr=8.200e-06
[train] step=4188 loss=0.324084 lr=8.199e-06
[train] step=4189 loss=0.399832 lr=8.199e-06
[train] step=4190 loss=0.272928 lr=8.198e-06
[train] step=4191 loss=0.137953 lr=8.197e-06
[train] step=4192 loss=0.379382 lr=8.196e-06
[train] step=4193 loss=0.393402 lr=8.195e-06
[train] step=4194 loss=0.346482 lr=8.195e-06
[train] step=4195 loss=0.569409 lr=8.194e-06
[train] step=4196 loss=0.352636 lr=8.193e-06
[train] step=4197 loss=0.407752 lr=8.192e-06
[train] step=4198 loss=0.392510 lr=8.191e-06
[train] step=4199 loss=0.308288 lr=8.191e-06
[train] step=4200 loss=0.307720 lr=8.190e-06
[val] step=4200 val_loss=0.397952
INFO     [rank 0] Model weights for step 4200 saved in       dit_trainer.py:1288
         checkpoints/model_weights_step_04200.safetensors                       
INFO     [rank 0] Scalar embedding weights for step 4200     dit_trainer.py:1297
         saved                                                                  
INFO     [rank 0] Training state saved:                      dit_trainer.py:1416
         checkpoints/model_weights_step_04200.state.pt                          
INFO     [rank 0] New best checkpoint (step 4200,            dit_trainer.py:1320
         val_loss=0.397952):                                                    
         checkpoints/model_weights_best.safetensors                             
DEBUG    [rank 0] Removed old checkpoint:                    dit_trainer.py:1429
         /local/disk/hramachandran/work/wh_work/windinet/dit                    
         _outputs/lundquist/dit_cosine_kl0_15k/checkpoints/m                    
         odel_weights_step_03960.safetensors                                    
DEBUG    [rank 0] Removed old checkpoint:                    dit_trainer.py:1429
         /local/disk/hramachandran/work/wh_work/windinet/dit                    
         _outputs/lundquist/dit_cosine_kl0_15k/checkpoints/s                    
         calar_embedding_step_03960.safetensors                                 
DEBUG    [rank 0] Removed optimizer state for older kept     dit_trainer.py:1444
         checkpoint:                                                            
         /local/disk/hramachandran/work/wh_work/windinet/dit                    
         _outputs/lundquist/dit_cosine_kl0_15k/checkpoints/m                    
         odel_weights_step_04080.state.pt                                       
[epoch 35] step=4200 train_loss=0.368762 val_loss=0.397952
[train] step=4201 loss=0.320660 lr=8.189e-06
[train] step=4202 loss=0.526654 lr=8.188e-06
[train] step=4203 loss=0.528938 lr=8.187e-06
[train] step=4204 loss=0.309453 lr=8.187e-06
[train] step=4205 loss=0.415317 lr=8.186e-06
[train] step=4206 loss=0.425646 lr=8.185e-06
[train] step=4207 loss=0.285017 lr=8.184e-06
[train] step=4208 loss=0.514711 lr=8.183e-06
[train] step=4209 loss=0.349508 lr=8.182e-06
[train] step=4210 loss=0.414875 lr=8.182e-06
[train] step=4211 loss=0.254619 lr=8.181e-06
[train] step=4212 loss=0.260372 lr=8.180e-06
[train] step=4213 loss=0.418595 lr=8.179e-06
[train] step=4214 loss=0.237382 lr=8.178e-06
[train] step=4215 loss=0.467290 lr=8.178e-06
[train] step=4216 loss=0.475087 lr=8.177e-06
[train] step=4217 loss=0.266566 lr=8.176e-06
[train] step=4218 loss=0.431605 lr=8.175e-06
[train] step=4219 loss=0.500713 lr=8.174e-06
[train] step=4220 loss=0.449957 lr=8.174e-06
[train] step=4221 loss=0.479826 lr=8.173e-06
[train] step=4222 loss=0.400811 lr=8.172e-06
[train] step=4223 loss=0.336699 lr=8.171e-06
[train] step=4224 loss=0.357819 lr=8.170e-06
[train] step=4225 loss=0.352497 lr=8.170e-06
[train] step=4226 loss=0.355907 lr=8.169e-06
[train] step=4227 loss=0.387402 lr=8.168e-06
[train] step=4228 loss=0.555195 lr=8.167e-06
[train] step=4229 loss=0.458676 lr=8.166e-06
[train] step=4230 loss=0.367092 lr=8.165e-06
[train] step=4231 loss=0.379549 lr=8.165e-06
[train] step=4232 loss=0.375755 lr=8.164e-06
[train] step=4233 loss=0.256282 lr=8.163e-06
[train] step=4234 loss=0.407200 lr=8.162e-06
[train] step=4235 loss=0.532920 lr=8.161e-06
[train] step=4236 loss=0.421310 lr=8.161e-06
[train] step=4237 loss=0.402421 lr=8.160e-06
[train] step=4238 loss=0.260044 lr=8.159e-06
[train] step=4239 loss=0.351906 lr=8.158e-06
[train] step=4240 loss=0.500961 lr=8.157e-06
[train] step=4241 loss=0.418229 lr=8.157e-06
[train] step=4242 loss=0.496236 lr=8.156e-06
[train] step=4243 loss=0.409256 lr=8.155e-06
[train] step=4244 loss=0.498700 lr=8.154e-06
[train] step=4245 loss=0.325116 lr=8.153e-06
[train] step=4246 loss=0.301118 lr=8.153e-06
[train] step=4247 loss=0.361226 lr=8.152e-06
[train] step=4248 loss=0.317718 lr=8.151e-06
[train] step=4249 loss=0.408124 lr=8.150e-06
[train] step=4250 loss=0.321602 lr=8.149e-06
[train] step=4251 loss=0.275852 lr=8.148e-06
[train] step=4252 loss=0.372801 lr=8.148e-06
[train] step=4253 loss=0.225721 lr=8.147e-06
[train] step=4254 loss=0.180679 lr=8.146e-06
[train] step=4255 loss=0.336646 lr=8.145e-06
[train] step=4256 loss=0.304894 lr=8.144e-06
[train] step=4257 loss=0.479400 lr=8.144e-06
[train] step=4258 loss=0.332189 lr=8.143e-06
[train] step=4259 loss=0.337974 lr=8.142e-06
[train] step=4260 loss=0.425826 lr=8.141e-06
[train] step=4261 loss=0.423383 lr=8.140e-06
[train] step=4262 loss=0.351403 lr=8.140e-06
[train] step=4263 loss=0.318923 lr=8.139e-06
[train] step=4264 loss=0.297715 lr=8.138e-06
[train] step=4265 loss=0.325990 lr=8.137e-06
[train] step=4266 loss=0.427384 lr=8.136e-06
[train] step=4267 loss=0.327207 lr=8.135e-06
[train] step=4268 loss=0.345884 lr=8.135e-06
[train] step=4269 loss=0.295644 lr=8.134e-06
[train] step=4270 loss=0.399928 lr=8.133e-06
[train] step=4271 loss=0.355281 lr=8.132e-06
[train] step=4272 loss=0.305371 lr=8.131e-06
[train] step=4273 loss=0.368924 lr=8.131e-06
[train] step=4274 loss=0.354336 lr=8.130e-06
[train] step=4275 loss=0.317969 lr=8.129e-06
[train] step=4276 loss=0.388298 lr=8.128e-06
[train] step=4277 loss=0.366341 lr=8.127e-06
[train] step=4278 loss=0.391166 lr=8.126e-06
[train] step=4279 loss=0.184324 lr=8.126e-06
[train] step=4280 loss=0.376678 lr=8.125e-06
[train] step=4281 loss=0.433912 lr=8.124e-06
[train] step=4282 loss=0.376270 lr=8.123e-06
[train] step=4283 loss=0.372154 lr=8.122e-06
[train] step=4284 loss=0.271935 lr=8.122e-06
[train] step=4285 loss=0.586108 lr=8.121e-06
[train] step=4286 loss=0.586590 lr=8.120e-06
[train] step=4287 loss=0.466334 lr=8.119e-06
[train] step=4288 loss=0.502712 lr=8.118e-06
[train] step=4289 loss=0.369339 lr=8.117e-06
[train] step=4290 loss=0.324365 lr=8.117e-06
[train] step=4291 loss=0.293930 lr=8.116e-06
[train] step=4292 loss=0.445705 lr=8.115e-06
[train] step=4293 loss=0.397358 lr=8.114e-06
[train] step=4294 loss=0.436784 lr=8.113e-06
[train] step=4295 loss=0.394811 lr=8.113e-06
[train] step=4296 loss=0.405572 lr=8.112e-06
[train] step=4297 loss=0.281394 lr=8.111e-06
[train] step=4298 loss=0.208480 lr=8.110e-06
[train] step=4299 loss=0.395576 lr=8.109e-06
[train] step=4300 loss=0.507138 lr=8.108e-06
[train] step=4301 loss=0.314677 lr=8.108e-06
[train] step=4302 loss=0.474157 lr=8.107e-06
[train] step=4303 loss=0.432546 lr=8.106e-06
[train] step=4304 loss=0.355212 lr=8.105e-06
[train] step=4305 loss=0.266677 lr=8.104e-06
[train] step=4306 loss=0.378064 lr=8.104e-06
[train] step=4307 loss=0.422651 lr=8.103e-06
[train] step=4308 loss=0.348658 lr=8.102e-06
[train] step=4309 loss=0.332285 lr=8.101e-06
[train] step=4310 loss=0.411110 lr=8.100e-06
[train] step=4311 loss=0.435905 lr=8.099e-06
[train] step=4312 loss=0.314670 lr=8.099e-06
[train] step=4313 loss=0.298836 lr=8.098e-06
[train] step=4314 loss=0.319785 lr=8.097e-06
[train] step=4315 loss=0.223130 lr=8.096e-06
[train] step=4316 loss=0.342951 lr=8.095e-06
[train] step=4317 loss=0.424177 lr=8.094e-06
[train] step=4318 loss=0.457310 lr=8.094e-06
[train] step=4319 loss=0.438724 lr=8.093e-06
[train] step=4320 loss=0.333003 lr=8.092e-06
INFO     [rank 0] Model weights for step 4320 saved in       dit_trainer.py:1288
         checkpoints/model_weights_step_04320.safetensors                       
INFO     [rank 0] Scalar embedding weights for step 4320     dit_trainer.py:1297
         saved                                                                  
INFO     [rank 0] Training state saved:                      dit_trainer.py:1416
         checkpoints/model_weights_step_04320.state.pt                          
DEBUG    [rank 0] Removed old checkpoint:                    dit_trainer.py:1429
         /local/disk/hramachandran/work/wh_work/windinet/dit                    
         _outputs/lundquist/dit_cosine_kl0_15k/checkpoints/m                    
         odel_weights_step_04080.safetensors                                    
DEBUG    [rank 0] Removed old checkpoint:                    dit_trainer.py:1429
         /local/disk/hramachandran/work/wh_work/windinet/dit                    
         _outputs/lundquist/dit_cosine_kl0_15k/checkpoints/s                    
         calar_embedding_step_04080.safetensors                                 
DEBUG    [rank 0] Removed optimizer state for older kept     dit_trainer.py:1444
         checkpoint:                                                            
         /local/disk/hramachandran/work/wh_work/windinet/dit                    
         _outputs/lundquist/dit_cosine_kl0_15k/checkpoints/m                    
         odel_weights_step_04200.state.pt                                       
[epoch 36] step=4320 train_loss=0.376670
[train] step=4321 loss=0.423215 lr=8.091e-06
[train] step=4322 loss=0.396400 lr=8.090e-06
[train] step=4323 loss=0.373335 lr=8.090e-06
[train] step=4324 loss=0.352564 lr=8.089e-06
[train] step=4325 loss=0.360304 lr=8.088e-06
[train] step=4326 loss=0.494462 lr=8.087e-06
[train] step=4327 loss=0.359161 lr=8.086e-06
[train] step=4328 loss=0.332620 lr=8.085e-06
[train] step=4329 loss=0.403226 lr=8.085e-06
[train] step=4330 loss=0.441331 lr=8.084e-06
[train] step=4331 loss=0.294090 lr=8.083e-06
[train] step=4332 loss=0.384903 lr=8.082e-06
[train] step=4333 loss=0.554921 lr=8.081e-06
[train] step=4334 loss=0.453396 lr=8.081e-06
[train] step=4335 loss=0.276287 lr=8.080e-06
[train] step=4336 loss=0.422360 lr=8.079e-06
[train] step=4337 loss=0.462738 lr=8.078e-06
[train] step=4338 loss=0.360513 lr=8.077e-06
[train] step=4339 loss=0.420275 lr=8.076e-06
[train] step=4340 loss=0.503907 lr=8.076e-06
[train] step=4341 loss=0.360433 lr=8.075e-06
[train] step=4342 loss=0.288241 lr=8.074e-06
[train] step=4343 loss=0.356653 lr=8.073e-06
[train] step=4344 loss=0.408476 lr=8.072e-06
[train] step=4345 loss=0.229250 lr=8.071e-06
[train] step=4346 loss=0.483343 lr=8.071e-06
[train] step=4347 loss=0.410773 lr=8.070e-06
[train] step=4348 loss=0.411340 lr=8.069e-06
[train] step=4349 loss=0.252178 lr=8.068e-06
[train] step=4350 loss=0.420024 lr=8.067e-06
[train] step=4351 loss=0.417344 lr=8.066e-06
[train] step=4352 loss=0.507195 lr=8.066e-06
[train] step=4353 loss=0.436273 lr=8.065e-06
[train] step=4354 loss=0.301258 lr=8.064e-06
[train] step=4355 loss=0.323717 lr=8.063e-06
[train] step=4356 loss=0.388460 lr=8.062e-06
[train] step=4357 loss=0.378567 lr=8.062e-06
[train] step=4358 loss=0.326263 lr=8.061e-06
[train] step=4359 loss=0.439212 lr=8.060e-06
[train] step=4360 loss=0.319449 lr=8.059e-06
[train] step=4361 loss=0.374787 lr=8.058e-06
[train] step=4362 loss=0.436991 lr=8.057e-06
[train] step=4363 loss=0.293120 lr=8.057e-06
[train] step=4364 loss=0.426731 lr=8.056e-06
[train] step=4365 loss=0.306726 lr=8.055e-06
[train] step=4366 loss=0.591862 lr=8.054e-06
[train] step=4367 loss=0.335329 lr=8.053e-06
[train] step=4368 loss=0.322722 lr=8.052e-06
[train] step=4369 loss=0.279867 lr=8.052e-06
[train] step=4370 loss=0.456786 lr=8.051e-06
[train] step=4371 loss=0.429921 lr=8.050e-06
[train] step=4372 loss=0.370437 lr=8.049e-06
[train] step=4373 loss=0.281056 lr=8.048e-06
[train] step=4374 loss=0.290822 lr=8.047e-06
[train] step=4375 loss=0.317600 lr=8.047e-06
[train] step=4376 loss=0.287241 lr=8.046e-06
[train] step=4377 loss=0.470409 lr=8.045e-06
[train] step=4378 loss=0.340679 lr=8.044e-06
[train] step=4379 loss=0.299746 lr=8.043e-06
[train] step=4380 loss=0.471046 lr=8.042e-06
[train] step=4381 loss=0.443072 lr=8.042e-06
[train] step=4382 loss=0.242698 lr=8.041e-06
[train] step=4383 loss=0.370146 lr=8.040e-06
[train] step=4384 loss=0.363832 lr=8.039e-06
[train] step=4385 loss=0.457237 lr=8.038e-06
[train] step=4386 loss=0.326851 lr=8.037e-06
[train] step=4387 loss=0.271978 lr=8.037e-06
[train] step=4388 loss=0.460634 lr=8.036e-06
[train] step=4389 loss=0.320369 lr=8.035e-06
[train] step=4390 loss=0.262693 lr=8.034e-06
[train] step=4391 loss=0.288330 lr=8.033e-06
[train] step=4392 loss=0.404649 lr=8.032e-06
[train] step=4393 loss=0.360693 lr=8.032e-06
[train] step=4394 loss=0.472436 lr=8.031e-06
[train] step=4395 loss=0.502962 lr=8.030e-06
[train] step=4396 loss=0.322464 lr=8.029e-06
[train] step=4397 loss=0.394230 lr=8.028e-06
[train] step=4398 loss=0.443051 lr=8.027e-06
[train] step=4399 loss=0.393280 lr=8.027e-06
[train] step=4400 loss=0.511310 lr=8.026e-06
[train] step=4401 loss=0.216682 lr=8.025e-06
[train] step=4402 loss=0.274908 lr=8.024e-06
[train] step=4403 loss=0.531568 lr=8.023e-06
[train] step=4404 loss=0.231397 lr=8.022e-06
[train] step=4405 loss=0.314358 lr=8.022e-06
[train] step=4406 loss=0.449069 lr=8.021e-06
[train] step=4407 loss=0.397987 lr=8.020e-06
[train] step=4408 loss=0.324856 lr=8.019e-06
[train] step=4409 loss=0.332753 lr=8.018e-06
[train] step=4410 loss=0.407676 lr=8.017e-06
[train] step=4411 loss=0.254684 lr=8.017e-06
[train] step=4412 loss=0.472696 lr=8.016e-06
[train] step=4413 loss=0.381694 lr=8.015e-06
[train] step=4414 loss=0.427288 lr=8.014e-06
[train] step=4415 loss=0.379505 lr=8.013e-06
[train] step=4416 loss=0.429163 lr=8.012e-06
[train] step=4417 loss=0.293079 lr=8.012e-06
[train] step=4418 loss=0.538133 lr=8.011e-06
[train] step=4419 loss=0.279102 lr=8.010e-06
[train] step=4420 loss=0.256315 lr=8.009e-06
[train] step=4421 loss=0.245494 lr=8.008e-06
[train] step=4422 loss=0.345431 lr=8.007e-06
[train] step=4423 loss=0.431435 lr=8.007e-06
[train] step=4424 loss=0.386559 lr=8.006e-06
[train] step=4425 loss=0.455208 lr=8.005e-06
[train] step=4426 loss=0.414566 lr=8.004e-06
[train] step=4427 loss=0.297945 lr=8.003e-06
[train] step=4428 loss=0.227737 lr=8.002e-06
[train] step=4429 loss=0.244479 lr=8.002e-06
[train] step=4430 loss=0.367353 lr=8.001e-06
[train] step=4431 loss=0.320715 lr=8.000e-06
[train] step=4432 loss=0.394967 lr=7.999e-06
[train] step=4433 loss=0.388558 lr=7.998e-06
[train] step=4434 loss=0.401641 lr=7.997e-06
[train] step=4435 loss=0.405145 lr=7.997e-06
[train] step=4436 loss=0.362708 lr=7.996e-06
[train] step=4437 loss=0.379518 lr=7.995e-06
[train] step=4438 loss=0.523199 lr=7.994e-06
[train] step=4439 loss=0.349845 lr=7.993e-06
[train] step=4440 loss=0.393953 lr=7.992e-06
INFO     [rank 0] Model weights for step 4440 saved in       dit_trainer.py:1288
         checkpoints/model_weights_step_04440.safetensors                       
INFO     [rank 0] Scalar embedding weights for step 4440     dit_trainer.py:1297
         saved                                                                  
INFO     [rank 0] Training state saved:                      dit_trainer.py:1416
         checkpoints/model_weights_step_04440.state.pt                          
DEBUG    [rank 0] Removed old checkpoint:                    dit_trainer.py:1429
         /local/disk/hramachandran/work/wh_work/windinet/dit                    
         _outputs/lundquist/dit_cosine_kl0_15k/checkpoints/m                    
         odel_weights_step_04200.safetensors                                    
DEBUG    [rank 0] Removed old checkpoint:                    dit_trainer.py:1429
         /local/disk/hramachandran/work/wh_work/windinet/dit                    
         _outputs/lundquist/dit_cosine_kl0_15k/checkpoints/s                    
         calar_embedding_step_04200.safetensors                                 
DEBUG    [rank 0] Removed optimizer state for older kept     dit_trainer.py:1444
         checkpoint:                                                            
         /local/disk/hramachandran/work/wh_work/windinet/dit                    
         _outputs/lundquist/dit_cosine_kl0_15k/checkpoints/m                    
         odel_weights_step_04320.state.pt                                       
[epoch 37] step=4440 train_loss=0.374947
[train] step=4441 loss=0.309269 lr=7.992e-06
[train] step=4442 loss=0.431119 lr=7.991e-06
[train] step=4443 loss=0.381736 lr=7.990e-06
[train] step=4444 loss=0.265199 lr=7.989e-06
[train] step=4445 loss=0.353751 lr=7.988e-06
[train] step=4446 loss=0.416568 lr=7.987e-06
[train] step=4447 loss=0.400453 lr=7.987e-06
[train] step=4448 loss=0.338481 lr=7.986e-06
[train] step=4449 loss=0.328089 lr=7.985e-06
[train] step=4450 loss=0.384647 lr=7.984e-06
[train] step=4451 loss=0.369524 lr=7.983e-06
[train] step=4452 loss=0.422204 lr=7.982e-06
[train] step=4453 loss=0.317796 lr=7.981e-06
[train] step=4454 loss=0.457099 lr=7.981e-06
[train] step=4455 loss=0.254900 lr=7.980e-06
[train] step=4456 loss=0.374413 lr=7.979e-06
[train] step=4457 loss=0.464856 lr=7.978e-06
[train] step=4458 loss=0.365293 lr=7.977e-06
[train] step=4459 loss=0.457623 lr=7.976e-06
[train] step=4460 loss=0.288330 lr=7.976e-06
[train] step=4461 loss=0.367007 lr=7.975e-06
[train] step=4462 loss=0.440784 lr=7.974e-06
[train] step=4463 loss=0.338790 lr=7.973e-06
[train] step=4464 loss=0.303525 lr=7.972e-06
[train] step=4465 loss=0.584073 lr=7.971e-06
[train] step=4466 loss=0.235728 lr=7.971e-06
[train] step=4467 loss=0.434347 lr=7.970e-06
[train] step=4468 loss=0.326229 lr=7.969e-06
[train] step=4469 loss=0.298931 lr=7.968e-06
[train] step=4470 loss=0.299340 lr=7.967e-06
[train] step=4471 loss=0.386875 lr=7.966e-06
[train] step=4472 loss=0.372909 lr=7.965e-06
[train] step=4473 loss=0.269834 lr=7.965e-06
[train] step=4474 loss=0.255376 lr=7.964e-06
[train] step=4475 loss=0.380650 lr=7.963e-06
[train] step=4476 loss=0.314154 lr=7.962e-06
[train] step=4477 loss=0.284011 lr=7.961e-06
[train] step=4478 loss=0.425349 lr=7.960e-06
[train] step=4479 loss=0.212927 lr=7.960e-06
[train] step=4480 loss=0.295043 lr=7.959e-06
[train] step=4481 loss=0.420861 lr=7.958e-06
[train] step=4482 loss=0.440936 lr=7.957e-06
[train] step=4483 loss=0.255702 lr=7.956e-06
[train] step=4484 loss=0.362365 lr=7.955e-06
[train] step=4485 loss=0.462125 lr=7.955e-06
[train] step=4486 loss=0.324274 lr=7.954e-06
[train] step=4487 loss=0.567935 lr=7.953e-06
[train] step=4488 loss=0.371807 lr=7.952e-06
[train] step=4489 loss=0.408598 lr=7.951e-06
[train] step=4490 loss=0.281428 lr=7.950e-06
[train] step=4491 loss=0.365046 lr=7.949e-06
[train] step=4492 loss=0.361756 lr=7.949e-06
[train] step=4493 loss=0.382836 lr=7.948e-06
[train] step=4494 loss=0.369852 lr=7.947e-06
[train] step=4495 loss=0.325130 lr=7.946e-06
[train] step=4496 loss=0.292885 lr=7.945e-06
[train] step=4497 loss=0.207834 lr=7.944e-06
[train] step=4498 loss=0.327362 lr=7.944e-06
[train] step=4499 loss=0.461640 lr=7.943e-06
[train] step=4500 loss=0.247130 lr=7.942e-06
[train] step=4501 loss=0.463305 lr=7.941e-06
[train] step=4502 loss=0.312049 lr=7.940e-06
[train] step=4503 loss=0.291582 lr=7.939e-06
[train] step=4504 loss=0.388442 lr=7.938e-06
[train] step=4505 loss=0.283412 lr=7.938e-06
[train] step=4506 loss=0.257524 lr=7.937e-06
[train] step=4507 loss=0.607817 lr=7.936e-06
[train] step=4508 loss=0.272801 lr=7.935e-06
[train] step=4509 loss=0.298882 lr=7.934e-06
[train] step=4510 loss=0.293333 lr=7.933e-06
[train] step=4511 loss=0.387297 lr=7.933e-06
[train] step=4512 loss=0.249783 lr=7.932e-06
[train] step=4513 loss=0.480853 lr=7.931e-06
[train] step=4514 loss=0.398834 lr=7.930e-06
[train] step=4515 loss=0.529431 lr=7.929e-06
[train] step=4516 loss=0.417115 lr=7.928e-06
[train] step=4517 loss=0.320441 lr=7.927e-06
[train] step=4518 loss=0.424336 lr=7.927e-06
[train] step=4519 loss=0.378542 lr=7.926e-06
[train] step=4520 loss=0.221963 lr=7.925e-06
[train] step=4521 loss=0.333773 lr=7.924e-06
[train] step=4522 loss=0.335571 lr=7.923e-06
[train] step=4523 loss=0.445921 lr=7.922e-06
[train] step=4524 loss=0.326165 lr=7.921e-06
[train] step=4525 loss=0.385930 lr=7.921e-06
[train] step=4526 loss=0.240242 lr=7.920e-06
[train] step=4527 loss=0.290515 lr=7.919e-06
[train] step=4528 loss=0.329908 lr=7.918e-06
[train] step=4529 loss=0.487540 lr=7.917e-06
[train] step=4530 loss=0.352213 lr=7.916e-06
[train] step=4531 loss=0.334177 lr=7.916e-06
[train] step=4532 loss=0.492937 lr=7.915e-06
[train] step=4533 loss=0.332243 lr=7.914e-06
[train] step=4534 loss=0.509470 lr=7.913e-06
[train] step=4535 loss=0.372675 lr=7.912e-06
[train] step=4536 loss=0.412364 lr=7.911e-06
[train] step=4537 loss=0.336929 lr=7.910e-06
[train] step=4538 loss=0.520884 lr=7.910e-06
[train] step=4539 loss=0.176077 lr=7.909e-06
[train] step=4540 loss=0.493976 lr=7.908e-06
[train] step=4541 loss=0.296169 lr=7.907e-06
[train] step=4542 loss=0.182753 lr=7.906e-06
[train] step=4543 loss=0.329762 lr=7.905e-06
[train] step=4544 loss=0.312488 lr=7.904e-06
[train] step=4545 loss=0.228215 lr=7.904e-06
[train] step=4546 loss=0.322289 lr=7.903e-06
[train] step=4547 loss=0.381943 lr=7.902e-06
[train] step=4548 loss=0.456870 lr=7.901e-06
[train] step=4549 loss=0.242645 lr=7.900e-06
[train] step=4550 loss=0.440197 lr=7.899e-06
[train] step=4551 loss=0.419312 lr=7.899e-06
[train] step=4552 loss=0.347303 lr=7.898e-06
[train] step=4553 loss=0.420699 lr=7.897e-06
[train] step=4554 loss=0.355555 lr=7.896e-06
[train] step=4555 loss=0.386690 lr=7.895e-06
[train] step=4556 loss=0.565178 lr=7.894e-06
[train] step=4557 loss=0.384672 lr=7.893e-06
[train] step=4558 loss=0.593356 lr=7.893e-06
[train] step=4559 loss=0.505880 lr=7.892e-06
[train] step=4560 loss=0.398998 lr=7.891e-06
INFO     [rank 0] Model weights for step 4560 saved in       dit_trainer.py:1288
         checkpoints/model_weights_step_04560.safetensors                       
INFO     [rank 0] Scalar embedding weights for step 4560     dit_trainer.py:1297
         saved                                                                  
INFO     [rank 0] Training state saved:                      dit_trainer.py:1416
         checkpoints/model_weights_step_04560.state.pt                          
DEBUG    [rank 0] Removed old checkpoint:                    dit_trainer.py:1429
         /local/disk/hramachandran/work/wh_work/windinet/dit                    
         _outputs/lundquist/dit_cosine_kl0_15k/checkpoints/m                    
         odel_weights_step_04320.safetensors                                    
DEBUG    [rank 0] Removed old checkpoint:                    dit_trainer.py:1429
         /local/disk/hramachandran/work/wh_work/windinet/dit                    
         _outputs/lundquist/dit_cosine_kl0_15k/checkpoints/s                    
         calar_embedding_step_04320.safetensors                                 
DEBUG    [rank 0] Removed optimizer state for older kept     dit_trainer.py:1444
         checkpoint:                                                            
         /local/disk/hramachandran/work/wh_work/windinet/dit                    
         _outputs/lundquist/dit_cosine_kl0_15k/checkpoints/m                    
         odel_weights_step_04440.state.pt                                       
[epoch 38] step=4560 train_loss=0.364983
[train] step=4561 loss=0.396731 lr=7.890e-06
[train] step=4562 loss=0.352770 lr=7.889e-06
[train] step=4563 loss=0.405783 lr=7.888e-06
[train] step=4564 loss=0.496840 lr=7.887e-06
[train] step=4565 loss=0.439221 lr=7.887e-06
[train] step=4566 loss=0.242902 lr=7.886e-06
[train] step=4567 loss=0.421237 lr=7.885e-06
[train] step=4568 loss=0.368324 lr=7.884e-06
[train] step=4569 loss=0.420881 lr=7.883e-06
[train] step=4570 loss=0.342312 lr=7.882e-06
[train] step=4571 loss=0.436249 lr=7.881e-06
[train] step=4572 loss=0.347616 lr=7.881e-06
[train] step=4573 loss=0.379089 lr=7.880e-06
[train] step=4574 loss=0.532787 lr=7.879e-06
[train] step=4575 loss=0.419396 lr=7.878e-06
[train] step=4576 loss=0.341701 lr=7.877e-06
[train] step=4577 loss=0.360174 lr=7.876e-06
[train] step=4578 loss=0.396032 lr=7.875e-06
[train] step=4579 loss=0.365138 lr=7.875e-06
[train] step=4580 loss=0.338965 lr=7.874e-06
[train] step=4581 loss=0.288410 lr=7.873e-06
[train] step=4582 loss=0.427461 lr=7.872e-06
[train] step=4583 loss=0.310935 lr=7.871e-06
[train] step=4584 loss=0.347963 lr=7.870e-06
[train] step=4585 loss=0.511876 lr=7.869e-06
[train] step=4586 loss=0.276549 lr=7.869e-06
[train] step=4587 loss=0.350833 lr=7.868e-06
[train] step=4588 loss=0.287987 lr=7.867e-06
[train] step=4589 loss=0.300838 lr=7.866e-06
[train] step=4590 loss=0.430125 lr=7.865e-06
[train] step=4591 loss=0.454808 lr=7.864e-06
[train] step=4592 loss=0.483809 lr=7.863e-06
[train] step=4593 loss=0.376789 lr=7.863e-06
[train] step=4594 loss=0.323293 lr=7.862e-06
[train] step=4595 loss=0.291641 lr=7.861e-06
[train] step=4596 loss=0.400345 lr=7.860e-06
[train] step=4597 loss=0.447329 lr=7.859e-06
[train] step=4598 loss=0.489055 lr=7.858e-06
[train] step=4599 loss=0.346869 lr=7.857e-06
[train] step=4600 loss=0.316964 lr=7.857e-06
[train] step=4601 loss=0.205229 lr=7.856e-06
[train] step=4602 loss=0.370482 lr=7.855e-06
[train] step=4603 loss=0.402194 lr=7.854e-06
[train] step=4604 loss=0.512613 lr=7.853e-06
[train] step=4605 loss=0.543341 lr=7.852e-06
[train] step=4606 loss=0.485244 lr=7.851e-06
[train] step=4607 loss=0.346932 lr=7.851e-06
[train] step=4608 loss=0.377110 lr=7.850e-06
[train] step=4609 loss=0.340510 lr=7.849e-06
[train] step=4610 loss=0.437288 lr=7.848e-06
[train] step=4611 loss=0.310867 lr=7.847e-06
[train] step=4612 loss=0.415207 lr=7.846e-06
[train] step=4613 loss=0.454069 lr=7.845e-06
[train] step=4614 loss=0.168421 lr=7.845e-06
[train] step=4615 loss=0.554193 lr=7.844e-06
[train] step=4616 loss=0.398952 lr=7.843e-06
[train] step=4617 loss=0.499621 lr=7.842e-06
[train] step=4618 loss=0.337225 lr=7.841e-06
[train] step=4619 loss=0.411421 lr=7.840e-06
[train] step=4620 loss=0.241041 lr=7.839e-06
[train] step=4621 loss=0.400098 lr=7.839e-06
[train] step=4622 loss=0.381241 lr=7.838e-06
[train] step=4623 loss=0.332398 lr=7.837e-06
[train] step=4624 loss=0.294324 lr=7.836e-06
[train] step=4625 loss=0.390564 lr=7.835e-06
[train] step=4626 loss=0.473380 lr=7.834e-06
[train] step=4627 loss=0.574016 lr=7.833e-06
[train] step=4628 loss=0.328711 lr=7.832e-06
[train] step=4629 loss=0.321571 lr=7.832e-06
[train] step=4630 loss=0.287313 lr=7.831e-06
[train] step=4631 loss=0.372254 lr=7.830e-06
[train] step=4632 loss=0.473700 lr=7.829e-06
[train] step=4633 loss=0.402811 lr=7.828e-06
[train] step=4634 loss=0.372078 lr=7.827e-06
[train] step=4635 loss=0.297857 lr=7.826e-06
[train] step=4636 loss=0.434446 lr=7.826e-06
[train] step=4637 loss=0.416901 lr=7.825e-06
[train] step=4638 loss=0.337547 lr=7.824e-06
[train] step=4639 loss=0.356777 lr=7.823e-06
[train] step=4640 loss=0.416227 lr=7.822e-06
[train] step=4641 loss=0.372692 lr=7.821e-06
[train] step=4642 loss=0.287034 lr=7.820e-06
[train] step=4643 loss=0.281072 lr=7.820e-06
[train] step=4644 loss=0.372722 lr=7.819e-06
[train] step=4645 loss=0.286554 lr=7.818e-06
[train] step=4646 loss=0.458070 lr=7.817e-06
[train] step=4647 loss=0.330674 lr=7.816e-06
[train] step=4648 loss=0.420255 lr=7.815e-06
[train] step=4649 loss=0.426682 lr=7.814e-06
[train] step=4650 loss=0.457861 lr=7.813e-06
[train] step=4651 loss=0.424793 lr=7.813e-06
[train] step=4652 loss=0.477880 lr=7.812e-06
[train] step=4653 loss=0.375864 lr=7.811e-06
[train] step=4654 loss=0.502025 lr=7.810e-06
[train] step=4655 loss=0.387519 lr=7.809e-06
[train] step=4656 loss=0.364400 lr=7.808e-06
[train] step=4657 loss=0.188683 lr=7.807e-06
[train] step=4658 loss=0.384777 lr=7.807e-06
[train] step=4659 loss=0.491234 lr=7.806e-06
[train] step=4660 loss=0.248859 lr=7.805e-06
[train] step=4661 loss=0.410327 lr=7.804e-06
[train] step=4662 loss=0.392687 lr=7.803e-06
[train] step=4663 loss=0.282107 lr=7.802e-06
[train] step=4664 loss=0.524520 lr=7.801e-06
[train] step=4665 loss=0.369517 lr=7.800e-06
[train] step=4666 loss=0.510968 lr=7.800e-06
[train] step=4667 loss=0.291026 lr=7.799e-06
[train] step=4668 loss=0.363760 lr=7.798e-06
[train] step=4669 loss=0.536047 lr=7.797e-06
[train] step=4670 loss=0.348097 lr=7.796e-06
[train] step=4671 loss=0.344131 lr=7.795e-06
[train] step=4672 loss=0.325720 lr=7.794e-06
[train] step=4673 loss=0.305013 lr=7.794e-06
[train] step=4674 loss=0.397091 lr=7.793e-06
[train] step=4675 loss=0.431811 lr=7.792e-06
[train] step=4676 loss=0.485562 lr=7.791e-06
[train] step=4677 loss=0.468948 lr=7.790e-06
[train] step=4678 loss=0.421472 lr=7.789e-06
[train] step=4679 loss=0.228524 lr=7.788e-06
[train] step=4680 loss=0.390663 lr=7.787e-06
INFO     [rank 0] Model weights for step 4680 saved in       dit_trainer.py:1288
         checkpoints/model_weights_step_04680.safetensors                       
INFO     [rank 0] Scalar embedding weights for step 4680     dit_trainer.py:1297
         saved                                                                  
INFO     [rank 0] Training state saved:                      dit_trainer.py:1416
         checkpoints/model_weights_step_04680.state.pt                          
DEBUG    [rank 0] Removed old checkpoint:                    dit_trainer.py:1429
         /local/disk/hramachandran/work/wh_work/windinet/dit                    
         _outputs/lundquist/dit_cosine_kl0_15k/checkpoints/m                    
         odel_weights_step_04440.safetensors                                    
DEBUG    [rank 0] Removed old checkpoint:                    dit_trainer.py:1429
         /local/disk/hramachandran/work/wh_work/windinet/dit                    
         _outputs/lundquist/dit_cosine_kl0_15k/checkpoints/s                    
         calar_embedding_step_04440.safetensors                                 
DEBUG    [rank 0] Removed optimizer state for older kept     dit_trainer.py:1444
         checkpoint:                                                            
         /local/disk/hramachandran/work/wh_work/windinet/dit                    
         _outputs/lundquist/dit_cosine_kl0_15k/checkpoints/m                    
         odel_weights_step_04560.state.pt                                       
[epoch 39] step=4680 train_loss=0.384335
[train] step=4681 loss=0.475932 lr=7.787e-06
[train] step=4682 loss=0.353369 lr=7.786e-06
[train] step=4683 loss=0.369124 lr=7.785e-06
[train] step=4684 loss=0.224619 lr=7.784e-06
[train] step=4685 loss=0.430985 lr=7.783e-06
[train] step=4686 loss=0.324713 lr=7.782e-06
[train] step=4687 loss=0.491706 lr=7.781e-06
[train] step=4688 loss=0.497964 lr=7.781e-06
[train] step=4689 loss=0.396263 lr=7.780e-06
[train] step=4690 loss=0.241334 lr=7.779e-06
[train] step=4691 loss=0.428077 lr=7.778e-06
[train] step=4692 loss=0.238609 lr=7.777e-06
[train] step=4693 loss=0.450991 lr=7.776e-06
[train] step=4694 loss=0.441675 lr=7.775e-06
[train] step=4695 loss=0.556836 lr=7.774e-06
[train] step=4696 loss=0.540139 lr=7.774e-06
[train] step=4697 loss=0.426819 lr=7.773e-06
[train] step=4698 loss=0.341980 lr=7.772e-06
[train] step=4699 loss=0.265731 lr=7.771e-06
[train] step=4700 loss=0.342057 lr=7.770e-06
[train] step=4701 loss=0.226042 lr=7.769e-06
[train] step=4702 loss=0.287578 lr=7.768e-06
[train] step=4703 loss=0.268094 lr=7.767e-06
[train] step=4704 loss=0.410664 lr=7.767e-06
[train] step=4705 loss=0.305592 lr=7.766e-06
[train] step=4706 loss=0.490548 lr=7.765e-06
[train] step=4707 loss=0.477292 lr=7.764e-06
[train] step=4708 loss=0.368646 lr=7.763e-06
[train] step=4709 loss=0.372131 lr=7.762e-06
[train] step=4710 loss=0.318930 lr=7.761e-06
[train] step=4711 loss=0.343833 lr=7.760e-06
[train] step=4712 loss=0.531773 lr=7.760e-06
[train] step=4713 loss=0.408387 lr=7.759e-06
[train] step=4714 loss=0.356366 lr=7.758e-06
[train] step=4715 loss=0.513638 lr=7.757e-06
[train] step=4716 loss=0.227289 lr=7.756e-06
[train] step=4717 loss=0.582248 lr=7.755e-06
[train] step=4718 loss=0.434017 lr=7.754e-06
[train] step=4719 loss=0.560726 lr=7.753e-06
[train] step=4720 loss=0.494924 lr=7.753e-06
[train] step=4721 loss=0.251206 lr=7.752e-06
[train] step=4722 loss=0.278279 lr=7.751e-06
[train] step=4723 loss=0.292562 lr=7.750e-06
[train] step=4724 loss=0.354907 lr=7.749e-06
[train] step=4725 loss=0.299180 lr=7.748e-06
[train] step=4726 loss=0.432361 lr=7.747e-06
[train] step=4727 loss=0.331642 lr=7.746e-06
[train] step=4728 loss=0.586169 lr=7.746e-06
[train] step=4729 loss=0.297052 lr=7.745e-06
[train] step=4730 loss=0.330385 lr=7.744e-06
[train] step=4731 loss=0.333195 lr=7.743e-06
[train] step=4732 loss=0.415775 lr=7.742e-06
[train] step=4733 loss=0.343056 lr=7.741e-06
[train] step=4734 loss=0.458743 lr=7.740e-06
[train] step=4735 loss=0.368695 lr=7.739e-06
[train] step=4736 loss=0.394861 lr=7.739e-06
[train] step=4737 loss=0.244515 lr=7.738e-06
[train] step=4738 loss=0.498478 lr=7.737e-06
[train] step=4739 loss=0.261961 lr=7.736e-06
[train] step=4740 loss=0.380907 lr=7.735e-06
[train] step=4741 loss=0.491386 lr=7.734e-06
[train] step=4742 loss=0.404195 lr=7.733e-06
[train] step=4743 loss=0.311959 lr=7.732e-06
[train] step=4744 loss=0.434934 lr=7.732e-06
[train] step=4745 loss=0.451986 lr=7.731e-06
[train] step=4746 loss=0.372260 lr=7.730e-06
[train] step=4747 loss=0.447131 lr=7.729e-06
[train] step=4748 loss=0.449596 lr=7.728e-06
[train] step=4749 loss=0.448881 lr=7.727e-06
[train] step=4750 loss=0.371187 lr=7.726e-06
[train] step=4751 loss=0.456280 lr=7.725e-06
[train] step=4752 loss=0.395125 lr=7.725e-06
[train] step=4753 loss=0.427470 lr=7.724e-06
[train] step=4754 loss=0.407169 lr=7.723e-06
[train] step=4755 loss=0.515657 lr=7.722e-06
[train] step=4756 loss=0.383947 lr=7.721e-06
[train] step=4757 loss=0.361397 lr=7.720e-06
[train] step=4758 loss=0.359986 lr=7.719e-06
[train] step=4759 loss=0.447197 lr=7.718e-06
[train] step=4760 loss=0.474001 lr=7.718e-06
[train] step=4761 loss=0.444677 lr=7.717e-06
[train] step=4762 loss=0.490029 lr=7.716e-06
[train] step=4763 loss=0.458939 lr=7.715e-06
[train] step=4764 loss=0.459552 lr=7.714e-06
[train] step=4765 loss=0.385820 lr=7.713e-06
[train] step=4766 loss=0.468645 lr=7.712e-06
[train] step=4767 loss=0.358970 lr=7.711e-06
[train] step=4768 loss=0.353252 lr=7.711e-06
[train] step=4769 loss=0.258551 lr=7.710e-06
[train] step=4770 loss=0.267874 lr=7.709e-06
[train] step=4771 loss=0.285727 lr=7.708e-06
[train] step=4772 loss=0.373964 lr=7.707e-06
[train] step=4773 loss=0.375807 lr=7.706e-06
[train] step=4774 loss=0.539539 lr=7.705e-06
[train] step=4775 loss=0.314981 lr=7.704e-06
[train] step=4776 loss=0.476584 lr=7.704e-06
[train] step=4777 loss=0.386122 lr=7.703e-06
[train] step=4778 loss=0.518678 lr=7.702e-06
[train] step=4779 loss=0.297956 lr=7.701e-06
[train] step=4780 loss=0.327789 lr=7.700e-06
[train] step=4781 loss=0.495007 lr=7.699e-06
[train] step=4782 loss=0.489508 lr=7.698e-06
[train] step=4783 loss=0.349657 lr=7.697e-06
[train] step=4784 loss=0.273180 lr=7.696e-06
[train] step=4785 loss=0.319767 lr=7.696e-06
[train] step=4786 loss=0.508134 lr=7.695e-06
[train] step=4787 loss=0.401084 lr=7.694e-06
[train] step=4788 loss=0.233296 lr=7.693e-06
[train] step=4789 loss=0.408480 lr=7.692e-06
[train] step=4790 loss=0.309821 lr=7.691e-06
[train] step=4791 loss=0.270412 lr=7.690e-06
[train] step=4792 loss=0.456691 lr=7.689e-06
[train] step=4793 loss=0.210046 lr=7.689e-06
[train] step=4794 loss=0.293104 lr=7.688e-06
[train] step=4795 loss=0.389894 lr=7.687e-06
[train] step=4796 loss=0.440023 lr=7.686e-06
[train] step=4797 loss=0.438740 lr=7.685e-06
[train] step=4798 loss=0.297622 lr=7.684e-06
[train] step=4799 loss=0.344836 lr=7.683e-06
[train] step=4800 loss=0.338885 lr=7.682e-06
[val] step=4800 val_loss=0.394062
INFO     [rank 0] Model weights for step 4800 saved in       dit_trainer.py:1288
         checkpoints/model_weights_step_04800.safetensors                       
INFO     [rank 0] Scalar embedding weights for step 4800     dit_trainer.py:1297
         saved                                                                  
INFO     [rank 0] Training state saved:                      dit_trainer.py:1416
         checkpoints/model_weights_step_04800.state.pt                          
INFO     [rank 0] New best checkpoint (step 4800,            dit_trainer.py:1320
         val_loss=0.394062):                                                    
         checkpoints/model_weights_best.safetensors                             
DEBUG    [rank 0] Removed old checkpoint:                    dit_trainer.py:1429
         /local/disk/hramachandran/work/wh_work/windinet/dit                    
         _outputs/lundquist/dit_cosine_kl0_15k/checkpoints/m                    
         odel_weights_step_04560.safetensors                                    
DEBUG    [rank 0] Removed old checkpoint:                    dit_trainer.py:1429
         /local/disk/hramachandran/work/wh_work/windinet/dit                    
         _outputs/lundquist/dit_cosine_kl0_15k/checkpoints/s                    
         calar_embedding_step_04560.safetensors                                 
DEBUG    [rank 0] Removed optimizer state for older kept     dit_trainer.py:1444
         checkpoint:                                                            
         /local/disk/hramachandran/work/wh_work/windinet/dit                    
         _outputs/lundquist/dit_cosine_kl0_15k/checkpoints/m                    
         odel_weights_step_04680.state.pt                                       
[epoch 40] step=4800 train_loss=0.387889 val_loss=0.394062
[train] step=4801 loss=0.364697 lr=7.681e-06
[train] step=4802 loss=0.475333 lr=7.681e-06
[train] step=4803 loss=0.292917 lr=7.680e-06
[train] step=4804 loss=0.430724 lr=7.679e-06
[train] step=4805 loss=0.404175 lr=7.678e-06
[train] step=4806 loss=0.463020 lr=7.677e-06
[train] step=4807 loss=0.224809 lr=7.676e-06
[train] step=4808 loss=0.236453 lr=7.675e-06
[train] step=4809 loss=0.436543 lr=7.674e-06
[train] step=4810 loss=0.540851 lr=7.674e-06
[train] step=4811 loss=0.342681 lr=7.673e-06
[train] step=4812 loss=0.449847 lr=7.672e-06
[train] step=4813 loss=0.333059 lr=7.671e-06
[train] step=4814 loss=0.343455 lr=7.670e-06
[train] step=4815 loss=0.359679 lr=7.669e-06
[train] step=4816 loss=0.251152 lr=7.668e-06
[train] step=4817 loss=0.487185 lr=7.667e-06
[train] step=4818 loss=0.318291 lr=7.666e-06
[train] step=4819 loss=0.625406 lr=7.666e-06
[train] step=4820 loss=0.433146 lr=7.665e-06
[train] step=4821 loss=0.434299 lr=7.664e-06
[train] step=4822 loss=0.522429 lr=7.663e-06
[train] step=4823 loss=0.456290 lr=7.662e-06
[train] step=4824 loss=0.327453 lr=7.661e-06
[train] step=4825 loss=0.288996 lr=7.660e-06
[train] step=4826 loss=0.459810 lr=7.659e-06
[train] step=4827 loss=0.413741 lr=7.658e-06
[train] step=4828 loss=0.366246 lr=7.658e-06
[train] step=4829 loss=0.347420 lr=7.657e-06
[train] step=4830 loss=0.448718 lr=7.656e-06
[train] step=4831 loss=0.421109 lr=7.655e-06
[train] step=4832 loss=0.255616 lr=7.654e-06
[train] step=4833 loss=0.275797 lr=7.653e-06
[train] step=4834 loss=0.431262 lr=7.652e-06
[train] step=4835 loss=0.340427 lr=7.651e-06
[train] step=4836 loss=0.444440 lr=7.650e-06
[train] step=4837 loss=0.287068 lr=7.650e-06
[train] step=4838 loss=0.352657 lr=7.649e-06
[train] step=4839 loss=0.364116 lr=7.648e-06
[train] step=4840 loss=0.334475 lr=7.647e-06
[train] step=4841 loss=0.251512 lr=7.646e-06
[train] step=4842 loss=0.243787 lr=7.645e-06
[train] step=4843 loss=0.317607 lr=7.644e-06
[train] step=4844 loss=0.270590 lr=7.643e-06
[train] step=4845 loss=0.238684 lr=7.642e-06
[train] step=4846 loss=0.321244 lr=7.642e-06
[train] step=4847 loss=0.440736 lr=7.641e-06
[train] step=4848 loss=0.454240 lr=7.640e-06
[train] step=4849 loss=0.401807 lr=7.639e-06
[train] step=4850 loss=0.321999 lr=7.638e-06
[train] step=4851 loss=0.385206 lr=7.637e-06
[train] step=4852 loss=0.250892 lr=7.636e-06
[train] step=4853 loss=0.241765 lr=7.635e-06
[train] step=4854 loss=0.399668 lr=7.634e-06
[train] step=4855 loss=0.344096 lr=7.634e-06
[train] step=4856 loss=0.353351 lr=7.633e-06
[train] step=4857 loss=0.250817 lr=7.632e-06
[train] step=4858 loss=0.271427 lr=7.631e-06
[train] step=4859 loss=0.306922 lr=7.630e-06
[train] step=4860 loss=0.448702 lr=7.629e-06
[train] step=4861 loss=0.349640 lr=7.628e-06
[train] step=4862 loss=0.383788 lr=7.627e-06
[train] step=4863 loss=0.520721 lr=7.626e-06
[train] step=4864 loss=0.346345 lr=7.626e-06
[train] step=4865 loss=0.243829 lr=7.625e-06
[train] step=4866 loss=0.372199 lr=7.624e-06
[train] step=4867 loss=0.471711 lr=7.623e-06
[train] step=4868 loss=0.428627 lr=7.622e-06
[train] step=4869 loss=0.368785 lr=7.621e-06
[train] step=4870 loss=0.298050 lr=7.620e-06
[train] step=4871 loss=0.368629 lr=7.619e-06
[train] step=4872 loss=0.342241 lr=7.618e-06
[train] step=4873 loss=0.441643 lr=7.618e-06
[train] step=4874 loss=0.375598 lr=7.617e-06
[train] step=4875 loss=0.526852 lr=7.616e-06
[train] step=4876 loss=0.393871 lr=7.615e-06
[train] step=4877 loss=0.376169 lr=7.614e-06
[train] step=4878 loss=0.385697 lr=7.613e-06
[train] step=4879 loss=0.521476 lr=7.612e-06
[train] step=4880 loss=0.364581 lr=7.611e-06
[train] step=4881 loss=0.401075 lr=7.610e-06
[train] step=4882 loss=0.337946 lr=7.610e-06
[train] step=4883 loss=0.260180 lr=7.609e-06
[train] step=4884 loss=0.475946 lr=7.608e-06
[train] step=4885 loss=0.300877 lr=7.607e-06
[train] step=4886 loss=0.445680 lr=7.606e-06
[train] step=4887 loss=0.326327 lr=7.605e-06
[train] step=4888 loss=0.545456 lr=7.604e-06
[train] step=4889 loss=0.290827 lr=7.603e-06
[train] step=4890 loss=0.392216 lr=7.602e-06
[train] step=4891 loss=0.575326 lr=7.601e-06
[train] step=4892 loss=0.434282 lr=7.601e-06
[train] step=4893 loss=0.280620 lr=7.600e-06
[train] step=4894 loss=0.288577 lr=7.599e-06
[train] step=4895 loss=0.478969 lr=7.598e-06
[train] step=4896 loss=0.308768 lr=7.597e-06
[train] step=4897 loss=0.315755 lr=7.596e-06
[train] step=4898 loss=0.364328 lr=7.595e-06
[train] step=4899 loss=0.255879 lr=7.594e-06
[train] step=4900 loss=0.362422 lr=7.593e-06
[train] step=4901 loss=0.442649 lr=7.593e-06
[train] step=4902 loss=0.398522 lr=7.592e-06
[train] step=4903 loss=0.428266 lr=7.591e-06
[train] step=4904 loss=0.356067 lr=7.590e-06
[train] step=4905 loss=0.586441 lr=7.589e-06
[train] step=4906 loss=0.308276 lr=7.588e-06
[train] step=4907 loss=0.279759 lr=7.587e-06
[train] step=4908 loss=0.409974 lr=7.586e-06
[train] step=4909 loss=0.311617 lr=7.585e-06
[train] step=4910 loss=0.391523 lr=7.584e-06
[train] step=4911 loss=0.297676 lr=7.584e-06
[train] step=4912 loss=0.332566 lr=7.583e-06
[train] step=4913 loss=0.453777 lr=7.582e-06
[train] step=4914 loss=0.490361 lr=7.581e-06
[train] step=4915 loss=0.323858 lr=7.580e-06
[train] step=4916 loss=0.369783 lr=7.579e-06
[train] step=4917 loss=0.328695 lr=7.578e-06
[train] step=4918 loss=0.393360 lr=7.577e-06
[train] step=4919 loss=0.417500 lr=7.576e-06
[train] step=4920 loss=0.417646 lr=7.576e-06
INFO     [rank 0] Model weights for step 4920 saved in       dit_trainer.py:1288
         checkpoints/model_weights_step_04920.safetensors                       
INFO     [rank 0] Scalar embedding weights for step 4920     dit_trainer.py:1297
         saved                                                                  
INFO     [rank 0] Training state saved:                      dit_trainer.py:1416
         checkpoints/model_weights_step_04920.state.pt                          
DEBUG    [rank 0] Removed old checkpoint:                    dit_trainer.py:1429
         /local/disk/hramachandran/work/wh_work/windinet/dit                    
         _outputs/lundquist/dit_cosine_kl0_15k/checkpoints/m                    
         odel_weights_step_04680.safetensors                                    
DEBUG    [rank 0] Removed old checkpoint:                    dit_trainer.py:1429
         /local/disk/hramachandran/work/wh_work/windinet/dit                    
         _outputs/lundquist/dit_cosine_kl0_15k/checkpoints/s                    
         calar_embedding_step_04680.safetensors                                 
DEBUG    [rank 0] Removed optimizer state for older kept     dit_trainer.py:1444
         checkpoint:                                                            
         /local/disk/hramachandran/work/wh_work/windinet/dit                    
         _outputs/lundquist/dit_cosine_kl0_15k/checkpoints/m                    
         odel_weights_step_04800.state.pt                                       
[epoch 41] step=4920 train_loss=0.374019
[train] step=4921 loss=0.288602 lr=7.575e-06
[train] step=4922 loss=0.511310 lr=7.574e-06
[train] step=4923 loss=0.293545 lr=7.573e-06
[train] step=4924 loss=0.375812 lr=7.572e-06
[train] step=4925 loss=0.282216 lr=7.571e-06
[train] step=4926 loss=0.295870 lr=7.570e-06
[train] step=4927 loss=0.350802 lr=7.569e-06
[train] step=4928 loss=0.401252 lr=7.568e-06
[train] step=4929 loss=0.438161 lr=7.567e-06
[train] step=4930 loss=0.297079 lr=7.567e-06
[train] step=4931 loss=0.396530 lr=7.566e-06
[train] step=4932 loss=0.308335 lr=7.565e-06
[train] step=4933 loss=0.406386 lr=7.564e-06
[train] step=4934 loss=0.395827 lr=7.563e-06
[train] step=4935 loss=0.358441 lr=7.562e-06
[train] step=4936 loss=0.358427 lr=7.561e-06
[train] step=4937 loss=0.332240 lr=7.560e-06
[train] step=4938 loss=0.466894 lr=7.559e-06
[train] step=4939 loss=0.355955 lr=7.558e-06
[train] step=4940 loss=0.286341 lr=7.558e-06
[train] step=4941 loss=0.287881 lr=7.557e-06
[train] step=4942 loss=0.346302 lr=7.556e-06
[train] step=4943 loss=0.474391 lr=7.555e-06
[train] step=4944 loss=0.278059 lr=7.554e-06
[train] step=4945 loss=0.326533 lr=7.553e-06
[train] step=4946 loss=0.505438 lr=7.552e-06
[train] step=4947 loss=0.347854 lr=7.551e-06
[train] step=4948 loss=0.410654 lr=7.550e-06
[train] step=4949 loss=0.426763 lr=7.549e-06
[train] step=4950 loss=0.470431 lr=7.549e-06
[train] step=4951 loss=0.446589 lr=7.548e-06
[train] step=4952 loss=0.259012 lr=7.547e-06
[train] step=4953 loss=0.406596 lr=7.546e-06
[train] step=4954 loss=0.398377 lr=7.545e-06
[train] step=4955 loss=0.234087 lr=7.544e-06
[train] step=4956 loss=0.359361 lr=7.543e-06
[train] step=4957 loss=0.518785 lr=7.542e-06
[train] step=4958 loss=0.536879 lr=7.541e-06
[train] step=4959 loss=0.514687 lr=7.540e-06
[train] step=4960 loss=0.370495 lr=7.540e-06
[train] step=4961 loss=0.469913 lr=7.539e-06
[train] step=4962 loss=0.327247 lr=7.538e-06
[train] step=4963 loss=0.433621 lr=7.537e-06
[train] step=4964 loss=0.272110 lr=7.536e-06
[train] step=4965 loss=0.397184 lr=7.535e-06
[train] step=4966 loss=0.437590 lr=7.534e-06
[train] step=4967 loss=0.594041 lr=7.533e-06
[train] step=4968 loss=0.287156 lr=7.532e-06
[train] step=4969 loss=0.321289 lr=7.531e-06
[train] step=4970 loss=0.511956 lr=7.531e-06
[train] step=4971 loss=0.396004 lr=7.530e-06
[train] step=4972 loss=0.327682 lr=7.529e-06
[train] step=4973 loss=0.387854 lr=7.528e-06
[train] step=4974 loss=0.350949 lr=7.527e-06
[train] step=4975 loss=0.343259 lr=7.526e-06
[train] step=4976 loss=0.375192 lr=7.525e-06
[train] step=4977 loss=0.430225 lr=7.524e-06
[train] step=4978 loss=0.368201 lr=7.523e-06
[train] step=4979 loss=0.387236 lr=7.522e-06
[train] step=4980 loss=0.284599 lr=7.522e-06
[train] step=4981 loss=0.458031 lr=7.521e-06
[train] step=4982 loss=0.376208 lr=7.520e-06
[train] step=4983 loss=0.370149 lr=7.519e-06
[train] step=4984 loss=0.365866 lr=7.518e-06
[train] step=4985 loss=0.501742 lr=7.517e-06
[train] step=4986 loss=0.244656 lr=7.516e-06
[train] step=4987 loss=0.271393 lr=7.515e-06
[train] step=4988 loss=0.266485 lr=7.514e-06
[train] step=4989 loss=0.403141 lr=7.513e-06
[train] step=4990 loss=0.395487 lr=7.512e-06
[train] step=4991 loss=0.358717 lr=7.512e-06
[train] step=4992 loss=0.424963 lr=7.511e-06
[train] step=4993 loss=0.316478 lr=7.510e-06
[train] step=4994 loss=0.246768 lr=7.509e-06
[train] step=4995 loss=0.273755 lr=7.508e-06
[train] step=4996 loss=0.366462 lr=7.507e-06
[train] step=4997 loss=0.478712 lr=7.506e-06
[train] step=4998 loss=0.444349 lr=7.505e-06
[train] step=4999 loss=0.254384 lr=7.504e-06
[train] step=5000 loss=0.420318 lr=7.503e-06
[train] step=5001 loss=0.370895 lr=7.503e-06
[train] step=5002 loss=0.391104 lr=7.502e-06
[train] step=5003 loss=0.468998 lr=7.501e-06
[train] step=5004 loss=0.412721 lr=7.500e-06
[train] step=5005 loss=0.369875 lr=7.499e-06
[train] step=5006 loss=0.265096 lr=7.498e-06
[train] step=5007 loss=0.367972 lr=7.497e-06
[train] step=5008 loss=0.318937 lr=7.496e-06
[train] step=5009 loss=0.334290 lr=7.495e-06
[train] step=5010 loss=0.324096 lr=7.494e-06
[train] step=5011 loss=0.337427 lr=7.493e-06
[train] step=5012 loss=0.388378 lr=7.493e-06
[train] step=5013 loss=0.483576 lr=7.492e-06
[train] step=5014 loss=0.428338 lr=7.491e-06
[train] step=5015 loss=0.297414 lr=7.490e-06
[train] step=5016 loss=0.336903 lr=7.489e-06
[train] step=5017 loss=0.429075 lr=7.488e-06
[train] step=5018 loss=0.363361 lr=7.487e-06
[train] step=5019 loss=0.412215 lr=7.486e-06
[train] step=5020 loss=0.467050 lr=7.485e-06
[train] step=5021 loss=0.261454 lr=7.484e-06
[train] step=5022 loss=0.455852 lr=7.483e-06
[train] step=5023 loss=0.335417 lr=7.483e-06
[train] step=5024 loss=0.325359 lr=7.482e-06
[train] step=5025 loss=0.531348 lr=7.481e-06
[train] step=5026 loss=0.413325 lr=7.480e-06
[train] step=5027 loss=0.316867 lr=7.479e-06
[train] step=5028 loss=0.383688 lr=7.478e-06
[train] step=5029 loss=0.328765 lr=7.477e-06
[train] step=5030 loss=0.388771 lr=7.476e-06
[train] step=5031 loss=0.466047 lr=7.475e-06
[train] step=5032 loss=0.238319 lr=7.474e-06
[train] step=5033 loss=0.392803 lr=7.473e-06
[train] step=5034 loss=0.314849 lr=7.473e-06
[train] step=5035 loss=0.503135 lr=7.472e-06
[train] step=5036 loss=0.358880 lr=7.471e-06
[train] step=5037 loss=0.403482 lr=7.470e-06
[train] step=5038 loss=0.374219 lr=7.469e-06
[train] step=5039 loss=0.426983 lr=7.468e-06
[train] step=5040 loss=0.249736 lr=7.467e-06
INFO     [rank 0] Model weights for step 5040 saved in       dit_trainer.py:1288
         checkpoints/model_weights_step_05040.safetensors                       
INFO     [rank 0] Scalar embedding weights for step 5040     dit_trainer.py:1297
         saved                                                                  
INFO     [rank 0] Training state saved:                      dit_trainer.py:1416
         checkpoints/model_weights_step_05040.state.pt                          
DEBUG    [rank 0] Removed old checkpoint:                    dit_trainer.py:1429
         /local/disk/hramachandran/work/wh_work/windinet/dit                    
         _outputs/lundquist/dit_cosine_kl0_15k/checkpoints/m                    
         odel_weights_step_04800.safetensors                                    
DEBUG    [rank 0] Removed old checkpoint:                    dit_trainer.py:1429
         /local/disk/hramachandran/work/wh_work/windinet/dit                    
         _outputs/lundquist/dit_cosine_kl0_15k/checkpoints/s                    
         calar_embedding_step_04800.safetensors                                 
DEBUG    [rank 0] Removed optimizer state for older kept     dit_trainer.py:1444
         checkpoint:                                                            
         /local/disk/hramachandran/work/wh_work/windinet/dit                    
         _outputs/lundquist/dit_cosine_kl0_15k/checkpoints/m                    
         odel_weights_step_04920.state.pt                                       
[epoch 42] step=5040 train_loss=0.377212
[train] step=5041 loss=0.417949 lr=7.466e-06
[train] step=5042 loss=0.459443 lr=7.465e-06
[train] step=5043 loss=0.245653 lr=7.464e-06
[train] step=5044 loss=0.271956 lr=7.463e-06
[train] step=5045 loss=0.463924 lr=7.463e-06
[train] step=5046 loss=0.335637 lr=7.462e-06
[train] step=5047 loss=0.403977 lr=7.461e-06
[train] step=5048 loss=0.229190 lr=7.460e-06
[train] step=5049 loss=0.424277 lr=7.459e-06
[train] step=5050 loss=0.572701 lr=7.458e-06
[train] step=5051 loss=0.429754 lr=7.457e-06
[train] step=5052 loss=0.520232 lr=7.456e-06
[train] step=5053 loss=0.479294 lr=7.455e-06
[train] step=5054 loss=0.379171 lr=7.454e-06
[train] step=5055 loss=0.376373 lr=7.453e-06
[train] step=5056 loss=0.488544 lr=7.453e-06
[train] step=5057 loss=0.247574 lr=7.452e-06
[train] step=5058 loss=0.388741 lr=7.451e-06
[train] step=5059 loss=0.424922 lr=7.450e-06
[train] step=5060 loss=0.348060 lr=7.449e-06
[train] step=5061 loss=0.510281 lr=7.448e-06
[train] step=5062 loss=0.281756 lr=7.447e-06
[train] step=5063 loss=0.239733 lr=7.446e-06
[train] step=5064 loss=0.382908 lr=7.445e-06
[train] step=5065 loss=0.330818 lr=7.444e-06
[train] step=5066 loss=0.298511 lr=7.443e-06
[train] step=5067 loss=0.375815 lr=7.442e-06
[train] step=5068 loss=0.404942 lr=7.442e-06
[train] step=5069 loss=0.323958 lr=7.441e-06
[train] step=5070 loss=0.415545 lr=7.440e-06
[train] step=5071 loss=0.395221 lr=7.439e-06
[train] step=5072 loss=0.361978 lr=7.438e-06
[train] step=5073 loss=0.408570 lr=7.437e-06
[train] step=5074 loss=0.348250 lr=7.436e-06
[train] step=5075 loss=0.334461 lr=7.435e-06
[train] step=5076 loss=0.343574 lr=7.434e-06
[train] step=5077 loss=0.189496 lr=7.433e-06
[train] step=5078 loss=0.416771 lr=7.432e-06
[train] step=5079 loss=0.313599 lr=7.432e-06
[train] step=5080 loss=0.272594 lr=7.431e-06
[train] step=5081 loss=0.246472 lr=7.430e-06
[train] step=5082 loss=0.348390 lr=7.429e-06
[train] step=5083 loss=0.277997 lr=7.428e-06
[train] step=5084 loss=0.317115 lr=7.427e-06
[train] step=5085 loss=0.298517 lr=7.426e-06
[train] step=5086 loss=0.446559 lr=7.425e-06
[train] step=5087 loss=0.358648 lr=7.424e-06
[train] step=5088 loss=0.315762 lr=7.423e-06
[train] step=5089 loss=0.473372 lr=7.422e-06
[train] step=5090 loss=0.298000 lr=7.421e-06
[train] step=5091 loss=0.231557 lr=7.421e-06
[train] step=5092 loss=0.562964 lr=7.420e-06
[train] step=5093 loss=0.229533 lr=7.419e-06
[train] step=5094 loss=0.322216 lr=7.418e-06
[train] step=5095 loss=0.245438 lr=7.417e-06
[train] step=5096 loss=0.321661 lr=7.416e-06
[train] step=5097 loss=0.331362 lr=7.415e-06
[train] step=5098 loss=0.300901 lr=7.414e-06
[train] step=5099 loss=0.335354 lr=7.413e-06
[train] step=5100 loss=0.286423 lr=7.412e-06
[train] step=5101 loss=0.534471 lr=7.411e-06
[train] step=5102 loss=0.371433 lr=7.410e-06
[train] step=5103 loss=0.219171 lr=7.410e-06
[train] step=5104 loss=0.499342 lr=7.409e-06
[train] step=5105 loss=0.457399 lr=7.408e-06
[train] step=5106 loss=0.368335 lr=7.407e-06
[train] step=5107 loss=0.228479 lr=7.406e-06
[train] step=5108 loss=0.356723 lr=7.405e-06
[train] step=5109 loss=0.401931 lr=7.404e-06
[train] step=5110 loss=0.443874 lr=7.403e-06
[train] step=5111 loss=0.517088 lr=7.402e-06
[train] step=5112 loss=0.420452 lr=7.401e-06
[train] step=5113 loss=0.345129 lr=7.400e-06
[train] step=5114 loss=0.341449 lr=7.399e-06
[train] step=5115 loss=0.360899 lr=7.399e-06
[train] step=5116 loss=0.286195 lr=7.398e-06
[train] step=5117 loss=0.617668 lr=7.397e-06
[train] step=5118 loss=0.354663 lr=7.396e-06
[train] step=5119 loss=0.391595 lr=7.395e-06
[train] step=5120 loss=0.419095 lr=7.394e-06
[train] step=5121 loss=0.297500 lr=7.393e-06
[train] step=5122 loss=0.404385 lr=7.392e-06
[train] step=5123 loss=0.356195 lr=7.391e-06
[train] step=5124 loss=0.222435 lr=7.390e-06
[train] step=5125 loss=0.286050 lr=7.389e-06
[train] step=5126 loss=0.382032 lr=7.388e-06
[train] step=5127 loss=0.316949 lr=7.387e-06
[train] step=5128 loss=0.383997 lr=7.387e-06
[train] step=5129 loss=0.435067 lr=7.386e-06
[train] step=5130 loss=0.252283 lr=7.385e-06
[train] step=5131 loss=0.364129 lr=7.384e-06
[train] step=5132 loss=0.405823 lr=7.383e-06
[train] step=5133 loss=0.433537 lr=7.382e-06
[train] step=5134 loss=0.264444 lr=7.381e-06
[train] step=5135 loss=0.436330 lr=7.380e-06
[train] step=5136 loss=0.406575 lr=7.379e-06
[train] step=5137 loss=0.450497 lr=7.378e-06
[train] step=5138 loss=0.412276 lr=7.377e-06
[train] step=5139 loss=0.318994 lr=7.376e-06
[train] step=5140 loss=0.307095 lr=7.376e-06
[train] step=5141 loss=0.298467 lr=7.375e-06
[train] step=5142 loss=0.272827 lr=7.374e-06
[train] step=5143 loss=0.497983 lr=7.373e-06
[train] step=5144 loss=0.389534 lr=7.372e-06
[train] step=5145 loss=0.342050 lr=7.371e-06
[train] step=5146 loss=0.438347 lr=7.370e-06
[train] step=5147 loss=0.340787 lr=7.369e-06
[train] step=5148 loss=0.262427 lr=7.368e-06
[train] step=5149 loss=0.301769 lr=7.367e-06
[train] step=5150 loss=0.350449 lr=7.366e-06
[train] step=5151 loss=0.421029 lr=7.365e-06
[train] step=5152 loss=0.489744 lr=7.364e-06
[train] step=5153 loss=0.202574 lr=7.364e-06
[train] step=5154 loss=0.383965 lr=7.363e-06
[train] step=5155 loss=0.445031 lr=7.362e-06
[train] step=5156 loss=0.321842 lr=7.361e-06
[train] step=5157 loss=0.341703 lr=7.360e-06
[train] step=5158 loss=0.326609 lr=7.359e-06
[train] step=5159 loss=0.325978 lr=7.358e-06
[train] step=5160 loss=0.342397 lr=7.357e-06
INFO     [rank 0] Model weights for step 5160 saved in       dit_trainer.py:1288
         checkpoints/model_weights_step_05160.safetensors                       
INFO     [rank 0] Scalar embedding weights for step 5160     dit_trainer.py:1297
         saved                                                                  
INFO     [rank 0] Training state saved:                      dit_trainer.py:1416
         checkpoints/model_weights_step_05160.state.pt                          
DEBUG    [rank 0] Removed old checkpoint:                    dit_trainer.py:1429
         /local/disk/hramachandran/work/wh_work/windinet/dit                    
         _outputs/lundquist/dit_cosine_kl0_15k/checkpoints/m                    
         odel_weights_step_04920.safetensors                                    
DEBUG    [rank 0] Removed old checkpoint:                    dit_trainer.py:1429
         /local/disk/hramachandran/work/wh_work/windinet/dit                    
         _outputs/lundquist/dit_cosine_kl0_15k/checkpoints/s                    
         calar_embedding_step_04920.safetensors                                 
DEBUG    [rank 0] Removed optimizer state for older kept     dit_trainer.py:1444
         checkpoint:                                                            
         /local/disk/hramachandran/work/wh_work/windinet/dit                    
         _outputs/lundquist/dit_cosine_kl0_15k/checkpoints/m                    
         odel_weights_step_05040.state.pt                                       
[epoch 43] step=5160 train_loss=0.362327
[train] step=5161 loss=0.329869 lr=7.356e-06
[train] step=5162 loss=0.408185 lr=7.355e-06
[train] step=5163 loss=0.407816 lr=7.354e-06
[train] step=5164 loss=0.629781 lr=7.353e-06
[train] step=5165 loss=0.365297 lr=7.352e-06
[train] step=5166 loss=0.487267 lr=7.352e-06
[train] step=5167 loss=0.362260 lr=7.351e-06
[train] step=5168 loss=0.305958 lr=7.350e-06
[train] step=5169 loss=0.394750 lr=7.349e-06
[train] step=5170 loss=0.490460 lr=7.348e-06
[train] step=5171 loss=0.382890 lr=7.347e-06
[train] step=5172 loss=0.294643 lr=7.346e-06
[train] step=5173 loss=0.294010 lr=7.345e-06
[train] step=5174 loss=0.520995 lr=7.344e-06
[train] step=5175 loss=0.404307 lr=7.343e-06
[train] step=5176 loss=0.272893 lr=7.342e-06
[train] step=5177 loss=0.337743 lr=7.341e-06
[train] step=5178 loss=0.557359 lr=7.340e-06
[train] step=5179 loss=0.266482 lr=7.340e-06
[train] step=5180 loss=0.357175 lr=7.339e-06
[train] step=5181 loss=0.390943 lr=7.338e-06
[train] step=5182 loss=0.290368 lr=7.337e-06
[train] step=5183 loss=0.274520 lr=7.336e-06
[train] step=5184 loss=0.356969 lr=7.335e-06
[train] step=5185 loss=0.338431 lr=7.334e-06
[train] step=5186 loss=0.458841 lr=7.333e-06
[train] step=5187 loss=0.339329 lr=7.332e-06
[train] step=5188 loss=0.455246 lr=7.331e-06
[train] step=5189 loss=0.449686 lr=7.330e-06
[train] step=5190 loss=0.423269 lr=7.329e-06
[train] step=5191 loss=0.314222 lr=7.328e-06
[train] step=5192 loss=0.320696 lr=7.328e-06
[train] step=5193 loss=0.326418 lr=7.327e-06
[train] step=5194 loss=0.236750 lr=7.326e-06
[train] step=5195 loss=0.336245 lr=7.325e-06
[train] step=5196 loss=0.395400 lr=7.324e-06
[train] step=5197 loss=0.404595 lr=7.323e-06
[train] step=5198 loss=0.270565 lr=7.322e-06
[train] step=5199 loss=0.471372 lr=7.321e-06
[train] step=5200 loss=0.492396 lr=7.320e-06
[train] step=5201 loss=0.326550 lr=7.319e-06
[train] step=5202 loss=0.302860 lr=7.318e-06
[train] step=5203 loss=0.380365 lr=7.317e-06
[train] step=5204 loss=0.324810 lr=7.316e-06
[train] step=5205 loss=0.500646 lr=7.315e-06
[train] step=5206 loss=0.342909 lr=7.315e-06
[train] step=5207 loss=0.518222 lr=7.314e-06
[train] step=5208 loss=0.317223 lr=7.313e-06
[train] step=5209 loss=0.354205 lr=7.312e-06
[train] step=5210 loss=0.379721 lr=7.311e-06
[train] step=5211 loss=0.396302 lr=7.310e-06
[train] step=5212 loss=0.353434 lr=7.309e-06
[train] step=5213 loss=0.382346 lr=7.308e-06
[train] step=5214 loss=0.401072 lr=7.307e-06
[train] step=5215 loss=0.229373 lr=7.306e-06
[train] step=5216 loss=0.434922 lr=7.305e-06
[train] step=5217 loss=0.275711 lr=7.304e-06
[train] step=5218 loss=0.526813 lr=7.303e-06
[train] step=5219 loss=0.459501 lr=7.302e-06
[train] step=5220 loss=0.552977 lr=7.302e-06
[train] step=5221 loss=0.416111 lr=7.301e-06
[train] step=5222 loss=0.334609 lr=7.300e-06
[train] step=5223 loss=0.257561 lr=7.299e-06
[train] step=5224 loss=0.398028 lr=7.298e-06
[train] step=5225 loss=0.376033 lr=7.297e-06
[train] step=5226 loss=0.365675 lr=7.296e-06
[train] step=5227 loss=0.437059 lr=7.295e-06
[train] step=5228 loss=0.183435 lr=7.294e-06
[train] step=5229 loss=0.181604 lr=7.293e-06
[train] step=5230 loss=0.377523 lr=7.292e-06
[train] step=5231 loss=0.328394 lr=7.291e-06
[train] step=5232 loss=0.372155 lr=7.290e-06
[train] step=5233 loss=0.308872 lr=7.289e-06
[train] step=5234 loss=0.465772 lr=7.289e-06
[train] step=5235 loss=0.437183 lr=7.288e-06
[train] step=5236 loss=0.241264 lr=7.287e-06
[train] step=5237 loss=0.431049 lr=7.286e-06
[train] step=5238 loss=0.242609 lr=7.285e-06
[train] step=5239 loss=0.317920 lr=7.284e-06
[train] step=5240 loss=0.453013 lr=7.283e-06
[train] step=5241 loss=0.380267 lr=7.282e-06
[train] step=5242 loss=0.353083 lr=7.281e-06
[train] step=5243 loss=0.340949 lr=7.280e-06
[train] step=5244 loss=0.421806 lr=7.279e-06
[train] step=5245 loss=0.426911 lr=7.278e-06
[train] step=5246 loss=0.456052 lr=7.277e-06
[train] step=5247 loss=0.295572 lr=7.276e-06
[train] step=5248 loss=0.267897 lr=7.275e-06
[train] step=5249 loss=0.329096 lr=7.275e-06
[train] step=5250 loss=0.367844 lr=7.274e-06
[train] step=5251 loss=0.328867 lr=7.273e-06
[train] step=5252 loss=0.327947 lr=7.272e-06
[train] step=5253 loss=0.361469 lr=7.271e-06
[train] step=5254 loss=0.211490 lr=7.270e-06
[train] step=5255 loss=0.333374 lr=7.269e-06
[train] step=5256 loss=0.482639 lr=7.268e-06
[train] step=5257 loss=0.379732 lr=7.267e-06
[train] step=5258 loss=0.327873 lr=7.266e-06
[train] step=5259 loss=0.166524 lr=7.265e-06
[train] step=5260 loss=0.398087 lr=7.264e-06
[train] step=5261 loss=0.336399 lr=7.263e-06
[train] step=5262 loss=0.324522 lr=7.262e-06
[train] step=5263 loss=0.522811 lr=7.261e-06
[train] step=5264 loss=0.291072 lr=7.261e-06
[train] step=5265 loss=0.425453 lr=7.260e-06
[train] step=5266 loss=0.478357 lr=7.259e-06
[train] step=5267 loss=0.323391 lr=7.258e-06
[train] step=5268 loss=0.419445 lr=7.257e-06
[train] step=5269 loss=0.335780 lr=7.256e-06
[train] step=5270 loss=0.529248 lr=7.255e-06
[train] step=5271 loss=0.367001 lr=7.254e-06
[train] step=5272 loss=0.450620 lr=7.253e-06
[train] step=5273 loss=0.328909 lr=7.252e-06
[train] step=5274 loss=0.443676 lr=7.251e-06
[train] step=5275 loss=0.335514 lr=7.250e-06
[train] step=5276 loss=0.338558 lr=7.249e-06
[train] step=5277 loss=0.468474 lr=7.248e-06
[train] step=5278 loss=0.431394 lr=7.247e-06
[train] step=5279 loss=0.310257 lr=7.247e-06
[train] step=5280 loss=0.282898 lr=7.246e-06
INFO     [rank 0] Model weights for step 5280 saved in       dit_trainer.py:1288
         checkpoints/model_weights_step_05280.safetensors                       
INFO     [rank 0] Scalar embedding weights for step 5280     dit_trainer.py:1297
         saved                                                                  
INFO     [rank 0] Training state saved:                      dit_trainer.py:1416
         checkpoints/model_weights_step_05280.state.pt                          
DEBUG    [rank 0] Removed old checkpoint:                    dit_trainer.py:1429
         /local/disk/hramachandran/work/wh_work/windinet/dit                    
         _outputs/lundquist/dit_cosine_kl0_15k/checkpoints/m                    
         odel_weights_step_05040.safetensors                                    
DEBUG    [rank 0] Removed old checkpoint:                    dit_trainer.py:1429
         /local/disk/hramachandran/work/wh_work/windinet/dit                    
         _outputs/lundquist/dit_cosine_kl0_15k/checkpoints/s                    
         calar_embedding_step_05040.safetensors                                 
DEBUG    [rank 0] Removed optimizer state for older kept     dit_trainer.py:1444
         checkpoint:                                                            
         /local/disk/hramachandran/work/wh_work/windinet/dit                    
         _outputs/lundquist/dit_cosine_kl0_15k/checkpoints/m                    
         odel_weights_step_05160.state.pt                                       
[epoch 44] step=5280 train_loss=0.372192
[train] step=5281 loss=0.443858 lr=7.245e-06
[train] step=5282 loss=0.208351 lr=7.244e-06
[train] step=5283 loss=0.388685 lr=7.243e-06
[train] step=5284 loss=0.398160 lr=7.242e-06
[train] step=5285 loss=0.246370 lr=7.241e-06
[train] step=5286 loss=0.293504 lr=7.240e-06
[train] step=5287 loss=0.357715 lr=7.239e-06
[train] step=5288 loss=0.338096 lr=7.238e-06
[train] step=5289 loss=0.362024 lr=7.237e-06
[train] step=5290 loss=0.303444 lr=7.236e-06
[train] step=5291 loss=0.433478 lr=7.235e-06
[train] step=5292 loss=0.293614 lr=7.234e-06
[train] step=5293 loss=0.388008 lr=7.233e-06
[train] step=5294 loss=0.524195 lr=7.233e-06
[train] step=5295 loss=0.262142 lr=7.232e-06
[train] step=5296 loss=0.330664 lr=7.231e-06
[train] step=5297 loss=0.302681 lr=7.230e-06
[train] step=5298 loss=0.455840 lr=7.229e-06
[train] step=5299 loss=0.458142 lr=7.228e-06
[train] step=5300 loss=0.400854 lr=7.227e-06
[train] step=5301 loss=0.278083 lr=7.226e-06
[train] step=5302 loss=0.197316 lr=7.225e-06
[train] step=5303 loss=0.365847 lr=7.224e-06
[train] step=5304 loss=0.362447 lr=7.223e-06
[train] step=5305 loss=0.401579 lr=7.222e-06
[train] step=5306 loss=0.290399 lr=7.221e-06
[train] step=5307 loss=0.381815 lr=7.220e-06
[train] step=5308 loss=0.352736 lr=7.219e-06
[train] step=5309 loss=0.234398 lr=7.218e-06
[train] step=5310 loss=0.397870 lr=7.218e-06
[train] step=5311 loss=0.513711 lr=7.217e-06
[train] step=5312 loss=0.267603 lr=7.216e-06
[train] step=5313 loss=0.290903 lr=7.215e-06
[train] step=5314 loss=0.390687 lr=7.214e-06
[train] step=5315 loss=0.522991 lr=7.213e-06
[train] step=5316 loss=0.254085 lr=7.212e-06
[train] step=5317 loss=0.381157 lr=7.211e-06
[train] step=5318 loss=0.425198 lr=7.210e-06
[train] step=5319 loss=0.541879 lr=7.209e-06
[train] step=5320 loss=0.455472 lr=7.208e-06
[train] step=5321 loss=0.491502 lr=7.207e-06
[train] step=5322 loss=0.334785 lr=7.206e-06
[train] step=5323 loss=0.293673 lr=7.205e-06
[train] step=5324 loss=0.170727 lr=7.204e-06
[train] step=5325 loss=0.300830 lr=7.203e-06
[train] step=5326 loss=0.312609 lr=7.202e-06
[train] step=5327 loss=0.270363 lr=7.202e-06
[train] step=5328 loss=0.355877 lr=7.201e-06
[train] step=5329 loss=0.314822 lr=7.200e-06
[train] step=5330 loss=0.413785 lr=7.199e-06
[train] step=5331 loss=0.362927 lr=7.198e-06
[train] step=5332 loss=0.401341 lr=7.197e-06
[train] step=5333 loss=0.390327 lr=7.196e-06
[train] step=5334 loss=0.555082 lr=7.195e-06
[train] step=5335 loss=0.366239 lr=7.194e-06
[train] step=5336 loss=0.336576 lr=7.193e-06
[train] step=5337 loss=0.444867 lr=7.192e-06
[train] step=5338 loss=0.294216 lr=7.191e-06
[train] step=5339 loss=0.380173 lr=7.190e-06
[train] step=5340 loss=0.247538 lr=7.189e-06
[train] step=5341 loss=0.297414 lr=7.188e-06
[train] step=5342 loss=0.308234 lr=7.187e-06
[train] step=5343 loss=0.320942 lr=7.187e-06
[train] step=5344 loss=0.308925 lr=7.186e-06
[train] step=5345 loss=0.307204 lr=7.185e-06
[train] step=5346 loss=0.305026 lr=7.184e-06
[train] step=5347 loss=0.363790 lr=7.183e-06
[train] step=5348 loss=0.235661 lr=7.182e-06
[train] step=5349 loss=0.521357 lr=7.181e-06
[train] step=5350 loss=0.513287 lr=7.180e-06
[train] step=5351 loss=0.258238 lr=7.179e-06
[train] step=5352 loss=0.416468 lr=7.178e-06
[train] step=5353 loss=0.291497 lr=7.177e-06
[train] step=5354 loss=0.330699 lr=7.176e-06
[train] step=5355 loss=0.277921 lr=7.175e-06
[train] step=5356 loss=0.437983 lr=7.174e-06
[train] step=5357 loss=0.397483 lr=7.173e-06
[train] step=5358 loss=0.335193 lr=7.172e-06
[train] step=5359 loss=0.325254 lr=7.171e-06
[train] step=5360 loss=0.528789 lr=7.170e-06
[train] step=5361 loss=0.370555 lr=7.170e-06
[train] step=5362 loss=0.444799 lr=7.169e-06
[train] step=5363 loss=0.530903 lr=7.168e-06
[train] step=5364 loss=0.299130 lr=7.167e-06
[train] step=5365 loss=0.263483 lr=7.166e-06
[train] step=5366 loss=0.316458 lr=7.165e-06
[train] step=5367 loss=0.601405 lr=7.164e-06
[train] step=5368 loss=0.412405 lr=7.163e-06
[train] step=5369 loss=0.357799 lr=7.162e-06
[train] step=5370 loss=0.313644 lr=7.161e-06
[train] step=5371 loss=0.352247 lr=7.160e-06
[train] step=5372 loss=0.332994 lr=7.159e-06
[train] step=5373 loss=0.544255 lr=7.158e-06
[train] step=5374 loss=0.324420 lr=7.157e-06
[train] step=5375 loss=0.271688 lr=7.156e-06
[train] step=5376 loss=0.309854 lr=7.155e-06
[train] step=5377 loss=0.239295 lr=7.154e-06
[train] step=5378 loss=0.363309 lr=7.154e-06
[train] step=5379 loss=0.405459 lr=7.153e-06
[train] step=5380 loss=0.310001 lr=7.152e-06
[train] step=5381 loss=0.264807 lr=7.151e-06
[train] step=5382 loss=0.490094 lr=7.150e-06
[train] step=5383 loss=0.383805 lr=7.149e-06
[train] step=5384 loss=0.538803 lr=7.148e-06
[train] step=5385 loss=0.319288 lr=7.147e-06
[train] step=5386 loss=0.392768 lr=7.146e-06
[train] step=5387 loss=0.427189 lr=7.145e-06
[train] step=5388 loss=0.409668 lr=7.144e-06
[train] step=5389 loss=0.506921 lr=7.143e-06
[train] step=5390 loss=0.434764 lr=7.142e-06
[train] step=5391 loss=0.319865 lr=7.141e-06
[train] step=5392 loss=0.379006 lr=7.140e-06
[train] step=5393 loss=0.470694 lr=7.139e-06
[train] step=5394 loss=0.461003 lr=7.138e-06
[train] step=5395 loss=0.419685 lr=7.137e-06
[train] step=5396 loss=0.339578 lr=7.136e-06
[train] step=5397 loss=0.387570 lr=7.136e-06
[train] step=5398 loss=0.356786 lr=7.135e-06
[train] step=5399 loss=0.367384 lr=7.134e-06
[train] step=5400 loss=0.369633 lr=7.133e-06
[val] step=5400 val_loss=0.390884
INFO     [rank 0] Model weights for step 5400 saved in       dit_trainer.py:1288
         checkpoints/model_weights_step_05400.safetensors                       
INFO     [rank 0] Scalar embedding weights for step 5400     dit_trainer.py:1297
         saved                                                                  
INFO     [rank 0] Training state saved:                      dit_trainer.py:1416
         checkpoints/model_weights_step_05400.state.pt                          
INFO     [rank 0] New best checkpoint (step 5400,            dit_trainer.py:1320
         val_loss=0.390884):                                                    
         checkpoints/model_weights_best.safetensors                             
DEBUG    [rank 0] Removed old checkpoint:                    dit_trainer.py:1429
         /local/disk/hramachandran/work/wh_work/windinet/dit                    
         _outputs/lundquist/dit_cosine_kl0_15k/checkpoints/m                    
         odel_weights_step_05160.safetensors                                    
DEBUG    [rank 0] Removed old checkpoint:                    dit_trainer.py:1429
         /local/disk/hramachandran/work/wh_work/windinet/dit                    
         _outputs/lundquist/dit_cosine_kl0_15k/checkpoints/s                    
         calar_embedding_step_05160.safetensors                                 
DEBUG    [rank 0] Removed optimizer state for older kept     dit_trainer.py:1444
         checkpoint:                                                            
         /local/disk/hramachandran/work/wh_work/windinet/dit                    
         _outputs/lundquist/dit_cosine_kl0_15k/checkpoints/m                    
         odel_weights_step_05280.state.pt                                       
[epoch 45] step=5400 train_loss=0.366103 val_loss=0.390884
[train] step=5401 loss=0.381693 lr=7.132e-06
[train] step=5402 loss=0.291111 lr=7.131e-06
[train] step=5403 loss=0.377523 lr=7.130e-06
[train] step=5404 loss=0.295809 lr=7.129e-06
[train] step=5405 loss=0.249519 lr=7.128e-06
[train] step=5406 loss=0.373232 lr=7.127e-06
[train] step=5407 loss=0.487860 lr=7.126e-06
[train] step=5408 loss=0.344743 lr=7.125e-06
[train] step=5409 loss=0.199726 lr=7.124e-06
[train] step=5410 loss=0.472935 lr=7.123e-06
[train] step=5411 loss=0.300231 lr=7.122e-06
[train] step=5412 loss=0.350576 lr=7.121e-06
[train] step=5413 loss=0.388092 lr=7.120e-06
[train] step=5414 loss=0.468942 lr=7.119e-06
[train] step=5415 loss=0.406373 lr=7.119e-06
[train] step=5416 loss=0.205404 lr=7.118e-06
[train] step=5417 loss=0.342831 lr=7.117e-06
[train] step=5418 loss=0.365543 lr=7.116e-06
[train] step=5419 loss=0.428594 lr=7.115e-06
[train] step=5420 loss=0.374457 lr=7.114e-06
[train] step=5421 loss=0.352551 lr=7.113e-06
[train] step=5422 loss=0.423590 lr=7.112e-06
[train] step=5423 loss=0.474680 lr=7.111e-06
[train] step=5424 loss=0.351707 lr=7.110e-06
[train] step=5425 loss=0.330825 lr=7.109e-06
[train] step=5426 loss=0.224923 lr=7.108e-06
[train] step=5427 loss=0.370704 lr=7.107e-06
[train] step=5428 loss=0.419230 lr=7.106e-06
[train] step=5429 loss=0.461943 lr=7.105e-06
[train] step=5430 loss=0.311808 lr=7.104e-06
[train] step=5431 loss=0.425423 lr=7.103e-06
[train] step=5432 loss=0.274190 lr=7.102e-06
[train] step=5433 loss=0.375189 lr=7.101e-06
[train] step=5434 loss=0.474064 lr=7.100e-06
[train] step=5435 loss=0.315331 lr=7.100e-06
[train] step=5436 loss=0.238838 lr=7.099e-06
[train] step=5437 loss=0.379397 lr=7.098e-06
[train] step=5438 loss=0.380543 lr=7.097e-06
[train] step=5439 loss=0.228458 lr=7.096e-06
[train] step=5440 loss=0.361066 lr=7.095e-06
[train] step=5441 loss=0.446525 lr=7.094e-06
[train] step=5442 loss=0.300206 lr=7.093e-06
[train] step=5443 loss=0.483790 lr=7.092e-06
[train] step=5444 loss=0.304720 lr=7.091e-06
[train] step=5445 loss=0.234518 lr=7.090e-06
[train] step=5446 loss=0.479367 lr=7.089e-06
[train] step=5447 loss=0.355493 lr=7.088e-06
[train] step=5448 loss=0.487417 lr=7.087e-06
[train] step=5449 loss=0.351473 lr=7.086e-06
[train] step=5450 loss=0.251002 lr=7.085e-06
[train] step=5451 loss=0.517025 lr=7.084e-06
[train] step=5452 loss=0.441027 lr=7.083e-06
[train] step=5453 loss=0.436726 lr=7.082e-06
[train] step=5454 loss=0.344379 lr=7.081e-06
[train] step=5455 loss=0.255855 lr=7.081e-06
[train] step=5456 loss=0.389333 lr=7.080e-06
[train] step=5457 loss=0.369493 lr=7.079e-06
[train] step=5458 loss=0.453523 lr=7.078e-06
[train] step=5459 loss=0.422651 lr=7.077e-06
[train] step=5460 loss=0.338864 lr=7.076e-06
[train] step=5461 loss=0.317334 lr=7.075e-06
[train] step=5462 loss=0.304157 lr=7.074e-06
[train] step=5463 loss=0.572631 lr=7.073e-06
[train] step=5464 loss=0.240479 lr=7.072e-06
[train] step=5465 loss=0.316405 lr=7.071e-06
[train] step=5466 loss=0.358770 lr=7.070e-06
[train] step=5467 loss=0.553685 lr=7.069e-06
[train] step=5468 loss=0.474376 lr=7.068e-06
[train] step=5469 loss=0.443467 lr=7.067e-06
[train] step=5470 loss=0.279523 lr=7.066e-06
[train] step=5471 loss=0.420984 lr=7.065e-06
[train] step=5472 loss=0.332128 lr=7.064e-06
[train] step=5473 loss=0.373727 lr=7.063e-06
[train] step=5474 loss=0.390339 lr=7.062e-06
[train] step=5475 loss=0.320260 lr=7.061e-06
[train] step=5476 loss=0.351858 lr=7.061e-06
[train] step=5477 loss=0.302236 lr=7.060e-06
[train] step=5478 loss=0.232022 lr=7.059e-06
[train] step=5479 loss=0.313055 lr=7.058e-06
[train] step=5480 loss=0.259711 lr=7.057e-06
[train] step=5481 loss=0.280961 lr=7.056e-06
[train] step=5482 loss=0.425581 lr=7.055e-06
[train] step=5483 loss=0.523671 lr=7.054e-06
[train] step=5484 loss=0.415977 lr=7.053e-06
[train] step=5485 loss=0.358739 lr=7.052e-06
[train] step=5486 loss=0.364658 lr=7.051e-06
[train] step=5487 loss=0.337197 lr=7.050e-06
[train] step=5488 loss=0.385276 lr=7.049e-06
[train] step=5489 loss=0.354104 lr=7.048e-06
[train] step=5490 loss=0.412830 lr=7.047e-06
[train] step=5491 loss=0.520706 lr=7.046e-06
[train] step=5492 loss=0.421896 lr=7.045e-06
[train] step=5493 loss=0.471578 lr=7.044e-06
[train] step=5494 loss=0.362873 lr=7.043e-06
[train] step=5495 loss=0.309481 lr=7.042e-06
[train] step=5496 loss=0.395206 lr=7.041e-06
[train] step=5497 loss=0.381357 lr=7.040e-06
[train] step=5498 loss=0.220695 lr=7.040e-06
[train] step=5499 loss=0.458447 lr=7.039e-06
[train] step=5500 loss=0.401878 lr=7.038e-06
[train] step=5501 loss=0.285873 lr=7.037e-06
[train] step=5502 loss=0.500251 lr=7.036e-06
[train] step=5503 loss=0.364070 lr=7.035e-06
[train] step=5504 loss=0.410000 lr=7.034e-06
[train] step=5505 loss=0.485698 lr=7.033e-06
[train] step=5506 loss=0.365794 lr=7.032e-06
[train] step=5507 loss=0.515970 lr=7.031e-06
[train] step=5508 loss=0.381390 lr=7.030e-06
[train] step=5509 loss=0.317825 lr=7.029e-06
[train] step=5510 loss=0.345666 lr=7.028e-06
[train] step=5511 loss=0.272845 lr=7.027e-06
[train] step=5512 loss=0.577951 lr=7.026e-06
[train] step=5513 loss=0.306470 lr=7.025e-06
[train] step=5514 loss=0.270148 lr=7.024e-06
[train] step=5515 loss=0.441476 lr=7.023e-06
[train] step=5516 loss=0.317610 lr=7.022e-06
[train] step=5517 loss=0.377054 lr=7.021e-06
[train] step=5518 loss=0.426576 lr=7.020e-06
[train] step=5519 loss=0.448872 lr=7.019e-06
[train] step=5520 loss=0.416742 lr=7.018e-06
INFO     [rank 0] Model weights for step 5520 saved in       dit_trainer.py:1288
         checkpoints/model_weights_step_05520.safetensors                       
INFO     [rank 0] Scalar embedding weights for step 5520     dit_trainer.py:1297
         saved                                                                  
INFO     [rank 0] Training state saved:                      dit_trainer.py:1416
         checkpoints/model_weights_step_05520.state.pt                          
DEBUG    [rank 0] Removed old checkpoint:                    dit_trainer.py:1429
         /local/disk/hramachandran/work/wh_work/windinet/dit                    
         _outputs/lundquist/dit_cosine_kl0_15k/checkpoints/m                    
         odel_weights_step_05280.safetensors                                    
DEBUG    [rank 0] Removed old checkpoint:                    dit_trainer.py:1429
         /local/disk/hramachandran/work/wh_work/windinet/dit                    
         _outputs/lundquist/dit_cosine_kl0_15k/checkpoints/s                    
         calar_embedding_step_05280.safetensors                                 
DEBUG    [rank 0] Removed optimizer state for older kept     dit_trainer.py:1444
         checkpoint:                                                            
         /local/disk/hramachandran/work/wh_work/windinet/dit                    
         _outputs/lundquist/dit_cosine_kl0_15k/checkpoints/m                    
         odel_weights_step_05400.state.pt                                       
[epoch 46] step=5520 train_loss=0.372371
[train] step=5521 loss=0.359967 lr=7.018e-06
[train] step=5522 loss=0.449152 lr=7.017e-06
[train] step=5523 loss=0.275755 lr=7.016e-06
[train] step=5524 loss=0.459022 lr=7.015e-06
[train] step=5525 loss=0.530895 lr=7.014e-06
[train] step=5526 loss=0.508997 lr=7.013e-06
[train] step=5527 loss=0.315390 lr=7.012e-06
[train] step=5528 loss=0.526093 lr=7.011e-06
[train] step=5529 loss=0.316402 lr=7.010e-06
[train] step=5530 loss=0.501930 lr=7.009e-06
[train] step=5531 loss=0.465066 lr=7.008e-06
[train] step=5532 loss=0.292149 lr=7.007e-06
[train] step=5533 loss=0.412777 lr=7.006e-06
[train] step=5534 loss=0.351492 lr=7.005e-06
[train] step=5535 loss=0.274355 lr=7.004e-06
[train] step=5536 loss=0.315552 lr=7.003e-06
[train] step=5537 loss=0.261210 lr=7.002e-06
[train] step=5538 loss=0.520705 lr=7.001e-06
[train] step=5539 loss=0.376646 lr=7.000e-06
[train] step=5540 loss=0.247733 lr=6.999e-06
[train] step=5541 loss=0.338622 lr=6.998e-06
[train] step=5542 loss=0.501975 lr=6.997e-06
[train] step=5543 loss=0.446651 lr=6.996e-06
[train] step=5544 loss=0.484969 lr=6.995e-06
[train] step=5545 loss=0.380143 lr=6.995e-06
[train] step=5546 loss=0.402373 lr=6.994e-06
[train] step=5547 loss=0.326089 lr=6.993e-06
[train] step=5548 loss=0.366088 lr=6.992e-06
[train] step=5549 loss=0.282651 lr=6.991e-06
[train] step=5550 loss=0.497126 lr=6.990e-06
[train] step=5551 loss=0.455363 lr=6.989e-06
[train] step=5552 loss=0.343185 lr=6.988e-06
[train] step=5553 loss=0.415735 lr=6.987e-06
[train] step=5554 loss=0.328846 lr=6.986e-06
[train] step=5555 loss=0.325579 lr=6.985e-06
[train] step=5556 loss=0.378540 lr=6.984e-06
[train] step=5557 loss=0.257256 lr=6.983e-06
[train] step=5558 loss=0.437959 lr=6.982e-06
[train] step=5559 loss=0.162901 lr=6.981e-06
[train] step=5560 loss=0.389828 lr=6.980e-06
[train] step=5561 loss=0.283139 lr=6.979e-06
[train] step=5562 loss=0.326084 lr=6.978e-06
[train] step=5563 loss=0.514021 lr=6.977e-06
[train] step=5564 loss=0.239235 lr=6.976e-06
[train] step=5565 loss=0.279280 lr=6.975e-06
[train] step=5566 loss=0.414513 lr=6.974e-06
[train] step=5567 loss=0.334000 lr=6.973e-06
[train] step=5568 loss=0.304825 lr=6.972e-06
[train] step=5569 loss=0.314798 lr=6.971e-06
[train] step=5570 loss=0.398808 lr=6.970e-06
[train] step=5571 loss=0.286002 lr=6.970e-06
[train] step=5572 loss=0.348466 lr=6.969e-06
[train] step=5573 loss=0.303169 lr=6.968e-06
[train] step=5574 loss=0.492028 lr=6.967e-06
[train] step=5575 loss=0.216696 lr=6.966e-06
[train] step=5576 loss=0.417189 lr=6.965e-06
[train] step=5577 loss=0.254896 lr=6.964e-06
[train] step=5578 loss=0.280096 lr=6.963e-06
[train] step=5579 loss=0.301138 lr=6.962e-06
[train] step=5580 loss=0.395247 lr=6.961e-06
[train] step=5581 loss=0.328693 lr=6.960e-06
[train] step=5582 loss=0.325133 lr=6.959e-06
[train] step=5583 loss=0.292344 lr=6.958e-06
[train] step=5584 loss=0.348040 lr=6.957e-06
[train] step=5585 loss=0.301922 lr=6.956e-06
[train] step=5586 loss=0.436717 lr=6.955e-06
[train] step=5587 loss=0.419066 lr=6.954e-06
[train] step=5588 loss=0.338772 lr=6.953e-06
[train] step=5589 loss=0.298197 lr=6.952e-06
[train] step=5590 loss=0.482428 lr=6.951e-06
[train] step=5591 loss=0.375687 lr=6.950e-06
[train] step=5592 loss=0.465147 lr=6.949e-06
[train] step=5593 loss=0.617147 lr=6.948e-06
[train] step=5594 loss=0.248269 lr=6.947e-06
[train] step=5595 loss=0.349059 lr=6.946e-06
[train] step=5596 loss=0.302724 lr=6.945e-06
[train] step=5597 loss=0.372992 lr=6.944e-06
[train] step=5598 loss=0.479280 lr=6.944e-06
[train] step=5599 loss=0.300932 lr=6.943e-06
[train] step=5600 loss=0.234816 lr=6.942e-06
[train] step=5601 loss=0.422714 lr=6.941e-06
[train] step=5602 loss=0.364049 lr=6.940e-06
[train] step=5603 loss=0.304707 lr=6.939e-06
[train] step=5604 loss=0.354269 lr=6.938e-06
[train] step=5605 loss=0.432469 lr=6.937e-06
[train] step=5606 loss=0.276829 lr=6.936e-06
[train] step=5607 loss=0.350960 lr=6.935e-06
[train] step=5608 loss=0.533913 lr=6.934e-06
[train] step=5609 loss=0.253430 lr=6.933e-06
[train] step=5610 loss=0.398560 lr=6.932e-06
[train] step=5611 loss=0.252349 lr=6.931e-06
[train] step=5612 loss=0.463962 lr=6.930e-06
[train] step=5613 loss=0.357132 lr=6.929e-06
[train] step=5614 loss=0.306931 lr=6.928e-06
[train] step=5615 loss=0.392803 lr=6.927e-06
[train] step=5616 loss=0.358587 lr=6.926e-06
[train] step=5617 loss=0.410892 lr=6.925e-06
[train] step=5618 loss=0.494721 lr=6.924e-06
[train] step=5619 loss=0.370631 lr=6.923e-06
[train] step=5620 loss=0.351924 lr=6.922e-06
[train] step=5621 loss=0.409548 lr=6.921e-06
[train] step=5622 loss=0.343435 lr=6.920e-06
[train] step=5623 loss=0.469068 lr=6.919e-06
[train] step=5624 loss=0.334080 lr=6.918e-06
[train] step=5625 loss=0.328260 lr=6.917e-06
[train] step=5626 loss=0.308789 lr=6.917e-06
[train] step=5627 loss=0.316141 lr=6.916e-06
[train] step=5628 loss=0.481634 lr=6.915e-06
[train] step=5629 loss=0.412865 lr=6.914e-06
[train] step=5630 loss=0.428508 lr=6.913e-06
[train] step=5631 loss=0.216439 lr=6.912e-06
[train] step=5632 loss=0.463418 lr=6.911e-06
[train] step=5633 loss=0.421762 lr=6.910e-06
[train] step=5634 loss=0.419188 lr=6.909e-06
[train] step=5635 loss=0.450527 lr=6.908e-06
[train] step=5636 loss=0.411448 lr=6.907e-06
[train] step=5637 loss=0.294504 lr=6.906e-06
[train] step=5638 loss=0.470152 lr=6.905e-06
[train] step=5639 loss=0.433990 lr=6.904e-06
[train] step=5640 loss=0.594750 lr=6.903e-06
INFO     [rank 0] Model weights for step 5640 saved in       dit_trainer.py:1288
         checkpoints/model_weights_step_05640.safetensors                       
INFO     [rank 0] Scalar embedding weights for step 5640     dit_trainer.py:1297
         saved                                                                  
INFO     [rank 0] Training state saved:                      dit_trainer.py:1416
         checkpoints/model_weights_step_05640.state.pt                          
DEBUG    [rank 0] Removed old checkpoint:                    dit_trainer.py:1429
         /local/disk/hramachandran/work/wh_work/windinet/dit                    
         _outputs/lundquist/dit_cosine_kl0_15k/checkpoints/m                    
         odel_weights_step_05400.safetensors                                    
DEBUG    [rank 0] Removed old checkpoint:                    dit_trainer.py:1429
         /local/disk/hramachandran/work/wh_work/windinet/dit                    
         _outputs/lundquist/dit_cosine_kl0_15k/checkpoints/s                    
         calar_embedding_step_05400.safetensors                                 
DEBUG    [rank 0] Removed optimizer state for older kept     dit_trainer.py:1444
         checkpoint:                                                            
         /local/disk/hramachandran/work/wh_work/windinet/dit                    
         _outputs/lundquist/dit_cosine_kl0_15k/checkpoints/m                    
         odel_weights_step_05520.state.pt                                       
[epoch 47] step=5640 train_loss=0.371554
[train] step=5641 loss=0.334306 lr=6.902e-06
[train] step=5642 loss=0.342859 lr=6.901e-06
[train] step=5643 loss=0.301862 lr=6.900e-06
[train] step=5644 loss=0.415990 lr=6.899e-06
[train] step=5645 loss=0.345286 lr=6.898e-06
[train] step=5646 loss=0.559714 lr=6.897e-06
[train] step=5647 loss=0.329828 lr=6.896e-06
[train] step=5648 loss=0.387763 lr=6.895e-06
[train] step=5649 loss=0.423083 lr=6.894e-06
[train] step=5650 loss=0.290372 lr=6.893e-06
[train] step=5651 loss=0.351431 lr=6.892e-06
[train] step=5652 loss=0.371097 lr=6.891e-06
[train] step=5653 loss=0.313404 lr=6.890e-06
[train] step=5654 loss=0.323503 lr=6.889e-06
[train] step=5655 loss=0.339744 lr=6.888e-06
[train] step=5656 loss=0.359804 lr=6.887e-06
[train] step=5657 loss=0.338813 lr=6.887e-06
[train] step=5658 loss=0.285017 lr=6.886e-06
[train] step=5659 loss=0.360040 lr=6.885e-06
[train] step=5660 loss=0.334519 lr=6.884e-06
[train] step=5661 loss=0.213609 lr=6.883e-06
[train] step=5662 loss=0.313328 lr=6.882e-06
[train] step=5663 loss=0.407764 lr=6.881e-06
[train] step=5664 loss=0.373623 lr=6.880e-06
[train] step=5665 loss=0.440451 lr=6.879e-06
[train] step=5666 loss=0.355451 lr=6.878e-06
[train] step=5667 loss=0.259284 lr=6.877e-06
[train] step=5668 loss=0.423903 lr=6.876e-06
[train] step=5669 loss=0.467087 lr=6.875e-06
[train] step=5670 loss=0.332981 lr=6.874e-06
[train] step=5671 loss=0.323027 lr=6.873e-06
[train] step=5672 loss=0.450311 lr=6.872e-06
[train] step=5673 loss=0.441095 lr=6.871e-06
[train] step=5674 loss=0.315859 lr=6.870e-06
[train] step=5675 loss=0.406625 lr=6.869e-06
[train] step=5676 loss=0.272567 lr=6.868e-06
[train] step=5677 loss=0.389699 lr=6.867e-06
[train] step=5678 loss=0.392215 lr=6.866e-06
[train] step=5679 loss=0.497925 lr=6.865e-06
[train] step=5680 loss=0.381786 lr=6.864e-06
[train] step=5681 loss=0.331009 lr=6.863e-06
[train] step=5682 loss=0.395030 lr=6.862e-06
[train] step=5683 loss=0.356559 lr=6.861e-06
[train] step=5684 loss=0.301470 lr=6.860e-06
[train] step=5685 loss=0.283320 lr=6.859e-06
[train] step=5686 loss=0.311194 lr=6.858e-06
[train] step=5687 loss=0.338812 lr=6.857e-06
[train] step=5688 loss=0.235970 lr=6.856e-06
[train] step=5689 loss=0.451117 lr=6.855e-06
[train] step=5690 loss=0.323406 lr=6.854e-06
[train] step=5691 loss=0.243569 lr=6.854e-06
[train] step=5692 loss=0.439706 lr=6.853e-06
[train] step=5693 loss=0.405677 lr=6.852e-06
[train] step=5694 loss=0.383138 lr=6.851e-06
[train] step=5695 loss=0.291867 lr=6.850e-06
[train] step=5696 loss=0.286968 lr=6.849e-06
[train] step=5697 loss=0.254903 lr=6.848e-06
[train] step=5698 loss=0.304745 lr=6.847e-06
[train] step=5699 loss=0.342224 lr=6.846e-06
[train] step=5700 loss=0.582850 lr=6.845e-06
[train] step=5701 loss=0.373857 lr=6.844e-06
[train] step=5702 loss=0.461923 lr=6.843e-06
[train] step=5703 loss=0.260420 lr=6.842e-06
[train] step=5704 loss=0.243012 lr=6.841e-06
[train] step=5705 loss=0.367988 lr=6.840e-06
[train] step=5706 loss=0.321720 lr=6.839e-06
[train] step=5707 loss=0.196208 lr=6.838e-06
[train] step=5708 loss=0.391190 lr=6.837e-06
[train] step=5709 loss=0.308241 lr=6.836e-06
[train] step=5710 loss=0.362273 lr=6.835e-06
[train] step=5711 loss=0.196706 lr=6.834e-06
[train] step=5712 loss=0.483857 lr=6.833e-06
[train] step=5713 loss=0.346632 lr=6.832e-06
[train] step=5714 loss=0.366328 lr=6.831e-06
[train] step=5715 loss=0.348860 lr=6.830e-06
[train] step=5716 loss=0.564617 lr=6.829e-06
[train] step=5717 loss=0.312654 lr=6.828e-06
[train] step=5718 loss=0.296231 lr=6.827e-06
[train] step=5719 loss=0.442929 lr=6.826e-06
[train] step=5720 loss=0.411392 lr=6.825e-06
[train] step=5721 loss=0.328593 lr=6.824e-06
[train] step=5722 loss=0.373137 lr=6.823e-06
[train] step=5723 loss=0.366479 lr=6.822e-06
[train] step=5724 loss=0.378331 lr=6.821e-06
[train] step=5725 loss=0.390238 lr=6.820e-06
[train] step=5726 loss=0.290925 lr=6.819e-06
[train] step=5727 loss=0.280314 lr=6.818e-06
[train] step=5728 loss=0.274456 lr=6.817e-06
[train] step=5729 loss=0.248393 lr=6.817e-06
[train] step=5730 loss=0.349042 lr=6.816e-06
[train] step=5731 loss=0.398179 lr=6.815e-06
[train] step=5732 loss=0.506004 lr=6.814e-06
[train] step=5733 loss=0.390883 lr=6.813e-06
[train] step=5734 loss=0.308089 lr=6.812e-06
[train] step=5735 loss=0.624495 lr=6.811e-06
[train] step=5736 loss=0.403148 lr=6.810e-06
[train] step=5737 loss=0.436922 lr=6.809e-06
[train] step=5738 loss=0.237043 lr=6.808e-06
[train] step=5739 loss=0.324045 lr=6.807e-06
[train] step=5740 loss=0.344126 lr=6.806e-06
[train] step=5741 loss=0.432901 lr=6.805e-06
[train] step=5742 loss=0.512773 lr=6.804e-06
[train] step=5743 loss=0.421738 lr=6.803e-06
[train] step=5744 loss=0.321228 lr=6.802e-06
[train] step=5745 loss=0.284572 lr=6.801e-06
[train] step=5746 loss=0.393687 lr=6.800e-06
[train] step=5747 loss=0.362715 lr=6.799e-06
[train] step=5748 loss=0.227859 lr=6.798e-06
[train] step=5749 loss=0.414528 lr=6.797e-06
[train] step=5750 loss=0.339477 lr=6.796e-06
[train] step=5751 loss=0.242610 lr=6.795e-06
[train] step=5752 loss=0.268697 lr=6.794e-06
[train] step=5753 loss=0.378469 lr=6.793e-06
[train] step=5754 loss=0.370282 lr=6.792e-06
[train] step=5755 loss=0.307437 lr=6.791e-06
[train] step=5756 loss=0.446314 lr=6.790e-06
[train] step=5757 loss=0.209355 lr=6.789e-06
[train] step=5758 loss=0.364814 lr=6.788e-06
[train] step=5759 loss=0.391564 lr=6.787e-06
[train] step=5760 loss=0.360277 lr=6.786e-06
INFO     [rank 0] Model weights for step 5760 saved in       dit_trainer.py:1288
         checkpoints/model_weights_step_05760.safetensors                       
INFO     [rank 0] Scalar embedding weights for step 5760     dit_trainer.py:1297
         saved                                                                  
INFO     [rank 0] Training state saved:                      dit_trainer.py:1416
         checkpoints/model_weights_step_05760.state.pt                          
DEBUG    [rank 0] Removed old checkpoint:                    dit_trainer.py:1429
         /local/disk/hramachandran/work/wh_work/windinet/dit                    
         _outputs/lundquist/dit_cosine_kl0_15k/checkpoints/m                    
         odel_weights_step_05520.safetensors                                    
DEBUG    [rank 0] Removed old checkpoint:                    dit_trainer.py:1429
         /local/disk/hramachandran/work/wh_work/windinet/dit                    
         _outputs/lundquist/dit_cosine_kl0_15k/checkpoints/s                    
         calar_embedding_step_05520.safetensors                                 
DEBUG    [rank 0] Removed optimizer state for older kept     dit_trainer.py:1444
         checkpoint:                                                            
         /local/disk/hramachandran/work/wh_work/windinet/dit                    
         _outputs/lundquist/dit_cosine_kl0_15k/checkpoints/m                    
         odel_weights_step_05640.state.pt                                       
[epoch 48] step=5760 train_loss=0.358552
[train] step=5761 loss=0.469616 lr=6.785e-06
[train] step=5762 loss=0.438443 lr=6.784e-06
[train] step=5763 loss=0.320401 lr=6.783e-06
[train] step=5764 loss=0.348780 lr=6.782e-06
[train] step=5765 loss=0.427304 lr=6.781e-06
[train] step=5766 loss=0.300699 lr=6.780e-06
[train] step=5767 loss=0.467092 lr=6.779e-06
[train] step=5768 loss=0.299259 lr=6.778e-06
[train] step=5769 loss=0.276823 lr=6.777e-06
[train] step=5770 loss=0.478255 lr=6.776e-06
[train] step=5771 loss=0.321544 lr=6.775e-06
[train] step=5772 loss=0.588295 lr=6.775e-06
[train] step=5773 loss=0.440680 lr=6.774e-06
[train] step=5774 loss=0.307880 lr=6.773e-06
[train] step=5775 loss=0.375222 lr=6.772e-06
[train] step=5776 loss=0.408472 lr=6.771e-06
[train] step=5777 loss=0.332543 lr=6.770e-06
[train] step=5778 loss=0.390764 lr=6.769e-06
[train] step=5779 loss=0.403424 lr=6.768e-06
[train] step=5780 loss=0.444610 lr=6.767e-06
[train] step=5781 loss=0.314684 lr=6.766e-06
[train] step=5782 loss=0.328879 lr=6.765e-06
[train] step=5783 loss=0.394935 lr=6.764e-06
[train] step=5784 loss=0.224811 lr=6.763e-06
[train] step=5785 loss=0.269921 lr=6.762e-06
[train] step=5786 loss=0.323493 lr=6.761e-06
[train] step=5787 loss=0.326677 lr=6.760e-06
[train] step=5788 loss=0.629562 lr=6.759e-06
[train] step=5789 loss=0.337121 lr=6.758e-06
[train] step=5790 loss=0.432242 lr=6.757e-06
[train] step=5791 loss=0.479358 lr=6.756e-06
[train] step=5792 loss=0.366887 lr=6.755e-06
[train] step=5793 loss=0.289995 lr=6.754e-06
[train] step=5794 loss=0.217442 lr=6.753e-06
[train] step=5795 loss=0.375228 lr=6.752e-06
[train] step=5796 loss=0.429813 lr=6.751e-06
[train] step=5797 loss=0.320196 lr=6.750e-06
[train] step=5798 loss=0.416154 lr=6.749e-06
[train] step=5799 loss=0.260371 lr=6.748e-06
[train] step=5800 loss=0.281775 lr=6.747e-06
[train] step=5801 loss=0.300827 lr=6.746e-06
[train] step=5802 loss=0.355257 lr=6.745e-06
[train] step=5803 loss=0.455274 lr=6.744e-06
[train] step=5804 loss=0.405000 lr=6.743e-06
[train] step=5805 loss=0.388189 lr=6.742e-06
[train] step=5806 loss=0.218017 lr=6.741e-06
[train] step=5807 loss=0.374825 lr=6.740e-06
[train] step=5808 loss=0.481825 lr=6.739e-06
[train] step=5809 loss=0.349437 lr=6.738e-06
[train] step=5810 loss=0.211677 lr=6.737e-06
[train] step=5811 loss=0.394254 lr=6.736e-06
[train] step=5812 loss=0.347332 lr=6.735e-06
[train] step=5813 loss=0.321426 lr=6.734e-06
[train] step=5814 loss=0.433697 lr=6.733e-06
[train] step=5815 loss=0.320837 lr=6.732e-06
[train] step=5816 loss=0.300791 lr=6.731e-06
[train] step=5817 loss=0.463078 lr=6.730e-06
[train] step=5818 loss=0.420681 lr=6.729e-06
[train] step=5819 loss=0.462663 lr=6.728e-06
[train] step=5820 loss=0.333113 lr=6.727e-06
[train] step=5821 loss=0.478175 lr=6.726e-06
[train] step=5822 loss=0.607362 lr=6.726e-06
[train] step=5823 loss=0.307245 lr=6.725e-06
[train] step=5824 loss=0.355824 lr=6.724e-06
[train] step=5825 loss=0.215118 lr=6.723e-06
[train] step=5826 loss=0.408243 lr=6.722e-06
[train] step=5827 loss=0.432538 lr=6.721e-06
[train] step=5828 loss=0.478154 lr=6.720e-06
[train] step=5829 loss=0.324805 lr=6.719e-06
[train] step=5830 loss=0.233426 lr=6.718e-06
[train] step=5831 loss=0.353903 lr=6.717e-06
[train] step=5832 loss=0.343001 lr=6.716e-06
[train] step=5833 loss=0.373028 lr=6.715e-06
[train] step=5834 loss=0.326322 lr=6.714e-06
[train] step=5835 loss=0.374125 lr=6.713e-06
[train] step=5836 loss=0.272129 lr=6.712e-06
[train] step=5837 loss=0.330151 lr=6.711e-06
[train] step=5838 loss=0.407637 lr=6.710e-06
[train] step=5839 loss=0.473351 lr=6.709e-06
[train] step=5840 loss=0.534412 lr=6.708e-06
[train] step=5841 loss=0.357201 lr=6.707e-06
[train] step=5842 loss=0.452602 lr=6.706e-06
[train] step=5843 loss=0.384896 lr=6.705e-06
[train] step=5844 loss=0.312016 lr=6.704e-06
[train] step=5845 loss=0.248820 lr=6.703e-06
[train] step=5846 loss=0.479933 lr=6.702e-06
[train] step=5847 loss=0.332194 lr=6.701e-06
[train] step=5848 loss=0.464122 lr=6.700e-06
[train] step=5849 loss=0.274428 lr=6.699e-06
[train] step=5850 loss=0.375252 lr=6.698e-06
[train] step=5851 loss=0.408235 lr=6.697e-06
[train] step=5852 loss=0.336990 lr=6.696e-06
[train] step=5853 loss=0.303455 lr=6.695e-06
[train] step=5854 loss=0.223421 lr=6.694e-06
[train] step=5855 loss=0.252553 lr=6.693e-06
[train] step=5856 loss=0.373466 lr=6.692e-06
[train] step=5857 loss=0.331782 lr=6.691e-06
[train] step=5858 loss=0.493184 lr=6.690e-06
[train] step=5859 loss=0.335940 lr=6.689e-06
[train] step=5860 loss=0.409812 lr=6.688e-06
[train] step=5861 loss=0.400265 lr=6.687e-06
[train] step=5862 loss=0.381330 lr=6.686e-06
[train] step=5863 loss=0.326982 lr=6.685e-06
[train] step=5864 loss=0.456887 lr=6.684e-06
[train] step=5865 loss=0.435260 lr=6.683e-06
[train] step=5866 loss=0.413635 lr=6.682e-06
[train] step=5867 loss=0.453412 lr=6.681e-06
[train] step=5868 loss=0.399966 lr=6.680e-06
[train] step=5869 loss=0.426304 lr=6.679e-06
[train] step=5870 loss=0.259144 lr=6.678e-06
[train] step=5871 loss=0.306660 lr=6.677e-06
[train] step=5872 loss=0.391626 lr=6.676e-06
[train] step=5873 loss=0.508990 lr=6.675e-06
[train] step=5874 loss=0.407280 lr=6.674e-06
[train] step=5875 loss=0.413713 lr=6.673e-06
[train] step=5876 loss=0.307931 lr=6.672e-06
[train] step=5877 loss=0.294708 lr=6.671e-06
[train] step=5878 loss=0.421656 lr=6.670e-06
[train] step=5879 loss=0.424146 lr=6.669e-06
[train] step=5880 loss=0.241484 lr=6.668e-06
INFO     [rank 0] Model weights for step 5880 saved in       dit_trainer.py:1288
         checkpoints/model_weights_step_05880.safetensors                       
INFO     [rank 0] Scalar embedding weights for step 5880     dit_trainer.py:1297
         saved                                                                  
INFO     [rank 0] Training state saved:                      dit_trainer.py:1416
         checkpoints/model_weights_step_05880.state.pt                          
DEBUG    [rank 0] Removed old checkpoint:                    dit_trainer.py:1429
         /local/disk/hramachandran/work/wh_work/windinet/dit                    
         _outputs/lundquist/dit_cosine_kl0_15k/checkpoints/m                    
         odel_weights_step_05640.safetensors                                    
DEBUG    [rank 0] Removed old checkpoint:                    dit_trainer.py:1429
         /local/disk/hramachandran/work/wh_work/windinet/dit                    
         _outputs/lundquist/dit_cosine_kl0_15k/checkpoints/s                    
         calar_embedding_step_05640.safetensors                                 
DEBUG    [rank 0] Removed optimizer state for older kept     dit_trainer.py:1444
         checkpoint:                                                            
         /local/disk/hramachandran/work/wh_work/windinet/dit                    
         _outputs/lundquist/dit_cosine_kl0_15k/checkpoints/m                    
         odel_weights_step_05760.state.pt                                       
[epoch 49] step=5880 train_loss=0.373061
[train] step=5881 loss=0.352220 lr=6.667e-06
[train] step=5882 loss=0.452643 lr=6.666e-06
[train] step=5883 loss=0.369621 lr=6.665e-06
[train] step=5884 loss=0.544068 lr=6.664e-06
[train] step=5885 loss=0.294124 lr=6.663e-06
[train] step=5886 loss=0.532740 lr=6.663e-06
[train] step=5887 loss=0.257094 lr=6.662e-06
[train] step=5888 loss=0.423906 lr=6.661e-06
[train] step=5889 loss=0.463123 lr=6.660e-06
[train] step=5890 loss=0.349624 lr=6.659e-06
[train] step=5891 loss=0.461664 lr=6.658e-06
[train] step=5892 loss=0.471551 lr=6.657e-06
[train] step=5893 loss=0.415700 lr=6.656e-06
[train] step=5894 loss=0.366623 lr=6.655e-06
[train] step=5895 loss=0.416564 lr=6.654e-06
[train] step=5896 loss=0.229245 lr=6.653e-06
[train] step=5897 loss=0.368264 lr=6.652e-06
[train] step=5898 loss=0.329437 lr=6.651e-06
[train] step=5899 loss=0.262758 lr=6.650e-06
[train] step=5900 loss=0.413207 lr=6.649e-06
[train] step=5901 loss=0.415807 lr=6.648e-06
[train] step=5902 loss=0.314007 lr=6.647e-06
[train] step=5903 loss=0.291560 lr=6.646e-06
[train] step=5904 loss=0.351830 lr=6.645e-06
[train] step=5905 loss=0.195733 lr=6.644e-06
[train] step=5906 loss=0.285887 lr=6.643e-06
[train] step=5907 loss=0.277057 lr=6.642e-06
[train] step=5908 loss=0.378805 lr=6.641e-06
[train] step=5909 loss=0.384626 lr=6.640e-06
[train] step=5910 loss=0.323763 lr=6.639e-06
[train] step=5911 loss=0.272016 lr=6.638e-06
[train] step=5912 loss=0.317429 lr=6.637e-06
[train] step=5913 loss=0.227864 lr=6.636e-06
[train] step=5914 loss=0.256533 lr=6.635e-06
[train] step=5915 loss=0.264900 lr=6.634e-06
[train] step=5916 loss=0.338688 lr=6.633e-06
[train] step=5917 loss=0.275560 lr=6.632e-06
[train] step=5918 loss=0.377046 lr=6.631e-06
[train] step=5919 loss=0.312873 lr=6.630e-06
[train] step=5920 loss=0.299215 lr=6.629e-06
[train] step=5921 loss=0.368705 lr=6.628e-06
[train] step=5922 loss=0.262802 lr=6.627e-06
[train] step=5923 loss=0.239640 lr=6.626e-06
[train] step=5924 loss=0.419573 lr=6.625e-06
[train] step=5925 loss=0.492196 lr=6.624e-06
[train] step=5926 loss=0.486306 lr=6.623e-06
[train] step=5927 loss=0.317087 lr=6.622e-06
[train] step=5928 loss=0.247469 lr=6.621e-06
[train] step=5929 loss=0.514088 lr=6.620e-06
[train] step=5930 loss=0.347475 lr=6.619e-06
[train] step=5931 loss=0.366045 lr=6.618e-06
[train] step=5932 loss=0.400130 lr=6.617e-06
[train] step=5933 loss=0.296298 lr=6.616e-06
[train] step=5934 loss=0.215177 lr=6.615e-06
[train] step=5935 loss=0.559265 lr=6.614e-06
[train] step=5936 loss=0.369860 lr=6.613e-06
[train] step=5937 loss=0.295160 lr=6.612e-06
[train] step=5938 loss=0.390134 lr=6.611e-06
[train] step=5939 loss=0.373183 lr=6.610e-06
[train] step=5940 loss=0.499767 lr=6.609e-06
[train] step=5941 loss=0.261395 lr=6.608e-06
[train] step=5942 loss=0.273823 lr=6.607e-06
[train] step=5943 loss=0.395429 lr=6.606e-06
[train] step=5944 loss=0.259143 lr=6.605e-06
[train] step=5945 loss=0.283254 lr=6.604e-06
[train] step=5946 loss=0.407615 lr=6.603e-06
[train] step=5947 loss=0.425264 lr=6.602e-06
[train] step=5948 loss=0.471264 lr=6.601e-06
[train] step=5949 loss=0.264303 lr=6.600e-06
[train] step=5950 loss=0.336588 lr=6.599e-06
[train] step=5951 loss=0.299187 lr=6.598e-06
[train] step=5952 loss=0.248903 lr=6.597e-06
[train] step=5953 loss=0.445954 lr=6.596e-06
[train] step=5954 loss=0.254170 lr=6.595e-06
[train] step=5955 loss=0.483818 lr=6.594e-06
[train] step=5956 loss=0.456616 lr=6.593e-06
[train] step=5957 loss=0.297190 lr=6.592e-06
[train] step=5958 loss=0.207355 lr=6.591e-06
[train] step=5959 loss=0.524759 lr=6.590e-06
[train] step=5960 loss=0.325090 lr=6.589e-06
[train] step=5961 loss=0.285375 lr=6.588e-06
[train] step=5962 loss=0.347391 lr=6.587e-06
[train] step=5963 loss=0.358627 lr=6.586e-06
[train] step=5964 loss=0.418899 lr=6.585e-06
[train] step=5965 loss=0.379790 lr=6.584e-06
[train] step=5966 loss=0.203447 lr=6.583e-06
[train] step=5967 loss=0.428263 lr=6.582e-06
[train] step=5968 loss=0.350990 lr=6.581e-06
[train] step=5969 loss=0.504412 lr=6.580e-06
[train] step=5970 loss=0.343950 lr=6.579e-06
[train] step=5971 loss=0.328590 lr=6.578e-06
[train] step=5972 loss=0.386149 lr=6.577e-06
[train] step=5973 loss=0.491185 lr=6.576e-06
[train] step=5974 loss=0.263602 lr=6.575e-06
[train] step=5975 loss=0.375671 lr=6.574e-06
[train] step=5976 loss=0.210295 lr=6.573e-06
[train] step=5977 loss=0.403596 lr=6.572e-06
[train] step=5978 loss=0.360527 lr=6.571e-06
[train] step=5979 loss=0.317038 lr=6.570e-06
[train] step=5980 loss=0.328863 lr=6.569e-06
[train] step=5981 loss=0.465348 lr=6.568e-06
[train] step=5982 loss=0.442092 lr=6.567e-06
[train] step=5983 loss=0.247682 lr=6.566e-06
[train] step=5984 loss=0.395435 lr=6.565e-06
[train] step=5985 loss=0.240024 lr=6.564e-06
[train] step=5986 loss=0.571121 lr=6.563e-06
[train] step=5987 loss=0.399759 lr=6.562e-06
[train] step=5988 loss=0.359388 lr=6.561e-06
[train] step=5989 loss=0.305949 lr=6.560e-06
[train] step=5990 loss=0.295180 lr=6.559e-06
[train] step=5991 loss=0.426023 lr=6.558e-06
[train] step=5992 loss=0.274910 lr=6.557e-06
[train] step=5993 loss=0.404310 lr=6.556e-06
[train] step=5994 loss=0.379463 lr=6.556e-06
[train] step=5995 loss=0.281228 lr=6.555e-06
[train] step=5996 loss=0.468954 lr=6.554e-06
[train] step=5997 loss=0.153613 lr=6.553e-06
[train] step=5998 loss=0.366540 lr=6.552e-06
[train] step=5999 loss=0.453928 lr=6.551e-06
[train] step=6000 loss=0.420013 lr=6.550e-06
[val] step=6000 val_loss=0.387050
INFO     [rank 0] Model weights for step 6000 saved in       dit_trainer.py:1288
         checkpoints/model_weights_step_06000.safetensors                       
INFO     [rank 0] Scalar embedding weights for step 6000     dit_trainer.py:1297
         saved                                                                  
INFO     [rank 0] Training state saved:                      dit_trainer.py:1416
         checkpoints/model_weights_step_06000.state.pt                          
INFO     [rank 0] New best checkpoint (step 6000,            dit_trainer.py:1320
         val_loss=0.387050):                                                    
         checkpoints/model_weights_best.safetensors                             
DEBUG    [rank 0] Removed old checkpoint:                    dit_trainer.py:1429
         /local/disk/hramachandran/work/wh_work/windinet/dit                    
         _outputs/lundquist/dit_cosine_kl0_15k/checkpoints/m                    
         odel_weights_step_05760.safetensors                                    
DEBUG    [rank 0] Removed old checkpoint:                    dit_trainer.py:1429
         /local/disk/hramachandran/work/wh_work/windinet/dit                    
         _outputs/lundquist/dit_cosine_kl0_15k/checkpoints/s                    
         calar_embedding_step_05760.safetensors                                 
DEBUG    [rank 0] Removed optimizer state for older kept     dit_trainer.py:1444
         checkpoint:                                                            
         /local/disk/hramachandran/work/wh_work/windinet/dit                    
         _outputs/lundquist/dit_cosine_kl0_15k/checkpoints/m                    
         odel_weights_step_05880.state.pt                                       
INFO     [rank 0] Saved DiT visualization panels for    dit_visualization.py:418
         step 6000 (3 samples x 4 frames);                                      
         latent_vrmse=0.63289 pixel_vrmse=0.42827 ->                            
         /local/disk/hramachandran/work/wh_work/windine                         
         t/dit_outputs/lundquist/dit_cosine_kl0_15k/dit                         
         _vrmse_metrics.csv,                                                    
         /local/disk/hramachandran/work/wh_work/windine                         
         t/dit_outputs/lundquist/dit_cosine_kl0_15k/dit                         
         _vrmse_curve.png                                                       
[epoch 50] step=6000 train_loss=0.354800 val_loss=0.387050
[train] step=6001 loss=0.357233 lr=6.549e-06
[train] step=6002 loss=0.335314 lr=6.548e-06
[train] step=6003 loss=0.363181 lr=6.547e-06
[train] step=6004 loss=0.399237 lr=6.546e-06
[train] step=6005 loss=0.327266 lr=6.545e-06
[train] step=6006 loss=0.441719 lr=6.544e-06
[train] step=6007 loss=0.445251 lr=6.543e-06
[train] step=6008 loss=0.389331 lr=6.542e-06
[train] step=6009 loss=0.384119 lr=6.541e-06
[train] step=6010 loss=0.378180 lr=6.540e-06
[train] step=6011 loss=0.289536 lr=6.539e-06
[train] step=6012 loss=0.454687 lr=6.538e-06
[train] step=6013 loss=0.411963 lr=6.537e-06
[train] step=6014 loss=0.212495 lr=6.536e-06
[train] step=6015 loss=0.272367 lr=6.535e-06
[train] step=6016 loss=0.291478 lr=6.534e-06
[train] step=6017 loss=0.362399 lr=6.533e-06
[train] step=6018 loss=0.417400 lr=6.532e-06
[train] step=6019 loss=0.412125 lr=6.531e-06
[train] step=6020 loss=0.278020 lr=6.530e-06
[train] step=6021 loss=0.312742 lr=6.529e-06
[train] step=6022 loss=0.552253 lr=6.528e-06
[train] step=6023 loss=0.218814 lr=6.527e-06
[train] step=6024 loss=0.336947 lr=6.526e-06
[train] step=6025 loss=0.458453 lr=6.525e-06
[train] step=6026 loss=0.270439 lr=6.524e-06
[train] step=6027 loss=0.331970 lr=6.523e-06
[train] step=6028 loss=0.475961 lr=6.522e-06
[train] step=6029 loss=0.431972 lr=6.521e-06
[train] step=6030 loss=0.356543 lr=6.520e-06
[train] step=6031 loss=0.407471 lr=6.519e-06
[train] step=6032 loss=0.355222 lr=6.518e-06
[train] step=6033 loss=0.248677 lr=6.517e-06
[train] step=6034 loss=0.355785 lr=6.516e-06
[train] step=6035 loss=0.347634 lr=6.515e-06
[train] step=6036 loss=0.276833 lr=6.514e-06
[train] step=6037 loss=0.382345 lr=6.513e-06
[train] step=6038 loss=0.245253 lr=6.512e-06
[train] step=6039 loss=0.426289 lr=6.511e-06
[train] step=6040 loss=0.541106 lr=6.510e-06
[train] step=6041 loss=0.290821 lr=6.509e-06
[train] step=6042 loss=0.243132 lr=6.508e-06
[train] step=6043 loss=0.295445 lr=6.507e-06
[train] step=6044 loss=0.401237 lr=6.506e-06
[train] step=6045 loss=0.268768 lr=6.505e-06
[train] step=6046 loss=0.219732 lr=6.504e-06
[train] step=6047 loss=0.221942 lr=6.503e-06
[train] step=6048 loss=0.283175 lr=6.502e-06
[train] step=6049 loss=0.406134 lr=6.501e-06
[train] step=6050 loss=0.284506 lr=6.500e-06
[train] step=6051 loss=0.336926 lr=6.499e-06
[train] step=6052 loss=0.459667 lr=6.498e-06
[train] step=6053 loss=0.333177 lr=6.497e-06
[train] step=6054 loss=0.271971 lr=6.496e-06
[train] step=6055 loss=0.342707 lr=6.495e-06
[train] step=6056 loss=0.247977 lr=6.494e-06
[train] step=6057 loss=0.248918 lr=6.493e-06
[train] step=6058 loss=0.330596 lr=6.492e-06
[train] step=6059 loss=0.321250 lr=6.491e-06
[train] step=6060 loss=0.350186 lr=6.490e-06
[train] step=6061 loss=0.435352 lr=6.489e-06
[train] step=6062 loss=0.374126 lr=6.488e-06
[train] step=6063 loss=0.368805 lr=6.487e-06
[train] step=6064 loss=0.370724 lr=6.486e-06
[train] step=6065 loss=0.304882 lr=6.485e-06
[train] step=6066 loss=0.301647 lr=6.484e-06
[train] step=6067 loss=0.402170 lr=6.483e-06
[train] step=6068 loss=0.329959 lr=6.482e-06
[train] step=6069 loss=0.343956 lr=6.481e-06
[train] step=6070 loss=0.278879 lr=6.480e-06
[train] step=6071 loss=0.462706 lr=6.479e-06
[train] step=6072 loss=0.339588 lr=6.478e-06
[train] step=6073 loss=0.399909 lr=6.477e-06
[train] step=6074 loss=0.399053 lr=6.476e-06
[train] step=6075 loss=0.357022 lr=6.475e-06
[train] step=6076 loss=0.305276 lr=6.474e-06
[train] step=6077 loss=0.431058 lr=6.473e-06
[train] step=6078 loss=0.316101 lr=6.472e-06
[train] step=6079 loss=0.335842 lr=6.471e-06
[train] step=6080 loss=0.333970 lr=6.470e-06
[train] step=6081 loss=0.347519 lr=6.469e-06
[train] step=6082 loss=0.314790 lr=6.468e-06
[train] step=6083 loss=0.211815 lr=6.467e-06
[train] step=6084 loss=0.287018 lr=6.466e-06
[train] step=6085 loss=0.278922 lr=6.465e-06
[train] step=6086 loss=0.354082 lr=6.464e-06
[train] step=6087 loss=0.267126 lr=6.463e-06
[train] step=6088 loss=0.366582 lr=6.462e-06
[train] step=6089 loss=0.249982 lr=6.461e-06
[train] step=6090 loss=0.356120 lr=6.460e-06
[train] step=6091 loss=0.400423 lr=6.459e-06
[train] step=6092 loss=0.268644 lr=6.458e-06
[train] step=6093 loss=0.159856 lr=6.457e-06
[train] step=6094 loss=0.242780 lr=6.456e-06
[train] step=6095 loss=0.379298 lr=6.455e-06
[train] step=6096 loss=0.424511 lr=6.454e-06
[train] step=6097 loss=0.433661 lr=6.453e-06
[train] step=6098 loss=0.425400 lr=6.452e-06
[train] step=6099 loss=0.497727 lr=6.451e-06
[train] step=6100 loss=0.541035 lr=6.450e-06
[train] step=6101 loss=0.410703 lr=6.449e-06
[train] step=6102 loss=0.356507 lr=6.448e-06
[train] step=6103 loss=0.367146 lr=6.447e-06
[train] step=6104 loss=0.401289 lr=6.446e-06
[train] step=6105 loss=0.423390 lr=6.445e-06
[train] step=6106 loss=0.446897 lr=6.444e-06
[train] step=6107 loss=0.337649 lr=6.443e-06
[train] step=6108 loss=0.305138 lr=6.442e-06
[train] step=6109 loss=0.340880 lr=6.441e-06
[train] step=6110 loss=0.357777 lr=6.440e-06
[train] step=6111 loss=0.362456 lr=6.439e-06
[train] step=6112 loss=0.339588 lr=6.438e-06
[train] step=6113 loss=0.429529 lr=6.437e-06
[train] step=6114 loss=0.269074 lr=6.436e-06
[train] step=6115 loss=0.467882 lr=6.435e-06
[train] step=6116 loss=0.435444 lr=6.434e-06
[train] step=6117 loss=0.473482 lr=6.433e-06
[train] step=6118 loss=0.268987 lr=6.432e-06
[train] step=6119 loss=0.320304 lr=6.431e-06
[train] step=6120 loss=0.412224 lr=6.430e-06
INFO     [rank 0] Model weights for step 6120 saved in       dit_trainer.py:1288
         checkpoints/model_weights_step_06120.safetensors                       
INFO     [rank 0] Scalar embedding weights for step 6120     dit_trainer.py:1297
         saved                                                                  
INFO     [rank 0] Training state saved:                      dit_trainer.py:1416
         checkpoints/model_weights_step_06120.state.pt                          
DEBUG    [rank 0] Removed old checkpoint:                    dit_trainer.py:1429
         /local/disk/hramachandran/work/wh_work/windinet/dit                    
         _outputs/lundquist/dit_cosine_kl0_15k/checkpoints/m                    
         odel_weights_step_05880.safetensors                                    
DEBUG    [rank 0] Removed old checkpoint:                    dit_trainer.py:1429
         /local/disk/hramachandran/work/wh_work/windinet/dit                    
         _outputs/lundquist/dit_cosine_kl0_15k/checkpoints/s                    
         calar_embedding_step_05880.safetensors                                 
DEBUG    [rank 0] Removed optimizer state for older kept     dit_trainer.py:1444
         checkpoint:                                                            
         /local/disk/hramachandran/work/wh_work/windinet/dit                    
         _outputs/lundquist/dit_cosine_kl0_15k/checkpoints/m                    
         odel_weights_step_06000.state.pt                                       
[epoch 51] step=6120 train_loss=0.352056
[train] step=6121 loss=0.268577 lr=6.429e-06
[train] step=6122 loss=0.520121 lr=6.428e-06
[train] step=6123 loss=0.439281 lr=6.427e-06
[train] step=6124 loss=0.233285 lr=6.426e-06
[train] step=6125 loss=0.620257 lr=6.425e-06
[train] step=6126 loss=0.496524 lr=6.424e-06
[train] step=6127 loss=0.434450 lr=6.423e-06
[train] step=6128 loss=0.301979 lr=6.422e-06
[train] step=6129 loss=0.360292 lr=6.421e-06
[train] step=6130 loss=0.254799 lr=6.420e-06
[train] step=6131 loss=0.325411 lr=6.419e-06
[train] step=6132 loss=0.368298 lr=6.418e-06
[train] step=6133 loss=0.425104 lr=6.417e-06
[train] step=6134 loss=0.315315 lr=6.416e-06
[train] step=6135 loss=0.368616 lr=6.415e-06
[train] step=6136 loss=0.313565 lr=6.414e-06
[train] step=6137 loss=0.289600 lr=6.413e-06
[train] step=6138 loss=0.313496 lr=6.412e-06
[train] step=6139 loss=0.358562 lr=6.411e-06
[train] step=6140 loss=0.466653 lr=6.410e-06
[train] step=6141 loss=0.337598 lr=6.409e-06
[train] step=6142 loss=0.331144 lr=6.408e-06
[train] step=6143 loss=0.298052 lr=6.407e-06
[train] step=6144 loss=0.402531 lr=6.406e-06
[train] step=6145 loss=0.440335 lr=6.405e-06
[train] step=6146 loss=0.325949 lr=6.404e-06
[train] step=6147 loss=0.304655 lr=6.403e-06
[train] step=6148 loss=0.422262 lr=6.402e-06
[train] step=6149 loss=0.334704 lr=6.401e-06
[train] step=6150 loss=0.460066 lr=6.400e-06
[train] step=6151 loss=0.251556 lr=6.399e-06
[train] step=6152 loss=0.444461 lr=6.398e-06
[train] step=6153 loss=0.380399 lr=6.397e-06
[train] step=6154 loss=0.286464 lr=6.396e-06
[train] step=6155 loss=0.281642 lr=6.395e-06
[train] step=6156 loss=0.392396 lr=6.394e-06
[train] step=6157 loss=0.231529 lr=6.393e-06
[train] step=6158 loss=0.205076 lr=6.392e-06
[train] step=6159 loss=0.497585 lr=6.391e-06
[train] step=6160 loss=0.485630 lr=6.390e-06
[train] step=6161 loss=0.215669 lr=6.389e-06
[train] step=6162 loss=0.436374 lr=6.388e-06
[train] step=6163 loss=0.355519 lr=6.387e-06
[train] step=6164 loss=0.339090 lr=6.385e-06
[train] step=6165 loss=0.343463 lr=6.384e-06
[train] step=6166 loss=0.279875 lr=6.383e-06
[train] step=6167 loss=0.375909 lr=6.382e-06
[train] step=6168 loss=0.396116 lr=6.381e-06
[train] step=6169 loss=0.391697 lr=6.380e-06
[train] step=6170 loss=0.381787 lr=6.379e-06
[train] step=6171 loss=0.399774 lr=6.378e-06
[train] step=6172 loss=0.303432 lr=6.377e-06
[train] step=6173 loss=0.302375 lr=6.376e-06
[train] step=6174 loss=0.191206 lr=6.375e-06
[train] step=6175 loss=0.356954 lr=6.374e-06
[train] step=6176 loss=0.272840 lr=6.373e-06
[train] step=6177 loss=0.316827 lr=6.372e-06
[train] step=6178 loss=0.355496 lr=6.371e-06
[train] step=6179 loss=0.367320 lr=6.370e-06
[train] step=6180 loss=0.346116 lr=6.369e-06
[train] step=6181 loss=0.523098 lr=6.368e-06
[train] step=6182 loss=0.432482 lr=6.367e-06
[train] step=6183 loss=0.282504 lr=6.366e-06
[train] step=6184 loss=0.289271 lr=6.365e-06
[train] step=6185 loss=0.362218 lr=6.364e-06
[train] step=6186 loss=0.456220 lr=6.363e-06
[train] step=6187 loss=0.493547 lr=6.362e-06
[train] step=6188 loss=0.360499 lr=6.361e-06
[train] step=6189 loss=0.308136 lr=6.360e-06
[train] step=6190 loss=0.306180 lr=6.359e-06
[train] step=6191 loss=0.357376 lr=6.358e-06
[train] step=6192 loss=0.235070 lr=6.357e-06
[train] step=6193 loss=0.225275 lr=6.356e-06
[train] step=6194 loss=0.128940 lr=6.355e-06
[train] step=6195 loss=0.362925 lr=6.354e-06
[train] step=6196 loss=0.305507 lr=6.353e-06
[train] step=6197 loss=0.522284 lr=6.352e-06
[train] step=6198 loss=0.257998 lr=6.351e-06
[train] step=6199 loss=0.373387 lr=6.350e-06
[train] step=6200 loss=0.470925 lr=6.349e-06
[train] step=6201 loss=0.342536 lr=6.348e-06
[train] step=6202 loss=0.310972 lr=6.347e-06
[train] step=6203 loss=0.525420 lr=6.346e-06
[train] step=6204 loss=0.363836 lr=6.345e-06
[train] step=6205 loss=0.362666 lr=6.344e-06
[train] step=6206 loss=0.424202 lr=6.343e-06
[train] step=6207 loss=0.326668 lr=6.342e-06
[train] step=6208 loss=0.352439 lr=6.341e-06
[train] step=6209 loss=0.240299 lr=6.340e-06
[train] step=6210 loss=0.321174 lr=6.339e-06
[train] step=6211 loss=0.331065 lr=6.338e-06
[train] step=6212 loss=0.278075 lr=6.337e-06
[train] step=6213 loss=0.270235 lr=6.336e-06
[train] step=6214 loss=0.294798 lr=6.335e-06
[train] step=6215 loss=0.474667 lr=6.334e-06
[train] step=6216 loss=0.336461 lr=6.333e-06
[train] step=6217 loss=0.279267 lr=6.332e-06
[train] step=6218 loss=0.513710 lr=6.331e-06
[train] step=6219 loss=0.417249 lr=6.330e-06
[train] step=6220 loss=0.415675 lr=6.329e-06
[train] step=6221 loss=0.362748 lr=6.328e-06
[train] step=6222 loss=0.238260 lr=6.327e-06
[train] step=6223 loss=0.393571 lr=6.326e-06
[train] step=6224 loss=0.319268 lr=6.325e-06
[train] step=6225 loss=0.402154 lr=6.324e-06
[train] step=6226 loss=0.356705 lr=6.323e-06
[train] step=6227 loss=0.217602 lr=6.322e-06
[train] step=6228 loss=0.308855 lr=6.321e-06
[train] step=6229 loss=0.379491 lr=6.320e-06
[train] step=6230 loss=0.365919 lr=6.319e-06
[train] step=6231 loss=0.299558 lr=6.318e-06
[train] step=6232 loss=0.484428 lr=6.317e-06
[train] step=6233 loss=0.355980 lr=6.316e-06
[train] step=6234 loss=0.378398 lr=6.315e-06
[train] step=6235 loss=0.382760 lr=6.314e-06
[train] step=6236 loss=0.394670 lr=6.313e-06
[train] step=6237 loss=0.262544 lr=6.312e-06
[train] step=6238 loss=0.422497 lr=6.311e-06
[train] step=6239 loss=0.302079 lr=6.310e-06
[train] step=6240 loss=0.231608 lr=6.309e-06
INFO     [rank 0] Model weights for step 6240 saved in       dit_trainer.py:1288
         checkpoints/model_weights_step_06240.safetensors                       
INFO     [rank 0] Scalar embedding weights for step 6240     dit_trainer.py:1297
         saved                                                                  
INFO     [rank 0] Training state saved:                      dit_trainer.py:1416
         checkpoints/model_weights_step_06240.state.pt                          
DEBUG    [rank 0] Removed old checkpoint:                    dit_trainer.py:1429
         /local/disk/hramachandran/work/wh_work/windinet/dit                    
         _outputs/lundquist/dit_cosine_kl0_15k/checkpoints/m                    
         odel_weights_step_06000.safetensors                                    
DEBUG    [rank 0] Removed old checkpoint:                    dit_trainer.py:1429
         /local/disk/hramachandran/work/wh_work/windinet/dit                    
         _outputs/lundquist/dit_cosine_kl0_15k/checkpoints/s                    
         calar_embedding_step_06000.safetensors                                 
DEBUG    [rank 0] Removed optimizer state for older kept     dit_trainer.py:1444
         checkpoint:                                                            
         /local/disk/hramachandran/work/wh_work/windinet/dit                    
         _outputs/lundquist/dit_cosine_kl0_15k/checkpoints/m                    
         odel_weights_step_06120.state.pt                                       
[epoch 52] step=6240 train_loss=0.354925
[train] step=6241 loss=0.352644 lr=6.308e-06
[train] step=6242 loss=0.365006 lr=6.307e-06
[train] step=6243 loss=0.408655 lr=6.306e-06
[train] step=6244 loss=0.409237 lr=6.305e-06
[train] step=6245 loss=0.286883 lr=6.304e-06
[train] step=6246 loss=0.460967 lr=6.303e-06
[train] step=6247 loss=0.390692 lr=6.302e-06
[train] step=6248 loss=0.397112 lr=6.301e-06
[train] step=6249 loss=0.265845 lr=6.300e-06
[train] step=6250 loss=0.390534 lr=6.299e-06
[train] step=6251 loss=0.276819 lr=6.298e-06
[train] step=6252 loss=0.505077 lr=6.297e-06
[train] step=6253 loss=0.286247 lr=6.296e-06
[train] step=6254 loss=0.474708 lr=6.295e-06
[train] step=6255 loss=0.426827 lr=6.294e-06
[train] step=6256 loss=0.495836 lr=6.293e-06
[train] step=6257 loss=0.531968 lr=6.292e-06
[train] step=6258 loss=0.379192 lr=6.291e-06
[train] step=6259 loss=0.473275 lr=6.290e-06
[train] step=6260 loss=0.396516 lr=6.289e-06
[train] step=6261 loss=0.265395 lr=6.288e-06
[train] step=6262 loss=0.324390 lr=6.287e-06
[train] step=6263 loss=0.541315 lr=6.286e-06
[train] step=6264 loss=0.208505 lr=6.285e-06
[train] step=6265 loss=0.296104 lr=6.284e-06
[train] step=6266 loss=0.257262 lr=6.283e-06
[train] step=6267 loss=0.522366 lr=6.282e-06
[train] step=6268 loss=0.231658 lr=6.281e-06
[train] step=6269 loss=0.316222 lr=6.280e-06
[train] step=6270 loss=0.301250 lr=6.279e-06
[train] step=6271 loss=0.300376 lr=6.278e-06
[train] step=6272 loss=0.520270 lr=6.277e-06
[train] step=6273 loss=0.317234 lr=6.276e-06
[train] step=6274 loss=0.398531 lr=6.275e-06
[train] step=6275 loss=0.374835 lr=6.274e-06
[train] step=6276 loss=0.407979 lr=6.273e-06
[train] step=6277 loss=0.314432 lr=6.272e-06
[train] step=6278 loss=0.229426 lr=6.270e-06
[train] step=6279 loss=0.496977 lr=6.269e-06
[train] step=6280 loss=0.441089 lr=6.268e-06
[train] step=6281 loss=0.326314 lr=6.267e-06
[train] step=6282 loss=0.287003 lr=6.266e-06
[train] step=6283 loss=0.367608 lr=6.265e-06
[train] step=6284 loss=0.228814 lr=6.264e-06
[train] step=6285 loss=0.311861 lr=6.263e-06
[train] step=6286 loss=0.306108 lr=6.262e-06
[train] step=6287 loss=0.323109 lr=6.261e-06
[train] step=6288 loss=0.356861 lr=6.260e-06
[train] step=6289 loss=0.374467 lr=6.259e-06
[train] step=6290 loss=0.329174 lr=6.258e-06
[train] step=6291 loss=0.277421 lr=6.257e-06
[train] step=6292 loss=0.381495 lr=6.256e-06
[train] step=6293 loss=0.434833 lr=6.255e-06
[train] step=6294 loss=0.314934 lr=6.254e-06
[train] step=6295 loss=0.332849 lr=6.253e-06
[train] step=6296 loss=0.378182 lr=6.252e-06
[train] step=6297 loss=0.274344 lr=6.251e-06
[train] step=6298 loss=0.338828 lr=6.250e-06
[train] step=6299 loss=0.314339 lr=6.249e-06
[train] step=6300 loss=0.288788 lr=6.248e-06
[train] step=6301 loss=0.478786 lr=6.247e-06
[train] step=6302 loss=0.303698 lr=6.246e-06
[train] step=6303 loss=0.351276 lr=6.245e-06
[train] step=6304 loss=0.352532 lr=6.244e-06
[train] step=6305 loss=0.312175 lr=6.243e-06
[train] step=6306 loss=0.279581 lr=6.242e-06
[train] step=6307 loss=0.488728 lr=6.241e-06
[train] step=6308 loss=0.236635 lr=6.240e-06
[train] step=6309 loss=0.307001 lr=6.239e-06
[train] step=6310 loss=0.256770 lr=6.238e-06
[train] step=6311 loss=0.318886 lr=6.237e-06
[train] step=6312 loss=0.422254 lr=6.236e-06
[train] step=6313 loss=0.400247 lr=6.235e-06
[train] step=6314 loss=0.291660 lr=6.234e-06
[train] step=6315 loss=0.163964 lr=6.233e-06
[train] step=6316 loss=0.326014 lr=6.232e-06
[train] step=6317 loss=0.292543 lr=6.231e-06
[train] step=6318 loss=0.546453 lr=6.230e-06
[train] step=6319 loss=0.432458 lr=6.229e-06
[train] step=6320 loss=0.344354 lr=6.228e-06
[train] step=6321 loss=0.325474 lr=6.227e-06
[train] step=6322 loss=0.443336 lr=6.226e-06
[train] step=6323 loss=0.377153 lr=6.225e-06
[train] step=6324 loss=0.347614 lr=6.224e-06
[train] step=6325 loss=0.362476 lr=6.223e-06
[train] step=6326 loss=0.352305 lr=6.222e-06
[train] step=6327 loss=0.272617 lr=6.221e-06
[train] step=6328 loss=0.351644 lr=6.220e-06
[train] step=6329 loss=0.396685 lr=6.219e-06
[train] step=6330 loss=0.495612 lr=6.218e-06
[train] step=6331 loss=0.225547 lr=6.217e-06
[train] step=6332 loss=0.338759 lr=6.216e-06
[train] step=6333 loss=0.247355 lr=6.215e-06
[train] step=6334 loss=0.438704 lr=6.214e-06
[train] step=6335 loss=0.439972 lr=6.213e-06
[train] step=6336 loss=0.353589 lr=6.212e-06
[train] step=6337 loss=0.328857 lr=6.211e-06
[train] step=6338 loss=0.353507 lr=6.210e-06
[train] step=6339 loss=0.438534 lr=6.209e-06
[train] step=6340 loss=0.403710 lr=6.208e-06
[train] step=6341 loss=0.337149 lr=6.207e-06
[train] step=6342 loss=0.340501 lr=6.206e-06
[train] step=6343 loss=0.381258 lr=6.205e-06
[train] step=6344 loss=0.470758 lr=6.204e-06
[train] step=6345 loss=0.426365 lr=6.203e-06
[train] step=6346 loss=0.294788 lr=6.202e-06
[train] step=6347 loss=0.294958 lr=6.201e-06
[train] step=6348 loss=0.417261 lr=6.200e-06
[train] step=6349 loss=0.201600 lr=6.199e-06
[train] step=6350 loss=0.502203 lr=6.197e-06
[train] step=6351 loss=0.420825 lr=6.196e-06
[train] step=6352 loss=0.437974 lr=6.195e-06
[train] step=6353 loss=0.223579 lr=6.194e-06
[train] step=6354 loss=0.336456 lr=6.193e-06
[train] step=6355 loss=0.355271 lr=6.192e-06
[train] step=6356 loss=0.375926 lr=6.191e-06
[train] step=6357 loss=0.508487 lr=6.190e-06
[train] step=6358 loss=0.451631 lr=6.189e-06
[train] step=6359 loss=0.321498 lr=6.188e-06
[train] step=6360 loss=0.338590 lr=6.187e-06
INFO     [rank 0] Model weights for step 6360 saved in       dit_trainer.py:1288
         checkpoints/model_weights_step_06360.safetensors                       
INFO     [rank 0] Scalar embedding weights for step 6360     dit_trainer.py:1297
         saved                                                                  
INFO     [rank 0] Training state saved:                      dit_trainer.py:1416
         checkpoints/model_weights_step_06360.state.pt                          
DEBUG    [rank 0] Removed old checkpoint:                    dit_trainer.py:1429
         /local/disk/hramachandran/work/wh_work/windinet/dit                    
         _outputs/lundquist/dit_cosine_kl0_15k/checkpoints/m                    
         odel_weights_step_06120.safetensors                                    
DEBUG    [rank 0] Removed old checkpoint:                    dit_trainer.py:1429
         /local/disk/hramachandran/work/wh_work/windinet/dit                    
         _outputs/lundquist/dit_cosine_kl0_15k/checkpoints/s                    
         calar_embedding_step_06120.safetensors                                 
DEBUG    [rank 0] Removed optimizer state for older kept     dit_trainer.py:1444
         checkpoint:                                                            
         /local/disk/hramachandran/work/wh_work/windinet/dit                    
         _outputs/lundquist/dit_cosine_kl0_15k/checkpoints/m                    
         odel_weights_step_06240.state.pt                                       
[epoch 53] step=6360 train_loss=0.359305
[train] step=6361 loss=0.327594 lr=6.186e-06
[train] step=6362 loss=0.341873 lr=6.185e-06
[train] step=6363 loss=0.247648 lr=6.184e-06
[train] step=6364 loss=0.435362 lr=6.183e-06
[train] step=6365 loss=0.423518 lr=6.182e-06
[train] step=6366 loss=0.371465 lr=6.181e-06
[train] step=6367 loss=0.238515 lr=6.180e-06
[train] step=6368 loss=0.392656 lr=6.179e-06
[train] step=6369 loss=0.419252 lr=6.178e-06
[train] step=6370 loss=0.385950 lr=6.177e-06
[train] step=6371 loss=0.480568 lr=6.176e-06
[train] step=6372 loss=0.371589 lr=6.175e-06
[train] step=6373 loss=0.233838 lr=6.174e-06
[train] step=6374 loss=0.261531 lr=6.173e-06
[train] step=6375 loss=0.279729 lr=6.172e-06
[train] step=6376 loss=0.465031 lr=6.171e-06
[train] step=6377 loss=0.385101 lr=6.170e-06
[train] step=6378 loss=0.378468 lr=6.169e-06
[train] step=6379 loss=0.338552 lr=6.168e-06
[train] step=6380 loss=0.363293 lr=6.167e-06
[train] step=6381 loss=0.322718 lr=6.166e-06
[train] step=6382 loss=0.429209 lr=6.165e-06
[train] step=6383 loss=0.331354 lr=6.164e-06
[train] step=6384 loss=0.273291 lr=6.163e-06
[train] step=6385 loss=0.287651 lr=6.162e-06
[train] step=6386 loss=0.268046 lr=6.161e-06
[train] step=6387 loss=0.340541 lr=6.160e-06
[train] step=6388 loss=0.364748 lr=6.159e-06
[train] step=6389 loss=0.341957 lr=6.158e-06
[train] step=6390 loss=0.298970 lr=6.157e-06
[train] step=6391 loss=0.289455 lr=6.156e-06
[train] step=6392 loss=0.217904 lr=6.155e-06
[train] step=6393 loss=0.447895 lr=6.154e-06
[train] step=6394 loss=0.256049 lr=6.153e-06
[train] step=6395 loss=0.324531 lr=6.152e-06
[train] step=6396 loss=0.571820 lr=6.151e-06
[train] step=6397 loss=0.344249 lr=6.150e-06
[train] step=6398 loss=0.274944 lr=6.149e-06
[train] step=6399 loss=0.266346 lr=6.148e-06
[train] step=6400 loss=0.318067 lr=6.147e-06
[train] step=6401 loss=0.406753 lr=6.146e-06
[train] step=6402 loss=0.158647 lr=6.145e-06
[train] step=6403 loss=0.320678 lr=6.144e-06
[train] step=6404 loss=0.327165 lr=6.143e-06
[train] step=6405 loss=0.286066 lr=6.142e-06
[train] step=6406 loss=0.330925 lr=6.141e-06
[train] step=6407 loss=0.380271 lr=6.140e-06
[train] step=6408 loss=0.342106 lr=6.138e-06
[train] step=6409 loss=0.332936 lr=6.137e-06
[train] step=6410 loss=0.310707 lr=6.136e-06
[train] step=6411 loss=0.326638 lr=6.135e-06
[train] step=6412 loss=0.262469 lr=6.134e-06
[train] step=6413 loss=0.295541 lr=6.133e-06
[train] step=6414 loss=0.441733 lr=6.132e-06
[train] step=6415 loss=0.331593 lr=6.131e-06
[train] step=6416 loss=0.484251 lr=6.130e-06
[train] step=6417 loss=0.363936 lr=6.129e-06
[train] step=6418 loss=0.291494 lr=6.128e-06
[train] step=6419 loss=0.341940 lr=6.127e-06
[train] step=6420 loss=0.273433 lr=6.126e-06
[train] step=6421 loss=0.264895 lr=6.125e-06
[train] step=6422 loss=0.234067 lr=6.124e-06
[train] step=6423 loss=0.321324 lr=6.123e-06
[train] step=6424 loss=0.295589 lr=6.122e-06
[train] step=6425 loss=0.533228 lr=6.121e-06
[train] step=6426 loss=0.315767 lr=6.120e-06
[train] step=6427 loss=0.517564 lr=6.119e-06
[train] step=6428 loss=0.356740 lr=6.118e-06
[train] step=6429 loss=0.351014 lr=6.117e-06
[train] step=6430 loss=0.435807 lr=6.116e-06
[train] step=6431 loss=0.415308 lr=6.115e-06
[train] step=6432 loss=0.326541 lr=6.114e-06
[train] step=6433 loss=0.363825 lr=6.113e-06
[train] step=6434 loss=0.422510 lr=6.112e-06
[train] step=6435 loss=0.459043 lr=6.111e-06
[train] step=6436 loss=0.396030 lr=6.110e-06
[train] step=6437 loss=0.343286 lr=6.109e-06
[train] step=6438 loss=0.322602 lr=6.108e-06
[train] step=6439 loss=0.372310 lr=6.107e-06
[train] step=6440 loss=0.338079 lr=6.106e-06
[train] step=6441 loss=0.386255 lr=6.105e-06
[train] step=6442 loss=0.287300 lr=6.104e-06
[train] step=6443 loss=0.377728 lr=6.103e-06
[train] step=6444 loss=0.270990 lr=6.102e-06
[train] step=6445 loss=0.479941 lr=6.101e-06
[train] step=6446 loss=0.290736 lr=6.100e-06
[train] step=6447 loss=0.483692 lr=6.099e-06
[train] step=6448 loss=0.383004 lr=6.098e-06
[train] step=6449 loss=0.384627 lr=6.097e-06
[train] step=6450 loss=0.570384 lr=6.096e-06
[train] step=6451 loss=0.418744 lr=6.095e-06
[train] step=6452 loss=0.398246 lr=6.094e-06
[train] step=6453 loss=0.312836 lr=6.093e-06
[train] step=6454 loss=0.249215 lr=6.092e-06
[train] step=6455 loss=0.406600 lr=6.091e-06
[train] step=6456 loss=0.302471 lr=6.090e-06
[train] step=6457 loss=0.321329 lr=6.088e-06
[train] step=6458 loss=0.396676 lr=6.087e-06
[train] step=6459 loss=0.443509 lr=6.086e-06
[train] step=6460 loss=0.412556 lr=6.085e-06
[train] step=6461 loss=0.472429 lr=6.084e-06
[train] step=6462 loss=0.334718 lr=6.083e-06
[train] step=6463 loss=0.328053 lr=6.082e-06
[train] step=6464 loss=0.292603 lr=6.081e-06
[train] step=6465 loss=0.405301 lr=6.080e-06
[train] step=6466 loss=0.349930 lr=6.079e-06
[train] step=6467 loss=0.463513 lr=6.078e-06
[train] step=6468 loss=0.246625 lr=6.077e-06
[train] step=6469 loss=0.391984 lr=6.076e-06
[train] step=6470 loss=0.342225 lr=6.075e-06
[train] step=6471 loss=0.387658 lr=6.074e-06
[train] step=6472 loss=0.344944 lr=6.073e-06
[train] step=6473 loss=0.320733 lr=6.072e-06
[train] step=6474 loss=0.407234 lr=6.071e-06
[train] step=6475 loss=0.344606 lr=6.070e-06
[train] step=6476 loss=0.408087 lr=6.069e-06
[train] step=6477 loss=0.477139 lr=6.068e-06
[train] step=6478 loss=0.458024 lr=6.067e-06
[train] step=6479 loss=0.459242 lr=6.066e-06
[train] step=6480 loss=0.383319 lr=6.065e-06
INFO     [rank 0] Model weights for step 6480 saved in       dit_trainer.py:1288
         checkpoints/model_weights_step_06480.safetensors                       
INFO     [rank 0] Scalar embedding weights for step 6480     dit_trainer.py:1297
         saved                                                                  
INFO     [rank 0] Training state saved:                      dit_trainer.py:1416
         checkpoints/model_weights_step_06480.state.pt                          
DEBUG    [rank 0] Removed old checkpoint:                    dit_trainer.py:1429
         /local/disk/hramachandran/work/wh_work/windinet/dit                    
         _outputs/lundquist/dit_cosine_kl0_15k/checkpoints/m                    
         odel_weights_step_06240.safetensors                                    
DEBUG    [rank 0] Removed old checkpoint:                    dit_trainer.py:1429
         /local/disk/hramachandran/work/wh_work/windinet/dit                    
         _outputs/lundquist/dit_cosine_kl0_15k/checkpoints/s                    
         calar_embedding_step_06240.safetensors                                 
DEBUG    [rank 0] Removed optimizer state for older kept     dit_trainer.py:1444
         checkpoint:                                                            
         /local/disk/hramachandran/work/wh_work/windinet/dit                    
         _outputs/lundquist/dit_cosine_kl0_15k/checkpoints/m                    
         odel_weights_step_06360.state.pt                                       
[epoch 54] step=6480 train_loss=0.357138
[train] step=6481 loss=0.325973 lr=6.064e-06
[train] step=6482 loss=0.188318 lr=6.063e-06
[train] step=6483 loss=0.275863 lr=6.062e-06
[train] step=6484 loss=0.283321 lr=6.061e-06
[train] step=6485 loss=0.507457 lr=6.060e-06
[train] step=6486 loss=0.422786 lr=6.059e-06
[train] step=6487 loss=0.400561 lr=6.058e-06
[train] step=6488 loss=0.328908 lr=6.057e-06
[train] step=6489 loss=0.288261 lr=6.056e-06
[train] step=6490 loss=0.397653 lr=6.055e-06
[train] step=6491 loss=0.348881 lr=6.054e-06
[train] step=6492 loss=0.314899 lr=6.053e-06
[train] step=6493 loss=0.413684 lr=6.052e-06
[train] step=6494 loss=0.332185 lr=6.051e-06
[train] step=6495 loss=0.282662 lr=6.050e-06
[train] step=6496 loss=0.269621 lr=6.049e-06
[train] step=6497 loss=0.238887 lr=6.048e-06
[train] step=6498 loss=0.425327 lr=6.047e-06
[train] step=6499 loss=0.385450 lr=6.046e-06
[train] step=6500 loss=0.340067 lr=6.045e-06
[train] step=6501 loss=0.522517 lr=6.044e-06
[train] step=6502 loss=0.310610 lr=6.042e-06
[train] step=6503 loss=0.454572 lr=6.041e-06
[train] step=6504 loss=0.355193 lr=6.040e-06
[train] step=6505 loss=0.134454 lr=6.039e-06
[train] step=6506 loss=0.414694 lr=6.038e-06
[train] step=6507 loss=0.421638 lr=6.037e-06
[train] step=6508 loss=0.259484 lr=6.036e-06
[train] step=6509 loss=0.444564 lr=6.035e-06
[train] step=6510 loss=0.357222 lr=6.034e-06
[train] step=6511 loss=0.308713 lr=6.033e-06
[train] step=6512 loss=0.231879 lr=6.032e-06
[train] step=6513 loss=0.407349 lr=6.031e-06
[train] step=6514 loss=0.396119 lr=6.030e-06
[train] step=6515 loss=0.368228 lr=6.029e-06
[train] step=6516 loss=0.457118 lr=6.028e-06
[train] step=6517 loss=0.553214 lr=6.027e-06
[train] step=6518 loss=0.350954 lr=6.026e-06
[train] step=6519 loss=0.343530 lr=6.025e-06
[train] step=6520 loss=0.286598 lr=6.024e-06
[train] step=6521 loss=0.361300 lr=6.023e-06
[train] step=6522 loss=0.436241 lr=6.022e-06
[train] step=6523 loss=0.474128 lr=6.021e-06
[train] step=6524 loss=0.468371 lr=6.020e-06
[train] step=6525 loss=0.262402 lr=6.019e-06
[train] step=6526 loss=0.382816 lr=6.018e-06
[train] step=6527 loss=0.489411 lr=6.017e-06
[train] step=6528 loss=0.325162 lr=6.016e-06
[train] step=6529 loss=0.292117 lr=6.015e-06
[train] step=6530 loss=0.280625 lr=6.014e-06
[train] step=6531 loss=0.336944 lr=6.013e-06
[train] step=6532 loss=0.432561 lr=6.012e-06
[train] step=6533 loss=0.258276 lr=6.011e-06
[train] step=6534 loss=0.411384 lr=6.010e-06
[train] step=6535 loss=0.367511 lr=6.009e-06
[train] step=6536 loss=0.443576 lr=6.008e-06
[train] step=6537 loss=0.352163 lr=6.007e-06
[train] step=6538 loss=0.390743 lr=6.006e-06
[train] step=6539 loss=0.165251 lr=6.005e-06
[train] step=6540 loss=0.294080 lr=6.004e-06
[train] step=6541 loss=0.265147 lr=6.003e-06
[train] step=6542 loss=0.353660 lr=6.002e-06
[train] step=6543 loss=0.384207 lr=6.001e-06
[train] step=6544 loss=0.324552 lr=5.999e-06
[train] step=6545 loss=0.425817 lr=5.998e-06
[train] step=6546 loss=0.372745 lr=5.997e-06
[train] step=6547 loss=0.414086 lr=5.996e-06
[train] step=6548 loss=0.396080 lr=5.995e-06
[train] step=6549 loss=0.221908 lr=5.994e-06
[train] step=6550 loss=0.302198 lr=5.993e-06
[train] step=6551 loss=0.470326 lr=5.992e-06
[train] step=6552 loss=0.267102 lr=5.991e-06
[train] step=6553 loss=0.475395 lr=5.990e-06
[train] step=6554 loss=0.331139 lr=5.989e-06
[train] step=6555 loss=0.479551 lr=5.988e-06
[train] step=6556 loss=0.461496 lr=5.987e-06
[train] step=6557 loss=0.402836 lr=5.986e-06
[train] step=6558 loss=0.326476 lr=5.985e-06
[train] step=6559 loss=0.256813 lr=5.984e-06
[train] step=6560 loss=0.337629 lr=5.983e-06
[train] step=6561 loss=0.488278 lr=5.982e-06
[train] step=6562 loss=0.331827 lr=5.981e-06
[train] step=6563 loss=0.324372 lr=5.980e-06
[train] step=6564 loss=0.328900 lr=5.979e-06
[train] step=6565 loss=0.407063 lr=5.978e-06
[train] step=6566 loss=0.341111 lr=5.977e-06
[train] step=6567 loss=0.347776 lr=5.976e-06
[train] step=6568 loss=0.334446 lr=5.975e-06
[train] step=6569 loss=0.297167 lr=5.974e-06
[train] step=6570 loss=0.143210 lr=5.973e-06
[train] step=6571 loss=0.597416 lr=5.972e-06
[train] step=6572 loss=0.322996 lr=5.971e-06
[train] step=6573 loss=0.381863 lr=5.970e-06
[train] step=6574 loss=0.264021 lr=5.969e-06
[train] step=6575 loss=0.717420 lr=5.968e-06
[train] step=6576 loss=0.439640 lr=5.967e-06
[train] step=6577 loss=0.289376 lr=5.966e-06
[train] step=6578 loss=0.370418 lr=5.965e-06
[train] step=6579 loss=0.434792 lr=5.964e-06
[train] step=6580 loss=0.537961 lr=5.963e-06
[train] step=6581 loss=0.286433 lr=5.962e-06
[train] step=6582 loss=0.294548 lr=5.960e-06
[train] step=6583 loss=0.368121 lr=5.959e-06
[train] step=6584 loss=0.394988 lr=5.958e-06
[train] step=6585 loss=0.263854 lr=5.957e-06
[train] step=6586 loss=0.253204 lr=5.956e-06
[train] step=6587 loss=0.396584 lr=5.955e-06
[train] step=6588 loss=0.413359 lr=5.954e-06
[train] step=6589 loss=0.390030 lr=5.953e-06
[train] step=6590 loss=0.285892 lr=5.952e-06
[train] step=6591 loss=0.312405 lr=5.951e-06
[train] step=6592 loss=0.417820 lr=5.950e-06
[train] step=6593 loss=0.331477 lr=5.949e-06
[train] step=6594 loss=0.427603 lr=5.948e-06
[train] step=6595 loss=0.377827 lr=5.947e-06
[train] step=6596 loss=0.339117 lr=5.946e-06
[train] step=6597 loss=0.494269 lr=5.945e-06
[train] step=6598 loss=0.352749 lr=5.944e-06
[train] step=6599 loss=0.399440 lr=5.943e-06
[train] step=6600 loss=0.451907 lr=5.942e-06
[val] step=6600 val_loss=0.386775
INFO     [rank 0] Model weights for step 6600 saved in       dit_trainer.py:1288
         checkpoints/model_weights_step_06600.safetensors                       
INFO     [rank 0] Scalar embedding weights for step 6600     dit_trainer.py:1297
         saved                                                                  
INFO     [rank 0] Training state saved:                      dit_trainer.py:1416
         checkpoints/model_weights_step_06600.state.pt                          
INFO     [rank 0] New best checkpoint (step 6600,            dit_trainer.py:1320
         val_loss=0.386775):                                                    
         checkpoints/model_weights_best.safetensors                             
DEBUG    [rank 0] Removed old checkpoint:                    dit_trainer.py:1429
         /local/disk/hramachandran/work/wh_work/windinet/dit                    
         _outputs/lundquist/dit_cosine_kl0_15k/checkpoints/m                    
         odel_weights_step_06360.safetensors                                    
DEBUG    [rank 0] Removed old checkpoint:                    dit_trainer.py:1429
         /local/disk/hramachandran/work/wh_work/windinet/dit                    
         _outputs/lundquist/dit_cosine_kl0_15k/checkpoints/s                    
         calar_embedding_step_06360.safetensors                                 
DEBUG    [rank 0] Removed optimizer state for older kept     dit_trainer.py:1444
         checkpoint:                                                            
         /local/disk/hramachandran/work/wh_work/windinet/dit                    
         _outputs/lundquist/dit_cosine_kl0_15k/checkpoints/m                    
         odel_weights_step_06480.state.pt                                       
[epoch 55] step=6600 train_loss=0.362723 val_loss=0.386775
[train] step=6601 loss=0.286943 lr=5.941e-06
[train] step=6602 loss=0.376514 lr=5.940e-06
[train] step=6603 loss=0.307161 lr=5.939e-06
[train] step=6604 loss=0.314232 lr=5.938e-06
[train] step=6605 loss=0.306334 lr=5.937e-06
[train] step=6606 loss=0.496146 lr=5.936e-06
[train] step=6607 loss=0.303047 lr=5.935e-06
[train] step=6608 loss=0.361200 lr=5.934e-06
[train] step=6609 loss=0.277084 lr=5.933e-06
[train] step=6610 loss=0.431981 lr=5.932e-06
[train] step=6611 loss=0.381942 lr=5.931e-06
[train] step=6612 loss=0.226451 lr=5.930e-06
[train] step=6613 loss=0.492661 lr=5.929e-06
[train] step=6614 loss=0.360694 lr=5.928e-06
[train] step=6615 loss=0.526003 lr=5.927e-06
[train] step=6616 loss=0.292248 lr=5.926e-06
[train] step=6617 loss=0.269451 lr=5.925e-06
[train] step=6618 loss=0.380807 lr=5.923e-06
[train] step=6619 loss=0.366156 lr=5.922e-06
[train] step=6620 loss=0.391627 lr=5.921e-06
[train] step=6621 loss=0.307973 lr=5.920e-06
[train] step=6622 loss=0.355048 lr=5.919e-06
[train] step=6623 loss=0.450706 lr=5.918e-06
[train] step=6624 loss=0.310611 lr=5.917e-06
[train] step=6625 loss=0.482016 lr=5.916e-06
[train] step=6626 loss=0.253275 lr=5.915e-06
[train] step=6627 loss=0.204588 lr=5.914e-06
[train] step=6628 loss=0.346589 lr=5.913e-06
[train] step=6629 loss=0.376828 lr=5.912e-06
[train] step=6630 loss=0.328159 lr=5.911e-06
[train] step=6631 loss=0.427706 lr=5.910e-06
[train] step=6632 loss=0.285836 lr=5.909e-06
[train] step=6633 loss=0.437848 lr=5.908e-06
[train] step=6634 loss=0.314345 lr=5.907e-06
[train] step=6635 loss=0.408763 lr=5.906e-06
[train] step=6636 loss=0.352672 lr=5.905e-06
[train] step=6637 loss=0.366654 lr=5.904e-06
[train] step=6638 loss=0.317731 lr=5.903e-06
[train] step=6639 loss=0.322793 lr=5.902e-06
[train] step=6640 loss=0.223366 lr=5.901e-06
[train] step=6641 loss=0.414314 lr=5.900e-06
[train] step=6642 loss=0.545305 lr=5.899e-06
[train] step=6643 loss=0.310088 lr=5.898e-06
[train] step=6644 loss=0.260984 lr=5.897e-06
[train] step=6645 loss=0.378332 lr=5.896e-06
[train] step=6646 loss=0.362381 lr=5.895e-06
[train] step=6647 loss=0.258836 lr=5.894e-06
[train] step=6648 loss=0.225424 lr=5.893e-06
[train] step=6649 loss=0.448451 lr=5.892e-06
[train] step=6650 loss=0.311551 lr=5.891e-06
[train] step=6651 loss=0.305731 lr=5.890e-06
[train] step=6652 loss=0.318561 lr=5.889e-06
[train] step=6653 loss=0.393215 lr=5.887e-06
[train] step=6654 loss=0.311555 lr=5.886e-06
[train] step=6655 loss=0.415358 lr=5.885e-06
[train] step=6656 loss=0.333923 lr=5.884e-06
[train] step=6657 loss=0.299116 lr=5.883e-06
[train] step=6658 loss=0.377780 lr=5.882e-06
[train] step=6659 loss=0.526737 lr=5.881e-06
[train] step=6660 loss=0.479414 lr=5.880e-06
[train] step=6661 loss=0.440973 lr=5.879e-06
[train] step=6662 loss=0.361508 lr=5.878e-06
[train] step=6663 loss=0.446098 lr=5.877e-06
[train] step=6664 loss=0.444451 lr=5.876e-06
[train] step=6665 loss=0.194183 lr=5.875e-06
[train] step=6666 loss=0.263580 lr=5.874e-06
[train] step=6667 loss=0.291001 lr=5.873e-06
[train] step=6668 loss=0.312391 lr=5.872e-06
[train] step=6669 loss=0.373785 lr=5.871e-06
[train] step=6670 loss=0.332447 lr=5.870e-06
[train] step=6671 loss=0.351711 lr=5.869e-06
[train] step=6672 loss=0.335256 lr=5.868e-06
[train] step=6673 loss=0.485167 lr=5.867e-06
[train] step=6674 loss=0.251221 lr=5.866e-06
[train] step=6675 loss=0.428454 lr=5.865e-06
[train] step=6676 loss=0.297143 lr=5.864e-06
[train] step=6677 loss=0.209026 lr=5.863e-06
[train] step=6678 loss=0.439336 lr=5.862e-06
[train] step=6679 loss=0.323136 lr=5.861e-06
[train] step=6680 loss=0.438228 lr=5.860e-06
[train] step=6681 loss=0.388411 lr=5.859e-06
[train] step=6682 loss=0.269602 lr=5.858e-06
[train] step=6683 loss=0.365135 lr=5.857e-06
[train] step=6684 loss=0.441076 lr=5.856e-06
[train] step=6685 loss=0.416221 lr=5.855e-06
[train] step=6686 loss=0.373060 lr=5.853e-06
[train] step=6687 loss=0.405054 lr=5.852e-06
[train] step=6688 loss=0.378341 lr=5.851e-06
[train] step=6689 loss=0.309616 lr=5.850e-06
[train] step=6690 loss=0.383261 lr=5.849e-06
[train] step=6691 loss=0.449646 lr=5.848e-06
[train] step=6692 loss=0.278997 lr=5.847e-06
[train] step=6693 loss=0.333949 lr=5.846e-06
[train] step=6694 loss=0.390392 lr=5.845e-06
[train] step=6695 loss=0.456009 lr=5.844e-06
[train] step=6696 loss=0.457368 lr=5.843e-06
[train] step=6697 loss=0.282700 lr=5.842e-06
[train] step=6698 loss=0.353272 lr=5.841e-06
[train] step=6699 loss=0.459668 lr=5.840e-06
[train] step=6700 loss=0.345981 lr=5.839e-06
[train] step=6701 loss=0.515654 lr=5.838e-06
[train] step=6702 loss=0.233653 lr=5.837e-06
[train] step=6703 loss=0.241170 lr=5.836e-06
[train] step=6704 loss=0.245561 lr=5.835e-06
[train] step=6705 loss=0.360022 lr=5.834e-06
[train] step=6706 loss=0.398250 lr=5.833e-06
[train] step=6707 loss=0.383838 lr=5.832e-06
[train] step=6708 loss=0.363325 lr=5.831e-06
[train] step=6709 loss=0.388644 lr=5.830e-06
[train] step=6710 loss=0.435237 lr=5.829e-06
[train] step=6711 loss=0.350634 lr=5.828e-06
[train] step=6712 loss=0.372258 lr=5.827e-06
[train] step=6713 loss=0.319941 lr=5.826e-06
[train] step=6714 loss=0.426723 lr=5.825e-06
[train] step=6715 loss=0.396906 lr=5.824e-06
[train] step=6716 loss=0.479135 lr=5.823e-06
[train] step=6717 loss=0.269631 lr=5.822e-06
[train] step=6718 loss=0.302975 lr=5.820e-06
[train] step=6719 loss=0.600406 lr=5.819e-06
[train] step=6720 loss=0.249216 lr=5.818e-06
INFO     [rank 0] Model weights for step 6720 saved in       dit_trainer.py:1288
         checkpoints/model_weights_step_06720.safetensors                       
INFO     [rank 0] Scalar embedding weights for step 6720     dit_trainer.py:1297
         saved                                                                  
INFO     [rank 0] Training state saved:                      dit_trainer.py:1416
         checkpoints/model_weights_step_06720.state.pt                          
DEBUG    [rank 0] Removed old checkpoint:                    dit_trainer.py:1429
         /local/disk/hramachandran/work/wh_work/windinet/dit                    
         _outputs/lundquist/dit_cosine_kl0_15k/checkpoints/m                    
         odel_weights_step_06480.safetensors                                    
DEBUG    [rank 0] Removed old checkpoint:                    dit_trainer.py:1429
         /local/disk/hramachandran/work/wh_work/windinet/dit                    
         _outputs/lundquist/dit_cosine_kl0_15k/checkpoints/s                    
         calar_embedding_step_06480.safetensors                                 
DEBUG    [rank 0] Removed optimizer state for older kept     dit_trainer.py:1444
         checkpoint:                                                            
         /local/disk/hramachandran/work/wh_work/windinet/dit                    
         _outputs/lundquist/dit_cosine_kl0_15k/checkpoints/m                    
         odel_weights_step_06600.state.pt                                       
[epoch 56] step=6720 train_loss=0.361600
[train] step=6721 loss=0.310288 lr=5.817e-06
[train] step=6722 loss=0.204160 lr=5.816e-06
[train] step=6723 loss=0.371119 lr=5.815e-06
[train] step=6724 loss=0.373607 lr=5.814e-06
[train] step=6725 loss=0.385124 lr=5.813e-06
[train] step=6726 loss=0.358135 lr=5.812e-06
[train] step=6727 loss=0.325279 lr=5.811e-06
[train] step=6728 loss=0.401687 lr=5.810e-06
[train] step=6729 loss=0.436441 lr=5.809e-06
[train] step=6730 loss=0.300739 lr=5.808e-06
[train] step=6731 loss=0.293180 lr=5.807e-06
[train] step=6732 loss=0.415631 lr=5.806e-06
[train] step=6733 loss=0.315385 lr=5.805e-06
[train] step=6734 loss=0.171235 lr=5.804e-06
[train] step=6735 loss=0.348640 lr=5.803e-06
[train] step=6736 loss=0.406013 lr=5.802e-06
[train] step=6737 loss=0.444367 lr=5.801e-06
[train] step=6738 loss=0.283725 lr=5.800e-06
[train] step=6739 loss=0.374565 lr=5.799e-06
[train] step=6740 loss=0.386369 lr=5.798e-06
[train] step=6741 loss=0.268992 lr=5.797e-06
[train] step=6742 loss=0.473616 lr=5.796e-06
[train] step=6743 loss=0.435698 lr=5.795e-06
[train] step=6744 loss=0.381535 lr=5.794e-06
[train] step=6745 loss=0.301790 lr=5.793e-06
[train] step=6746 loss=0.452270 lr=5.792e-06
[train] step=6747 loss=0.212862 lr=5.791e-06
[train] step=6748 loss=0.428943 lr=5.789e-06
[train] step=6749 loss=0.424361 lr=5.788e-06
[train] step=6750 loss=0.445589 lr=5.787e-06
[train] step=6751 loss=0.466497 lr=5.786e-06
[train] step=6752 loss=0.393980 lr=5.785e-06
[train] step=6753 loss=0.414729 lr=5.784e-06
[train] step=6754 loss=0.429709 lr=5.783e-06
[train] step=6755 loss=0.285078 lr=5.782e-06
[train] step=6756 loss=0.328639 lr=5.781e-06
[train] step=6757 loss=0.364343 lr=5.780e-06
[train] step=6758 loss=0.216205 lr=5.779e-06
[train] step=6759 loss=0.325399 lr=5.778e-06
[train] step=6760 loss=0.310575 lr=5.777e-06
[train] step=6761 loss=0.208720 lr=5.776e-06
[train] step=6762 loss=0.408702 lr=5.775e-06
[train] step=6763 loss=0.393418 lr=5.774e-06
[train] step=6764 loss=0.425045 lr=5.773e-06
[train] step=6765 loss=0.350595 lr=5.772e-06
[train] step=6766 loss=0.196960 lr=5.771e-06
[train] step=6767 loss=0.218784 lr=5.770e-06
[train] step=6768 loss=0.384782 lr=5.769e-06
[train] step=6769 loss=0.304226 lr=5.768e-06
[train] step=6770 loss=0.192774 lr=5.767e-06
[train] step=6771 loss=0.269633 lr=5.766e-06
[train] step=6772 loss=0.366696 lr=5.765e-06
[train] step=6773 loss=0.562980 lr=5.764e-06
[train] step=6774 loss=0.495396 lr=5.763e-06
[train] step=6775 loss=0.339422 lr=5.762e-06
[train] step=6776 loss=0.272246 lr=5.761e-06
[train] step=6777 loss=0.402793 lr=5.760e-06
[train] step=6778 loss=0.281841 lr=5.758e-06
[train] step=6779 loss=0.228029 lr=5.757e-06
[train] step=6780 loss=0.426085 lr=5.756e-06
[train] step=6781 loss=0.191337 lr=5.755e-06
[train] step=6782 loss=0.423889 lr=5.754e-06
[train] step=6783 loss=0.292199 lr=5.753e-06
[train] step=6784 loss=0.442828 lr=5.752e-06
[train] step=6785 loss=0.363882 lr=5.751e-06
[train] step=6786 loss=0.279483 lr=5.750e-06
[train] step=6787 loss=0.330176 lr=5.749e-06
[train] step=6788 loss=0.286169 lr=5.748e-06
[train] step=6789 loss=0.416545 lr=5.747e-06
[train] step=6790 loss=0.358282 lr=5.746e-06
[train] step=6791 loss=0.314911 lr=5.745e-06
[train] step=6792 loss=0.362610 lr=5.744e-06
[train] step=6793 loss=0.388146 lr=5.743e-06
[train] step=6794 loss=0.344524 lr=5.742e-06
[train] step=6795 loss=0.201791 lr=5.741e-06
[train] step=6796 loss=0.436402 lr=5.740e-06
[train] step=6797 loss=0.309924 lr=5.739e-06
[train] step=6798 loss=0.362364 lr=5.738e-06
[train] step=6799 loss=0.351266 lr=5.737e-06
[train] step=6800 loss=0.387079 lr=5.736e-06
[train] step=6801 loss=0.303677 lr=5.735e-06
[train] step=6802 loss=0.364966 lr=5.734e-06
[train] step=6803 loss=0.285568 lr=5.733e-06
[train] step=6804 loss=0.355449 lr=5.732e-06
[train] step=6805 loss=0.410142 lr=5.731e-06
[train] step=6806 loss=0.339240 lr=5.730e-06
[train] step=6807 loss=0.215357 lr=5.728e-06
[train] step=6808 loss=0.237438 lr=5.727e-06
[train] step=6809 loss=0.301318 lr=5.726e-06
[train] step=6810 loss=0.278122 lr=5.725e-06
[train] step=6811 loss=0.347031 lr=5.724e-06
[train] step=6812 loss=0.406301 lr=5.723e-06
[train] step=6813 loss=0.413022 lr=5.722e-06
[train] step=6814 loss=0.437065 lr=5.721e-06
[train] step=6815 loss=0.313633 lr=5.720e-06
[train] step=6816 loss=0.158806 lr=5.719e-06
[train] step=6817 loss=0.506038 lr=5.718e-06
[train] step=6818 loss=0.337396 lr=5.717e-06
[train] step=6819 loss=0.299152 lr=5.716e-06
[train] step=6820 loss=0.205458 lr=5.715e-06
[train] step=6821 loss=0.402700 lr=5.714e-06
[train] step=6822 loss=0.348591 lr=5.713e-06
[train] step=6823 loss=0.226721 lr=5.712e-06
[train] step=6824 loss=0.488474 lr=5.711e-06
[train] step=6825 loss=0.465140 lr=5.710e-06
[train] step=6826 loss=0.270991 lr=5.709e-06
[train] step=6827 loss=0.548249 lr=5.708e-06
[train] step=6828 loss=0.448697 lr=5.707e-06
[train] step=6829 loss=0.287582 lr=5.706e-06
[train] step=6830 loss=0.417925 lr=5.705e-06
[train] step=6831 loss=0.337573 lr=5.704e-06
[train] step=6832 loss=0.384773 lr=5.703e-06
[train] step=6833 loss=0.271111 lr=5.702e-06
[train] step=6834 loss=0.274417 lr=5.701e-06
[train] step=6835 loss=0.291859 lr=5.699e-06
[train] step=6836 loss=0.140078 lr=5.698e-06
[train] step=6837 loss=0.279339 lr=5.697e-06
[train] step=6838 loss=0.287469 lr=5.696e-06
[train] step=6839 loss=0.238908 lr=5.695e-06
[train] step=6840 loss=0.379610 lr=5.694e-06
INFO     [rank 0] Model weights for step 6840 saved in       dit_trainer.py:1288
         checkpoints/model_weights_step_06840.safetensors                       
INFO     [rank 0] Scalar embedding weights for step 6840     dit_trainer.py:1297
         saved                                                                  
INFO     [rank 0] Training state saved:                      dit_trainer.py:1416
         checkpoints/model_weights_step_06840.state.pt                          
DEBUG    [rank 0] Removed old checkpoint:                    dit_trainer.py:1429
         /local/disk/hramachandran/work/wh_work/windinet/dit                    
         _outputs/lundquist/dit_cosine_kl0_15k/checkpoints/m                    
         odel_weights_step_06600.safetensors                                    
DEBUG    [rank 0] Removed old checkpoint:                    dit_trainer.py:1429
         /local/disk/hramachandran/work/wh_work/windinet/dit                    
         _outputs/lundquist/dit_cosine_kl0_15k/checkpoints/s                    
         calar_embedding_step_06600.safetensors                                 
DEBUG    [rank 0] Removed optimizer state for older kept     dit_trainer.py:1444
         checkpoint:                                                            
         /local/disk/hramachandran/work/wh_work/windinet/dit                    
         _outputs/lundquist/dit_cosine_kl0_15k/checkpoints/m                    
         odel_weights_step_06720.state.pt                                       
[epoch 57] step=6840 train_loss=0.341787
[train] step=6841 loss=0.344314 lr=5.693e-06
[train] step=6842 loss=0.417351 lr=5.692e-06
[train] step=6843 loss=0.378904 lr=5.691e-06
[train] step=6844 loss=0.625884 lr=5.690e-06
[train] step=6845 loss=0.250533 lr=5.689e-06
[train] step=6846 loss=0.453642 lr=5.688e-06
[train] step=6847 loss=0.343589 lr=5.687e-06
[train] step=6848 loss=0.537978 lr=5.686e-06
[train] step=6849 loss=0.389072 lr=5.685e-06
[train] step=6850 loss=0.384068 lr=5.684e-06
[train] step=6851 loss=0.230406 lr=5.683e-06
[train] step=6852 loss=0.327470 lr=5.682e-06
[train] step=6853 loss=0.401118 lr=5.681e-06
[train] step=6854 loss=0.351630 lr=5.680e-06
[train] step=6855 loss=0.394408 lr=5.679e-06
[train] step=6856 loss=0.417127 lr=5.678e-06
[train] step=6857 loss=0.462696 lr=5.677e-06
[train] step=6858 loss=0.323569 lr=5.676e-06
[train] step=6859 loss=0.242971 lr=5.675e-06
[train] step=6860 loss=0.324328 lr=5.674e-06
[train] step=6861 loss=0.546408 lr=5.673e-06
[train] step=6862 loss=0.213775 lr=5.671e-06
[train] step=6863 loss=0.346371 lr=5.670e-06
[train] step=6864 loss=0.164833 lr=5.669e-06
[train] step=6865 loss=0.315555 lr=5.668e-06
[train] step=6866 loss=0.313396 lr=5.667e-06
[train] step=6867 loss=0.343575 lr=5.666e-06
[train] step=6868 loss=0.345744 lr=5.665e-06
[train] step=6869 loss=0.325339 lr=5.664e-06
[train] step=6870 loss=0.255636 lr=5.663e-06
[train] step=6871 loss=0.367491 lr=5.662e-06
[train] step=6872 loss=0.424678 lr=5.661e-06
[train] step=6873 loss=0.447119 lr=5.660e-06
[train] step=6874 loss=0.303682 lr=5.659e-06
[train] step=6875 loss=0.315998 lr=5.658e-06
[train] step=6876 loss=0.456548 lr=5.657e-06
[train] step=6877 loss=0.292029 lr=5.656e-06
[train] step=6878 loss=0.366746 lr=5.655e-06
[train] step=6879 loss=0.332807 lr=5.654e-06
[train] step=6880 loss=0.593016 lr=5.653e-06
[train] step=6881 loss=0.365758 lr=5.652e-06
[train] step=6882 loss=0.273539 lr=5.651e-06
[train] step=6883 loss=0.380341 lr=5.650e-06
[train] step=6884 loss=0.543891 lr=5.649e-06
[train] step=6885 loss=0.536874 lr=5.648e-06
[train] step=6886 loss=0.248973 lr=5.647e-06
[train] step=6887 loss=0.347775 lr=5.646e-06
[train] step=6888 loss=0.376895 lr=5.645e-06
[train] step=6889 loss=0.377284 lr=5.643e-06
[train] step=6890 loss=0.352994 lr=5.642e-06
[train] step=6891 loss=0.354247 lr=5.641e-06
[train] step=6892 loss=0.346416 lr=5.640e-06
[train] step=6893 loss=0.257975 lr=5.639e-06
[train] step=6894 loss=0.372434 lr=5.638e-06
[train] step=6895 loss=0.337826 lr=5.637e-06
[train] step=6896 loss=0.284615 lr=5.636e-06
[train] step=6897 loss=0.266435 lr=5.635e-06
[train] step=6898 loss=0.416113 lr=5.634e-06
[train] step=6899 loss=0.211568 lr=5.633e-06
[train] step=6900 loss=0.353030 lr=5.632e-06
[train] step=6901 loss=0.292177 lr=5.631e-06
[train] step=6902 loss=0.387266 lr=5.630e-06
[train] step=6903 loss=0.446058 lr=5.629e-06
[train] step=6904 loss=0.284825 lr=5.628e-06
[train] step=6905 loss=0.361707 lr=5.627e-06
[train] step=6906 loss=0.580520 lr=5.626e-06
[train] step=6907 loss=0.351214 lr=5.625e-06
[train] step=6908 loss=0.231905 lr=5.624e-06
[train] step=6909 loss=0.433763 lr=5.623e-06
[train] step=6910 loss=0.338033 lr=5.622e-06
[train] step=6911 loss=0.362489 lr=5.621e-06
[train] step=6912 loss=0.190512 lr=5.620e-06
[train] step=6913 loss=0.289324 lr=5.619e-06
[train] step=6914 loss=0.310968 lr=5.618e-06
[train] step=6915 loss=0.336579 lr=5.617e-06
[train] step=6916 loss=0.419139 lr=5.615e-06
[train] step=6917 loss=0.360960 lr=5.614e-06
[train] step=6918 loss=0.512612 lr=5.613e-06
[train] step=6919 loss=0.247366 lr=5.612e-06
[train] step=6920 loss=0.309495 lr=5.611e-06
[train] step=6921 loss=0.245283 lr=5.610e-06
[train] step=6922 loss=0.354018 lr=5.609e-06
[train] step=6923 loss=0.268778 lr=5.608e-06
[train] step=6924 loss=0.461672 lr=5.607e-06
[train] step=6925 loss=0.308286 lr=5.606e-06
[train] step=6926 loss=0.282313 lr=5.605e-06
[train] step=6927 loss=0.239557 lr=5.604e-06
[train] step=6928 loss=0.364645 lr=5.603e-06
[train] step=6929 loss=0.332583 lr=5.602e-06
[train] step=6930 loss=0.365797 lr=5.601e-06
[train] step=6931 loss=0.421823 lr=5.600e-06
[train] step=6932 loss=0.295669 lr=5.599e-06
[train] step=6933 loss=0.382407 lr=5.598e-06
[train] step=6934 loss=0.355031 lr=5.597e-06
[train] step=6935 loss=0.511757 lr=5.596e-06
[train] step=6936 loss=0.345682 lr=5.595e-06
[train] step=6937 loss=0.402219 lr=5.594e-06
[train] step=6938 loss=0.426386 lr=5.593e-06
[train] step=6939 loss=0.406690 lr=5.592e-06
[train] step=6940 loss=0.278461 lr=5.591e-06
[train] step=6941 loss=0.425003 lr=5.590e-06
[train] step=6942 loss=0.329013 lr=5.588e-06
[train] step=6943 loss=0.478439 lr=5.587e-06
[train] step=6944 loss=0.477959 lr=5.586e-06
[train] step=6945 loss=0.352922 lr=5.585e-06
[train] step=6946 loss=0.290590 lr=5.584e-06
[train] step=6947 loss=0.434763 lr=5.583e-06
[train] step=6948 loss=0.252087 lr=5.582e-06
[train] step=6949 loss=0.306734 lr=5.581e-06
[train] step=6950 loss=0.280534 lr=5.580e-06
[train] step=6951 loss=0.374062 lr=5.579e-06
[train] step=6952 loss=0.402789 lr=5.578e-06
[train] step=6953 loss=0.390884 lr=5.577e-06
[train] step=6954 loss=0.261986 lr=5.576e-06
[train] step=6955 loss=0.369919 lr=5.575e-06
[train] step=6956 loss=0.345639 lr=5.574e-06
[train] step=6957 loss=0.298240 lr=5.573e-06
[train] step=6958 loss=0.290467 lr=5.572e-06
[train] step=6959 loss=0.264977 lr=5.571e-06
[train] step=6960 loss=0.577496 lr=5.570e-06
INFO     [rank 0] Model weights for step 6960 saved in       dit_trainer.py:1288
         checkpoints/model_weights_step_06960.safetensors                       
INFO     [rank 0] Scalar embedding weights for step 6960     dit_trainer.py:1297
         saved                                                                  
INFO     [rank 0] Training state saved:                      dit_trainer.py:1416
         checkpoints/model_weights_step_06960.state.pt                          
DEBUG    [rank 0] Removed old checkpoint:                    dit_trainer.py:1429
         /local/disk/hramachandran/work/wh_work/windinet/dit                    
         _outputs/lundquist/dit_cosine_kl0_15k/checkpoints/m                    
         odel_weights_step_06720.safetensors                                    
DEBUG    [rank 0] Removed old checkpoint:                    dit_trainer.py:1429
         /local/disk/hramachandran/work/wh_work/windinet/dit                    
         _outputs/lundquist/dit_cosine_kl0_15k/checkpoints/s                    
         calar_embedding_step_06720.safetensors                                 
DEBUG    [rank 0] Removed optimizer state for older kept     dit_trainer.py:1444
         checkpoint:                                                            
         /local/disk/hramachandran/work/wh_work/windinet/dit                    
         _outputs/lundquist/dit_cosine_kl0_15k/checkpoints/m                    
         odel_weights_step_06840.state.pt                                       
[epoch 58] step=6960 train_loss=0.356495
[train] step=6961 loss=0.417359 lr=5.569e-06
[train] step=6962 loss=0.439566 lr=5.568e-06
[train] step=6963 loss=0.282736 lr=5.567e-06
[train] step=6964 loss=0.440843 lr=5.566e-06
[train] step=6965 loss=0.387821 lr=5.565e-06
[train] step=6966 loss=0.338522 lr=5.564e-06
[train] step=6967 loss=0.398429 lr=5.562e-06
[train] step=6968 loss=0.471232 lr=5.561e-06
[train] step=6969 loss=0.276048 lr=5.560e-06
[train] step=6970 loss=0.433817 lr=5.559e-06
[train] step=6971 loss=0.253872 lr=5.558e-06
[train] step=6972 loss=0.378291 lr=5.557e-06
[train] step=6973 loss=0.540876 lr=5.556e-06
[train] step=6974 loss=0.393229 lr=5.555e-06
[train] step=6975 loss=0.357511 lr=5.554e-06
[train] step=6976 loss=0.295652 lr=5.553e-06
[train] step=6977 loss=0.392401 lr=5.552e-06
[train] step=6978 loss=0.235151 lr=5.551e-06
[train] step=6979 loss=0.225130 lr=5.550e-06
[train] step=6980 loss=0.317293 lr=5.549e-06
[train] step=6981 loss=0.345330 lr=5.548e-06
[train] step=6982 loss=0.423090 lr=5.547e-06
[train] step=6983 loss=0.292322 lr=5.546e-06
[train] step=6984 loss=0.370290 lr=5.545e-06
[train] step=6985 loss=0.466908 lr=5.544e-06
[train] step=6986 loss=0.433748 lr=5.543e-06
[train] step=6987 loss=0.309204 lr=5.542e-06
[train] step=6988 loss=0.569822 lr=5.541e-06
[train] step=6989 loss=0.454374 lr=5.540e-06
[train] step=6990 loss=0.428966 lr=5.539e-06
[train] step=6991 loss=0.452064 lr=5.538e-06
[train] step=6992 loss=0.295294 lr=5.536e-06
[train] step=6993 loss=0.209722 lr=5.535e-06
[train] step=6994 loss=0.468591 lr=5.534e-06
[train] step=6995 loss=0.386087 lr=5.533e-06
[train] step=6996 loss=0.437147 lr=5.532e-06
[train] step=6997 loss=0.347594 lr=5.531e-06
[train] step=6998 loss=0.440607 lr=5.530e-06
[train] step=6999 loss=0.418848 lr=5.529e-06
[train] step=7000 loss=0.200005 lr=5.528e-06
[train] step=7001 loss=0.364833 lr=5.527e-06
[train] step=7002 loss=0.430233 lr=5.526e-06
[train] step=7003 loss=0.419246 lr=5.525e-06
[train] step=7004 loss=0.298451 lr=5.524e-06
[train] step=7005 loss=0.349689 lr=5.523e-06
[train] step=7006 loss=0.386346 lr=5.522e-06
[train] step=7007 loss=0.339568 lr=5.521e-06
[train] step=7008 loss=0.393778 lr=5.520e-06
[train] step=7009 loss=0.412721 lr=5.519e-06
[train] step=7010 loss=0.341858 lr=5.518e-06
[train] step=7011 loss=0.237525 lr=5.517e-06
[train] step=7012 loss=0.299313 lr=5.516e-06
[train] step=7013 loss=0.434393 lr=5.515e-06
[train] step=7014 loss=0.259121 lr=5.514e-06
[train] step=7015 loss=0.226192 lr=5.513e-06
[train] step=7016 loss=0.315446 lr=5.512e-06
[train] step=7017 loss=0.304423 lr=5.510e-06
[train] step=7018 loss=0.368528 lr=5.509e-06
[train] step=7019 loss=0.381469 lr=5.508e-06
[train] step=7020 loss=0.444598 lr=5.507e-06
[train] step=7021 loss=0.372808 lr=5.506e-06
[train] step=7022 loss=0.182274 lr=5.505e-06
[train] step=7023 loss=0.321193 lr=5.504e-06
[train] step=7024 loss=0.322719 lr=5.503e-06
[train] step=7025 loss=0.303278 lr=5.502e-06
[train] step=7026 loss=0.301061 lr=5.501e-06
[train] step=7027 loss=0.268249 lr=5.500e-06
[train] step=7028 loss=0.406225 lr=5.499e-06
[train] step=7029 loss=0.345805 lr=5.498e-06
[train] step=7030 loss=0.340327 lr=5.497e-06
[train] step=7031 loss=0.429144 lr=5.496e-06
[train] step=7032 loss=0.365486 lr=5.495e-06
[train] step=7033 loss=0.297725 lr=5.494e-06
[train] step=7034 loss=0.364658 lr=5.493e-06
[train] step=7035 loss=0.398082 lr=5.492e-06
[train] step=7036 loss=0.388060 lr=5.491e-06
[train] step=7037 loss=0.283416 lr=5.490e-06
[train] step=7038 loss=0.366302 lr=5.489e-06
[train] step=7039 loss=0.199425 lr=5.488e-06
[train] step=7040 loss=0.234967 lr=5.487e-06
[train] step=7041 loss=0.469809 lr=5.485e-06
[train] step=7042 loss=0.221726 lr=5.484e-06
[train] step=7043 loss=0.340624 lr=5.483e-06
[train] step=7044 loss=0.332729 lr=5.482e-06
[train] step=7045 loss=0.368566 lr=5.481e-06
[train] step=7046 loss=0.301664 lr=5.480e-06
[train] step=7047 loss=0.378133 lr=5.479e-06
[train] step=7048 loss=0.411754 lr=5.478e-06
[train] step=7049 loss=0.410107 lr=5.477e-06
[train] step=7050 loss=0.362062 lr=5.476e-06
[train] step=7051 loss=0.343857 lr=5.475e-06
[train] step=7052 loss=0.372828 lr=5.474e-06
[train] step=7053 loss=0.204303 lr=5.473e-06
[train] step=7054 loss=0.370066 lr=5.472e-06
[train] step=7055 loss=0.389576 lr=5.471e-06
[train] step=7056 loss=0.336464 lr=5.470e-06
[train] step=7057 loss=0.254052 lr=5.469e-06
[train] step=7058 loss=0.383089 lr=5.468e-06
[train] step=7059 loss=0.293772 lr=5.467e-06
[train] step=7060 loss=0.357539 lr=5.466e-06
[train] step=7061 loss=0.425206 lr=5.465e-06
[train] step=7062 loss=0.237722 lr=5.464e-06
[train] step=7063 loss=0.283822 lr=5.463e-06
[train] step=7064 loss=0.212134 lr=5.462e-06
[train] step=7065 loss=0.346291 lr=5.460e-06
[train] step=7066 loss=0.271582 lr=5.459e-06
[train] step=7067 loss=0.296155 lr=5.458e-06
[train] step=7068 loss=0.345268 lr=5.457e-06
[train] step=7069 loss=0.276926 lr=5.456e-06
[train] step=7070 loss=0.327157 lr=5.455e-06
[train] step=7071 loss=0.227664 lr=5.454e-06
[train] step=7072 loss=0.365633 lr=5.453e-06
[train] step=7073 loss=0.414485 lr=5.452e-06
[train] step=7074 loss=0.384397 lr=5.451e-06
[train] step=7075 loss=0.311209 lr=5.450e-06
[train] step=7076 loss=0.427467 lr=5.449e-06
[train] step=7077 loss=0.393723 lr=5.448e-06
[train] step=7078 loss=0.261430 lr=5.447e-06
[train] step=7079 loss=0.334695 lr=5.446e-06
[train] step=7080 loss=0.546349 lr=5.445e-06
INFO     [rank 0] Model weights for step 7080 saved in       dit_trainer.py:1288
         checkpoints/model_weights_step_07080.safetensors                       
INFO     [rank 0] Scalar embedding weights for step 7080     dit_trainer.py:1297
         saved                                                                  
INFO     [rank 0] Training state saved:                      dit_trainer.py:1416
         checkpoints/model_weights_step_07080.state.pt                          
DEBUG    [rank 0] Removed old checkpoint:                    dit_trainer.py:1429
         /local/disk/hramachandran/work/wh_work/windinet/dit                    
         _outputs/lundquist/dit_cosine_kl0_15k/checkpoints/m                    
         odel_weights_step_06840.safetensors                                    
DEBUG    [rank 0] Removed old checkpoint:                    dit_trainer.py:1429
         /local/disk/hramachandran/work/wh_work/windinet/dit                    
         _outputs/lundquist/dit_cosine_kl0_15k/checkpoints/s                    
         calar_embedding_step_06840.safetensors                                 
DEBUG    [rank 0] Removed optimizer state for older kept     dit_trainer.py:1444
         checkpoint:                                                            
         /local/disk/hramachandran/work/wh_work/windinet/dit                    
         _outputs/lundquist/dit_cosine_kl0_15k/checkpoints/m                    
         odel_weights_step_06960.state.pt                                       
[epoch 59] step=7080 train_loss=0.351233
[train] step=7081 loss=0.396003 lr=5.444e-06
[train] step=7082 loss=0.243883 lr=5.443e-06
[train] step=7083 loss=0.220105 lr=5.442e-06
[train] step=7084 loss=0.303760 lr=5.441e-06
[train] step=7085 loss=0.360236 lr=5.440e-06
[train] step=7086 loss=0.417102 lr=5.439e-06
[train] step=7087 loss=0.405526 lr=5.438e-06
[train] step=7088 loss=0.356181 lr=5.437e-06
[train] step=7089 loss=0.189648 lr=5.435e-06
[train] step=7090 loss=0.229349 lr=5.434e-06
[train] step=7091 loss=0.391445 lr=5.433e-06
[train] step=7092 loss=0.314058 lr=5.432e-06
[train] step=7093 loss=0.359684 lr=5.431e-06
[train] step=7094 loss=0.604147 lr=5.430e-06
[train] step=7095 loss=0.529956 lr=5.429e-06
[train] step=7096 loss=0.358148 lr=5.428e-06
[train] step=7097 loss=0.279971 lr=5.427e-06
[train] step=7098 loss=0.370945 lr=5.426e-06
[train] step=7099 loss=0.553672 lr=5.425e-06
[train] step=7100 loss=0.268599 lr=5.424e-06
[train] step=7101 loss=0.445118 lr=5.423e-06
[train] step=7102 loss=0.267780 lr=5.422e-06
[train] step=7103 loss=0.358808 lr=5.421e-06
[train] step=7104 loss=0.258943 lr=5.420e-06
[train] step=7105 loss=0.362670 lr=5.419e-06
[train] step=7106 loss=0.406412 lr=5.418e-06
[train] step=7107 loss=0.486349 lr=5.417e-06
[train] step=7108 loss=0.220049 lr=5.416e-06
[train] step=7109 loss=0.495711 lr=5.415e-06
[train] step=7110 loss=0.455771 lr=5.414e-06
[train] step=7111 loss=0.255020 lr=5.413e-06
[train] step=7112 loss=0.404363 lr=5.412e-06
[train] step=7113 loss=0.291491 lr=5.410e-06
[train] step=7114 loss=0.426167 lr=5.409e-06
[train] step=7115 loss=0.321265 lr=5.408e-06
[train] step=7116 loss=0.330737 lr=5.407e-06
[train] step=7117 loss=0.399714 lr=5.406e-06
[train] step=7118 loss=0.296306 lr=5.405e-06
[train] step=7119 loss=0.246431 lr=5.404e-06
[train] step=7120 loss=0.346927 lr=5.403e-06
[train] step=7121 loss=0.249598 lr=5.402e-06
[train] step=7122 loss=0.309554 lr=5.401e-06
[train] step=7123 loss=0.305660 lr=5.400e-06
[train] step=7124 loss=0.238074 lr=5.399e-06
[train] step=7125 loss=0.266974 lr=5.398e-06
[train] step=7126 loss=0.502908 lr=5.397e-06
[train] step=7127 loss=0.337199 lr=5.396e-06
[train] step=7128 loss=0.485049 lr=5.395e-06
[train] step=7129 loss=0.288305 lr=5.394e-06
[train] step=7130 loss=0.261859 lr=5.393e-06
[train] step=7131 loss=0.176924 lr=5.392e-06
[train] step=7132 loss=0.257315 lr=5.391e-06
[train] step=7133 loss=0.381906 lr=5.390e-06
[train] step=7134 loss=0.418838 lr=5.389e-06
[train] step=7135 loss=0.292560 lr=5.388e-06
[train] step=7136 loss=0.166325 lr=5.386e-06
[train] step=7137 loss=0.379141 lr=5.385e-06
[train] step=7138 loss=0.330811 lr=5.384e-06
[train] step=7139 loss=0.326830 lr=5.383e-06
[train] step=7140 loss=0.304263 lr=5.382e-06
[train] step=7141 loss=0.382048 lr=5.381e-06
[train] step=7142 loss=0.324174 lr=5.380e-06
[train] step=7143 loss=0.287269 lr=5.379e-06
[train] step=7144 loss=0.342311 lr=5.378e-06
[train] step=7145 loss=0.398821 lr=5.377e-06
[train] step=7146 loss=0.332133 lr=5.376e-06
[train] step=7147 loss=0.338843 lr=5.375e-06
[train] step=7148 loss=0.507328 lr=5.374e-06
[train] step=7149 loss=0.315596 lr=5.373e-06
[train] step=7150 loss=0.308106 lr=5.372e-06
[train] step=7151 loss=0.395756 lr=5.371e-06
[train] step=7152 loss=0.373261 lr=5.370e-06
[train] step=7153 loss=0.306635 lr=5.369e-06
[train] step=7154 loss=0.433390 lr=5.368e-06
[train] step=7155 loss=0.432807 lr=5.367e-06
[train] step=7156 loss=0.284793 lr=5.366e-06
[train] step=7157 loss=0.382815 lr=5.365e-06
[train] step=7158 loss=0.363109 lr=5.364e-06
[train] step=7159 loss=0.372853 lr=5.362e-06
[train] step=7160 loss=0.266546 lr=5.361e-06
[train] step=7161 loss=0.522157 lr=5.360e-06
[train] step=7162 loss=0.369685 lr=5.359e-06
[train] step=7163 loss=0.271533 lr=5.358e-06
[train] step=7164 loss=0.282099 lr=5.357e-06
[train] step=7165 loss=0.324309 lr=5.356e-06
[train] step=7166 loss=0.270670 lr=5.355e-06
[train] step=7167 loss=0.391461 lr=5.354e-06
[train] step=7168 loss=0.466808 lr=5.353e-06
[train] step=7169 loss=0.397313 lr=5.352e-06
[train] step=7170 loss=0.332995 lr=5.351e-06
[train] step=7171 loss=0.405900 lr=5.350e-06
[train] step=7172 loss=0.404802 lr=5.349e-06
[train] step=7173 loss=0.264903 lr=5.348e-06
[train] step=7174 loss=0.435457 lr=5.347e-06
[train] step=7175 loss=0.390649 lr=5.346e-06
[train] step=7176 loss=0.262801 lr=5.345e-06
[train] step=7177 loss=0.603635 lr=5.344e-06
[train] step=7178 loss=0.367790 lr=5.343e-06
[train] step=7179 loss=0.525710 lr=5.342e-06
[train] step=7180 loss=0.475926 lr=5.341e-06
[train] step=7181 loss=0.469583 lr=5.340e-06
[train] step=7182 loss=0.306811 lr=5.338e-06
[train] step=7183 loss=0.360177 lr=5.337e-06
[train] step=7184 loss=0.310954 lr=5.336e-06
[train] step=7185 loss=0.256477 lr=5.335e-06
[train] step=7186 loss=0.296317 lr=5.334e-06
[train] step=7187 loss=0.422468 lr=5.333e-06
[train] step=7188 loss=0.257617 lr=5.332e-06
[train] step=7189 loss=0.198557 lr=5.331e-06
[train] step=7190 loss=0.469113 lr=5.330e-06
[train] step=7191 loss=0.214015 lr=5.329e-06
[train] step=7192 loss=0.329483 lr=5.328e-06
[train] step=7193 loss=0.369666 lr=5.327e-06
[train] step=7194 loss=0.425532 lr=5.326e-06
[train] step=7195 loss=0.288786 lr=5.325e-06
[train] step=7196 loss=0.309628 lr=5.324e-06
[train] step=7197 loss=0.449574 lr=5.323e-06
[train] step=7198 loss=0.417017 lr=5.322e-06
[train] step=7199 loss=0.429866 lr=5.321e-06
[train] step=7200 loss=0.310773 lr=5.320e-06
[val] step=7200 val_loss=0.384536
INFO     [rank 0] Model weights for step 7200 saved in       dit_trainer.py:1288
         checkpoints/model_weights_step_07200.safetensors                       
INFO     [rank 0] Scalar embedding weights for step 7200     dit_trainer.py:1297
         saved                                                                  
INFO     [rank 0] Training state saved:                      dit_trainer.py:1416
         checkpoints/model_weights_step_07200.state.pt                          
INFO     [rank 0] New best checkpoint (step 7200,            dit_trainer.py:1320
         val_loss=0.384536):                                                    
         checkpoints/model_weights_best.safetensors                             
DEBUG    [rank 0] Removed old checkpoint:                    dit_trainer.py:1429
         /local/disk/hramachandran/work/wh_work/windinet/dit                    
         _outputs/lundquist/dit_cosine_kl0_15k/checkpoints/m                    
         odel_weights_step_06960.safetensors                                    
DEBUG    [rank 0] Removed old checkpoint:                    dit_trainer.py:1429
         /local/disk/hramachandran/work/wh_work/windinet/dit                    
         _outputs/lundquist/dit_cosine_kl0_15k/checkpoints/s                    
         calar_embedding_step_06960.safetensors                                 
DEBUG    [rank 0] Removed optimizer state for older kept     dit_trainer.py:1444
         checkpoint:                                                            
         /local/disk/hramachandran/work/wh_work/windinet/dit                    
         _outputs/lundquist/dit_cosine_kl0_15k/checkpoints/m                    
         odel_weights_step_07080.state.pt                                       
[epoch 60] step=7200 train_loss=0.354598 val_loss=0.384536
[train] step=7201 loss=0.305503 lr=5.319e-06
[train] step=7202 loss=0.180958 lr=5.318e-06
[train] step=7203 loss=0.257687 lr=5.317e-06
[train] step=7204 loss=0.251276 lr=5.316e-06
[train] step=7205 loss=0.457250 lr=5.314e-06
[train] step=7206 loss=0.327814 lr=5.313e-06
[train] step=7207 loss=0.412433 lr=5.312e-06
[train] step=7208 loss=0.283991 lr=5.311e-06
[train] step=7209 loss=0.219491 lr=5.310e-06
[train] step=7210 loss=0.323142 lr=5.309e-06
[train] step=7211 loss=0.354920 lr=5.308e-06
[train] step=7212 loss=0.360991 lr=5.307e-06
[train] step=7213 loss=0.430362 lr=5.306e-06
[train] step=7214 loss=0.347619 lr=5.305e-06
[train] step=7215 loss=0.374281 lr=5.304e-06
[train] step=7216 loss=0.283924 lr=5.303e-06
[train] step=7217 loss=0.370653 lr=5.302e-06
[train] step=7218 loss=0.422222 lr=5.301e-06
[train] step=7219 loss=0.346549 lr=5.300e-06
[train] step=7220 loss=0.371199 lr=5.299e-06
[train] step=7221 loss=0.388547 lr=5.298e-06
[train] step=7222 loss=0.372726 lr=5.297e-06
[train] step=7223 loss=0.329062 lr=5.296e-06
[train] step=7224 loss=0.418498 lr=5.295e-06
[train] step=7225 loss=0.329882 lr=5.294e-06
[train] step=7226 loss=0.321990 lr=5.293e-06
[train] step=7227 loss=0.347901 lr=5.291e-06
[train] step=7228 loss=0.229918 lr=5.290e-06
[train] step=7229 loss=0.354019 lr=5.289e-06
[train] step=7230 loss=0.293396 lr=5.288e-06
[train] step=7231 loss=0.316537 lr=5.287e-06
[train] step=7232 loss=0.282136 lr=5.286e-06
[train] step=7233 loss=0.273489 lr=5.285e-06
[train] step=7234 loss=0.342203 lr=5.284e-06
[train] step=7235 loss=0.373909 lr=5.283e-06
[train] step=7236 loss=0.307786 lr=5.282e-06
[train] step=7237 loss=0.419157 lr=5.281e-06
[train] step=7238 loss=0.404984 lr=5.280e-06
[train] step=7239 loss=0.262628 lr=5.279e-06
[train] step=7240 loss=0.231790 lr=5.278e-06
[train] step=7241 loss=0.443054 lr=5.277e-06
[train] step=7242 loss=0.463848 lr=5.276e-06
[train] step=7243 loss=0.248251 lr=5.275e-06
[train] step=7244 loss=0.423541 lr=5.274e-06
[train] step=7245 loss=0.280495 lr=5.273e-06
[train] step=7246 loss=0.337378 lr=5.272e-06
[train] step=7247 loss=0.379860 lr=5.271e-06
[train] step=7248 loss=0.479437 lr=5.270e-06
[train] step=7249 loss=0.312780 lr=5.269e-06
[train] step=7250 loss=0.359830 lr=5.267e-06
[train] step=7251 loss=0.557229 lr=5.266e-06
[train] step=7252 loss=0.325436 lr=5.265e-06
[train] step=7253 loss=0.324367 lr=5.264e-06
[train] step=7254 loss=0.400335 lr=5.263e-06
[train] step=7255 loss=0.476521 lr=5.262e-06
[train] step=7256 loss=0.253949 lr=5.261e-06
[train] step=7257 loss=0.240333 lr=5.260e-06
[train] step=7258 loss=0.252327 lr=5.259e-06
[train] step=7259 loss=0.314509 lr=5.258e-06
[train] step=7260 loss=0.371811 lr=5.257e-06
[train] step=7261 loss=0.302561 lr=5.256e-06
[train] step=7262 loss=0.507624 lr=5.255e-06
[train] step=7263 loss=0.313484 lr=5.254e-06
[train] step=7264 loss=0.447701 lr=5.253e-06
[train] step=7265 loss=0.226481 lr=5.252e-06
[train] step=7266 loss=0.290189 lr=5.251e-06
[train] step=7267 loss=0.346357 lr=5.250e-06
[train] step=7268 loss=0.513505 lr=5.249e-06
[train] step=7269 loss=0.257563 lr=5.248e-06
[train] step=7270 loss=0.369136 lr=5.247e-06
[train] step=7271 loss=0.511307 lr=5.246e-06
[train] step=7272 loss=0.343055 lr=5.244e-06
[train] step=7273 loss=0.342328 lr=5.243e-06
[train] step=7274 loss=0.320145 lr=5.242e-06
[train] step=7275 loss=0.475812 lr=5.241e-06
[train] step=7276 loss=0.312908 lr=5.240e-06
[train] step=7277 loss=0.312723 lr=5.239e-06
[train] step=7278 loss=0.196215 lr=5.238e-06
[train] step=7279 loss=0.542731 lr=5.237e-06
[train] step=7280 loss=0.288530 lr=5.236e-06
[train] step=7281 loss=0.360472 lr=5.235e-06
[train] step=7282 loss=0.415286 lr=5.234e-06
[train] step=7283 loss=0.350307 lr=5.233e-06
[train] step=7284 loss=0.407876 lr=5.232e-06
[train] step=7285 loss=0.363714 lr=5.231e-06
[train] step=7286 loss=0.370667 lr=5.230e-06
[train] step=7287 loss=0.318169 lr=5.229e-06
[train] step=7288 loss=0.445309 lr=5.228e-06
[train] step=7289 loss=0.529723 lr=5.227e-06
[train] step=7290 loss=0.219771 lr=5.226e-06
[train] step=7291 loss=0.370742 lr=5.225e-06
[train] step=7292 loss=0.438895 lr=5.224e-06
[train] step=7293 loss=0.319785 lr=5.223e-06
[train] step=7294 loss=0.386440 lr=5.221e-06
[train] step=7295 loss=0.288994 lr=5.220e-06
[train] step=7296 loss=0.297683 lr=5.219e-06
[train] step=7297 loss=0.297945 lr=5.218e-06
[train] step=7298 loss=0.403758 lr=5.217e-06
[train] step=7299 loss=0.449813 lr=5.216e-06
[train] step=7300 loss=0.298693 lr=5.215e-06
[train] step=7301 loss=0.483742 lr=5.214e-06
[train] step=7302 loss=0.357912 lr=5.213e-06
[train] step=7303 loss=0.423955 lr=5.212e-06
[train] step=7304 loss=0.312014 lr=5.211e-06
[train] step=7305 loss=0.283024 lr=5.210e-06
[train] step=7306 loss=0.291328 lr=5.209e-06
[train] step=7307 loss=0.329892 lr=5.208e-06
[train] step=7308 loss=0.395169 lr=5.207e-06
[train] step=7309 loss=0.296481 lr=5.206e-06
[train] step=7310 loss=0.396566 lr=5.205e-06
[train] step=7311 loss=0.258408 lr=5.204e-06
[train] step=7312 loss=0.327301 lr=5.203e-06
[train] step=7313 loss=0.359755 lr=5.202e-06
[train] step=7314 loss=0.320119 lr=5.201e-06
[train] step=7315 loss=0.338698 lr=5.200e-06
[train] step=7316 loss=0.336101 lr=5.198e-06
[train] step=7317 loss=0.222440 lr=5.197e-06
[train] step=7318 loss=0.372184 lr=5.196e-06
[train] step=7319 loss=0.421279 lr=5.195e-06
[train] step=7320 loss=0.376618 lr=5.194e-06
INFO     [rank 0] Model weights for step 7320 saved in       dit_trainer.py:1288
         checkpoints/model_weights_step_07320.safetensors                       
INFO     [rank 0] Scalar embedding weights for step 7320     dit_trainer.py:1297
         saved                                                                  
INFO     [rank 0] Training state saved:                      dit_trainer.py:1416
         checkpoints/model_weights_step_07320.state.pt                          
DEBUG    [rank 0] Removed old checkpoint:                    dit_trainer.py:1429
         /local/disk/hramachandran/work/wh_work/windinet/dit                    
         _outputs/lundquist/dit_cosine_kl0_15k/checkpoints/m                    
         odel_weights_step_07080.safetensors                                    
DEBUG    [rank 0] Removed old checkpoint:                    dit_trainer.py:1429
         /local/disk/hramachandran/work/wh_work/windinet/dit                    
         _outputs/lundquist/dit_cosine_kl0_15k/checkpoints/s                    
         calar_embedding_step_07080.safetensors                                 
DEBUG    [rank 0] Removed optimizer state for older kept     dit_trainer.py:1444
         checkpoint:                                                            
         /local/disk/hramachandran/work/wh_work/windinet/dit                    
         _outputs/lundquist/dit_cosine_kl0_15k/checkpoints/m                    
         odel_weights_step_07200.state.pt                                       
[epoch 61] step=7320 train_loss=0.349330
[train] step=7321 loss=0.398058 lr=5.193e-06
[train] step=7322 loss=0.428558 lr=5.192e-06
[train] step=7323 loss=0.432822 lr=5.191e-06
[train] step=7324 loss=0.193335 lr=5.190e-06
[train] step=7325 loss=0.376004 lr=5.189e-06
[train] step=7326 loss=0.396787 lr=5.188e-06
[train] step=7327 loss=0.369459 lr=5.187e-06
[train] step=7328 loss=0.387014 lr=5.186e-06
[train] step=7329 loss=0.405017 lr=5.185e-06
[train] step=7330 loss=0.362575 lr=5.184e-06
[train] step=7331 loss=0.354267 lr=5.183e-06
[train] step=7332 loss=0.308258 lr=5.182e-06
[train] step=7333 loss=0.448920 lr=5.181e-06
[train] step=7334 loss=0.320687 lr=5.180e-06
[train] step=7335 loss=0.407875 lr=5.179e-06
[train] step=7336 loss=0.387707 lr=5.178e-06
[train] step=7337 loss=0.399074 lr=5.177e-06
[train] step=7338 loss=0.448466 lr=5.175e-06
[train] step=7339 loss=0.392250 lr=5.174e-06
[train] step=7340 loss=0.444875 lr=5.173e-06
[train] step=7341 loss=0.419569 lr=5.172e-06
[train] step=7342 loss=0.318906 lr=5.171e-06
[train] step=7343 loss=0.298243 lr=5.170e-06
[train] step=7344 loss=0.312556 lr=5.169e-06
[train] step=7345 loss=0.328168 lr=5.168e-06
[train] step=7346 loss=0.252585 lr=5.167e-06
[train] step=7347 loss=0.241440 lr=5.166e-06
[train] step=7348 loss=0.398531 lr=5.165e-06
[train] step=7349 loss=0.461799 lr=5.164e-06
[train] step=7350 loss=0.256497 lr=5.163e-06
[train] step=7351 loss=0.298105 lr=5.162e-06
[train] step=7352 loss=0.477600 lr=5.161e-06
[train] step=7353 loss=0.306988 lr=5.160e-06
[train] step=7354 loss=0.326851 lr=5.159e-06
[train] step=7355 loss=0.429395 lr=5.158e-06
[train] step=7356 loss=0.338333 lr=5.157e-06
[train] step=7357 loss=0.302449 lr=5.156e-06
[train] step=7358 loss=0.454447 lr=5.155e-06
[train] step=7359 loss=0.300721 lr=5.154e-06
[train] step=7360 loss=0.277607 lr=5.152e-06
[train] step=7361 loss=0.433557 lr=5.151e-06
[train] step=7362 loss=0.257971 lr=5.150e-06
[train] step=7363 loss=0.300871 lr=5.149e-06
[train] step=7364 loss=0.320372 lr=5.148e-06
[train] step=7365 loss=0.315847 lr=5.147e-06
[train] step=7366 loss=0.355541 lr=5.146e-06
[train] step=7367 loss=0.377354 lr=5.145e-06
[train] step=7368 loss=0.301171 lr=5.144e-06
[train] step=7369 loss=0.292477 lr=5.143e-06
[train] step=7370 loss=0.209005 lr=5.142e-06
[train] step=7371 loss=0.514764 lr=5.141e-06
[train] step=7372 loss=0.284904 lr=5.140e-06
[train] step=7373 loss=0.327370 lr=5.139e-06
[train] step=7374 loss=0.317871 lr=5.138e-06
[train] step=7375 loss=0.315204 lr=5.137e-06
[train] step=7376 loss=0.290368 lr=5.136e-06
[train] step=7377 loss=0.229271 lr=5.135e-06
[train] step=7378 loss=0.425851 lr=5.134e-06
[train] step=7379 loss=0.438812 lr=5.133e-06
[train] step=7380 loss=0.400009 lr=5.132e-06
[train] step=7381 loss=0.354023 lr=5.131e-06
[train] step=7382 loss=0.292725 lr=5.129e-06
[train] step=7383 loss=0.514213 lr=5.128e-06
[train] step=7384 loss=0.441976 lr=5.127e-06
[train] step=7385 loss=0.300437 lr=5.126e-06
[train] step=7386 loss=0.240041 lr=5.125e-06
[train] step=7387 loss=0.276539 lr=5.124e-06
[train] step=7388 loss=0.373356 lr=5.123e-06
[train] step=7389 loss=0.218945 lr=5.122e-06
[train] step=7390 loss=0.266294 lr=5.121e-06
[train] step=7391 loss=0.421490 lr=5.120e-06
[train] step=7392 loss=0.379296 lr=5.119e-06
[train] step=7393 loss=0.529226 lr=5.118e-06
[train] step=7394 loss=0.450156 lr=5.117e-06
[train] step=7395 loss=0.692086 lr=5.116e-06
[train] step=7396 loss=0.361921 lr=5.115e-06
[train] step=7397 loss=0.402261 lr=5.114e-06
[train] step=7398 loss=0.381994 lr=5.113e-06
[train] step=7399 loss=0.291957 lr=5.112e-06
[train] step=7400 loss=0.373232 lr=5.111e-06
[train] step=7401 loss=0.213409 lr=5.110e-06
[train] step=7402 loss=0.332599 lr=5.109e-06
[train] step=7403 loss=0.379618 lr=5.108e-06
[train] step=7404 loss=0.144772 lr=5.106e-06
[train] step=7405 loss=0.412877 lr=5.105e-06
[train] step=7406 loss=0.289143 lr=5.104e-06
[train] step=7407 loss=0.219439 lr=5.103e-06
[train] step=7408 loss=0.326474 lr=5.102e-06
[train] step=7409 loss=0.290206 lr=5.101e-06
[train] step=7410 loss=0.264818 lr=5.100e-06
[train] step=7411 loss=0.261074 lr=5.099e-06
[train] step=7412 loss=0.420646 lr=5.098e-06
[train] step=7413 loss=0.366711 lr=5.097e-06
[train] step=7414 loss=0.353188 lr=5.096e-06
[train] step=7415 loss=0.348789 lr=5.095e-06
[train] step=7416 loss=0.409885 lr=5.094e-06
[train] step=7417 loss=0.214528 lr=5.093e-06
[train] step=7418 loss=0.374448 lr=5.092e-06
[train] step=7419 loss=0.565978 lr=5.091e-06
[train] step=7420 loss=0.375626 lr=5.090e-06
[train] step=7421 loss=0.271741 lr=5.089e-06
[train] step=7422 loss=0.234466 lr=5.088e-06
[train] step=7423 loss=0.391650 lr=5.087e-06
[train] step=7424 loss=0.383981 lr=5.086e-06
[train] step=7425 loss=0.368456 lr=5.085e-06
[train] step=7426 loss=0.324270 lr=5.083e-06
[train] step=7427 loss=0.352670 lr=5.082e-06
[train] step=7428 loss=0.530145 lr=5.081e-06
[train] step=7429 loss=0.421392 lr=5.080e-06
[train] step=7430 loss=0.308088 lr=5.079e-06
[train] step=7431 loss=0.328840 lr=5.078e-06
[train] step=7432 loss=0.348898 lr=5.077e-06
[train] step=7433 loss=0.354206 lr=5.076e-06
[train] step=7434 loss=0.345353 lr=5.075e-06
[train] step=7435 loss=0.387946 lr=5.074e-06
[train] step=7436 loss=0.289348 lr=5.073e-06
[train] step=7437 loss=0.408328 lr=5.072e-06
[train] step=7438 loss=0.391175 lr=5.071e-06
[train] step=7439 loss=0.401510 lr=5.070e-06
[train] step=7440 loss=0.265867 lr=5.069e-06
INFO     [rank 0] Model weights for step 7440 saved in       dit_trainer.py:1288
         checkpoints/model_weights_step_07440.safetensors                       
INFO     [rank 0] Scalar embedding weights for step 7440     dit_trainer.py:1297
         saved                                                                  
INFO     [rank 0] Training state saved:                      dit_trainer.py:1416
         checkpoints/model_weights_step_07440.state.pt                          
DEBUG    [rank 0] Removed old checkpoint:                    dit_trainer.py:1429
         /local/disk/hramachandran/work/wh_work/windinet/dit                    
         _outputs/lundquist/dit_cosine_kl0_15k/checkpoints/m                    
         odel_weights_step_07200.safetensors                                    
DEBUG    [rank 0] Removed old checkpoint:                    dit_trainer.py:1429
         /local/disk/hramachandran/work/wh_work/windinet/dit                    
         _outputs/lundquist/dit_cosine_kl0_15k/checkpoints/s                    
         calar_embedding_step_07200.safetensors                                 
DEBUG    [rank 0] Removed optimizer state for older kept     dit_trainer.py:1444
         checkpoint:                                                            
         /local/disk/hramachandran/work/wh_work/windinet/dit                    
         _outputs/lundquist/dit_cosine_kl0_15k/checkpoints/m                    
         odel_weights_step_07320.state.pt                                       
[epoch 62] step=7440 train_loss=0.354307
[train] step=7441 loss=0.367685 lr=5.068e-06
[train] step=7442 loss=0.366172 lr=5.067e-06
[train] step=7443 loss=0.305540 lr=5.066e-06
[train] step=7444 loss=0.362387 lr=5.065e-06
[train] step=7445 loss=0.237302 lr=5.064e-06
[train] step=7446 loss=0.201820 lr=5.063e-06
[train] step=7447 loss=0.289613 lr=5.061e-06
[train] step=7448 loss=0.378205 lr=5.060e-06
[train] step=7449 loss=0.408484 lr=5.059e-06
[train] step=7450 loss=0.372927 lr=5.058e-06
[train] step=7451 loss=0.380618 lr=5.057e-06
[train] step=7452 loss=0.463700 lr=5.056e-06
[train] step=7453 loss=0.361598 lr=5.055e-06
[train] step=7454 loss=0.534084 lr=5.054e-06
[train] step=7455 loss=0.300339 lr=5.053e-06
[train] step=7456 loss=0.364789 lr=5.052e-06
[train] step=7457 loss=0.518965 lr=5.051e-06
[train] step=7458 loss=0.270756 lr=5.050e-06
[train] step=7459 loss=0.419548 lr=5.049e-06
[train] step=7460 loss=0.361756 lr=5.048e-06
[train] step=7461 loss=0.430548 lr=5.047e-06
[train] step=7462 loss=0.330651 lr=5.046e-06
[train] step=7463 loss=0.341083 lr=5.045e-06
[train] step=7464 loss=0.306859 lr=5.044e-06
[train] step=7465 loss=0.300366 lr=5.043e-06
[train] step=7466 loss=0.338124 lr=5.042e-06
[train] step=7467 loss=0.252471 lr=5.041e-06
[train] step=7468 loss=0.336516 lr=5.040e-06
[train] step=7469 loss=0.400203 lr=5.038e-06
[train] step=7470 loss=0.314272 lr=5.037e-06
[train] step=7471 loss=0.452618 lr=5.036e-06
[train] step=7472 loss=0.221687 lr=5.035e-06
[train] step=7473 loss=0.349676 lr=5.034e-06
[train] step=7474 loss=0.686151 lr=5.033e-06
[train] step=7475 loss=0.268324 lr=5.032e-06
[train] step=7476 loss=0.406757 lr=5.031e-06
[train] step=7477 loss=0.471199 lr=5.030e-06
[train] step=7478 loss=0.426401 lr=5.029e-06
[train] step=7479 loss=0.354447 lr=5.028e-06
[train] step=7480 loss=0.336708 lr=5.027e-06
[train] step=7481 loss=0.426089 lr=5.026e-06
[train] step=7482 loss=0.360750 lr=5.025e-06
[train] step=7483 loss=0.380911 lr=5.024e-06
[train] step=7484 loss=0.417522 lr=5.023e-06
[train] step=7485 loss=0.339808 lr=5.022e-06
[train] step=7486 loss=0.393378 lr=5.021e-06
[train] step=7487 loss=0.307487 lr=5.020e-06
[train] step=7488 loss=0.222860 lr=5.019e-06
[train] step=7489 loss=0.310990 lr=5.018e-06
[train] step=7490 loss=0.437120 lr=5.017e-06
[train] step=7491 loss=0.233916 lr=5.015e-06
[train] step=7492 loss=0.307571 lr=5.014e-06
[train] step=7493 loss=0.282100 lr=5.013e-06
[train] step=7494 loss=0.230717 lr=5.012e-06
[train] step=7495 loss=0.178755 lr=5.011e-06
[train] step=7496 loss=0.334699 lr=5.010e-06
[train] step=7497 loss=0.329556 lr=5.009e-06
[train] step=7498 loss=0.400019 lr=5.008e-06
[train] step=7499 loss=0.260240 lr=5.007e-06
[train] step=7500 loss=0.286252 lr=5.006e-06
[train] step=7501 loss=0.358963 lr=5.005e-06
[train] step=7502 loss=0.172261 lr=5.004e-06
[train] step=7503 loss=0.336080 lr=5.003e-06
[train] step=7504 loss=0.312221 lr=5.002e-06
[train] step=7505 loss=0.368770 lr=5.001e-06
[train] step=7506 loss=0.497823 lr=5.000e-06
[train] step=7507 loss=0.256221 lr=4.999e-06
[train] step=7508 loss=0.306670 lr=4.998e-06
[train] step=7509 loss=0.265758 lr=4.997e-06
[train] step=7510 loss=0.410532 lr=4.996e-06
[train] step=7511 loss=0.343032 lr=4.995e-06
[train] step=7512 loss=0.330099 lr=4.993e-06
[train] step=7513 loss=0.460386 lr=4.992e-06
[train] step=7514 loss=0.336842 lr=4.991e-06
[train] step=7515 loss=0.346215 lr=4.990e-06
[train] step=7516 loss=0.401209 lr=4.989e-06
[train] step=7517 loss=0.268675 lr=4.988e-06
[train] step=7518 loss=0.377479 lr=4.987e-06
[train] step=7519 loss=0.389148 lr=4.986e-06
[train] step=7520 loss=0.514268 lr=4.985e-06
[train] step=7521 loss=0.254152 lr=4.984e-06
[train] step=7522 loss=0.269404 lr=4.983e-06
[train] step=7523 loss=0.293413 lr=4.982e-06
[train] step=7524 loss=0.481025 lr=4.981e-06
[train] step=7525 loss=0.396670 lr=4.980e-06
[train] step=7526 loss=0.238895 lr=4.979e-06
[train] step=7527 loss=0.330046 lr=4.978e-06
[train] step=7528 loss=0.218062 lr=4.977e-06
[train] step=7529 loss=0.314972 lr=4.976e-06
[train] step=7530 loss=0.272015 lr=4.975e-06
[train] step=7531 loss=0.335363 lr=4.974e-06
[train] step=7532 loss=0.226110 lr=4.973e-06
[train] step=7533 loss=0.310226 lr=4.972e-06
[train] step=7534 loss=0.409745 lr=4.970e-06
[train] step=7535 loss=0.363798 lr=4.969e-06
[train] step=7536 loss=0.385784 lr=4.968e-06
[train] step=7537 loss=0.474838 lr=4.967e-06
[train] step=7538 loss=0.401667 lr=4.966e-06
[train] step=7539 loss=0.337618 lr=4.965e-06
[train] step=7540 loss=0.410680 lr=4.964e-06
[train] step=7541 loss=0.415938 lr=4.963e-06
[train] step=7542 loss=0.293421 lr=4.962e-06
[train] step=7543 loss=0.408161 lr=4.961e-06
[train] step=7544 loss=0.505021 lr=4.960e-06
[train] step=7545 loss=0.424970 lr=4.959e-06
[train] step=7546 loss=0.288333 lr=4.958e-06
[train] step=7547 loss=0.232147 lr=4.957e-06
[train] step=7548 loss=0.249504 lr=4.956e-06
[train] step=7549 loss=0.357136 lr=4.955e-06
[train] step=7550 loss=0.358725 lr=4.954e-06
[train] step=7551 loss=0.375742 lr=4.953e-06
[train] step=7552 loss=0.350345 lr=4.952e-06
[train] step=7553 loss=0.298015 lr=4.951e-06
[train] step=7554 loss=0.380582 lr=4.950e-06
[train] step=7555 loss=0.467028 lr=4.949e-06
[train] step=7556 loss=0.348002 lr=4.947e-06
[train] step=7557 loss=0.299222 lr=4.946e-06
[train] step=7558 loss=0.229269 lr=4.945e-06
[train] step=7559 loss=0.407529 lr=4.944e-06
[train] step=7560 loss=0.317426 lr=4.943e-06
INFO     [rank 0] Model weights for step 7560 saved in       dit_trainer.py:1288
         checkpoints/model_weights_step_07560.safetensors                       
INFO     [rank 0] Scalar embedding weights for step 7560     dit_trainer.py:1297
         saved                                                                  
INFO     [rank 0] Training state saved:                      dit_trainer.py:1416
         checkpoints/model_weights_step_07560.state.pt                          
DEBUG    [rank 0] Removed old checkpoint:                    dit_trainer.py:1429
         /local/disk/hramachandran/work/wh_work/windinet/dit                    
         _outputs/lundquist/dit_cosine_kl0_15k/checkpoints/m                    
         odel_weights_step_07320.safetensors                                    
DEBUG    [rank 0] Removed old checkpoint:                    dit_trainer.py:1429
         /local/disk/hramachandran/work/wh_work/windinet/dit                    
         _outputs/lundquist/dit_cosine_kl0_15k/checkpoints/s                    
         calar_embedding_step_07320.safetensors                                 
DEBUG    [rank 0] Removed optimizer state for older kept     dit_trainer.py:1444
         checkpoint:                                                            
         /local/disk/hramachandran/work/wh_work/windinet/dit                    
         _outputs/lundquist/dit_cosine_kl0_15k/checkpoints/m                    
         odel_weights_step_07440.state.pt                                       
[epoch 63] step=7560 train_loss=0.348035
[train] step=7561 loss=0.352828 lr=4.942e-06
[train] step=7562 loss=0.467240 lr=4.941e-06
[train] step=7563 loss=0.417685 lr=4.940e-06
[train] step=7564 loss=0.478968 lr=4.939e-06
[train] step=7565 loss=0.456983 lr=4.938e-06
[train] step=7566 loss=0.251091 lr=4.937e-06
[train] step=7567 loss=0.266827 lr=4.936e-06
[train] step=7568 loss=0.259723 lr=4.935e-06
[train] step=7569 loss=0.294779 lr=4.934e-06
[train] step=7570 loss=0.283959 lr=4.933e-06
[train] step=7571 loss=0.364101 lr=4.932e-06
[train] step=7572 loss=0.378210 lr=4.931e-06
[train] step=7573 loss=0.267969 lr=4.930e-06
[train] step=7574 loss=0.411292 lr=4.929e-06
[train] step=7575 loss=0.307884 lr=4.928e-06
[train] step=7576 loss=0.466698 lr=4.927e-06
[train] step=7577 loss=0.295084 lr=4.925e-06
[train] step=7578 loss=0.327932 lr=4.924e-06
[train] step=7579 loss=0.398049 lr=4.923e-06
[train] step=7580 loss=0.302069 lr=4.922e-06
[train] step=7581 loss=0.313483 lr=4.921e-06
[train] step=7582 loss=0.405825 lr=4.920e-06
[train] step=7583 loss=0.336670 lr=4.919e-06
[train] step=7584 loss=0.359003 lr=4.918e-06
[train] step=7585 loss=0.300606 lr=4.917e-06
[train] step=7586 loss=0.372713 lr=4.916e-06
[train] step=7587 loss=0.286144 lr=4.915e-06
[train] step=7588 loss=0.321767 lr=4.914e-06
[train] step=7589 loss=0.351760 lr=4.913e-06
[train] step=7590 loss=0.396249 lr=4.912e-06
[train] step=7591 loss=0.302043 lr=4.911e-06
[train] step=7592 loss=0.338820 lr=4.910e-06
[train] step=7593 loss=0.272081 lr=4.909e-06
[train] step=7594 loss=0.458901 lr=4.908e-06
[train] step=7595 loss=0.399418 lr=4.907e-06
[train] step=7596 loss=0.295637 lr=4.906e-06
[train] step=7597 loss=0.246890 lr=4.905e-06
[train] step=7598 loss=0.327190 lr=4.904e-06
[train] step=7599 loss=0.372672 lr=4.902e-06
[train] step=7600 loss=0.398644 lr=4.901e-06
[train] step=7601 loss=0.388798 lr=4.900e-06
[train] step=7602 loss=0.414432 lr=4.899e-06
[train] step=7603 loss=0.281456 lr=4.898e-06
[train] step=7604 loss=0.297664 lr=4.897e-06
[train] step=7605 loss=0.565023 lr=4.896e-06
[train] step=7606 loss=0.265226 lr=4.895e-06
[train] step=7607 loss=0.209303 lr=4.894e-06
[train] step=7608 loss=0.393537 lr=4.893e-06
[train] step=7609 loss=0.305140 lr=4.892e-06
[train] step=7610 loss=0.440874 lr=4.891e-06
[train] step=7611 loss=0.460695 lr=4.890e-06
[train] step=7612 loss=0.423611 lr=4.889e-06
[train] step=7613 loss=0.286473 lr=4.888e-06
[train] step=7614 loss=0.366385 lr=4.887e-06
[train] step=7615 loss=0.278814 lr=4.886e-06
[train] step=7616 loss=0.332900 lr=4.885e-06
[train] step=7617 loss=0.351635 lr=4.884e-06
[train] step=7618 loss=0.320172 lr=4.883e-06
[train] step=7619 loss=0.510930 lr=4.882e-06
[train] step=7620 loss=0.273144 lr=4.881e-06
[train] step=7621 loss=0.316193 lr=4.879e-06
[train] step=7622 loss=0.172672 lr=4.878e-06
[train] step=7623 loss=0.286736 lr=4.877e-06
[train] step=7624 loss=0.320104 lr=4.876e-06
[train] step=7625 loss=0.276317 lr=4.875e-06
[train] step=7626 loss=0.250918 lr=4.874e-06
[train] step=7627 loss=0.333412 lr=4.873e-06
[train] step=7628 loss=0.452598 lr=4.872e-06
[train] step=7629 loss=0.400583 lr=4.871e-06
[train] step=7630 loss=0.296380 lr=4.870e-06
[train] step=7631 loss=0.319218 lr=4.869e-06
[train] step=7632 loss=0.379525 lr=4.868e-06
[train] step=7633 loss=0.337556 lr=4.867e-06
[train] step=7634 loss=0.341398 lr=4.866e-06
[train] step=7635 loss=0.333522 lr=4.865e-06
[train] step=7636 loss=0.346699 lr=4.864e-06
[train] step=7637 loss=0.370757 lr=4.863e-06
[train] step=7638 loss=0.382600 lr=4.862e-06
[train] step=7639 loss=0.208546 lr=4.861e-06
[train] step=7640 loss=0.399297 lr=4.860e-06
[train] step=7641 loss=0.286157 lr=4.859e-06
[train] step=7642 loss=0.385466 lr=4.858e-06
[train] step=7643 loss=0.291718 lr=4.856e-06
[train] step=7644 loss=0.429106 lr=4.855e-06
[train] step=7645 loss=0.544388 lr=4.854e-06
[train] step=7646 loss=0.287203 lr=4.853e-06
[train] step=7647 loss=0.266474 lr=4.852e-06
[train] step=7648 loss=0.320899 lr=4.851e-06
[train] step=7649 loss=0.209114 lr=4.850e-06
[train] step=7650 loss=0.379433 lr=4.849e-06
[train] step=7651 loss=0.618896 lr=4.848e-06
[train] step=7652 loss=0.226573 lr=4.847e-06
[train] step=7653 loss=0.351508 lr=4.846e-06
[train] step=7654 loss=0.334591 lr=4.845e-06
[train] step=7655 loss=0.377889 lr=4.844e-06
[train] step=7656 loss=0.285731 lr=4.843e-06
[train] step=7657 loss=0.281891 lr=4.842e-06
[train] step=7658 loss=0.384943 lr=4.841e-06
[train] step=7659 loss=0.466955 lr=4.840e-06
[train] step=7660 loss=0.420858 lr=4.839e-06
[train] step=7661 loss=0.247189 lr=4.838e-06
[train] step=7662 loss=0.271726 lr=4.837e-06
[train] step=7663 loss=0.284149 lr=4.836e-06
[train] step=7664 loss=0.370618 lr=4.835e-06
[train] step=7665 loss=0.353642 lr=4.833e-06
[train] step=7666 loss=0.216378 lr=4.832e-06
[train] step=7667 loss=0.285812 lr=4.831e-06
[train] step=7668 loss=0.288037 lr=4.830e-06
[train] step=7669 loss=0.356002 lr=4.829e-06
[train] step=7670 loss=0.464797 lr=4.828e-06
[train] step=7671 loss=0.386701 lr=4.827e-06
[train] step=7672 loss=0.300021 lr=4.826e-06
[train] step=7673 loss=0.495456 lr=4.825e-06
[train] step=7674 loss=0.334880 lr=4.824e-06
[train] step=7675 loss=0.248869 lr=4.823e-06
[train] step=7676 loss=0.249488 lr=4.822e-06
[train] step=7677 loss=0.268704 lr=4.821e-06
[train] step=7678 loss=0.264635 lr=4.820e-06
[train] step=7679 loss=0.373881 lr=4.819e-06
[train] step=7680 loss=0.416380 lr=4.818e-06
INFO     [rank 0] Model weights for step 7680 saved in       dit_trainer.py:1288
         checkpoints/model_weights_step_07680.safetensors                       
INFO     [rank 0] Scalar embedding weights for step 7680     dit_trainer.py:1297
         saved                                                                  
INFO     [rank 0] Training state saved:                      dit_trainer.py:1416
         checkpoints/model_weights_step_07680.state.pt                          
DEBUG    [rank 0] Removed old checkpoint:                    dit_trainer.py:1429
         /local/disk/hramachandran/work/wh_work/windinet/dit                    
         _outputs/lundquist/dit_cosine_kl0_15k/checkpoints/m                    
         odel_weights_step_07440.safetensors                                    
DEBUG    [rank 0] Removed old checkpoint:                    dit_trainer.py:1429
         /local/disk/hramachandran/work/wh_work/windinet/dit                    
         _outputs/lundquist/dit_cosine_kl0_15k/checkpoints/s                    
         calar_embedding_step_07440.safetensors                                 
DEBUG    [rank 0] Removed optimizer state for older kept     dit_trainer.py:1444
         checkpoint:                                                            
         /local/disk/hramachandran/work/wh_work/windinet/dit                    
         _outputs/lundquist/dit_cosine_kl0_15k/checkpoints/m                    
         odel_weights_step_07560.state.pt                                       
[epoch 64] step=7680 train_loss=0.342711
[train] step=7681 loss=0.216488 lr=4.817e-06
[train] step=7682 loss=0.449593 lr=4.816e-06
[train] step=7683 loss=0.584375 lr=4.815e-06
[train] step=7684 loss=0.367468 lr=4.814e-06
[train] step=7685 loss=0.269045 lr=4.813e-06
[train] step=7686 loss=0.398904 lr=4.812e-06
[train] step=7687 loss=0.558197 lr=4.810e-06
[train] step=7688 loss=0.365585 lr=4.809e-06
[train] step=7689 loss=0.456227 lr=4.808e-06
[train] step=7690 loss=0.379605 lr=4.807e-06
[train] step=7691 loss=0.286992 lr=4.806e-06
[train] step=7692 loss=0.310070 lr=4.805e-06
[train] step=7693 loss=0.366551 lr=4.804e-06
[train] step=7694 loss=0.335692 lr=4.803e-06
[train] step=7695 loss=0.271454 lr=4.802e-06
[train] step=7696 loss=0.348953 lr=4.801e-06
[train] step=7697 loss=0.304279 lr=4.800e-06
[train] step=7698 loss=0.353181 lr=4.799e-06
[train] step=7699 loss=0.371122 lr=4.798e-06
[train] step=7700 loss=0.328997 lr=4.797e-06
[train] step=7701 loss=0.414119 lr=4.796e-06
[train] step=7702 loss=0.412289 lr=4.795e-06
[train] step=7703 loss=0.411325 lr=4.794e-06
[train] step=7704 loss=0.422360 lr=4.793e-06
[train] step=7705 loss=0.306917 lr=4.792e-06
[train] step=7706 loss=0.267077 lr=4.791e-06
[train] step=7707 loss=0.365093 lr=4.790e-06
[train] step=7708 loss=0.365688 lr=4.789e-06
[train] step=7709 loss=0.492325 lr=4.787e-06
[train] step=7710 loss=0.263512 lr=4.786e-06
[train] step=7711 loss=0.220700 lr=4.785e-06
[train] step=7712 loss=0.309068 lr=4.784e-06
[train] step=7713 loss=0.245541 lr=4.783e-06
[train] step=7714 loss=0.237333 lr=4.782e-06
[train] step=7715 loss=0.457344 lr=4.781e-06
[train] step=7716 loss=0.415290 lr=4.780e-06
[train] step=7717 loss=0.178684 lr=4.779e-06
[train] step=7718 loss=0.220592 lr=4.778e-06
[train] step=7719 loss=0.406307 lr=4.777e-06
[train] step=7720 loss=0.353702 lr=4.776e-06
[train] step=7721 loss=0.378844 lr=4.775e-06
[train] step=7722 loss=0.501293 lr=4.774e-06
[train] step=7723 loss=0.293528 lr=4.773e-06
[train] step=7724 loss=0.373506 lr=4.772e-06
[train] step=7725 loss=0.424093 lr=4.771e-06
[train] step=7726 loss=0.286953 lr=4.770e-06
[train] step=7727 loss=0.228438 lr=4.769e-06
[train] step=7728 loss=0.418328 lr=4.768e-06
[train] step=7729 loss=0.336415 lr=4.767e-06
[train] step=7730 loss=0.256387 lr=4.766e-06
[train] step=7731 loss=0.263490 lr=4.764e-06
[train] step=7732 loss=0.349688 lr=4.763e-06
[train] step=7733 loss=0.452432 lr=4.762e-06
[train] step=7734 loss=0.365143 lr=4.761e-06
[train] step=7735 loss=0.318755 lr=4.760e-06
[train] step=7736 loss=0.351268 lr=4.759e-06
[train] step=7737 loss=0.681356 lr=4.758e-06
[train] step=7738 loss=0.464386 lr=4.757e-06
[train] step=7739 loss=0.224887 lr=4.756e-06
[train] step=7740 loss=0.307553 lr=4.755e-06
[train] step=7741 loss=0.455206 lr=4.754e-06
[train] step=7742 loss=0.348893 lr=4.753e-06
[train] step=7743 loss=0.453673 lr=4.752e-06
[train] step=7744 loss=0.409067 lr=4.751e-06
[train] step=7745 loss=0.273166 lr=4.750e-06
[train] step=7746 loss=0.406539 lr=4.749e-06
[train] step=7747 loss=0.285813 lr=4.748e-06
[train] step=7748 loss=0.451328 lr=4.747e-06
[train] step=7749 loss=0.322418 lr=4.746e-06
[train] step=7750 loss=0.327783 lr=4.745e-06
[train] step=7751 loss=0.322989 lr=4.744e-06
[train] step=7752 loss=0.257269 lr=4.743e-06
[train] step=7753 loss=0.237291 lr=4.741e-06
[train] step=7754 loss=0.273986 lr=4.740e-06
[train] step=7755 loss=0.372772 lr=4.739e-06
[train] step=7756 loss=0.405911 lr=4.738e-06
[train] step=7757 loss=0.234470 lr=4.737e-06
[train] step=7758 loss=0.290147 lr=4.736e-06
[train] step=7759 loss=0.391218 lr=4.735e-06
[train] step=7760 loss=0.331979 lr=4.734e-06
[train] step=7761 loss=0.236635 lr=4.733e-06
[train] step=7762 loss=0.443972 lr=4.732e-06
[train] step=7763 loss=0.269580 lr=4.731e-06
[train] step=7764 loss=0.344980 lr=4.730e-06
[train] step=7765 loss=0.353834 lr=4.729e-06
[train] step=7766 loss=0.297882 lr=4.728e-06
[train] step=7767 loss=0.367995 lr=4.727e-06
[train] step=7768 loss=0.479241 lr=4.726e-06
[train] step=7769 loss=0.424891 lr=4.725e-06
[train] step=7770 loss=0.355800 lr=4.724e-06
[train] step=7771 loss=0.562860 lr=4.723e-06
[train] step=7772 loss=0.447652 lr=4.722e-06
[train] step=7773 loss=0.237111 lr=4.721e-06
[train] step=7774 loss=0.341727 lr=4.720e-06
[train] step=7775 loss=0.326434 lr=4.719e-06
[train] step=7776 loss=0.261169 lr=4.717e-06
[train] step=7777 loss=0.314415 lr=4.716e-06
[train] step=7778 loss=0.405795 lr=4.715e-06
[train] step=7779 loss=0.333992 lr=4.714e-06
[train] step=7780 loss=0.538738 lr=4.713e-06
[train] step=7781 loss=0.333541 lr=4.712e-06
[train] step=7782 loss=0.212059 lr=4.711e-06
[train] step=7783 loss=0.254604 lr=4.710e-06
[train] step=7784 loss=0.274494 lr=4.709e-06
[train] step=7785 loss=0.269839 lr=4.708e-06
[train] step=7786 loss=0.187459 lr=4.707e-06
[train] step=7787 loss=0.174676 lr=4.706e-06
[train] step=7788 loss=0.416917 lr=4.705e-06
[train] step=7789 loss=0.451808 lr=4.704e-06
[train] step=7790 loss=0.256643 lr=4.703e-06
[train] step=7791 loss=0.602194 lr=4.702e-06
[train] step=7792 loss=0.386519 lr=4.701e-06
[train] step=7793 loss=0.359600 lr=4.700e-06
[train] step=7794 loss=0.379169 lr=4.699e-06
[train] step=7795 loss=0.297004 lr=4.698e-06
[train] step=7796 loss=0.257569 lr=4.697e-06
[train] step=7797 loss=0.250438 lr=4.696e-06
[train] step=7798 loss=0.360249 lr=4.694e-06
[train] step=7799 loss=0.321498 lr=4.693e-06
[train] step=7800 loss=0.300164 lr=4.692e-06
[val] step=7800 val_loss=0.382656
INFO     [rank 0] Model weights for step 7800 saved in       dit_trainer.py:1288
         checkpoints/model_weights_step_07800.safetensors                       
INFO     [rank 0] Scalar embedding weights for step 7800     dit_trainer.py:1297
         saved                                                                  
INFO     [rank 0] Training state saved:                      dit_trainer.py:1416
         checkpoints/model_weights_step_07800.state.pt                          
INFO     [rank 0] New best checkpoint (step 7800,            dit_trainer.py:1320
         val_loss=0.382656):                                                    
         checkpoints/model_weights_best.safetensors                             
DEBUG    [rank 0] Removed old checkpoint:                    dit_trainer.py:1429
         /local/disk/hramachandran/work/wh_work/windinet/dit                    
         _outputs/lundquist/dit_cosine_kl0_15k/checkpoints/m                    
         odel_weights_step_07560.safetensors                                    
DEBUG    [rank 0] Removed old checkpoint:                    dit_trainer.py:1429
         /local/disk/hramachandran/work/wh_work/windinet/dit                    
         _outputs/lundquist/dit_cosine_kl0_15k/checkpoints/s                    
         calar_embedding_step_07560.safetensors                                 
DEBUG    [rank 0] Removed optimizer state for older kept     dit_trainer.py:1444
         checkpoint:                                                            
         /local/disk/hramachandran/work/wh_work/windinet/dit                    
         _outputs/lundquist/dit_cosine_kl0_15k/checkpoints/m                    
         odel_weights_step_07680.state.pt                                       
[epoch 65] step=7800 train_loss=0.350201 val_loss=0.382656
[train] step=7801 loss=0.313598 lr=4.691e-06
[train] step=7802 loss=0.429461 lr=4.690e-06
[train] step=7803 loss=0.178742 lr=4.689e-06
[train] step=7804 loss=0.272108 lr=4.688e-06
[train] step=7805 loss=0.229460 lr=4.687e-06
[train] step=7806 loss=0.441553 lr=4.686e-06
[train] step=7807 loss=0.441957 lr=4.685e-06
[train] step=7808 loss=0.449612 lr=4.684e-06
[train] step=7809 loss=0.276015 lr=4.683e-06
[train] step=7810 loss=0.206039 lr=4.682e-06
[train] step=7811 loss=0.281139 lr=4.681e-06
[train] step=7812 loss=0.317338 lr=4.680e-06
[train] step=7813 loss=0.210233 lr=4.679e-06
[train] step=7814 loss=0.400341 lr=4.678e-06
[train] step=7815 loss=0.234894 lr=4.677e-06
[train] step=7816 loss=0.309009 lr=4.676e-06
[train] step=7817 loss=0.263868 lr=4.675e-06
[train] step=7818 loss=0.177475 lr=4.674e-06
[train] step=7819 loss=0.339826 lr=4.673e-06
[train] step=7820 loss=0.347686 lr=4.672e-06
[train] step=7821 loss=0.331970 lr=4.670e-06
[train] step=7822 loss=0.253694 lr=4.669e-06
[train] step=7823 loss=0.417186 lr=4.668e-06
[train] step=7824 loss=0.352613 lr=4.667e-06
[train] step=7825 loss=0.467983 lr=4.666e-06
[train] step=7826 loss=0.291296 lr=4.665e-06
[train] step=7827 loss=0.243831 lr=4.664e-06
[train] step=7828 loss=0.291964 lr=4.663e-06
[train] step=7829 loss=0.265312 lr=4.662e-06
[train] step=7830 loss=0.297793 lr=4.661e-06
[train] step=7831 loss=0.326192 lr=4.660e-06
[train] step=7832 loss=0.397919 lr=4.659e-06
[train] step=7833 loss=0.208038 lr=4.658e-06
[train] step=7834 loss=0.519384 lr=4.657e-06
[train] step=7835 loss=0.206805 lr=4.656e-06
[train] step=7836 loss=0.362024 lr=4.655e-06
[train] step=7837 loss=0.264464 lr=4.654e-06
[train] step=7838 loss=0.298047 lr=4.653e-06
[train] step=7839 loss=0.268009 lr=4.652e-06
[train] step=7840 loss=0.217568 lr=4.651e-06
[train] step=7841 loss=0.382813 lr=4.650e-06
[train] step=7842 loss=0.306443 lr=4.649e-06
[train] step=7843 loss=0.300439 lr=4.648e-06
[train] step=7844 loss=0.283742 lr=4.646e-06
[train] step=7845 loss=0.285347 lr=4.645e-06
[train] step=7846 loss=0.335700 lr=4.644e-06
[train] step=7847 loss=0.277702 lr=4.643e-06
[train] step=7848 loss=0.274788 lr=4.642e-06
[train] step=7849 loss=0.323873 lr=4.641e-06
[train] step=7850 loss=0.304563 lr=4.640e-06
[train] step=7851 loss=0.461826 lr=4.639e-06
[train] step=7852 loss=0.362084 lr=4.638e-06
[train] step=7853 loss=0.453833 lr=4.637e-06
[train] step=7854 loss=0.334231 lr=4.636e-06
[train] step=7855 loss=0.322079 lr=4.635e-06
[train] step=7856 loss=0.440812 lr=4.634e-06
[train] step=7857 loss=0.263676 lr=4.633e-06
[train] step=7858 loss=0.461064 lr=4.632e-06
[train] step=7859 loss=0.258333 lr=4.631e-06
[train] step=7860 loss=0.440262 lr=4.630e-06
[train] step=7861 loss=0.190622 lr=4.629e-06
[train] step=7862 loss=0.371680 lr=4.628e-06
[train] step=7863 loss=0.302668 lr=4.627e-06
[train] step=7864 loss=0.312775 lr=4.626e-06
[train] step=7865 loss=0.329736 lr=4.625e-06
[train] step=7866 loss=0.311617 lr=4.624e-06
[train] step=7867 loss=0.360156 lr=4.622e-06
[train] step=7868 loss=0.304625 lr=4.621e-06
[train] step=7869 loss=0.274712 lr=4.620e-06
[train] step=7870 loss=0.365141 lr=4.619e-06
[train] step=7871 loss=0.341380 lr=4.618e-06
[train] step=7872 loss=0.365330 lr=4.617e-06
[train] step=7873 loss=0.301824 lr=4.616e-06
[train] step=7874 loss=0.325076 lr=4.615e-06
[train] step=7875 loss=0.447876 lr=4.614e-06
[train] step=7876 loss=0.314273 lr=4.613e-06
[train] step=7877 loss=0.336025 lr=4.612e-06
[train] step=7878 loss=0.573100 lr=4.611e-06
[train] step=7879 loss=0.452183 lr=4.610e-06
[train] step=7880 loss=0.322578 lr=4.609e-06
[train] step=7881 loss=0.359150 lr=4.608e-06
[train] step=7882 loss=0.409574 lr=4.607e-06
[train] step=7883 loss=0.481370 lr=4.606e-06
[train] step=7884 loss=0.284202 lr=4.605e-06
[train] step=7885 loss=0.441546 lr=4.604e-06
[train] step=7886 loss=0.356665 lr=4.603e-06
[train] step=7887 loss=0.342355 lr=4.602e-06
[train] step=7888 loss=0.334282 lr=4.601e-06
[train] step=7889 loss=0.463261 lr=4.600e-06
[train] step=7890 loss=0.376427 lr=4.598e-06
[train] step=7891 loss=0.338514 lr=4.597e-06
[train] step=7892 loss=0.546462 lr=4.596e-06
[train] step=7893 loss=0.334604 lr=4.595e-06
[train] step=7894 loss=0.374484 lr=4.594e-06
[train] step=7895 loss=0.316325 lr=4.593e-06
[train] step=7896 loss=0.380234 lr=4.592e-06
[train] step=7897 loss=0.386403 lr=4.591e-06
[train] step=7898 loss=0.310178 lr=4.590e-06
[train] step=7899 loss=0.364201 lr=4.589e-06
[train] step=7900 loss=0.529666 lr=4.588e-06
[train] step=7901 loss=0.334232 lr=4.587e-06
[train] step=7902 loss=0.412604 lr=4.586e-06
[train] step=7903 loss=0.329739 lr=4.585e-06
[train] step=7904 loss=0.340732 lr=4.584e-06
[train] step=7905 loss=0.310621 lr=4.583e-06
[train] step=7906 loss=0.405409 lr=4.582e-06
[train] step=7907 loss=0.290799 lr=4.581e-06
[train] step=7908 loss=0.211615 lr=4.580e-06
[train] step=7909 loss=0.364581 lr=4.579e-06
[train] step=7910 loss=0.317944 lr=4.578e-06
[train] step=7911 loss=0.382643 lr=4.577e-06
[train] step=7912 loss=0.345499 lr=4.576e-06
[train] step=7913 loss=0.366451 lr=4.575e-06
[train] step=7914 loss=0.302054 lr=4.573e-06
[train] step=7915 loss=0.233785 lr=4.572e-06
[train] step=7916 loss=0.409941 lr=4.571e-06
[train] step=7917 loss=0.399987 lr=4.570e-06
[train] step=7918 loss=0.247802 lr=4.569e-06
[train] step=7919 loss=0.237152 lr=4.568e-06
[train] step=7920 loss=0.381237 lr=4.567e-06
INFO     [rank 0] Model weights for step 7920 saved in       dit_trainer.py:1288
         checkpoints/model_weights_step_07920.safetensors                       
INFO     [rank 0] Scalar embedding weights for step 7920     dit_trainer.py:1297
         saved                                                                  
INFO     [rank 0] Training state saved:                      dit_trainer.py:1416
         checkpoints/model_weights_step_07920.state.pt                          
DEBUG    [rank 0] Removed old checkpoint:                    dit_trainer.py:1429
         /local/disk/hramachandran/work/wh_work/windinet/dit                    
         _outputs/lundquist/dit_cosine_kl0_15k/checkpoints/m                    
         odel_weights_step_07680.safetensors                                    
DEBUG    [rank 0] Removed old checkpoint:                    dit_trainer.py:1429
         /local/disk/hramachandran/work/wh_work/windinet/dit                    
         _outputs/lundquist/dit_cosine_kl0_15k/checkpoints/s                    
         calar_embedding_step_07680.safetensors                                 
DEBUG    [rank 0] Removed optimizer state for older kept     dit_trainer.py:1444
         checkpoint:                                                            
         /local/disk/hramachandran/work/wh_work/windinet/dit                    
         _outputs/lundquist/dit_cosine_kl0_15k/checkpoints/m                    
         odel_weights_step_07800.state.pt                                       
[epoch 66] step=7920 train_loss=0.337109
[train] step=7921 loss=0.363022 lr=4.566e-06
[train] step=7922 loss=0.263077 lr=4.565e-06
[train] step=7923 loss=0.273078 lr=4.564e-06
[train] step=7924 loss=0.299737 lr=4.563e-06
[train] step=7925 loss=0.356147 lr=4.562e-06
[train] step=7926 loss=0.273306 lr=4.561e-06
[train] step=7927 loss=0.387997 lr=4.560e-06
[train] step=7928 loss=0.330063 lr=4.559e-06
[train] step=7929 loss=0.381602 lr=4.558e-06
[train] step=7930 loss=0.403572 lr=4.557e-06
[train] step=7931 loss=0.273074 lr=4.556e-06
[train] step=7932 loss=0.436185 lr=4.555e-06
[train] step=7933 loss=0.534106 lr=4.554e-06
[train] step=7934 loss=0.404548 lr=4.553e-06
[train] step=7935 loss=0.323058 lr=4.552e-06
[train] step=7936 loss=0.238909 lr=4.551e-06
[train] step=7937 loss=0.306596 lr=4.550e-06
[train] step=7938 loss=0.316814 lr=4.548e-06
[train] step=7939 loss=0.348541 lr=4.547e-06
[train] step=7940 loss=0.418360 lr=4.546e-06
[train] step=7941 loss=0.419382 lr=4.545e-06
[train] step=7942 loss=0.612546 lr=4.544e-06
[train] step=7943 loss=0.403953 lr=4.543e-06
[train] step=7944 loss=0.456785 lr=4.542e-06
[train] step=7945 loss=0.253936 lr=4.541e-06
[train] step=7946 loss=0.372589 lr=4.540e-06
[train] step=7947 loss=0.413664 lr=4.539e-06
[train] step=7948 loss=0.235181 lr=4.538e-06
[train] step=7949 loss=0.284567 lr=4.537e-06
[train] step=7950 loss=0.458114 lr=4.536e-06
[train] step=7951 loss=0.367515 lr=4.535e-06
[train] step=7952 loss=0.277884 lr=4.534e-06
[train] step=7953 loss=0.338862 lr=4.533e-06
[train] step=7954 loss=0.260010 lr=4.532e-06
[train] step=7955 loss=0.252092 lr=4.531e-06
[train] step=7956 loss=0.258434 lr=4.530e-06
[train] step=7957 loss=0.285633 lr=4.529e-06
[train] step=7958 loss=0.309863 lr=4.528e-06
[train] step=7959 loss=0.276529 lr=4.527e-06
[train] step=7960 loss=0.418549 lr=4.526e-06
[train] step=7961 loss=0.230732 lr=4.525e-06
[train] step=7962 loss=0.247046 lr=4.523e-06
[train] step=7963 loss=0.193937 lr=4.522e-06
[train] step=7964 loss=0.317068 lr=4.521e-06
[train] step=7965 loss=0.286203 lr=4.520e-06
[train] step=7966 loss=0.503146 lr=4.519e-06
[train] step=7967 loss=0.300215 lr=4.518e-06
[train] step=7968 loss=0.339978 lr=4.517e-06
[train] step=7969 loss=0.334142 lr=4.516e-06
[train] step=7970 loss=0.254962 lr=4.515e-06
[train] step=7971 loss=0.425349 lr=4.514e-06
[train] step=7972 loss=0.353658 lr=4.513e-06
[train] step=7973 loss=0.314061 lr=4.512e-06
[train] step=7974 loss=0.397008 lr=4.511e-06
[train] step=7975 loss=0.434154 lr=4.510e-06
[train] step=7976 loss=0.283907 lr=4.509e-06
[train] step=7977 loss=0.347976 lr=4.508e-06
[train] step=7978 loss=0.362921 lr=4.507e-06
[train] step=7979 loss=0.336436 lr=4.506e-06
[train] step=7980 loss=0.320635 lr=4.505e-06
[train] step=7981 loss=0.390957 lr=4.504e-06
[train] step=7982 loss=0.199417 lr=4.503e-06
[train] step=7983 loss=0.431678 lr=4.502e-06
[train] step=7984 loss=0.354898 lr=4.501e-06
[train] step=7985 loss=0.294727 lr=4.500e-06
[train] step=7986 loss=0.234247 lr=4.498e-06
[train] step=7987 loss=0.309527 lr=4.497e-06
[train] step=7988 loss=0.205495 lr=4.496e-06
[train] step=7989 loss=0.305695 lr=4.495e-06
[train] step=7990 loss=0.349568 lr=4.494e-06
[train] step=7991 loss=0.464800 lr=4.493e-06
[train] step=7992 loss=0.316245 lr=4.492e-06
[train] step=7993 loss=0.358001 lr=4.491e-06
[train] step=7994 loss=0.399906 lr=4.490e-06
[train] step=7995 loss=0.358650 lr=4.489e-06
[train] step=7996 loss=0.270567 lr=4.488e-06
[train] step=7997 loss=0.501387 lr=4.487e-06
[train] step=7998 loss=0.316412 lr=4.486e-06
[train] step=7999 loss=0.384141 lr=4.485e-06
[train] step=8000 loss=0.254696 lr=4.484e-06
INFO     [rank 0] Saved DiT visualization panels for    dit_visualization.py:418
         step 8000 (3 samples x 4 frames);                                      
         latent_vrmse=0.61592 pixel_vrmse=0.41930 ->                            
         /local/disk/hramachandran/work/wh_work/windine                         
         t/dit_outputs/lundquist/dit_cosine_kl0_15k/dit                         
         _vrmse_metrics.csv,                                                    
         /local/disk/hramachandran/work/wh_work/windine                         
         t/dit_outputs/lundquist/dit_cosine_kl0_15k/dit                         
         _vrmse_curve.png                                                       
[train] step=8001 loss=0.386199 lr=4.483e-06
[train] step=8002 loss=0.264344 lr=4.482e-06
[train] step=8003 loss=0.233969 lr=4.481e-06
[train] step=8004 loss=0.349789 lr=4.480e-06
[train] step=8005 loss=0.283543 lr=4.479e-06
[train] step=8006 loss=0.505827 lr=4.478e-06
[train] step=8007 loss=0.262222 lr=4.477e-06
[train] step=8008 loss=0.328204 lr=4.476e-06
[train] step=8009 loss=0.383649 lr=4.475e-06
[train] step=8010 loss=0.307101 lr=4.474e-06
[train] step=8011 loss=0.275992 lr=4.472e-06
[train] step=8012 loss=0.267710 lr=4.471e-06
[train] step=8013 loss=0.412009 lr=4.470e-06
[train] step=8014 loss=0.424029 lr=4.469e-06
[train] step=8015 loss=0.175919 lr=4.468e-06
[train] step=8016 loss=0.303990 lr=4.467e-06
[train] step=8017 loss=0.325965 lr=4.466e-06
[train] step=8018 loss=0.471370 lr=4.465e-06
[train] step=8019 loss=0.272743 lr=4.464e-06
[train] step=8020 loss=0.440123 lr=4.463e-06
[train] step=8021 loss=0.329752 lr=4.462e-06
[train] step=8022 loss=0.330036 lr=4.461e-06
[train] step=8023 loss=0.391217 lr=4.460e-06
[train] step=8024 loss=0.442899 lr=4.459e-06
[train] step=8025 loss=0.171676 lr=4.458e-06
[train] step=8026 loss=0.366299 lr=4.457e-06
[train] step=8027 loss=0.256630 lr=4.456e-06
[train] step=8028 loss=0.335466 lr=4.455e-06
[train] step=8029 loss=0.422032 lr=4.454e-06
[train] step=8030 loss=0.463317 lr=4.453e-06
[train] step=8031 loss=0.395671 lr=4.452e-06
[train] step=8032 loss=0.353852 lr=4.451e-06
[train] step=8033 loss=0.363160 lr=4.450e-06
[train] step=8034 loss=0.370896 lr=4.449e-06
[train] step=8035 loss=0.347396 lr=4.448e-06
[train] step=8036 loss=0.308763 lr=4.446e-06
[train] step=8037 loss=0.360555 lr=4.445e-06
[train] step=8038 loss=0.460042 lr=4.444e-06
[train] step=8039 loss=0.353850 lr=4.443e-06
[train] step=8040 loss=0.225897 lr=4.442e-06
INFO     [rank 0] Model weights for step 8040 saved in       dit_trainer.py:1288
         checkpoints/model_weights_step_08040.safetensors                       
INFO     [rank 0] Scalar embedding weights for step 8040     dit_trainer.py:1297
         saved                                                                  
INFO     [rank 0] Training state saved:                      dit_trainer.py:1416
         checkpoints/model_weights_step_08040.state.pt                          
DEBUG    [rank 0] Removed old checkpoint:                    dit_trainer.py:1429
         /local/disk/hramachandran/work/wh_work/windinet/dit                    
         _outputs/lundquist/dit_cosine_kl0_15k/checkpoints/m                    
         odel_weights_step_07800.safetensors                                    
DEBUG    [rank 0] Removed old checkpoint:                    dit_trainer.py:1429
         /local/disk/hramachandran/work/wh_work/windinet/dit                    
         _outputs/lundquist/dit_cosine_kl0_15k/checkpoints/s                    
         calar_embedding_step_07800.safetensors                                 
DEBUG    [rank 0] Removed optimizer state for older kept     dit_trainer.py:1444
         checkpoint:                                                            
         /local/disk/hramachandran/work/wh_work/windinet/dit                    
         _outputs/lundquist/dit_cosine_kl0_15k/checkpoints/m                    
         odel_weights_step_07920.state.pt                                       
[epoch 67] step=8040 train_loss=0.342099
[train] step=8041 loss=0.276264 lr=4.441e-06
[train] step=8042 loss=0.357436 lr=4.440e-06
[train] step=8043 loss=0.302161 lr=4.439e-06
[train] step=8044 loss=0.444102 lr=4.438e-06
[train] step=8045 loss=0.262690 lr=4.437e-06
[train] step=8046 loss=0.357584 lr=4.436e-06
[train] step=8047 loss=0.379166 lr=4.435e-06
[train] step=8048 loss=0.319988 lr=4.434e-06
[train] step=8049 loss=0.456492 lr=4.433e-06
[train] step=8050 loss=0.352436 lr=4.432e-06
[train] step=8051 loss=0.256588 lr=4.431e-06
[train] step=8052 loss=0.313025 lr=4.430e-06
[train] step=8053 loss=0.439228 lr=4.429e-06
[train] step=8054 loss=0.348562 lr=4.428e-06
[train] step=8055 loss=0.337214 lr=4.427e-06
[train] step=8056 loss=0.215221 lr=4.426e-06
[train] step=8057 loss=0.311432 lr=4.425e-06
[train] step=8058 loss=0.340880 lr=4.424e-06
[train] step=8059 loss=0.327493 lr=4.423e-06
[train] step=8060 loss=0.489960 lr=4.422e-06
[train] step=8061 loss=0.291576 lr=4.420e-06
[train] step=8062 loss=0.403345 lr=4.419e-06
[train] step=8063 loss=0.328991 lr=4.418e-06
[train] step=8064 loss=0.373450 lr=4.417e-06
[train] step=8065 loss=0.323516 lr=4.416e-06
[train] step=8066 loss=0.267842 lr=4.415e-06
[train] step=8067 loss=0.509551 lr=4.414e-06
[train] step=8068 loss=0.426545 lr=4.413e-06
[train] step=8069 loss=0.323210 lr=4.412e-06
[train] step=8070 loss=0.157374 lr=4.411e-06
[train] step=8071 loss=0.441941 lr=4.410e-06
[train] step=8072 loss=0.431579 lr=4.409e-06
[train] step=8073 loss=0.330725 lr=4.408e-06
[train] step=8074 loss=0.373365 lr=4.407e-06
[train] step=8075 loss=0.300187 lr=4.406e-06
[train] step=8076 loss=0.206170 lr=4.405e-06
[train] step=8077 loss=0.364089 lr=4.404e-06
[train] step=8078 loss=0.378966 lr=4.403e-06
[train] step=8079 loss=0.350024 lr=4.402e-06
[train] step=8080 loss=0.254651 lr=4.401e-06
[train] step=8081 loss=0.307904 lr=4.400e-06
[train] step=8082 loss=0.362488 lr=4.399e-06
[train] step=8083 loss=0.373707 lr=4.398e-06
[train] step=8084 loss=0.360092 lr=4.397e-06
[train] step=8085 loss=0.304237 lr=4.396e-06
[train] step=8086 loss=0.313300 lr=4.395e-06
[train] step=8087 loss=0.468247 lr=4.393e-06
[train] step=8088 loss=0.322948 lr=4.392e-06
[train] step=8089 loss=0.296240 lr=4.391e-06
[train] step=8090 loss=0.445173 lr=4.390e-06
[train] step=8091 loss=0.355823 lr=4.389e-06
[train] step=8092 loss=0.228177 lr=4.388e-06
[train] step=8093 loss=0.428740 lr=4.387e-06
[train] step=8094 loss=0.361003 lr=4.386e-06
[train] step=8095 loss=0.378989 lr=4.385e-06
[train] step=8096 loss=0.290865 lr=4.384e-06
[train] step=8097 loss=0.331121 lr=4.383e-06
[train] step=8098 loss=0.181595 lr=4.382e-06
[train] step=8099 loss=0.391112 lr=4.381e-06
[train] step=8100 loss=0.326065 lr=4.380e-06
[train] step=8101 loss=0.272072 lr=4.379e-06
[train] step=8102 loss=0.508347 lr=4.378e-06
[train] step=8103 loss=0.306664 lr=4.377e-06
[train] step=8104 loss=0.346256 lr=4.376e-06
[train] step=8105 loss=0.275714 lr=4.375e-06
[train] step=8106 loss=0.341621 lr=4.374e-06
[train] step=8107 loss=0.296066 lr=4.373e-06
[train] step=8108 loss=0.338339 lr=4.372e-06
[train] step=8109 loss=0.326524 lr=4.371e-06
[train] step=8110 loss=0.342786 lr=4.370e-06
[train] step=8111 loss=0.333947 lr=4.369e-06
[train] step=8112 loss=0.214569 lr=4.368e-06
[train] step=8113 loss=0.224428 lr=4.367e-06
[train] step=8114 loss=0.464146 lr=4.365e-06
[train] step=8115 loss=0.263193 lr=4.364e-06
[train] step=8116 loss=0.259933 lr=4.363e-06
[train] step=8117 loss=0.413251 lr=4.362e-06
[train] step=8118 loss=0.331998 lr=4.361e-06
[train] step=8119 loss=0.241927 lr=4.360e-06
[train] step=8120 loss=0.395177 lr=4.359e-06
[train] step=8121 loss=0.284730 lr=4.358e-06
[train] step=8122 loss=0.398483 lr=4.357e-06
[train] step=8123 loss=0.299904 lr=4.356e-06
[train] step=8124 loss=0.385068 lr=4.355e-06
[train] step=8125 loss=0.338836 lr=4.354e-06
[train] step=8126 loss=0.346740 lr=4.353e-06
[train] step=8127 loss=0.366019 lr=4.352e-06
[train] step=8128 loss=0.325484 lr=4.351e-06
[train] step=8129 loss=0.556649 lr=4.350e-06
[train] step=8130 loss=0.357043 lr=4.349e-06
[train] step=8131 loss=0.370245 lr=4.348e-06
[train] step=8132 loss=0.241502 lr=4.347e-06
[train] step=8133 loss=0.336721 lr=4.346e-06
[train] step=8134 loss=0.274268 lr=4.345e-06
[train] step=8135 loss=0.393524 lr=4.344e-06
[train] step=8136 loss=0.328197 lr=4.343e-06
[train] step=8137 loss=0.305045 lr=4.342e-06
[train] step=8138 loss=0.514778 lr=4.341e-06
[train] step=8139 loss=0.320845 lr=4.340e-06
[train] step=8140 loss=0.525855 lr=4.339e-06
[train] step=8141 loss=0.343993 lr=4.337e-06
[train] step=8142 loss=0.390346 lr=4.336e-06
[train] step=8143 loss=0.307565 lr=4.335e-06
[train] step=8144 loss=0.531170 lr=4.334e-06
[train] step=8145 loss=0.348621 lr=4.333e-06
[train] step=8146 loss=0.271889 lr=4.332e-06
[train] step=8147 loss=0.204169 lr=4.331e-06
[train] step=8148 loss=0.381498 lr=4.330e-06
[train] step=8149 loss=0.383901 lr=4.329e-06
[train] step=8150 loss=0.360853 lr=4.328e-06
[train] step=8151 loss=0.362117 lr=4.327e-06
[train] step=8152 loss=0.371093 lr=4.326e-06
[train] step=8153 loss=0.424267 lr=4.325e-06
[train] step=8154 loss=0.427893 lr=4.324e-06
[train] step=8155 loss=0.417480 lr=4.323e-06
[train] step=8156 loss=0.289842 lr=4.322e-06
[train] step=8157 loss=0.416208 lr=4.321e-06
[train] step=8158 loss=0.370581 lr=4.320e-06
[train] step=8159 loss=0.503125 lr=4.319e-06
[train] step=8160 loss=0.377091 lr=4.318e-06
INFO     [rank 0] Model weights for step 8160 saved in       dit_trainer.py:1288
         checkpoints/model_weights_step_08160.safetensors                       
INFO     [rank 0] Scalar embedding weights for step 8160     dit_trainer.py:1297
         saved                                                                  
INFO     [rank 0] Training state saved:                      dit_trainer.py:1416
         checkpoints/model_weights_step_08160.state.pt                          
DEBUG    [rank 0] Removed old checkpoint:                    dit_trainer.py:1429
         /local/disk/hramachandran/work/wh_work/windinet/dit                    
         _outputs/lundquist/dit_cosine_kl0_15k/checkpoints/m                    
         odel_weights_step_07920.safetensors                                    
DEBUG    [rank 0] Removed old checkpoint:                    dit_trainer.py:1429
         /local/disk/hramachandran/work/wh_work/windinet/dit                    
         _outputs/lundquist/dit_cosine_kl0_15k/checkpoints/s                    
         calar_embedding_step_07920.safetensors                                 
DEBUG    [rank 0] Removed optimizer state for older kept     dit_trainer.py:1444
         checkpoint:                                                            
         /local/disk/hramachandran/work/wh_work/windinet/dit                    
         _outputs/lundquist/dit_cosine_kl0_15k/checkpoints/m                    
         odel_weights_step_08040.state.pt                                       
[epoch 68] step=8160 train_loss=0.347102
[train] step=8161 loss=0.482261 lr=4.317e-06
[train] step=8162 loss=0.297418 lr=4.316e-06
[train] step=8163 loss=0.413867 lr=4.315e-06
[train] step=8164 loss=0.179177 lr=4.314e-06
[train] step=8165 loss=0.287994 lr=4.313e-06
[train] step=8166 loss=0.266277 lr=4.312e-06
[train] step=8167 loss=0.282131 lr=4.311e-06
[train] step=8168 loss=0.235821 lr=4.309e-06
[train] step=8169 loss=0.193787 lr=4.308e-06
[train] step=8170 loss=0.330268 lr=4.307e-06
[train] step=8171 loss=0.480395 lr=4.306e-06
[train] step=8172 loss=0.245786 lr=4.305e-06
[train] step=8173 loss=0.259435 lr=4.304e-06
[train] step=8174 loss=0.378681 lr=4.303e-06
[train] step=8175 loss=0.411325 lr=4.302e-06
[train] step=8176 loss=0.397579 lr=4.301e-06
[train] step=8177 loss=0.314934 lr=4.300e-06
[train] step=8178 loss=0.341474 lr=4.299e-06
[train] step=8179 loss=0.427132 lr=4.298e-06
[train] step=8180 loss=0.557691 lr=4.297e-06
[train] step=8181 loss=0.341199 lr=4.296e-06
[train] step=8182 loss=0.279970 lr=4.295e-06
[train] step=8183 loss=0.414798 lr=4.294e-06
[train] step=8184 loss=0.283293 lr=4.293e-06
[train] step=8185 loss=0.460294 lr=4.292e-06
[train] step=8186 loss=0.270896 lr=4.291e-06
[train] step=8187 loss=0.378468 lr=4.290e-06
[train] step=8188 loss=0.338063 lr=4.289e-06
[train] step=8189 loss=0.394329 lr=4.288e-06
[train] step=8190 loss=0.251084 lr=4.287e-06
[train] step=8191 loss=0.386474 lr=4.286e-06
[train] step=8192 loss=0.469039 lr=4.285e-06
[train] step=8193 loss=0.358258 lr=4.284e-06
[train] step=8194 loss=0.263280 lr=4.283e-06
[train] step=8195 loss=0.266201 lr=4.282e-06
[train] step=8196 loss=0.389310 lr=4.280e-06
[train] step=8197 loss=0.316416 lr=4.279e-06
[train] step=8198 loss=0.256626 lr=4.278e-06
[train] step=8199 loss=0.347239 lr=4.277e-06
[train] step=8200 loss=0.247023 lr=4.276e-06
[train] step=8201 loss=0.320781 lr=4.275e-06
[train] step=8202 loss=0.374783 lr=4.274e-06
[train] step=8203 loss=0.446255 lr=4.273e-06
[train] step=8204 loss=0.315330 lr=4.272e-06
[train] step=8205 loss=0.359548 lr=4.271e-06
[train] step=8206 loss=0.352271 lr=4.270e-06
[train] step=8207 loss=0.310684 lr=4.269e-06
[train] step=8208 loss=0.249212 lr=4.268e-06
[train] step=8209 loss=0.379757 lr=4.267e-06
[train] step=8210 loss=0.263430 lr=4.266e-06
[train] step=8211 loss=0.443456 lr=4.265e-06
[train] step=8212 loss=0.534073 lr=4.264e-06
[train] step=8213 loss=0.269166 lr=4.263e-06
[train] step=8214 loss=0.417412 lr=4.262e-06
[train] step=8215 loss=0.442897 lr=4.261e-06
[train] step=8216 loss=0.185337 lr=4.260e-06
[train] step=8217 loss=0.274635 lr=4.259e-06
[train] step=8218 loss=0.440925 lr=4.258e-06
[train] step=8219 loss=0.388876 lr=4.257e-06
[train] step=8220 loss=0.212299 lr=4.256e-06
[train] step=8221 loss=0.271971 lr=4.255e-06
[train] step=8222 loss=0.384347 lr=4.254e-06
[train] step=8223 loss=0.207001 lr=4.253e-06
[train] step=8224 loss=0.259493 lr=4.252e-06
[train] step=8225 loss=0.319988 lr=4.250e-06
[train] step=8226 loss=0.282341 lr=4.249e-06
[train] step=8227 loss=0.255432 lr=4.248e-06
[train] step=8228 loss=0.385287 lr=4.247e-06
[train] step=8229 loss=0.389366 lr=4.246e-06
[train] step=8230 loss=0.421011 lr=4.245e-06
[train] step=8231 loss=0.242961 lr=4.244e-06
[train] step=8232 loss=0.192977 lr=4.243e-06
[train] step=8233 loss=0.343626 lr=4.242e-06
[train] step=8234 loss=0.297341 lr=4.241e-06
[train] step=8235 loss=0.284869 lr=4.240e-06
[train] step=8236 loss=0.335400 lr=4.239e-06
[train] step=8237 loss=0.270618 lr=4.238e-06
[train] step=8238 loss=0.289162 lr=4.237e-06
[train] step=8239 loss=0.282758 lr=4.236e-06
[train] step=8240 loss=0.458241 lr=4.235e-06
[train] step=8241 loss=0.389256 lr=4.234e-06
[train] step=8242 loss=0.412643 lr=4.233e-06
[train] step=8243 loss=0.378374 lr=4.232e-06
[train] step=8244 loss=0.354035 lr=4.231e-06
[train] step=8245 loss=0.287270 lr=4.230e-06
[train] step=8246 loss=0.306867 lr=4.229e-06
[train] step=8247 loss=0.425578 lr=4.228e-06
[train] step=8248 loss=0.334083 lr=4.227e-06
[train] step=8249 loss=0.276713 lr=4.226e-06
[train] step=8250 loss=0.234384 lr=4.225e-06
[train] step=8251 loss=0.312435 lr=4.224e-06
[train] step=8252 loss=0.307005 lr=4.223e-06
[train] step=8253 loss=0.379318 lr=4.222e-06
[train] step=8254 loss=0.315448 lr=4.221e-06
[train] step=8255 loss=0.279609 lr=4.219e-06
[train] step=8256 loss=0.452491 lr=4.218e-06
[train] step=8257 loss=0.317204 lr=4.217e-06
[train] step=8258 loss=0.390153 lr=4.216e-06
[train] step=8259 loss=0.372911 lr=4.215e-06
[train] step=8260 loss=0.397142 lr=4.214e-06
[train] step=8261 loss=0.388978 lr=4.213e-06
[train] step=8262 loss=0.476726 lr=4.212e-06
[train] step=8263 loss=0.359376 lr=4.211e-06
[train] step=8264 loss=0.388180 lr=4.210e-06
[train] step=8265 loss=0.328435 lr=4.209e-06
[train] step=8266 loss=0.309367 lr=4.208e-06
[train] step=8267 loss=0.221539 lr=4.207e-06
[train] step=8268 loss=0.257192 lr=4.206e-06
[train] step=8269 loss=0.403454 lr=4.205e-06
[train] step=8270 loss=0.280873 lr=4.204e-06
[train] step=8271 loss=0.285299 lr=4.203e-06
[train] step=8272 loss=0.472619 lr=4.202e-06
[train] step=8273 loss=0.338232 lr=4.201e-06
[train] step=8274 loss=0.260525 lr=4.200e-06
[train] step=8275 loss=0.523094 lr=4.199e-06
[train] step=8276 loss=0.234941 lr=4.198e-06
[train] step=8277 loss=0.255551 lr=4.197e-06
[train] step=8278 loss=0.211280 lr=4.196e-06
[train] step=8279 loss=0.438404 lr=4.195e-06
[train] step=8280 loss=0.391858 lr=4.194e-06
INFO     [rank 0] Model weights for step 8280 saved in       dit_trainer.py:1288
         checkpoints/model_weights_step_08280.safetensors                       
INFO     [rank 0] Scalar embedding weights for step 8280     dit_trainer.py:1297
         saved                                                                  
INFO     [rank 0] Training state saved:                      dit_trainer.py:1416
         checkpoints/model_weights_step_08280.state.pt                          
DEBUG    [rank 0] Removed old checkpoint:                    dit_trainer.py:1429
         /local/disk/hramachandran/work/wh_work/windinet/dit                    
         _outputs/lundquist/dit_cosine_kl0_15k/checkpoints/m                    
         odel_weights_step_08040.safetensors                                    
DEBUG    [rank 0] Removed old checkpoint:                    dit_trainer.py:1429
         /local/disk/hramachandran/work/wh_work/windinet/dit                    
         _outputs/lundquist/dit_cosine_kl0_15k/checkpoints/s                    
         calar_embedding_step_08040.safetensors                                 
DEBUG    [rank 0] Removed optimizer state for older kept     dit_trainer.py:1444
         checkpoint:                                                            
         /local/disk/hramachandran/work/wh_work/windinet/dit                    
         _outputs/lundquist/dit_cosine_kl0_15k/checkpoints/m                    
         odel_weights_step_08160.state.pt                                       
[epoch 69] step=8280 train_loss=0.336542
[train] step=8281 loss=0.354385 lr=4.193e-06
[train] step=8282 loss=0.246328 lr=4.192e-06
[train] step=8283 loss=0.288393 lr=4.191e-06
[train] step=8284 loss=0.314429 lr=4.190e-06
[train] step=8285 loss=0.455266 lr=4.188e-06
[train] step=8286 loss=0.320405 lr=4.187e-06
[train] step=8287 loss=0.414243 lr=4.186e-06
[train] step=8288 loss=0.492470 lr=4.185e-06
[train] step=8289 loss=0.261692 lr=4.184e-06
[train] step=8290 loss=0.421561 lr=4.183e-06
[train] step=8291 loss=0.401708 lr=4.182e-06
[train] step=8292 loss=0.351758 lr=4.181e-06
[train] step=8293 loss=0.201352 lr=4.180e-06
[train] step=8294 loss=0.313927 lr=4.179e-06
[train] step=8295 loss=0.357767 lr=4.178e-06
[train] step=8296 loss=0.372492 lr=4.177e-06
[train] step=8297 loss=0.224810 lr=4.176e-06
[train] step=8298 loss=0.310535 lr=4.175e-06
[train] step=8299 loss=0.287941 lr=4.174e-06
[train] step=8300 loss=0.415534 lr=4.173e-06
[train] step=8301 loss=0.396125 lr=4.172e-06
[train] step=8302 loss=0.382344 lr=4.171e-06
[train] step=8303 loss=0.327999 lr=4.170e-06
[train] step=8304 loss=0.507300 lr=4.169e-06
[train] step=8305 loss=0.337984 lr=4.168e-06
[train] step=8306 loss=0.362879 lr=4.167e-06
[train] step=8307 loss=0.301517 lr=4.166e-06
[train] step=8308 loss=0.281660 lr=4.165e-06
[train] step=8309 loss=0.299842 lr=4.164e-06
[train] step=8310 loss=0.408312 lr=4.163e-06
[train] step=8311 loss=0.358613 lr=4.162e-06
[train] step=8312 loss=0.224457 lr=4.161e-06
[train] step=8313 loss=0.424106 lr=4.160e-06
[train] step=8314 loss=0.258681 lr=4.159e-06
[train] step=8315 loss=0.213422 lr=4.158e-06
[train] step=8316 loss=0.370805 lr=4.157e-06
[train] step=8317 loss=0.274971 lr=4.155e-06
[train] step=8318 loss=0.353941 lr=4.154e-06
[train] step=8319 loss=0.312813 lr=4.153e-06
[train] step=8320 loss=0.384685 lr=4.152e-06
[train] step=8321 loss=0.446214 lr=4.151e-06
[train] step=8322 loss=0.498015 lr=4.150e-06
[train] step=8323 loss=0.231061 lr=4.149e-06
[train] step=8324 loss=0.323423 lr=4.148e-06
[train] step=8325 loss=0.266738 lr=4.147e-06
[train] step=8326 loss=0.382518 lr=4.146e-06
[train] step=8327 loss=0.351182 lr=4.145e-06
[train] step=8328 loss=0.505891 lr=4.144e-06
[train] step=8329 loss=0.359958 lr=4.143e-06
[train] step=8330 loss=0.339537 lr=4.142e-06
[train] step=8331 loss=0.420828 lr=4.141e-06
[train] step=8332 loss=0.398536 lr=4.140e-06
[train] step=8333 loss=0.276754 lr=4.139e-06
[train] step=8334 loss=0.230904 lr=4.138e-06
[train] step=8335 loss=0.285735 lr=4.137e-06
[train] step=8336 loss=0.537444 lr=4.136e-06
[train] step=8337 loss=0.478748 lr=4.135e-06
[train] step=8338 loss=0.425605 lr=4.134e-06
[train] step=8339 loss=0.412015 lr=4.133e-06
[train] step=8340 loss=0.241691 lr=4.132e-06
[train] step=8341 loss=0.498513 lr=4.131e-06
[train] step=8342 loss=0.536201 lr=4.130e-06
[train] step=8343 loss=0.218958 lr=4.129e-06
[train] step=8344 loss=0.302408 lr=4.128e-06
[train] step=8345 loss=0.461138 lr=4.127e-06
[train] step=8346 loss=0.419801 lr=4.126e-06
[train] step=8347 loss=0.279128 lr=4.125e-06
[train] step=8348 loss=0.421319 lr=4.124e-06
[train] step=8349 loss=0.494724 lr=4.123e-06
[train] step=8350 loss=0.332407 lr=4.121e-06
[train] step=8351 loss=0.342835 lr=4.120e-06
[train] step=8352 loss=0.330062 lr=4.119e-06
[train] step=8353 loss=0.330274 lr=4.118e-06
[train] step=8354 loss=0.251517 lr=4.117e-06
[train] step=8355 loss=0.386596 lr=4.116e-06
[train] step=8356 loss=0.339576 lr=4.115e-06
[train] step=8357 loss=0.224326 lr=4.114e-06
[train] step=8358 loss=0.317182 lr=4.113e-06
[train] step=8359 loss=0.395679 lr=4.112e-06
[train] step=8360 loss=0.235289 lr=4.111e-06
[train] step=8361 loss=0.424994 lr=4.110e-06
[train] step=8362 loss=0.359078 lr=4.109e-06
[train] step=8363 loss=0.366525 lr=4.108e-06
[train] step=8364 loss=0.317716 lr=4.107e-06
[train] step=8365 loss=0.333084 lr=4.106e-06
[train] step=8366 loss=0.349517 lr=4.105e-06
[train] step=8367 loss=0.381386 lr=4.104e-06
[train] step=8368 loss=0.265694 lr=4.103e-06
[train] step=8369 loss=0.222316 lr=4.102e-06
[train] step=8370 loss=0.334463 lr=4.101e-06
[train] step=8371 loss=0.413073 lr=4.100e-06
[train] step=8372 loss=0.415739 lr=4.099e-06
[train] step=8373 loss=0.271421 lr=4.098e-06
[train] step=8374 loss=0.434138 lr=4.097e-06
[train] step=8375 loss=0.215253 lr=4.096e-06
[train] step=8376 loss=0.419027 lr=4.095e-06
[train] step=8377 loss=0.263275 lr=4.094e-06
[train] step=8378 loss=0.372832 lr=4.093e-06
[train] step=8379 loss=0.352143 lr=4.092e-06
[train] step=8380 loss=0.302410 lr=4.091e-06
[train] step=8381 loss=0.262857 lr=4.090e-06
[train] step=8382 loss=0.352782 lr=4.089e-06
[train] step=8383 loss=0.240457 lr=4.088e-06
[train] step=8384 loss=0.265036 lr=4.087e-06
[train] step=8385 loss=0.347916 lr=4.085e-06
[train] step=8386 loss=0.247223 lr=4.084e-06
[train] step=8387 loss=0.466949 lr=4.083e-06
[train] step=8388 loss=0.254528 lr=4.082e-06
[train] step=8389 loss=0.383139 lr=4.081e-06
[train] step=8390 loss=0.319750 lr=4.080e-06
[train] step=8391 loss=0.243970 lr=4.079e-06
[train] step=8392 loss=0.533248 lr=4.078e-06
[train] step=8393 loss=0.357167 lr=4.077e-06
[train] step=8394 loss=0.424827 lr=4.076e-06
[train] step=8395 loss=0.410364 lr=4.075e-06
[train] step=8396 loss=0.231371 lr=4.074e-06
[train] step=8397 loss=0.264816 lr=4.073e-06
[train] step=8398 loss=0.386806 lr=4.072e-06
[train] step=8399 loss=0.332213 lr=4.071e-06
[train] step=8400 loss=0.357741 lr=4.070e-06
[val] step=8400 val_loss=0.381879
INFO     [rank 0] Model weights for step 8400 saved in       dit_trainer.py:1288
         checkpoints/model_weights_step_08400.safetensors                       
INFO     [rank 0] Scalar embedding weights for step 8400     dit_trainer.py:1297
         saved                                                                  
INFO     [rank 0] Training state saved:                      dit_trainer.py:1416
         checkpoints/model_weights_step_08400.state.pt                          
INFO     [rank 0] New best checkpoint (step 8400,            dit_trainer.py:1320
         val_loss=0.381879):                                                    
         checkpoints/model_weights_best.safetensors                             
DEBUG    [rank 0] Removed old checkpoint:                    dit_trainer.py:1429
         /local/disk/hramachandran/work/wh_work/windinet/dit                    
         _outputs/lundquist/dit_cosine_kl0_15k/checkpoints/m                    
         odel_weights_step_08160.safetensors                                    
DEBUG    [rank 0] Removed old checkpoint:                    dit_trainer.py:1429
         /local/disk/hramachandran/work/wh_work/windinet/dit                    
         _outputs/lundquist/dit_cosine_kl0_15k/checkpoints/s                    
         calar_embedding_step_08160.safetensors                                 
DEBUG    [rank 0] Removed optimizer state for older kept     dit_trainer.py:1444
         checkpoint:                                                            
         /local/disk/hramachandran/work/wh_work/windinet/dit                    
         _outputs/lundquist/dit_cosine_kl0_15k/checkpoints/m                    
         odel_weights_step_08280.state.pt                                       
[epoch 70] step=8400 train_loss=0.347096 val_loss=0.381879
[train] step=8401 loss=0.360384 lr=4.069e-06
[train] step=8402 loss=0.415687 lr=4.068e-06
[train] step=8403 loss=0.329947 lr=4.067e-06
[train] step=8404 loss=0.268829 lr=4.066e-06
[train] step=8405 loss=0.339129 lr=4.065e-06
[train] step=8406 loss=0.396172 lr=4.064e-06
[train] step=8407 loss=0.397310 lr=4.063e-06
[train] step=8408 loss=0.374197 lr=4.062e-06
[train] step=8409 loss=0.378730 lr=4.061e-06
[train] step=8410 loss=0.398062 lr=4.060e-06
[train] step=8411 loss=0.352897 lr=4.059e-06
[train] step=8412 loss=0.355047 lr=4.058e-06
[train] step=8413 loss=0.386345 lr=4.057e-06
[train] step=8414 loss=0.334777 lr=4.056e-06
[train] step=8415 loss=0.287256 lr=4.055e-06
[train] step=8416 loss=0.424168 lr=4.054e-06
[train] step=8417 loss=0.320665 lr=4.053e-06
[train] step=8418 loss=0.243396 lr=4.052e-06
[train] step=8419 loss=0.354054 lr=4.051e-06
[train] step=8420 loss=0.429027 lr=4.050e-06
[train] step=8421 loss=0.364976 lr=4.048e-06
[train] step=8422 loss=0.306560 lr=4.047e-06
[train] step=8423 loss=0.344229 lr=4.046e-06
[train] step=8424 loss=0.466163 lr=4.045e-06
[train] step=8425 loss=0.262360 lr=4.044e-06
[train] step=8426 loss=0.407897 lr=4.043e-06
[train] step=8427 loss=0.317306 lr=4.042e-06
[train] step=8428 loss=0.360183 lr=4.041e-06
[train] step=8429 loss=0.268799 lr=4.040e-06
[train] step=8430 loss=0.339755 lr=4.039e-06
[train] step=8431 loss=0.268424 lr=4.038e-06
[train] step=8432 loss=0.312828 lr=4.037e-06
[train] step=8433 loss=0.365208 lr=4.036e-06
[train] step=8434 loss=0.283219 lr=4.035e-06
[train] step=8435 loss=0.318562 lr=4.034e-06
[train] step=8436 loss=0.299639 lr=4.033e-06
[train] step=8437 loss=0.209811 lr=4.032e-06
[train] step=8438 loss=0.333274 lr=4.031e-06
[train] step=8439 loss=0.289308 lr=4.030e-06
[train] step=8440 loss=0.521947 lr=4.029e-06
[train] step=8441 loss=0.341618 lr=4.028e-06
[train] step=8442 loss=0.343431 lr=4.027e-06
[train] step=8443 loss=0.339680 lr=4.026e-06
[train] step=8444 loss=0.399501 lr=4.025e-06
[train] step=8445 loss=0.303218 lr=4.024e-06
[train] step=8446 loss=0.262641 lr=4.023e-06
[train] step=8447 loss=0.339675 lr=4.022e-06
[train] step=8448 loss=0.349701 lr=4.021e-06
[train] step=8449 loss=0.355237 lr=4.020e-06
[train] step=8450 loss=0.258248 lr=4.019e-06
[train] step=8451 loss=0.227910 lr=4.018e-06
[train] step=8452 loss=0.227736 lr=4.017e-06
[train] step=8453 loss=0.331032 lr=4.016e-06
[train] step=8454 loss=0.224087 lr=4.015e-06
[train] step=8455 loss=0.186487 lr=4.014e-06
[train] step=8456 loss=0.299227 lr=4.013e-06
[train] step=8457 loss=0.239872 lr=4.012e-06
[train] step=8458 loss=0.389795 lr=4.011e-06
[train] step=8459 loss=0.396469 lr=4.009e-06
[train] step=8460 loss=0.335265 lr=4.008e-06
[train] step=8461 loss=0.474550 lr=4.007e-06
[train] step=8462 loss=0.360513 lr=4.006e-06
[train] step=8463 loss=0.168365 lr=4.005e-06
[train] step=8464 loss=0.363054 lr=4.004e-06
[train] step=8465 loss=0.273905 lr=4.003e-06
[train] step=8466 loss=0.203592 lr=4.002e-06
[train] step=8467 loss=0.351272 lr=4.001e-06
[train] step=8468 loss=0.291775 lr=4.000e-06
[train] step=8469 loss=0.377692 lr=3.999e-06
[train] step=8470 loss=0.292167 lr=3.998e-06
[train] step=8471 loss=0.228716 lr=3.997e-06
[train] step=8472 loss=0.285240 lr=3.996e-06
[train] step=8473 loss=0.250464 lr=3.995e-06
[train] step=8474 loss=0.525410 lr=3.994e-06
[train] step=8475 loss=0.375179 lr=3.993e-06
[train] step=8476 loss=0.283020 lr=3.992e-06
[train] step=8477 loss=0.374262 lr=3.991e-06
[train] step=8478 loss=0.435688 lr=3.990e-06
[train] step=8479 loss=0.317246 lr=3.989e-06
[train] step=8480 loss=0.324555 lr=3.988e-06
[train] step=8481 loss=0.295637 lr=3.987e-06
[train] step=8482 loss=0.310184 lr=3.986e-06
[train] step=8483 loss=0.493853 lr=3.985e-06
[train] step=8484 loss=0.430173 lr=3.984e-06
[train] step=8485 loss=0.327870 lr=3.983e-06
[train] step=8486 loss=0.332379 lr=3.982e-06
[train] step=8487 loss=0.365966 lr=3.981e-06
[train] step=8488 loss=0.430271 lr=3.980e-06
[train] step=8489 loss=0.423876 lr=3.979e-06
[train] step=8490 loss=0.389250 lr=3.978e-06
[train] step=8491 loss=0.247012 lr=3.977e-06
[train] step=8492 loss=0.318118 lr=3.976e-06
[train] step=8493 loss=0.292815 lr=3.975e-06
[train] step=8494 loss=0.208903 lr=3.974e-06
[train] step=8495 loss=0.311138 lr=3.973e-06
[train] step=8496 loss=0.237302 lr=3.972e-06
[train] step=8497 loss=0.544140 lr=3.971e-06
[train] step=8498 loss=0.306627 lr=3.970e-06
[train] step=8499 loss=0.331754 lr=3.969e-06
[train] step=8500 loss=0.245772 lr=3.968e-06
[train] step=8501 loss=0.255591 lr=3.966e-06
[train] step=8502 loss=0.401568 lr=3.965e-06
[train] step=8503 loss=0.393510 lr=3.964e-06
[train] step=8504 loss=0.299303 lr=3.963e-06
[train] step=8505 loss=0.308935 lr=3.962e-06
[train] step=8506 loss=0.505124 lr=3.961e-06
[train] step=8507 loss=0.176083 lr=3.960e-06
[train] step=8508 loss=0.308120 lr=3.959e-06
[train] step=8509 loss=0.399305 lr=3.958e-06
[train] step=8510 loss=0.294089 lr=3.957e-06
[train] step=8511 loss=0.231966 lr=3.956e-06
[train] step=8512 loss=0.288488 lr=3.955e-06
[train] step=8513 loss=0.406661 lr=3.954e-06
[train] step=8514 loss=0.434534 lr=3.953e-06
[train] step=8515 loss=0.354589 lr=3.952e-06
[train] step=8516 loss=0.173791 lr=3.951e-06
[train] step=8517 loss=0.254879 lr=3.950e-06
[train] step=8518 loss=0.331715 lr=3.949e-06
[train] step=8519 loss=0.387135 lr=3.948e-06
[train] step=8520 loss=0.344924 lr=3.947e-06
INFO     [rank 0] Model weights for step 8520 saved in       dit_trainer.py:1288
         checkpoints/model_weights_step_08520.safetensors                       
INFO     [rank 0] Scalar embedding weights for step 8520     dit_trainer.py:1297
         saved                                                                  
INFO     [rank 0] Training state saved:                      dit_trainer.py:1416
         checkpoints/model_weights_step_08520.state.pt                          
DEBUG    [rank 0] Removed old checkpoint:                    dit_trainer.py:1429
         /local/disk/hramachandran/work/wh_work/windinet/dit                    
         _outputs/lundquist/dit_cosine_kl0_15k/checkpoints/m                    
         odel_weights_step_08280.safetensors                                    
DEBUG    [rank 0] Removed old checkpoint:                    dit_trainer.py:1429
         /local/disk/hramachandran/work/wh_work/windinet/dit                    
         _outputs/lundquist/dit_cosine_kl0_15k/checkpoints/s                    
         calar_embedding_step_08280.safetensors                                 
DEBUG    [rank 0] Removed optimizer state for older kept     dit_trainer.py:1444
         checkpoint:                                                            
         /local/disk/hramachandran/work/wh_work/windinet/dit                    
         _outputs/lundquist/dit_cosine_kl0_15k/checkpoints/m                    
         odel_weights_step_08400.state.pt                                       
[epoch 71] step=8520 train_loss=0.332502
[train] step=8521 loss=0.212818 lr=3.946e-06
[train] step=8522 loss=0.391092 lr=3.945e-06
[train] step=8523 loss=0.176587 lr=3.944e-06
[train] step=8524 loss=0.276838 lr=3.943e-06
[train] step=8525 loss=0.248544 lr=3.942e-06
[train] step=8526 loss=0.289951 lr=3.941e-06
[train] step=8527 loss=0.313189 lr=3.940e-06
[train] step=8528 loss=0.271231 lr=3.939e-06
[train] step=8529 loss=0.379978 lr=3.938e-06
[train] step=8530 loss=0.252599 lr=3.937e-06
[train] step=8531 loss=0.461095 lr=3.936e-06
[train] step=8532 loss=0.190842 lr=3.935e-06
[train] step=8533 loss=0.253058 lr=3.934e-06
[train] step=8534 loss=0.324709 lr=3.933e-06
[train] step=8535 loss=0.490021 lr=3.932e-06
[train] step=8536 loss=0.407356 lr=3.931e-06
[train] step=8537 loss=0.272384 lr=3.930e-06
[train] step=8538 loss=0.408932 lr=3.929e-06
[train] step=8539 loss=0.250209 lr=3.928e-06
[train] step=8540 loss=0.340798 lr=3.927e-06
[train] step=8541 loss=0.347718 lr=3.926e-06
[train] step=8542 loss=0.417445 lr=3.925e-06
[train] step=8543 loss=0.338142 lr=3.924e-06
[train] step=8544 loss=0.247345 lr=3.923e-06
[train] step=8545 loss=0.417384 lr=3.922e-06
[train] step=8546 loss=0.423639 lr=3.920e-06
[train] step=8547 loss=0.312945 lr=3.919e-06
[train] step=8548 loss=0.433729 lr=3.918e-06
[train] step=8549 loss=0.427694 lr=3.917e-06
[train] step=8550 loss=0.346133 lr=3.916e-06
[train] step=8551 loss=0.296070 lr=3.915e-06
[train] step=8552 loss=0.286422 lr=3.914e-06
[train] step=8553 loss=0.379085 lr=3.913e-06
[train] step=8554 loss=0.280397 lr=3.912e-06
[train] step=8555 loss=0.409805 lr=3.911e-06
[train] step=8556 loss=0.399667 lr=3.910e-06
[train] step=8557 loss=0.347189 lr=3.909e-06
[train] step=8558 loss=0.246968 lr=3.908e-06
[train] step=8559 loss=0.344347 lr=3.907e-06
[train] step=8560 loss=0.292896 lr=3.906e-06
[train] step=8561 loss=0.503279 lr=3.905e-06
[train] step=8562 loss=0.426235 lr=3.904e-06
[train] step=8563 loss=0.415751 lr=3.903e-06
[train] step=8564 loss=0.287187 lr=3.902e-06
[train] step=8565 loss=0.261005 lr=3.901e-06
[train] step=8566 loss=0.405679 lr=3.900e-06
[train] step=8567 loss=0.413654 lr=3.899e-06
[train] step=8568 loss=0.304363 lr=3.898e-06
[train] step=8569 loss=0.402377 lr=3.897e-06
[train] step=8570 loss=0.367848 lr=3.896e-06
[train] step=8571 loss=0.482928 lr=3.895e-06
[train] step=8572 loss=0.330328 lr=3.894e-06
[train] step=8573 loss=0.352719 lr=3.893e-06
[train] step=8574 loss=0.388425 lr=3.892e-06
[train] step=8575 loss=0.313631 lr=3.891e-06
[train] step=8576 loss=0.234249 lr=3.890e-06
[train] step=8577 loss=0.496567 lr=3.889e-06
[train] step=8578 loss=0.334024 lr=3.888e-06
[train] step=8579 loss=0.341957 lr=3.887e-06
[train] step=8580 loss=0.401965 lr=3.886e-06
[train] step=8581 loss=0.264703 lr=3.885e-06
[train] step=8582 loss=0.343247 lr=3.884e-06
[train] step=8583 loss=0.344610 lr=3.883e-06
[train] step=8584 loss=0.453249 lr=3.882e-06
[train] step=8585 loss=0.320396 lr=3.881e-06
[train] step=8586 loss=0.252659 lr=3.880e-06
[train] step=8587 loss=0.457690 lr=3.879e-06
[train] step=8588 loss=0.183217 lr=3.878e-06
[train] step=8589 loss=0.248283 lr=3.877e-06
[train] step=8590 loss=0.303565 lr=3.876e-06
[train] step=8591 loss=0.385898 lr=3.875e-06
[train] step=8592 loss=0.308837 lr=3.874e-06
[train] step=8593 loss=0.445684 lr=3.873e-06
[train] step=8594 loss=0.340201 lr=3.872e-06
[train] step=8595 loss=0.399618 lr=3.870e-06
[train] step=8596 loss=0.181899 lr=3.869e-06
[train] step=8597 loss=0.325672 lr=3.868e-06
[train] step=8598 loss=0.301494 lr=3.867e-06
[train] step=8599 loss=0.271886 lr=3.866e-06
[train] step=8600 loss=0.577017 lr=3.865e-06
[train] step=8601 loss=0.375577 lr=3.864e-06
[train] step=8602 loss=0.345830 lr=3.863e-06
[train] step=8603 loss=0.324563 lr=3.862e-06
[train] step=8604 loss=0.526857 lr=3.861e-06
[train] step=8605 loss=0.348957 lr=3.860e-06
[train] step=8606 loss=0.238182 lr=3.859e-06
[train] step=8607 loss=0.239373 lr=3.858e-06
[train] step=8608 loss=0.145810 lr=3.857e-06
[train] step=8609 loss=0.314177 lr=3.856e-06
[train] step=8610 loss=0.376653 lr=3.855e-06
[train] step=8611 loss=0.327656 lr=3.854e-06
[train] step=8612 loss=0.323326 lr=3.853e-06
[train] step=8613 loss=0.260802 lr=3.852e-06
[train] step=8614 loss=0.232326 lr=3.851e-06
[train] step=8615 loss=0.301995 lr=3.850e-06
[train] step=8616 loss=0.280378 lr=3.849e-06
[train] step=8617 loss=0.249340 lr=3.848e-06
[train] step=8618 loss=0.386032 lr=3.847e-06
[train] step=8619 loss=0.476724 lr=3.846e-06
[train] step=8620 loss=0.325539 lr=3.845e-06
[train] step=8621 loss=0.211939 lr=3.844e-06
[train] step=8622 loss=0.337190 lr=3.843e-06
[train] step=8623 loss=0.250484 lr=3.842e-06
[train] step=8624 loss=0.411734 lr=3.841e-06
[train] step=8625 loss=0.369989 lr=3.840e-06
[train] step=8626 loss=0.307401 lr=3.839e-06
[train] step=8627 loss=0.153933 lr=3.838e-06
[train] step=8628 loss=0.309605 lr=3.837e-06
[train] step=8629 loss=0.290307 lr=3.836e-06
[train] step=8630 loss=0.231915 lr=3.835e-06
[train] step=8631 loss=0.311313 lr=3.834e-06
[train] step=8632 loss=0.259916 lr=3.833e-06
[train] step=8633 loss=0.316711 lr=3.832e-06
[train] step=8634 loss=0.310075 lr=3.831e-06
[train] step=8635 loss=0.380228 lr=3.830e-06
[train] step=8636 loss=0.374300 lr=3.829e-06
[train] step=8637 loss=0.291104 lr=3.828e-06
[train] step=8638 loss=0.426372 lr=3.827e-06
[train] step=8639 loss=0.428616 lr=3.826e-06
[train] step=8640 loss=0.410592 lr=3.825e-06
INFO     [rank 0] Model weights for step 8640 saved in       dit_trainer.py:1288
         checkpoints/model_weights_step_08640.safetensors                       
INFO     [rank 0] Scalar embedding weights for step 8640     dit_trainer.py:1297
         saved                                                                  
INFO     [rank 0] Training state saved:                      dit_trainer.py:1416
         checkpoints/model_weights_step_08640.state.pt                          
DEBUG    [rank 0] Removed old checkpoint:                    dit_trainer.py:1429
         /local/disk/hramachandran/work/wh_work/windinet/dit                    
         _outputs/lundquist/dit_cosine_kl0_15k/checkpoints/m                    
         odel_weights_step_08400.safetensors                                    
DEBUG    [rank 0] Removed old checkpoint:                    dit_trainer.py:1429
         /local/disk/hramachandran/work/wh_work/windinet/dit                    
         _outputs/lundquist/dit_cosine_kl0_15k/checkpoints/s                    
         calar_embedding_step_08400.safetensors                                 
DEBUG    [rank 0] Removed optimizer state for older kept     dit_trainer.py:1444
         checkpoint:                                                            
         /local/disk/hramachandran/work/wh_work/windinet/dit                    
         _outputs/lundquist/dit_cosine_kl0_15k/checkpoints/m                    
         odel_weights_step_08520.state.pt                                       
[epoch 72] step=8640 train_loss=0.334162
[train] step=8641 loss=0.462823 lr=3.824e-06
[train] step=8642 loss=0.427280 lr=3.823e-06
[train] step=8643 loss=0.257813 lr=3.822e-06
[train] step=8644 loss=0.329500 lr=3.821e-06
[train] step=8645 loss=0.408735 lr=3.820e-06
[train] step=8646 loss=0.263260 lr=3.819e-06
[train] step=8647 loss=0.379761 lr=3.818e-06
[train] step=8648 loss=0.294626 lr=3.817e-06
[train] step=8649 loss=0.443028 lr=3.816e-06
[train] step=8650 loss=0.461898 lr=3.815e-06
[train] step=8651 loss=0.319914 lr=3.814e-06
[train] step=8652 loss=0.352111 lr=3.813e-06
[train] step=8653 loss=0.315203 lr=3.811e-06
[train] step=8654 loss=0.261837 lr=3.810e-06
[train] step=8655 loss=0.257188 lr=3.809e-06
[train] step=8656 loss=0.418782 lr=3.808e-06
[train] step=8657 loss=0.256622 lr=3.807e-06
[train] step=8658 loss=0.248926 lr=3.806e-06
[train] step=8659 loss=0.251006 lr=3.805e-06
[train] step=8660 loss=0.466026 lr=3.804e-06
[train] step=8661 loss=0.356557 lr=3.803e-06
[train] step=8662 loss=0.242637 lr=3.802e-06
[train] step=8663 loss=0.251519 lr=3.801e-06
[train] step=8664 loss=0.392346 lr=3.800e-06
[train] step=8665 loss=0.321130 lr=3.799e-06
[train] step=8666 loss=0.474368 lr=3.798e-06
[train] step=8667 loss=0.263618 lr=3.797e-06
[train] step=8668 loss=0.399526 lr=3.796e-06
[train] step=8669 loss=0.234523 lr=3.795e-06
[train] step=8670 loss=0.326443 lr=3.794e-06
[train] step=8671 loss=0.232479 lr=3.793e-06
[train] step=8672 loss=0.286901 lr=3.792e-06
[train] step=8673 loss=0.277048 lr=3.791e-06
[train] step=8674 loss=0.300365 lr=3.790e-06
[train] step=8675 loss=0.381444 lr=3.789e-06
[train] step=8676 loss=0.542507 lr=3.788e-06
[train] step=8677 loss=0.336567 lr=3.787e-06
[train] step=8678 loss=0.385850 lr=3.786e-06
[train] step=8679 loss=0.465955 lr=3.785e-06
[train] step=8680 loss=0.401169 lr=3.784e-06
[train] step=8681 loss=0.321506 lr=3.783e-06
[train] step=8682 loss=0.256329 lr=3.782e-06
[train] step=8683 loss=0.485116 lr=3.781e-06
[train] step=8684 loss=0.381707 lr=3.780e-06
[train] step=8685 loss=0.196592 lr=3.779e-06
[train] step=8686 loss=0.212506 lr=3.778e-06
[train] step=8687 loss=0.253464 lr=3.777e-06
[train] step=8688 loss=0.388835 lr=3.776e-06
[train] step=8689 loss=0.253237 lr=3.775e-06
[train] step=8690 loss=0.180425 lr=3.774e-06
[train] step=8691 loss=0.325308 lr=3.773e-06
[train] step=8692 loss=0.266986 lr=3.772e-06
[train] step=8693 loss=0.357380 lr=3.771e-06
[train] step=8694 loss=0.492484 lr=3.770e-06
[train] step=8695 loss=0.357441 lr=3.769e-06
[train] step=8696 loss=0.270798 lr=3.768e-06
[train] step=8697 loss=0.351740 lr=3.767e-06
[train] step=8698 loss=0.310439 lr=3.766e-06
[train] step=8699 loss=0.284669 lr=3.765e-06
[train] step=8700 loss=0.479520 lr=3.764e-06
[train] step=8701 loss=0.247143 lr=3.763e-06
[train] step=8702 loss=0.385319 lr=3.762e-06
[train] step=8703 loss=0.387461 lr=3.761e-06
[train] step=8704 loss=0.279556 lr=3.760e-06
[train] step=8705 loss=0.404802 lr=3.759e-06
[train] step=8706 loss=0.299615 lr=3.758e-06
[train] step=8707 loss=0.160562 lr=3.757e-06
[train] step=8708 loss=0.307426 lr=3.756e-06
[train] step=8709 loss=0.430730 lr=3.755e-06
[train] step=8710 loss=0.375538 lr=3.754e-06
[train] step=8711 loss=0.290528 lr=3.753e-06
[train] step=8712 loss=0.504577 lr=3.752e-06
[train] step=8713 loss=0.358803 lr=3.751e-06
[train] step=8714 loss=0.326336 lr=3.750e-06
[train] step=8715 loss=0.230557 lr=3.749e-06
[train] step=8716 loss=0.320882 lr=3.748e-06
[train] step=8717 loss=0.297679 lr=3.747e-06
[train] step=8718 loss=0.222458 lr=3.746e-06
[train] step=8719 loss=0.370284 lr=3.745e-06
[train] step=8720 loss=0.331890 lr=3.744e-06
[train] step=8721 loss=0.226442 lr=3.743e-06
[train] step=8722 loss=0.499352 lr=3.742e-06
[train] step=8723 loss=0.496709 lr=3.741e-06
[train] step=8724 loss=0.269067 lr=3.740e-06
[train] step=8725 loss=0.302255 lr=3.738e-06
[train] step=8726 loss=0.325366 lr=3.737e-06
[train] step=8727 loss=0.238986 lr=3.736e-06
[train] step=8728 loss=0.364803 lr=3.735e-06
[train] step=8729 loss=0.184275 lr=3.734e-06
[train] step=8730 loss=0.389478 lr=3.733e-06
[train] step=8731 loss=0.385879 lr=3.732e-06
[train] step=8732 loss=0.259467 lr=3.731e-06
[train] step=8733 loss=0.210266 lr=3.730e-06
[train] step=8734 loss=0.382948 lr=3.729e-06
[train] step=8735 loss=0.349691 lr=3.728e-06
[train] step=8736 loss=0.454266 lr=3.727e-06
[train] step=8737 loss=0.373670 lr=3.726e-06
[train] step=8738 loss=0.397291 lr=3.725e-06
[train] step=8739 loss=0.496128 lr=3.724e-06
[train] step=8740 loss=0.342868 lr=3.723e-06
[train] step=8741 loss=0.378051 lr=3.722e-06
[train] step=8742 loss=0.496258 lr=3.721e-06
[train] step=8743 loss=0.511307 lr=3.720e-06
[train] step=8744 loss=0.324132 lr=3.719e-06
[train] step=8745 loss=0.205229 lr=3.718e-06
[train] step=8746 loss=0.264860 lr=3.717e-06
[train] step=8747 loss=0.341137 lr=3.716e-06
[train] step=8748 loss=0.297944 lr=3.715e-06
[train] step=8749 loss=0.268238 lr=3.714e-06
[train] step=8750 loss=0.269006 lr=3.713e-06
[train] step=8751 loss=0.255349 lr=3.712e-06
[train] step=8752 loss=0.376994 lr=3.711e-06
[train] step=8753 loss=0.246900 lr=3.710e-06
[train] step=8754 loss=0.296391 lr=3.709e-06
[train] step=8755 loss=0.202580 lr=3.708e-06
[train] step=8756 loss=0.424107 lr=3.707e-06
[train] step=8757 loss=0.261190 lr=3.706e-06
[train] step=8758 loss=0.371080 lr=3.705e-06
[train] step=8759 loss=0.381663 lr=3.704e-06
[train] step=8760 loss=0.429495 lr=3.703e-06
INFO     [rank 0] Model weights for step 8760 saved in       dit_trainer.py:1288
         checkpoints/model_weights_step_08760.safetensors                       
INFO     [rank 0] Scalar embedding weights for step 8760     dit_trainer.py:1297
         saved                                                                  
INFO     [rank 0] Training state saved:                      dit_trainer.py:1416
         checkpoints/model_weights_step_08760.state.pt                          
DEBUG    [rank 0] Removed old checkpoint:                    dit_trainer.py:1429
         /local/disk/hramachandran/work/wh_work/windinet/dit                    
         _outputs/lundquist/dit_cosine_kl0_15k/checkpoints/m                    
         odel_weights_step_08520.safetensors                                    
DEBUG    [rank 0] Removed old checkpoint:                    dit_trainer.py:1429
         /local/disk/hramachandran/work/wh_work/windinet/dit                    
         _outputs/lundquist/dit_cosine_kl0_15k/checkpoints/s                    
         calar_embedding_step_08520.safetensors                                 
DEBUG    [rank 0] Removed optimizer state for older kept     dit_trainer.py:1444
         checkpoint:                                                            
         /local/disk/hramachandran/work/wh_work/windinet/dit                    
         _outputs/lundquist/dit_cosine_kl0_15k/checkpoints/m                    
         odel_weights_step_08640.state.pt                                       
[epoch 73] step=8760 train_loss=0.335335
[train] step=8761 loss=0.431014 lr=3.702e-06
[train] step=8762 loss=0.265347 lr=3.701e-06
[train] step=8763 loss=0.451460 lr=3.700e-06
[train] step=8764 loss=0.411077 lr=3.699e-06
[train] step=8765 loss=0.332085 lr=3.698e-06
[train] step=8766 loss=0.221904 lr=3.697e-06
[train] step=8767 loss=0.417143 lr=3.696e-06
[train] step=8768 loss=0.405928 lr=3.695e-06
[train] step=8769 loss=0.266325 lr=3.694e-06
[train] step=8770 loss=0.336551 lr=3.693e-06
[train] step=8771 loss=0.220146 lr=3.692e-06
[train] step=8772 loss=0.473071 lr=3.691e-06
[train] step=8773 loss=0.346644 lr=3.690e-06
[train] step=8774 loss=0.291532 lr=3.689e-06
[train] step=8775 loss=0.304364 lr=3.688e-06
[train] step=8776 loss=0.355787 lr=3.687e-06
[train] step=8777 loss=0.378172 lr=3.686e-06
[train] step=8778 loss=0.293543 lr=3.685e-06
[train] step=8779 loss=0.261009 lr=3.684e-06
[train] step=8780 loss=0.321875 lr=3.683e-06
[train] step=8781 loss=0.313653 lr=3.682e-06
[train] step=8782 loss=0.369994 lr=3.681e-06
[train] step=8783 loss=0.410143 lr=3.680e-06
[train] step=8784 loss=0.346184 lr=3.679e-06
[train] step=8785 loss=0.240918 lr=3.678e-06
[train] step=8786 loss=0.273612 lr=3.677e-06
[train] step=8787 loss=0.365748 lr=3.676e-06
[train] step=8788 loss=0.369033 lr=3.675e-06
[train] step=8789 loss=0.392968 lr=3.674e-06
[train] step=8790 loss=0.343192 lr=3.673e-06
[train] step=8791 loss=0.305229 lr=3.672e-06
[train] step=8792 loss=0.348061 lr=3.671e-06
[train] step=8793 loss=0.428000 lr=3.670e-06
[train] step=8794 loss=0.417903 lr=3.669e-06
[train] step=8795 loss=0.238503 lr=3.668e-06
[train] step=8796 loss=0.214719 lr=3.667e-06
[train] step=8797 loss=0.309529 lr=3.666e-06
[train] step=8798 loss=0.388881 lr=3.665e-06
[train] step=8799 loss=0.381138 lr=3.664e-06
[train] step=8800 loss=0.332759 lr=3.663e-06
[train] step=8801 loss=0.393485 lr=3.662e-06
[train] step=8802 loss=0.401259 lr=3.661e-06
[train] step=8803 loss=0.325663 lr=3.660e-06
[train] step=8804 loss=0.330596 lr=3.659e-06
[train] step=8805 loss=0.487060 lr=3.658e-06
[train] step=8806 loss=0.321293 lr=3.657e-06
[train] step=8807 loss=0.270652 lr=3.656e-06
[train] step=8808 loss=0.288713 lr=3.655e-06
[train] step=8809 loss=0.338470 lr=3.654e-06
[train] step=8810 loss=0.524682 lr=3.653e-06
[train] step=8811 loss=0.431463 lr=3.652e-06
[train] step=8812 loss=0.330921 lr=3.651e-06
[train] step=8813 loss=0.309385 lr=3.650e-06
[train] step=8814 loss=0.420007 lr=3.649e-06
[train] step=8815 loss=0.349800 lr=3.648e-06
[train] step=8816 loss=0.448775 lr=3.647e-06
[train] step=8817 loss=0.516512 lr=3.646e-06
[train] step=8818 loss=0.253481 lr=3.645e-06
[train] step=8819 loss=0.212915 lr=3.644e-06
[train] step=8820 loss=0.413185 lr=3.643e-06
[train] step=8821 loss=0.221571 lr=3.642e-06
[train] step=8822 loss=0.298724 lr=3.641e-06
[train] step=8823 loss=0.345268 lr=3.640e-06
[train] step=8824 loss=0.302569 lr=3.639e-06
[train] step=8825 loss=0.227578 lr=3.638e-06
[train] step=8826 loss=0.395381 lr=3.637e-06
[train] step=8827 loss=0.334685 lr=3.636e-06
[train] step=8828 loss=0.321176 lr=3.635e-06
[train] step=8829 loss=0.387020 lr=3.634e-06
[train] step=8830 loss=0.297599 lr=3.633e-06
[train] step=8831 loss=0.249366 lr=3.632e-06
[train] step=8832 loss=0.442155 lr=3.631e-06
[train] step=8833 loss=0.295602 lr=3.630e-06
[train] step=8834 loss=0.312435 lr=3.629e-06
[train] step=8835 loss=0.468403 lr=3.628e-06
[train] step=8836 loss=0.309391 lr=3.627e-06
[train] step=8837 loss=0.300062 lr=3.626e-06
[train] step=8838 loss=0.243369 lr=3.625e-06
[train] step=8839 loss=0.361767 lr=3.623e-06
[train] step=8840 loss=0.301106 lr=3.622e-06
[train] step=8841 loss=0.268893 lr=3.621e-06
[train] step=8842 loss=0.328941 lr=3.620e-06
[train] step=8843 loss=0.281014 lr=3.619e-06
[train] step=8844 loss=0.366464 lr=3.618e-06
[train] step=8845 loss=0.291904 lr=3.617e-06
[train] step=8846 loss=0.225964 lr=3.616e-06
[train] step=8847 loss=0.207097 lr=3.615e-06
[train] step=8848 loss=0.338767 lr=3.614e-06
[train] step=8849 loss=0.308654 lr=3.613e-06
[train] step=8850 loss=0.272041 lr=3.612e-06
[train] step=8851 loss=0.341399 lr=3.611e-06
[train] step=8852 loss=0.280343 lr=3.610e-06
[train] step=8853 loss=0.331553 lr=3.609e-06
[train] step=8854 loss=0.288661 lr=3.608e-06
[train] step=8855 loss=0.428248 lr=3.607e-06
[train] step=8856 loss=0.245771 lr=3.606e-06
[train] step=8857 loss=0.418892 lr=3.605e-06
[train] step=8858 loss=0.345516 lr=3.604e-06
[train] step=8859 loss=0.326033 lr=3.603e-06
[train] step=8860 loss=0.325772 lr=3.602e-06
[train] step=8861 loss=0.257380 lr=3.601e-06
[train] step=8862 loss=0.375630 lr=3.600e-06
[train] step=8863 loss=0.261539 lr=3.599e-06
[train] step=8864 loss=0.189812 lr=3.598e-06
[train] step=8865 loss=0.477229 lr=3.597e-06
[train] step=8866 loss=0.236842 lr=3.596e-06
[train] step=8867 loss=0.300842 lr=3.595e-06
[train] step=8868 loss=0.180315 lr=3.594e-06
[train] step=8869 loss=0.327473 lr=3.593e-06
[train] step=8870 loss=0.275529 lr=3.592e-06
[train] step=8871 loss=0.272705 lr=3.591e-06
[train] step=8872 loss=0.307597 lr=3.590e-06
[train] step=8873 loss=0.359284 lr=3.589e-06
[train] step=8874 loss=0.229548 lr=3.588e-06
[train] step=8875 loss=0.251215 lr=3.587e-06
[train] step=8876 loss=0.201589 lr=3.586e-06
[train] step=8877 loss=0.485114 lr=3.585e-06
[train] step=8878 loss=0.404225 lr=3.584e-06
[train] step=8879 loss=0.398168 lr=3.583e-06
[train] step=8880 loss=0.260426 lr=3.582e-06
INFO     [rank 0] Model weights for step 8880 saved in       dit_trainer.py:1288
         checkpoints/model_weights_step_08880.safetensors                       
INFO     [rank 0] Scalar embedding weights for step 8880     dit_trainer.py:1297
         saved                                                                  
INFO     [rank 0] Training state saved:                      dit_trainer.py:1416
         checkpoints/model_weights_step_08880.state.pt                          
DEBUG    [rank 0] Removed old checkpoint:                    dit_trainer.py:1429
         /local/disk/hramachandran/work/wh_work/windinet/dit                    
         _outputs/lundquist/dit_cosine_kl0_15k/checkpoints/m                    
         odel_weights_step_08640.safetensors                                    
DEBUG    [rank 0] Removed old checkpoint:                    dit_trainer.py:1429
         /local/disk/hramachandran/work/wh_work/windinet/dit                    
         _outputs/lundquist/dit_cosine_kl0_15k/checkpoints/s                    
         calar_embedding_step_08640.safetensors                                 
DEBUG    [rank 0] Removed optimizer state for older kept     dit_trainer.py:1444
         checkpoint:                                                            
         /local/disk/hramachandran/work/wh_work/windinet/dit                    
         _outputs/lundquist/dit_cosine_kl0_15k/checkpoints/m                    
         odel_weights_step_08760.state.pt                                       
[epoch 74] step=8880 train_loss=0.331685
[train] step=8881 loss=0.352963 lr=3.581e-06
[train] step=8882 loss=0.332902 lr=3.580e-06
[train] step=8883 loss=0.424323 lr=3.579e-06
[train] step=8884 loss=0.206410 lr=3.578e-06
[train] step=8885 loss=0.302487 lr=3.577e-06
[train] step=8886 loss=0.262600 lr=3.576e-06
[train] step=8887 loss=0.507274 lr=3.575e-06
[train] step=8888 loss=0.256668 lr=3.574e-06
[train] step=8889 loss=0.313067 lr=3.573e-06
[train] step=8890 loss=0.323355 lr=3.572e-06
[train] step=8891 loss=0.273594 lr=3.571e-06
[train] step=8892 loss=0.322743 lr=3.570e-06
[train] step=8893 loss=0.277199 lr=3.569e-06
[train] step=8894 loss=0.329091 lr=3.568e-06
[train] step=8895 loss=0.303457 lr=3.567e-06
[train] step=8896 loss=0.375330 lr=3.566e-06
[train] step=8897 loss=0.233326 lr=3.565e-06
[train] step=8898 loss=0.280429 lr=3.564e-06
[train] step=8899 loss=0.252062 lr=3.563e-06
[train] step=8900 loss=0.373293 lr=3.562e-06
[train] step=8901 loss=0.496899 lr=3.561e-06
[train] step=8902 loss=0.198572 lr=3.560e-06
[train] step=8903 loss=0.239077 lr=3.559e-06
[train] step=8904 loss=0.404311 lr=3.558e-06
[train] step=8905 loss=0.369829 lr=3.557e-06
[train] step=8906 loss=0.338979 lr=3.556e-06
[train] step=8907 loss=0.326242 lr=3.555e-06
[train] step=8908 loss=0.335805 lr=3.554e-06
[train] step=8909 loss=0.357472 lr=3.553e-06
[train] step=8910 loss=0.342741 lr=3.552e-06
[train] step=8911 loss=0.316620 lr=3.551e-06
[train] step=8912 loss=0.284673 lr=3.550e-06
[train] step=8913 loss=0.279077 lr=3.549e-06
[train] step=8914 loss=0.262970 lr=3.548e-06
[train] step=8915 loss=0.264270 lr=3.547e-06
[train] step=8916 loss=0.324228 lr=3.546e-06
[train] step=8917 loss=0.405678 lr=3.545e-06
[train] step=8918 loss=0.272199 lr=3.544e-06
[train] step=8919 loss=0.314328 lr=3.543e-06
[train] step=8920 loss=0.481702 lr=3.542e-06
[train] step=8921 loss=0.487025 lr=3.541e-06
[train] step=8922 loss=0.214417 lr=3.540e-06
[train] step=8923 loss=0.412723 lr=3.539e-06
[train] step=8924 loss=0.353121 lr=3.538e-06
[train] step=8925 loss=0.431591 lr=3.537e-06
[train] step=8926 loss=0.408331 lr=3.536e-06
[train] step=8927 loss=0.278696 lr=3.535e-06
[train] step=8928 loss=0.154706 lr=3.534e-06
[train] step=8929 loss=0.331956 lr=3.533e-06
[train] step=8930 loss=0.244982 lr=3.532e-06
[train] step=8931 loss=0.245392 lr=3.531e-06
[train] step=8932 loss=0.235843 lr=3.530e-06
[train] step=8933 loss=0.262458 lr=3.529e-06
[train] step=8934 loss=0.313548 lr=3.528e-06
[train] step=8935 loss=0.346396 lr=3.527e-06
[train] step=8936 loss=0.427741 lr=3.526e-06
[train] step=8937 loss=0.531604 lr=3.525e-06
[train] step=8938 loss=0.358428 lr=3.524e-06
[train] step=8939 loss=0.471879 lr=3.523e-06
[train] step=8940 loss=0.359522 lr=3.522e-06
[train] step=8941 loss=0.345724 lr=3.521e-06
[train] step=8942 loss=0.349450 lr=3.520e-06
[train] step=8943 loss=0.430384 lr=3.519e-06
[train] step=8944 loss=0.414650 lr=3.518e-06
[train] step=8945 loss=0.287083 lr=3.517e-06
[train] step=8946 loss=0.358091 lr=3.516e-06
[train] step=8947 loss=0.415190 lr=3.515e-06
[train] step=8948 loss=0.366780 lr=3.514e-06
[train] step=8949 loss=0.344915 lr=3.513e-06
[train] step=8950 loss=0.388390 lr=3.512e-06
[train] step=8951 loss=0.423986 lr=3.511e-06
[train] step=8952 loss=0.392793 lr=3.510e-06
[train] step=8953 loss=0.284976 lr=3.509e-06
[train] step=8954 loss=0.247464 lr=3.508e-06
[train] step=8955 loss=0.245660 lr=3.507e-06
[train] step=8956 loss=0.506579 lr=3.506e-06
[train] step=8957 loss=0.278482 lr=3.505e-06
[train] step=8958 loss=0.292549 lr=3.504e-06
[train] step=8959 loss=0.420187 lr=3.503e-06
[train] step=8960 loss=0.252340 lr=3.502e-06
[train] step=8961 loss=0.307190 lr=3.501e-06
[train] step=8962 loss=0.384158 lr=3.500e-06
[train] step=8963 loss=0.284328 lr=3.499e-06
[train] step=8964 loss=0.348946 lr=3.498e-06
[train] step=8965 loss=0.343245 lr=3.497e-06
[train] step=8966 loss=0.414753 lr=3.496e-06
[train] step=8967 loss=0.358934 lr=3.495e-06
[train] step=8968 loss=0.344936 lr=3.494e-06
[train] step=8969 loss=0.338365 lr=3.493e-06
[train] step=8970 loss=0.336803 lr=3.492e-06
[train] step=8971 loss=0.246785 lr=3.491e-06
[train] step=8972 loss=0.393872 lr=3.490e-06
[train] step=8973 loss=0.438422 lr=3.489e-06
[train] step=8974 loss=0.383758 lr=3.488e-06
[train] step=8975 loss=0.182832 lr=3.487e-06
[train] step=8976 loss=0.613823 lr=3.486e-06
[train] step=8977 loss=0.357991 lr=3.485e-06
[train] step=8978 loss=0.397298 lr=3.484e-06
[train] step=8979 loss=0.204976 lr=3.483e-06
[train] step=8980 loss=0.263250 lr=3.482e-06
[train] step=8981 loss=0.272704 lr=3.481e-06
[train] step=8982 loss=0.328375 lr=3.480e-06
[train] step=8983 loss=0.242197 lr=3.479e-06
[train] step=8984 loss=0.293789 lr=3.478e-06
[train] step=8985 loss=0.348917 lr=3.477e-06
[train] step=8986 loss=0.391588 lr=3.476e-06
[train] step=8987 loss=0.302405 lr=3.475e-06
[train] step=8988 loss=0.290487 lr=3.474e-06
[train] step=8989 loss=0.306961 lr=3.473e-06
[train] step=8990 loss=0.396001 lr=3.472e-06
[train] step=8991 loss=0.386232 lr=3.471e-06
[train] step=8992 loss=0.360229 lr=3.470e-06
[train] step=8993 loss=0.421860 lr=3.469e-06
[train] step=8994 loss=0.410512 lr=3.468e-06
[train] step=8995 loss=0.306928 lr=3.467e-06
[train] step=8996 loss=0.424762 lr=3.466e-06
[train] step=8997 loss=0.310885 lr=3.465e-06
[train] step=8998 loss=0.291141 lr=3.464e-06
[train] step=8999 loss=0.339999 lr=3.463e-06
[train] step=9000 loss=0.384269 lr=3.462e-06
[val] step=9000 val_loss=0.381557
INFO     [rank 0] Model weights for step 9000 saved in       dit_trainer.py:1288
         checkpoints/model_weights_step_09000.safetensors                       
INFO     [rank 0] Scalar embedding weights for step 9000     dit_trainer.py:1297
         saved                                                                  
INFO     [rank 0] Training state saved:                      dit_trainer.py:1416
         checkpoints/model_weights_step_09000.state.pt                          
INFO     [rank 0] New best checkpoint (step 9000,            dit_trainer.py:1320
         val_loss=0.381557):                                                    
         checkpoints/model_weights_best.safetensors                             
DEBUG    [rank 0] Removed old checkpoint:                    dit_trainer.py:1429
         /local/disk/hramachandran/work/wh_work/windinet/dit                    
         _outputs/lundquist/dit_cosine_kl0_15k/checkpoints/m                    
         odel_weights_step_08760.safetensors                                    
DEBUG    [rank 0] Removed old checkpoint:                    dit_trainer.py:1429
         /local/disk/hramachandran/work/wh_work/windinet/dit                    
         _outputs/lundquist/dit_cosine_kl0_15k/checkpoints/s                    
         calar_embedding_step_08760.safetensors                                 
DEBUG    [rank 0] Removed optimizer state for older kept     dit_trainer.py:1444
         checkpoint:                                                            
         /local/disk/hramachandran/work/wh_work/windinet/dit                    
         _outputs/lundquist/dit_cosine_kl0_15k/checkpoints/m                    
         odel_weights_step_08880.state.pt                                       
[epoch 75] step=9000 train_loss=0.337211 val_loss=0.381557
[train] step=9001 loss=0.249941 lr=3.461e-06
[train] step=9002 loss=0.339935 lr=3.460e-06
[train] step=9003 loss=0.343302 lr=3.459e-06
[train] step=9004 loss=0.371446 lr=3.458e-06
[train] step=9005 loss=0.437052 lr=3.457e-06
[train] step=9006 loss=0.312119 lr=3.456e-06
[train] step=9007 loss=0.397989 lr=3.455e-06
[train] step=9008 loss=0.254921 lr=3.454e-06
[train] step=9009 loss=0.302762 lr=3.454e-06
[train] step=9010 loss=0.298219 lr=3.453e-06
[train] step=9011 loss=0.335578 lr=3.452e-06
[train] step=9012 loss=0.274746 lr=3.451e-06
[train] step=9013 loss=0.263832 lr=3.450e-06
[train] step=9014 loss=0.213421 lr=3.449e-06
[train] step=9015 loss=0.329176 lr=3.448e-06
[train] step=9016 loss=0.389589 lr=3.447e-06
[train] step=9017 loss=0.282117 lr=3.446e-06
[train] step=9018 loss=0.228275 lr=3.445e-06
[train] step=9019 loss=0.456561 lr=3.444e-06
[train] step=9020 loss=0.374958 lr=3.443e-06
[train] step=9021 loss=0.290130 lr=3.442e-06
[train] step=9022 loss=0.206025 lr=3.441e-06
[train] step=9023 loss=0.308506 lr=3.440e-06
[train] step=9024 loss=0.327689 lr=3.439e-06
[train] step=9025 loss=0.422297 lr=3.438e-06
[train] step=9026 loss=0.231965 lr=3.437e-06
[train] step=9027 loss=0.298405 lr=3.436e-06
[train] step=9028 loss=0.343449 lr=3.435e-06
[train] step=9029 loss=0.358473 lr=3.434e-06
[train] step=9030 loss=0.249209 lr=3.433e-06
[train] step=9031 loss=0.383390 lr=3.432e-06
[train] step=9032 loss=0.351854 lr=3.431e-06
[train] step=9033 loss=0.392527 lr=3.430e-06
[train] step=9034 loss=0.222932 lr=3.429e-06
[train] step=9035 loss=0.272546 lr=3.428e-06
[train] step=9036 loss=0.504343 lr=3.427e-06
[train] step=9037 loss=0.173210 lr=3.426e-06
[train] step=9038 loss=0.297087 lr=3.425e-06
[train] step=9039 loss=0.560499 lr=3.424e-06
[train] step=9040 loss=0.324952 lr=3.423e-06
[train] step=9041 loss=0.298849 lr=3.422e-06
[train] step=9042 loss=0.307563 lr=3.421e-06
[train] step=9043 loss=0.475092 lr=3.420e-06
[train] step=9044 loss=0.289404 lr=3.419e-06
[train] step=9045 loss=0.321058 lr=3.418e-06
[train] step=9046 loss=0.328746 lr=3.417e-06
[train] step=9047 loss=0.476988 lr=3.416e-06
[train] step=9048 loss=0.566805 lr=3.415e-06
[train] step=9049 loss=0.576519 lr=3.414e-06
[train] step=9050 loss=0.411631 lr=3.413e-06
[train] step=9051 loss=0.196899 lr=3.412e-06
[train] step=9052 loss=0.307682 lr=3.411e-06
[train] step=9053 loss=0.218448 lr=3.410e-06
[train] step=9054 loss=0.255065 lr=3.409e-06
[train] step=9055 loss=0.336577 lr=3.408e-06
[train] step=9056 loss=0.298871 lr=3.407e-06
[train] step=9057 loss=0.258138 lr=3.406e-06
[train] step=9058 loss=0.205600 lr=3.405e-06
[train] step=9059 loss=0.306876 lr=3.404e-06
[train] step=9060 loss=0.352514 lr=3.403e-06
[train] step=9061 loss=0.356560 lr=3.402e-06
[train] step=9062 loss=0.187373 lr=3.401e-06
[train] step=9063 loss=0.371212 lr=3.400e-06
[train] step=9064 loss=0.328967 lr=3.399e-06
[train] step=9065 loss=0.245376 lr=3.398e-06
[train] step=9066 loss=0.372179 lr=3.397e-06
[train] step=9067 loss=0.455399 lr=3.396e-06
[train] step=9068 loss=0.288666 lr=3.395e-06
[train] step=9069 loss=0.334800 lr=3.394e-06
[train] step=9070 loss=0.364023 lr=3.393e-06
[train] step=9071 loss=0.339000 lr=3.392e-06
[train] step=9072 loss=0.443035 lr=3.391e-06
[train] step=9073 loss=0.287746 lr=3.390e-06
[train] step=9074 loss=0.431014 lr=3.389e-06
[train] step=9075 loss=0.201032 lr=3.388e-06
[train] step=9076 loss=0.307503 lr=3.387e-06
[train] step=9077 loss=0.335506 lr=3.386e-06
[train] step=9078 loss=0.314135 lr=3.385e-06
[train] step=9079 loss=0.253682 lr=3.384e-06
[train] step=9080 loss=0.271693 lr=3.383e-06
[train] step=9081 loss=0.438201 lr=3.382e-06
[train] step=9082 loss=0.271896 lr=3.381e-06
[train] step=9083 loss=0.280578 lr=3.380e-06
[train] step=9084 loss=0.339626 lr=3.379e-06
[train] step=9085 loss=0.373010 lr=3.378e-06
[train] step=9086 loss=0.328128 lr=3.377e-06
[train] step=9087 loss=0.423429 lr=3.376e-06
[train] step=9088 loss=0.341354 lr=3.375e-06
[train] step=9089 loss=0.363415 lr=3.374e-06
[train] step=9090 loss=0.347091 lr=3.373e-06
[train] step=9091 loss=0.216069 lr=3.372e-06
[train] step=9092 loss=0.483330 lr=3.371e-06
[train] step=9093 loss=0.256088 lr=3.370e-06
[train] step=9094 loss=0.277493 lr=3.369e-06
[train] step=9095 loss=0.398019 lr=3.368e-06
[train] step=9096 loss=0.332231 lr=3.367e-06
[train] step=9097 loss=0.367681 lr=3.366e-06
[train] step=9098 loss=0.407145 lr=3.365e-06
[train] step=9099 loss=0.341985 lr=3.364e-06
[train] step=9100 loss=0.399344 lr=3.363e-06
[train] step=9101 loss=0.407070 lr=3.362e-06
[train] step=9102 loss=0.316500 lr=3.361e-06
[train] step=9103 loss=0.293485 lr=3.360e-06
[train] step=9104 loss=0.350668 lr=3.359e-06
[train] step=9105 loss=0.293454 lr=3.358e-06
[train] step=9106 loss=0.314187 lr=3.357e-06
[train] step=9107 loss=0.314842 lr=3.356e-06
[train] step=9108 loss=0.336483 lr=3.355e-06
[train] step=9109 loss=0.262446 lr=3.354e-06
[train] step=9110 loss=0.485393 lr=3.353e-06
[train] step=9111 loss=0.347739 lr=3.352e-06
[train] step=9112 loss=0.416226 lr=3.351e-06
[train] step=9113 loss=0.350407 lr=3.350e-06
[train] step=9114 loss=0.377558 lr=3.349e-06
[train] step=9115 loss=0.390624 lr=3.348e-06
[train] step=9116 loss=0.447455 lr=3.347e-06
[train] step=9117 loss=0.243714 lr=3.347e-06
[train] step=9118 loss=0.407638 lr=3.346e-06
[train] step=9119 loss=0.339075 lr=3.345e-06
[train] step=9120 loss=0.211580 lr=3.344e-06
INFO     [rank 0] Model weights for step 9120 saved in       dit_trainer.py:1288
         checkpoints/model_weights_step_09120.safetensors                       
INFO     [rank 0] Scalar embedding weights for step 9120     dit_trainer.py:1297
         saved                                                                  
INFO     [rank 0] Training state saved:                      dit_trainer.py:1416
         checkpoints/model_weights_step_09120.state.pt                          
DEBUG    [rank 0] Removed old checkpoint:                    dit_trainer.py:1429
         /local/disk/hramachandran/work/wh_work/windinet/dit                    
         _outputs/lundquist/dit_cosine_kl0_15k/checkpoints/m                    
         odel_weights_step_08880.safetensors                                    
DEBUG    [rank 0] Removed old checkpoint:                    dit_trainer.py:1429
         /local/disk/hramachandran/work/wh_work/windinet/dit                    
         _outputs/lundquist/dit_cosine_kl0_15k/checkpoints/s                    
         calar_embedding_step_08880.safetensors                                 
DEBUG    [rank 0] Removed optimizer state for older kept     dit_trainer.py:1444
         checkpoint:                                                            
         /local/disk/hramachandran/work/wh_work/windinet/dit                    
         _outputs/lundquist/dit_cosine_kl0_15k/checkpoints/m                    
         odel_weights_step_09000.state.pt                                       
[epoch 76] step=9120 train_loss=0.335992
[train] step=9121 loss=0.452336 lr=3.343e-06
[train] step=9122 loss=0.304766 lr=3.342e-06
[train] step=9123 loss=0.505302 lr=3.341e-06
[train] step=9124 loss=0.239255 lr=3.340e-06
[train] step=9125 loss=0.290576 lr=3.339e-06
[train] step=9126 loss=0.259741 lr=3.338e-06
[train] step=9127 loss=0.393103 lr=3.337e-06
[train] step=9128 loss=0.382351 lr=3.336e-06
[train] step=9129 loss=0.366145 lr=3.335e-06
[train] step=9130 loss=0.448444 lr=3.334e-06
[train] step=9131 loss=0.443079 lr=3.333e-06
[train] step=9132 loss=0.386750 lr=3.332e-06
[train] step=9133 loss=0.487855 lr=3.331e-06
[train] step=9134 loss=0.384863 lr=3.330e-06
[train] step=9135 loss=0.387553 lr=3.329e-06
[train] step=9136 loss=0.234242 lr=3.328e-06
[train] step=9137 loss=0.311205 lr=3.327e-06
[train] step=9138 loss=0.313835 lr=3.326e-06
[train] step=9139 loss=0.242883 lr=3.325e-06
[train] step=9140 loss=0.293455 lr=3.324e-06
[train] step=9141 loss=0.364392 lr=3.323e-06
[train] step=9142 loss=0.265327 lr=3.322e-06
[train] step=9143 loss=0.266710 lr=3.321e-06
[train] step=9144 loss=0.329622 lr=3.320e-06
[train] step=9145 loss=0.303036 lr=3.319e-06
[train] step=9146 loss=0.344661 lr=3.318e-06
[train] step=9147 loss=0.340661 lr=3.317e-06
[train] step=9148 loss=0.307867 lr=3.316e-06
[train] step=9149 loss=0.428504 lr=3.315e-06
[train] step=9150 loss=0.385090 lr=3.314e-06
[train] step=9151 loss=0.297342 lr=3.313e-06
[train] step=9152 loss=0.333278 lr=3.312e-06
[train] step=9153 loss=0.419508 lr=3.311e-06
[train] step=9154 loss=0.264596 lr=3.310e-06
[train] step=9155 loss=0.389609 lr=3.309e-06
[train] step=9156 loss=0.348996 lr=3.308e-06
[train] step=9157 loss=0.341560 lr=3.307e-06
[train] step=9158 loss=0.354849 lr=3.306e-06
[train] step=9159 loss=0.307085 lr=3.305e-06
[train] step=9160 loss=0.393758 lr=3.304e-06
[train] step=9161 loss=0.359843 lr=3.303e-06
[train] step=9162 loss=0.359891 lr=3.302e-06
[train] step=9163 loss=0.298212 lr=3.301e-06
[train] step=9164 loss=0.285476 lr=3.300e-06
[train] step=9165 loss=0.415461 lr=3.299e-06
[train] step=9166 loss=0.282447 lr=3.298e-06
[train] step=9167 loss=0.324050 lr=3.297e-06
[train] step=9168 loss=0.373938 lr=3.296e-06
[train] step=9169 loss=0.384586 lr=3.295e-06
[train] step=9170 loss=0.376171 lr=3.294e-06
[train] step=9171 loss=0.449348 lr=3.293e-06
[train] step=9172 loss=0.338348 lr=3.292e-06
[train] step=9173 loss=0.486527 lr=3.291e-06
[train] step=9174 loss=0.173758 lr=3.290e-06
[train] step=9175 loss=0.212327 lr=3.289e-06
[train] step=9176 loss=0.515362 lr=3.288e-06
[train] step=9177 loss=0.315053 lr=3.287e-06
[train] step=9178 loss=0.447820 lr=3.286e-06
[train] step=9179 loss=0.294008 lr=3.285e-06
[train] step=9180 loss=0.298768 lr=3.284e-06
[train] step=9181 loss=0.430642 lr=3.284e-06
[train] step=9182 loss=0.300404 lr=3.283e-06
[train] step=9183 loss=0.352062 lr=3.282e-06
[train] step=9184 loss=0.154678 lr=3.281e-06
[train] step=9185 loss=0.269806 lr=3.280e-06
[train] step=9186 loss=0.220722 lr=3.279e-06
[train] step=9187 loss=0.385352 lr=3.278e-06
[train] step=9188 loss=0.370746 lr=3.277e-06
[train] step=9189 loss=0.311803 lr=3.276e-06
[train] step=9190 loss=0.495782 lr=3.275e-06
[train] step=9191 loss=0.372621 lr=3.274e-06
[train] step=9192 loss=0.391449 lr=3.273e-06
[train] step=9193 loss=0.191845 lr=3.272e-06
[train] step=9194 loss=0.461318 lr=3.271e-06
[train] step=9195 loss=0.404189 lr=3.270e-06
[train] step=9196 loss=0.192855 lr=3.269e-06
[train] step=9197 loss=0.309963 lr=3.268e-06
[train] step=9198 loss=0.510793 lr=3.267e-06
[train] step=9199 loss=0.367853 lr=3.266e-06
[train] step=9200 loss=0.474954 lr=3.265e-06
[train] step=9201 loss=0.413566 lr=3.264e-06
[train] step=9202 loss=0.288356 lr=3.263e-06
[train] step=9203 loss=0.309204 lr=3.262e-06
[train] step=9204 loss=0.185358 lr=3.261e-06
[train] step=9205 loss=0.253457 lr=3.260e-06
[train] step=9206 loss=0.285757 lr=3.259e-06
[train] step=9207 loss=0.190056 lr=3.258e-06
[train] step=9208 loss=0.417099 lr=3.257e-06
[train] step=9209 loss=0.240144 lr=3.256e-06
[train] step=9210 loss=0.328952 lr=3.255e-06
[train] step=9211 loss=0.299901 lr=3.254e-06
[train] step=9212 loss=0.217841 lr=3.253e-06
[train] step=9213 loss=0.382560 lr=3.252e-06
[train] step=9214 loss=0.370695 lr=3.251e-06
[train] step=9215 loss=0.411660 lr=3.250e-06
[train] step=9216 loss=0.365299 lr=3.249e-06
[train] step=9217 loss=0.223942 lr=3.248e-06
[train] step=9218 loss=0.230359 lr=3.247e-06
[train] step=9219 loss=0.223844 lr=3.246e-06
[train] step=9220 loss=0.342490 lr=3.245e-06
[train] step=9221 loss=0.316280 lr=3.244e-06
[train] step=9222 loss=0.478539 lr=3.243e-06
[train] step=9223 loss=0.187997 lr=3.242e-06
[train] step=9224 loss=0.341867 lr=3.241e-06
[train] step=9225 loss=0.379588 lr=3.240e-06
[train] step=9226 loss=0.353956 lr=3.239e-06
[train] step=9227 loss=0.439217 lr=3.238e-06
[train] step=9228 loss=0.166759 lr=3.237e-06
[train] step=9229 loss=0.435899 lr=3.236e-06
[train] step=9230 loss=0.232755 lr=3.235e-06
[train] step=9231 loss=0.288795 lr=3.235e-06
[train] step=9232 loss=0.279395 lr=3.234e-06
[train] step=9233 loss=0.419128 lr=3.233e-06
[train] step=9234 loss=0.305168 lr=3.232e-06
[train] step=9235 loss=0.364910 lr=3.231e-06
[train] step=9236 loss=0.245677 lr=3.230e-06
[train] step=9237 loss=0.286936 lr=3.229e-06
[train] step=9238 loss=0.286216 lr=3.228e-06
[train] step=9239 loss=0.317884 lr=3.227e-06
[train] step=9240 loss=0.336640 lr=3.226e-06
INFO     [rank 0] Model weights for step 9240 saved in       dit_trainer.py:1288
         checkpoints/model_weights_step_09240.safetensors                       
INFO     [rank 0] Scalar embedding weights for step 9240     dit_trainer.py:1297
         saved                                                                  
INFO     [rank 0] Training state saved:                      dit_trainer.py:1416
         checkpoints/model_weights_step_09240.state.pt                          
DEBUG    [rank 0] Removed old checkpoint:                    dit_trainer.py:1429
         /local/disk/hramachandran/work/wh_work/windinet/dit                    
         _outputs/lundquist/dit_cosine_kl0_15k/checkpoints/m                    
         odel_weights_step_09000.safetensors                                    
DEBUG    [rank 0] Removed old checkpoint:                    dit_trainer.py:1429
         /local/disk/hramachandran/work/wh_work/windinet/dit                    
         _outputs/lundquist/dit_cosine_kl0_15k/checkpoints/s                    
         calar_embedding_step_09000.safetensors                                 
DEBUG    [rank 0] Removed optimizer state for older kept     dit_trainer.py:1444
         checkpoint:                                                            
         /local/disk/hramachandran/work/wh_work/windinet/dit                    
         _outputs/lundquist/dit_cosine_kl0_15k/checkpoints/m                    
         odel_weights_step_09120.state.pt                                       
[epoch 77] step=9240 train_loss=0.334954
[train] step=9241 loss=0.271107 lr=3.225e-06
[train] step=9242 loss=0.405456 lr=3.224e-06
[train] step=9243 loss=0.302484 lr=3.223e-06
[train] step=9244 loss=0.465698 lr=3.222e-06
[train] step=9245 loss=0.122984 lr=3.221e-06
[train] step=9246 loss=0.352538 lr=3.220e-06
[train] step=9247 loss=0.387606 lr=3.219e-06
[train] step=9248 loss=0.210650 lr=3.218e-06
[train] step=9249 loss=0.197698 lr=3.217e-06
[train] step=9250 loss=0.250750 lr=3.216e-06
[train] step=9251 loss=0.400522 lr=3.215e-06
[train] step=9252 loss=0.453377 lr=3.214e-06
[train] step=9253 loss=0.404872 lr=3.213e-06
[train] step=9254 loss=0.253061 lr=3.212e-06
[train] step=9255 loss=0.409308 lr=3.211e-06
[train] step=9256 loss=0.375686 lr=3.210e-06
[train] step=9257 loss=0.317993 lr=3.209e-06
[train] step=9258 loss=0.325753 lr=3.208e-06
[train] step=9259 loss=0.224215 lr=3.207e-06
[train] step=9260 loss=0.381482 lr=3.206e-06
[train] step=9261 loss=0.271574 lr=3.205e-06
[train] step=9262 loss=0.346149 lr=3.204e-06
[train] step=9263 loss=0.338481 lr=3.203e-06
[train] step=9264 loss=0.348515 lr=3.202e-06
[train] step=9265 loss=0.375206 lr=3.201e-06
[train] step=9266 loss=0.309572 lr=3.200e-06
[train] step=9267 loss=0.453168 lr=3.199e-06
[train] step=9268 loss=0.409350 lr=3.198e-06
[train] step=9269 loss=0.393182 lr=3.197e-06
[train] step=9270 loss=0.293550 lr=3.196e-06
[train] step=9271 loss=0.290219 lr=3.195e-06
[train] step=9272 loss=0.444195 lr=3.194e-06
[train] step=9273 loss=0.390624 lr=3.193e-06
[train] step=9274 loss=0.233459 lr=3.193e-06
[train] step=9275 loss=0.232722 lr=3.192e-06
[train] step=9276 loss=0.331115 lr=3.191e-06
[train] step=9277 loss=0.387096 lr=3.190e-06
[train] step=9278 loss=0.385829 lr=3.189e-06
[train] step=9279 loss=0.286272 lr=3.188e-06
[train] step=9280 loss=0.330042 lr=3.187e-06
[train] step=9281 loss=0.513692 lr=3.186e-06
[train] step=9282 loss=0.357769 lr=3.185e-06
[train] step=9283 loss=0.348861 lr=3.184e-06
[train] step=9284 loss=0.378310 lr=3.183e-06
[train] step=9285 loss=0.262560 lr=3.182e-06
[train] step=9286 loss=0.356991 lr=3.181e-06
[train] step=9287 loss=0.385927 lr=3.180e-06
[train] step=9288 loss=0.468446 lr=3.179e-06
[train] step=9289 loss=0.319041 lr=3.178e-06
[train] step=9290 loss=0.322375 lr=3.177e-06
[train] step=9291 loss=0.232274 lr=3.176e-06
[train] step=9292 loss=0.427851 lr=3.175e-06
[train] step=9293 loss=0.418751 lr=3.174e-06
[train] step=9294 loss=0.426096 lr=3.173e-06
[train] step=9295 loss=0.553133 lr=3.172e-06
[train] step=9296 loss=0.280670 lr=3.171e-06
[train] step=9297 loss=0.212151 lr=3.170e-06
[train] step=9298 loss=0.453334 lr=3.169e-06
[train] step=9299 loss=0.385936 lr=3.168e-06
[train] step=9300 loss=0.264553 lr=3.167e-06
[train] step=9301 loss=0.314239 lr=3.166e-06
[train] step=9302 loss=0.250562 lr=3.165e-06
[train] step=9303 loss=0.279762 lr=3.164e-06
[train] step=9304 loss=0.256872 lr=3.163e-06
[train] step=9305 loss=0.323267 lr=3.162e-06
[train] step=9306 loss=0.413626 lr=3.161e-06
[train] step=9307 loss=0.348596 lr=3.160e-06
[train] step=9308 loss=0.155097 lr=3.159e-06
[train] step=9309 loss=0.204417 lr=3.158e-06
[train] step=9310 loss=0.218470 lr=3.157e-06
[train] step=9311 loss=0.422124 lr=3.156e-06
[train] step=9312 loss=0.240963 lr=3.156e-06
[train] step=9313 loss=0.324860 lr=3.155e-06
[train] step=9314 loss=0.237378 lr=3.154e-06
[train] step=9315 loss=0.427010 lr=3.153e-06
[train] step=9316 loss=0.329335 lr=3.152e-06
[train] step=9317 loss=0.277918 lr=3.151e-06
[train] step=9318 loss=0.368861 lr=3.150e-06
[train] step=9319 loss=0.276096 lr=3.149e-06
[train] step=9320 loss=0.370360 lr=3.148e-06
[train] step=9321 loss=0.450099 lr=3.147e-06
[train] step=9322 loss=0.250527 lr=3.146e-06
[train] step=9323 loss=0.434453 lr=3.145e-06
[train] step=9324 loss=0.253402 lr=3.144e-06
[train] step=9325 loss=0.368801 lr=3.143e-06
[train] step=9326 loss=0.182162 lr=3.142e-06
[train] step=9327 loss=0.267105 lr=3.141e-06
[train] step=9328 loss=0.318438 lr=3.140e-06
[train] step=9329 loss=0.335997 lr=3.139e-06
[train] step=9330 loss=0.253349 lr=3.138e-06
[train] step=9331 loss=0.331227 lr=3.137e-06
[train] step=9332 loss=0.267342 lr=3.136e-06
[train] step=9333 loss=0.439482 lr=3.135e-06
[train] step=9334 loss=0.345421 lr=3.134e-06
[train] step=9335 loss=0.347161 lr=3.133e-06
[train] step=9336 loss=0.506294 lr=3.132e-06
[train] step=9337 loss=0.321798 lr=3.131e-06
[train] step=9338 loss=0.205237 lr=3.130e-06
[train] step=9339 loss=0.179168 lr=3.129e-06
[train] step=9340 loss=0.315913 lr=3.128e-06
[train] step=9341 loss=0.390592 lr=3.127e-06
[train] step=9342 loss=0.382395 lr=3.126e-06
[train] step=9343 loss=0.322478 lr=3.125e-06
[train] step=9344 loss=0.411762 lr=3.124e-06
[train] step=9345 loss=0.200208 lr=3.123e-06
[train] step=9346 loss=0.407919 lr=3.123e-06
[train] step=9347 loss=0.533777 lr=3.122e-06
[train] step=9348 loss=0.251096 lr=3.121e-06
[train] step=9349 loss=0.273606 lr=3.120e-06
[train] step=9350 loss=0.400810 lr=3.119e-06
[train] step=9351 loss=0.454624 lr=3.118e-06
[train] step=9352 loss=0.383990 lr=3.117e-06
[train] step=9353 loss=0.371633 lr=3.116e-06
[train] step=9354 loss=0.379969 lr=3.115e-06
[train] step=9355 loss=0.326976 lr=3.114e-06
[train] step=9356 loss=0.250607 lr=3.113e-06
[train] step=9357 loss=0.290026 lr=3.112e-06
[train] step=9358 loss=0.440885 lr=3.111e-06
[train] step=9359 loss=0.412944 lr=3.110e-06
[train] step=9360 loss=0.300001 lr=3.109e-06
INFO     [rank 0] Model weights for step 9360 saved in       dit_trainer.py:1288
         checkpoints/model_weights_step_09360.safetensors                       
INFO     [rank 0] Scalar embedding weights for step 9360     dit_trainer.py:1297
         saved                                                                  
INFO     [rank 0] Training state saved:                      dit_trainer.py:1416
         checkpoints/model_weights_step_09360.state.pt                          
DEBUG    [rank 0] Removed old checkpoint:                    dit_trainer.py:1429
         /local/disk/hramachandran/work/wh_work/windinet/dit                    
         _outputs/lundquist/dit_cosine_kl0_15k/checkpoints/m                    
         odel_weights_step_09120.safetensors                                    
DEBUG    [rank 0] Removed old checkpoint:                    dit_trainer.py:1429
         /local/disk/hramachandran/work/wh_work/windinet/dit                    
         _outputs/lundquist/dit_cosine_kl0_15k/checkpoints/s                    
         calar_embedding_step_09120.safetensors                                 
DEBUG    [rank 0] Removed optimizer state for older kept     dit_trainer.py:1444
         checkpoint:                                                            
         /local/disk/hramachandran/work/wh_work/windinet/dit                    
         _outputs/lundquist/dit_cosine_kl0_15k/checkpoints/m                    
         odel_weights_step_09240.state.pt                                       
[epoch 78] step=9360 train_loss=0.336403
[train] step=9361 loss=0.345411 lr=3.108e-06
[train] step=9362 loss=0.271610 lr=3.107e-06
[train] step=9363 loss=0.284588 lr=3.106e-06
[train] step=9364 loss=0.219388 lr=3.105e-06
[train] step=9365 loss=0.161727 lr=3.104e-06
[train] step=9366 loss=0.405483 lr=3.103e-06
[train] step=9367 loss=0.350525 lr=3.102e-06
[train] step=9368 loss=0.372600 lr=3.101e-06
[train] step=9369 loss=0.284447 lr=3.100e-06
[train] step=9370 loss=0.408910 lr=3.099e-06
[train] step=9371 loss=0.319810 lr=3.098e-06
[train] step=9372 loss=0.270060 lr=3.097e-06
[train] step=9373 loss=0.170357 lr=3.096e-06
[train] step=9374 loss=0.360681 lr=3.095e-06
[train] step=9375 loss=0.456798 lr=3.094e-06
[train] step=9376 loss=0.306550 lr=3.093e-06
[train] step=9377 loss=0.330677 lr=3.093e-06
[train] step=9378 loss=0.410188 lr=3.092e-06
[train] step=9379 loss=0.373632 lr=3.091e-06
[train] step=9380 loss=0.307964 lr=3.090e-06
[train] step=9381 loss=0.315289 lr=3.089e-06
[train] step=9382 loss=0.362330 lr=3.088e-06
[train] step=9383 loss=0.441850 lr=3.087e-06
[train] step=9384 loss=0.210320 lr=3.086e-06
[train] step=9385 loss=0.222979 lr=3.085e-06
[train] step=9386 loss=0.402236 lr=3.084e-06
[train] step=9387 loss=0.299529 lr=3.083e-06
[train] step=9388 loss=0.376358 lr=3.082e-06
[train] step=9389 loss=0.289561 lr=3.081e-06
[train] step=9390 loss=0.414712 lr=3.080e-06
[train] step=9391 loss=0.279198 lr=3.079e-06
[train] step=9392 loss=0.362889 lr=3.078e-06
[train] step=9393 loss=0.441395 lr=3.077e-06
[train] step=9394 loss=0.287039 lr=3.076e-06
[train] step=9395 loss=0.212215 lr=3.075e-06
[train] step=9396 loss=0.237204 lr=3.074e-06
[train] step=9397 loss=0.266384 lr=3.073e-06
[train] step=9398 loss=0.568377 lr=3.072e-06
[train] step=9399 loss=0.287729 lr=3.071e-06
[train] step=9400 loss=0.393256 lr=3.070e-06
[train] step=9401 loss=0.320260 lr=3.069e-06
[train] step=9402 loss=0.286114 lr=3.068e-06
[train] step=9403 loss=0.256080 lr=3.067e-06
[train] step=9404 loss=0.384805 lr=3.066e-06
[train] step=9405 loss=0.428235 lr=3.066e-06
[train] step=9406 loss=0.228342 lr=3.065e-06
[train] step=9407 loss=0.379807 lr=3.064e-06
[train] step=9408 loss=0.340746 lr=3.063e-06
[train] step=9409 loss=0.431959 lr=3.062e-06
[train] step=9410 loss=0.266328 lr=3.061e-06
[train] step=9411 loss=0.153112 lr=3.060e-06
[train] step=9412 loss=0.391243 lr=3.059e-06
[train] step=9413 loss=0.300389 lr=3.058e-06
[train] step=9414 loss=0.245595 lr=3.057e-06
[train] step=9415 loss=0.278800 lr=3.056e-06
[train] step=9416 loss=0.217308 lr=3.055e-06
[train] step=9417 loss=0.413417 lr=3.054e-06
[train] step=9418 loss=0.496072 lr=3.053e-06
[train] step=9419 loss=0.162708 lr=3.052e-06
[train] step=9420 loss=0.355471 lr=3.051e-06
[train] step=9421 loss=0.245604 lr=3.050e-06
[train] step=9422 loss=0.137750 lr=3.049e-06
[train] step=9423 loss=0.516173 lr=3.048e-06
[train] step=9424 loss=0.183651 lr=3.047e-06
[train] step=9425 loss=0.263897 lr=3.046e-06
[train] step=9426 loss=0.146285 lr=3.045e-06
[train] step=9427 loss=0.305216 lr=3.044e-06
[train] step=9428 loss=0.346032 lr=3.043e-06
[train] step=9429 loss=0.307988 lr=3.042e-06
[train] step=9430 loss=0.296601 lr=3.041e-06
[train] step=9431 loss=0.449627 lr=3.040e-06
[train] step=9432 loss=0.298945 lr=3.040e-06
[train] step=9433 loss=0.421890 lr=3.039e-06
[train] step=9434 loss=0.413609 lr=3.038e-06
[train] step=9435 loss=0.282656 lr=3.037e-06
[train] step=9436 loss=0.295531 lr=3.036e-06
[train] step=9437 loss=0.218703 lr=3.035e-06
[train] step=9438 loss=0.537439 lr=3.034e-06
[train] step=9439 loss=0.510905 lr=3.033e-06
[train] step=9440 loss=0.391537 lr=3.032e-06
[train] step=9441 loss=0.292418 lr=3.031e-06
[train] step=9442 loss=0.244434 lr=3.030e-06
[train] step=9443 loss=0.250104 lr=3.029e-06
[train] step=9444 loss=0.357799 lr=3.028e-06
[train] step=9445 loss=0.293631 lr=3.027e-06
[train] step=9446 loss=0.231790 lr=3.026e-06
[train] step=9447 loss=0.354974 lr=3.025e-06
[train] step=9448 loss=0.298413 lr=3.024e-06
[train] step=9449 loss=0.281879 lr=3.023e-06
[train] step=9450 loss=0.349555 lr=3.022e-06
[train] step=9451 loss=0.196293 lr=3.021e-06
[train] step=9452 loss=0.326845 lr=3.020e-06
[train] step=9453 loss=0.303939 lr=3.019e-06
[train] step=9454 loss=0.354960 lr=3.018e-06
[train] step=9455 loss=0.391547 lr=3.017e-06
[train] step=9456 loss=0.261017 lr=3.016e-06
[train] step=9457 loss=0.209601 lr=3.015e-06
[train] step=9458 loss=0.309690 lr=3.015e-06
[train] step=9459 loss=0.338355 lr=3.014e-06
[train] step=9460 loss=0.411433 lr=3.013e-06
[train] step=9461 loss=0.367309 lr=3.012e-06
[train] step=9462 loss=0.254515 lr=3.011e-06
[train] step=9463 loss=0.329452 lr=3.010e-06
[train] step=9464 loss=0.332844 lr=3.009e-06
[train] step=9465 loss=0.341724 lr=3.008e-06
[train] step=9466 loss=0.276493 lr=3.007e-06
[train] step=9467 loss=0.313613 lr=3.006e-06
[train] step=9468 loss=0.296140 lr=3.005e-06
[train] step=9469 loss=0.286156 lr=3.004e-06
[train] step=9470 loss=0.381038 lr=3.003e-06
[train] step=9471 loss=0.477380 lr=3.002e-06
[train] step=9472 loss=0.363024 lr=3.001e-06
[train] step=9473 loss=0.492116 lr=3.000e-06
[train] step=9474 loss=0.181358 lr=2.999e-06
[train] step=9475 loss=0.243788 lr=2.998e-06
[train] step=9476 loss=0.221921 lr=2.997e-06
[train] step=9477 loss=0.374906 lr=2.996e-06
[train] step=9478 loss=0.228538 lr=2.995e-06
[train] step=9479 loss=0.378678 lr=2.994e-06
[train] step=9480 loss=0.334493 lr=2.993e-06
INFO     [rank 0] Model weights for step 9480 saved in       dit_trainer.py:1288
         checkpoints/model_weights_step_09480.safetensors                       
INFO     [rank 0] Scalar embedding weights for step 9480     dit_trainer.py:1297
         saved                                                                  
INFO     [rank 0] Training state saved:                      dit_trainer.py:1416
         checkpoints/model_weights_step_09480.state.pt                          
DEBUG    [rank 0] Removed old checkpoint:                    dit_trainer.py:1429
         /local/disk/hramachandran/work/wh_work/windinet/dit                    
         _outputs/lundquist/dit_cosine_kl0_15k/checkpoints/m                    
         odel_weights_step_09240.safetensors                                    
DEBUG    [rank 0] Removed old checkpoint:                    dit_trainer.py:1429
         /local/disk/hramachandran/work/wh_work/windinet/dit                    
         _outputs/lundquist/dit_cosine_kl0_15k/checkpoints/s                    
         calar_embedding_step_09240.safetensors                                 
DEBUG    [rank 0] Removed optimizer state for older kept     dit_trainer.py:1444
         checkpoint:                                                            
         /local/disk/hramachandran/work/wh_work/windinet/dit                    
         _outputs/lundquist/dit_cosine_kl0_15k/checkpoints/m                    
         odel_weights_step_09360.state.pt                                       
[epoch 79] step=9480 train_loss=0.320740
[train] step=9481 loss=0.635434 lr=2.992e-06
[train] step=9482 loss=0.305540 lr=2.992e-06
[train] step=9483 loss=0.305665 lr=2.991e-06
[train] step=9484 loss=0.297397 lr=2.990e-06
[train] step=9485 loss=0.550464 lr=2.989e-06
[train] step=9486 loss=0.251270 lr=2.988e-06
[train] step=9487 loss=0.340101 lr=2.987e-06
[train] step=9488 loss=0.198348 lr=2.986e-06
[train] step=9489 loss=0.462384 lr=2.985e-06
[train] step=9490 loss=0.508459 lr=2.984e-06
[train] step=9491 loss=0.269434 lr=2.983e-06
[train] step=9492 loss=0.243381 lr=2.982e-06
[train] step=9493 loss=0.337607 lr=2.981e-06
[train] step=9494 loss=0.424721 lr=2.980e-06
[train] step=9495 loss=0.254980 lr=2.979e-06
[train] step=9496 loss=0.473531 lr=2.978e-06
[train] step=9497 loss=0.411937 lr=2.977e-06
[train] step=9498 loss=0.310997 lr=2.976e-06
[train] step=9499 loss=0.332118 lr=2.975e-06
[train] step=9500 loss=0.345602 lr=2.974e-06
[train] step=9501 loss=0.424206 lr=2.973e-06
[train] step=9502 loss=0.378302 lr=2.972e-06
[train] step=9503 loss=0.235414 lr=2.971e-06
[train] step=9504 loss=0.203882 lr=2.970e-06
[train] step=9505 loss=0.332776 lr=2.970e-06
[train] step=9506 loss=0.535295 lr=2.969e-06
[train] step=9507 loss=0.266120 lr=2.968e-06
[train] step=9508 loss=0.290881 lr=2.967e-06
[train] step=9509 loss=0.285290 lr=2.966e-06
[train] step=9510 loss=0.280715 lr=2.965e-06
[train] step=9511 loss=0.452779 lr=2.964e-06
[train] step=9512 loss=0.213722 lr=2.963e-06
[train] step=9513 loss=0.462665 lr=2.962e-06
[train] step=9514 loss=0.381907 lr=2.961e-06
[train] step=9515 loss=0.243100 lr=2.960e-06
[train] step=9516 loss=0.466518 lr=2.959e-06
[train] step=9517 loss=0.198985 lr=2.958e-06
[train] step=9518 loss=0.229450 lr=2.957e-06
[train] step=9519 loss=0.342097 lr=2.956e-06
[train] step=9520 loss=0.256732 lr=2.955e-06
[train] step=9521 loss=0.300821 lr=2.954e-06
[train] step=9522 loss=0.279926 lr=2.953e-06
[train] step=9523 loss=0.285055 lr=2.952e-06
[train] step=9524 loss=0.293524 lr=2.951e-06
[train] step=9525 loss=0.364294 lr=2.950e-06
[train] step=9526 loss=0.379796 lr=2.949e-06
[train] step=9527 loss=0.272096 lr=2.949e-06
[train] step=9528 loss=0.240680 lr=2.948e-06
[train] step=9529 loss=0.289554 lr=2.947e-06
[train] step=9530 loss=0.372863 lr=2.946e-06
[train] step=9531 loss=0.303127 lr=2.945e-06
[train] step=9532 loss=0.252367 lr=2.944e-06
[train] step=9533 loss=0.245660 lr=2.943e-06
[train] step=9534 loss=0.322578 lr=2.942e-06
[train] step=9535 loss=0.359303 lr=2.941e-06
[train] step=9536 loss=0.389257 lr=2.940e-06
[train] step=9537 loss=0.366359 lr=2.939e-06
[train] step=9538 loss=0.215235 lr=2.938e-06
[train] step=9539 loss=0.334055 lr=2.937e-06
[train] step=9540 loss=0.328395 lr=2.936e-06
[train] step=9541 loss=0.367389 lr=2.935e-06
[train] step=9542 loss=0.471101 lr=2.934e-06
[train] step=9543 loss=0.375172 lr=2.933e-06
[train] step=9544 loss=0.475441 lr=2.932e-06
[train] step=9545 loss=0.417441 lr=2.931e-06
[train] step=9546 loss=0.234635 lr=2.930e-06
[train] step=9547 loss=0.314259 lr=2.929e-06
[train] step=9548 loss=0.348307 lr=2.929e-06
[train] step=9549 loss=0.320479 lr=2.928e-06
[train] step=9550 loss=0.368468 lr=2.927e-06
[train] step=9551 loss=0.381744 lr=2.926e-06
[train] step=9552 loss=0.238869 lr=2.925e-06
[train] step=9553 loss=0.197637 lr=2.924e-06
[train] step=9554 loss=0.274519 lr=2.923e-06
[train] step=9555 loss=0.253090 lr=2.922e-06
[train] step=9556 loss=0.314319 lr=2.921e-06
[train] step=9557 loss=0.329664 lr=2.920e-06
[train] step=9558 loss=0.276767 lr=2.919e-06
[train] step=9559 loss=0.435149 lr=2.918e-06
[train] step=9560 loss=0.200739 lr=2.917e-06
[train] step=9561 loss=0.368227 lr=2.916e-06
[train] step=9562 loss=0.326614 lr=2.915e-06
[train] step=9563 loss=0.204908 lr=2.914e-06
[train] step=9564 loss=0.288934 lr=2.913e-06
[train] step=9565 loss=0.486207 lr=2.912e-06
[train] step=9566 loss=0.385680 lr=2.911e-06
[train] step=9567 loss=0.424792 lr=2.910e-06
[train] step=9568 loss=0.409062 lr=2.910e-06
[train] step=9569 loss=0.439648 lr=2.909e-06
[train] step=9570 loss=0.298413 lr=2.908e-06
[train] step=9571 loss=0.470450 lr=2.907e-06
[train] step=9572 loss=0.340341 lr=2.906e-06
[train] step=9573 loss=0.305047 lr=2.905e-06
[train] step=9574 loss=0.267777 lr=2.904e-06
[train] step=9575 loss=0.246955 lr=2.903e-06
[train] step=9576 loss=0.472033 lr=2.902e-06
[train] step=9577 loss=0.259527 lr=2.901e-06
[train] step=9578 loss=0.374232 lr=2.900e-06
[train] step=9579 loss=0.368482 lr=2.899e-06
[train] step=9580 loss=0.419280 lr=2.898e-06
[train] step=9581 loss=0.363537 lr=2.897e-06
[train] step=9582 loss=0.255336 lr=2.896e-06
[train] step=9583 loss=0.382216 lr=2.895e-06
[train] step=9584 loss=0.322997 lr=2.894e-06
[train] step=9585 loss=0.395835 lr=2.893e-06
[train] step=9586 loss=0.295297 lr=2.892e-06
[train] step=9587 loss=0.260041 lr=2.891e-06
[train] step=9588 loss=0.335035 lr=2.891e-06
[train] step=9589 loss=0.305062 lr=2.890e-06
[train] step=9590 loss=0.329138 lr=2.889e-06
[train] step=9591 loss=0.337340 lr=2.888e-06
[train] step=9592 loss=0.402722 lr=2.887e-06
[train] step=9593 loss=0.322975 lr=2.886e-06
[train] step=9594 loss=0.419497 lr=2.885e-06
[train] step=9595 loss=0.324347 lr=2.884e-06
[train] step=9596 loss=0.255813 lr=2.883e-06
[train] step=9597 loss=0.309981 lr=2.882e-06
[train] step=9598 loss=0.369091 lr=2.881e-06
[train] step=9599 loss=0.409807 lr=2.880e-06
[train] step=9600 loss=0.359684 lr=2.879e-06
[val] step=9600 val_loss=0.381579
INFO     [rank 0] Model weights for step 9600 saved in       dit_trainer.py:1288
         checkpoints/model_weights_step_09600.safetensors                       
INFO     [rank 0] Scalar embedding weights for step 9600     dit_trainer.py:1297
         saved                                                                  
INFO     [rank 0] Training state saved:                      dit_trainer.py:1416
         checkpoints/model_weights_step_09600.state.pt                          
DEBUG    [rank 0] Removed old checkpoint:                    dit_trainer.py:1429
         /local/disk/hramachandran/work/wh_work/windinet/dit                    
         _outputs/lundquist/dit_cosine_kl0_15k/checkpoints/m                    
         odel_weights_step_09360.safetensors                                    
DEBUG    [rank 0] Removed old checkpoint:                    dit_trainer.py:1429
         /local/disk/hramachandran/work/wh_work/windinet/dit                    
         _outputs/lundquist/dit_cosine_kl0_15k/checkpoints/s                    
         calar_embedding_step_09360.safetensors                                 
DEBUG    [rank 0] Removed optimizer state for older kept     dit_trainer.py:1444
         checkpoint:                                                            
         /local/disk/hramachandran/work/wh_work/windinet/dit                    
         _outputs/lundquist/dit_cosine_kl0_15k/checkpoints/m                    
         odel_weights_step_09480.state.pt                                       
[epoch 80] step=9600 train_loss=0.336813 val_loss=0.381579
[train] step=9601 loss=0.309539 lr=2.878e-06
[train] step=9602 loss=0.367555 lr=2.877e-06
[train] step=9603 loss=0.352453 lr=2.876e-06
[train] step=9604 loss=0.323938 lr=2.875e-06
[train] step=9605 loss=0.313237 lr=2.874e-06
[train] step=9606 loss=0.354928 lr=2.874e-06
[train] step=9607 loss=0.309217 lr=2.873e-06
[train] step=9608 loss=0.333463 lr=2.872e-06
[train] step=9609 loss=0.407134 lr=2.871e-06
[train] step=9610 loss=0.339201 lr=2.870e-06
[train] step=9611 loss=0.283285 lr=2.869e-06
[train] step=9612 loss=0.471703 lr=2.868e-06
[train] step=9613 loss=0.236489 lr=2.867e-06
[train] step=9614 loss=0.315736 lr=2.866e-06
[train] step=9615 loss=0.535245 lr=2.865e-06
[train] step=9616 loss=0.374305 lr=2.864e-06
[train] step=9617 loss=0.238337 lr=2.863e-06
[train] step=9618 loss=0.271216 lr=2.862e-06
[train] step=9619 loss=0.337776 lr=2.861e-06
[train] step=9620 loss=0.275315 lr=2.860e-06
[train] step=9621 loss=0.365731 lr=2.859e-06
[train] step=9622 loss=0.238626 lr=2.858e-06
[train] step=9623 loss=0.251404 lr=2.857e-06
[train] step=9624 loss=0.330073 lr=2.856e-06
[train] step=9625 loss=0.247539 lr=2.856e-06
[train] step=9626 loss=0.249695 lr=2.855e-06
[train] step=9627 loss=0.377987 lr=2.854e-06
[train] step=9628 loss=0.283747 lr=2.853e-06
[train] step=9629 loss=0.486984 lr=2.852e-06
[train] step=9630 loss=0.376168 lr=2.851e-06
[train] step=9631 loss=0.328550 lr=2.850e-06
[train] step=9632 loss=0.387845 lr=2.849e-06
[train] step=9633 loss=0.210207 lr=2.848e-06
[train] step=9634 loss=0.334440 lr=2.847e-06
[train] step=9635 loss=0.262338 lr=2.846e-06
[train] step=9636 loss=0.323455 lr=2.845e-06
[train] step=9637 loss=0.553452 lr=2.844e-06
[train] step=9638 loss=0.236514 lr=2.843e-06
[train] step=9639 loss=0.263013 lr=2.842e-06
[train] step=9640 loss=0.268118 lr=2.841e-06
[train] step=9641 loss=0.375801 lr=2.840e-06
[train] step=9642 loss=0.387629 lr=2.840e-06
[train] step=9643 loss=0.217572 lr=2.839e-06
[train] step=9644 loss=0.296023 lr=2.838e-06
[train] step=9645 loss=0.160945 lr=2.837e-06
[train] step=9646 loss=0.278652 lr=2.836e-06
[train] step=9647 loss=0.251952 lr=2.835e-06
[train] step=9648 loss=0.259839 lr=2.834e-06
[train] step=9649 loss=0.289384 lr=2.833e-06
[train] step=9650 loss=0.454492 lr=2.832e-06
[train] step=9651 loss=0.388708 lr=2.831e-06
[train] step=9652 loss=0.605647 lr=2.830e-06
[train] step=9653 loss=0.282157 lr=2.829e-06
[train] step=9654 loss=0.479181 lr=2.828e-06
[train] step=9655 loss=0.278128 lr=2.827e-06
[train] step=9656 loss=0.295245 lr=2.826e-06
[train] step=9657 loss=0.410613 lr=2.825e-06
[train] step=9658 loss=0.530529 lr=2.824e-06
[train] step=9659 loss=0.258423 lr=2.823e-06
[train] step=9660 loss=0.441274 lr=2.823e-06
[train] step=9661 loss=0.350505 lr=2.822e-06
[train] step=9662 loss=0.310301 lr=2.821e-06
[train] step=9663 loss=0.245857 lr=2.820e-06
[train] step=9664 loss=0.345805 lr=2.819e-06
[train] step=9665 loss=0.359786 lr=2.818e-06
[train] step=9666 loss=0.344242 lr=2.817e-06
[train] step=9667 loss=0.391584 lr=2.816e-06
[train] step=9668 loss=0.328710 lr=2.815e-06
[train] step=9669 loss=0.378225 lr=2.814e-06
[train] step=9670 loss=0.338789 lr=2.813e-06
[train] step=9671 loss=0.407276 lr=2.812e-06
[train] step=9672 loss=0.304639 lr=2.811e-06
[train] step=9673 loss=0.235442 lr=2.810e-06
[train] step=9674 loss=0.327389 lr=2.809e-06
[train] step=9675 loss=0.216316 lr=2.808e-06
[train] step=9676 loss=0.226573 lr=2.808e-06
[train] step=9677 loss=0.304148 lr=2.807e-06
[train] step=9678 loss=0.334096 lr=2.806e-06
[train] step=9679 loss=0.325152 lr=2.805e-06
[train] step=9680 loss=0.379265 lr=2.804e-06
[train] step=9681 loss=0.209413 lr=2.803e-06
[train] step=9682 loss=0.316252 lr=2.802e-06
[train] step=9683 loss=0.523384 lr=2.801e-06
[train] step=9684 loss=0.516519 lr=2.800e-06
[train] step=9685 loss=0.364109 lr=2.799e-06
[train] step=9686 loss=0.355902 lr=2.798e-06
[train] step=9687 loss=0.149133 lr=2.797e-06
[train] step=9688 loss=0.335137 lr=2.796e-06
[train] step=9689 loss=0.315794 lr=2.795e-06
[train] step=9690 loss=0.211922 lr=2.794e-06
[train] step=9691 loss=0.393255 lr=2.793e-06
[train] step=9692 loss=0.364180 lr=2.792e-06
[train] step=9693 loss=0.346907 lr=2.792e-06
[train] step=9694 loss=0.364301 lr=2.791e-06
[train] step=9695 loss=0.460211 lr=2.790e-06
[train] step=9696 loss=0.341526 lr=2.789e-06
[train] step=9697 loss=0.267289 lr=2.788e-06
[train] step=9698 loss=0.369260 lr=2.787e-06
[train] step=9699 loss=0.176079 lr=2.786e-06
[train] step=9700 loss=0.344555 lr=2.785e-06
[train] step=9701 loss=0.409020 lr=2.784e-06
[train] step=9702 loss=0.308813 lr=2.783e-06
[train] step=9703 loss=0.395249 lr=2.782e-06
[train] step=9704 loss=0.252871 lr=2.781e-06
[train] step=9705 loss=0.377859 lr=2.780e-06
[train] step=9706 loss=0.460821 lr=2.779e-06
[train] step=9707 loss=0.318223 lr=2.778e-06
[train] step=9708 loss=0.372187 lr=2.777e-06
[train] step=9709 loss=0.273539 lr=2.777e-06
[train] step=9710 loss=0.244349 lr=2.776e-06
[train] step=9711 loss=0.233816 lr=2.775e-06
[train] step=9712 loss=0.276727 lr=2.774e-06
[train] step=9713 loss=0.362094 lr=2.773e-06
[train] step=9714 loss=0.340634 lr=2.772e-06
[train] step=9715 loss=0.319367 lr=2.771e-06
[train] step=9716 loss=0.340647 lr=2.770e-06
[train] step=9717 loss=0.298018 lr=2.769e-06
[train] step=9718 loss=0.323785 lr=2.768e-06
[train] step=9719 loss=0.370054 lr=2.767e-06
[train] step=9720 loss=0.350374 lr=2.766e-06
INFO     [rank 0] Model weights for step 9720 saved in       dit_trainer.py:1288
         checkpoints/model_weights_step_09720.safetensors                       
INFO     [rank 0] Scalar embedding weights for step 9720     dit_trainer.py:1297
         saved                                                                  
INFO     [rank 0] Training state saved:                      dit_trainer.py:1416
         checkpoints/model_weights_step_09720.state.pt                          
DEBUG    [rank 0] Removed old checkpoint:                    dit_trainer.py:1429
         /local/disk/hramachandran/work/wh_work/windinet/dit                    
         _outputs/lundquist/dit_cosine_kl0_15k/checkpoints/m                    
         odel_weights_step_09480.safetensors                                    
DEBUG    [rank 0] Removed old checkpoint:                    dit_trainer.py:1429
         /local/disk/hramachandran/work/wh_work/windinet/dit                    
         _outputs/lundquist/dit_cosine_kl0_15k/checkpoints/s                    
         calar_embedding_step_09480.safetensors                                 
DEBUG    [rank 0] Removed optimizer state for older kept     dit_trainer.py:1444
         checkpoint:                                                            
         /local/disk/hramachandran/work/wh_work/windinet/dit                    
         _outputs/lundquist/dit_cosine_kl0_15k/checkpoints/m                    
         odel_weights_step_09600.state.pt                                       
[epoch 81] step=9720 train_loss=0.332376
[train] step=9721 loss=0.302560 lr=2.765e-06
[train] step=9722 loss=0.366803 lr=2.764e-06
[train] step=9723 loss=0.398759 lr=2.763e-06
[train] step=9724 loss=0.349740 lr=2.763e-06
[train] step=9725 loss=0.318997 lr=2.762e-06
[train] step=9726 loss=0.297722 lr=2.761e-06
[train] step=9727 loss=0.406055 lr=2.760e-06
[train] step=9728 loss=0.226279 lr=2.759e-06
[train] step=9729 loss=0.245132 lr=2.758e-06
[train] step=9730 loss=0.169594 lr=2.757e-06
[train] step=9731 loss=0.308300 lr=2.756e-06
[train] step=9732 loss=0.311716 lr=2.755e-06
[train] step=9733 loss=0.287827 lr=2.754e-06
[train] step=9734 loss=0.387614 lr=2.753e-06
[train] step=9735 loss=0.378318 lr=2.752e-06
[train] step=9736 loss=0.289797 lr=2.751e-06
[train] step=9737 loss=0.154677 lr=2.750e-06
[train] step=9738 loss=0.266623 lr=2.749e-06
[train] step=9739 loss=0.339450 lr=2.749e-06
[train] step=9740 loss=0.320792 lr=2.748e-06
[train] step=9741 loss=0.235038 lr=2.747e-06
[train] step=9742 loss=0.349603 lr=2.746e-06
[train] step=9743 loss=0.228101 lr=2.745e-06
[train] step=9744 loss=0.404212 lr=2.744e-06
[train] step=9745 loss=0.367142 lr=2.743e-06
[train] step=9746 loss=0.379673 lr=2.742e-06
[train] step=9747 loss=0.324241 lr=2.741e-06
[train] step=9748 loss=0.234740 lr=2.740e-06
[train] step=9749 loss=0.367159 lr=2.739e-06
[train] step=9750 loss=0.354623 lr=2.738e-06
[train] step=9751 loss=0.385693 lr=2.737e-06
[train] step=9752 loss=0.411275 lr=2.736e-06
[train] step=9753 loss=0.405664 lr=2.735e-06
[train] step=9754 loss=0.320305 lr=2.735e-06
[train] step=9755 loss=0.322215 lr=2.734e-06
[train] step=9756 loss=0.195597 lr=2.733e-06
[train] step=9757 loss=0.375967 lr=2.732e-06
[train] step=9758 loss=0.341778 lr=2.731e-06
[train] step=9759 loss=0.288002 lr=2.730e-06
[train] step=9760 loss=0.208219 lr=2.729e-06
[train] step=9761 loss=0.453986 lr=2.728e-06
[train] step=9762 loss=0.375482 lr=2.727e-06
[train] step=9763 loss=0.470134 lr=2.726e-06
[train] step=9764 loss=0.345511 lr=2.725e-06
[train] step=9765 loss=0.220799 lr=2.724e-06
[train] step=9766 loss=0.356042 lr=2.723e-06
[train] step=9767 loss=0.401849 lr=2.722e-06
[train] step=9768 loss=0.334808 lr=2.721e-06
[train] step=9769 loss=0.369395 lr=2.721e-06
[train] step=9770 loss=0.311442 lr=2.720e-06
[train] step=9771 loss=0.452575 lr=2.719e-06
[train] step=9772 loss=0.324914 lr=2.718e-06
[train] step=9773 loss=0.299853 lr=2.717e-06
[train] step=9774 loss=0.365460 lr=2.716e-06
[train] step=9775 loss=0.322510 lr=2.715e-06
[train] step=9776 loss=0.239861 lr=2.714e-06
[train] step=9777 loss=0.193097 lr=2.713e-06
[train] step=9778 loss=0.455212 lr=2.712e-06
[train] step=9779 loss=0.445080 lr=2.711e-06
[train] step=9780 loss=0.169355 lr=2.710e-06
[train] step=9781 loss=0.367831 lr=2.709e-06
[train] step=9782 loss=0.354425 lr=2.708e-06
[train] step=9783 loss=0.471336 lr=2.708e-06
[train] step=9784 loss=0.341850 lr=2.707e-06
[train] step=9785 loss=0.375035 lr=2.706e-06
[train] step=9786 loss=0.346819 lr=2.705e-06
[train] step=9787 loss=0.352355 lr=2.704e-06
[train] step=9788 loss=0.405136 lr=2.703e-06
[train] step=9789 loss=0.463363 lr=2.702e-06
[train] step=9790 loss=0.331929 lr=2.701e-06
[train] step=9791 loss=0.334563 lr=2.700e-06
[train] step=9792 loss=0.324717 lr=2.699e-06
[train] step=9793 loss=0.425596 lr=2.698e-06
[train] step=9794 loss=0.342097 lr=2.697e-06
[train] step=9795 loss=0.270741 lr=2.696e-06
[train] step=9796 loss=0.333288 lr=2.695e-06
[train] step=9797 loss=0.276385 lr=2.695e-06
[train] step=9798 loss=0.187012 lr=2.694e-06
[train] step=9799 loss=0.288822 lr=2.693e-06
[train] step=9800 loss=0.430582 lr=2.692e-06
[train] step=9801 loss=0.365772 lr=2.691e-06
[train] step=9802 loss=0.412071 lr=2.690e-06
[train] step=9803 loss=0.256460 lr=2.689e-06
[train] step=9804 loss=0.492629 lr=2.688e-06
[train] step=9805 loss=0.262682 lr=2.687e-06
[train] step=9806 loss=0.318418 lr=2.686e-06
[train] step=9807 loss=0.363787 lr=2.685e-06
[train] step=9808 loss=0.321434 lr=2.684e-06
[train] step=9809 loss=0.396776 lr=2.683e-06
[train] step=9810 loss=0.271174 lr=2.682e-06
[train] step=9811 loss=0.257620 lr=2.682e-06
[train] step=9812 loss=0.287431 lr=2.681e-06
[train] step=9813 loss=0.326925 lr=2.680e-06
[train] step=9814 loss=0.330786 lr=2.679e-06
[train] step=9815 loss=0.298729 lr=2.678e-06
[train] step=9816 loss=0.272513 lr=2.677e-06
[train] step=9817 loss=0.362584 lr=2.676e-06
[train] step=9818 loss=0.323561 lr=2.675e-06
[train] step=9819 loss=0.227580 lr=2.674e-06
[train] step=9820 loss=0.366868 lr=2.673e-06
[train] step=9821 loss=0.596029 lr=2.672e-06
[train] step=9822 loss=0.297653 lr=2.671e-06
[train] step=9823 loss=0.213847 lr=2.670e-06
[train] step=9824 loss=0.217006 lr=2.670e-06
[train] step=9825 loss=0.358871 lr=2.669e-06
[train] step=9826 loss=0.394136 lr=2.668e-06
[train] step=9827 loss=0.248362 lr=2.667e-06
[train] step=9828 loss=0.239791 lr=2.666e-06
[train] step=9829 loss=0.290406 lr=2.665e-06
[train] step=9830 loss=0.297530 lr=2.664e-06
[train] step=9831 loss=0.282874 lr=2.663e-06
[train] step=9832 loss=0.319255 lr=2.662e-06
[train] step=9833 loss=0.314986 lr=2.661e-06
[train] step=9834 loss=0.394105 lr=2.660e-06
[train] step=9835 loss=0.298478 lr=2.659e-06
[train] step=9836 loss=0.234988 lr=2.658e-06
[train] step=9837 loss=0.374310 lr=2.658e-06
[train] step=9838 loss=0.374382 lr=2.657e-06
[train] step=9839 loss=0.255449 lr=2.656e-06
[train] step=9840 loss=0.192770 lr=2.655e-06
INFO     [rank 0] Model weights for step 9840 saved in       dit_trainer.py:1288
         checkpoints/model_weights_step_09840.safetensors                       
INFO     [rank 0] Scalar embedding weights for step 9840     dit_trainer.py:1297
         saved                                                                  
INFO     [rank 0] Training state saved:                      dit_trainer.py:1416
         checkpoints/model_weights_step_09840.state.pt                          
DEBUG    [rank 0] Removed old checkpoint:                    dit_trainer.py:1429
         /local/disk/hramachandran/work/wh_work/windinet/dit                    
         _outputs/lundquist/dit_cosine_kl0_15k/checkpoints/m                    
         odel_weights_step_09600.safetensors                                    
DEBUG    [rank 0] Removed old checkpoint:                    dit_trainer.py:1429
         /local/disk/hramachandran/work/wh_work/windinet/dit                    
         _outputs/lundquist/dit_cosine_kl0_15k/checkpoints/s                    
         calar_embedding_step_09600.safetensors                                 
DEBUG    [rank 0] Removed optimizer state for older kept     dit_trainer.py:1444
         checkpoint:                                                            
         /local/disk/hramachandran/work/wh_work/windinet/dit                    
         _outputs/lundquist/dit_cosine_kl0_15k/checkpoints/m                    
         odel_weights_step_09720.state.pt                                       
[epoch 82] step=9840 train_loss=0.328549
[train] step=9841 loss=0.287646 lr=2.654e-06
[train] step=9842 loss=0.212882 lr=2.653e-06
[train] step=9843 loss=0.246206 lr=2.652e-06
[train] step=9844 loss=0.421882 lr=2.651e-06
[train] step=9845 loss=0.220369 lr=2.650e-06
[train] step=9846 loss=0.388221 lr=2.649e-06
[train] step=9847 loss=0.351944 lr=2.648e-06
[train] step=9848 loss=0.296133 lr=2.647e-06
[train] step=9849 loss=0.262582 lr=2.646e-06
[train] step=9850 loss=0.200145 lr=2.646e-06
[train] step=9851 loss=0.228223 lr=2.645e-06
[train] step=9852 loss=0.366176 lr=2.644e-06
[train] step=9853 loss=0.279153 lr=2.643e-06
[train] step=9854 loss=0.215304 lr=2.642e-06
[train] step=9855 loss=0.357181 lr=2.641e-06
[train] step=9856 loss=0.248434 lr=2.640e-06
[train] step=9857 loss=0.315385 lr=2.639e-06
[train] step=9858 loss=0.247482 lr=2.638e-06
[train] step=9859 loss=0.449000 lr=2.637e-06
[train] step=9860 loss=0.405774 lr=2.636e-06
[train] step=9861 loss=0.285208 lr=2.635e-06
[train] step=9862 loss=0.272395 lr=2.634e-06
[train] step=9863 loss=0.383972 lr=2.634e-06
[train] step=9864 loss=0.255060 lr=2.633e-06
[train] step=9865 loss=0.242820 lr=2.632e-06
[train] step=9866 loss=0.309572 lr=2.631e-06
[train] step=9867 loss=0.299664 lr=2.630e-06
[train] step=9868 loss=0.346632 lr=2.629e-06
[train] step=9869 loss=0.317982 lr=2.628e-06
[train] step=9870 loss=0.453019 lr=2.627e-06
[train] step=9871 loss=0.495135 lr=2.626e-06
[train] step=9872 loss=0.347483 lr=2.625e-06
[train] step=9873 loss=0.286110 lr=2.624e-06
[train] step=9874 loss=0.334921 lr=2.623e-06
[train] step=9875 loss=0.273135 lr=2.623e-06
[train] step=9876 loss=0.212213 lr=2.622e-06
[train] step=9877 loss=0.303048 lr=2.621e-06
[train] step=9878 loss=0.345144 lr=2.620e-06
[train] step=9879 loss=0.218578 lr=2.619e-06
[train] step=9880 loss=0.439880 lr=2.618e-06
[train] step=9881 loss=0.401238 lr=2.617e-06
[train] step=9882 loss=0.297522 lr=2.616e-06
[train] step=9883 loss=0.297891 lr=2.615e-06
[train] step=9884 loss=0.353087 lr=2.614e-06
[train] step=9885 loss=0.236562 lr=2.613e-06
[train] step=9886 loss=0.355318 lr=2.612e-06
[train] step=9887 loss=0.368544 lr=2.611e-06
[train] step=9888 loss=0.305355 lr=2.611e-06
[train] step=9889 loss=0.216298 lr=2.610e-06
[train] step=9890 loss=0.272388 lr=2.609e-06
[train] step=9891 loss=0.376423 lr=2.608e-06
[train] step=9892 loss=0.395922 lr=2.607e-06
[train] step=9893 loss=0.325774 lr=2.606e-06
[train] step=9894 loss=0.229876 lr=2.605e-06
[train] step=9895 loss=0.262925 lr=2.604e-06
[train] step=9896 loss=0.270787 lr=2.603e-06
[train] step=9897 loss=0.228536 lr=2.602e-06
[train] step=9898 loss=0.319430 lr=2.601e-06
[train] step=9899 loss=0.240766 lr=2.600e-06
[train] step=9900 loss=0.405825 lr=2.600e-06
[train] step=9901 loss=0.424468 lr=2.599e-06
[train] step=9902 loss=0.419744 lr=2.598e-06
[train] step=9903 loss=0.250835 lr=2.597e-06
[train] step=9904 loss=0.257668 lr=2.596e-06
[train] step=9905 loss=0.348376 lr=2.595e-06
[train] step=9906 loss=0.357184 lr=2.594e-06
[train] step=9907 loss=0.286645 lr=2.593e-06
[train] step=9908 loss=0.356848 lr=2.592e-06
[train] step=9909 loss=0.362603 lr=2.591e-06
[train] step=9910 loss=0.250590 lr=2.590e-06
[train] step=9911 loss=0.442021 lr=2.589e-06
[train] step=9912 loss=0.464923 lr=2.589e-06
[train] step=9913 loss=0.337213 lr=2.588e-06
[train] step=9914 loss=0.312811 lr=2.587e-06
[train] step=9915 loss=0.335459 lr=2.586e-06
[train] step=9916 loss=0.401103 lr=2.585e-06
[train] step=9917 loss=0.311684 lr=2.584e-06
[train] step=9918 loss=0.297092 lr=2.583e-06
[train] step=9919 loss=0.373044 lr=2.582e-06
[train] step=9920 loss=0.349232 lr=2.581e-06
[train] step=9921 loss=0.486585 lr=2.580e-06
[train] step=9922 loss=0.488119 lr=2.579e-06
[train] step=9923 loss=0.431094 lr=2.578e-06
[train] step=9924 loss=0.358225 lr=2.578e-06
[train] step=9925 loss=0.342469 lr=2.577e-06
[train] step=9926 loss=0.349867 lr=2.576e-06
[train] step=9927 loss=0.330433 lr=2.575e-06
[train] step=9928 loss=0.253986 lr=2.574e-06
[train] step=9929 loss=0.235271 lr=2.573e-06
[train] step=9930 loss=0.239117 lr=2.572e-06
[train] step=9931 loss=0.395524 lr=2.571e-06
[train] step=9932 loss=0.377251 lr=2.570e-06
[train] step=9933 loss=0.280536 lr=2.569e-06
[train] step=9934 loss=0.207282 lr=2.568e-06
[train] step=9935 loss=0.373837 lr=2.568e-06
[train] step=9936 loss=0.321233 lr=2.567e-06
[train] step=9937 loss=0.218203 lr=2.566e-06
[train] step=9938 loss=0.402779 lr=2.565e-06
[train] step=9939 loss=0.346121 lr=2.564e-06
[train] step=9940 loss=0.353619 lr=2.563e-06
[train] step=9941 loss=0.305029 lr=2.562e-06
[train] step=9942 loss=0.429187 lr=2.561e-06
[train] step=9943 loss=0.344298 lr=2.560e-06
[train] step=9944 loss=0.185489 lr=2.559e-06
[train] step=9945 loss=0.411978 lr=2.558e-06
[train] step=9946 loss=0.339832 lr=2.557e-06
[train] step=9947 loss=0.259462 lr=2.557e-06
[train] step=9948 loss=0.373273 lr=2.556e-06
[train] step=9949 loss=0.274554 lr=2.555e-06
[train] step=9950 loss=0.277788 lr=2.554e-06
[train] step=9951 loss=0.225929 lr=2.553e-06
[train] step=9952 loss=0.239047 lr=2.552e-06
[train] step=9953 loss=0.277509 lr=2.551e-06
[train] step=9954 loss=0.262561 lr=2.550e-06
[train] step=9955 loss=0.376025 lr=2.549e-06
[train] step=9956 loss=0.352236 lr=2.548e-06
[train] step=9957 loss=0.364977 lr=2.547e-06
[train] step=9958 loss=0.275191 lr=2.547e-06
[train] step=9959 loss=0.146754 lr=2.546e-06
[train] step=9960 loss=0.204691 lr=2.545e-06
INFO     [rank 0] Model weights for step 9960 saved in       dit_trainer.py:1288
         checkpoints/model_weights_step_09960.safetensors                       
INFO     [rank 0] Scalar embedding weights for step 9960     dit_trainer.py:1297
         saved                                                                  
INFO     [rank 0] Training state saved:                      dit_trainer.py:1416
         checkpoints/model_weights_step_09960.state.pt                          
DEBUG    [rank 0] Removed old checkpoint:                    dit_trainer.py:1429
         /local/disk/hramachandran/work/wh_work/windinet/dit                    
         _outputs/lundquist/dit_cosine_kl0_15k/checkpoints/m                    
         odel_weights_step_09720.safetensors                                    
DEBUG    [rank 0] Removed old checkpoint:                    dit_trainer.py:1429
         /local/disk/hramachandran/work/wh_work/windinet/dit                    
         _outputs/lundquist/dit_cosine_kl0_15k/checkpoints/s                    
         calar_embedding_step_09720.safetensors                                 
DEBUG    [rank 0] Removed optimizer state for older kept     dit_trainer.py:1444
         checkpoint:                                                            
         /local/disk/hramachandran/work/wh_work/windinet/dit                    
         _outputs/lundquist/dit_cosine_kl0_15k/checkpoints/m                    
         odel_weights_step_09840.state.pt                                       
[epoch 83] step=9960 train_loss=0.318563
[train] step=9961 loss=0.361362 lr=2.544e-06
[train] step=9962 loss=0.311986 lr=2.543e-06
[train] step=9963 loss=0.244033 lr=2.542e-06
[train] step=9964 loss=0.427877 lr=2.541e-06
[train] step=9965 loss=0.458069 lr=2.540e-06
[train] step=9966 loss=0.496436 lr=2.539e-06
[train] step=9967 loss=0.332396 lr=2.538e-06
[train] step=9968 loss=0.306176 lr=2.537e-06
[train] step=9969 loss=0.261400 lr=2.537e-06
[train] step=9970 loss=0.353488 lr=2.536e-06
[train] step=9971 loss=0.389904 lr=2.535e-06
[train] step=9972 loss=0.352556 lr=2.534e-06
[train] step=9973 loss=0.211794 lr=2.533e-06
[train] step=9974 loss=0.298738 lr=2.532e-06
[train] step=9975 loss=0.415835 lr=2.531e-06
[train] step=9976 loss=0.298161 lr=2.530e-06
[train] step=9977 loss=0.325860 lr=2.529e-06
[train] step=9978 loss=0.241430 lr=2.528e-06
[train] step=9979 loss=0.328905 lr=2.527e-06
[train] step=9980 loss=0.204888 lr=2.527e-06
[train] step=9981 loss=0.233015 lr=2.526e-06
[train] step=9982 loss=0.386763 lr=2.525e-06
[train] step=9983 loss=0.305506 lr=2.524e-06
[train] step=9984 loss=0.344495 lr=2.523e-06
[train] step=9985 loss=0.407576 lr=2.522e-06
[train] step=9986 loss=0.182226 lr=2.521e-06
[train] step=9987 loss=0.390393 lr=2.520e-06
[train] step=9988 loss=0.187541 lr=2.519e-06
[train] step=9989 loss=0.366979 lr=2.518e-06
[train] step=9990 loss=0.310550 lr=2.517e-06
[train] step=9991 loss=0.480992 lr=2.517e-06
[train] step=9992 loss=0.225181 lr=2.516e-06
[train] step=9993 loss=0.382637 lr=2.515e-06
[train] step=9994 loss=0.242692 lr=2.514e-06
[train] step=9995 loss=0.290380 lr=2.513e-06
[train] step=9996 loss=0.357000 lr=2.512e-06
[train] step=9997 loss=0.377384 lr=2.511e-06
[train] step=9998 loss=0.403485 lr=2.510e-06
[train] step=9999 loss=0.388031 lr=2.509e-06
[train] step=10000 loss=0.370571 lr=2.508e-06
INFO     [rank 0] Saved DiT visualization panels for    dit_visualization.py:418
         step 10000 (3 samples x 4 frames);                                     
         latent_vrmse=0.61248 pixel_vrmse=0.41589 ->                            
         /local/disk/hramachandran/work/wh_work/windine                         
         t/dit_outputs/lundquist/dit_cosine_kl0_15k/dit                         
         _vrmse_metrics.csv,                                                    
         /local/disk/hramachandran/work/wh_work/windine                         
         t/dit_outputs/lundquist/dit_cosine_kl0_15k/dit                         
         _vrmse_curve.png                                                       
[train] step=10001 loss=0.471855 lr=2.507e-06
[train] step=10002 loss=0.226370 lr=2.507e-06
[train] step=10003 loss=0.283831 lr=2.506e-06
[train] step=10004 loss=0.258584 lr=2.505e-06
[train] step=10005 loss=0.370962 lr=2.504e-06
[train] step=10006 loss=0.284413 lr=2.503e-06
[train] step=10007 loss=0.281362 lr=2.502e-06
[train] step=10008 loss=0.476042 lr=2.501e-06
[train] step=10009 loss=0.323781 lr=2.500e-06
[train] step=10010 loss=0.294754 lr=2.499e-06
[train] step=10011 loss=0.280468 lr=2.498e-06
[train] step=10012 loss=0.326034 lr=2.498e-06
[train] step=10013 loss=0.338458 lr=2.497e-06
[train] step=10014 loss=0.327031 lr=2.496e-06
[train] step=10015 loss=0.260333 lr=2.495e-06
[train] step=10016 loss=0.273706 lr=2.494e-06
[train] step=10017 loss=0.410201 lr=2.493e-06
[train] step=10018 loss=0.429371 lr=2.492e-06
[train] step=10019 loss=0.194588 lr=2.491e-06
[train] step=10020 loss=0.305997 lr=2.490e-06
[train] step=10021 loss=0.272164 lr=2.489e-06
[train] step=10022 loss=0.387060 lr=2.488e-06
[train] step=10023 loss=0.260468 lr=2.488e-06
[train] step=10024 loss=0.391187 lr=2.487e-06
[train] step=10025 loss=0.287943 lr=2.486e-06
[train] step=10026 loss=0.350960 lr=2.485e-06
[train] step=10027 loss=0.472408 lr=2.484e-06
[train] step=10028 loss=0.296308 lr=2.483e-06
[train] step=10029 loss=0.394282 lr=2.482e-06
[train] step=10030 loss=0.282389 lr=2.481e-06
[train] step=10031 loss=0.395475 lr=2.480e-06
[train] step=10032 loss=0.379150 lr=2.479e-06
[train] step=10033 loss=0.295749 lr=2.479e-06
[train] step=10034 loss=0.229744 lr=2.478e-06
[train] step=10035 loss=0.223504 lr=2.477e-06
[train] step=10036 loss=0.293459 lr=2.476e-06
[train] step=10037 loss=0.338893 lr=2.475e-06
[train] step=10038 loss=0.318358 lr=2.474e-06
[train] step=10039 loss=0.277646 lr=2.473e-06
[train] step=10040 loss=0.293407 lr=2.472e-06
[train] step=10041 loss=0.295267 lr=2.471e-06
[train] step=10042 loss=0.287300 lr=2.470e-06
[train] step=10043 loss=0.225122 lr=2.470e-06
[train] step=10044 loss=0.248457 lr=2.469e-06
[train] step=10045 loss=0.367621 lr=2.468e-06
[train] step=10046 loss=0.284833 lr=2.467e-06
[train] step=10047 loss=0.290573 lr=2.466e-06
[train] step=10048 loss=0.264392 lr=2.465e-06
[train] step=10049 loss=0.325652 lr=2.464e-06
[train] step=10050 loss=0.375227 lr=2.463e-06
[train] step=10051 loss=0.309412 lr=2.462e-06
[train] step=10052 loss=0.316812 lr=2.461e-06
[train] step=10053 loss=0.492437 lr=2.461e-06
[train] step=10054 loss=0.356660 lr=2.460e-06
[train] step=10055 loss=0.224307 lr=2.459e-06
[train] step=10056 loss=0.291715 lr=2.458e-06
[train] step=10057 loss=0.351713 lr=2.457e-06
[train] step=10058 loss=0.314905 lr=2.456e-06
[train] step=10059 loss=0.358802 lr=2.455e-06
[train] step=10060 loss=0.304126 lr=2.454e-06
[train] step=10061 loss=0.214001 lr=2.453e-06
[train] step=10062 loss=0.582753 lr=2.452e-06
[train] step=10063 loss=0.372953 lr=2.452e-06
[train] step=10064 loss=0.451672 lr=2.451e-06
[train] step=10065 loss=0.454147 lr=2.450e-06
[train] step=10066 loss=0.379921 lr=2.449e-06
[train] step=10067 loss=0.360584 lr=2.448e-06
[train] step=10068 loss=0.501742 lr=2.447e-06
[train] step=10069 loss=0.297381 lr=2.446e-06
[train] step=10070 loss=0.364329 lr=2.445e-06
[train] step=10071 loss=0.261269 lr=2.444e-06
[train] step=10072 loss=0.361409 lr=2.443e-06
[train] step=10073 loss=0.293591 lr=2.443e-06
[train] step=10074 loss=0.260520 lr=2.442e-06
[train] step=10075 loss=0.404705 lr=2.441e-06
[train] step=10076 loss=0.299091 lr=2.440e-06
[train] step=10077 loss=0.449419 lr=2.439e-06
[train] step=10078 loss=0.246626 lr=2.438e-06
[train] step=10079 loss=0.413127 lr=2.437e-06
[train] step=10080 loss=0.338599 lr=2.436e-06
INFO     [rank 0] Model weights for step 10080 saved in      dit_trainer.py:1288
         checkpoints/model_weights_step_10080.safetensors                       
INFO     [rank 0] Scalar embedding weights for step 10080    dit_trainer.py:1297
         saved                                                                  
INFO     [rank 0] Training state saved:                      dit_trainer.py:1416
         checkpoints/model_weights_step_10080.state.pt                          
DEBUG    [rank 0] Removed old checkpoint:                    dit_trainer.py:1429
         /local/disk/hramachandran/work/wh_work/windinet/dit                    
         _outputs/lundquist/dit_cosine_kl0_15k/checkpoints/m                    
         odel_weights_step_09840.safetensors                                    
DEBUG    [rank 0] Removed old checkpoint:                    dit_trainer.py:1429
         /local/disk/hramachandran/work/wh_work/windinet/dit                    
         _outputs/lundquist/dit_cosine_kl0_15k/checkpoints/s                    
         calar_embedding_step_09840.safetensors                                 
DEBUG    [rank 0] Removed optimizer state for older kept     dit_trainer.py:1444
         checkpoint:                                                            
         /local/disk/hramachandran/work/wh_work/windinet/dit                    
         _outputs/lundquist/dit_cosine_kl0_15k/checkpoints/m                    
         odel_weights_step_09960.state.pt                                       
[epoch 84] step=10080 train_loss=0.329772
[train] step=10081 loss=0.430463 lr=2.435e-06
[train] step=10082 loss=0.254277 lr=2.434e-06
[train] step=10083 loss=0.276489 lr=2.434e-06
[train] step=10084 loss=0.356633 lr=2.433e-06
[train] step=10085 loss=0.291390 lr=2.432e-06
[train] step=10086 loss=0.326806 lr=2.431e-06
[train] step=10087 loss=0.300561 lr=2.430e-06
[train] step=10088 loss=0.260520 lr=2.429e-06
[train] step=10089 loss=0.248480 lr=2.428e-06
[train] step=10090 loss=0.268823 lr=2.427e-06
[train] step=10091 loss=0.408075 lr=2.426e-06
[train] step=10092 loss=0.378554 lr=2.426e-06
[train] step=10093 loss=0.464805 lr=2.425e-06
[train] step=10094 loss=0.296891 lr=2.424e-06
[train] step=10095 loss=0.286267 lr=2.423e-06
[train] step=10096 loss=0.269210 lr=2.422e-06
[train] step=10097 loss=0.388988 lr=2.421e-06
[train] step=10098 loss=0.414936 lr=2.420e-06
[train] step=10099 loss=0.243856 lr=2.419e-06
[train] step=10100 loss=0.323500 lr=2.418e-06
[train] step=10101 loss=0.392247 lr=2.417e-06
[train] step=10102 loss=0.422902 lr=2.417e-06
[train] step=10103 loss=0.426426 lr=2.416e-06
[train] step=10104 loss=0.357553 lr=2.415e-06
[train] step=10105 loss=0.403676 lr=2.414e-06
[train] step=10106 loss=0.424483 lr=2.413e-06
[train] step=10107 loss=0.420349 lr=2.412e-06
[train] step=10108 loss=0.142798 lr=2.411e-06
[train] step=10109 loss=0.312883 lr=2.410e-06
[train] step=10110 loss=0.287745 lr=2.409e-06
[train] step=10111 loss=0.339447 lr=2.409e-06
[train] step=10112 loss=0.258204 lr=2.408e-06
[train] step=10113 loss=0.411413 lr=2.407e-06
[train] step=10114 loss=0.450789 lr=2.406e-06
[train] step=10115 loss=0.214811 lr=2.405e-06
[train] step=10116 loss=0.313100 lr=2.404e-06
[train] step=10117 loss=0.297371 lr=2.403e-06
[train] step=10118 loss=0.311057 lr=2.402e-06
[train] step=10119 loss=0.195177 lr=2.401e-06
[train] step=10120 loss=0.430605 lr=2.400e-06
[train] step=10121 loss=0.300412 lr=2.400e-06
[train] step=10122 loss=0.382302 lr=2.399e-06
[train] step=10123 loss=0.338812 lr=2.398e-06
[train] step=10124 loss=0.192169 lr=2.397e-06
[train] step=10125 loss=0.350536 lr=2.396e-06
[train] step=10126 loss=0.284132 lr=2.395e-06
[train] step=10127 loss=0.413858 lr=2.394e-06
[train] step=10128 loss=0.426157 lr=2.393e-06
[train] step=10129 loss=0.184209 lr=2.392e-06
[train] step=10130 loss=0.403988 lr=2.392e-06
[train] step=10131 loss=0.307600 lr=2.391e-06
[train] step=10132 loss=0.292790 lr=2.390e-06
[train] step=10133 loss=0.592666 lr=2.389e-06
[train] step=10134 loss=0.326237 lr=2.388e-06
[train] step=10135 loss=0.308504 lr=2.387e-06
[train] step=10136 loss=0.405617 lr=2.386e-06
[train] step=10137 loss=0.374659 lr=2.385e-06
[train] step=10138 loss=0.185242 lr=2.384e-06
[train] step=10139 loss=0.340489 lr=2.384e-06
[train] step=10140 loss=0.342886 lr=2.383e-06
[train] step=10141 loss=0.218254 lr=2.382e-06
[train] step=10142 loss=0.317441 lr=2.381e-06
[train] step=10143 loss=0.276882 lr=2.380e-06
[train] step=10144 loss=0.488898 lr=2.379e-06
[train] step=10145 loss=0.219799 lr=2.378e-06
[train] step=10146 loss=0.327204 lr=2.377e-06
[train] step=10147 loss=0.420662 lr=2.376e-06
[train] step=10148 loss=0.304073 lr=2.376e-06
[train] step=10149 loss=0.347862 lr=2.375e-06
[train] step=10150 loss=0.376473 lr=2.374e-06
[train] step=10151 loss=0.236854 lr=2.373e-06
[train] step=10152 loss=0.260565 lr=2.372e-06
[train] step=10153 loss=0.409768 lr=2.371e-06
[train] step=10154 loss=0.499818 lr=2.370e-06
[train] step=10155 loss=0.279729 lr=2.369e-06
[train] step=10156 loss=0.382133 lr=2.368e-06
[train] step=10157 loss=0.414495 lr=2.368e-06
[train] step=10158 loss=0.227816 lr=2.367e-06
[train] step=10159 loss=0.273912 lr=2.366e-06
[train] step=10160 loss=0.298973 lr=2.365e-06
[train] step=10161 loss=0.250725 lr=2.364e-06
[train] step=10162 loss=0.271479 lr=2.363e-06
[train] step=10163 loss=0.279071 lr=2.362e-06
[train] step=10164 loss=0.339234 lr=2.361e-06
[train] step=10165 loss=0.405983 lr=2.360e-06
[train] step=10166 loss=0.183802 lr=2.360e-06
[train] step=10167 loss=0.299775 lr=2.359e-06
[train] step=10168 loss=0.273031 lr=2.358e-06
[train] step=10169 loss=0.379688 lr=2.357e-06
[train] step=10170 loss=0.314270 lr=2.356e-06
[train] step=10171 loss=0.303458 lr=2.355e-06
[train] step=10172 loss=0.376404 lr=2.354e-06
[train] step=10173 loss=0.252163 lr=2.353e-06
[train] step=10174 loss=0.363393 lr=2.352e-06
[train] step=10175 loss=0.314237 lr=2.352e-06
[train] step=10176 loss=0.271241 lr=2.351e-06
[train] step=10177 loss=0.358374 lr=2.350e-06
[train] step=10178 loss=0.267265 lr=2.349e-06
[train] step=10179 loss=0.424165 lr=2.348e-06
[train] step=10180 loss=0.307598 lr=2.347e-06
[train] step=10181 loss=0.430113 lr=2.346e-06
[train] step=10182 loss=0.342762 lr=2.345e-06
[train] step=10183 loss=0.300098 lr=2.344e-06
[train] step=10184 loss=0.360813 lr=2.344e-06
[train] step=10185 loss=0.404781 lr=2.343e-06
[train] step=10186 loss=0.355475 lr=2.342e-06
[train] step=10187 loss=0.520296 lr=2.341e-06
[train] step=10188 loss=0.248209 lr=2.340e-06
[train] step=10189 loss=0.289811 lr=2.339e-06
[train] step=10190 loss=0.387835 lr=2.338e-06
[train] step=10191 loss=0.257924 lr=2.337e-06
[train] step=10192 loss=0.405855 lr=2.336e-06
[train] step=10193 loss=0.231026 lr=2.336e-06
[train] step=10194 loss=0.347701 lr=2.335e-06
[train] step=10195 loss=0.296748 lr=2.334e-06
[train] step=10196 loss=0.415484 lr=2.333e-06
[train] step=10197 loss=0.278930 lr=2.332e-06
[train] step=10198 loss=0.443548 lr=2.331e-06
[train] step=10199 loss=0.268735 lr=2.330e-06
[train] step=10200 loss=0.375918 lr=2.329e-06
[val] step=10200 val_loss=0.380917
INFO     [rank 0] Model weights for step 10200 saved in      dit_trainer.py:1288
         checkpoints/model_weights_step_10200.safetensors                       
INFO     [rank 0] Scalar embedding weights for step 10200    dit_trainer.py:1297
         saved                                                                  
INFO     [rank 0] Training state saved:                      dit_trainer.py:1416
         checkpoints/model_weights_step_10200.state.pt                          
INFO     [rank 0] New best checkpoint (step 10200,           dit_trainer.py:1320
         val_loss=0.380917):                                                    
         checkpoints/model_weights_best.safetensors                             
DEBUG    [rank 0] Removed old checkpoint:                    dit_trainer.py:1429
         /local/disk/hramachandran/work/wh_work/windinet/dit                    
         _outputs/lundquist/dit_cosine_kl0_15k/checkpoints/m                    
         odel_weights_step_09960.safetensors                                    
DEBUG    [rank 0] Removed old checkpoint:                    dit_trainer.py:1429
         /local/disk/hramachandran/work/wh_work/windinet/dit                    
         _outputs/lundquist/dit_cosine_kl0_15k/checkpoints/s                    
         calar_embedding_step_09960.safetensors                                 
DEBUG    [rank 0] Removed optimizer state for older kept     dit_trainer.py:1444
         checkpoint:                                                            
         /local/disk/hramachandran/work/wh_work/windinet/dit                    
         _outputs/lundquist/dit_cosine_kl0_15k/checkpoints/m                    
         odel_weights_step_10080.state.pt                                       
[epoch 85] step=10200 train_loss=0.331646 val_loss=0.380917
[train] step=10201 loss=0.373796 lr=2.329e-06
[train] step=10202 loss=0.439612 lr=2.328e-06
[train] step=10203 loss=0.273459 lr=2.327e-06
[train] step=10204 loss=0.462609 lr=2.326e-06
[train] step=10205 loss=0.361053 lr=2.325e-06
[train] step=10206 loss=0.287612 lr=2.324e-06
[train] step=10207 loss=0.332703 lr=2.323e-06
[train] step=10208 loss=0.288286 lr=2.322e-06
[train] step=10209 loss=0.423933 lr=2.321e-06
[train] step=10210 loss=0.235293 lr=2.321e-06
[train] step=10211 loss=0.429824 lr=2.320e-06
[train] step=10212 loss=0.268243 lr=2.319e-06
[train] step=10213 loss=0.298911 lr=2.318e-06
[train] step=10214 loss=0.388078 lr=2.317e-06
[train] step=10215 loss=0.290128 lr=2.316e-06
[train] step=10216 loss=0.286229 lr=2.315e-06
[train] step=10217 loss=0.430595 lr=2.314e-06
[train] step=10218 loss=0.245036 lr=2.314e-06
[train] step=10219 loss=0.333350 lr=2.313e-06
[train] step=10220 loss=0.267174 lr=2.312e-06
[train] step=10221 loss=0.270614 lr=2.311e-06
[train] step=10222 loss=0.339756 lr=2.310e-06
[train] step=10223 loss=0.210044 lr=2.309e-06
[train] step=10224 loss=0.339245 lr=2.308e-06
[train] step=10225 loss=0.394424 lr=2.307e-06
[train] step=10226 loss=0.295484 lr=2.306e-06
[train] step=10227 loss=0.360298 lr=2.306e-06
[train] step=10228 loss=0.364752 lr=2.305e-06
[train] step=10229 loss=0.314628 lr=2.304e-06
[train] step=10230 loss=0.243900 lr=2.303e-06
[train] step=10231 loss=0.300643 lr=2.302e-06
[train] step=10232 loss=0.334860 lr=2.301e-06
[train] step=10233 loss=0.294509 lr=2.300e-06
[train] step=10234 loss=0.330849 lr=2.299e-06
[train] step=10235 loss=0.420623 lr=2.299e-06
[train] step=10236 loss=0.340490 lr=2.298e-06
[train] step=10237 loss=0.252436 lr=2.297e-06
[train] step=10238 loss=0.400137 lr=2.296e-06
[train] step=10239 loss=0.431277 lr=2.295e-06
[train] step=10240 loss=0.241947 lr=2.294e-06
[train] step=10241 loss=0.262033 lr=2.293e-06
[train] step=10242 loss=0.369156 lr=2.292e-06
[train] step=10243 loss=0.359769 lr=2.292e-06
[train] step=10244 loss=0.357831 lr=2.291e-06
[train] step=10245 loss=0.481047 lr=2.290e-06
[train] step=10246 loss=0.388082 lr=2.289e-06
[train] step=10247 loss=0.395913 lr=2.288e-06
[train] step=10248 loss=0.372865 lr=2.287e-06
[train] step=10249 loss=0.174835 lr=2.286e-06
[train] step=10250 loss=0.354148 lr=2.285e-06
[train] step=10251 loss=0.305103 lr=2.285e-06
[train] step=10252 loss=0.393667 lr=2.284e-06
[train] step=10253 loss=0.212711 lr=2.283e-06
[train] step=10254 loss=0.402604 lr=2.282e-06
[train] step=10255 loss=0.265870 lr=2.281e-06
[train] step=10256 loss=0.297162 lr=2.280e-06
[train] step=10257 loss=0.432466 lr=2.279e-06
[train] step=10258 loss=0.312846 lr=2.278e-06
[train] step=10259 loss=0.177086 lr=2.278e-06
[train] step=10260 loss=0.400412 lr=2.277e-06
[train] step=10261 loss=0.213077 lr=2.276e-06
[train] step=10262 loss=0.364868 lr=2.275e-06
[train] step=10263 loss=0.297138 lr=2.274e-06
[train] step=10264 loss=0.157467 lr=2.273e-06
[train] step=10265 loss=0.263632 lr=2.272e-06
[train] step=10266 loss=0.160105 lr=2.271e-06
[train] step=10267 loss=0.281104 lr=2.271e-06
[train] step=10268 loss=0.442364 lr=2.270e-06
[train] step=10269 loss=0.326274 lr=2.269e-06
[train] step=10270 loss=0.205069 lr=2.268e-06
[train] step=10271 loss=0.437220 lr=2.267e-06
[train] step=10272 loss=0.262725 lr=2.266e-06
[train] step=10273 loss=0.297703 lr=2.265e-06
[train] step=10274 loss=0.349467 lr=2.264e-06
[train] step=10275 loss=0.439623 lr=2.264e-06
[train] step=10276 loss=0.135230 lr=2.263e-06
[train] step=10277 loss=0.364492 lr=2.262e-06
[train] step=10278 loss=0.146566 lr=2.261e-06
[train] step=10279 loss=0.305672 lr=2.260e-06
[train] step=10280 loss=0.390870 lr=2.259e-06
[train] step=10281 loss=0.334823 lr=2.258e-06
[train] step=10282 loss=0.350071 lr=2.257e-06
[train] step=10283 loss=0.261210 lr=2.257e-06
[train] step=10284 loss=0.272245 lr=2.256e-06
[train] step=10285 loss=0.423025 lr=2.255e-06
[train] step=10286 loss=0.324128 lr=2.254e-06
[train] step=10287 loss=0.397041 lr=2.253e-06
[train] step=10288 loss=0.251890 lr=2.252e-06
[train] step=10289 loss=0.433068 lr=2.251e-06
[train] step=10290 loss=0.429063 lr=2.250e-06
[train] step=10291 loss=0.341269 lr=2.250e-06
[train] step=10292 loss=0.460852 lr=2.249e-06
[train] step=10293 loss=0.303242 lr=2.248e-06
[train] step=10294 loss=0.288477 lr=2.247e-06
[train] step=10295 loss=0.207981 lr=2.246e-06
[train] step=10296 loss=0.378017 lr=2.245e-06
[train] step=10297 loss=0.480095 lr=2.244e-06
[train] step=10298 loss=0.239947 lr=2.243e-06
[train] step=10299 loss=0.598103 lr=2.243e-06
[train] step=10300 loss=0.296440 lr=2.242e-06
[train] step=10301 loss=0.240216 lr=2.241e-06
[train] step=10302 loss=0.344949 lr=2.240e-06
[train] step=10303 loss=0.394916 lr=2.239e-06
[train] step=10304 loss=0.305541 lr=2.238e-06
[train] step=10305 loss=0.299774 lr=2.237e-06
[train] step=10306 loss=0.240671 lr=2.236e-06
[train] step=10307 loss=0.248556 lr=2.236e-06
[train] step=10308 loss=0.397335 lr=2.235e-06
[train] step=10309 loss=0.303446 lr=2.234e-06
[train] step=10310 loss=0.335002 lr=2.233e-06
[train] step=10311 loss=0.499373 lr=2.232e-06
[train] step=10312 loss=0.352860 lr=2.231e-06
[train] step=10313 loss=0.446970 lr=2.230e-06
[train] step=10314 loss=0.381968 lr=2.229e-06
[train] step=10315 loss=0.178205 lr=2.229e-06
[train] step=10316 loss=0.261446 lr=2.228e-06
[train] step=10317 loss=0.423886 lr=2.227e-06
[train] step=10318 loss=0.254819 lr=2.226e-06
[train] step=10319 loss=0.209019 lr=2.225e-06
[train] step=10320 loss=0.437222 lr=2.224e-06
INFO     [rank 0] Model weights for step 10320 saved in      dit_trainer.py:1288
         checkpoints/model_weights_step_10320.safetensors                       
INFO     [rank 0] Scalar embedding weights for step 10320    dit_trainer.py:1297
         saved                                                                  
INFO     [rank 0] Training state saved:                      dit_trainer.py:1416
         checkpoints/model_weights_step_10320.state.pt                          
DEBUG    [rank 0] Removed old checkpoint:                    dit_trainer.py:1429
         /local/disk/hramachandran/work/wh_work/windinet/dit                    
         _outputs/lundquist/dit_cosine_kl0_15k/checkpoints/m                    
         odel_weights_step_10080.safetensors                                    
DEBUG    [rank 0] Removed old checkpoint:                    dit_trainer.py:1429
         /local/disk/hramachandran/work/wh_work/windinet/dit                    
         _outputs/lundquist/dit_cosine_kl0_15k/checkpoints/s                    
         calar_embedding_step_10080.safetensors                                 
DEBUG    [rank 0] Removed optimizer state for older kept     dit_trainer.py:1444
         checkpoint:                                                            
         /local/disk/hramachandran/work/wh_work/windinet/dit                    
         _outputs/lundquist/dit_cosine_kl0_15k/checkpoints/m                    
         odel_weights_step_10200.state.pt                                       
[epoch 86] step=10320 train_loss=0.327658
[train] step=10321 loss=0.306463 lr=2.223e-06
[train] step=10322 loss=0.311534 lr=2.223e-06
[train] step=10323 loss=0.321088 lr=2.222e-06
[train] step=10324 loss=0.277418 lr=2.221e-06
[train] step=10325 loss=0.484694 lr=2.220e-06
[train] step=10326 loss=0.268288 lr=2.219e-06
[train] step=10327 loss=0.214330 lr=2.218e-06
[train] step=10328 loss=0.240134 lr=2.217e-06
[train] step=10329 loss=0.474490 lr=2.216e-06
[train] step=10330 loss=0.479194 lr=2.216e-06
[train] step=10331 loss=0.457972 lr=2.215e-06
[train] step=10332 loss=0.256331 lr=2.214e-06
[train] step=10333 loss=0.297581 lr=2.213e-06
[train] step=10334 loss=0.252424 lr=2.212e-06
[train] step=10335 loss=0.234919 lr=2.211e-06
[train] step=10336 loss=0.285511 lr=2.210e-06
[train] step=10337 loss=0.326986 lr=2.210e-06
[train] step=10338 loss=0.253029 lr=2.209e-06
[train] step=10339 loss=0.246646 lr=2.208e-06
[train] step=10340 loss=0.227714 lr=2.207e-06
[train] step=10341 loss=0.353315 lr=2.206e-06
[train] step=10342 loss=0.250344 lr=2.205e-06
[train] step=10343 loss=0.354543 lr=2.204e-06
[train] step=10344 loss=0.189578 lr=2.203e-06
[train] step=10345 loss=0.355918 lr=2.203e-06
[train] step=10346 loss=0.321563 lr=2.202e-06
[train] step=10347 loss=0.309899 lr=2.201e-06
[train] step=10348 loss=0.348846 lr=2.200e-06
[train] step=10349 loss=0.350815 lr=2.199e-06
[train] step=10350 loss=0.479536 lr=2.198e-06
[train] step=10351 loss=0.310750 lr=2.197e-06
[train] step=10352 loss=0.335201 lr=2.197e-06
[train] step=10353 loss=0.384576 lr=2.196e-06
[train] step=10354 loss=0.371443 lr=2.195e-06
[train] step=10355 loss=0.330911 lr=2.194e-06
[train] step=10356 loss=0.388042 lr=2.193e-06
[train] step=10357 loss=0.232696 lr=2.192e-06
[train] step=10358 loss=0.293912 lr=2.191e-06
[train] step=10359 loss=0.327404 lr=2.190e-06
[train] step=10360 loss=0.292319 lr=2.190e-06
[train] step=10361 loss=0.274847 lr=2.189e-06
[train] step=10362 loss=0.444900 lr=2.188e-06
[train] step=10363 loss=0.242600 lr=2.187e-06
[train] step=10364 loss=0.284009 lr=2.186e-06
[train] step=10365 loss=0.273752 lr=2.185e-06
[train] step=10366 loss=0.306014 lr=2.184e-06
[train] step=10367 loss=0.453368 lr=2.184e-06
[train] step=10368 loss=0.360872 lr=2.183e-06
[train] step=10369 loss=0.288400 lr=2.182e-06
[train] step=10370 loss=0.268228 lr=2.181e-06
[train] step=10371 loss=0.319798 lr=2.180e-06
[train] step=10372 loss=0.288364 lr=2.179e-06
[train] step=10373 loss=0.520588 lr=2.178e-06
[train] step=10374 loss=0.392405 lr=2.178e-06
[train] step=10375 loss=0.265879 lr=2.177e-06
[train] step=10376 loss=0.329392 lr=2.176e-06
[train] step=10377 loss=0.412279 lr=2.175e-06
[train] step=10378 loss=0.450402 lr=2.174e-06
[train] step=10379 loss=0.312858 lr=2.173e-06
[train] step=10380 loss=0.326750 lr=2.172e-06
[train] step=10381 loss=0.276279 lr=2.171e-06
[train] step=10382 loss=0.281174 lr=2.171e-06
[train] step=10383 loss=0.255667 lr=2.170e-06
[train] step=10384 loss=0.212391 lr=2.169e-06
[train] step=10385 loss=0.342068 lr=2.168e-06
[train] step=10386 loss=0.346073 lr=2.167e-06
[train] step=10387 loss=0.252305 lr=2.166e-06
[train] step=10388 loss=0.329446 lr=2.165e-06
[train] step=10389 loss=0.283526 lr=2.165e-06
[train] step=10390 loss=0.325420 lr=2.164e-06
[train] step=10391 loss=0.338520 lr=2.163e-06
[train] step=10392 loss=0.355130 lr=2.162e-06
[train] step=10393 loss=0.395963 lr=2.161e-06
[train] step=10394 loss=0.339568 lr=2.160e-06
[train] step=10395 loss=0.232669 lr=2.159e-06
[train] step=10396 loss=0.249391 lr=2.159e-06
[train] step=10397 loss=0.320948 lr=2.158e-06
[train] step=10398 loss=0.448443 lr=2.157e-06
[train] step=10399 loss=0.222329 lr=2.156e-06
[train] step=10400 loss=0.355783 lr=2.155e-06
[train] step=10401 loss=0.349943 lr=2.154e-06
[train] step=10402 loss=0.343015 lr=2.153e-06
[train] step=10403 loss=0.425037 lr=2.153e-06
[train] step=10404 loss=0.334900 lr=2.152e-06
[train] step=10405 loss=0.277776 lr=2.151e-06
[train] step=10406 loss=0.309024 lr=2.150e-06
[train] step=10407 loss=0.398481 lr=2.149e-06
[train] step=10408 loss=0.302769 lr=2.148e-06
[train] step=10409 loss=0.393310 lr=2.147e-06
[train] step=10410 loss=0.434330 lr=2.147e-06
[train] step=10411 loss=0.302023 lr=2.146e-06
[train] step=10412 loss=0.353072 lr=2.145e-06
[train] step=10413 loss=0.241570 lr=2.144e-06
[train] step=10414 loss=0.420195 lr=2.143e-06
[train] step=10415 loss=0.462631 lr=2.142e-06
[train] step=10416 loss=0.311542 lr=2.141e-06
slurmstepd: error: *** JOB 22767 ON localhost CANCELLED AT 2026-09-12T23:46:12 DUE TO TIME LIMIT ***
permission denied while trying to connect to the Docker daemon socket at unix:///var/run/docker.sock: Get "http://%2Fvar%2Frun%2Fdocker.sock/v1.24/containers/json?filters=%7B%22label%22%3A%7B%22slurm_job_id%3D22767%22%3Atrue%7D%7D": dial unix /var/run/docker.sock: connect: permission denied
