job=22509 node=lundquist gpus=0
PREPROCESSED_NAME: smoketest
BASE_CONFIG: configs/shockwavenet_lundquist_bs_sweep_bs4.yaml
preprocessed_data_root=dit_preprocessed/smoketest output_dir=dit_throughput_sweep_bs4
                             Training Configuration                             
┏━━━━━━━━━━━━━━━━━━━━━━━━━━━━━━━━━━━━━━┳━━━━━━━━━━━━━━━━━━━━━━━━━━━━━━━━━━━━━━━┓
┃ Parameter                            ┃ Value                                 ┃
┡━━━━━━━━━━━━━━━━━━━━━━━━━━━━━━━━━━━━━━╇━━━━━━━━━━━━━━━━━━━━━━━━━━━━━━━━━━━━━━━┩
│ model.model_source                   │ LTXV_2B_0.9.6_DEV                     │
│ model.load_checkpoint                │ None                                  │
│ conditioning.first_frame_conditioni… │ 1.0                                   │
│ scalar_conditioning.enabled          │ True                                  │
│ scalar_conditioning.scalar_names     │ gamma                                 │
│ scalar_conditioning.scalar_ranges    │ {'gamma': (1.0, 2.0)}                 │
│ scalar_conditioning.embedding_dim    │ 4096                                  │
│ scalar_conditioning.num_tokens_per_… │ 4                                     │
│ scalar_conditioning.fourier_features │ 64                                    │
│ scalar_conditioning.mlp_hidden_dim   │ 256                                   │
│ scalar_conditioning.dropout          │ 0.1                                   │
│ optimization.learning_rate           │ 1e-05                                 │
│ optimization.steps                   │ 100000                                │
│ optimization.batch_size              │ 4                                     │
│ optimization.gradient_accumulation_… │ 1                                     │
│ optimization.max_grad_norm           │ 1.0                                   │
│ optimization.optimizer_type          │ adamw                                 │
│ optimization.scheduler_type          │ cosine                                │
│ optimization.scheduler_params        │ {'eta_min': 1e-08}                    │
│ optimization.enable_gradient_checkp… │ True                                  │
│ acceleration.mixed_precision_mode    │ bf16                                  │
│ acceleration.compile_with_inductor   │ False                                 │
│ acceleration.compilation_mode        │ reduce-overhead                       │
│ data.preprocessed_data_root          │ dit_preprocessed/smoketest            │
│ data.num_dataloader_workers          │ 4                                     │
│ validation.data_root                 │ None                                  │
│ validation.interval                  │ None                                  │
│ validation.max_samples               │ 0                                     │
│ checkpoints.interval                 │ 500                                   │
│ checkpoints.keep_last_n              │ 1                                     │
│ checkpoints.save_best_only           │ False                                 │
│ checkpoints.best_metric              │ val_total_loss                        │
│ checkpoints.save_last_state          │ True                                  │
│ checkpoints.save_epochs              │                                       │
│ flow_matching.timestep_sampling_mode │ shifted_logit_normal                  │
│ flow_matching.timestep_sampling_par… │ {}                                    │
│ wandb.enabled                        │ False                                 │
│ wandb.project                        │ shockwavenet                          │
│ wandb.entity                         │ None                                  │
│ wandb.tags                           │ throughput-sweep, lundquist, 1gpu,    │
│                                      │ bs4                                   │
│ seed                                 │ 42                                    │
│ output_dir                           │ /local/disk/hramachandran/work/wh_wo… │
│ resume_weights_only                  │ False                                 │
└──────────────────────────────────────┴───────────────────────────────────────┘
/local/disk/hramachandran/miniconda/envs/windinet/lib/python3.10/site-packages/huggingface_hub/utils/_validators.py:205: UserWarning: The `local_dir_use_symlinks` argument is deprecated and ignored in `hf_hub_download`. Downloading to a local directory does not use symlinks anymore.
  warnings.warn(
INFO     [rank 0] HTTP Request: HEAD                             _client.py:1025
         https://huggingface.co/Lightricks/LTX-Video-0.9.5/resol                
         ve/main/vae/config.json "HTTP/1.1 307 Temporary                        
         Redirect"                                                              
INFO     [rank 0] HTTP Request: HEAD                             _client.py:1025
         https://huggingface.co/api/resolve-cache/models/Lightri                
         cks/LTX-Video-0.9.5/e58e28c39631af4d1468ee57a853764e11c                
         1d37e/vae%2Fconfig.json "HTTP/1.1 200 OK"                              
INFO     [rank 0] HTTP Request: HEAD                             _client.py:1025
         https://huggingface.co/Lightricks/LTX-Video-0.9.5/resol                
         ve/e58e28c39631af4d1468ee57a853764e11c1d37e/vae/diffusi                
         on_pytorch_model.safetensors.index.json "HTTP/1.1 404                  
         Not Found"                                                             
INFO     [rank 0] HTTP Request: HEAD                             _client.py:1025
         https://huggingface.co/Lightricks/LTX-Video-0.9.5/resol                
         ve/main/scheduler/scheduler_config.json "HTTP/1.1 307                  
         Temporary Redirect"                                                    
INFO     [rank 0] HTTP Request: HEAD                             _client.py:1025
         https://huggingface.co/api/resolve-cache/models/Lightri                
         cks/LTX-Video-0.9.5/e58e28c39631af4d1468ee57a853764e11c                
         1d37e/scheduler%2Fscheduler_config.json "HTTP/1.1 200                  
         OK"                                                                    
INFO     [rank 0] HTTP Request: GET                              _client.py:1025
         https://huggingface.co/api/resolve-cache/models/Lightri                
         cks/LTX-Video-0.9.5/e58e28c39631af4d1468ee57a853764e11c                
         1d37e/scheduler%2Fscheduler_config.json "HTTP/1.1 200                  
         OK"                                                                    
INFO     [rank 0] HTTP Request: HEAD                             _client.py:1025
         https://huggingface.co/Lightricks/LTX-Video/resolve/mai                
         n/ltxv-2b-0.9.6-dev-04-25.safetensors "HTTP/1.1 302                    
         Found"                                                                 
INFO     [rank 0] HTTP Request: HEAD                             _client.py:1025
         https://huggingface.co/Lightricks/LTX-Video-0.9.5/resol                
         ve/main/transformer/config.json "HTTP/1.1 307 Temporary                
         Redirect"                                                              
INFO     [rank 0] HTTP Request: HEAD                             _client.py:1025
         https://huggingface.co/api/resolve-cache/models/Lightri                
         cks/LTX-Video-0.9.5/e58e28c39631af4d1468ee57a853764e11c                
         1d37e/transformer%2Fconfig.json "HTTP/1.1 200 OK"                      
INFO     [rank 0] Initializing scalar embeddings for:         dit_trainer.py:695
         ['gamma']                                                              
DEBUG    [rank 0] Scalar embedding params: 4,310,528          dit_trainer.py:718
DEBUG    [rank 0] Total trainable params count: 1,927,696,000 dit_trainer.py:722
DEBUG    [rank 0] Process 0 using seed: 42                    dit_trainer.py:309
DEBUG    [rank 0] Loaded dataset with 24 samples from         dit_trainer.py:917
         sources: ['latents', 'scalars']                                        
WARNING  [rank 0] No validation.data_root configured: this    dit_trainer.py:318
         run will only report training loss and cannot tell                     
         you whether the model generalizes.                                     
INFO     [rank 0] Training configuration saved to:           dit_trainer.py:1157
         training_config.yaml                                                   
INFO     [rank 0] Training on latents from VAE                dit_trainer.py:961
         /local/disk/hramachandran/work/wh_work/windinet/fine                   
         tune_vae_outputs/lundquist/finetune_vae_dit_smoketes                   
         t_source/checkpoints/vae_shockwave_best.safetensors                    
         (fingerprint de01ac1a77926f71); recorded in                            
         latent_provenance.json                                                 
INFO     [rank 0] Starting training...                        dit_trainer.py:328
[train] step=1 loss=0.948524 lr=1.000e-05
[train] step=2 loss=1.026904 lr=1.000e-05
[train] step=3 loss=0.590903 lr=1.000e-05
[train] step=4 loss=0.742659 lr=1.000e-05
[train] step=5 loss=0.695744 lr=1.000e-05
[train] step=6 loss=0.658365 lr=1.000e-05
[train] step=7 loss=0.938155 lr=1.000e-05
[train] step=8 loss=0.720466 lr=1.000e-05
[train] step=9 loss=0.553220 lr=1.000e-05
[train] step=10 loss=0.700062 lr=1.000e-05
[train] step=11 loss=0.599591 lr=1.000e-05
[train] step=12 loss=0.793557 lr=1.000e-05
[train] step=13 loss=0.535431 lr=1.000e-05
[train] step=14 loss=0.744931 lr=1.000e-05
[train] step=15 loss=0.630914 lr=1.000e-05
[train] step=16 loss=0.880271 lr=1.000e-05
[train] step=17 loss=0.630635 lr=1.000e-05
[train] step=18 loss=0.580157 lr=1.000e-05
[train] step=19 loss=0.615832 lr=1.000e-05
[train] step=20 loss=0.620998 lr=1.000e-05
[train] step=21 loss=0.624385 lr=1.000e-05
[train] step=22 loss=0.680273 lr=1.000e-05
[train] step=23 loss=0.664907 lr=1.000e-05
[train] step=24 loss=0.474693 lr=1.000e-05
[train] step=25 loss=0.777314 lr=1.000e-05
[train] step=26 loss=0.467672 lr=1.000e-05
[train] step=27 loss=0.554031 lr=1.000e-05
[train] step=28 loss=0.897679 lr=1.000e-05
[train] step=29 loss=0.486410 lr=1.000e-05
[train] step=30 loss=0.602596 lr=1.000e-05
[train] step=31 loss=0.467704 lr=1.000e-05
[train] step=32 loss=0.507277 lr=1.000e-05
[train] step=33 loss=0.704932 lr=1.000e-05
[train] step=34 loss=0.615862 lr=1.000e-05
[train] step=35 loss=0.783823 lr=1.000e-05
[train] step=36 loss=0.693504 lr=1.000e-05
[train] step=37 loss=0.704375 lr=1.000e-05
[train] step=38 loss=0.719023 lr=1.000e-05
[train] step=39 loss=0.328912 lr=1.000e-05
[train] step=40 loss=0.635842 lr=1.000e-05
[train] step=41 loss=0.566051 lr=1.000e-05
[train] step=42 loss=0.529785 lr=1.000e-05
[train] step=43 loss=0.663343 lr=1.000e-05
[train] step=44 loss=0.467780 lr=1.000e-05
[train] step=45 loss=0.656277 lr=1.000e-05
[train] step=46 loss=0.768688 lr=1.000e-05
[train] step=47 loss=0.487913 lr=1.000e-05
[train] step=48 loss=0.638841 lr=1.000e-05
[train] step=49 loss=0.687673 lr=1.000e-05
[train] step=50 loss=0.444220 lr=1.000e-05
[train] step=51 loss=0.454553 lr=1.000e-05
[train] step=52 loss=0.638648 lr=1.000e-05
[train] step=53 loss=0.482341 lr=1.000e-05
[train] step=54 loss=0.728475 lr=1.000e-05
[train] step=55 loss=0.719482 lr=1.000e-05
[train] step=56 loss=0.466329 lr=1.000e-05
[train] step=57 loss=0.530974 lr=1.000e-05
[train] step=58 loss=0.435668 lr=1.000e-05
[train] step=59 loss=0.624955 lr=1.000e-05
[train] step=60 loss=0.593362 lr=1.000e-05
[train] step=61 loss=0.435158 lr=1.000e-05
[train] step=62 loss=0.527783 lr=1.000e-05
[train] step=63 loss=0.946954 lr=1.000e-05
[train] step=64 loss=0.382053 lr=1.000e-05
[train] step=65 loss=0.485882 lr=1.000e-05
[train] step=66 loss=0.503901 lr=1.000e-05
[train] step=67 loss=0.671450 lr=1.000e-05
[train] step=68 loss=0.574021 lr=1.000e-05
[train] step=69 loss=0.542437 lr=1.000e-05
[train] step=70 loss=0.703545 lr=1.000e-05
[train] step=71 loss=0.579528 lr=1.000e-05
[train] step=72 loss=0.308603 lr=1.000e-05
[train] step=73 loss=0.535367 lr=1.000e-05
[train] step=74 loss=0.377405 lr=1.000e-05
[train] step=75 loss=0.640411 lr=1.000e-05
[train] step=76 loss=0.657605 lr=1.000e-05
[train] step=77 loss=0.451754 lr=1.000e-05
[train] step=78 loss=0.516171 lr=1.000e-05
[train] step=79 loss=0.728685 lr=1.000e-05
[train] step=80 loss=0.711257 lr=1.000e-05
[train] step=81 loss=0.394267 lr=1.000e-05
[train] step=82 loss=0.743185 lr=1.000e-05
[train] step=83 loss=0.444382 lr=1.000e-05
[train] step=84 loss=0.319005 lr=1.000e-05
[train] step=85 loss=0.709268 lr=1.000e-05
[train] step=86 loss=0.484974 lr=1.000e-05
[train] step=87 loss=0.668316 lr=1.000e-05
[train] step=88 loss=0.495647 lr=1.000e-05
[train] step=89 loss=0.379658 lr=1.000e-05
[train] step=90 loss=0.509151 lr=1.000e-05
[train] step=91 loss=0.506957 lr=1.000e-05
[train] step=92 loss=0.554228 lr=1.000e-05
[train] step=93 loss=0.553136 lr=1.000e-05
[train] step=94 loss=0.747557 lr=1.000e-05
[train] step=95 loss=0.389279 lr=1.000e-05
[train] step=96 loss=0.539347 lr=1.000e-05
[train] step=97 loss=0.504131 lr=1.000e-05
[train] step=98 loss=0.519177 lr=1.000e-05
[train] step=99 loss=0.359381 lr=1.000e-05
[train] step=100 loss=0.453067 lr=1.000e-05
[train] step=101 loss=0.547650 lr=1.000e-05
[train] step=102 loss=0.590763 lr=1.000e-05
[train] step=103 loss=0.477250 lr=1.000e-05
[train] step=104 loss=0.549841 lr=1.000e-05
[train] step=105 loss=0.530461 lr=1.000e-05
[train] step=106 loss=0.586955 lr=1.000e-05
[train] step=107 loss=0.505576 lr=1.000e-05
[train] step=108 loss=0.556769 lr=1.000e-05
[train] step=109 loss=0.558262 lr=1.000e-05
[train] step=110 loss=0.361872 lr=1.000e-05
[train] step=111 loss=0.518088 lr=1.000e-05
[train] step=112 loss=0.568549 lr=1.000e-05
[train] step=113 loss=0.509791 lr=1.000e-05
[train] step=114 loss=0.543703 lr=1.000e-05
[train] step=115 loss=0.607450 lr=1.000e-05
[train] step=116 loss=0.619703 lr=1.000e-05
[train] step=117 loss=0.684640 lr=1.000e-05
[train] step=118 loss=0.566623 lr=1.000e-05
[train] step=119 loss=0.393484 lr=1.000e-05
[train] step=120 loss=0.393828 lr=1.000e-05
[train] step=121 loss=0.501311 lr=1.000e-05
[train] step=122 loss=0.312797 lr=1.000e-05
[train] step=123 loss=0.618067 lr=1.000e-05
[train] step=124 loss=0.429203 lr=1.000e-05
[train] step=125 loss=0.629794 lr=1.000e-05
[train] step=126 loss=0.609190 lr=1.000e-05
[train] step=127 loss=0.481383 lr=1.000e-05
[train] step=128 loss=0.593721 lr=1.000e-05
[train] step=129 loss=0.523874 lr=1.000e-05
[train] step=130 loss=0.551111 lr=1.000e-05
[train] step=131 loss=0.287504 lr=1.000e-05
[train] step=132 loss=0.438789 lr=1.000e-05
[train] step=133 loss=0.647103 lr=1.000e-05
[train] step=134 loss=0.450917 lr=1.000e-05
[train] step=135 loss=0.326396 lr=1.000e-05
[train] step=136 loss=0.410335 lr=1.000e-05
[train] step=137 loss=0.621546 lr=1.000e-05
[train] step=138 loss=0.450936 lr=1.000e-05
[train] step=139 loss=0.641171 lr=1.000e-05
[train] step=140 loss=0.393453 lr=1.000e-05
[train] step=141 loss=0.355415 lr=1.000e-05
[train] step=142 loss=0.606263 lr=1.000e-05
[train] step=143 loss=0.573140 lr=1.000e-05
[train] step=144 loss=0.474831 lr=1.000e-05
[train] step=145 loss=0.474019 lr=1.000e-05
[train] step=146 loss=0.349453 lr=1.000e-05
[train] step=147 loss=0.582260 lr=1.000e-05
[train] step=148 loss=0.555924 lr=1.000e-05
[train] step=149 loss=0.625793 lr=1.000e-05
[train] step=150 loss=0.481221 lr=1.000e-05
[train] step=151 loss=0.465189 lr=1.000e-05
[train] step=152 loss=0.629408 lr=1.000e-05
[train] step=153 loss=0.531795 lr=1.000e-05
[train] step=154 loss=0.381242 lr=1.000e-05
[train] step=155 loss=0.424977 lr=1.000e-05
[train] step=156 loss=0.467749 lr=1.000e-05
[train] step=157 loss=0.546347 lr=1.000e-05
[train] step=158 loss=0.525689 lr=1.000e-05
[train] step=159 loss=0.294835 lr=1.000e-05
[train] step=160 loss=0.494174 lr=1.000e-05
[train] step=161 loss=0.468833 lr=1.000e-05
[train] step=162 loss=0.412922 lr=1.000e-05
[train] step=163 loss=0.352795 lr=1.000e-05
[train] step=164 loss=0.547848 lr=1.000e-05
[train] step=165 loss=0.626878 lr=1.000e-05
[train] step=166 loss=0.624370 lr=1.000e-05
[train] step=167 loss=0.382030 lr=1.000e-05
[train] step=168 loss=0.246403 lr=1.000e-05
[train] step=169 loss=0.536785 lr=1.000e-05
[train] step=170 loss=0.532152 lr=1.000e-05
[train] step=171 loss=0.582208 lr=1.000e-05
[train] step=172 loss=0.463398 lr=1.000e-05
[train] step=173 loss=0.466628 lr=1.000e-05
[train] step=174 loss=0.467238 lr=1.000e-05
[train] step=175 loss=0.505924 lr=1.000e-05
[train] step=176 loss=0.405558 lr=1.000e-05
[train] step=177 loss=0.338590 lr=1.000e-05
[train] step=178 loss=0.302343 lr=1.000e-05
[train] step=179 loss=0.499735 lr=1.000e-05
[train] step=180 loss=0.869529 lr=1.000e-05
[train] step=181 loss=0.757357 lr=1.000e-05
[train] step=182 loss=0.431424 lr=1.000e-05
[train] step=183 loss=0.368005 lr=1.000e-05
[train] step=184 loss=0.470905 lr=1.000e-05
[train] step=185 loss=0.309358 lr=1.000e-05
[train] step=186 loss=0.563012 lr=1.000e-05
[train] step=187 loss=0.241303 lr=1.000e-05
[train] step=188 loss=0.434215 lr=1.000e-05
[train] step=189 loss=0.655660 lr=1.000e-05
[train] step=190 loss=0.488894 lr=1.000e-05
[train] step=191 loss=0.600838 lr=1.000e-05
[train] step=192 loss=0.435451 lr=1.000e-05
[train] step=193 loss=0.518799 lr=1.000e-05
[train] step=194 loss=0.475392 lr=1.000e-05
[train] step=195 loss=0.589978 lr=1.000e-05
[train] step=196 loss=0.371743 lr=1.000e-05
[train] step=197 loss=0.567705 lr=1.000e-05
[train] step=198 loss=0.227609 lr=1.000e-05
[train] step=199 loss=0.463727 lr=1.000e-05
[train] step=200 loss=0.538777 lr=1.000e-05
[train] step=201 loss=0.493233 lr=1.000e-05
[train] step=202 loss=0.503064 lr=1.000e-05
[train] step=203 loss=0.262160 lr=1.000e-05
[train] step=204 loss=0.386330 lr=1.000e-05
[train] step=205 loss=0.540333 lr=1.000e-05
[train] step=206 loss=0.380994 lr=1.000e-05
[train] step=207 loss=0.228728 lr=1.000e-05
[train] step=208 loss=0.413502 lr=1.000e-05
[train] step=209 loss=0.364078 lr=1.000e-05
[train] step=210 loss=0.764901 lr=1.000e-05
[train] step=211 loss=0.361564 lr=1.000e-05
[train] step=212 loss=0.417625 lr=1.000e-05
[train] step=213 loss=0.539468 lr=1.000e-05
[train] step=214 loss=0.529646 lr=1.000e-05
[train] step=215 loss=0.334798 lr=1.000e-05
[train] step=216 loss=0.472352 lr=1.000e-05
[train] step=217 loss=0.584185 lr=1.000e-05
[train] step=218 loss=0.454096 lr=1.000e-05
[train] step=219 loss=0.353829 lr=1.000e-05
[train] step=220 loss=0.364608 lr=1.000e-05
[train] step=221 loss=0.522463 lr=1.000e-05
[train] step=222 loss=0.427631 lr=1.000e-05
[train] step=223 loss=0.297508 lr=1.000e-05
[train] step=224 loss=0.573822 lr=1.000e-05
[train] step=225 loss=0.561869 lr=1.000e-05
[train] step=226 loss=0.428079 lr=1.000e-05
[train] step=227 loss=0.378830 lr=1.000e-05
[train] step=228 loss=0.595873 lr=1.000e-05
[train] step=229 loss=0.303298 lr=1.000e-05
[train] step=230 loss=0.496583 lr=1.000e-05
[train] step=231 loss=0.504893 lr=1.000e-05
[train] step=232 loss=0.489506 lr=1.000e-05
[train] step=233 loss=0.419940 lr=1.000e-05
[train] step=234 loss=0.413685 lr=1.000e-05
[train] step=235 loss=0.281687 lr=1.000e-05
[train] step=236 loss=0.546511 lr=1.000e-05
[train] step=237 loss=0.473590 lr=1.000e-05
[train] step=238 loss=0.491965 lr=1.000e-05
[train] step=239 loss=0.437266 lr=1.000e-05
[train] step=240 loss=0.410909 lr=1.000e-05
[train] step=241 loss=0.317912 lr=1.000e-05
[train] step=242 loss=0.368513 lr=1.000e-05
[train] step=243 loss=0.541726 lr=1.000e-05
[train] step=244 loss=0.378038 lr=1.000e-05
[train] step=245 loss=0.356497 lr=1.000e-05
[train] step=246 loss=0.477594 lr=1.000e-05
[train] step=247 loss=0.377243 lr=1.000e-05
[train] step=248 loss=0.409899 lr=1.000e-05
[train] step=249 loss=0.402768 lr=1.000e-05
[train] step=250 loss=0.419427 lr=1.000e-05
[train] step=251 loss=0.407101 lr=1.000e-05
[train] step=252 loss=0.412385 lr=1.000e-05
[train] step=253 loss=0.514749 lr=1.000e-05
[train] step=254 loss=0.474087 lr=1.000e-05
[train] step=255 loss=0.543882 lr=1.000e-05
[train] step=256 loss=0.389949 lr=1.000e-05
[train] step=257 loss=0.284307 lr=1.000e-05
[train] step=258 loss=0.377362 lr=1.000e-05
[train] step=259 loss=0.407064 lr=1.000e-05
[train] step=260 loss=0.390039 lr=1.000e-05
[train] step=261 loss=0.522252 lr=1.000e-05
[train] step=262 loss=0.463495 lr=1.000e-05
[train] step=263 loss=0.233944 lr=1.000e-05
[train] step=264 loss=0.458319 lr=1.000e-05
[train] step=265 loss=0.324707 lr=1.000e-05
[train] step=266 loss=0.437985 lr=1.000e-05
[train] step=267 loss=0.496886 lr=1.000e-05
[train] step=268 loss=0.270195 lr=1.000e-05
[train] step=269 loss=0.464518 lr=1.000e-05
[train] step=270 loss=0.409261 lr=1.000e-05
[train] step=271 loss=0.461361 lr=1.000e-05
[train] step=272 loss=0.363144 lr=1.000e-05
[train] step=273 loss=0.310929 lr=1.000e-05
[train] step=274 loss=0.433593 lr=1.000e-05
[train] step=275 loss=0.297796 lr=1.000e-05
[train] step=276 loss=0.523614 lr=1.000e-05
[train] step=277 loss=0.437377 lr=1.000e-05
[train] step=278 loss=0.421487 lr=1.000e-05
[train] step=279 loss=0.487029 lr=1.000e-05
[train] step=280 loss=0.522035 lr=1.000e-05
[train] step=281 loss=0.275372 lr=1.000e-05
[train] step=282 loss=0.401033 lr=1.000e-05
[train] step=283 loss=0.332271 lr=1.000e-05
[train] step=284 loss=0.558229 lr=1.000e-05
[train] step=285 loss=0.307961 lr=1.000e-05
[train] step=286 loss=0.660896 lr=1.000e-05
[train] step=287 loss=0.530945 lr=1.000e-05
[train] step=288 loss=0.246343 lr=1.000e-05
[train] step=289 loss=0.361757 lr=1.000e-05
[train] step=290 loss=0.370521 lr=1.000e-05
[train] step=291 loss=0.385649 lr=1.000e-05
[train] step=292 loss=0.299124 lr=1.000e-05
[train] step=293 loss=0.374592 lr=1.000e-05
[train] step=294 loss=0.487515 lr=1.000e-05
[train] step=295 loss=0.416514 lr=1.000e-05
[train] step=296 loss=0.322195 lr=1.000e-05
[train] step=297 loss=0.557441 lr=1.000e-05
[train] step=298 loss=0.420815 lr=1.000e-05
[train] step=299 loss=0.316764 lr=1.000e-05
[train] step=300 loss=0.500173 lr=1.000e-05
[train] step=301 loss=0.497212 lr=1.000e-05
[train] step=302 loss=0.468363 lr=1.000e-05
[train] step=303 loss=0.396107 lr=1.000e-05
[train] step=304 loss=0.433824 lr=1.000e-05
[train] step=305 loss=0.185817 lr=1.000e-05
[train] step=306 loss=0.453442 lr=1.000e-05
[train] step=307 loss=0.457217 lr=1.000e-05
[train] step=308 loss=0.444103 lr=1.000e-05
[train] step=309 loss=0.266768 lr=1.000e-05
[train] step=310 loss=0.329343 lr=1.000e-05
[train] step=311 loss=0.414453 lr=1.000e-05
[train] step=312 loss=0.402154 lr=1.000e-05
[train] step=313 loss=0.423621 lr=1.000e-05
[train] step=314 loss=0.410136 lr=1.000e-05
[train] step=315 loss=0.398522 lr=1.000e-05
[train] step=316 loss=0.394093 lr=1.000e-05
[train] step=317 loss=0.474827 lr=1.000e-05
[train] step=318 loss=0.535777 lr=1.000e-05
[train] step=319 loss=0.299500 lr=1.000e-05
[train] step=320 loss=0.412689 lr=1.000e-05
[train] step=321 loss=0.361298 lr=1.000e-05
[train] step=322 loss=0.362868 lr=1.000e-05
[train] step=323 loss=0.419368 lr=1.000e-05
[train] step=324 loss=0.374928 lr=1.000e-05
[train] step=325 loss=0.365084 lr=1.000e-05
[train] step=326 loss=0.386855 lr=1.000e-05
[train] step=327 loss=0.501868 lr=1.000e-05
[train] step=328 loss=0.449893 lr=1.000e-05
[train] step=329 loss=0.284627 lr=1.000e-05
[train] step=330 loss=0.327650 lr=1.000e-05
[train] step=331 loss=0.503773 lr=1.000e-05
[train] step=332 loss=0.294383 lr=1.000e-05
[train] step=333 loss=0.392597 lr=1.000e-05
[train] step=334 loss=0.337816 lr=1.000e-05
[train] step=335 loss=0.408074 lr=1.000e-05
[train] step=336 loss=0.402353 lr=1.000e-05
[train] step=337 loss=0.427021 lr=1.000e-05
[train] step=338 loss=0.414193 lr=1.000e-05
[train] step=339 loss=0.451566 lr=1.000e-05
[train] step=340 loss=0.322085 lr=1.000e-05
[train] step=341 loss=0.451473 lr=1.000e-05
[train] step=342 loss=0.424018 lr=1.000e-05
[train] step=343 loss=0.445255 lr=1.000e-05
[train] step=344 loss=0.240737 lr=1.000e-05
[train] step=345 loss=0.331688 lr=1.000e-05
[train] step=346 loss=0.434330 lr=1.000e-05
[train] step=347 loss=0.465104 lr=1.000e-05
[train] step=348 loss=0.442884 lr=1.000e-05
[train] step=349 loss=0.503680 lr=1.000e-05
[train] step=350 loss=0.609336 lr=1.000e-05
[train] step=351 loss=0.304186 lr=1.000e-05
[train] step=352 loss=0.526101 lr=1.000e-05
[train] step=353 loss=0.321299 lr=1.000e-05
[train] step=354 loss=0.291113 lr=1.000e-05
[train] step=355 loss=0.316108 lr=1.000e-05
[train] step=356 loss=0.405883 lr=1.000e-05
[train] step=357 loss=0.517087 lr=1.000e-05
[train] step=358 loss=0.424403 lr=1.000e-05
[train] step=359 loss=0.449360 lr=1.000e-05
[train] step=360 loss=0.248766 lr=1.000e-05
[train] step=361 loss=0.320770 lr=1.000e-05
[train] step=362 loss=0.357910 lr=1.000e-05
[train] step=363 loss=0.464420 lr=1.000e-05
[train] step=364 loss=0.458352 lr=1.000e-05
[train] step=365 loss=0.347653 lr=1.000e-05
[train] step=366 loss=0.314917 lr=1.000e-05
[train] step=367 loss=0.358774 lr=1.000e-05
[train] step=368 loss=0.451548 lr=1.000e-05
[train] step=369 loss=0.284287 lr=1.000e-05
[train] step=370 loss=0.299137 lr=1.000e-05
[train] step=371 loss=0.425752 lr=1.000e-05
[train] step=372 loss=0.256116 lr=1.000e-05
[train] step=373 loss=0.496928 lr=1.000e-05
[train] step=374 loss=0.315405 lr=1.000e-05
[train] step=375 loss=0.257136 lr=1.000e-05
[train] step=376 loss=0.305078 lr=1.000e-05
[train] step=377 loss=0.239171 lr=1.000e-05
[train] step=378 loss=0.426218 lr=1.000e-05
[train] step=379 loss=0.279143 lr=1.000e-05
[train] step=380 loss=0.321298 lr=1.000e-05
[train] step=381 loss=0.270691 lr=1.000e-05
[train] step=382 loss=0.209628 lr=1.000e-05
[train] step=383 loss=0.538952 lr=1.000e-05
[train] step=384 loss=0.490980 lr=1.000e-05
[train] step=385 loss=0.425555 lr=1.000e-05
[train] step=386 loss=0.353946 lr=1.000e-05
[train] step=387 loss=0.257164 lr=1.000e-05
[train] step=388 loss=0.378732 lr=1.000e-05
[train] step=389 loss=0.326646 lr=1.000e-05
[train] step=390 loss=0.192431 lr=1.000e-05
[train] step=391 loss=0.443665 lr=1.000e-05
[train] step=392 loss=0.225293 lr=1.000e-05
[train] step=393 loss=0.371132 lr=1.000e-05
[train] step=394 loss=0.271039 lr=1.000e-05
[train] step=395 loss=0.272164 lr=1.000e-05
[train] step=396 loss=0.378305 lr=1.000e-05
[train] step=397 loss=0.317723 lr=1.000e-05
[train] step=398 loss=0.313389 lr=1.000e-05
[train] step=399 loss=0.406582 lr=1.000e-05
[train] step=400 loss=0.303702 lr=1.000e-05
[train] step=401 loss=0.358348 lr=1.000e-05
[train] step=402 loss=0.399111 lr=1.000e-05
[train] step=403 loss=0.518869 lr=1.000e-05
[train] step=404 loss=0.198241 lr=1.000e-05
[train] step=405 loss=0.220021 lr=1.000e-05
[train] step=406 loss=0.244256 lr=1.000e-05
[train] step=407 loss=0.363187 lr=1.000e-05
[train] step=408 loss=0.442598 lr=1.000e-05
[train] step=409 loss=0.422960 lr=1.000e-05
[train] step=410 loss=0.144864 lr=1.000e-05
[train] step=411 loss=0.350938 lr=1.000e-05
[train] step=412 loss=0.297636 lr=1.000e-05
[train] step=413 loss=0.406420 lr=1.000e-05
[train] step=414 loss=0.329272 lr=1.000e-05
[train] step=415 loss=0.496810 lr=1.000e-05
[train] step=416 loss=0.370532 lr=1.000e-05
[train] step=417 loss=0.239765 lr=1.000e-05
[train] step=418 loss=0.211454 lr=1.000e-05
[train] step=419 loss=0.293644 lr=1.000e-05
[train] step=420 loss=0.237855 lr=1.000e-05
[train] step=421 loss=0.364589 lr=1.000e-05
[train] step=422 loss=0.250040 lr=1.000e-05
[train] step=423 loss=0.352921 lr=1.000e-05
[train] step=424 loss=0.403716 lr=1.000e-05
[train] step=425 loss=0.383070 lr=1.000e-05
[train] step=426 loss=0.259964 lr=1.000e-05
[train] step=427 loss=0.419510 lr=1.000e-05
[train] step=428 loss=0.313896 lr=1.000e-05
[train] step=429 loss=0.295064 lr=1.000e-05
[train] step=430 loss=0.419956 lr=1.000e-05
[train] step=431 loss=0.247696 lr=1.000e-05
[train] step=432 loss=0.315342 lr=1.000e-05
[train] step=433 loss=0.488871 lr=1.000e-05
[train] step=434 loss=0.260880 lr=1.000e-05
[train] step=435 loss=0.336018 lr=1.000e-05
[train] step=436 loss=0.322379 lr=1.000e-05
[train] step=437 loss=0.453196 lr=1.000e-05
[train] step=438 loss=0.398887 lr=1.000e-05
[train] step=439 loss=0.399610 lr=1.000e-05
[train] step=440 loss=0.430068 lr=1.000e-05
[train] step=441 loss=0.513377 lr=1.000e-05
[train] step=442 loss=0.264857 lr=1.000e-05
[train] step=443 loss=0.259964 lr=1.000e-05
[train] step=444 loss=0.307945 lr=1.000e-05
[train] step=445 loss=0.221280 lr=1.000e-05
[train] step=446 loss=0.400143 lr=1.000e-05
[train] step=447 loss=0.345301 lr=1.000e-05
[train] step=448 loss=0.281569 lr=1.000e-05
[train] step=449 loss=0.225933 lr=1.000e-05
[train] step=450 loss=0.356657 lr=1.000e-05
[train] step=451 loss=0.267188 lr=1.000e-05
[train] step=452 loss=0.172176 lr=9.999e-06
[train] step=453 loss=0.271204 lr=9.999e-06
[train] step=454 loss=0.375182 lr=9.999e-06
[train] step=455 loss=0.289663 lr=9.999e-06
[train] step=456 loss=0.550421 lr=9.999e-06
[train] step=457 loss=0.224254 lr=9.999e-06
[train] step=458 loss=0.398531 lr=9.999e-06
[train] step=459 loss=0.237804 lr=9.999e-06
[train] step=460 loss=0.279284 lr=9.999e-06
[train] step=461 loss=0.461382 lr=9.999e-06
[train] step=462 loss=0.338962 lr=9.999e-06
[train] step=463 loss=0.365469 lr=9.999e-06
[train] step=464 loss=0.360464 lr=9.999e-06
[train] step=465 loss=0.484148 lr=9.999e-06
[train] step=466 loss=0.171974 lr=9.999e-06
[train] step=467 loss=0.266237 lr=9.999e-06
[train] step=468 loss=0.324846 lr=9.999e-06
[train] step=469 loss=0.181778 lr=9.999e-06
[train] step=470 loss=0.424065 lr=9.999e-06
[train] step=471 loss=0.225107 lr=9.999e-06
[train] step=472 loss=0.397826 lr=9.999e-06
[train] step=473 loss=0.363239 lr=9.999e-06
[train] step=474 loss=0.221962 lr=9.999e-06
[train] step=475 loss=0.338527 lr=9.999e-06
[train] step=476 loss=0.250612 lr=9.999e-06
[train] step=477 loss=0.379053 lr=9.999e-06
[train] step=478 loss=0.237811 lr=9.999e-06
[train] step=479 loss=0.170149 lr=9.999e-06
[train] step=480 loss=0.293543 lr=9.999e-06
[train] step=481 loss=0.419065 lr=9.999e-06
[train] step=482 loss=0.386665 lr=9.999e-06
[train] step=483 loss=0.170444 lr=9.999e-06
[train] step=484 loss=0.336355 lr=9.999e-06
[train] step=485 loss=0.291392 lr=9.999e-06
[train] step=486 loss=0.401700 lr=9.999e-06
[train] step=487 loss=0.260057 lr=9.999e-06
[train] step=488 loss=0.347129 lr=9.999e-06
[train] step=489 loss=0.205838 lr=9.999e-06
[train] step=490 loss=0.329478 lr=9.999e-06
[train] step=491 loss=0.177445 lr=9.999e-06
[train] step=492 loss=0.422199 lr=9.999e-06
[train] step=493 loss=0.423335 lr=9.999e-06
[train] step=494 loss=0.337066 lr=9.999e-06
[train] step=495 loss=0.360926 lr=9.999e-06
[train] step=496 loss=0.208131 lr=9.999e-06
[train] step=497 loss=0.222709 lr=9.999e-06
[train] step=498 loss=0.316785 lr=9.999e-06
[train] step=499 loss=0.353880 lr=9.999e-06
[train] step=500 loss=0.261102 lr=9.999e-06
INFO     [rank 0] Model weights for step 500 saved in        dit_trainer.py:1085
         checkpoints/model_weights_step_00500.safetensors                       
INFO     [rank 0] Scalar embedding weights for step 500      dit_trainer.py:1092
         saved                                                                  
INFO     [rank 0] Training state saved:                      dit_trainer.py:1123
         checkpoints/model_weights_step_00500.state.pt                          
[epoch 1] step=500 train_loss=0.444352
[train] step=501 loss=0.196903 lr=9.999e-06
[train] step=502 loss=0.244738 lr=9.999e-06
[train] step=503 loss=0.370341 lr=9.999e-06
[train] step=504 loss=0.347153 lr=9.999e-06
[train] step=505 loss=0.336191 lr=9.999e-06
[train] step=506 loss=0.299194 lr=9.999e-06
[train] step=507 loss=0.217109 lr=9.999e-06
[train] step=508 loss=0.326124 lr=9.999e-06
[train] step=509 loss=0.194117 lr=9.999e-06
[train] step=510 loss=0.489296 lr=9.999e-06
[train] step=511 loss=0.300453 lr=9.999e-06
[train] step=512 loss=0.173726 lr=9.999e-06
[train] step=513 loss=0.318688 lr=9.999e-06
[train] step=514 loss=0.367192 lr=9.999e-06
[train] step=515 loss=0.345049 lr=9.999e-06
[train] step=516 loss=0.321121 lr=9.999e-06
[train] step=517 loss=0.318482 lr=9.999e-06
[train] step=518 loss=0.317291 lr=9.999e-06
[train] step=519 loss=0.257550 lr=9.999e-06
[train] step=520 loss=0.315780 lr=9.999e-06
[train] step=521 loss=0.177352 lr=9.999e-06
[train] step=522 loss=0.253090 lr=9.999e-06
[train] step=523 loss=0.484153 lr=9.999e-06
[train] step=524 loss=0.294196 lr=9.999e-06
[train] step=525 loss=0.145861 lr=9.999e-06
[train] step=526 loss=0.211546 lr=9.999e-06
[train] step=527 loss=0.280703 lr=9.999e-06
[train] step=528 loss=0.370098 lr=9.999e-06
[train] step=529 loss=0.302763 lr=9.999e-06
[train] step=530 loss=0.340360 lr=9.999e-06
[train] step=531 loss=0.169973 lr=9.999e-06
[train] step=532 loss=0.238575 lr=9.999e-06
[train] step=533 loss=0.315560 lr=9.999e-06
[train] step=534 loss=0.395487 lr=9.999e-06
[train] step=535 loss=0.207631 lr=9.999e-06
[train] step=536 loss=0.332339 lr=9.999e-06
[train] step=537 loss=0.208513 lr=9.999e-06
[train] step=538 loss=0.318493 lr=9.999e-06
[train] step=539 loss=0.295688 lr=9.999e-06
[train] step=540 loss=0.290854 lr=9.999e-06
[train] step=541 loss=0.384584 lr=9.999e-06
[train] step=542 loss=0.239745 lr=9.999e-06
[train] step=543 loss=0.242084 lr=9.999e-06
[train] step=544 loss=0.343498 lr=9.999e-06
[train] step=545 loss=0.408147 lr=9.999e-06
[train] step=546 loss=0.259409 lr=9.999e-06
[train] step=547 loss=0.372506 lr=9.999e-06
[train] step=548 loss=0.236740 lr=9.999e-06
[train] step=549 loss=0.242779 lr=9.999e-06
[train] step=550 loss=0.252900 lr=9.999e-06
[train] step=551 loss=0.178248 lr=9.999e-06
[train] step=552 loss=0.314369 lr=9.999e-06
[train] step=553 loss=0.195006 lr=9.999e-06
[train] step=554 loss=0.248195 lr=9.999e-06
[train] step=555 loss=0.261155 lr=9.999e-06
[train] step=556 loss=0.256400 lr=9.999e-06
[train] step=557 loss=0.275942 lr=9.999e-06
[train] step=558 loss=0.315205 lr=9.999e-06
[train] step=559 loss=0.295731 lr=9.999e-06
[train] step=560 loss=0.292462 lr=9.999e-06
[train] step=561 loss=0.315972 lr=9.999e-06
[train] step=562 loss=0.296102 lr=9.999e-06
[train] step=563 loss=0.352251 lr=9.999e-06
[train] step=564 loss=0.163166 lr=9.999e-06
[train] step=565 loss=0.310347 lr=9.999e-06
[train] step=566 loss=0.239445 lr=9.999e-06
[train] step=567 loss=0.290133 lr=9.999e-06
[train] step=568 loss=0.273846 lr=9.999e-06
[train] step=569 loss=0.230730 lr=9.999e-06
[train] step=570 loss=0.231785 lr=9.999e-06
[train] step=571 loss=0.162967 lr=9.999e-06
[train] step=572 loss=0.170287 lr=9.999e-06
[train] step=573 loss=0.274668 lr=9.999e-06
[train] step=574 loss=0.286862 lr=9.999e-06
[train] step=575 loss=0.233489 lr=9.999e-06
[train] step=576 loss=0.407705 lr=9.999e-06
[train] step=577 loss=0.255009 lr=9.999e-06
[train] step=578 loss=0.290683 lr=9.999e-06
[train] step=579 loss=0.296924 lr=9.999e-06
[train] step=580 loss=0.186166 lr=9.999e-06
[train] step=581 loss=0.205816 lr=9.999e-06
[train] step=582 loss=0.249750 lr=9.999e-06
[train] step=583 loss=0.294439 lr=9.999e-06
[train] step=584 loss=0.211704 lr=9.999e-06
[train] step=585 loss=0.296878 lr=9.999e-06
[train] step=586 loss=0.191855 lr=9.999e-06
[train] step=587 loss=0.243174 lr=9.999e-06
[train] step=588 loss=0.167567 lr=9.999e-06
[train] step=589 loss=0.205757 lr=9.999e-06
[train] step=590 loss=0.303196 lr=9.999e-06
[train] step=591 loss=0.244609 lr=9.999e-06
[train] step=592 loss=0.136660 lr=9.999e-06
[train] step=593 loss=0.234913 lr=9.999e-06
[train] step=594 loss=0.479115 lr=9.999e-06
[train] step=595 loss=0.246219 lr=9.999e-06
[train] step=596 loss=0.221728 lr=9.999e-06
[train] step=597 loss=0.206237 lr=9.999e-06
[train] step=598 loss=0.238987 lr=9.999e-06
[train] step=599 loss=0.233406 lr=9.999e-06
[train] step=600 loss=0.354952 lr=9.999e-06
[train] step=601 loss=0.315858 lr=9.999e-06
[train] step=602 loss=0.318909 lr=9.999e-06
[train] step=603 loss=0.229911 lr=9.999e-06
[train] step=604 loss=0.202555 lr=9.999e-06
[train] step=605 loss=0.258714 lr=9.999e-06
[train] step=606 loss=0.347293 lr=9.999e-06
[train] step=607 loss=0.322812 lr=9.999e-06
[train] step=608 loss=0.141731 lr=9.999e-06
[train] step=609 loss=0.273589 lr=9.999e-06
[train] step=610 loss=0.172416 lr=9.999e-06
[train] step=611 loss=0.245428 lr=9.999e-06
[train] step=612 loss=0.181411 lr=9.999e-06
[train] step=613 loss=0.344653 lr=9.999e-06
[train] step=614 loss=0.293630 lr=9.999e-06
[train] step=615 loss=0.214675 lr=9.999e-06
[train] step=616 loss=0.172258 lr=9.999e-06
[train] step=617 loss=0.246901 lr=9.999e-06
[train] step=618 loss=0.305036 lr=9.999e-06
[train] step=619 loss=0.194143 lr=9.999e-06
[train] step=620 loss=0.389643 lr=9.999e-06
[train] step=621 loss=0.175968 lr=9.999e-06
[train] step=622 loss=0.251435 lr=9.999e-06
[train] step=623 loss=0.227843 lr=9.999e-06
[train] step=624 loss=0.182167 lr=9.999e-06
[train] step=625 loss=0.214161 lr=9.999e-06
[train] step=626 loss=0.220816 lr=9.999e-06
[train] step=627 loss=0.273084 lr=9.999e-06
[train] step=628 loss=0.173472 lr=9.999e-06
[train] step=629 loss=0.215461 lr=9.999e-06
[train] step=630 loss=0.188083 lr=9.999e-06
[train] step=631 loss=0.189007 lr=9.999e-06
[train] step=632 loss=0.239078 lr=9.999e-06
[train] step=633 loss=0.299555 lr=9.999e-06
[train] step=634 loss=0.193993 lr=9.999e-06
[train] step=635 loss=0.319795 lr=9.999e-06
[train] step=636 loss=0.309534 lr=9.999e-06
[train] step=637 loss=0.225295 lr=9.999e-06
[train] step=638 loss=0.229195 lr=9.999e-06
[train] step=639 loss=0.225566 lr=9.999e-06
[train] step=640 loss=0.366074 lr=9.999e-06
[train] step=641 loss=0.267276 lr=9.999e-06
[train] step=642 loss=0.240218 lr=9.999e-06
[train] step=643 loss=0.245679 lr=9.999e-06
[train] step=644 loss=0.219799 lr=9.999e-06
[train] step=645 loss=0.138068 lr=9.999e-06
[train] step=646 loss=0.335302 lr=9.999e-06
[train] step=647 loss=0.340350 lr=9.999e-06
[train] step=648 loss=0.138817 lr=9.999e-06
[train] step=649 loss=0.313922 lr=9.999e-06
[train] step=650 loss=0.275737 lr=9.999e-06
[train] step=651 loss=0.271342 lr=9.999e-06
[train] step=652 loss=0.116717 lr=9.999e-06
[train] step=653 loss=0.233348 lr=9.999e-06
[train] step=654 loss=0.231211 lr=9.999e-06
[train] step=655 loss=0.165375 lr=9.999e-06
[train] step=656 loss=0.192105 lr=9.999e-06
[train] step=657 loss=0.222996 lr=9.999e-06
[train] step=658 loss=0.218710 lr=9.999e-06
[train] step=659 loss=0.226165 lr=9.999e-06
[train] step=660 loss=0.149242 lr=9.999e-06
[train] step=661 loss=0.142139 lr=9.999e-06
[train] step=662 loss=0.089523 lr=9.999e-06
[train] step=663 loss=0.253144 lr=9.999e-06
[train] step=664 loss=0.219992 lr=9.999e-06
[train] step=665 loss=0.304410 lr=9.999e-06
[train] step=666 loss=0.314437 lr=9.999e-06
[train] step=667 loss=0.295287 lr=9.999e-06
[train] step=668 loss=0.310550 lr=9.999e-06
[train] step=669 loss=0.209593 lr=9.999e-06
[train] step=670 loss=0.156944 lr=9.999e-06
[train] step=671 loss=0.241097 lr=9.999e-06
[train] step=672 loss=0.164377 lr=9.999e-06
[train] step=673 loss=0.226787 lr=9.999e-06
[train] step=674 loss=0.127723 lr=9.999e-06
[train] step=675 loss=0.160575 lr=9.999e-06
[train] step=676 loss=0.222722 lr=9.999e-06
[train] step=677 loss=0.177836 lr=9.999e-06
[train] step=678 loss=0.183404 lr=9.999e-06
[train] step=679 loss=0.209168 lr=9.999e-06
[train] step=680 loss=0.258201 lr=9.999e-06
[train] step=681 loss=0.139333 lr=9.999e-06
[train] step=682 loss=0.208816 lr=9.999e-06
[train] step=683 loss=0.180538 lr=9.999e-06
[train] step=684 loss=0.337717 lr=9.999e-06
[train] step=685 loss=0.162131 lr=9.999e-06
[train] step=686 loss=0.120301 lr=9.999e-06
[train] step=687 loss=0.228215 lr=9.999e-06
[train] step=688 loss=0.166001 lr=9.999e-06
[train] step=689 loss=0.309385 lr=9.999e-06
[train] step=690 loss=0.208762 lr=9.999e-06
[train] step=691 loss=0.218566 lr=9.999e-06
[train] step=692 loss=0.165081 lr=9.999e-06
[train] step=693 loss=0.206311 lr=9.999e-06
[train] step=694 loss=0.142166 lr=9.999e-06
[train] step=695 loss=0.269361 lr=9.999e-06
[train] step=696 loss=0.124924 lr=9.999e-06
[train] step=697 loss=0.156296 lr=9.999e-06
[train] step=698 loss=0.142611 lr=9.999e-06
[train] step=699 loss=0.185424 lr=9.999e-06
[train] step=700 loss=0.348510 lr=9.999e-06
[train] step=701 loss=0.144506 lr=9.999e-06
[train] step=702 loss=0.234958 lr=9.999e-06
[train] step=703 loss=0.185986 lr=9.999e-06
[train] step=704 loss=0.190941 lr=9.999e-06
[train] step=705 loss=0.225337 lr=9.999e-06
[train] step=706 loss=0.153429 lr=9.999e-06
[train] step=707 loss=0.114442 lr=9.999e-06
[train] step=708 loss=0.203226 lr=9.999e-06
[train] step=709 loss=0.230339 lr=9.999e-06
[train] step=710 loss=0.211064 lr=9.999e-06
[train] step=711 loss=0.173181 lr=9.999e-06
[train] step=712 loss=0.114604 lr=9.999e-06
[train] step=713 loss=0.225765 lr=9.999e-06
[train] step=714 loss=0.158901 lr=9.999e-06
[train] step=715 loss=0.226446 lr=9.999e-06
[train] step=716 loss=0.192890 lr=9.999e-06
[train] step=717 loss=0.221327 lr=9.999e-06
[train] step=718 loss=0.185765 lr=9.999e-06
[train] step=719 loss=0.133471 lr=9.999e-06
[train] step=720 loss=0.256030 lr=9.999e-06
[train] step=721 loss=0.109361 lr=9.999e-06
[train] step=722 loss=0.206086 lr=9.999e-06
[train] step=723 loss=0.223140 lr=9.999e-06
[train] step=724 loss=0.233223 lr=9.999e-06
[train] step=725 loss=0.153871 lr=9.999e-06
[train] step=726 loss=0.270850 lr=9.999e-06
[train] step=727 loss=0.195662 lr=9.999e-06
[train] step=728 loss=0.199253 lr=9.999e-06
[train] step=729 loss=0.201114 lr=9.999e-06
[train] step=730 loss=0.126075 lr=9.999e-06
[train] step=731 loss=0.207542 lr=9.999e-06
[train] step=732 loss=0.215960 lr=9.999e-06
[train] step=733 loss=0.238364 lr=9.999e-06
[train] step=734 loss=0.208204 lr=9.999e-06
[train] step=735 loss=0.172916 lr=9.999e-06
[train] step=736 loss=0.173748 lr=9.999e-06
[train] step=737 loss=0.175746 lr=9.999e-06
[train] step=738 loss=0.167358 lr=9.999e-06
[train] step=739 loss=0.144296 lr=9.999e-06
[train] step=740 loss=0.210311 lr=9.999e-06
[train] step=741 loss=0.283653 lr=9.999e-06
[train] step=742 loss=0.145653 lr=9.999e-06
[train] step=743 loss=0.116044 lr=9.999e-06
[train] step=744 loss=0.129199 lr=9.999e-06
[train] step=745 loss=0.205089 lr=9.999e-06
[train] step=746 loss=0.198470 lr=9.999e-06
[train] step=747 loss=0.162585 lr=9.999e-06
[train] step=748 loss=0.208678 lr=9.999e-06
[train] step=749 loss=0.240035 lr=9.999e-06
[train] step=750 loss=0.139963 lr=9.999e-06
[train] step=751 loss=0.134381 lr=9.999e-06
[train] step=752 loss=0.169497 lr=9.999e-06
[train] step=753 loss=0.323996 lr=9.999e-06
[train] step=754 loss=0.394488 lr=9.999e-06
[train] step=755 loss=0.294352 lr=9.999e-06
[train] step=756 loss=0.186128 lr=9.999e-06
[train] step=757 loss=0.298205 lr=9.999e-06
[train] step=758 loss=0.221780 lr=9.999e-06
[train] step=759 loss=0.180775 lr=9.999e-06
[train] step=760 loss=0.148619 lr=9.999e-06
[train] step=761 loss=0.115118 lr=9.999e-06
[train] step=762 loss=0.244816 lr=9.999e-06
[train] step=763 loss=0.155198 lr=9.999e-06
[train] step=764 loss=0.177110 lr=9.999e-06
[train] step=765 loss=0.152750 lr=9.999e-06
[train] step=766 loss=0.127363 lr=9.999e-06
[train] step=767 loss=0.174498 lr=9.999e-06
[train] step=768 loss=0.147506 lr=9.999e-06
[train] step=769 loss=0.139122 lr=9.999e-06
[train] step=770 loss=0.267986 lr=9.999e-06
[train] step=771 loss=0.190878 lr=9.999e-06
[train] step=772 loss=0.087694 lr=9.999e-06
[train] step=773 loss=0.342082 lr=9.999e-06
[train] step=774 loss=0.162996 lr=9.999e-06
[train] step=775 loss=0.173745 lr=9.999e-06
[train] step=776 loss=0.180056 lr=9.999e-06
[train] step=777 loss=0.197156 lr=9.999e-06
[train] step=778 loss=0.206581 lr=9.999e-06
[train] step=779 loss=0.281322 lr=9.999e-06
[train] step=780 loss=0.116665 lr=9.999e-06
[train] step=781 loss=0.355311 lr=9.999e-06
[train] step=782 loss=0.245658 lr=9.998e-06
[train] step=783 loss=0.187142 lr=9.998e-06
[train] step=784 loss=0.103166 lr=9.998e-06
[train] step=785 loss=0.212067 lr=9.998e-06
[train] step=786 loss=0.282908 lr=9.998e-06
[train] step=787 loss=0.127218 lr=9.998e-06
[train] step=788 loss=0.275088 lr=9.998e-06
[train] step=789 loss=0.133043 lr=9.998e-06
[train] step=790 loss=0.117882 lr=9.998e-06
[train] step=791 loss=0.191375 lr=9.998e-06
[train] step=792 loss=0.462042 lr=9.998e-06
[train] step=793 loss=0.241177 lr=9.998e-06
[train] step=794 loss=0.213166 lr=9.998e-06
[train] step=795 loss=0.113274 lr=9.998e-06
[train] step=796 loss=0.200992 lr=9.998e-06
[train] step=797 loss=0.115713 lr=9.998e-06
[train] step=798 loss=0.197892 lr=9.998e-06
[train] step=799 loss=0.182016 lr=9.998e-06
[train] step=800 loss=0.119596 lr=9.998e-06
[train] step=801 loss=0.133636 lr=9.998e-06
[train] step=802 loss=0.155123 lr=9.998e-06
[train] step=803 loss=0.188444 lr=9.998e-06
[train] step=804 loss=0.269139 lr=9.998e-06
[train] step=805 loss=0.096480 lr=9.998e-06
[train] step=806 loss=0.143289 lr=9.998e-06
[train] step=807 loss=0.169962 lr=9.998e-06
[train] step=808 loss=0.208684 lr=9.998e-06
[train] step=809 loss=0.235618 lr=9.998e-06
[train] step=810 loss=0.224049 lr=9.998e-06
[train] step=811 loss=0.140329 lr=9.998e-06
[train] step=812 loss=0.240787 lr=9.998e-06
[train] step=813 loss=0.100131 lr=9.998e-06
[train] step=814 loss=0.115661 lr=9.998e-06
[train] step=815 loss=0.236384 lr=9.998e-06
[train] step=816 loss=0.145222 lr=9.998e-06
[train] step=817 loss=0.264664 lr=9.998e-06
[train] step=818 loss=0.196777 lr=9.998e-06
[train] step=819 loss=0.128727 lr=9.998e-06
[train] step=820 loss=0.123542 lr=9.998e-06
[train] step=821 loss=0.132598 lr=9.998e-06
[train] step=822 loss=0.166672 lr=9.998e-06
[train] step=823 loss=0.126753 lr=9.998e-06
[train] step=824 loss=0.163965 lr=9.998e-06
[train] step=825 loss=0.191995 lr=9.998e-06
[train] step=826 loss=0.119907 lr=9.998e-06
[train] step=827 loss=0.124480 lr=9.998e-06
[train] step=828 loss=0.165103 lr=9.998e-06
[train] step=829 loss=0.139043 lr=9.998e-06
[train] step=830 loss=0.209205 lr=9.998e-06
[train] step=831 loss=0.163363 lr=9.998e-06
[train] step=832 loss=0.178794 lr=9.998e-06
[train] step=833 loss=0.165774 lr=9.998e-06
[train] step=834 loss=0.181787 lr=9.998e-06
[train] step=835 loss=0.244357 lr=9.998e-06
[train] step=836 loss=0.155149 lr=9.998e-06
[train] step=837 loss=0.129753 lr=9.998e-06
[train] step=838 loss=0.067138 lr=9.998e-06
[train] step=839 loss=0.241390 lr=9.998e-06
[train] step=840 loss=0.120830 lr=9.998e-06
[train] step=841 loss=0.118257 lr=9.998e-06
[train] step=842 loss=0.168190 lr=9.998e-06
[train] step=843 loss=0.105855 lr=9.998e-06
[train] step=844 loss=0.125658 lr=9.998e-06
[train] step=845 loss=0.187107 lr=9.998e-06
[train] step=846 loss=0.147304 lr=9.998e-06
[train] step=847 loss=0.107891 lr=9.998e-06
[train] step=848 loss=0.089033 lr=9.998e-06
[train] step=849 loss=0.255776 lr=9.998e-06
[train] step=850 loss=0.168048 lr=9.998e-06
[train] step=851 loss=0.154679 lr=9.998e-06
[train] step=852 loss=0.143814 lr=9.998e-06
[train] step=853 loss=0.110360 lr=9.998e-06
[train] step=854 loss=0.168414 lr=9.998e-06
[train] step=855 loss=0.205701 lr=9.998e-06
[train] step=856 loss=0.248434 lr=9.998e-06
[train] step=857 loss=0.098191 lr=9.998e-06
[train] step=858 loss=0.159125 lr=9.998e-06
[train] step=859 loss=0.158645 lr=9.998e-06
[train] step=860 loss=0.248317 lr=9.998e-06
[train] step=861 loss=0.223307 lr=9.998e-06
[train] step=862 loss=0.098763 lr=9.998e-06
[train] step=863 loss=0.132554 lr=9.998e-06
[train] step=864 loss=0.099240 lr=9.998e-06
[train] step=865 loss=0.169163 lr=9.998e-06
[train] step=866 loss=0.100335 lr=9.998e-06
[train] step=867 loss=0.215733 lr=9.998e-06
[train] step=868 loss=0.179859 lr=9.998e-06
[train] step=869 loss=0.181634 lr=9.998e-06
[train] step=870 loss=0.104872 lr=9.998e-06
[train] step=871 loss=0.128560 lr=9.998e-06
[train] step=872 loss=0.126616 lr=9.998e-06
[train] step=873 loss=0.139189 lr=9.998e-06
[train] step=874 loss=0.146839 lr=9.998e-06
[train] step=875 loss=0.116077 lr=9.998e-06
[train] step=876 loss=0.213350 lr=9.998e-06
[train] step=877 loss=0.248422 lr=9.998e-06
[train] step=878 loss=0.188065 lr=9.998e-06
[train] step=879 loss=0.133411 lr=9.998e-06
[train] step=880 loss=0.152543 lr=9.998e-06
[train] step=881 loss=0.110541 lr=9.998e-06
[train] step=882 loss=0.141299 lr=9.998e-06
[train] step=883 loss=0.085752 lr=9.998e-06
[train] step=884 loss=0.186254 lr=9.998e-06
[train] step=885 loss=0.176375 lr=9.998e-06
[train] step=886 loss=0.145817 lr=9.998e-06
[train] step=887 loss=0.073395 lr=9.998e-06
[train] step=888 loss=0.232300 lr=9.998e-06
[train] step=889 loss=0.114323 lr=9.998e-06
[train] step=890 loss=0.124334 lr=9.998e-06
[train] step=891 loss=0.276355 lr=9.998e-06
[train] step=892 loss=0.170477 lr=9.998e-06
[train] step=893 loss=0.120522 lr=9.998e-06
[train] step=894 loss=0.125168 lr=9.998e-06
[train] step=895 loss=0.213781 lr=9.998e-06
[train] step=896 loss=0.158125 lr=9.998e-06
[train] step=897 loss=0.112396 lr=9.998e-06
[train] step=898 loss=0.097190 lr=9.998e-06
[train] step=899 loss=0.084487 lr=9.998e-06
[train] step=900 loss=0.111882 lr=9.998e-06
[train] step=901 loss=0.082923 lr=9.998e-06
[train] step=902 loss=0.116109 lr=9.998e-06
[train] step=903 loss=0.225331 lr=9.998e-06
[train] step=904 loss=0.197951 lr=9.998e-06
[train] step=905 loss=0.185604 lr=9.998e-06
[train] step=906 loss=0.139679 lr=9.998e-06
[train] step=907 loss=0.112805 lr=9.998e-06
[train] step=908 loss=0.100912 lr=9.998e-06
[train] step=909 loss=0.079914 lr=9.998e-06
[train] step=910 loss=0.171507 lr=9.998e-06
[train] step=911 loss=0.147988 lr=9.998e-06
[train] step=912 loss=0.172201 lr=9.998e-06
[train] step=913 loss=0.134329 lr=9.998e-06
[train] step=914 loss=0.140428 lr=9.998e-06
[train] step=915 loss=0.128776 lr=9.998e-06
[train] step=916 loss=0.072448 lr=9.998e-06
[train] step=917 loss=0.148062 lr=9.998e-06
[train] step=918 loss=0.151329 lr=9.998e-06
[train] step=919 loss=0.163030 lr=9.998e-06
[train] step=920 loss=0.137594 lr=9.998e-06
[train] step=921 loss=0.134108 lr=9.998e-06
[train] step=922 loss=0.295526 lr=9.998e-06
[train] step=923 loss=0.135204 lr=9.998e-06
[train] step=924 loss=0.080837 lr=9.998e-06
[train] step=925 loss=0.179840 lr=9.998e-06
[train] step=926 loss=0.137721 lr=9.998e-06
[train] step=927 loss=0.074112 lr=9.998e-06
[train] step=928 loss=0.087517 lr=9.998e-06
[train] step=929 loss=0.118547 lr=9.998e-06
[train] step=930 loss=0.103754 lr=9.998e-06
[train] step=931 loss=0.202095 lr=9.998e-06
[train] step=932 loss=0.105412 lr=9.998e-06
[train] step=933 loss=0.152642 lr=9.998e-06
[train] step=934 loss=0.099409 lr=9.998e-06
[train] step=935 loss=0.123294 lr=9.998e-06
[train] step=936 loss=0.078107 lr=9.998e-06
[train] step=937 loss=0.247709 lr=9.998e-06
[train] step=938 loss=0.143966 lr=9.998e-06
[train] step=939 loss=0.080923 lr=9.998e-06
[train] step=940 loss=0.109564 lr=9.998e-06
[train] step=941 loss=0.156086 lr=9.998e-06
[train] step=942 loss=0.102543 lr=9.998e-06
[train] step=943 loss=0.220181 lr=9.998e-06
[train] step=944 loss=0.196979 lr=9.998e-06
[train] step=945 loss=0.092479 lr=9.998e-06
[train] step=946 loss=0.061165 lr=9.998e-06
[train] step=947 loss=0.156435 lr=9.998e-06
[train] step=948 loss=0.094349 lr=9.998e-06
[train] step=949 loss=0.115974 lr=9.998e-06
[train] step=950 loss=0.073974 lr=9.998e-06
[train] step=951 loss=0.157445 lr=9.998e-06
[train] step=952 loss=0.091510 lr=9.998e-06
[train] step=953 loss=0.132527 lr=9.998e-06
[train] step=954 loss=0.159414 lr=9.998e-06
[train] step=955 loss=0.112620 lr=9.998e-06
[train] step=956 loss=0.178262 lr=9.998e-06
[train] step=957 loss=0.083305 lr=9.998e-06
[train] step=958 loss=0.111493 lr=9.998e-06
[train] step=959 loss=0.176046 lr=9.998e-06
[train] step=960 loss=0.151257 lr=9.998e-06
[train] step=961 loss=0.123406 lr=9.998e-06
[train] step=962 loss=0.123653 lr=9.998e-06
[train] step=963 loss=0.091225 lr=9.998e-06
[train] step=964 loss=0.131789 lr=9.998e-06
[train] step=965 loss=0.099098 lr=9.998e-06
[train] step=966 loss=0.124515 lr=9.998e-06
[train] step=967 loss=0.087379 lr=9.998e-06
[train] step=968 loss=0.071916 lr=9.998e-06
[train] step=969 loss=0.108369 lr=9.998e-06
[train] step=970 loss=0.117070 lr=9.998e-06
[train] step=971 loss=0.104320 lr=9.998e-06
[train] step=972 loss=0.081949 lr=9.998e-06
[train] step=973 loss=0.081196 lr=9.998e-06
[train] step=974 loss=0.164008 lr=9.998e-06
[train] step=975 loss=0.114942 lr=9.998e-06
[train] step=976 loss=0.113832 lr=9.998e-06
[train] step=977 loss=0.093422 lr=9.998e-06
[train] step=978 loss=0.225548 lr=9.998e-06
[train] step=979 loss=0.088073 lr=9.998e-06
[train] step=980 loss=0.118357 lr=9.998e-06
[train] step=981 loss=0.111178 lr=9.998e-06
[train] step=982 loss=0.117618 lr=9.998e-06
[train] step=983 loss=0.122079 lr=9.998e-06
[train] step=984 loss=0.125590 lr=9.998e-06
[train] step=985 loss=0.122306 lr=9.998e-06
[train] step=986 loss=0.105613 lr=9.998e-06
[train] step=987 loss=0.080908 lr=9.998e-06
[train] step=988 loss=0.081297 lr=9.998e-06
[train] step=989 loss=0.073498 lr=9.998e-06
[train] step=990 loss=0.140211 lr=9.998e-06
[train] step=991 loss=0.182204 lr=9.998e-06
[train] step=992 loss=0.219082 lr=9.998e-06
[train] step=993 loss=0.173852 lr=9.998e-06
[train] step=994 loss=0.074664 lr=9.998e-06
[train] step=995 loss=0.109232 lr=9.998e-06
[train] step=996 loss=0.133135 lr=9.998e-06
[train] step=997 loss=0.091689 lr=9.998e-06
[train] step=998 loss=0.133062 lr=9.998e-06
[train] step=999 loss=0.081027 lr=9.998e-06
[train] step=1000 loss=0.190000 lr=9.998e-06
INFO     [rank 0] Model weights for step 1000 saved in       dit_trainer.py:1085
         checkpoints/model_weights_step_01000.safetensors                       
INFO     [rank 0] Scalar embedding weights for step 1000     dit_trainer.py:1092
         saved                                                                  
INFO     [rank 0] Training state saved:                      dit_trainer.py:1123
         checkpoints/model_weights_step_01000.state.pt                          
DEBUG    [rank 0] Removed old checkpoint:                    dit_trainer.py:1136
         /local/disk/hramachandran/work/wh_work/windinet/dit                    
         _throughput_sweep_bs4/checkpoints/model_weights_ste                    
         p_00500.safetensors                                                    
DEBUG    [rank 0] Removed old checkpoint:                    dit_trainer.py:1136
         /local/disk/hramachandran/work/wh_work/windinet/dit                    
         _throughput_sweep_bs4/checkpoints/model_weights_ste                    
         p_00500.state.pt                                                       
DEBUG    [rank 0] Removed old checkpoint:                    dit_trainer.py:1136
         /local/disk/hramachandran/work/wh_work/windinet/dit                    
         _throughput_sweep_bs4/checkpoints/scalar_embedding_                    
         step_00500.safetensors                                                 
[epoch 2] step=1000 train_loss=0.197073
[train] step=1001 loss=0.111459 lr=9.998e-06
[train] step=1002 loss=0.130579 lr=9.998e-06
[train] step=1003 loss=0.210129 lr=9.998e-06
[train] step=1004 loss=0.194552 lr=9.998e-06
[train] step=1005 loss=0.079264 lr=9.998e-06
[train] step=1006 loss=0.128826 lr=9.998e-06
[train] step=1007 loss=0.107409 lr=9.998e-06
[train] step=1008 loss=0.129048 lr=9.998e-06
[train] step=1009 loss=0.168573 lr=9.997e-06
[train] step=1010 loss=0.104241 lr=9.997e-06
[train] step=1011 loss=0.123112 lr=9.997e-06
[train] step=1012 loss=0.111295 lr=9.997e-06
[train] step=1013 loss=0.197683 lr=9.997e-06
[train] step=1014 loss=0.086153 lr=9.997e-06
[train] step=1015 loss=0.091332 lr=9.997e-06
[train] step=1016 loss=0.129470 lr=9.997e-06
[train] step=1017 loss=0.125577 lr=9.997e-06
[train] step=1018 loss=0.114695 lr=9.997e-06
[train] step=1019 loss=0.074607 lr=9.997e-06
[train] step=1020 loss=0.151047 lr=9.997e-06
[train] step=1021 loss=0.267101 lr=9.997e-06
[train] step=1022 loss=0.092241 lr=9.997e-06
[train] step=1023 loss=0.100725 lr=9.997e-06
[train] step=1024 loss=0.153076 lr=9.997e-06
[train] step=1025 loss=0.117989 lr=9.997e-06
[train] step=1026 loss=0.092481 lr=9.997e-06
[train] step=1027 loss=0.071405 lr=9.997e-06
[train] step=1028 loss=0.086760 lr=9.997e-06
[train] step=1029 loss=0.073188 lr=9.997e-06
[train] step=1030 loss=0.121675 lr=9.997e-06
[train] step=1031 loss=0.117315 lr=9.997e-06
[train] step=1032 loss=0.117237 lr=9.997e-06
[train] step=1033 loss=0.118591 lr=9.997e-06
[train] step=1034 loss=0.152496 lr=9.997e-06
[train] step=1035 loss=0.065590 lr=9.997e-06
[train] step=1036 loss=0.126154 lr=9.997e-06
[train] step=1037 loss=0.106831 lr=9.997e-06
[train] step=1038 loss=0.182770 lr=9.997e-06
[train] step=1039 loss=0.073401 lr=9.997e-06
[train] step=1040 loss=0.355035 lr=9.997e-06
[train] step=1041 loss=0.095802 lr=9.997e-06
[train] step=1042 loss=0.058273 lr=9.997e-06
[train] step=1043 loss=0.120066 lr=9.997e-06
[train] step=1044 loss=0.121006 lr=9.997e-06
[train] step=1045 loss=0.093409 lr=9.997e-06
[train] step=1046 loss=0.108876 lr=9.997e-06
[train] step=1047 loss=0.106331 lr=9.997e-06
[train] step=1048 loss=0.122026 lr=9.997e-06
[train] step=1049 loss=0.061287 lr=9.997e-06
[train] step=1050 loss=0.221604 lr=9.997e-06
[train] step=1051 loss=0.132411 lr=9.997e-06
[train] step=1052 loss=0.135107 lr=9.997e-06
[train] step=1053 loss=0.086692 lr=9.997e-06
[train] step=1054 loss=0.126369 lr=9.997e-06
[train] step=1055 loss=0.106020 lr=9.997e-06
[train] step=1056 loss=0.047131 lr=9.997e-06
[train] step=1057 loss=0.101720 lr=9.997e-06
[train] step=1058 loss=0.089405 lr=9.997e-06
[train] step=1059 loss=0.102495 lr=9.997e-06
[train] step=1060 loss=0.082050 lr=9.997e-06
[train] step=1061 loss=0.082028 lr=9.997e-06
[train] step=1062 loss=0.089420 lr=9.997e-06
[train] step=1063 loss=0.133015 lr=9.997e-06
[train] step=1064 loss=0.106421 lr=9.997e-06
[train] step=1065 loss=0.087994 lr=9.997e-06
[train] step=1066 loss=0.079278 lr=9.997e-06
[train] step=1067 loss=0.106533 lr=9.997e-06
[train] step=1068 loss=0.081157 lr=9.997e-06
[train] step=1069 loss=0.097811 lr=9.997e-06
[train] step=1070 loss=0.098401 lr=9.997e-06
[train] step=1071 loss=0.172127 lr=9.997e-06
[train] step=1072 loss=0.081996 lr=9.997e-06
[train] step=1073 loss=0.109026 lr=9.997e-06
[train] step=1074 loss=0.120278 lr=9.997e-06
[train] step=1075 loss=0.227818 lr=9.997e-06
[train] step=1076 loss=0.060238 lr=9.997e-06
[train] step=1077 loss=0.147209 lr=9.997e-06
[train] step=1078 loss=0.101858 lr=9.997e-06
[train] step=1079 loss=0.082312 lr=9.997e-06
[train] step=1080 loss=0.077750 lr=9.997e-06
[train] step=1081 loss=0.049024 lr=9.997e-06
[train] step=1082 loss=0.088808 lr=9.997e-06
[train] step=1083 loss=0.133581 lr=9.997e-06
[train] step=1084 loss=0.199188 lr=9.997e-06
[train] step=1085 loss=0.123552 lr=9.997e-06
[train] step=1086 loss=0.105767 lr=9.997e-06
[train] step=1087 loss=0.103794 lr=9.997e-06
[train] step=1088 loss=0.098395 lr=9.997e-06
[train] step=1089 loss=0.057162 lr=9.997e-06
[train] step=1090 loss=0.058829 lr=9.997e-06
[train] step=1091 loss=0.094660 lr=9.997e-06
[train] step=1092 loss=0.093200 lr=9.997e-06
[train] step=1093 loss=0.248718 lr=9.997e-06
[train] step=1094 loss=0.130809 lr=9.997e-06
[train] step=1095 loss=0.076790 lr=9.997e-06
[train] step=1096 loss=0.147354 lr=9.997e-06
[train] step=1097 loss=0.107574 lr=9.997e-06
[train] step=1098 loss=0.062302 lr=9.997e-06
[train] step=1099 loss=0.078968 lr=9.997e-06
[train] step=1100 loss=0.161397 lr=9.997e-06
[train] step=1101 loss=0.132296 lr=9.997e-06
[train] step=1102 loss=0.134707 lr=9.997e-06
[train] step=1103 loss=0.062293 lr=9.997e-06
[train] step=1104 loss=0.121310 lr=9.997e-06
[train] step=1105 loss=0.086860 lr=9.997e-06
[train] step=1106 loss=0.110778 lr=9.997e-06
[train] step=1107 loss=0.102001 lr=9.997e-06
[train] step=1108 loss=0.096918 lr=9.997e-06
[train] step=1109 loss=0.081093 lr=9.997e-06
[train] step=1110 loss=0.093253 lr=9.997e-06
[train] step=1111 loss=0.176591 lr=9.997e-06
[train] step=1112 loss=0.063578 lr=9.997e-06
[train] step=1113 loss=0.104791 lr=9.997e-06
[train] step=1114 loss=0.065891 lr=9.997e-06
[train] step=1115 loss=0.065152 lr=9.997e-06
[train] step=1116 loss=0.078975 lr=9.997e-06
[train] step=1117 loss=0.059714 lr=9.997e-06
[train] step=1118 loss=0.086314 lr=9.997e-06
[train] step=1119 loss=0.073151 lr=9.997e-06
[train] step=1120 loss=0.113372 lr=9.997e-06
[train] step=1121 loss=0.089451 lr=9.997e-06
[train] step=1122 loss=0.108440 lr=9.997e-06
[train] step=1123 loss=0.075610 lr=9.997e-06
[train] step=1124 loss=0.089378 lr=9.997e-06
[train] step=1125 loss=0.220891 lr=9.997e-06
[train] step=1126 loss=0.074695 lr=9.997e-06
[train] step=1127 loss=0.081759 lr=9.997e-06
[train] step=1128 loss=0.068862 lr=9.997e-06
[train] step=1129 loss=0.085569 lr=9.997e-06
[train] step=1130 loss=0.062276 lr=9.997e-06
[train] step=1131 loss=0.082497 lr=9.997e-06
[train] step=1132 loss=0.066919 lr=9.997e-06
[train] step=1133 loss=0.119820 lr=9.997e-06
[train] step=1134 loss=0.113348 lr=9.997e-06
[train] step=1135 loss=0.161953 lr=9.997e-06
[train] step=1136 loss=0.093068 lr=9.997e-06
[train] step=1137 loss=0.099168 lr=9.997e-06
[train] step=1138 loss=0.080352 lr=9.997e-06
[train] step=1139 loss=0.071216 lr=9.997e-06
[train] step=1140 loss=0.086794 lr=9.997e-06
[train] step=1141 loss=0.107078 lr=9.997e-06
[train] step=1142 loss=0.091102 lr=9.997e-06
[train] step=1143 loss=0.159623 lr=9.997e-06
[train] step=1144 loss=0.065213 lr=9.997e-06
[train] step=1145 loss=0.064674 lr=9.997e-06
[train] step=1146 loss=0.100025 lr=9.997e-06
[train] step=1147 loss=0.069278 lr=9.997e-06
[train] step=1148 loss=0.058540 lr=9.997e-06
[train] step=1149 loss=0.074130 lr=9.997e-06
[train] step=1150 loss=0.101854 lr=9.997e-06
[train] step=1151 loss=0.073798 lr=9.997e-06
[train] step=1152 loss=0.084813 lr=9.997e-06
[train] step=1153 loss=0.057940 lr=9.997e-06
[train] step=1154 loss=0.092897 lr=9.997e-06
[train] step=1155 loss=0.101461 lr=9.997e-06
[train] step=1156 loss=0.093708 lr=9.997e-06
[train] step=1157 loss=0.062414 lr=9.997e-06
[train] step=1158 loss=0.045692 lr=9.997e-06
[train] step=1159 loss=0.066929 lr=9.997e-06
[train] step=1160 loss=0.069578 lr=9.997e-06
[train] step=1161 loss=0.086103 lr=9.997e-06
[train] step=1162 loss=0.089120 lr=9.997e-06
[train] step=1163 loss=0.126925 lr=9.997e-06
[train] step=1164 loss=0.089565 lr=9.997e-06
[train] step=1165 loss=0.062013 lr=9.997e-06
[train] step=1166 loss=0.082411 lr=9.997e-06
[train] step=1167 loss=0.117257 lr=9.997e-06
[train] step=1168 loss=0.094166 lr=9.997e-06
[train] step=1169 loss=0.074021 lr=9.997e-06
[train] step=1170 loss=0.061196 lr=9.997e-06
[train] step=1171 loss=0.065736 lr=9.997e-06
[train] step=1172 loss=0.114287 lr=9.997e-06
[train] step=1173 loss=0.066883 lr=9.997e-06
[train] step=1174 loss=0.039723 lr=9.997e-06
[train] step=1175 loss=0.146991 lr=9.997e-06
[train] step=1176 loss=0.084800 lr=9.997e-06
[train] step=1177 loss=0.161259 lr=9.997e-06
[train] step=1178 loss=0.043700 lr=9.997e-06
[train] step=1179 loss=0.180472 lr=9.997e-06
[train] step=1180 loss=0.068627 lr=9.997e-06
[train] step=1181 loss=0.085961 lr=9.997e-06
[train] step=1182 loss=0.095073 lr=9.997e-06
[train] step=1183 loss=0.163539 lr=9.997e-06
[train] step=1184 loss=0.111469 lr=9.997e-06
[train] step=1185 loss=0.083687 lr=9.997e-06
[train] step=1186 loss=0.150321 lr=9.997e-06
[train] step=1187 loss=0.102714 lr=9.997e-06
[train] step=1188 loss=0.065931 lr=9.997e-06
[train] step=1189 loss=0.051878 lr=9.997e-06
[train] step=1190 loss=0.124713 lr=9.997e-06
[train] step=1191 loss=0.062688 lr=9.997e-06
[train] step=1192 loss=0.152758 lr=9.997e-06
[train] step=1193 loss=0.085823 lr=9.996e-06
[train] step=1194 loss=0.119303 lr=9.996e-06
[train] step=1195 loss=0.121000 lr=9.996e-06
[train] step=1196 loss=0.072277 lr=9.996e-06
[train] step=1197 loss=0.145140 lr=9.996e-06
[train] step=1198 loss=0.087612 lr=9.996e-06
[train] step=1199 loss=0.084354 lr=9.996e-06
[train] step=1200 loss=0.063394 lr=9.996e-06
[train] step=1201 loss=0.054422 lr=9.996e-06
[train] step=1202 loss=0.138313 lr=9.996e-06
[train] step=1203 loss=0.142350 lr=9.996e-06
[train] step=1204 loss=0.060485 lr=9.996e-06
[train] step=1205 loss=0.130852 lr=9.996e-06
[train] step=1206 loss=0.089439 lr=9.996e-06
[train] step=1207 loss=0.050253 lr=9.996e-06
[train] step=1208 loss=0.069577 lr=9.996e-06
[train] step=1209 loss=0.083454 lr=9.996e-06
[train] step=1210 loss=0.073361 lr=9.996e-06
[train] step=1211 loss=0.093764 lr=9.996e-06
[train] step=1212 loss=0.083371 lr=9.996e-06
[train] step=1213 loss=0.056934 lr=9.996e-06
[train] step=1214 loss=0.215789 lr=9.996e-06
[train] step=1215 loss=0.045952 lr=9.996e-06
[train] step=1216 loss=0.076661 lr=9.996e-06
[train] step=1217 loss=0.095874 lr=9.996e-06
[train] step=1218 loss=0.103119 lr=9.996e-06
[train] step=1219 loss=0.075079 lr=9.996e-06
[train] step=1220 loss=0.069632 lr=9.996e-06
[train] step=1221 loss=0.090663 lr=9.996e-06
[train] step=1222 loss=0.056795 lr=9.996e-06
[train] step=1223 loss=0.154768 lr=9.996e-06
[train] step=1224 loss=0.069219 lr=9.996e-06
[train] step=1225 loss=0.067738 lr=9.996e-06
[train] step=1226 loss=0.186975 lr=9.996e-06
[train] step=1227 loss=0.112704 lr=9.996e-06
[train] step=1228 loss=0.055288 lr=9.996e-06
[train] step=1229 loss=0.059917 lr=9.996e-06
[train] step=1230 loss=0.097704 lr=9.996e-06
[train] step=1231 loss=0.075203 lr=9.996e-06
[train] step=1232 loss=0.049599 lr=9.996e-06
[train] step=1233 loss=0.075671 lr=9.996e-06
[train] step=1234 loss=0.110138 lr=9.996e-06
[train] step=1235 loss=0.099932 lr=9.996e-06
[train] step=1236 loss=0.061820 lr=9.996e-06
[train] step=1237 loss=0.065280 lr=9.996e-06
[train] step=1238 loss=0.051247 lr=9.996e-06
[train] step=1239 loss=0.103606 lr=9.996e-06
[train] step=1240 loss=0.077544 lr=9.996e-06
[train] step=1241 loss=0.070496 lr=9.996e-06
[train] step=1242 loss=0.060811 lr=9.996e-06
[train] step=1243 loss=0.119822 lr=9.996e-06
[train] step=1244 loss=0.070837 lr=9.996e-06
[train] step=1245 loss=0.043659 lr=9.996e-06
[train] step=1246 loss=0.053813 lr=9.996e-06
[train] step=1247 loss=0.039616 lr=9.996e-06
[train] step=1248 loss=0.064139 lr=9.996e-06
[train] step=1249 loss=0.053635 lr=9.996e-06
[train] step=1250 loss=0.136584 lr=9.996e-06
[train] step=1251 loss=0.202929 lr=9.996e-06
[train] step=1252 loss=0.179182 lr=9.996e-06
[train] step=1253 loss=0.113377 lr=9.996e-06
[train] step=1254 loss=0.105063 lr=9.996e-06
[train] step=1255 loss=0.056714 lr=9.996e-06
[train] step=1256 loss=0.142934 lr=9.996e-06
[train] step=1257 loss=0.093074 lr=9.996e-06
[train] step=1258 loss=0.056095 lr=9.996e-06
[train] step=1259 loss=0.081628 lr=9.996e-06
[train] step=1260 loss=0.111488 lr=9.996e-06
[train] step=1261 loss=0.073582 lr=9.996e-06
[train] step=1262 loss=0.071164 lr=9.996e-06
[train] step=1263 loss=0.052948 lr=9.996e-06
[train] step=1264 loss=0.083708 lr=9.996e-06
[train] step=1265 loss=0.054619 lr=9.996e-06
[train] step=1266 loss=0.056199 lr=9.996e-06
[train] step=1267 loss=0.126134 lr=9.996e-06
[train] step=1268 loss=0.085123 lr=9.996e-06
[train] step=1269 loss=0.043247 lr=9.996e-06
[train] step=1270 loss=0.231315 lr=9.996e-06
[train] step=1271 loss=0.063790 lr=9.996e-06
[train] step=1272 loss=0.065493 lr=9.996e-06
[train] step=1273 loss=0.055742 lr=9.996e-06
[train] step=1274 loss=0.080945 lr=9.996e-06
[train] step=1275 loss=0.091815 lr=9.996e-06
[train] step=1276 loss=0.072416 lr=9.996e-06
[train] step=1277 loss=0.044913 lr=9.996e-06
[train] step=1278 loss=0.101362 lr=9.996e-06
[train] step=1279 loss=0.066909 lr=9.996e-06
[train] step=1280 loss=0.050249 lr=9.996e-06
[train] step=1281 loss=0.081668 lr=9.996e-06
[train] step=1282 loss=0.099460 lr=9.996e-06
[train] step=1283 loss=0.072363 lr=9.996e-06
[train] step=1284 loss=0.071647 lr=9.996e-06
[train] step=1285 loss=0.055531 lr=9.996e-06
[train] step=1286 loss=0.077290 lr=9.996e-06
[train] step=1287 loss=0.053080 lr=9.996e-06
[train] step=1288 loss=0.061955 lr=9.996e-06
[train] step=1289 loss=0.053597 lr=9.996e-06
[train] step=1290 loss=0.054798 lr=9.996e-06
[train] step=1291 loss=0.045542 lr=9.996e-06
[train] step=1292 loss=0.037913 lr=9.996e-06
[train] step=1293 loss=0.059885 lr=9.996e-06
[train] step=1294 loss=0.151757 lr=9.996e-06
[train] step=1295 loss=0.087504 lr=9.996e-06
[train] step=1296 loss=0.084091 lr=9.996e-06
[train] step=1297 loss=0.062131 lr=9.996e-06
[train] step=1298 loss=0.077068 lr=9.996e-06
[train] step=1299 loss=0.050722 lr=9.996e-06
[train] step=1300 loss=0.090019 lr=9.996e-06
[train] step=1301 loss=0.048080 lr=9.996e-06
[train] step=1302 loss=0.067575 lr=9.996e-06
[train] step=1303 loss=0.103819 lr=9.996e-06
[train] step=1304 loss=0.095269 lr=9.996e-06
[train] step=1305 loss=0.063691 lr=9.996e-06
[train] step=1306 loss=0.043729 lr=9.996e-06
[train] step=1307 loss=0.073962 lr=9.996e-06
[train] step=1308 loss=0.157908 lr=9.996e-06
[train] step=1309 loss=0.053644 lr=9.996e-06
[train] step=1310 loss=0.047207 lr=9.996e-06
[train] step=1311 loss=0.164218 lr=9.996e-06
[train] step=1312 loss=0.058174 lr=9.996e-06
[train] step=1313 loss=0.060909 lr=9.996e-06
[train] step=1314 loss=0.043520 lr=9.996e-06
[train] step=1315 loss=0.073355 lr=9.996e-06
[train] step=1316 loss=0.100944 lr=9.996e-06
[train] step=1317 loss=0.048964 lr=9.996e-06
[train] step=1318 loss=0.075172 lr=9.996e-06
[train] step=1319 loss=0.048993 lr=9.996e-06
[train] step=1320 loss=0.062808 lr=9.996e-06
[train] step=1321 loss=0.056070 lr=9.996e-06
[train] step=1322 loss=0.053147 lr=9.996e-06
[train] step=1323 loss=0.053830 lr=9.996e-06
[train] step=1324 loss=0.061914 lr=9.996e-06
[train] step=1325 loss=0.073378 lr=9.996e-06
[train] step=1326 loss=0.035112 lr=9.996e-06
[train] step=1327 loss=0.047026 lr=9.996e-06
[train] step=1328 loss=0.041475 lr=9.996e-06
[train] step=1329 loss=0.081832 lr=9.996e-06
[train] step=1330 loss=0.085020 lr=9.996e-06
[train] step=1331 loss=0.049220 lr=9.996e-06
[train] step=1332 loss=0.064180 lr=9.996e-06
[train] step=1333 loss=0.072736 lr=9.996e-06
[train] step=1334 loss=0.049610 lr=9.996e-06
[train] step=1335 loss=0.044770 lr=9.996e-06
[train] step=1336 loss=0.072512 lr=9.996e-06
[train] step=1337 loss=0.083253 lr=9.996e-06
[train] step=1338 loss=0.049635 lr=9.996e-06
[train] step=1339 loss=0.049735 lr=9.996e-06
[train] step=1340 loss=0.078980 lr=9.996e-06
[train] step=1341 loss=0.153545 lr=9.996e-06
[train] step=1342 loss=0.079834 lr=9.996e-06
[train] step=1343 loss=0.078394 lr=9.996e-06
[train] step=1344 loss=0.045585 lr=9.996e-06
[train] step=1345 loss=0.061273 lr=9.996e-06
[train] step=1346 loss=0.055935 lr=9.996e-06
[train] step=1347 loss=0.089639 lr=9.996e-06
[train] step=1348 loss=0.089295 lr=9.996e-06
[train] step=1349 loss=0.041761 lr=9.996e-06
[train] step=1350 loss=0.076818 lr=9.996e-06
[train] step=1351 loss=0.228135 lr=9.996e-06
[train] step=1352 loss=0.052820 lr=9.996e-06
[train] step=1353 loss=0.042120 lr=9.995e-06
[train] step=1354 loss=0.073257 lr=9.995e-06
[train] step=1355 loss=0.044048 lr=9.995e-06
[train] step=1356 loss=0.059730 lr=9.995e-06
[train] step=1357 loss=0.037672 lr=9.995e-06
[train] step=1358 loss=0.082000 lr=9.995e-06
[train] step=1359 loss=0.079423 lr=9.995e-06
[train] step=1360 loss=0.099220 lr=9.995e-06
[train] step=1361 loss=0.051792 lr=9.995e-06
[train] step=1362 loss=0.041862 lr=9.995e-06
[train] step=1363 loss=0.099065 lr=9.995e-06
[train] step=1364 loss=0.099265 lr=9.995e-06
[train] step=1365 loss=0.062549 lr=9.995e-06
[train] step=1366 loss=0.155100 lr=9.995e-06
[train] step=1367 loss=0.038544 lr=9.995e-06
[train] step=1368 loss=0.052246 lr=9.995e-06
[train] step=1369 loss=0.098857 lr=9.995e-06
[train] step=1370 loss=0.057617 lr=9.995e-06
[train] step=1371 loss=0.050162 lr=9.995e-06
[train] step=1372 loss=0.059749 lr=9.995e-06
[train] step=1373 loss=0.066487 lr=9.995e-06
[train] step=1374 loss=0.059120 lr=9.995e-06
[train] step=1375 loss=0.043352 lr=9.995e-06
[train] step=1376 loss=0.146473 lr=9.995e-06
[train] step=1377 loss=0.072418 lr=9.995e-06
[train] step=1378 loss=0.046259 lr=9.995e-06
[train] step=1379 loss=0.073009 lr=9.995e-06
[train] step=1380 loss=0.080031 lr=9.995e-06
[train] step=1381 loss=0.054915 lr=9.995e-06
[train] step=1382 loss=0.048218 lr=9.995e-06
[train] step=1383 loss=0.041499 lr=9.995e-06
[train] step=1384 loss=0.056886 lr=9.995e-06
[train] step=1385 loss=0.153534 lr=9.995e-06
[train] step=1386 loss=0.089833 lr=9.995e-06
[train] step=1387 loss=0.042084 lr=9.995e-06
[train] step=1388 loss=0.082050 lr=9.995e-06
[train] step=1389 loss=0.050813 lr=9.995e-06
[train] step=1390 loss=0.043880 lr=9.995e-06
[train] step=1391 loss=0.084326 lr=9.995e-06
[train] step=1392 loss=0.049519 lr=9.995e-06
[train] step=1393 loss=0.070209 lr=9.995e-06
[train] step=1394 loss=0.046427 lr=9.995e-06
[train] step=1395 loss=0.065933 lr=9.995e-06
[train] step=1396 loss=0.070625 lr=9.995e-06
[train] step=1397 loss=0.055848 lr=9.995e-06
[train] step=1398 loss=0.062759 lr=9.995e-06
[train] step=1399 loss=0.041298 lr=9.995e-06
[train] step=1400 loss=0.095405 lr=9.995e-06
[train] step=1401 loss=0.151178 lr=9.995e-06
[train] step=1402 loss=0.070583 lr=9.995e-06
[train] step=1403 loss=0.145321 lr=9.995e-06
[train] step=1404 loss=0.089662 lr=9.995e-06
[train] step=1405 loss=0.062003 lr=9.995e-06
[train] step=1406 loss=0.041469 lr=9.995e-06
[train] step=1407 loss=0.061750 lr=9.995e-06
[train] step=1408 loss=0.210525 lr=9.995e-06
[train] step=1409 loss=0.085321 lr=9.995e-06
[train] step=1410 loss=0.055905 lr=9.995e-06
[train] step=1411 loss=0.052413 lr=9.995e-06
[train] step=1412 loss=0.073094 lr=9.995e-06
[train] step=1413 loss=0.079227 lr=9.995e-06
[train] step=1414 loss=0.045882 lr=9.995e-06
[train] step=1415 loss=0.082171 lr=9.995e-06
[train] step=1416 loss=0.140825 lr=9.995e-06
[train] step=1417 loss=0.080761 lr=9.995e-06
[train] step=1418 loss=0.056685 lr=9.995e-06
[train] step=1419 loss=0.072718 lr=9.995e-06
[train] step=1420 loss=0.083377 lr=9.995e-06
[train] step=1421 loss=0.052429 lr=9.995e-06
[train] step=1422 loss=0.053716 lr=9.995e-06
[train] step=1423 loss=0.045458 lr=9.995e-06
[train] step=1424 loss=0.058646 lr=9.995e-06
[train] step=1425 loss=0.050525 lr=9.995e-06
[train] step=1426 loss=0.068826 lr=9.995e-06
[train] step=1427 loss=0.113963 lr=9.995e-06
[train] step=1428 loss=0.076194 lr=9.995e-06
[train] step=1429 loss=0.063684 lr=9.995e-06
[train] step=1430 loss=0.059571 lr=9.995e-06
[train] step=1431 loss=0.109189 lr=9.995e-06
[train] step=1432 loss=0.174523 lr=9.995e-06
[train] step=1433 loss=0.041957 lr=9.995e-06
[train] step=1434 loss=0.053769 lr=9.995e-06
[train] step=1435 loss=0.048315 lr=9.995e-06
[train] step=1436 loss=0.064111 lr=9.995e-06
[train] step=1437 loss=0.069692 lr=9.995e-06
[train] step=1438 loss=0.038176 lr=9.995e-06
[train] step=1439 loss=0.048671 lr=9.995e-06
[train] step=1440 loss=0.051117 lr=9.995e-06
[train] step=1441 loss=0.055909 lr=9.995e-06
[train] step=1442 loss=0.052454 lr=9.995e-06
[train] step=1443 loss=0.088775 lr=9.995e-06
[train] step=1444 loss=0.108378 lr=9.995e-06
[train] step=1445 loss=0.038017 lr=9.995e-06
[train] step=1446 loss=0.130676 lr=9.995e-06
[train] step=1447 loss=0.047730 lr=9.995e-06
[train] step=1448 loss=0.045525 lr=9.995e-06
[train] step=1449 loss=0.056850 lr=9.995e-06
[train] step=1450 loss=0.065007 lr=9.995e-06
[train] step=1451 loss=0.055355 lr=9.995e-06
[train] step=1452 loss=0.051110 lr=9.995e-06
[train] step=1453 loss=0.059798 lr=9.995e-06
[train] step=1454 loss=0.075157 lr=9.995e-06
[train] step=1455 loss=0.049430 lr=9.995e-06
[train] step=1456 loss=0.144327 lr=9.995e-06
[train] step=1457 loss=0.062433 lr=9.995e-06
[train] step=1458 loss=0.066220 lr=9.995e-06
[train] step=1459 loss=0.044221 lr=9.995e-06
[train] step=1460 loss=0.063324 lr=9.995e-06
[train] step=1461 loss=0.100635 lr=9.995e-06
[train] step=1462 loss=0.042553 lr=9.995e-06
[train] step=1463 loss=0.032340 lr=9.995e-06
[train] step=1464 loss=0.067494 lr=9.995e-06
[train] step=1465 loss=0.052179 lr=9.995e-06
[train] step=1466 loss=0.066010 lr=9.995e-06
[train] step=1467 loss=0.059878 lr=9.995e-06
[train] step=1468 loss=0.064989 lr=9.995e-06
[train] step=1469 loss=0.032700 lr=9.995e-06
[train] step=1470 loss=0.063235 lr=9.995e-06
[train] step=1471 loss=0.057137 lr=9.995e-06
[train] step=1472 loss=0.193477 lr=9.995e-06
[train] step=1473 loss=0.097101 lr=9.995e-06
[train] step=1474 loss=0.041054 lr=9.995e-06
[train] step=1475 loss=0.049632 lr=9.995e-06
[train] step=1476 loss=0.046457 lr=9.995e-06
[train] step=1477 loss=0.040193 lr=9.995e-06
[train] step=1478 loss=0.055440 lr=9.995e-06
[train] step=1479 loss=0.078976 lr=9.995e-06
[train] step=1480 loss=0.049961 lr=9.995e-06
[train] step=1481 loss=0.059442 lr=9.995e-06
[train] step=1482 loss=0.039598 lr=9.995e-06
[train] step=1483 loss=0.041424 lr=9.995e-06
[train] step=1484 loss=0.045400 lr=9.995e-06
[train] step=1485 loss=0.087276 lr=9.995e-06
[train] step=1486 loss=0.048884 lr=9.995e-06
[train] step=1487 loss=0.058911 lr=9.995e-06
[train] step=1488 loss=0.044090 lr=9.995e-06
[train] step=1489 loss=0.079398 lr=9.995e-06
[train] step=1490 loss=0.042917 lr=9.995e-06
[train] step=1491 loss=0.045543 lr=9.995e-06
[train] step=1492 loss=0.065484 lr=9.995e-06
[train] step=1493 loss=0.043664 lr=9.995e-06
[train] step=1494 loss=0.044786 lr=9.995e-06
[train] step=1495 loss=0.125510 lr=9.994e-06
[train] step=1496 loss=0.064179 lr=9.994e-06
[train] step=1497 loss=0.041922 lr=9.994e-06
[train] step=1498 loss=0.082470 lr=9.994e-06
[train] step=1499 loss=0.062728 lr=9.994e-06
[train] step=1500 loss=0.035037 lr=9.994e-06
INFO     [rank 0] Model weights for step 1500 saved in       dit_trainer.py:1085
         checkpoints/model_weights_step_01500.safetensors                       
INFO     [rank 0] Scalar embedding weights for step 1500     dit_trainer.py:1092
         saved                                                                  
INFO     [rank 0] Training state saved:                      dit_trainer.py:1123
         checkpoints/model_weights_step_01500.state.pt                          
DEBUG    [rank 0] Removed old checkpoint:                    dit_trainer.py:1136
         /local/disk/hramachandran/work/wh_work/windinet/dit                    
         _throughput_sweep_bs4/checkpoints/model_weights_ste                    
         p_01000.safetensors                                                    
DEBUG    [rank 0] Removed old checkpoint:                    dit_trainer.py:1136
         /local/disk/hramachandran/work/wh_work/windinet/dit                    
         _throughput_sweep_bs4/checkpoints/model_weights_ste                    
         p_01000.state.pt                                                       
DEBUG    [rank 0] Removed old checkpoint:                    dit_trainer.py:1136
         /local/disk/hramachandran/work/wh_work/windinet/dit                    
         _throughput_sweep_bs4/checkpoints/scalar_embedding_                    
         step_01000.safetensors                                                 
[epoch 3] step=1500 train_loss=0.086939
[train] step=1501 loss=0.042898 lr=9.994e-06
[train] step=1502 loss=0.051232 lr=9.994e-06
[train] step=1503 loss=0.042898 lr=9.994e-06
[train] step=1504 loss=0.063287 lr=9.994e-06
[train] step=1505 loss=0.045320 lr=9.994e-06
[train] step=1506 loss=0.043943 lr=9.994e-06
[train] step=1507 loss=0.058474 lr=9.994e-06
[train] step=1508 loss=0.034742 lr=9.994e-06
[train] step=1509 loss=0.146881 lr=9.994e-06
[train] step=1510 loss=0.082833 lr=9.994e-06
[train] step=1511 loss=0.083308 lr=9.994e-06
[train] step=1512 loss=0.065683 lr=9.994e-06
[train] step=1513 loss=0.050106 lr=9.994e-06
[train] step=1514 loss=0.049582 lr=9.994e-06
[train] step=1515 loss=0.061321 lr=9.994e-06
[train] step=1516 loss=0.060790 lr=9.994e-06
[train] step=1517 loss=0.057811 lr=9.994e-06
[train] step=1518 loss=0.037117 lr=9.994e-06
[train] step=1519 loss=0.038389 lr=9.994e-06
[train] step=1520 loss=0.129079 lr=9.994e-06
[train] step=1521 loss=0.037259 lr=9.994e-06
[train] step=1522 loss=0.050500 lr=9.994e-06
[train] step=1523 loss=0.053986 lr=9.994e-06
[train] step=1524 loss=0.048419 lr=9.994e-06
[train] step=1525 loss=0.064200 lr=9.994e-06
[train] step=1526 loss=0.081805 lr=9.994e-06
[train] step=1527 loss=0.070743 lr=9.994e-06
[train] step=1528 loss=0.044660 lr=9.994e-06
[train] step=1529 loss=0.050238 lr=9.994e-06
[train] step=1530 loss=0.059203 lr=9.994e-06
[train] step=1531 loss=0.167289 lr=9.994e-06
[train] step=1532 loss=0.053886 lr=9.994e-06
[train] step=1533 loss=0.055859 lr=9.994e-06
[train] step=1534 loss=0.033190 lr=9.994e-06
[train] step=1535 loss=0.097535 lr=9.994e-06
[train] step=1536 loss=0.033702 lr=9.994e-06
[train] step=1537 loss=0.038387 lr=9.994e-06
[train] step=1538 loss=0.047409 lr=9.994e-06
[train] step=1539 loss=0.097765 lr=9.994e-06
[train] step=1540 loss=0.057352 lr=9.994e-06
[train] step=1541 loss=0.054309 lr=9.994e-06
[train] step=1542 loss=0.084601 lr=9.994e-06
[train] step=1543 loss=0.084187 lr=9.994e-06
[train] step=1544 loss=0.049075 lr=9.994e-06
[train] step=1545 loss=0.051544 lr=9.994e-06
[train] step=1546 loss=0.062868 lr=9.994e-06
[train] step=1547 loss=0.036989 lr=9.994e-06
[train] step=1548 loss=0.046661 lr=9.994e-06
[train] step=1549 loss=0.043340 lr=9.994e-06
[train] step=1550 loss=0.063820 lr=9.994e-06
[train] step=1551 loss=0.043501 lr=9.994e-06
[train] step=1552 loss=0.053884 lr=9.994e-06
[train] step=1553 loss=0.046466 lr=9.994e-06
[train] step=1554 loss=0.056366 lr=9.994e-06
[train] step=1555 loss=0.122044 lr=9.994e-06
[train] step=1556 loss=0.031980 lr=9.994e-06
[train] step=1557 loss=0.054614 lr=9.994e-06
[train] step=1558 loss=0.070708 lr=9.994e-06
[train] step=1559 loss=0.052883 lr=9.994e-06
[train] step=1560 loss=0.045373 lr=9.994e-06
[train] step=1561 loss=0.171257 lr=9.994e-06
[train] step=1562 loss=0.028069 lr=9.994e-06
[train] step=1563 loss=0.058542 lr=9.994e-06
[train] step=1564 loss=0.071290 lr=9.994e-06
[train] step=1565 loss=0.087789 lr=9.994e-06
[train] step=1566 loss=0.046871 lr=9.994e-06
[train] step=1567 loss=0.063606 lr=9.994e-06
[train] step=1568 loss=0.047596 lr=9.994e-06
[train] step=1569 loss=0.037392 lr=9.994e-06
[train] step=1570 loss=0.047186 lr=9.994e-06
[train] step=1571 loss=0.046686 lr=9.994e-06
[train] step=1572 loss=0.046596 lr=9.994e-06
[train] step=1573 loss=0.059753 lr=9.994e-06
[train] step=1574 loss=0.239259 lr=9.994e-06
[train] step=1575 loss=0.038855 lr=9.994e-06
[train] step=1576 loss=0.041989 lr=9.994e-06
[train] step=1577 loss=0.160056 lr=9.994e-06
[train] step=1578 loss=0.045176 lr=9.994e-06
[train] step=1579 loss=0.040881 lr=9.994e-06
[train] step=1580 loss=0.077400 lr=9.994e-06
[train] step=1581 loss=0.038515 lr=9.994e-06
[train] step=1582 loss=0.083011 lr=9.994e-06
[train] step=1583 loss=0.047567 lr=9.994e-06
[train] step=1584 loss=0.050144 lr=9.994e-06
[train] step=1585 loss=0.070389 lr=9.994e-06
[train] step=1586 loss=0.047478 lr=9.994e-06
[train] step=1587 loss=0.062385 lr=9.994e-06
[train] step=1588 loss=0.042369 lr=9.994e-06
[train] step=1589 loss=0.044509 lr=9.994e-06
[train] step=1590 loss=0.031498 lr=9.994e-06
[train] step=1591 loss=0.074312 lr=9.994e-06
[train] step=1592 loss=0.047485 lr=9.994e-06
[train] step=1593 loss=0.035194 lr=9.994e-06
[train] step=1594 loss=0.090487 lr=9.994e-06
[train] step=1595 loss=0.037652 lr=9.994e-06
[train] step=1596 loss=0.040095 lr=9.994e-06
[train] step=1597 loss=0.046132 lr=9.994e-06
[train] step=1598 loss=0.056620 lr=9.994e-06
[train] step=1599 loss=0.032953 lr=9.994e-06
[train] step=1600 loss=0.055247 lr=9.994e-06
[train] step=1601 loss=0.040710 lr=9.994e-06
[train] step=1602 loss=0.028822 lr=9.994e-06
[train] step=1603 loss=0.033638 lr=9.994e-06
[train] step=1604 loss=0.044782 lr=9.994e-06
[train] step=1605 loss=0.033655 lr=9.994e-06
[train] step=1606 loss=0.033400 lr=9.994e-06
[train] step=1607 loss=0.051099 lr=9.994e-06
[train] step=1608 loss=0.155777 lr=9.994e-06
[train] step=1609 loss=0.060306 lr=9.994e-06
[train] step=1610 loss=0.034844 lr=9.994e-06
[train] step=1611 loss=0.038407 lr=9.994e-06
[train] step=1612 loss=0.037307 lr=9.994e-06
[train] step=1613 loss=0.049566 lr=9.994e-06
[train] step=1614 loss=0.033891 lr=9.994e-06
[train] step=1615 loss=0.033899 lr=9.994e-06
[train] step=1616 loss=0.033712 lr=9.994e-06
[train] step=1617 loss=0.035954 lr=9.994e-06
[train] step=1618 loss=0.062025 lr=9.994e-06
[train] step=1619 loss=0.054327 lr=9.994e-06
[train] step=1620 loss=0.041976 lr=9.994e-06
[train] step=1621 loss=0.038630 lr=9.994e-06
[train] step=1622 loss=0.036727 lr=9.994e-06
[train] step=1623 loss=0.036433 lr=9.994e-06
[train] step=1624 loss=0.041418 lr=9.994e-06
[train] step=1625 loss=0.196983 lr=9.994e-06
[train] step=1626 loss=0.033670 lr=9.993e-06
[train] step=1627 loss=0.040418 lr=9.993e-06
[train] step=1628 loss=0.042887 lr=9.993e-06
[train] step=1629 loss=0.061105 lr=9.993e-06
[train] step=1630 loss=0.033447 lr=9.993e-06
[train] step=1631 loss=0.049653 lr=9.993e-06
[train] step=1632 loss=0.028909 lr=9.993e-06
[train] step=1633 loss=0.041975 lr=9.993e-06
[train] step=1634 loss=0.045160 lr=9.993e-06
[train] step=1635 loss=0.082329 lr=9.993e-06
[train] step=1636 loss=0.045016 lr=9.993e-06
[train] step=1637 loss=0.046188 lr=9.993e-06
[train] step=1638 loss=0.031828 lr=9.993e-06
[train] step=1639 loss=0.053704 lr=9.993e-06
[train] step=1640 loss=0.136328 lr=9.993e-06
[train] step=1641 loss=0.050863 lr=9.993e-06
[train] step=1642 loss=0.038872 lr=9.993e-06
[train] step=1643 loss=0.033174 lr=9.993e-06
[train] step=1644 loss=0.038292 lr=9.993e-06
[train] step=1645 loss=0.044343 lr=9.993e-06
[train] step=1646 loss=0.055850 lr=9.993e-06
[train] step=1647 loss=0.040925 lr=9.993e-06
[train] step=1648 loss=0.035615 lr=9.993e-06
[train] step=1649 loss=0.038237 lr=9.993e-06
[train] step=1650 loss=0.069749 lr=9.993e-06
[train] step=1651 loss=0.036635 lr=9.993e-06
[train] step=1652 loss=0.035092 lr=9.993e-06
[train] step=1653 loss=0.068514 lr=9.993e-06
[train] step=1654 loss=0.047218 lr=9.993e-06
[train] step=1655 loss=0.039035 lr=9.993e-06
[train] step=1656 loss=0.048879 lr=9.993e-06
[train] step=1657 loss=0.030867 lr=9.993e-06
[train] step=1658 loss=0.044061 lr=9.993e-06
[train] step=1659 loss=0.026020 lr=9.993e-06
[train] step=1660 loss=0.053294 lr=9.993e-06
[train] step=1661 loss=0.075211 lr=9.993e-06
[train] step=1662 loss=0.037265 lr=9.993e-06
[train] step=1663 loss=0.040286 lr=9.993e-06
[train] step=1664 loss=0.053559 lr=9.993e-06
[train] step=1665 loss=0.030882 lr=9.993e-06
[train] step=1666 loss=0.047752 lr=9.993e-06
[train] step=1667 loss=0.054973 lr=9.993e-06
[train] step=1668 loss=0.033590 lr=9.993e-06
[train] step=1669 loss=0.029081 lr=9.993e-06
[train] step=1670 loss=0.123900 lr=9.993e-06
[train] step=1671 loss=0.046920 lr=9.993e-06
[train] step=1672 loss=0.031958 lr=9.993e-06
[train] step=1673 loss=0.033050 lr=9.993e-06
[train] step=1674 loss=0.072041 lr=9.993e-06
[train] step=1675 loss=0.127893 lr=9.993e-06
[train] step=1676 loss=0.041004 lr=9.993e-06
[train] step=1677 loss=0.046125 lr=9.993e-06
[train] step=1678 loss=0.038157 lr=9.993e-06
[train] step=1679 loss=0.040715 lr=9.993e-06
[train] step=1680 loss=0.038978 lr=9.993e-06
[train] step=1681 loss=0.186694 lr=9.993e-06
[train] step=1682 loss=0.077930 lr=9.993e-06
[train] step=1683 loss=0.023467 lr=9.993e-06
[train] step=1684 loss=0.039721 lr=9.993e-06
[train] step=1685 loss=0.037519 lr=9.993e-06
[train] step=1686 loss=0.042388 lr=9.993e-06
[train] step=1687 loss=0.062314 lr=9.993e-06
[train] step=1688 loss=0.140447 lr=9.993e-06
[train] step=1689 loss=0.127774 lr=9.993e-06
[train] step=1690 loss=0.080945 lr=9.993e-06
[train] step=1691 loss=0.035652 lr=9.993e-06
[train] step=1692 loss=0.035817 lr=9.993e-06
[train] step=1693 loss=0.073125 lr=9.993e-06
[train] step=1694 loss=0.046615 lr=9.993e-06
[train] step=1695 loss=0.047432 lr=9.993e-06
[train] step=1696 loss=0.024585 lr=9.993e-06
[train] step=1697 loss=0.040591 lr=9.993e-06
[train] step=1698 loss=0.040500 lr=9.993e-06
[train] step=1699 loss=0.035281 lr=9.993e-06
[train] step=1700 loss=0.062360 lr=9.993e-06
[train] step=1701 loss=0.037107 lr=9.993e-06
[train] step=1702 loss=0.026552 lr=9.993e-06
[train] step=1703 loss=0.036350 lr=9.993e-06
[train] step=1704 loss=0.043256 lr=9.993e-06
[train] step=1705 loss=0.043395 lr=9.993e-06
[train] step=1706 loss=0.029857 lr=9.993e-06
[train] step=1707 loss=0.096307 lr=9.993e-06
[train] step=1708 loss=0.031813 lr=9.993e-06
[train] step=1709 loss=0.031937 lr=9.993e-06
[train] step=1710 loss=0.035242 lr=9.993e-06
[train] step=1711 loss=0.085154 lr=9.993e-06
[train] step=1712 loss=0.049116 lr=9.993e-06
[train] step=1713 loss=0.037848 lr=9.993e-06
[train] step=1714 loss=0.056510 lr=9.993e-06
[train] step=1715 loss=0.067760 lr=9.993e-06
[train] step=1716 loss=0.061200 lr=9.993e-06
[train] step=1717 loss=0.026754 lr=9.993e-06
[train] step=1718 loss=0.044670 lr=9.993e-06
[train] step=1719 loss=0.037584 lr=9.993e-06
[train] step=1720 loss=0.034966 lr=9.993e-06
[train] step=1721 loss=0.064099 lr=9.993e-06
[train] step=1722 loss=0.051665 lr=9.993e-06
[train] step=1723 loss=0.042392 lr=9.993e-06
[train] step=1724 loss=0.050543 lr=9.993e-06
[train] step=1725 loss=0.039971 lr=9.993e-06
[train] step=1726 loss=0.044912 lr=9.993e-06
[train] step=1727 loss=0.044255 lr=9.993e-06
[train] step=1728 loss=0.054194 lr=9.993e-06
[train] step=1729 loss=0.038566 lr=9.993e-06
[train] step=1730 loss=0.051582 lr=9.993e-06
[train] step=1731 loss=0.052304 lr=9.993e-06
[train] step=1732 loss=0.070945 lr=9.993e-06
[train] step=1733 loss=0.067589 lr=9.993e-06
[train] step=1734 loss=0.035220 lr=9.993e-06
[train] step=1735 loss=0.088456 lr=9.993e-06
[train] step=1736 loss=0.078275 lr=9.993e-06
[train] step=1737 loss=0.054247 lr=9.993e-06
[train] step=1738 loss=0.057602 lr=9.993e-06
[train] step=1739 loss=0.033008 lr=9.993e-06
[train] step=1740 loss=0.038334 lr=9.993e-06
[train] step=1741 loss=0.032719 lr=9.993e-06
[train] step=1742 loss=0.034325 lr=9.993e-06
[train] step=1743 loss=0.029132 lr=9.993e-06
[train] step=1744 loss=0.031463 lr=9.993e-06
[train] step=1745 loss=0.053387 lr=9.993e-06
[train] step=1746 loss=0.050748 lr=9.992e-06
[train] step=1747 loss=0.029654 lr=9.992e-06
[train] step=1748 loss=0.048080 lr=9.992e-06
[train] step=1749 loss=0.027129 lr=9.992e-06
[train] step=1750 loss=0.030442 lr=9.992e-06
[train] step=1751 loss=0.044783 lr=9.992e-06
[train] step=1752 loss=0.036453 lr=9.992e-06
[train] step=1753 loss=0.048261 lr=9.992e-06
[train] step=1754 loss=0.063603 lr=9.992e-06
[train] step=1755 loss=0.050224 lr=9.992e-06
[train] step=1756 loss=0.057829 lr=9.992e-06
[train] step=1757 loss=0.030613 lr=9.992e-06
[train] step=1758 loss=0.056233 lr=9.992e-06
[train] step=1759 loss=0.034115 lr=9.992e-06
[train] step=1760 loss=0.040332 lr=9.992e-06
[train] step=1761 loss=0.036070 lr=9.992e-06
[train] step=1762 loss=0.030286 lr=9.992e-06
[train] step=1763 loss=0.029477 lr=9.992e-06
[train] step=1764 loss=0.032698 lr=9.992e-06
[train] step=1765 loss=0.088663 lr=9.992e-06
[train] step=1766 loss=0.028078 lr=9.992e-06
[train] step=1767 loss=0.063110 lr=9.992e-06
[train] step=1768 loss=0.055443 lr=9.992e-06
[train] step=1769 loss=0.028408 lr=9.992e-06
[train] step=1770 loss=0.026173 lr=9.992e-06
[train] step=1771 loss=0.041515 lr=9.992e-06
[train] step=1772 loss=0.032797 lr=9.992e-06
[train] step=1773 loss=0.033746 lr=9.992e-06
[train] step=1774 loss=0.040250 lr=9.992e-06
[train] step=1775 loss=0.033132 lr=9.992e-06
[train] step=1776 loss=0.028433 lr=9.992e-06
[train] step=1777 loss=0.060811 lr=9.992e-06
[train] step=1778 loss=0.049411 lr=9.992e-06
[train] step=1779 loss=0.024217 lr=9.992e-06
[train] step=1780 loss=0.068977 lr=9.992e-06
[train] step=1781 loss=0.060400 lr=9.992e-06
[train] step=1782 loss=0.044618 lr=9.992e-06
[train] step=1783 loss=0.030582 lr=9.992e-06
[train] step=1784 loss=0.037262 lr=9.992e-06
[train] step=1785 loss=0.031812 lr=9.992e-06
[train] step=1786 loss=0.064254 lr=9.992e-06
[train] step=1787 loss=0.029045 lr=9.992e-06
[train] step=1788 loss=0.096267 lr=9.992e-06
[train] step=1789 loss=0.117380 lr=9.992e-06
[train] step=1790 loss=0.031515 lr=9.992e-06
[train] step=1791 loss=0.037726 lr=9.992e-06
[train] step=1792 loss=0.036538 lr=9.992e-06
[train] step=1793 loss=0.117189 lr=9.992e-06
[train] step=1794 loss=0.042727 lr=9.992e-06
[train] step=1795 loss=0.029495 lr=9.992e-06
[train] step=1796 loss=0.032588 lr=9.992e-06
[train] step=1797 loss=0.033881 lr=9.992e-06
[train] step=1798 loss=0.026851 lr=9.992e-06
[train] step=1799 loss=0.050557 lr=9.992e-06
[train] step=1800 loss=0.029628 lr=9.992e-06
[train] step=1801 loss=0.047523 lr=9.992e-06
[train] step=1802 loss=0.031710 lr=9.992e-06
[train] step=1803 loss=0.047916 lr=9.992e-06
[train] step=1804 loss=0.030671 lr=9.992e-06
[train] step=1805 loss=0.034586 lr=9.992e-06
[train] step=1806 loss=0.026476 lr=9.992e-06
[train] step=1807 loss=0.029229 lr=9.992e-06
[train] step=1808 loss=0.032600 lr=9.992e-06
[train] step=1809 loss=0.036523 lr=9.992e-06
[train] step=1810 loss=0.041243 lr=9.992e-06
[train] step=1811 loss=0.046844 lr=9.992e-06
[train] step=1812 loss=0.023633 lr=9.992e-06
[train] step=1813 loss=0.053930 lr=9.992e-06
[train] step=1814 loss=0.030721 lr=9.992e-06
[train] step=1815 loss=0.026634 lr=9.992e-06
[train] step=1816 loss=0.034144 lr=9.992e-06
[train] step=1817 loss=0.022751 lr=9.992e-06
[train] step=1818 loss=0.044561 lr=9.992e-06
[train] step=1819 loss=0.047957 lr=9.992e-06
[train] step=1820 loss=0.297196 lr=9.992e-06
[train] step=1821 loss=0.036419 lr=9.992e-06
[train] step=1822 loss=0.025756 lr=9.992e-06
[train] step=1823 loss=0.052165 lr=9.992e-06
[train] step=1824 loss=0.043297 lr=9.992e-06
[train] step=1825 loss=0.044697 lr=9.992e-06
[train] step=1826 loss=0.048948 lr=9.992e-06
[train] step=1827 loss=0.027696 lr=9.992e-06
[train] step=1828 loss=0.042706 lr=9.992e-06
[train] step=1829 loss=0.030464 lr=9.992e-06
[train] step=1830 loss=0.043990 lr=9.992e-06
[train] step=1831 loss=0.057384 lr=9.992e-06
[train] step=1832 loss=0.075695 lr=9.992e-06
[train] step=1833 loss=0.033413 lr=9.992e-06
[train] step=1834 loss=0.037154 lr=9.992e-06
[train] step=1835 loss=0.110048 lr=9.992e-06
[train] step=1836 loss=0.037847 lr=9.992e-06
[train] step=1837 loss=0.048729 lr=9.992e-06
[train] step=1838 loss=0.025988 lr=9.992e-06
[train] step=1839 loss=0.035957 lr=9.992e-06
[train] step=1840 loss=0.057846 lr=9.992e-06
[train] step=1841 loss=0.047082 lr=9.992e-06
[train] step=1842 loss=0.059235 lr=9.992e-06
[train] step=1843 loss=0.037490 lr=9.992e-06
[train] step=1844 loss=0.048540 lr=9.992e-06
[train] step=1845 loss=0.038969 lr=9.992e-06
[train] step=1846 loss=0.024262 lr=9.992e-06
[train] step=1847 loss=0.037168 lr=9.992e-06
[train] step=1848 loss=0.030862 lr=9.992e-06
[train] step=1849 loss=0.047162 lr=9.992e-06
[train] step=1850 loss=0.039445 lr=9.992e-06
[train] step=1851 loss=0.033068 lr=9.992e-06
[train] step=1852 loss=0.043156 lr=9.992e-06
[train] step=1853 loss=0.029346 lr=9.992e-06
[train] step=1854 loss=0.037824 lr=9.992e-06
[train] step=1855 loss=0.029879 lr=9.992e-06
[train] step=1856 loss=0.027348 lr=9.992e-06
[train] step=1857 loss=0.035366 lr=9.992e-06
[train] step=1858 loss=0.034263 lr=9.992e-06
[train] step=1859 loss=0.051793 lr=9.991e-06
[train] step=1860 loss=0.025153 lr=9.991e-06
[train] step=1861 loss=0.061883 lr=9.991e-06
[train] step=1862 loss=0.052494 lr=9.991e-06
[train] step=1863 loss=0.027897 lr=9.991e-06
[train] step=1864 loss=0.030424 lr=9.991e-06
[train] step=1865 loss=0.070190 lr=9.991e-06
[train] step=1866 loss=0.033190 lr=9.991e-06
[train] step=1867 loss=0.030769 lr=9.991e-06
[train] step=1868 loss=0.020436 lr=9.991e-06
[train] step=1869 loss=0.036981 lr=9.991e-06
[train] step=1870 loss=0.030118 lr=9.991e-06
[train] step=1871 loss=0.051763 lr=9.991e-06
[train] step=1872 loss=0.157528 lr=9.991e-06
[train] step=1873 loss=0.023836 lr=9.991e-06
[train] step=1874 loss=0.031016 lr=9.991e-06
[train] step=1875 loss=0.023349 lr=9.991e-06
[train] step=1876 loss=0.068447 lr=9.991e-06
[train] step=1877 loss=0.033914 lr=9.991e-06
[train] step=1878 loss=0.032729 lr=9.991e-06
[train] step=1879 loss=0.024901 lr=9.991e-06
[train] step=1880 loss=0.053288 lr=9.991e-06
[train] step=1881 loss=0.060668 lr=9.991e-06
[train] step=1882 loss=0.032977 lr=9.991e-06
[train] step=1883 loss=0.025148 lr=9.991e-06
[train] step=1884 loss=0.034789 lr=9.991e-06
[train] step=1885 loss=0.033431 lr=9.991e-06
[train] step=1886 loss=0.023041 lr=9.991e-06
[train] step=1887 loss=0.120297 lr=9.991e-06
[train] step=1888 loss=0.030955 lr=9.991e-06
[train] step=1889 loss=0.032833 lr=9.991e-06
[train] step=1890 loss=0.052153 lr=9.991e-06
[train] step=1891 loss=0.048451 lr=9.991e-06
[train] step=1892 loss=0.026602 lr=9.991e-06
[train] step=1893 loss=0.048104 lr=9.991e-06
[train] step=1894 loss=0.025790 lr=9.991e-06
[train] step=1895 loss=0.044558 lr=9.991e-06
[train] step=1896 loss=0.031898 lr=9.991e-06
[train] step=1897 loss=0.057837 lr=9.991e-06
[train] step=1898 loss=0.044386 lr=9.991e-06
[train] step=1899 loss=0.040569 lr=9.991e-06
[train] step=1900 loss=0.029819 lr=9.991e-06
[train] step=1901 loss=0.032409 lr=9.991e-06
[train] step=1902 loss=0.020791 lr=9.991e-06
[train] step=1903 loss=0.137275 lr=9.991e-06
[train] step=1904 loss=0.183275 lr=9.991e-06
[train] step=1905 loss=0.038263 lr=9.991e-06
[train] step=1906 loss=0.019146 lr=9.991e-06
[train] step=1907 loss=0.027967 lr=9.991e-06
[train] step=1908 loss=0.035239 lr=9.991e-06
[train] step=1909 loss=0.060971 lr=9.991e-06
[train] step=1910 loss=0.129794 lr=9.991e-06
[train] step=1911 loss=0.033453 lr=9.991e-06
[train] step=1912 loss=0.021164 lr=9.991e-06
[train] step=1913 loss=0.031237 lr=9.991e-06
[train] step=1914 loss=0.083162 lr=9.991e-06
[train] step=1915 loss=0.025546 lr=9.991e-06
[train] step=1916 loss=0.025173 lr=9.991e-06
[train] step=1917 loss=0.026234 lr=9.991e-06
[train] step=1918 loss=0.043482 lr=9.991e-06
[train] step=1919 loss=0.036014 lr=9.991e-06
[train] step=1920 loss=0.029431 lr=9.991e-06
[train] step=1921 loss=0.050596 lr=9.991e-06
[train] step=1922 loss=0.035563 lr=9.991e-06
[train] step=1923 loss=0.024275 lr=9.991e-06
[train] step=1924 loss=0.048804 lr=9.991e-06
[train] step=1925 loss=0.020138 lr=9.991e-06
[train] step=1926 loss=0.030900 lr=9.991e-06
[train] step=1927 loss=0.036547 lr=9.991e-06
[train] step=1928 loss=0.031030 lr=9.991e-06
[train] step=1929 loss=0.023422 lr=9.991e-06
[train] step=1930 loss=0.031225 lr=9.991e-06
[train] step=1931 loss=0.026251 lr=9.991e-06
[train] step=1932 loss=0.053174 lr=9.991e-06
[train] step=1933 loss=0.032239 lr=9.991e-06
[train] step=1934 loss=0.022427 lr=9.991e-06
[train] step=1935 loss=0.028147 lr=9.991e-06
[train] step=1936 loss=0.032289 lr=9.991e-06
[train] step=1937 loss=0.025127 lr=9.991e-06
[train] step=1938 loss=0.046203 lr=9.991e-06
[train] step=1939 loss=0.032397 lr=9.991e-06
[train] step=1940 loss=0.025474 lr=9.991e-06
[train] step=1941 loss=0.031066 lr=9.991e-06
[train] step=1942 loss=0.030387 lr=9.991e-06
[train] step=1943 loss=0.130097 lr=9.991e-06
[train] step=1944 loss=0.029158 lr=9.991e-06
[train] step=1945 loss=0.071450 lr=9.991e-06
[train] step=1946 loss=0.025978 lr=9.991e-06
[train] step=1947 loss=0.034335 lr=9.991e-06
[train] step=1948 loss=0.031220 lr=9.991e-06
[train] step=1949 loss=0.027290 lr=9.991e-06
[train] step=1950 loss=0.027578 lr=9.991e-06
[train] step=1951 loss=0.038472 lr=9.991e-06
[train] step=1952 loss=0.029039 lr=9.991e-06
[train] step=1953 loss=0.037239 lr=9.991e-06
[train] step=1954 loss=0.030217 lr=9.991e-06
[train] step=1955 loss=0.053081 lr=9.991e-06
[train] step=1956 loss=0.030454 lr=9.991e-06
[train] step=1957 loss=0.030910 lr=9.991e-06
[train] step=1958 loss=0.025456 lr=9.991e-06
[train] step=1959 loss=0.048606 lr=9.991e-06
[train] step=1960 loss=0.039907 lr=9.991e-06
[train] step=1961 loss=0.026963 lr=9.991e-06
[train] step=1962 loss=0.042027 lr=9.991e-06
[train] step=1963 loss=0.031365 lr=9.991e-06
[train] step=1964 loss=0.046677 lr=9.991e-06
[train] step=1965 loss=0.066557 lr=9.990e-06
[train] step=1966 loss=0.019917 lr=9.990e-06
[train] step=1967 loss=0.029691 lr=9.990e-06
[train] step=1968 loss=0.035074 lr=9.990e-06
[train] step=1969 loss=0.030715 lr=9.990e-06
[train] step=1970 loss=0.032546 lr=9.990e-06
[train] step=1971 loss=0.052617 lr=9.990e-06
[train] step=1972 loss=0.048154 lr=9.990e-06
[train] step=1973 loss=0.032775 lr=9.990e-06
[train] step=1974 loss=0.105283 lr=9.990e-06
[train] step=1975 loss=0.029107 lr=9.990e-06
[train] step=1976 loss=0.029068 lr=9.990e-06
[train] step=1977 loss=0.091745 lr=9.990e-06
[train] step=1978 loss=0.019375 lr=9.990e-06
[train] step=1979 loss=0.040477 lr=9.990e-06
[train] step=1980 loss=0.027079 lr=9.990e-06
[train] step=1981 loss=0.033149 lr=9.990e-06
[train] step=1982 loss=0.029074 lr=9.990e-06
[train] step=1983 loss=0.024096 lr=9.990e-06
[train] step=1984 loss=0.030939 lr=9.990e-06
[train] step=1985 loss=0.036707 lr=9.990e-06
[train] step=1986 loss=0.026068 lr=9.990e-06
[train] step=1987 loss=0.030649 lr=9.990e-06
[train] step=1988 loss=0.067155 lr=9.990e-06
[train] step=1989 loss=0.030803 lr=9.990e-06
[train] step=1990 loss=0.021992 lr=9.990e-06
[train] step=1991 loss=0.023868 lr=9.990e-06
[train] step=1992 loss=0.025388 lr=9.990e-06
[train] step=1993 loss=0.030378 lr=9.990e-06
[train] step=1994 loss=0.020191 lr=9.990e-06
[train] step=1995 loss=0.035658 lr=9.990e-06
[train] step=1996 loss=0.038402 lr=9.990e-06
[train] step=1997 loss=0.029885 lr=9.990e-06
[train] step=1998 loss=0.041439 lr=9.990e-06
[train] step=1999 loss=0.022732 lr=9.990e-06
[train] step=2000 loss=0.052315 lr=9.990e-06
INFO     [rank 0] Model weights for step 2000 saved in       dit_trainer.py:1085
         checkpoints/model_weights_step_02000.safetensors                       
INFO     [rank 0] Scalar embedding weights for step 2000     dit_trainer.py:1092
         saved                                                                  
INFO     [rank 0] Training state saved:                      dit_trainer.py:1123
         checkpoints/model_weights_step_02000.state.pt                          
DEBUG    [rank 0] Removed old checkpoint:                    dit_trainer.py:1136
         /local/disk/hramachandran/work/wh_work/windinet/dit                    
         _throughput_sweep_bs4/checkpoints/model_weights_ste                    
         p_01500.safetensors                                                    
DEBUG    [rank 0] Removed old checkpoint:                    dit_trainer.py:1136
         /local/disk/hramachandran/work/wh_work/windinet/dit                    
         _throughput_sweep_bs4/checkpoints/model_weights_ste                    
         p_01500.state.pt                                                       
DEBUG    [rank 0] Removed old checkpoint:                    dit_trainer.py:1136
         /local/disk/hramachandran/work/wh_work/windinet/dit                    
         _throughput_sweep_bs4/checkpoints/scalar_embedding_                    
         step_01500.safetensors                                                 
[epoch 4] step=2000 train_loss=0.048715
[train] step=2001 loss=0.031610 lr=9.990e-06
[train] step=2002 loss=0.044806 lr=9.990e-06
[train] step=2003 loss=0.038009 lr=9.990e-06
[train] step=2004 loss=0.025761 lr=9.990e-06
[train] step=2005 loss=0.039584 lr=9.990e-06
[train] step=2006 loss=0.026524 lr=9.990e-06
[train] step=2007 loss=0.027460 lr=9.990e-06
[train] step=2008 loss=0.057667 lr=9.990e-06
[train] step=2009 loss=0.022266 lr=9.990e-06
[train] step=2010 loss=0.027824 lr=9.990e-06
[train] step=2011 loss=0.026146 lr=9.990e-06
[train] step=2012 loss=0.041378 lr=9.990e-06
[train] step=2013 loss=0.023815 lr=9.990e-06
[train] step=2014 loss=0.029748 lr=9.990e-06
[train] step=2015 loss=0.017729 lr=9.990e-06
[train] step=2016 loss=0.026591 lr=9.990e-06
[train] step=2017 loss=0.098571 lr=9.990e-06
[train] step=2018 loss=0.027654 lr=9.990e-06
[train] step=2019 loss=0.025731 lr=9.990e-06
[train] step=2020 loss=0.026159 lr=9.990e-06
[train] step=2021 loss=0.023573 lr=9.990e-06
[train] step=2022 loss=0.092152 lr=9.990e-06
[train] step=2023 loss=0.044778 lr=9.990e-06
[train] step=2024 loss=0.095085 lr=9.990e-06
[train] step=2025 loss=0.024603 lr=9.990e-06
[train] step=2026 loss=0.022921 lr=9.990e-06
[train] step=2027 loss=0.071956 lr=9.990e-06
[train] step=2028 loss=0.080347 lr=9.990e-06
[train] step=2029 loss=0.031653 lr=9.990e-06
[train] step=2030 loss=0.029543 lr=9.990e-06
[train] step=2031 loss=0.030125 lr=9.990e-06
[train] step=2032 loss=0.024600 lr=9.990e-06
[train] step=2033 loss=0.024440 lr=9.990e-06
[train] step=2034 loss=0.023185 lr=9.990e-06
[train] step=2035 loss=0.031498 lr=9.990e-06
[train] step=2036 loss=0.019101 lr=9.990e-06
[train] step=2037 loss=0.032618 lr=9.990e-06
[train] step=2038 loss=0.101960 lr=9.990e-06
[train] step=2039 loss=0.027767 lr=9.990e-06
[train] step=2040 loss=0.027840 lr=9.990e-06
[train] step=2041 loss=0.023224 lr=9.990e-06
[train] step=2042 loss=0.028207 lr=9.990e-06
[train] step=2043 loss=0.025632 lr=9.990e-06
[train] step=2044 loss=0.109983 lr=9.990e-06
[train] step=2045 loss=0.040112 lr=9.990e-06
[train] step=2046 loss=0.044604 lr=9.990e-06
[train] step=2047 loss=0.030871 lr=9.990e-06
[train] step=2048 loss=0.030923 lr=9.990e-06
[train] step=2049 loss=0.025141 lr=9.990e-06
[train] step=2050 loss=0.022005 lr=9.990e-06
[train] step=2051 loss=0.023264 lr=9.990e-06
[train] step=2052 loss=0.028031 lr=9.990e-06
[train] step=2053 loss=0.032295 lr=9.990e-06
[train] step=2054 loss=0.044059 lr=9.990e-06
[train] step=2055 loss=0.022746 lr=9.990e-06
[train] step=2056 loss=0.068045 lr=9.990e-06
[train] step=2057 loss=0.021496 lr=9.990e-06
[train] step=2058 loss=0.024912 lr=9.990e-06
[train] step=2059 loss=0.024539 lr=9.990e-06
[train] step=2060 loss=0.049686 lr=9.990e-06
[train] step=2061 loss=0.017242 lr=9.990e-06
[train] step=2062 loss=0.030161 lr=9.990e-06
[train] step=2063 loss=0.031903 lr=9.990e-06
[train] step=2064 loss=0.043616 lr=9.990e-06
[train] step=2065 loss=0.076832 lr=9.990e-06
[train] step=2066 loss=0.034124 lr=9.989e-06
[train] step=2067 loss=0.036632 lr=9.989e-06
[train] step=2068 loss=0.018418 lr=9.989e-06
[train] step=2069 loss=0.022372 lr=9.989e-06
[train] step=2070 loss=0.023332 lr=9.989e-06
[train] step=2071 loss=0.019526 lr=9.989e-06
[train] step=2072 loss=0.064094 lr=9.989e-06
[train] step=2073 loss=0.047198 lr=9.989e-06
[train] step=2074 loss=0.026550 lr=9.989e-06
[train] step=2075 loss=0.070661 lr=9.989e-06
[train] step=2076 loss=0.022387 lr=9.989e-06
[train] step=2077 loss=0.039783 lr=9.989e-06
[train] step=2078 loss=0.025277 lr=9.989e-06
[train] step=2079 loss=0.017193 lr=9.989e-06
[train] step=2080 loss=0.170463 lr=9.989e-06
[train] step=2081 loss=0.031017 lr=9.989e-06
[train] step=2082 loss=0.021947 lr=9.989e-06
[train] step=2083 loss=0.025315 lr=9.989e-06
[train] step=2084 loss=0.018962 lr=9.989e-06
[train] step=2085 loss=0.034076 lr=9.989e-06
[train] step=2086 loss=0.029459 lr=9.989e-06
[train] step=2087 loss=0.032895 lr=9.989e-06
[train] step=2088 loss=0.027031 lr=9.989e-06
[train] step=2089 loss=0.019225 lr=9.989e-06
[train] step=2090 loss=0.018796 lr=9.989e-06
[train] step=2091 loss=0.036461 lr=9.989e-06
[train] step=2092 loss=0.021647 lr=9.989e-06
[train] step=2093 loss=0.024126 lr=9.989e-06
[train] step=2094 loss=0.040426 lr=9.989e-06
[train] step=2095 loss=0.085036 lr=9.989e-06
[train] step=2096 loss=0.059870 lr=9.989e-06
[train] step=2097 loss=0.029681 lr=9.989e-06
[train] step=2098 loss=0.025457 lr=9.989e-06
[train] step=2099 loss=0.025191 lr=9.989e-06
[train] step=2100 loss=0.041938 lr=9.989e-06
[train] step=2101 loss=0.021782 lr=9.989e-06
[train] step=2102 loss=0.026587 lr=9.989e-06
[train] step=2103 loss=0.026916 lr=9.989e-06
[train] step=2104 loss=0.145711 lr=9.989e-06
[train] step=2105 loss=0.050952 lr=9.989e-06
[train] step=2106 loss=0.031508 lr=9.989e-06
[train] step=2107 loss=0.022664 lr=9.989e-06
[train] step=2108 loss=0.083061 lr=9.989e-06
[train] step=2109 loss=0.070584 lr=9.989e-06
[train] step=2110 loss=0.029854 lr=9.989e-06
[train] step=2111 loss=0.025100 lr=9.989e-06
[train] step=2112 loss=0.017677 lr=9.989e-06
[train] step=2113 loss=0.025409 lr=9.989e-06
[train] step=2114 loss=0.021004 lr=9.989e-06
[train] step=2115 loss=0.033674 lr=9.989e-06
[train] step=2116 loss=0.029124 lr=9.989e-06
[train] step=2117 loss=0.026716 lr=9.989e-06
[train] step=2118 loss=0.020959 lr=9.989e-06
[train] step=2119 loss=0.043303 lr=9.989e-06
[train] step=2120 loss=0.035371 lr=9.989e-06
[train] step=2121 loss=0.043793 lr=9.989e-06
[train] step=2122 loss=0.029271 lr=9.989e-06
[train] step=2123 loss=0.026884 lr=9.989e-06
[train] step=2124 loss=0.027839 lr=9.989e-06
[train] step=2125 loss=0.025204 lr=9.989e-06
[train] step=2126 loss=0.039344 lr=9.989e-06
[train] step=2127 loss=0.020609 lr=9.989e-06
[train] step=2128 loss=0.039515 lr=9.989e-06
[train] step=2129 loss=0.026272 lr=9.989e-06
[train] step=2130 loss=0.027530 lr=9.989e-06
[train] step=2131 loss=0.019049 lr=9.989e-06
[train] step=2132 loss=0.019836 lr=9.989e-06
[train] step=2133 loss=0.023453 lr=9.989e-06
[train] step=2134 loss=0.020484 lr=9.989e-06
[train] step=2135 loss=0.023374 lr=9.989e-06
[train] step=2136 loss=0.026419 lr=9.989e-06
[train] step=2137 loss=0.026118 lr=9.989e-06
[train] step=2138 loss=0.027278 lr=9.989e-06
[train] step=2139 loss=0.029193 lr=9.989e-06
[train] step=2140 loss=0.020351 lr=9.989e-06
[train] step=2141 loss=0.016430 lr=9.989e-06
[train] step=2142 loss=0.020943 lr=9.989e-06
[train] step=2143 loss=0.032200 lr=9.989e-06
[train] step=2144 loss=0.020015 lr=9.989e-06
[train] step=2145 loss=0.032164 lr=9.989e-06
[train] step=2146 loss=0.037323 lr=9.989e-06
[train] step=2147 loss=0.015457 lr=9.989e-06
[train] step=2148 loss=0.043267 lr=9.989e-06
[train] step=2149 loss=0.021290 lr=9.989e-06
[train] step=2150 loss=0.049383 lr=9.989e-06
[train] step=2151 loss=0.042698 lr=9.989e-06
[train] step=2152 loss=0.022311 lr=9.989e-06
[train] step=2153 loss=0.017530 lr=9.989e-06
[train] step=2154 loss=0.030304 lr=9.989e-06
[train] step=2155 loss=0.018805 lr=9.989e-06
[train] step=2156 loss=0.021228 lr=9.989e-06
[train] step=2157 loss=0.023250 lr=9.989e-06
[train] step=2158 loss=0.041595 lr=9.989e-06
[train] step=2159 loss=0.022388 lr=9.989e-06
[train] step=2160 loss=0.023500 lr=9.989e-06
[train] step=2161 loss=0.023918 lr=9.989e-06
[train] step=2162 loss=0.033466 lr=9.988e-06
[train] step=2163 loss=0.023881 lr=9.988e-06
[train] step=2164 loss=0.030021 lr=9.988e-06
[train] step=2165 loss=0.021177 lr=9.988e-06
[train] step=2166 loss=0.082783 lr=9.988e-06
[train] step=2167 loss=0.024139 lr=9.988e-06
[train] step=2168 loss=0.018970 lr=9.988e-06
[train] step=2169 loss=0.016722 lr=9.988e-06
[train] step=2170 loss=0.016408 lr=9.988e-06
[train] step=2171 loss=0.023591 lr=9.988e-06
[train] step=2172 loss=0.022119 lr=9.988e-06
[train] step=2173 loss=0.016079 lr=9.988e-06
[train] step=2174 loss=0.018254 lr=9.988e-06
[train] step=2175 loss=0.021863 lr=9.988e-06
[train] step=2176 loss=0.018085 lr=9.988e-06
[train] step=2177 loss=0.016675 lr=9.988e-06
[train] step=2178 loss=0.017988 lr=9.988e-06
[train] step=2179 loss=0.027758 lr=9.988e-06
[train] step=2180 loss=0.024456 lr=9.988e-06
[train] step=2181 loss=0.025979 lr=9.988e-06
[train] step=2182 loss=0.031623 lr=9.988e-06
[train] step=2183 loss=0.017117 lr=9.988e-06
[train] step=2184 loss=0.022929 lr=9.988e-06
[train] step=2185 loss=0.018557 lr=9.988e-06
[train] step=2186 loss=0.015285 lr=9.988e-06
[train] step=2187 loss=0.023522 lr=9.988e-06
[train] step=2188 loss=0.015828 lr=9.988e-06
[train] step=2189 loss=0.022373 lr=9.988e-06
[train] step=2190 loss=0.020408 lr=9.988e-06
[train] step=2191 loss=0.022821 lr=9.988e-06
[train] step=2192 loss=0.027179 lr=9.988e-06
[train] step=2193 loss=0.022834 lr=9.988e-06
[train] step=2194 loss=0.020657 lr=9.988e-06
[train] step=2195 loss=0.109801 lr=9.988e-06
[train] step=2196 loss=0.019511 lr=9.988e-06
[train] step=2197 loss=0.022951 lr=9.988e-06
[train] step=2198 loss=0.026833 lr=9.988e-06
[train] step=2199 loss=0.108990 lr=9.988e-06
[train] step=2200 loss=0.025159 lr=9.988e-06
[train] step=2201 loss=0.019422 lr=9.988e-06
[train] step=2202 loss=0.030382 lr=9.988e-06
[train] step=2203 loss=0.045545 lr=9.988e-06
[train] step=2204 loss=0.020267 lr=9.988e-06
[train] step=2205 loss=0.026962 lr=9.988e-06
[train] step=2206 loss=0.071552 lr=9.988e-06
[train] step=2207 loss=0.023197 lr=9.988e-06
[train] step=2208 loss=0.017621 lr=9.988e-06
[train] step=2209 loss=0.021332 lr=9.988e-06
[train] step=2210 loss=0.018721 lr=9.988e-06
[train] step=2211 loss=0.037685 lr=9.988e-06
[train] step=2212 loss=0.035515 lr=9.988e-06
[train] step=2213 loss=0.014867 lr=9.988e-06
[train] step=2214 loss=0.020747 lr=9.988e-06
[train] step=2215 loss=0.114107 lr=9.988e-06
[train] step=2216 loss=0.018670 lr=9.988e-06
[train] step=2217 loss=0.018088 lr=9.988e-06
[train] step=2218 loss=0.029378 lr=9.988e-06
[train] step=2219 loss=0.029149 lr=9.988e-06
[train] step=2220 loss=0.021454 lr=9.988e-06
[train] step=2221 loss=0.021106 lr=9.988e-06
[train] step=2222 loss=0.017963 lr=9.988e-06
[train] step=2223 loss=0.046078 lr=9.988e-06
[train] step=2224 loss=0.024635 lr=9.988e-06
[train] step=2225 loss=0.018729 lr=9.988e-06
[train] step=2226 loss=0.027901 lr=9.988e-06
[train] step=2227 loss=0.027537 lr=9.988e-06
[train] step=2228 loss=0.016607 lr=9.988e-06
[train] step=2229 loss=0.019215 lr=9.988e-06
[train] step=2230 loss=0.022493 lr=9.988e-06
[train] step=2231 loss=0.024217 lr=9.988e-06
[train] step=2232 loss=0.023556 lr=9.988e-06
[train] step=2233 loss=0.016928 lr=9.988e-06
[train] step=2234 loss=0.020187 lr=9.988e-06
[train] step=2235 loss=0.018756 lr=9.988e-06
[train] step=2236 loss=0.021519 lr=9.988e-06
[train] step=2237 loss=0.026122 lr=9.988e-06
[train] step=2238 loss=0.018662 lr=9.988e-06
[train] step=2239 loss=0.017967 lr=9.988e-06
[train] step=2240 loss=0.062654 lr=9.988e-06
[train] step=2241 loss=0.023027 lr=9.988e-06
[train] step=2242 loss=0.018526 lr=9.988e-06
[train] step=2243 loss=0.023661 lr=9.988e-06
[train] step=2244 loss=0.021033 lr=9.988e-06
[train] step=2245 loss=0.030498 lr=9.988e-06
[train] step=2246 loss=0.015392 lr=9.988e-06
[train] step=2247 loss=0.021600 lr=9.988e-06
[train] step=2248 loss=0.022660 lr=9.988e-06
[train] step=2249 loss=0.016576 lr=9.988e-06
[train] step=2250 loss=0.027460 lr=9.988e-06
[train] step=2251 loss=0.065138 lr=9.988e-06
[train] step=2252 loss=0.032016 lr=9.988e-06
[train] step=2253 loss=0.045521 lr=9.988e-06
[train] step=2254 loss=0.024971 lr=9.987e-06
[train] step=2255 loss=0.024747 lr=9.987e-06
[train] step=2256 loss=0.079771 lr=9.987e-06
[train] step=2257 loss=0.051667 lr=9.987e-06
[train] step=2258 loss=0.039703 lr=9.987e-06
[train] step=2259 loss=0.023885 lr=9.987e-06
[train] step=2260 loss=0.053437 lr=9.987e-06
[train] step=2261 loss=0.023407 lr=9.987e-06
[train] step=2262 loss=0.022603 lr=9.987e-06
[train] step=2263 loss=0.020768 lr=9.987e-06
[train] step=2264 loss=0.021053 lr=9.987e-06
[train] step=2265 loss=0.025107 lr=9.987e-06
[train] step=2266 loss=0.047106 lr=9.987e-06
[train] step=2267 loss=0.053557 lr=9.987e-06
[train] step=2268 loss=0.048021 lr=9.987e-06
[train] step=2269 loss=0.018997 lr=9.987e-06
[train] step=2270 loss=0.141853 lr=9.987e-06
[train] step=2271 loss=0.026718 lr=9.987e-06
[train] step=2272 loss=0.021715 lr=9.987e-06
[train] step=2273 loss=0.026692 lr=9.987e-06
[train] step=2274 loss=0.025626 lr=9.987e-06
[train] step=2275 loss=0.073109 lr=9.987e-06
[train] step=2276 loss=0.040406 lr=9.987e-06
[train] step=2277 loss=0.027828 lr=9.987e-06
[train] step=2278 loss=0.016801 lr=9.987e-06
[train] step=2279 loss=0.028571 lr=9.987e-06
[train] step=2280 loss=0.025562 lr=9.987e-06
[train] step=2281 loss=0.020090 lr=9.987e-06
[train] step=2282 loss=0.025230 lr=9.987e-06
[train] step=2283 loss=0.024782 lr=9.987e-06
[train] step=2284 loss=0.017444 lr=9.987e-06
[train] step=2285 loss=0.033051 lr=9.987e-06
[train] step=2286 loss=0.024453 lr=9.987e-06
[train] step=2287 loss=0.028987 lr=9.987e-06
[train] step=2288 loss=0.020761 lr=9.987e-06
[train] step=2289 loss=0.019774 lr=9.987e-06
[train] step=2290 loss=0.020893 lr=9.987e-06
[train] step=2291 loss=0.043097 lr=9.987e-06
[train] step=2292 loss=0.020472 lr=9.987e-06
[train] step=2293 loss=0.049825 lr=9.987e-06
[train] step=2294 loss=0.025866 lr=9.987e-06
[train] step=2295 loss=0.021558 lr=9.987e-06
[train] step=2296 loss=0.021144 lr=9.987e-06
[train] step=2297 loss=0.018353 lr=9.987e-06
[train] step=2298 loss=0.107952 lr=9.987e-06
[train] step=2299 loss=0.012396 lr=9.987e-06
[train] step=2300 loss=0.021003 lr=9.987e-06
[train] step=2301 loss=0.025400 lr=9.987e-06
[train] step=2302 loss=0.039516 lr=9.987e-06
[train] step=2303 loss=0.023546 lr=9.987e-06
[train] step=2304 loss=0.029216 lr=9.987e-06
[train] step=2305 loss=0.037762 lr=9.987e-06
[train] step=2306 loss=0.014469 lr=9.987e-06
[train] step=2307 loss=0.016903 lr=9.987e-06
[train] step=2308 loss=0.027623 lr=9.987e-06
[train] step=2309 loss=0.030598 lr=9.987e-06
[train] step=2310 loss=0.046775 lr=9.987e-06
[train] step=2311 loss=0.030284 lr=9.987e-06
[train] step=2312 loss=0.019424 lr=9.987e-06
[train] step=2313 loss=0.026409 lr=9.987e-06
[train] step=2314 loss=0.012582 lr=9.987e-06
[train] step=2315 loss=0.035310 lr=9.987e-06
[train] step=2316 loss=0.038871 lr=9.987e-06
[train] step=2317 loss=0.026041 lr=9.987e-06
[train] step=2318 loss=0.020272 lr=9.987e-06
[train] step=2319 loss=0.025648 lr=9.987e-06
[train] step=2320 loss=0.017137 lr=9.987e-06
[train] step=2321 loss=0.084395 lr=9.987e-06
[train] step=2322 loss=0.022480 lr=9.987e-06
[train] step=2323 loss=0.022292 lr=9.987e-06
[train] step=2324 loss=0.038442 lr=9.987e-06
[train] step=2325 loss=0.014088 lr=9.987e-06
[train] step=2326 loss=0.051132 lr=9.987e-06
[train] step=2327 loss=0.030184 lr=9.987e-06
[train] step=2328 loss=0.034065 lr=9.987e-06
[train] step=2329 loss=0.018181 lr=9.987e-06
[train] step=2330 loss=0.022690 lr=9.987e-06
[train] step=2331 loss=0.029249 lr=9.987e-06
[train] step=2332 loss=0.037544 lr=9.987e-06
[train] step=2333 loss=0.018017 lr=9.987e-06
[train] step=2334 loss=0.022160 lr=9.987e-06
[train] step=2335 loss=0.018577 lr=9.987e-06
[train] step=2336 loss=0.022085 lr=9.987e-06
[train] step=2337 loss=0.018750 lr=9.987e-06
[train] step=2338 loss=0.016329 lr=9.987e-06
[train] step=2339 loss=0.043517 lr=9.987e-06
[train] step=2340 loss=0.018642 lr=9.987e-06
[train] step=2341 loss=0.035688 lr=9.987e-06
[train] step=2342 loss=0.019822 lr=9.986e-06
[train] step=2343 loss=0.032374 lr=9.986e-06
[train] step=2344 loss=0.018173 lr=9.986e-06
[train] step=2345 loss=0.090858 lr=9.986e-06
[train] step=2346 loss=0.017064 lr=9.986e-06
[train] step=2347 loss=0.014997 lr=9.986e-06
[train] step=2348 loss=0.032737 lr=9.986e-06
[train] step=2349 loss=0.021464 lr=9.986e-06
[train] step=2350 loss=0.018844 lr=9.986e-06
[train] step=2351 loss=0.069146 lr=9.986e-06
[train] step=2352 loss=0.046565 lr=9.986e-06
[train] step=2353 loss=0.015160 lr=9.986e-06
[train] step=2354 loss=0.025378 lr=9.986e-06
[train] step=2355 loss=0.035656 lr=9.986e-06
[train] step=2356 loss=0.017663 lr=9.986e-06
[train] step=2357 loss=0.034535 lr=9.986e-06
[train] step=2358 loss=0.020661 lr=9.986e-06
[train] step=2359 loss=0.024277 lr=9.986e-06
[train] step=2360 loss=0.020403 lr=9.986e-06
[train] step=2361 loss=0.041996 lr=9.986e-06
[train] step=2362 loss=0.027340 lr=9.986e-06
[train] step=2363 loss=0.022639 lr=9.986e-06
[train] step=2364 loss=0.016493 lr=9.986e-06
[train] step=2365 loss=0.017419 lr=9.986e-06
[train] step=2366 loss=0.040288 lr=9.986e-06
[train] step=2367 loss=0.021101 lr=9.986e-06
[train] step=2368 loss=0.017239 lr=9.986e-06
[train] step=2369 loss=0.094407 lr=9.986e-06
[train] step=2370 loss=0.039360 lr=9.986e-06
[train] step=2371 loss=0.017756 lr=9.986e-06
[train] step=2372 loss=0.022105 lr=9.986e-06
[train] step=2373 loss=0.023076 lr=9.986e-06
[train] step=2374 loss=0.022784 lr=9.986e-06
[train] step=2375 loss=0.042874 lr=9.986e-06
[train] step=2376 loss=0.024862 lr=9.986e-06
[train] step=2377 loss=0.016753 lr=9.986e-06
[train] step=2378 loss=0.071882 lr=9.986e-06
[train] step=2379 loss=0.021006 lr=9.986e-06
[train] step=2380 loss=0.035356 lr=9.986e-06
[train] step=2381 loss=0.017380 lr=9.986e-06
[train] step=2382 loss=0.044460 lr=9.986e-06
[train] step=2383 loss=0.018820 lr=9.986e-06
[train] step=2384 loss=0.020267 lr=9.986e-06
[train] step=2385 loss=0.022711 lr=9.986e-06
[train] step=2386 loss=0.015815 lr=9.986e-06
[train] step=2387 loss=0.016505 lr=9.986e-06
[train] step=2388 loss=0.026596 lr=9.986e-06
[train] step=2389 loss=0.019277 lr=9.986e-06
[train] step=2390 loss=0.030001 lr=9.986e-06
[train] step=2391 loss=0.028805 lr=9.986e-06
[train] step=2392 loss=0.015841 lr=9.986e-06
[train] step=2393 loss=0.040401 lr=9.986e-06
[train] step=2394 loss=0.022495 lr=9.986e-06
[train] step=2395 loss=0.023218 lr=9.986e-06
[train] step=2396 loss=0.045037 lr=9.986e-06
[train] step=2397 loss=0.036507 lr=9.986e-06
[train] step=2398 loss=0.061072 lr=9.986e-06
[train] step=2399 loss=0.017289 lr=9.986e-06
[train] step=2400 loss=0.017614 lr=9.986e-06
[train] step=2401 loss=0.014859 lr=9.986e-06
[train] step=2402 loss=0.022777 lr=9.986e-06
[train] step=2403 loss=0.033684 lr=9.986e-06
[train] step=2404 loss=0.017729 lr=9.986e-06
[train] step=2405 loss=0.031629 lr=9.986e-06
[train] step=2406 loss=0.024748 lr=9.986e-06
[train] step=2407 loss=0.015897 lr=9.986e-06
[train] step=2408 loss=0.027406 lr=9.986e-06
[train] step=2409 loss=0.022336 lr=9.986e-06
[train] step=2410 loss=0.023048 lr=9.986e-06
[train] step=2411 loss=0.073077 lr=9.986e-06
[train] step=2412 loss=0.067127 lr=9.986e-06
[train] step=2413 loss=0.022171 lr=9.986e-06
[train] step=2414 loss=0.021140 lr=9.986e-06
[train] step=2415 loss=0.023877 lr=9.986e-06
[train] step=2416 loss=0.044549 lr=9.986e-06
[train] step=2417 loss=0.026957 lr=9.986e-06
[train] step=2418 loss=0.031514 lr=9.986e-06
[train] step=2419 loss=0.021020 lr=9.986e-06
[train] step=2420 loss=0.026421 lr=9.986e-06
[train] step=2421 loss=0.023587 lr=9.986e-06
[train] step=2422 loss=0.047778 lr=9.986e-06
[train] step=2423 loss=0.024842 lr=9.986e-06
[train] step=2424 loss=0.029429 lr=9.986e-06
[train] step=2425 loss=0.017659 lr=9.986e-06
[train] step=2426 loss=0.016021 lr=9.986e-06
[train] step=2427 loss=0.018895 lr=9.985e-06
[train] step=2428 loss=0.027892 lr=9.985e-06
[train] step=2429 loss=0.074576 lr=9.985e-06
[train] step=2430 loss=0.036778 lr=9.985e-06
[train] step=2431 loss=0.022920 lr=9.985e-06
[train] step=2432 loss=0.021980 lr=9.985e-06
[train] step=2433 loss=0.023946 lr=9.985e-06
[train] step=2434 loss=0.030581 lr=9.985e-06
[train] step=2435 loss=0.020262 lr=9.985e-06
[train] step=2436 loss=0.040963 lr=9.985e-06
[train] step=2437 loss=0.039155 lr=9.985e-06
[train] step=2438 loss=0.015311 lr=9.985e-06
[train] step=2439 loss=0.022589 lr=9.985e-06
[train] step=2440 loss=0.017980 lr=9.985e-06
[train] step=2441 loss=0.033385 lr=9.985e-06
[train] step=2442 loss=0.020417 lr=9.985e-06
[train] step=2443 loss=0.029709 lr=9.985e-06
[train] step=2444 loss=0.032884 lr=9.985e-06
[train] step=2445 loss=0.016737 lr=9.985e-06
[train] step=2446 loss=0.016909 lr=9.985e-06
[train] step=2447 loss=0.018270 lr=9.985e-06
[train] step=2448 loss=0.031263 lr=9.985e-06
[train] step=2449 loss=0.017105 lr=9.985e-06
[train] step=2450 loss=0.018959 lr=9.985e-06
[train] step=2451 loss=0.023612 lr=9.985e-06
[train] step=2452 loss=0.023305 lr=9.985e-06
[train] step=2453 loss=0.014761 lr=9.985e-06
[train] step=2454 loss=0.024541 lr=9.985e-06
[train] step=2455 loss=0.013833 lr=9.985e-06
[train] step=2456 loss=0.020739 lr=9.985e-06
[train] step=2457 loss=0.022145 lr=9.985e-06
[train] step=2458 loss=0.030050 lr=9.985e-06
[train] step=2459 loss=0.020376 lr=9.985e-06
[train] step=2460 loss=0.036272 lr=9.985e-06
[train] step=2461 loss=0.016808 lr=9.985e-06
[train] step=2462 loss=0.014943 lr=9.985e-06
[train] step=2463 loss=0.020680 lr=9.985e-06
[train] step=2464 loss=0.020023 lr=9.985e-06
[train] step=2465 loss=0.013679 lr=9.985e-06
[train] step=2466 loss=0.032910 lr=9.985e-06
[train] step=2467 loss=0.015515 lr=9.985e-06
[train] step=2468 loss=0.014122 lr=9.985e-06
[train] step=2469 loss=0.019238 lr=9.985e-06
[train] step=2470 loss=0.015315 lr=9.985e-06
[train] step=2471 loss=0.054381 lr=9.985e-06
[train] step=2472 loss=0.014290 lr=9.985e-06
[train] step=2473 loss=0.019068 lr=9.985e-06
[train] step=2474 loss=0.014537 lr=9.985e-06
[train] step=2475 loss=0.018784 lr=9.985e-06
[train] step=2476 loss=0.039307 lr=9.985e-06
[train] step=2477 loss=0.013153 lr=9.985e-06
[train] step=2478 loss=0.014574 lr=9.985e-06
[train] step=2479 loss=0.018044 lr=9.985e-06
[train] step=2480 loss=0.035155 lr=9.985e-06
[train] step=2481 loss=0.016109 lr=9.985e-06
[train] step=2482 loss=0.014694 lr=9.985e-06
[train] step=2483 loss=0.014566 lr=9.985e-06
[train] step=2484 loss=0.023604 lr=9.985e-06
[train] step=2485 loss=0.021213 lr=9.985e-06
[train] step=2486 loss=0.020580 lr=9.985e-06
[train] step=2487 loss=0.034986 lr=9.985e-06
[train] step=2488 loss=0.016532 lr=9.985e-06
[train] step=2489 loss=0.028518 lr=9.985e-06
[train] step=2490 loss=0.018728 lr=9.985e-06
[train] step=2491 loss=0.024101 lr=9.985e-06
[train] step=2492 loss=0.048804 lr=9.985e-06
[train] step=2493 loss=0.022121 lr=9.985e-06
[train] step=2494 loss=0.025993 lr=9.985e-06
[train] step=2495 loss=0.014454 lr=9.985e-06
[train] step=2496 loss=0.023667 lr=9.985e-06
[train] step=2497 loss=0.019313 lr=9.985e-06
[train] step=2498 loss=0.012215 lr=9.985e-06
[train] step=2499 loss=0.020407 lr=9.985e-06
[train] step=2500 loss=0.015465 lr=9.985e-06
INFO     [rank 0] Model weights for step 2500 saved in       dit_trainer.py:1085
         checkpoints/model_weights_step_02500.safetensors                       
INFO     [rank 0] Scalar embedding weights for step 2500     dit_trainer.py:1092
         saved                                                                  
INFO     [rank 0] Training state saved:                      dit_trainer.py:1123
         checkpoints/model_weights_step_02500.state.pt                          
DEBUG    [rank 0] Removed old checkpoint:                    dit_trainer.py:1136
         /local/disk/hramachandran/work/wh_work/windinet/dit                    
         _throughput_sweep_bs4/checkpoints/model_weights_ste                    
         p_02000.safetensors                                                    
DEBUG    [rank 0] Removed old checkpoint:                    dit_trainer.py:1136
         /local/disk/hramachandran/work/wh_work/windinet/dit                    
         _throughput_sweep_bs4/checkpoints/model_weights_ste                    
         p_02000.state.pt                                                       
DEBUG    [rank 0] Removed old checkpoint:                    dit_trainer.py:1136
         /local/disk/hramachandran/work/wh_work/windinet/dit                    
         _throughput_sweep_bs4/checkpoints/scalar_embedding_                    
         step_02000.safetensors                                                 
[epoch 5] step=2500 train_loss=0.030591
[train] step=2501 loss=0.027995 lr=9.985e-06
[train] step=2502 loss=0.107591 lr=9.985e-06
[train] step=2503 loss=0.050829 lr=9.985e-06
[train] step=2504 loss=0.016049 lr=9.985e-06
[train] step=2505 loss=0.022172 lr=9.985e-06
[train] step=2506 loss=0.027044 lr=9.985e-06
[train] step=2507 loss=0.082637 lr=9.985e-06
[train] step=2508 loss=0.030983 lr=9.985e-06
[train] step=2509 loss=0.038360 lr=9.985e-06
[train] step=2510 loss=0.025782 lr=9.984e-06
[train] step=2511 loss=0.018474 lr=9.984e-06
[train] step=2512 loss=0.017864 lr=9.984e-06
[train] step=2513 loss=0.024294 lr=9.984e-06
[train] step=2514 loss=0.016642 lr=9.984e-06
[train] step=2515 loss=0.018739 lr=9.984e-06
[train] step=2516 loss=0.035370 lr=9.984e-06
[train] step=2517 loss=0.045186 lr=9.984e-06
[train] step=2518 loss=0.012686 lr=9.984e-06
[train] step=2519 loss=0.014213 lr=9.984e-06
[train] step=2520 loss=0.024415 lr=9.984e-06
[train] step=2521 loss=0.027576 lr=9.984e-06
[train] step=2522 loss=0.117053 lr=9.984e-06
[train] step=2523 loss=0.020820 lr=9.984e-06
[train] step=2524 loss=0.045103 lr=9.984e-06
[train] step=2525 loss=0.019891 lr=9.984e-06
[train] step=2526 loss=0.034535 lr=9.984e-06
[train] step=2527 loss=0.017679 lr=9.984e-06
[train] step=2528 loss=0.018660 lr=9.984e-06
[train] step=2529 loss=0.029060 lr=9.984e-06
[train] step=2530 loss=0.032510 lr=9.984e-06
[train] step=2531 loss=0.017476 lr=9.984e-06
[train] step=2532 loss=0.031620 lr=9.984e-06
[train] step=2533 loss=0.020509 lr=9.984e-06
[train] step=2534 loss=0.041775 lr=9.984e-06
[train] step=2535 loss=0.017689 lr=9.984e-06
[train] step=2536 loss=0.018486 lr=9.984e-06
[train] step=2537 loss=0.034974 lr=9.984e-06
[train] step=2538 loss=0.022620 lr=9.984e-06
[train] step=2539 loss=0.033327 lr=9.984e-06
[train] step=2540 loss=0.017658 lr=9.984e-06
[train] step=2541 loss=0.023774 lr=9.984e-06
[train] step=2542 loss=0.026693 lr=9.984e-06
[train] step=2543 loss=0.021861 lr=9.984e-06
[train] step=2544 loss=0.016497 lr=9.984e-06
[train] step=2545 loss=0.028157 lr=9.984e-06
[train] step=2546 loss=0.018926 lr=9.984e-06
[train] step=2547 loss=0.017743 lr=9.984e-06
[train] step=2548 loss=0.019820 lr=9.984e-06
[train] step=2549 loss=0.017413 lr=9.984e-06
[train] step=2550 loss=0.021816 lr=9.984e-06
[train] step=2551 loss=0.022909 lr=9.984e-06
[train] step=2552 loss=0.019268 lr=9.984e-06
[train] step=2553 loss=0.018252 lr=9.984e-06
[train] step=2554 loss=0.011534 lr=9.984e-06
[train] step=2555 loss=0.028680 lr=9.984e-06
[train] step=2556 loss=0.018437 lr=9.984e-06
[train] step=2557 loss=0.018386 lr=9.984e-06
[train] step=2558 loss=0.018149 lr=9.984e-06
[train] step=2559 loss=0.015536 lr=9.984e-06
[train] step=2560 loss=0.017524 lr=9.984e-06
[train] step=2561 loss=0.122241 lr=9.984e-06
[train] step=2562 loss=0.013713 lr=9.984e-06
[train] step=2563 loss=0.015496 lr=9.984e-06
[train] step=2564 loss=0.016779 lr=9.984e-06
[train] step=2565 loss=0.016545 lr=9.984e-06
[train] step=2566 loss=0.027604 lr=9.984e-06
[train] step=2567 loss=0.020590 lr=9.984e-06
[train] step=2568 loss=0.024221 lr=9.984e-06
[train] step=2569 loss=0.105259 lr=9.984e-06
[train] step=2570 loss=0.019444 lr=9.984e-06
[train] step=2571 loss=0.022038 lr=9.984e-06
[train] step=2572 loss=0.022883 lr=9.984e-06
[train] step=2573 loss=0.016222 lr=9.984e-06
[train] step=2574 loss=0.035257 lr=9.984e-06
[train] step=2575 loss=0.030505 lr=9.984e-06
[train] step=2576 loss=0.030366 lr=9.984e-06
[train] step=2577 loss=0.022766 lr=9.984e-06
[train] step=2578 loss=0.014140 lr=9.984e-06
[train] step=2579 loss=0.015135 lr=9.984e-06
[train] step=2580 loss=0.020658 lr=9.984e-06
[train] step=2581 loss=0.031320 lr=9.984e-06
[train] step=2582 loss=0.021676 lr=9.984e-06
[train] step=2583 loss=0.017276 lr=9.984e-06
[train] step=2584 loss=0.024471 lr=9.984e-06
[train] step=2585 loss=0.131039 lr=9.984e-06
[train] step=2586 loss=0.022663 lr=9.984e-06
[train] step=2587 loss=0.033455 lr=9.984e-06
[train] step=2588 loss=0.181782 lr=9.984e-06
[train] step=2589 loss=0.067243 lr=9.983e-06
[train] step=2590 loss=0.015474 lr=9.983e-06
[train] step=2591 loss=0.030271 lr=9.983e-06
[train] step=2592 loss=0.027785 lr=9.983e-06
[train] step=2593 loss=0.025809 lr=9.983e-06
[train] step=2594 loss=0.042604 lr=9.983e-06
[train] step=2595 loss=0.021269 lr=9.983e-06
[train] step=2596 loss=0.032118 lr=9.983e-06
[train] step=2597 loss=0.015542 lr=9.983e-06
[train] step=2598 loss=0.033663 lr=9.983e-06
[train] step=2599 loss=0.016798 lr=9.983e-06
[train] step=2600 loss=0.033072 lr=9.983e-06
[train] step=2601 loss=0.020093 lr=9.983e-06
[train] step=2602 loss=0.021187 lr=9.983e-06
[train] step=2603 loss=0.026970 lr=9.983e-06
[train] step=2604 loss=0.038904 lr=9.983e-06
[train] step=2605 loss=0.028700 lr=9.983e-06
[train] step=2606 loss=0.014965 lr=9.983e-06
[train] step=2607 loss=0.025922 lr=9.983e-06
[train] step=2608 loss=0.018182 lr=9.983e-06
[train] step=2609 loss=0.022406 lr=9.983e-06
[train] step=2610 loss=0.037145 lr=9.983e-06
[train] step=2611 loss=0.027758 lr=9.983e-06
[train] step=2612 loss=0.014019 lr=9.983e-06
[train] step=2613 loss=0.032983 lr=9.983e-06
[train] step=2614 loss=0.019692 lr=9.983e-06
[train] step=2615 loss=0.073055 lr=9.983e-06
[train] step=2616 loss=0.018910 lr=9.983e-06
[train] step=2617 loss=0.096059 lr=9.983e-06
[train] step=2618 loss=0.011742 lr=9.983e-06
[train] step=2619 loss=0.027691 lr=9.983e-06
[train] step=2620 loss=0.018812 lr=9.983e-06
[train] step=2621 loss=0.012516 lr=9.983e-06
[train] step=2622 loss=0.033703 lr=9.983e-06
[train] step=2623 loss=0.016139 lr=9.983e-06
[train] step=2624 loss=0.017249 lr=9.983e-06
[train] step=2625 loss=0.019998 lr=9.983e-06
[train] step=2626 loss=0.018998 lr=9.983e-06
[train] step=2627 loss=0.032932 lr=9.983e-06
[train] step=2628 loss=0.017160 lr=9.983e-06
[train] step=2629 loss=0.030194 lr=9.983e-06
[train] step=2630 loss=0.016700 lr=9.983e-06
[train] step=2631 loss=0.017027 lr=9.983e-06
[train] step=2632 loss=0.013988 lr=9.983e-06
[train] step=2633 loss=0.015010 lr=9.983e-06
[train] step=2634 loss=0.021512 lr=9.983e-06
[train] step=2635 loss=0.017513 lr=9.983e-06
[train] step=2636 loss=0.058113 lr=9.983e-06
[train] step=2637 loss=0.016242 lr=9.983e-06
[train] step=2638 loss=0.017427 lr=9.983e-06
[train] step=2639 loss=0.020277 lr=9.983e-06
[train] step=2640 loss=0.040954 lr=9.983e-06
[train] step=2641 loss=0.069627 lr=9.983e-06
[train] step=2642 loss=0.016650 lr=9.983e-06
[train] step=2643 loss=0.016510 lr=9.983e-06
[train] step=2644 loss=0.028579 lr=9.983e-06
[train] step=2645 loss=0.014623 lr=9.983e-06
[train] step=2646 loss=0.016100 lr=9.983e-06
[train] step=2647 loss=0.021085 lr=9.983e-06
[train] step=2648 loss=0.014780 lr=9.983e-06
[train] step=2649 loss=0.023326 lr=9.983e-06
[train] step=2650 loss=0.015389 lr=9.983e-06
[train] step=2651 loss=0.091144 lr=9.983e-06
[train] step=2652 loss=0.016469 lr=9.983e-06
[train] step=2653 loss=0.011481 lr=9.983e-06
[train] step=2654 loss=0.019312 lr=9.983e-06
[train] step=2655 loss=0.016726 lr=9.983e-06
[train] step=2656 loss=0.025579 lr=9.983e-06
[train] step=2657 loss=0.016414 lr=9.983e-06
[train] step=2658 loss=0.023366 lr=9.983e-06
[train] step=2659 loss=0.035360 lr=9.983e-06
[train] step=2660 loss=0.013395 lr=9.983e-06
[train] step=2661 loss=0.016888 lr=9.983e-06
[train] step=2662 loss=0.017003 lr=9.983e-06
[train] step=2663 loss=0.020623 lr=9.983e-06
[train] step=2664 loss=0.017787 lr=9.983e-06
[train] step=2665 loss=0.018738 lr=9.983e-06
[train] step=2666 loss=0.013388 lr=9.983e-06
[train] step=2667 loss=0.034676 lr=9.982e-06
[train] step=2668 loss=0.024134 lr=9.982e-06
[train] step=2669 loss=0.019318 lr=9.982e-06
[train] step=2670 loss=0.014469 lr=9.982e-06
[train] step=2671 loss=0.016269 lr=9.982e-06
[train] step=2672 loss=0.023179 lr=9.982e-06
[train] step=2673 loss=0.043103 lr=9.982e-06
[train] step=2674 loss=0.012201 lr=9.982e-06
[train] step=2675 loss=0.014472 lr=9.982e-06
[train] step=2676 loss=0.019185 lr=9.982e-06
[train] step=2677 loss=0.015792 lr=9.982e-06
[train] step=2678 loss=0.020420 lr=9.982e-06
[train] step=2679 loss=0.022112 lr=9.982e-06
[train] step=2680 loss=0.022685 lr=9.982e-06
[train] step=2681 loss=0.018081 lr=9.982e-06
[train] step=2682 loss=0.014917 lr=9.982e-06
[train] step=2683 loss=0.018419 lr=9.982e-06
[train] step=2684 loss=0.014897 lr=9.982e-06
[train] step=2685 loss=0.020836 lr=9.982e-06
[train] step=2686 loss=0.015914 lr=9.982e-06
[train] step=2687 loss=0.012634 lr=9.982e-06
[train] step=2688 loss=0.021377 lr=9.982e-06
[train] step=2689 loss=0.016279 lr=9.982e-06
[train] step=2690 loss=0.025610 lr=9.982e-06
[train] step=2691 loss=0.014879 lr=9.982e-06
[train] step=2692 loss=0.017820 lr=9.982e-06
[train] step=2693 loss=0.014844 lr=9.982e-06
[train] step=2694 loss=0.038216 lr=9.982e-06
[train] step=2695 loss=0.011724 lr=9.982e-06
[train] step=2696 loss=0.033526 lr=9.982e-06
[train] step=2697 loss=0.018947 lr=9.982e-06
[train] step=2698 loss=0.048140 lr=9.982e-06
[train] step=2699 loss=0.030104 lr=9.982e-06
[train] step=2700 loss=0.019149 lr=9.982e-06
[train] step=2701 loss=0.016678 lr=9.982e-06
[train] step=2702 loss=0.018148 lr=9.982e-06
[train] step=2703 loss=0.015427 lr=9.982e-06
[train] step=2704 loss=0.021744 lr=9.982e-06
[train] step=2705 loss=0.016394 lr=9.982e-06
[train] step=2706 loss=0.014964 lr=9.982e-06
[train] step=2707 loss=0.020247 lr=9.982e-06
[train] step=2708 loss=0.029745 lr=9.982e-06
[train] step=2709 loss=0.056047 lr=9.982e-06
[train] step=2710 loss=0.017851 lr=9.982e-06
[train] step=2711 loss=0.019213 lr=9.982e-06
[train] step=2712 loss=0.019126 lr=9.982e-06
[train] step=2713 loss=0.018871 lr=9.982e-06
[train] step=2714 loss=0.014776 lr=9.982e-06
[train] step=2715 loss=0.024205 lr=9.982e-06
[train] step=2716 loss=0.014528 lr=9.982e-06
[train] step=2717 loss=0.019193 lr=9.982e-06
[train] step=2718 loss=0.012235 lr=9.982e-06
[train] step=2719 loss=0.016724 lr=9.982e-06
[train] step=2720 loss=0.012795 lr=9.982e-06
[train] step=2721 loss=0.017826 lr=9.982e-06
[train] step=2722 loss=0.020858 lr=9.982e-06
[train] step=2723 loss=0.023019 lr=9.982e-06
[train] step=2724 loss=0.012529 lr=9.982e-06
[train] step=2725 loss=0.020865 lr=9.982e-06
[train] step=2726 loss=0.021498 lr=9.982e-06
[train] step=2727 loss=0.039350 lr=9.982e-06
[train] step=2728 loss=0.016258 lr=9.982e-06
[train] step=2729 loss=0.014680 lr=9.982e-06
[train] step=2730 loss=0.020897 lr=9.982e-06
[train] step=2731 loss=0.024681 lr=9.982e-06
[train] step=2732 loss=0.015579 lr=9.982e-06
[train] step=2733 loss=0.024019 lr=9.982e-06
[train] step=2734 loss=0.016562 lr=9.982e-06
[train] step=2735 loss=0.014247 lr=9.982e-06
[train] step=2736 loss=0.018295 lr=9.982e-06
[train] step=2737 loss=0.155894 lr=9.982e-06
[train] step=2738 loss=0.018784 lr=9.982e-06
[train] step=2739 loss=0.016453 lr=9.982e-06
[train] step=2740 loss=0.041224 lr=9.982e-06
[train] step=2741 loss=0.015132 lr=9.982e-06
[train] step=2742 loss=0.015085 lr=9.981e-06
[train] step=2743 loss=0.012070 lr=9.981e-06
[train] step=2744 loss=0.017718 lr=9.981e-06
[train] step=2745 loss=0.015458 lr=9.981e-06
[train] step=2746 loss=0.012408 lr=9.981e-06
[train] step=2747 loss=0.069077 lr=9.981e-06
[train] step=2748 loss=0.041738 lr=9.981e-06
[train] step=2749 loss=0.022655 lr=9.981e-06
[train] step=2750 loss=0.019650 lr=9.981e-06
[train] step=2751 loss=0.015127 lr=9.981e-06
[train] step=2752 loss=0.014116 lr=9.981e-06
[train] step=2753 loss=0.016845 lr=9.981e-06
[train] step=2754 loss=0.045544 lr=9.981e-06
[train] step=2755 loss=0.013537 lr=9.981e-06
[train] step=2756 loss=0.023407 lr=9.981e-06
[train] step=2757 loss=0.020745 lr=9.981e-06
[train] step=2758 loss=0.013060 lr=9.981e-06
[train] step=2759 loss=0.014563 lr=9.981e-06
[train] step=2760 loss=0.013486 lr=9.981e-06
[train] step=2761 loss=0.026714 lr=9.981e-06
[train] step=2762 loss=0.012602 lr=9.981e-06
[train] step=2763 loss=0.058050 lr=9.981e-06
[train] step=2764 loss=0.024268 lr=9.981e-06
[train] step=2765 loss=0.012661 lr=9.981e-06
[train] step=2766 loss=0.019958 lr=9.981e-06
[train] step=2767 loss=0.014152 lr=9.981e-06
[train] step=2768 loss=0.016550 lr=9.981e-06
[train] step=2769 loss=0.015550 lr=9.981e-06
[train] step=2770 loss=0.027064 lr=9.981e-06
[train] step=2771 loss=0.017801 lr=9.981e-06
[train] step=2772 loss=0.016411 lr=9.981e-06
[train] step=2773 loss=0.023691 lr=9.981e-06
[train] step=2774 loss=0.021434 lr=9.981e-06
[train] step=2775 loss=0.015852 lr=9.981e-06
[train] step=2776 loss=0.011283 lr=9.981e-06
[train] step=2777 loss=0.048581 lr=9.981e-06
[train] step=2778 loss=0.075362 lr=9.981e-06
[train] step=2779 loss=0.010858 lr=9.981e-06
[train] step=2780 loss=0.016050 lr=9.981e-06
[train] step=2781 loss=0.019800 lr=9.981e-06
[train] step=2782 loss=0.021207 lr=9.981e-06
[train] step=2783 loss=0.011532 lr=9.981e-06
[train] step=2784 loss=0.011770 lr=9.981e-06
[train] step=2785 loss=0.014361 lr=9.981e-06
[train] step=2786 loss=0.012106 lr=9.981e-06
[train] step=2787 loss=0.036503 lr=9.981e-06
[train] step=2788 loss=0.010746 lr=9.981e-06
[train] step=2789 loss=0.017749 lr=9.981e-06
[train] step=2790 loss=0.012774 lr=9.981e-06
[train] step=2791 loss=0.014125 lr=9.981e-06
[train] step=2792 loss=0.032177 lr=9.981e-06
[train] step=2793 loss=0.017857 lr=9.981e-06
[train] step=2794 loss=0.014023 lr=9.981e-06
[train] step=2795 loss=0.019821 lr=9.981e-06
[train] step=2796 loss=0.018891 lr=9.981e-06
[train] step=2797 loss=0.015329 lr=9.981e-06
[train] step=2798 loss=0.014061 lr=9.981e-06
[train] step=2799 loss=0.012174 lr=9.981e-06
[train] step=2800 loss=0.016839 lr=9.981e-06
[train] step=2801 loss=0.012879 lr=9.981e-06
[train] step=2802 loss=0.027589 lr=9.981e-06
[train] step=2803 loss=0.012526 lr=9.981e-06
[train] step=2804 loss=0.015480 lr=9.981e-06
[train] step=2805 loss=0.013475 lr=9.981e-06
[train] step=2806 loss=0.009647 lr=9.981e-06
[train] step=2807 loss=0.013448 lr=9.981e-06
[train] step=2808 loss=0.017573 lr=9.981e-06
[train] step=2809 loss=0.012614 lr=9.981e-06
[train] step=2810 loss=0.025820 lr=9.981e-06
[train] step=2811 loss=0.012261 lr=9.981e-06
[train] step=2812 loss=0.017720 lr=9.981e-06
[train] step=2813 loss=0.016794 lr=9.981e-06
[train] step=2814 loss=0.016069 lr=9.981e-06
[train] step=2815 loss=0.016545 lr=9.980e-06
[train] step=2816 loss=0.013485 lr=9.980e-06
[train] step=2817 loss=0.012624 lr=9.980e-06
[train] step=2818 loss=0.020307 lr=9.980e-06
[train] step=2819 loss=0.012496 lr=9.980e-06
[train] step=2820 loss=0.016205 lr=9.980e-06
[train] step=2821 loss=0.020048 lr=9.980e-06
[train] step=2822 loss=0.014335 lr=9.980e-06
[train] step=2823 loss=0.021887 lr=9.980e-06
[train] step=2824 loss=0.012935 lr=9.980e-06
[train] step=2825 loss=0.021056 lr=9.980e-06
[train] step=2826 loss=0.017626 lr=9.980e-06
[train] step=2827 loss=0.013946 lr=9.980e-06
[train] step=2828 loss=0.011786 lr=9.980e-06
[train] step=2829 loss=0.018683 lr=9.980e-06
[train] step=2830 loss=0.013297 lr=9.980e-06
[train] step=2831 loss=0.021813 lr=9.980e-06
[train] step=2832 loss=0.019384 lr=9.980e-06
[train] step=2833 loss=0.009685 lr=9.980e-06
[train] step=2834 loss=0.010316 lr=9.980e-06
[train] step=2835 loss=0.011720 lr=9.980e-06
[train] step=2836 loss=0.036878 lr=9.980e-06
[train] step=2837 loss=0.088403 lr=9.980e-06
[train] step=2838 loss=0.016042 lr=9.980e-06
[train] step=2839 loss=0.010358 lr=9.980e-06
[train] step=2840 loss=0.026573 lr=9.980e-06
[train] step=2841 loss=0.028219 lr=9.980e-06
[train] step=2842 loss=0.015260 lr=9.980e-06
[train] step=2843 loss=0.017413 lr=9.980e-06
[train] step=2844 loss=0.125974 lr=9.980e-06
[train] step=2845 loss=0.012759 lr=9.980e-06
[train] step=2846 loss=0.017363 lr=9.980e-06
[train] step=2847 loss=0.013546 lr=9.980e-06
[train] step=2848 loss=0.015674 lr=9.980e-06
[train] step=2849 loss=0.097024 lr=9.980e-06
[train] step=2850 loss=0.024737 lr=9.980e-06
[train] step=2851 loss=0.022110 lr=9.980e-06
[train] step=2852 loss=0.012366 lr=9.980e-06
[train] step=2853 loss=0.015173 lr=9.980e-06
[train] step=2854 loss=0.016931 lr=9.980e-06
[train] step=2855 loss=0.026283 lr=9.980e-06
[train] step=2856 loss=0.015137 lr=9.980e-06
[train] step=2857 loss=0.013254 lr=9.980e-06
[train] step=2858 loss=0.022645 lr=9.980e-06
[train] step=2859 loss=0.015842 lr=9.980e-06
[train] step=2860 loss=0.030185 lr=9.980e-06
[train] step=2861 loss=0.014648 lr=9.980e-06
[train] step=2862 loss=0.014597 lr=9.980e-06
[train] step=2863 loss=0.019776 lr=9.980e-06
[train] step=2864 loss=0.016638 lr=9.980e-06
[train] step=2865 loss=0.015939 lr=9.980e-06
[train] step=2866 loss=0.014516 lr=9.980e-06
[train] step=2867 loss=0.015955 lr=9.980e-06
[train] step=2868 loss=0.012659 lr=9.980e-06
[train] step=2869 loss=0.023451 lr=9.980e-06
[train] step=2870 loss=0.014996 lr=9.980e-06
[train] step=2871 loss=0.012776 lr=9.980e-06
[train] step=2872 loss=0.016874 lr=9.980e-06
[train] step=2873 loss=0.024966 lr=9.980e-06
[train] step=2874 loss=0.079640 lr=9.980e-06
[train] step=2875 loss=0.024060 lr=9.980e-06
[train] step=2876 loss=0.016158 lr=9.980e-06
[train] step=2877 loss=0.011742 lr=9.980e-06
[train] step=2878 loss=0.014516 lr=9.980e-06
[train] step=2879 loss=0.015306 lr=9.980e-06
[train] step=2880 loss=0.014105 lr=9.980e-06
[train] step=2881 loss=0.015214 lr=9.980e-06
[train] step=2882 loss=0.015734 lr=9.980e-06
[train] step=2883 loss=0.011219 lr=9.980e-06
[train] step=2884 loss=0.011625 lr=9.980e-06
[train] step=2885 loss=0.019318 lr=9.980e-06
[train] step=2886 loss=0.013117 lr=9.979e-06
[train] step=2887 loss=0.012538 lr=9.979e-06
[train] step=2888 loss=0.011872 lr=9.979e-06
[train] step=2889 loss=0.023317 lr=9.979e-06
[train] step=2890 loss=0.015203 lr=9.979e-06
[train] step=2891 loss=0.015861 lr=9.979e-06
[train] step=2892 loss=0.021393 lr=9.979e-06
[train] step=2893 loss=0.010694 lr=9.979e-06
[train] step=2894 loss=0.122497 lr=9.979e-06
[train] step=2895 loss=0.016919 lr=9.979e-06
[train] step=2896 loss=0.010190 lr=9.979e-06
[train] step=2897 loss=0.014136 lr=9.979e-06
[train] step=2898 loss=0.020445 lr=9.979e-06
[train] step=2899 loss=0.024735 lr=9.979e-06
[train] step=2900 loss=0.023944 lr=9.979e-06
[train] step=2901 loss=0.013011 lr=9.979e-06
[train] step=2902 loss=0.015883 lr=9.979e-06
[train] step=2903 loss=0.018231 lr=9.979e-06
[train] step=2904 loss=0.013655 lr=9.979e-06
[train] step=2905 loss=0.016367 lr=9.979e-06
[train] step=2906 loss=0.017229 lr=9.979e-06
[train] step=2907 loss=0.024019 lr=9.979e-06
[train] step=2908 loss=0.017039 lr=9.979e-06
[train] step=2909 loss=0.020053 lr=9.979e-06
[train] step=2910 loss=0.035836 lr=9.979e-06
[train] step=2911 loss=0.011451 lr=9.979e-06
[train] step=2912 loss=0.017846 lr=9.979e-06
[train] step=2913 loss=0.012850 lr=9.979e-06
[train] step=2914 loss=0.012886 lr=9.979e-06
[train] step=2915 loss=0.071311 lr=9.979e-06
[train] step=2916 loss=0.013346 lr=9.979e-06
[train] step=2917 loss=0.022896 lr=9.979e-06
[train] step=2918 loss=0.016931 lr=9.979e-06
[train] step=2919 loss=0.019382 lr=9.979e-06
[train] step=2920 loss=0.098468 lr=9.979e-06
[train] step=2921 loss=0.020308 lr=9.979e-06
[train] step=2922 loss=0.035351 lr=9.979e-06
[train] step=2923 loss=0.014090 lr=9.979e-06
[train] step=2924 loss=0.020174 lr=9.979e-06
[train] step=2925 loss=0.020192 lr=9.979e-06
[train] step=2926 loss=0.012443 lr=9.979e-06
[train] step=2927 loss=0.024250 lr=9.979e-06
[train] step=2928 loss=0.013574 lr=9.979e-06
[train] step=2929 loss=0.011729 lr=9.979e-06
[train] step=2930 loss=0.013106 lr=9.979e-06
[train] step=2931 loss=0.015325 lr=9.979e-06
[train] step=2932 loss=0.013175 lr=9.979e-06
[train] step=2933 loss=0.101015 lr=9.979e-06
[train] step=2934 loss=0.012728 lr=9.979e-06
[train] step=2935 loss=0.020136 lr=9.979e-06
[train] step=2936 loss=0.014473 lr=9.979e-06
[train] step=2937 loss=0.018654 lr=9.979e-06
[train] step=2938 loss=0.058862 lr=9.979e-06
[train] step=2939 loss=0.023977 lr=9.979e-06
[train] step=2940 loss=0.023413 lr=9.979e-06
[train] step=2941 loss=0.011428 lr=9.979e-06
[train] step=2942 loss=0.027889 lr=9.979e-06
[train] step=2943 loss=0.021402 lr=9.979e-06
[train] step=2944 loss=0.018678 lr=9.979e-06
[train] step=2945 loss=0.025045 lr=9.979e-06
[train] step=2946 loss=0.016575 lr=9.979e-06
[train] step=2947 loss=0.018524 lr=9.979e-06
[train] step=2948 loss=0.015890 lr=9.979e-06
[train] step=2949 loss=0.020246 lr=9.979e-06
[train] step=2950 loss=0.017790 lr=9.979e-06
[train] step=2951 loss=0.020358 lr=9.979e-06
[train] step=2952 loss=0.019426 lr=9.979e-06
[train] step=2953 loss=0.014811 lr=9.979e-06
[train] step=2954 loss=0.054222 lr=9.979e-06
[train] step=2955 loss=0.023400 lr=9.979e-06
[train] step=2956 loss=0.027528 lr=9.978e-06
[train] step=2957 loss=0.019793 lr=9.978e-06
[train] step=2958 loss=0.014935 lr=9.978e-06
[train] step=2959 loss=0.021279 lr=9.978e-06
[train] step=2960 loss=0.026189 lr=9.978e-06
[train] step=2961 loss=0.015951 lr=9.978e-06
[train] step=2962 loss=0.020261 lr=9.978e-06
[train] step=2963 loss=0.019600 lr=9.978e-06
[train] step=2964 loss=0.031500 lr=9.978e-06
[train] step=2965 loss=0.020422 lr=9.978e-06
[train] step=2966 loss=0.012542 lr=9.978e-06
[train] step=2967 loss=0.031193 lr=9.978e-06
[train] step=2968 loss=0.019081 lr=9.978e-06
[train] step=2969 loss=0.012871 lr=9.978e-06
[train] step=2970 loss=0.014851 lr=9.978e-06
[train] step=2971 loss=0.019477 lr=9.978e-06
[train] step=2972 loss=0.018893 lr=9.978e-06
[train] step=2973 loss=0.011030 lr=9.978e-06
[train] step=2974 loss=0.013410 lr=9.978e-06
[train] step=2975 loss=0.014732 lr=9.978e-06
[train] step=2976 loss=0.014241 lr=9.978e-06
[train] step=2977 loss=0.011710 lr=9.978e-06
[train] step=2978 loss=0.013469 lr=9.978e-06
[train] step=2979 loss=0.024586 lr=9.978e-06
[train] step=2980 loss=0.015325 lr=9.978e-06
[train] step=2981 loss=0.013578 lr=9.978e-06
[train] step=2982 loss=0.044186 lr=9.978e-06
[train] step=2983 loss=0.020642 lr=9.978e-06
[train] step=2984 loss=0.016996 lr=9.978e-06
[train] step=2985 loss=0.014640 lr=9.978e-06
[train] step=2986 loss=0.012134 lr=9.978e-06
[train] step=2987 loss=0.010378 lr=9.978e-06
[train] step=2988 loss=0.014847 lr=9.978e-06
[train] step=2989 loss=0.013056 lr=9.978e-06
[train] step=2990 loss=0.011630 lr=9.978e-06
[train] step=2991 loss=0.044978 lr=9.978e-06
[train] step=2992 loss=0.019473 lr=9.978e-06
[train] step=2993 loss=0.020787 lr=9.978e-06
[train] step=2994 loss=0.060388 lr=9.978e-06
[train] step=2995 loss=0.013062 lr=9.978e-06
[train] step=2996 loss=0.018332 lr=9.978e-06
[train] step=2997 loss=0.105188 lr=9.978e-06
[train] step=2998 loss=0.012255 lr=9.978e-06
[train] step=2999 loss=0.011079 lr=9.978e-06
[train] step=3000 loss=0.012685 lr=9.978e-06
INFO     [rank 0] Model weights for step 3000 saved in       dit_trainer.py:1085
         checkpoints/model_weights_step_03000.safetensors                       
INFO     [rank 0] Scalar embedding weights for step 3000     dit_trainer.py:1092
         saved                                                                  
INFO     [rank 0] Training state saved:                      dit_trainer.py:1123
         checkpoints/model_weights_step_03000.state.pt                          
DEBUG    [rank 0] Removed old checkpoint:                    dit_trainer.py:1136
         /local/disk/hramachandran/work/wh_work/windinet/dit                    
         _throughput_sweep_bs4/checkpoints/model_weights_ste                    
         p_02500.safetensors                                                    
DEBUG    [rank 0] Removed old checkpoint:                    dit_trainer.py:1136
         /local/disk/hramachandran/work/wh_work/windinet/dit                    
         _throughput_sweep_bs4/checkpoints/model_weights_ste                    
         p_02500.state.pt                                                       
DEBUG    [rank 0] Removed old checkpoint:                    dit_trainer.py:1136
         /local/disk/hramachandran/work/wh_work/windinet/dit                    
         _throughput_sweep_bs4/checkpoints/scalar_embedding_                    
         step_02500.safetensors                                                 
[epoch 6] step=3000 train_loss=0.024176
[train] step=3001 loss=0.015167 lr=9.978e-06
[train] step=3002 loss=0.015027 lr=9.978e-06
[train] step=3003 loss=0.013602 lr=9.978e-06
[train] step=3004 loss=0.014353 lr=9.978e-06
[train] step=3005 loss=0.024571 lr=9.978e-06
[train] step=3006 loss=0.014027 lr=9.978e-06
[train] step=3007 loss=0.012268 lr=9.978e-06
[train] step=3008 loss=0.012783 lr=9.978e-06
[train] step=3009 loss=0.017565 lr=9.978e-06
[train] step=3010 loss=0.042644 lr=9.978e-06
[train] step=3011 loss=0.015677 lr=9.978e-06
[train] step=3012 loss=0.013587 lr=9.978e-06
[train] step=3013 loss=0.013839 lr=9.978e-06
[train] step=3014 loss=0.013687 lr=9.978e-06
[train] step=3015 loss=0.018179 lr=9.978e-06
[train] step=3016 loss=0.013607 lr=9.978e-06
[train] step=3017 loss=0.017765 lr=9.978e-06
[train] step=3018 loss=0.136954 lr=9.978e-06
[train] step=3019 loss=0.018016 lr=9.978e-06
[train] step=3020 loss=0.010483 lr=9.978e-06
[train] step=3021 loss=0.011955 lr=9.978e-06
[train] step=3022 loss=0.019070 lr=9.978e-06
[train] step=3023 loss=0.011620 lr=9.978e-06
[train] step=3024 loss=0.045586 lr=9.977e-06
[train] step=3025 loss=0.017575 lr=9.977e-06
[train] step=3026 loss=0.028998 lr=9.977e-06
[train] step=3027 loss=0.010910 lr=9.977e-06
[train] step=3028 loss=0.066499 lr=9.977e-06
[train] step=3029 loss=0.020061 lr=9.977e-06
[train] step=3030 loss=0.015773 lr=9.977e-06
[train] step=3031 loss=0.016745 lr=9.977e-06
[train] step=3032 loss=0.019912 lr=9.977e-06
[train] step=3033 loss=0.051296 lr=9.977e-06
[train] step=3034 loss=0.012230 lr=9.977e-06
[train] step=3035 loss=0.013206 lr=9.977e-06
[train] step=3036 loss=0.018837 lr=9.977e-06
[train] step=3037 loss=0.012229 lr=9.977e-06
[train] step=3038 loss=0.012353 lr=9.977e-06
[train] step=3039 loss=0.016766 lr=9.977e-06
[train] step=3040 loss=0.013281 lr=9.977e-06
[train] step=3041 loss=0.012761 lr=9.977e-06
[train] step=3042 loss=0.017751 lr=9.977e-06
[train] step=3043 loss=0.071576 lr=9.977e-06
[train] step=3044 loss=0.021615 lr=9.977e-06
[train] step=3045 loss=0.025688 lr=9.977e-06
[train] step=3046 loss=0.021757 lr=9.977e-06
[train] step=3047 loss=0.017764 lr=9.977e-06
[train] step=3048 loss=0.014712 lr=9.977e-06
[train] step=3049 loss=0.030137 lr=9.977e-06
[train] step=3050 loss=0.012533 lr=9.977e-06
[train] step=3051 loss=0.013311 lr=9.977e-06
[train] step=3052 loss=0.023649 lr=9.977e-06
[train] step=3053 loss=0.022091 lr=9.977e-06
[train] step=3054 loss=0.010617 lr=9.977e-06
[train] step=3055 loss=0.013867 lr=9.977e-06
[train] step=3056 loss=0.016426 lr=9.977e-06
[train] step=3057 loss=0.008628 lr=9.977e-06
[train] step=3058 loss=0.029736 lr=9.977e-06
[train] step=3059 loss=0.010142 lr=9.977e-06
[train] step=3060 loss=0.015521 lr=9.977e-06
[train] step=3061 loss=0.022291 lr=9.977e-06
[train] step=3062 loss=0.030525 lr=9.977e-06
[train] step=3063 loss=0.013483 lr=9.977e-06
[train] step=3064 loss=0.015270 lr=9.977e-06
[train] step=3065 loss=0.019427 lr=9.977e-06
[train] step=3066 loss=0.052155 lr=9.977e-06
[train] step=3067 loss=0.009592 lr=9.977e-06
[train] step=3068 loss=0.016198 lr=9.977e-06
[train] step=3069 loss=0.013295 lr=9.977e-06
[train] step=3070 loss=0.015385 lr=9.977e-06
[train] step=3071 loss=0.021354 lr=9.977e-06
[train] step=3072 loss=0.017741 lr=9.977e-06
[train] step=3073 loss=0.018195 lr=9.977e-06
[train] step=3074 loss=0.031914 lr=9.977e-06
[train] step=3075 loss=0.014096 lr=9.977e-06
[train] step=3076 loss=0.033266 lr=9.977e-06
[train] step=3077 loss=0.028695 lr=9.977e-06
[train] step=3078 loss=0.030616 lr=9.977e-06
[train] step=3079 loss=0.020237 lr=9.977e-06
[train] step=3080 loss=0.011310 lr=9.977e-06
[train] step=3081 loss=0.016235 lr=9.977e-06
[train] step=3082 loss=0.023072 lr=9.977e-06
[train] step=3083 loss=0.018417 lr=9.977e-06
[train] step=3084 loss=0.018966 lr=9.977e-06
[train] step=3085 loss=0.024431 lr=9.977e-06
[train] step=3086 loss=0.019329 lr=9.977e-06
[train] step=3087 loss=0.016796 lr=9.977e-06
[train] step=3088 loss=0.027411 lr=9.977e-06
[train] step=3089 loss=0.020256 lr=9.977e-06
[train] step=3090 loss=0.015553 lr=9.976e-06
[train] step=3091 loss=0.018565 lr=9.976e-06
[train] step=3092 loss=0.045739 lr=9.976e-06
[train] step=3093 loss=0.028289 lr=9.976e-06
[train] step=3094 loss=0.015144 lr=9.976e-06
[train] step=3095 loss=0.012475 lr=9.976e-06
[train] step=3096 loss=0.014392 lr=9.976e-06
[train] step=3097 loss=0.015153 lr=9.976e-06
[train] step=3098 loss=0.035316 lr=9.976e-06
[train] step=3099 loss=0.033081 lr=9.976e-06
[train] step=3100 loss=0.016208 lr=9.976e-06
[train] step=3101 loss=0.038326 lr=9.976e-06
[train] step=3102 loss=0.022411 lr=9.976e-06
[train] step=3103 loss=0.017413 lr=9.976e-06
[train] step=3104 loss=0.018799 lr=9.976e-06
[train] step=3105 loss=0.022860 lr=9.976e-06
[train] step=3106 loss=0.038377 lr=9.976e-06
[train] step=3107 loss=0.014673 lr=9.976e-06
[train] step=3108 loss=0.014859 lr=9.976e-06
[train] step=3109 loss=0.023082 lr=9.976e-06
[train] step=3110 loss=0.036784 lr=9.976e-06
[train] step=3111 loss=0.020822 lr=9.976e-06
[train] step=3112 loss=0.011580 lr=9.976e-06
[train] step=3113 loss=0.042241 lr=9.976e-06
[train] step=3114 loss=0.028151 lr=9.976e-06
[train] step=3115 loss=0.016277 lr=9.976e-06
[train] step=3116 loss=0.011712 lr=9.976e-06
[train] step=3117 loss=0.010029 lr=9.976e-06
[train] step=3118 loss=0.012771 lr=9.976e-06
[train] step=3119 loss=0.015484 lr=9.976e-06
[train] step=3120 loss=0.019143 lr=9.976e-06
[train] step=3121 loss=0.019165 lr=9.976e-06
[train] step=3122 loss=0.011659 lr=9.976e-06
[train] step=3123 loss=0.030853 lr=9.976e-06
[train] step=3124 loss=0.013880 lr=9.976e-06
[train] step=3125 loss=0.050188 lr=9.976e-06
[train] step=3126 loss=0.018673 lr=9.976e-06
[train] step=3127 loss=0.011626 lr=9.976e-06
[train] step=3128 loss=0.035415 lr=9.976e-06
[train] step=3129 loss=0.015913 lr=9.976e-06
[train] step=3130 loss=0.026594 lr=9.976e-06
[train] step=3131 loss=0.017010 lr=9.976e-06
[train] step=3132 loss=0.012868 lr=9.976e-06
[train] step=3133 loss=0.010789 lr=9.976e-06
[train] step=3134 loss=0.011278 lr=9.976e-06
[train] step=3135 loss=0.014085 lr=9.976e-06
[train] step=3136 loss=0.064241 lr=9.976e-06
[train] step=3137 loss=0.011122 lr=9.976e-06
[train] step=3138 loss=0.017428 lr=9.976e-06
[train] step=3139 loss=0.018934 lr=9.976e-06
[train] step=3140 loss=0.009770 lr=9.976e-06
[train] step=3141 loss=0.019142 lr=9.976e-06
[train] step=3142 loss=0.014487 lr=9.976e-06
[train] step=3143 loss=0.013948 lr=9.976e-06
[train] step=3144 loss=0.013619 lr=9.976e-06
[train] step=3145 loss=0.019396 lr=9.976e-06
[train] step=3146 loss=0.012874 lr=9.976e-06
[train] step=3147 loss=0.012190 lr=9.976e-06
[train] step=3148 loss=0.012801 lr=9.976e-06
[train] step=3149 loss=0.026469 lr=9.976e-06
[train] step=3150 loss=0.013158 lr=9.976e-06
[train] step=3151 loss=0.016131 lr=9.976e-06
[train] step=3152 loss=0.018545 lr=9.976e-06
[train] step=3153 loss=0.015335 lr=9.976e-06
[train] step=3154 loss=0.053180 lr=9.976e-06
[train] step=3155 loss=0.020652 lr=9.975e-06
[train] step=3156 loss=0.012946 lr=9.975e-06
[train] step=3157 loss=0.028629 lr=9.975e-06
[train] step=3158 loss=0.011167 lr=9.975e-06
[train] step=3159 loss=0.022434 lr=9.975e-06
[train] step=3160 loss=0.012740 lr=9.975e-06
[train] step=3161 loss=0.013328 lr=9.975e-06
[train] step=3162 loss=0.012859 lr=9.975e-06
[train] step=3163 loss=0.023299 lr=9.975e-06
[train] step=3164 loss=0.017826 lr=9.975e-06
[train] step=3165 loss=0.014177 lr=9.975e-06
[train] step=3166 loss=0.011757 lr=9.975e-06
[train] step=3167 loss=0.023042 lr=9.975e-06
[train] step=3168 loss=0.010127 lr=9.975e-06
[train] step=3169 loss=0.012447 lr=9.975e-06
[train] step=3170 loss=0.014399 lr=9.975e-06
[train] step=3171 loss=0.009133 lr=9.975e-06
[train] step=3172 loss=0.023282 lr=9.975e-06
[train] step=3173 loss=0.012407 lr=9.975e-06
[train] step=3174 loss=0.012111 lr=9.975e-06
[train] step=3175 loss=0.013760 lr=9.975e-06
[train] step=3176 loss=0.010009 lr=9.975e-06
[train] step=3177 loss=0.013958 lr=9.975e-06
[train] step=3178 loss=0.010274 lr=9.975e-06
[train] step=3179 loss=0.027763 lr=9.975e-06
[train] step=3180 loss=0.011607 lr=9.975e-06
[train] step=3181 loss=0.011706 lr=9.975e-06
[train] step=3182 loss=0.014332 lr=9.975e-06
[train] step=3183 loss=0.019115 lr=9.975e-06
[train] step=3184 loss=0.071057 lr=9.975e-06
[train] step=3185 loss=0.010762 lr=9.975e-06
[train] step=3186 loss=0.008764 lr=9.975e-06
[train] step=3187 loss=0.017110 lr=9.975e-06
[train] step=3188 loss=0.014444 lr=9.975e-06
[train] step=3189 loss=0.011925 lr=9.975e-06
[train] step=3190 loss=0.020234 lr=9.975e-06
[train] step=3191 loss=0.009936 lr=9.975e-06
[train] step=3192 loss=0.015231 lr=9.975e-06
[train] step=3193 loss=0.010415 lr=9.975e-06
[train] step=3194 loss=0.008716 lr=9.975e-06
[train] step=3195 loss=0.033305 lr=9.975e-06
[train] step=3196 loss=0.011179 lr=9.975e-06
[train] step=3197 loss=0.018342 lr=9.975e-06
[train] step=3198 loss=0.027509 lr=9.975e-06
[train] step=3199 loss=0.017982 lr=9.975e-06
[train] step=3200 loss=0.022985 lr=9.975e-06
[train] step=3201 loss=0.011392 lr=9.975e-06
[train] step=3202 loss=0.015457 lr=9.975e-06
[train] step=3203 loss=0.024894 lr=9.975e-06
[train] step=3204 loss=0.022549 lr=9.975e-06
[train] step=3205 loss=0.012718 lr=9.975e-06
[train] step=3206 loss=0.014462 lr=9.975e-06
[train] step=3207 loss=0.076494 lr=9.975e-06
[train] step=3208 loss=0.027245 lr=9.975e-06
[train] step=3209 loss=0.014586 lr=9.975e-06
[train] step=3210 loss=0.044308 lr=9.975e-06
[train] step=3211 loss=0.018408 lr=9.975e-06
[train] step=3212 loss=0.018824 lr=9.975e-06
[train] step=3213 loss=0.009462 lr=9.975e-06
[train] step=3214 loss=0.034970 lr=9.975e-06
[train] step=3215 loss=0.018399 lr=9.975e-06
[train] step=3216 loss=0.013551 lr=9.975e-06
[train] step=3217 loss=0.056816 lr=9.975e-06
[train] step=3218 loss=0.012941 lr=9.975e-06
[train] step=3219 loss=0.013527 lr=9.974e-06
[train] step=3220 loss=0.013160 lr=9.974e-06
[train] step=3221 loss=0.026020 lr=9.974e-06
[train] step=3222 loss=0.020676 lr=9.974e-06
[train] step=3223 loss=0.039916 lr=9.974e-06
[train] step=3224 loss=0.012188 lr=9.974e-06
[train] step=3225 loss=0.024659 lr=9.974e-06
[train] step=3226 loss=0.017414 lr=9.974e-06
[train] step=3227 loss=0.022909 lr=9.974e-06
[train] step=3228 loss=0.057220 lr=9.974e-06
[train] step=3229 loss=0.014832 lr=9.974e-06
[train] step=3230 loss=0.016986 lr=9.974e-06
[train] step=3231 loss=0.011880 lr=9.974e-06
[train] step=3232 loss=0.010221 lr=9.974e-06
[train] step=3233 loss=0.062148 lr=9.974e-06
[train] step=3234 loss=0.014951 lr=9.974e-06
[train] step=3235 loss=0.019514 lr=9.974e-06
[train] step=3236 loss=0.017697 lr=9.974e-06
[train] step=3237 loss=0.013295 lr=9.974e-06
[train] step=3238 loss=0.033379 lr=9.974e-06
[train] step=3239 loss=0.012975 lr=9.974e-06
[train] step=3240 loss=0.014270 lr=9.974e-06
[train] step=3241 loss=0.015090 lr=9.974e-06
[train] step=3242 loss=0.011904 lr=9.974e-06
[train] step=3243 loss=0.015439 lr=9.974e-06
[train] step=3244 loss=0.010483 lr=9.974e-06
[train] step=3245 loss=0.018038 lr=9.974e-06
[train] step=3246 loss=0.027833 lr=9.974e-06
[train] step=3247 loss=0.010735 lr=9.974e-06
[train] step=3248 loss=0.019822 lr=9.974e-06
[train] step=3249 loss=0.009429 lr=9.974e-06
[train] step=3250 loss=0.014420 lr=9.974e-06
[train] step=3251 loss=0.018183 lr=9.974e-06
[train] step=3252 loss=0.012561 lr=9.974e-06
[train] step=3253 loss=0.012822 lr=9.974e-06
[train] step=3254 loss=0.014795 lr=9.974e-06
[train] step=3255 loss=0.009103 lr=9.974e-06
[train] step=3256 loss=0.014131 lr=9.974e-06
[train] step=3257 loss=0.023300 lr=9.974e-06
[train] step=3258 loss=0.020681 lr=9.974e-06
[train] step=3259 loss=0.097228 lr=9.974e-06
[train] step=3260 loss=0.010245 lr=9.974e-06
[train] step=3261 loss=0.013010 lr=9.974e-06
[train] step=3262 loss=0.010297 lr=9.974e-06
[train] step=3263 loss=0.016445 lr=9.974e-06
[train] step=3264 loss=0.009972 lr=9.974e-06
[train] step=3265 loss=0.037697 lr=9.974e-06
[train] step=3266 loss=0.014589 lr=9.974e-06
[train] step=3267 loss=0.016110 lr=9.974e-06
[train] step=3268 loss=0.015171 lr=9.974e-06
[train] step=3269 loss=0.035915 lr=9.974e-06
[train] step=3270 loss=0.022162 lr=9.974e-06
[train] step=3271 loss=0.017529 lr=9.974e-06
[train] step=3272 loss=0.012812 lr=9.974e-06
[train] step=3273 loss=0.033480 lr=9.974e-06
[train] step=3274 loss=0.013775 lr=9.974e-06
[train] step=3275 loss=0.010231 lr=9.974e-06
[train] step=3276 loss=0.020950 lr=9.974e-06
[train] step=3277 loss=0.134175 lr=9.974e-06
[train] step=3278 loss=0.021776 lr=9.974e-06
[train] step=3279 loss=0.011713 lr=9.974e-06
[train] step=3280 loss=0.014365 lr=9.974e-06
[train] step=3281 loss=0.016406 lr=9.974e-06
[train] step=3282 loss=0.016486 lr=9.973e-06
[train] step=3283 loss=0.011260 lr=9.973e-06
[train] step=3284 loss=0.019777 lr=9.973e-06
[train] step=3285 loss=0.028913 lr=9.973e-06
[train] step=3286 loss=0.018111 lr=9.973e-06
[train] step=3287 loss=0.016098 lr=9.973e-06
[train] step=3288 loss=0.015987 lr=9.973e-06
[train] step=3289 loss=0.058578 lr=9.973e-06
[train] step=3290 loss=0.012106 lr=9.973e-06
[train] step=3291 loss=0.015899 lr=9.973e-06
[train] step=3292 loss=0.014216 lr=9.973e-06
[train] step=3293 loss=0.025150 lr=9.973e-06
[train] step=3294 loss=0.009045 lr=9.973e-06
[train] step=3295 loss=0.015669 lr=9.973e-06
[train] step=3296 loss=0.012643 lr=9.973e-06
[train] step=3297 loss=0.011812 lr=9.973e-06
[train] step=3298 loss=0.018479 lr=9.973e-06
[train] step=3299 loss=0.010964 lr=9.973e-06
[train] step=3300 loss=0.018539 lr=9.973e-06
[train] step=3301 loss=0.014817 lr=9.973e-06
[train] step=3302 loss=0.016762 lr=9.973e-06
[train] step=3303 loss=0.028997 lr=9.973e-06
[train] step=3304 loss=0.010989 lr=9.973e-06
[train] step=3305 loss=0.018419 lr=9.973e-06
[train] step=3306 loss=0.013801 lr=9.973e-06
[train] step=3307 loss=0.009962 lr=9.973e-06
[train] step=3308 loss=0.015285 lr=9.973e-06
[train] step=3309 loss=0.008814 lr=9.973e-06
[train] step=3310 loss=0.022547 lr=9.973e-06
[train] step=3311 loss=0.012522 lr=9.973e-06
[train] step=3312 loss=0.010614 lr=9.973e-06
[train] step=3313 loss=0.025492 lr=9.973e-06
[train] step=3314 loss=0.012727 lr=9.973e-06
[train] step=3315 loss=0.010534 lr=9.973e-06
[train] step=3316 loss=0.018150 lr=9.973e-06
[train] step=3317 loss=0.011705 lr=9.973e-06
[train] step=3318 loss=0.009603 lr=9.973e-06
[train] step=3319 loss=0.013036 lr=9.973e-06
[train] step=3320 loss=0.012479 lr=9.973e-06
[train] step=3321 loss=0.013052 lr=9.973e-06
[train] step=3322 loss=0.025816 lr=9.973e-06
[train] step=3323 loss=0.016323 lr=9.973e-06
[train] step=3324 loss=0.013607 lr=9.973e-06
[train] step=3325 loss=0.008490 lr=9.973e-06
[train] step=3326 loss=0.015500 lr=9.973e-06
[train] step=3327 loss=0.086484 lr=9.973e-06
[train] step=3328 loss=0.030457 lr=9.973e-06
[train] step=3329 loss=0.014002 lr=9.973e-06
[train] step=3330 loss=0.009423 lr=9.973e-06
[train] step=3331 loss=0.010463 lr=9.973e-06
[train] step=3332 loss=0.015214 lr=9.973e-06
[train] step=3333 loss=0.013340 lr=9.973e-06
[train] step=3334 loss=0.030582 lr=9.973e-06
[train] step=3335 loss=0.024852 lr=9.973e-06
[train] step=3336 loss=0.011210 lr=9.973e-06
[train] step=3337 loss=0.023092 lr=9.973e-06
[train] step=3338 loss=0.016516 lr=9.973e-06
[train] step=3339 loss=0.033069 lr=9.973e-06
[train] step=3340 loss=0.015742 lr=9.973e-06
[train] step=3341 loss=0.010504 lr=9.973e-06
[train] step=3342 loss=0.035680 lr=9.973e-06
[train] step=3343 loss=0.012784 lr=9.972e-06
[train] step=3344 loss=0.013163 lr=9.972e-06
[train] step=3345 loss=0.010623 lr=9.972e-06
[train] step=3346 loss=0.033541 lr=9.972e-06
[train] step=3347 loss=0.011876 lr=9.972e-06
[train] step=3348 loss=0.014655 lr=9.972e-06
[train] step=3349 loss=0.011685 lr=9.972e-06
[train] step=3350 loss=0.028465 lr=9.972e-06
[train] step=3351 loss=0.011292 lr=9.972e-06
[train] step=3352 loss=0.011757 lr=9.972e-06
[train] step=3353 loss=0.011429 lr=9.972e-06
[train] step=3354 loss=0.022783 lr=9.972e-06
[train] step=3355 loss=0.016967 lr=9.972e-06
[train] step=3356 loss=0.021436 lr=9.972e-06
[train] step=3357 loss=0.009559 lr=9.972e-06
[train] step=3358 loss=0.017538 lr=9.972e-06
[train] step=3359 loss=0.012186 lr=9.972e-06
[train] step=3360 loss=0.013639 lr=9.972e-06
[train] step=3361 loss=0.014432 lr=9.972e-06
[train] step=3362 loss=0.021998 lr=9.972e-06
[train] step=3363 loss=0.010848 lr=9.972e-06
[train] step=3364 loss=0.017198 lr=9.972e-06
[train] step=3365 loss=0.021889 lr=9.972e-06
[train] step=3366 loss=0.009730 lr=9.972e-06
[train] step=3367 loss=0.014778 lr=9.972e-06
[train] step=3368 loss=0.014541 lr=9.972e-06
[train] step=3369 loss=0.010225 lr=9.972e-06
[train] step=3370 loss=0.021037 lr=9.972e-06
[train] step=3371 loss=0.013961 lr=9.972e-06
[train] step=3372 loss=0.011569 lr=9.972e-06
[train] step=3373 loss=0.017197 lr=9.972e-06
[train] step=3374 loss=0.018080 lr=9.972e-06
[train] step=3375 loss=0.017729 lr=9.972e-06
[train] step=3376 loss=0.011268 lr=9.972e-06
[train] step=3377 loss=0.020913 lr=9.972e-06
[train] step=3378 loss=0.008598 lr=9.972e-06
[train] step=3379 loss=0.007731 lr=9.972e-06
[train] step=3380 loss=0.020851 lr=9.972e-06
[train] step=3381 loss=0.011766 lr=9.972e-06
[train] step=3382 loss=0.014423 lr=9.972e-06
[train] step=3383 loss=0.027974 lr=9.972e-06
[train] step=3384 loss=0.011480 lr=9.972e-06
[train] step=3385 loss=0.010542 lr=9.972e-06
[train] step=3386 loss=0.012835 lr=9.972e-06
[train] step=3387 loss=0.025798 lr=9.972e-06
[train] step=3388 loss=0.012253 lr=9.972e-06
[train] step=3389 loss=0.040148 lr=9.972e-06
[train] step=3390 loss=0.010686 lr=9.972e-06
[train] step=3391 loss=0.024892 lr=9.972e-06
[train] step=3392 loss=0.010110 lr=9.972e-06
[train] step=3393 loss=0.015037 lr=9.972e-06
[train] step=3394 loss=0.013085 lr=9.972e-06
[train] step=3395 loss=0.011603 lr=9.972e-06
[train] step=3396 loss=0.011349 lr=9.972e-06
[train] step=3397 loss=0.017040 lr=9.972e-06
[train] step=3398 loss=0.010703 lr=9.972e-06
[train] step=3399 loss=0.010772 lr=9.972e-06
[train] step=3400 loss=0.009895 lr=9.972e-06
[train] step=3401 loss=0.010335 lr=9.972e-06
[train] step=3402 loss=0.047391 lr=9.972e-06
[train] step=3403 loss=0.013681 lr=9.971e-06
[train] step=3404 loss=0.012674 lr=9.971e-06
[train] step=3405 loss=0.009625 lr=9.971e-06
[train] step=3406 loss=0.013438 lr=9.971e-06
[train] step=3407 loss=0.011819 lr=9.971e-06
[train] step=3408 loss=0.018462 lr=9.971e-06
[train] step=3409 loss=0.009896 lr=9.971e-06
[train] step=3410 loss=0.014917 lr=9.971e-06
[train] step=3411 loss=0.022241 lr=9.971e-06
[train] step=3412 loss=0.016632 lr=9.971e-06
[train] step=3413 loss=0.011721 lr=9.971e-06
[train] step=3414 loss=0.007949 lr=9.971e-06
[train] step=3415 loss=0.025092 lr=9.971e-06
[train] step=3416 loss=0.016706 lr=9.971e-06
[train] step=3417 loss=0.009703 lr=9.971e-06
[train] step=3418 loss=0.009587 lr=9.971e-06
[train] step=3419 loss=0.012360 lr=9.971e-06
[train] step=3420 loss=0.012749 lr=9.971e-06
[train] step=3421 loss=0.010471 lr=9.971e-06
[train] step=3422 loss=0.009568 lr=9.971e-06
[train] step=3423 loss=0.053578 lr=9.971e-06
[train] step=3424 loss=0.008138 lr=9.971e-06
[train] step=3425 loss=0.010820 lr=9.971e-06
[train] step=3426 loss=0.008187 lr=9.971e-06
[train] step=3427 loss=0.017348 lr=9.971e-06
[train] step=3428 loss=0.011048 lr=9.971e-06
[train] step=3429 loss=0.010168 lr=9.971e-06
[train] step=3430 loss=0.010110 lr=9.971e-06
[train] step=3431 loss=0.059294 lr=9.971e-06
[train] step=3432 loss=0.013271 lr=9.971e-06
[train] step=3433 loss=0.032541 lr=9.971e-06
[train] step=3434 loss=0.027696 lr=9.971e-06
[train] step=3435 loss=0.011318 lr=9.971e-06
[train] step=3436 loss=0.103022 lr=9.971e-06
[train] step=3437 loss=0.014721 lr=9.971e-06
[train] step=3438 loss=0.087304 lr=9.971e-06
[train] step=3439 loss=0.013215 lr=9.971e-06
[train] step=3440 loss=0.037573 lr=9.971e-06
[train] step=3441 loss=0.024129 lr=9.971e-06
[train] step=3442 loss=0.015282 lr=9.971e-06
[train] step=3443 loss=0.011166 lr=9.971e-06
[train] step=3444 loss=0.015646 lr=9.971e-06
[train] step=3445 loss=0.016608 lr=9.971e-06
[train] step=3446 loss=0.025758 lr=9.971e-06
[train] step=3447 loss=0.011490 lr=9.971e-06
[train] step=3448 loss=0.008733 lr=9.971e-06
[train] step=3449 loss=0.018353 lr=9.971e-06
[train] step=3450 loss=0.015625 lr=9.971e-06
[train] step=3451 loss=0.017729 lr=9.971e-06
[train] step=3452 loss=0.013847 lr=9.971e-06
[train] step=3453 loss=0.015597 lr=9.971e-06
[train] step=3454 loss=0.011895 lr=9.971e-06
[train] step=3455 loss=0.010194 lr=9.971e-06
[train] step=3456 loss=0.030085 lr=9.971e-06
[train] step=3457 loss=0.030840 lr=9.971e-06
[train] step=3458 loss=0.016450 lr=9.971e-06
[train] step=3459 loss=0.013858 lr=9.971e-06
[train] step=3460 loss=0.020225 lr=9.971e-06
[train] step=3461 loss=0.009848 lr=9.971e-06
[train] step=3462 loss=0.017655 lr=9.971e-06
[train] step=3463 loss=0.009129 lr=9.970e-06
[train] step=3464 loss=0.017670 lr=9.970e-06
[train] step=3465 loss=0.012922 lr=9.970e-06
[train] step=3466 loss=0.011102 lr=9.970e-06
[train] step=3467 loss=0.010217 lr=9.970e-06
[train] step=3468 loss=0.015337 lr=9.970e-06
[train] step=3469 loss=0.010215 lr=9.970e-06
[train] step=3470 loss=0.012804 lr=9.970e-06
[train] step=3471 loss=0.013638 lr=9.970e-06
[train] step=3472 loss=0.010574 lr=9.970e-06
[train] step=3473 loss=0.077630 lr=9.970e-06
[train] step=3474 loss=0.054201 lr=9.970e-06
[train] step=3475 loss=0.014600 lr=9.970e-06
[train] step=3476 loss=0.014133 lr=9.970e-06
[train] step=3477 loss=0.092365 lr=9.970e-06
[train] step=3478 loss=0.023325 lr=9.970e-06
[train] step=3479 loss=0.009012 lr=9.970e-06
[train] step=3480 loss=0.014932 lr=9.970e-06
[train] step=3481 loss=0.014182 lr=9.970e-06
[train] step=3482 loss=0.013554 lr=9.970e-06
[train] step=3483 loss=0.014919 lr=9.970e-06
[train] step=3484 loss=0.016452 lr=9.970e-06
[train] step=3485 loss=0.013989 lr=9.970e-06
[train] step=3486 loss=0.011899 lr=9.970e-06
[train] step=3487 loss=0.034353 lr=9.970e-06
[train] step=3488 loss=0.009562 lr=9.970e-06
[train] step=3489 loss=0.011409 lr=9.970e-06
[train] step=3490 loss=0.011193 lr=9.970e-06
[train] step=3491 loss=0.012049 lr=9.970e-06
[train] step=3492 loss=0.012304 lr=9.970e-06
[train] step=3493 loss=0.018833 lr=9.970e-06
[train] step=3494 loss=0.012514 lr=9.970e-06
[train] step=3495 loss=0.009973 lr=9.970e-06
[train] step=3496 loss=0.011435 lr=9.970e-06
[train] step=3497 loss=0.014363 lr=9.970e-06
[train] step=3498 loss=0.012797 lr=9.970e-06
[train] step=3499 loss=0.011170 lr=9.970e-06
[train] step=3500 loss=0.014025 lr=9.970e-06
INFO     [rank 0] Model weights for step 3500 saved in       dit_trainer.py:1085
         checkpoints/model_weights_step_03500.safetensors                       
INFO     [rank 0] Scalar embedding weights for step 3500     dit_trainer.py:1092
         saved                                                                  
INFO     [rank 0] Training state saved:                      dit_trainer.py:1123
         checkpoints/model_weights_step_03500.state.pt                          
DEBUG    [rank 0] Removed old checkpoint:                    dit_trainer.py:1136
         /local/disk/hramachandran/work/wh_work/windinet/dit                    
         _throughput_sweep_bs4/checkpoints/model_weights_ste                    
         p_03000.safetensors                                                    
DEBUG    [rank 0] Removed old checkpoint:                    dit_trainer.py:1136
         /local/disk/hramachandran/work/wh_work/windinet/dit                    
         _throughput_sweep_bs4/checkpoints/model_weights_ste                    
         p_03000.state.pt                                                       
DEBUG    [rank 0] Removed old checkpoint:                    dit_trainer.py:1136
         /local/disk/hramachandran/work/wh_work/windinet/dit                    
         _throughput_sweep_bs4/checkpoints/scalar_embedding_                    
         step_03000.safetensors                                                 
[epoch 7] step=3500 train_loss=0.019689
[train] step=3501 loss=0.012923 lr=9.970e-06
[train] step=3502 loss=0.012260 lr=9.970e-06
[train] step=3503 loss=0.010314 lr=9.970e-06
[train] step=3504 loss=0.010777 lr=9.970e-06
[train] step=3505 loss=0.010390 lr=9.970e-06
[train] step=3506 loss=0.045201 lr=9.970e-06
[train] step=3507 loss=0.029483 lr=9.970e-06
[train] step=3508 loss=0.021050 lr=9.970e-06
[train] step=3509 loss=0.015128 lr=9.970e-06
[train] step=3510 loss=0.011527 lr=9.970e-06
[train] step=3511 loss=0.032027 lr=9.970e-06
[train] step=3512 loss=0.008662 lr=9.970e-06
[train] step=3513 loss=0.039032 lr=9.970e-06
[train] step=3514 loss=0.019366 lr=9.970e-06
[train] step=3515 loss=0.024172 lr=9.970e-06
[train] step=3516 loss=0.010622 lr=9.970e-06
[train] step=3517 loss=0.017795 lr=9.970e-06
[train] step=3518 loss=0.056862 lr=9.970e-06
[train] step=3519 loss=0.008620 lr=9.970e-06
[train] step=3520 loss=0.013355 lr=9.970e-06
[train] step=3521 loss=0.019788 lr=9.969e-06
[train] step=3522 loss=0.010888 lr=9.969e-06
[train] step=3523 loss=0.019921 lr=9.969e-06
[train] step=3524 loss=0.010508 lr=9.969e-06
[train] step=3525 loss=0.026258 lr=9.969e-06
[train] step=3526 loss=0.012194 lr=9.969e-06
[train] step=3527 loss=0.013758 lr=9.969e-06
[train] step=3528 loss=0.016453 lr=9.969e-06
[train] step=3529 loss=0.010148 lr=9.969e-06
[train] step=3530 loss=0.018491 lr=9.969e-06
[train] step=3531 loss=0.010014 lr=9.969e-06
[train] step=3532 loss=0.009988 lr=9.969e-06
[train] step=3533 loss=0.015037 lr=9.969e-06
[train] step=3534 loss=0.010973 lr=9.969e-06
[train] step=3535 loss=0.010282 lr=9.969e-06
[train] step=3536 loss=0.012960 lr=9.969e-06
[train] step=3537 loss=0.016738 lr=9.969e-06
[train] step=3538 loss=0.013478 lr=9.969e-06
[train] step=3539 loss=0.019488 lr=9.969e-06
[train] step=3540 loss=0.018843 lr=9.969e-06
[train] step=3541 loss=0.009566 lr=9.969e-06
[train] step=3542 loss=0.011435 lr=9.969e-06
[train] step=3543 loss=0.010770 lr=9.969e-06
[train] step=3544 loss=0.017390 lr=9.969e-06
[train] step=3545 loss=0.099771 lr=9.969e-06
[train] step=3546 loss=0.019879 lr=9.969e-06
[train] step=3547 loss=0.011258 lr=9.969e-06
[train] step=3548 loss=0.009804 lr=9.969e-06
[train] step=3549 loss=0.010498 lr=9.969e-06
[train] step=3550 loss=0.012238 lr=9.969e-06
[train] step=3551 loss=0.070062 lr=9.969e-06
[train] step=3552 loss=0.014211 lr=9.969e-06
[train] step=3553 loss=0.029915 lr=9.969e-06
[train] step=3554 loss=0.013385 lr=9.969e-06
[train] step=3555 loss=0.011604 lr=9.969e-06
[train] step=3556 loss=0.018116 lr=9.969e-06
[train] step=3557 loss=0.009732 lr=9.969e-06
[train] step=3558 loss=0.010954 lr=9.969e-06
[train] step=3559 loss=0.009492 lr=9.969e-06
[train] step=3560 loss=0.045100 lr=9.969e-06
[train] step=3561 loss=0.016838 lr=9.969e-06
[train] step=3562 loss=0.013977 lr=9.969e-06
[train] step=3563 loss=0.015601 lr=9.969e-06
[train] step=3564 loss=0.015859 lr=9.969e-06
[train] step=3565 loss=0.018627 lr=9.969e-06
[train] step=3566 loss=0.017655 lr=9.969e-06
[train] step=3567 loss=0.032469 lr=9.969e-06
[train] step=3568 loss=0.015061 lr=9.969e-06
[train] step=3569 loss=0.023182 lr=9.969e-06
[train] step=3570 loss=0.040282 lr=9.969e-06
[train] step=3571 loss=0.022739 lr=9.969e-06
[train] step=3572 loss=0.048127 lr=9.969e-06
[train] step=3573 loss=0.013025 lr=9.969e-06
[train] step=3574 loss=0.012548 lr=9.969e-06
[train] step=3575 loss=0.014804 lr=9.969e-06
[train] step=3576 loss=0.014439 lr=9.969e-06
[train] step=3577 loss=0.019566 lr=9.969e-06
[train] step=3578 loss=0.012696 lr=9.968e-06
[train] step=3579 loss=0.011344 lr=9.968e-06
[train] step=3580 loss=0.013776 lr=9.968e-06
[train] step=3581 loss=0.013953 lr=9.968e-06
[train] step=3582 loss=0.016414 lr=9.968e-06
[train] step=3583 loss=0.015915 lr=9.968e-06
[train] step=3584 loss=0.016831 lr=9.968e-06
[train] step=3585 loss=0.009934 lr=9.968e-06
[train] step=3586 loss=0.013283 lr=9.968e-06
[train] step=3587 loss=0.013941 lr=9.968e-06
[train] step=3588 loss=0.010407 lr=9.968e-06
[train] step=3589 loss=0.008338 lr=9.968e-06
[train] step=3590 loss=0.011122 lr=9.968e-06
[train] step=3591 loss=0.012331 lr=9.968e-06
[train] step=3592 loss=0.015437 lr=9.968e-06
[train] step=3593 loss=0.008125 lr=9.968e-06
[train] step=3594 loss=0.016191 lr=9.968e-06
[train] step=3595 loss=0.019384 lr=9.968e-06
[train] step=3596 loss=0.027924 lr=9.968e-06
[train] step=3597 loss=0.024983 lr=9.968e-06
[train] step=3598 loss=0.007946 lr=9.968e-06
[train] step=3599 loss=0.017057 lr=9.968e-06
[train] step=3600 loss=0.010309 lr=9.968e-06
[train] step=3601 loss=0.007879 lr=9.968e-06
[train] step=3602 loss=0.009829 lr=9.968e-06
[train] step=3603 loss=0.013032 lr=9.968e-06
[train] step=3604 loss=0.017816 lr=9.968e-06
[train] step=3605 loss=0.010139 lr=9.968e-06
[train] step=3606 loss=0.094130 lr=9.968e-06
[train] step=3607 loss=0.008513 lr=9.968e-06
[train] step=3608 loss=0.012740 lr=9.968e-06
[train] step=3609 loss=0.016748 lr=9.968e-06
[train] step=3610 loss=0.011277 lr=9.968e-06
[train] step=3611 loss=0.008940 lr=9.968e-06
[train] step=3612 loss=0.019625 lr=9.968e-06
[train] step=3613 loss=0.012064 lr=9.968e-06
[train] step=3614 loss=0.009924 lr=9.968e-06
[train] step=3615 loss=0.011036 lr=9.968e-06
[train] step=3616 loss=0.011476 lr=9.968e-06
[train] step=3617 loss=0.011218 lr=9.968e-06
[train] step=3618 loss=0.011196 lr=9.968e-06
[train] step=3619 loss=0.012894 lr=9.968e-06
[train] step=3620 loss=0.006516 lr=9.968e-06
[train] step=3621 loss=0.009427 lr=9.968e-06
[train] step=3622 loss=0.012517 lr=9.968e-06
[train] step=3623 loss=0.015594 lr=9.968e-06
[train] step=3624 loss=0.025646 lr=9.968e-06
[train] step=3625 loss=0.008348 lr=9.968e-06
[train] step=3626 loss=0.008930 lr=9.968e-06
[train] step=3627 loss=0.010459 lr=9.968e-06
[train] step=3628 loss=0.019536 lr=9.968e-06
[train] step=3629 loss=0.009672 lr=9.968e-06
[train] step=3630 loss=0.010764 lr=9.968e-06
[train] step=3631 loss=0.006379 lr=9.968e-06
[train] step=3632 loss=0.009117 lr=9.968e-06
[train] step=3633 loss=0.009992 lr=9.968e-06
[train] step=3634 loss=0.025468 lr=9.968e-06
[train] step=3635 loss=0.026112 lr=9.967e-06
[train] step=3636 loss=0.007951 lr=9.967e-06
[train] step=3637 loss=0.008803 lr=9.967e-06
[train] step=3638 loss=0.009655 lr=9.967e-06
[train] step=3639 loss=0.012096 lr=9.967e-06
[train] step=3640 loss=0.027425 lr=9.967e-06
[train] step=3641 loss=0.009852 lr=9.967e-06
[train] step=3642 loss=0.012865 lr=9.967e-06
[train] step=3643 loss=0.010909 lr=9.967e-06
[train] step=3644 loss=0.010315 lr=9.967e-06
[train] step=3645 loss=0.009756 lr=9.967e-06
[train] step=3646 loss=0.013659 lr=9.967e-06
[train] step=3647 loss=0.009774 lr=9.967e-06
[train] step=3648 loss=0.014079 lr=9.967e-06
[train] step=3649 loss=0.012380 lr=9.967e-06
[train] step=3650 loss=0.011875 lr=9.967e-06
[train] step=3651 loss=0.007136 lr=9.967e-06
[train] step=3652 loss=0.024701 lr=9.967e-06
[train] step=3653 loss=0.009061 lr=9.967e-06
[train] step=3654 loss=0.015568 lr=9.967e-06
[train] step=3655 loss=0.009980 lr=9.967e-06
[train] step=3656 loss=0.014810 lr=9.967e-06
[train] step=3657 loss=0.050919 lr=9.967e-06
[train] step=3658 loss=0.011808 lr=9.967e-06
[train] step=3659 loss=0.013020 lr=9.967e-06
[train] step=3660 loss=0.009950 lr=9.967e-06
[train] step=3661 loss=0.015767 lr=9.967e-06
[train] step=3662 loss=0.011017 lr=9.967e-06
[train] step=3663 loss=0.008945 lr=9.967e-06
[train] step=3664 loss=0.009233 lr=9.967e-06
[train] step=3665 loss=0.014611 lr=9.967e-06
[train] step=3666 loss=0.033963 lr=9.967e-06
[train] step=3667 loss=0.008053 lr=9.967e-06
[train] step=3668 loss=0.008498 lr=9.967e-06
[train] step=3669 loss=0.010389 lr=9.967e-06
[train] step=3670 loss=0.019896 lr=9.967e-06
[train] step=3671 loss=0.010376 lr=9.967e-06
[train] step=3672 loss=0.012460 lr=9.967e-06
[train] step=3673 loss=0.014108 lr=9.967e-06
[train] step=3674 loss=0.008706 lr=9.967e-06
[train] step=3675 loss=0.013908 lr=9.967e-06
[train] step=3676 loss=0.010015 lr=9.967e-06
[train] step=3677 loss=0.021353 lr=9.967e-06
[train] step=3678 loss=0.011930 lr=9.967e-06
[train] step=3679 loss=0.011385 lr=9.967e-06
[train] step=3680 loss=0.074339 lr=9.967e-06
[train] step=3681 loss=0.043334 lr=9.967e-06
[train] step=3682 loss=0.009668 lr=9.967e-06
[train] step=3683 loss=0.012814 lr=9.967e-06
[train] step=3684 loss=0.011553 lr=9.967e-06
[train] step=3685 loss=0.019982 lr=9.967e-06
[train] step=3686 loss=0.012936 lr=9.967e-06
[train] step=3687 loss=0.038249 lr=9.967e-06
[train] step=3688 loss=0.011918 lr=9.967e-06
[train] step=3689 loss=0.029879 lr=9.967e-06
[train] step=3690 loss=0.009984 lr=9.966e-06
[train] step=3691 loss=0.011210 lr=9.966e-06
[train] step=3692 loss=0.056729 lr=9.966e-06
[train] step=3693 loss=0.127150 lr=9.966e-06
[train] step=3694 loss=0.010033 lr=9.966e-06
[train] step=3695 loss=0.017877 lr=9.966e-06
[train] step=3696 loss=0.115183 lr=9.966e-06
[train] step=3697 loss=0.009722 lr=9.966e-06
[train] step=3698 loss=0.031738 lr=9.966e-06
[train] step=3699 loss=0.017339 lr=9.966e-06
[train] step=3700 loss=0.011086 lr=9.966e-06
[train] step=3701 loss=0.011390 lr=9.966e-06
[train] step=3702 loss=0.053137 lr=9.966e-06
[train] step=3703 loss=0.022671 lr=9.966e-06
[train] step=3704 loss=0.014400 lr=9.966e-06
[train] step=3705 loss=0.026404 lr=9.966e-06
[train] step=3706 loss=0.020110 lr=9.966e-06
[train] step=3707 loss=0.018673 lr=9.966e-06
[train] step=3708 loss=0.014065 lr=9.966e-06
[train] step=3709 loss=0.014162 lr=9.966e-06
[train] step=3710 loss=0.010472 lr=9.966e-06
[train] step=3711 loss=0.010938 lr=9.966e-06
[train] step=3712 loss=0.013048 lr=9.966e-06
[train] step=3713 loss=0.011325 lr=9.966e-06
[train] step=3714 loss=0.012682 lr=9.966e-06
[train] step=3715 loss=0.019978 lr=9.966e-06
[train] step=3716 loss=0.012299 lr=9.966e-06
[train] step=3717 loss=0.013031 lr=9.966e-06
[train] step=3718 loss=0.017999 lr=9.966e-06
[train] step=3719 loss=0.016635 lr=9.966e-06
[train] step=3720 loss=0.030494 lr=9.966e-06
[train] step=3721 loss=0.007281 lr=9.966e-06
[train] step=3722 loss=0.014330 lr=9.966e-06
[train] step=3723 loss=0.010174 lr=9.966e-06
[train] step=3724 loss=0.033326 lr=9.966e-06
[train] step=3725 loss=0.008211 lr=9.966e-06
[train] step=3726 loss=0.012765 lr=9.966e-06
[train] step=3727 loss=0.011935 lr=9.966e-06
[train] step=3728 loss=0.008519 lr=9.966e-06
[train] step=3729 loss=0.074825 lr=9.966e-06
[train] step=3730 loss=0.009236 lr=9.966e-06
[train] step=3731 loss=0.015741 lr=9.966e-06
[train] step=3732 loss=0.018715 lr=9.966e-06
[train] step=3733 loss=0.012270 lr=9.966e-06
[train] step=3734 loss=0.011229 lr=9.966e-06
[train] step=3735 loss=0.013625 lr=9.966e-06
[train] step=3736 loss=0.015988 lr=9.966e-06
[train] step=3737 loss=0.012216 lr=9.966e-06
[train] step=3738 loss=0.015811 lr=9.966e-06
[train] step=3739 loss=0.016549 lr=9.966e-06
[train] step=3740 loss=0.011326 lr=9.966e-06
[train] step=3741 loss=0.015844 lr=9.966e-06
[train] step=3742 loss=0.011211 lr=9.966e-06
[train] step=3743 loss=0.009481 lr=9.966e-06
[train] step=3744 loss=0.012041 lr=9.966e-06
[train] step=3745 loss=0.009716 lr=9.965e-06
[train] step=3746 loss=0.009001 lr=9.965e-06
[train] step=3747 loss=0.012242 lr=9.965e-06
[train] step=3748 loss=0.024520 lr=9.965e-06
[train] step=3749 loss=0.019291 lr=9.965e-06
[train] step=3750 loss=0.017042 lr=9.965e-06
[train] step=3751 loss=0.033665 lr=9.965e-06
[train] step=3752 loss=0.010628 lr=9.965e-06
[train] step=3753 loss=0.017048 lr=9.965e-06
[train] step=3754 loss=0.022238 lr=9.965e-06
[train] step=3755 loss=0.010334 lr=9.965e-06
[train] step=3756 loss=0.060514 lr=9.965e-06
[train] step=3757 loss=0.010770 lr=9.965e-06
[train] step=3758 loss=0.008079 lr=9.965e-06
[train] step=3759 loss=0.009858 lr=9.965e-06
[train] step=3760 loss=0.014307 lr=9.965e-06
[train] step=3761 loss=0.016615 lr=9.965e-06
[train] step=3762 loss=0.016718 lr=9.965e-06
[train] step=3763 loss=0.033011 lr=9.965e-06
[train] step=3764 loss=0.035010 lr=9.965e-06
[train] step=3765 loss=0.011012 lr=9.965e-06
[train] step=3766 loss=0.021914 lr=9.965e-06
[train] step=3767 loss=0.011203 lr=9.965e-06
[train] step=3768 loss=0.011857 lr=9.965e-06
[train] step=3769 loss=0.015465 lr=9.965e-06
[train] step=3770 loss=0.013363 lr=9.965e-06
[train] step=3771 loss=0.017024 lr=9.965e-06
[train] step=3772 loss=0.010404 lr=9.965e-06
[train] step=3773 loss=0.027418 lr=9.965e-06
[train] step=3774 loss=0.027429 lr=9.965e-06
[train] step=3775 loss=0.019805 lr=9.965e-06
[train] step=3776 loss=0.016808 lr=9.965e-06
[train] step=3777 loss=0.037659 lr=9.965e-06
[train] step=3778 loss=0.014529 lr=9.965e-06
[train] step=3779 loss=0.019489 lr=9.965e-06
[train] step=3780 loss=0.027275 lr=9.965e-06
[train] step=3781 loss=0.034172 lr=9.965e-06
[train] step=3782 loss=0.008456 lr=9.965e-06
[train] step=3783 loss=0.040210 lr=9.965e-06
[train] step=3784 loss=0.043853 lr=9.965e-06
[train] step=3785 loss=0.012936 lr=9.965e-06
[train] step=3786 loss=0.012167 lr=9.965e-06
[train] step=3787 loss=0.010320 lr=9.965e-06
[train] step=3788 loss=0.018102 lr=9.965e-06
[train] step=3789 loss=0.011764 lr=9.965e-06
[train] step=3790 loss=0.011186 lr=9.965e-06
[train] step=3791 loss=0.012545 lr=9.965e-06
[train] step=3792 loss=0.019205 lr=9.965e-06
[train] step=3793 loss=0.045318 lr=9.965e-06
[train] step=3794 loss=0.013666 lr=9.965e-06
[train] step=3795 loss=0.026328 lr=9.965e-06
[train] step=3796 loss=0.009961 lr=9.965e-06
[train] step=3797 loss=0.023825 lr=9.965e-06
[train] step=3798 loss=0.010928 lr=9.965e-06
[train] step=3799 loss=0.009288 lr=9.964e-06
[train] step=3800 loss=0.008482 lr=9.964e-06
[train] step=3801 loss=0.014520 lr=9.964e-06
[train] step=3802 loss=0.012176 lr=9.964e-06
[train] step=3803 loss=0.017139 lr=9.964e-06
[train] step=3804 loss=0.020536 lr=9.964e-06
[train] step=3805 loss=0.021556 lr=9.964e-06
[train] step=3806 loss=0.019079 lr=9.964e-06
[train] step=3807 loss=0.020229 lr=9.964e-06
[train] step=3808 loss=0.012845 lr=9.964e-06
[train] step=3809 loss=0.021460 lr=9.964e-06
[train] step=3810 loss=0.013510 lr=9.964e-06
[train] step=3811 loss=0.011675 lr=9.964e-06
[train] step=3812 loss=0.019502 lr=9.964e-06
[train] step=3813 loss=0.011998 lr=9.964e-06
[train] step=3814 loss=0.008785 lr=9.964e-06
[train] step=3815 loss=0.010023 lr=9.964e-06
[train] step=3816 loss=0.023221 lr=9.964e-06
[train] step=3817 loss=0.019596 lr=9.964e-06
[train] step=3818 loss=0.011577 lr=9.964e-06
[train] step=3819 loss=0.008847 lr=9.964e-06
[train] step=3820 loss=0.015242 lr=9.964e-06
[train] step=3821 loss=0.011116 lr=9.964e-06
[train] step=3822 loss=0.010695 lr=9.964e-06
[train] step=3823 loss=0.009518 lr=9.964e-06
[train] step=3824 loss=0.008218 lr=9.964e-06
[train] step=3825 loss=0.172762 lr=9.964e-06
[train] step=3826 loss=0.011957 lr=9.964e-06
[train] step=3827 loss=0.034274 lr=9.964e-06
[train] step=3828 loss=0.016853 lr=9.964e-06
[train] step=3829 loss=0.012388 lr=9.964e-06
[train] step=3830 loss=0.009839 lr=9.964e-06
[train] step=3831 loss=0.207652 lr=9.964e-06
[train] step=3832 loss=0.010282 lr=9.964e-06
[train] step=3833 loss=0.012114 lr=9.964e-06
[train] step=3834 loss=0.008415 lr=9.964e-06
[train] step=3835 loss=0.009731 lr=9.964e-06
[train] step=3836 loss=0.011865 lr=9.964e-06
[train] step=3837 loss=0.011197 lr=9.964e-06
[train] step=3838 loss=0.022566 lr=9.964e-06
[train] step=3839 loss=0.018426 lr=9.964e-06
[train] step=3840 loss=0.008704 lr=9.964e-06
[train] step=3841 loss=0.009721 lr=9.964e-06
[train] step=3842 loss=0.010940 lr=9.964e-06
[train] step=3843 loss=0.008595 lr=9.964e-06
[train] step=3844 loss=0.019316 lr=9.964e-06
[train] step=3845 loss=0.029235 lr=9.964e-06
[train] step=3846 loss=0.022729 lr=9.964e-06
[train] step=3847 loss=0.091878 lr=9.964e-06
[train] step=3848 loss=0.008725 lr=9.964e-06
[train] step=3849 loss=0.008104 lr=9.964e-06
[train] step=3850 loss=0.010761 lr=9.964e-06
[train] step=3851 loss=0.010012 lr=9.964e-06
[train] step=3852 loss=0.010719 lr=9.963e-06
[train] step=3853 loss=0.015861 lr=9.963e-06
[train] step=3854 loss=0.009093 lr=9.963e-06
[train] step=3855 loss=0.009699 lr=9.963e-06
[train] step=3856 loss=0.016149 lr=9.963e-06
[train] step=3857 loss=0.046037 lr=9.963e-06
[train] step=3858 loss=0.010310 lr=9.963e-06
[train] step=3859 loss=0.010923 lr=9.963e-06
[train] step=3860 loss=0.013572 lr=9.963e-06
[train] step=3861 loss=0.014695 lr=9.963e-06
[train] step=3862 loss=0.013328 lr=9.963e-06
[train] step=3863 loss=0.009776 lr=9.963e-06
[train] step=3864 loss=0.014412 lr=9.963e-06
[train] step=3865 loss=0.010564 lr=9.963e-06
[train] step=3866 loss=0.017858 lr=9.963e-06
[train] step=3867 loss=0.009958 lr=9.963e-06
[train] step=3868 loss=0.009190 lr=9.963e-06
[train] step=3869 loss=0.009651 lr=9.963e-06
[train] step=3870 loss=0.013879 lr=9.963e-06
[train] step=3871 loss=0.015743 lr=9.963e-06
[train] step=3872 loss=0.014686 lr=9.963e-06
[train] step=3873 loss=0.013021 lr=9.963e-06
[train] step=3874 loss=0.038309 lr=9.963e-06
[train] step=3875 loss=0.011241 lr=9.963e-06
[train] step=3876 loss=0.011863 lr=9.963e-06
[train] step=3877 loss=0.009090 lr=9.963e-06
[train] step=3878 loss=0.007670 lr=9.963e-06
[train] step=3879 loss=0.011354 lr=9.963e-06
[train] step=3880 loss=0.008770 lr=9.963e-06
[train] step=3881 loss=0.014473 lr=9.963e-06
[train] step=3882 loss=0.013900 lr=9.963e-06
[train] step=3883 loss=0.012315 lr=9.963e-06
[train] step=3884 loss=0.007255 lr=9.963e-06
[train] step=3885 loss=0.013687 lr=9.963e-06
[train] step=3886 loss=0.008858 lr=9.963e-06
[train] step=3887 loss=0.012636 lr=9.963e-06
[train] step=3888 loss=0.021545 lr=9.963e-06
[train] step=3889 loss=0.011885 lr=9.963e-06
[train] step=3890 loss=0.020260 lr=9.963e-06
[train] step=3891 loss=0.007900 lr=9.963e-06
[train] step=3892 loss=0.007615 lr=9.963e-06
[train] step=3893 loss=0.018722 lr=9.963e-06
[train] step=3894 loss=0.008814 lr=9.963e-06
[train] step=3895 loss=0.011307 lr=9.963e-06
[train] step=3896 loss=0.011350 lr=9.963e-06
[train] step=3897 loss=0.007277 lr=9.963e-06
[train] step=3898 loss=0.007851 lr=9.963e-06
[train] step=3899 loss=0.018600 lr=9.963e-06
[train] step=3900 loss=0.014543 lr=9.963e-06
[train] step=3901 loss=0.012829 lr=9.963e-06
[train] step=3902 loss=0.010243 lr=9.963e-06
[train] step=3903 loss=0.009547 lr=9.963e-06
[train] step=3904 loss=0.013495 lr=9.962e-06
[train] step=3905 loss=0.011573 lr=9.962e-06
[train] step=3906 loss=0.010267 lr=9.962e-06
[train] step=3907 loss=0.009581 lr=9.962e-06
[train] step=3908 loss=0.009070 lr=9.962e-06
[train] step=3909 loss=0.011997 lr=9.962e-06
[train] step=3910 loss=0.006143 lr=9.962e-06
[train] step=3911 loss=0.006765 lr=9.962e-06
[train] step=3912 loss=0.011165 lr=9.962e-06
[train] step=3913 loss=0.008202 lr=9.962e-06
[train] step=3914 loss=0.013540 lr=9.962e-06
[train] step=3915 loss=0.014338 lr=9.962e-06
[train] step=3916 loss=0.007142 lr=9.962e-06
[train] step=3917 loss=0.007635 lr=9.962e-06
[train] step=3918 loss=0.029748 lr=9.962e-06
[train] step=3919 loss=0.009390 lr=9.962e-06
[train] step=3920 loss=0.008106 lr=9.962e-06
[train] step=3921 loss=0.007264 lr=9.962e-06
[train] step=3922 loss=0.014779 lr=9.962e-06
[train] step=3923 loss=0.011496 lr=9.962e-06
[train] step=3924 loss=0.007777 lr=9.962e-06
[train] step=3925 loss=0.013106 lr=9.962e-06
[train] step=3926 loss=0.015375 lr=9.962e-06
[train] step=3927 loss=0.011838 lr=9.962e-06
[train] step=3928 loss=0.009248 lr=9.962e-06
[train] step=3929 loss=0.012583 lr=9.962e-06
[train] step=3930 loss=0.010510 lr=9.962e-06
[train] step=3931 loss=0.009502 lr=9.962e-06
[train] step=3932 loss=0.008250 lr=9.962e-06
[train] step=3933 loss=0.012027 lr=9.962e-06
[train] step=3934 loss=0.007563 lr=9.962e-06
[train] step=3935 loss=0.007257 lr=9.962e-06
[train] step=3936 loss=0.020352 lr=9.962e-06
[train] step=3937 loss=0.008636 lr=9.962e-06
[train] step=3938 loss=0.010099 lr=9.962e-06
[train] step=3939 loss=0.007308 lr=9.962e-06
[train] step=3940 loss=0.007326 lr=9.962e-06
[train] step=3941 loss=0.010628 lr=9.962e-06
[train] step=3942 loss=0.016552 lr=9.962e-06
[train] step=3943 loss=0.026557 lr=9.962e-06
[train] step=3944 loss=0.009950 lr=9.962e-06
[train] step=3945 loss=0.008438 lr=9.962e-06
[train] step=3946 loss=0.022795 lr=9.962e-06
[train] step=3947 loss=0.012950 lr=9.962e-06
[train] step=3948 loss=0.009675 lr=9.962e-06
[train] step=3949 loss=0.032698 lr=9.962e-06
[train] step=3950 loss=0.007862 lr=9.962e-06
[train] step=3951 loss=0.135342 lr=9.962e-06
[train] step=3952 loss=0.018399 lr=9.962e-06
[train] step=3953 loss=0.014640 lr=9.962e-06
[train] step=3954 loss=0.018810 lr=9.962e-06
[train] step=3955 loss=0.010534 lr=9.962e-06
[train] step=3956 loss=0.013276 lr=9.961e-06
[train] step=3957 loss=0.024740 lr=9.961e-06
[train] step=3958 loss=0.014296 lr=9.961e-06
[train] step=3959 loss=0.008921 lr=9.961e-06
[train] step=3960 loss=0.007967 lr=9.961e-06
[train] step=3961 loss=0.017472 lr=9.961e-06
[train] step=3962 loss=0.013587 lr=9.961e-06
[train] step=3963 loss=0.033004 lr=9.961e-06
[train] step=3964 loss=0.008243 lr=9.961e-06
[train] step=3965 loss=0.012950 lr=9.961e-06
[train] step=3966 loss=0.010384 lr=9.961e-06
[train] step=3967 loss=0.034674 lr=9.961e-06
[train] step=3968 loss=0.011169 lr=9.961e-06
[train] step=3969 loss=0.010913 lr=9.961e-06
[train] step=3970 loss=0.022779 lr=9.961e-06
[train] step=3971 loss=0.012144 lr=9.961e-06
[train] step=3972 loss=0.007186 lr=9.961e-06
[train] step=3973 loss=0.009073 lr=9.961e-06
[train] step=3974 loss=0.008996 lr=9.961e-06
[train] step=3975 loss=0.016015 lr=9.961e-06
[train] step=3976 loss=0.012400 lr=9.961e-06
[train] step=3977 loss=0.014622 lr=9.961e-06
[train] step=3978 loss=0.015765 lr=9.961e-06
[train] step=3979 loss=0.008674 lr=9.961e-06
[train] step=3980 loss=0.024164 lr=9.961e-06
[train] step=3981 loss=0.010981 lr=9.961e-06
[train] step=3982 loss=0.013331 lr=9.961e-06
[train] step=3983 loss=0.013595 lr=9.961e-06
[train] step=3984 loss=0.026550 lr=9.961e-06
[train] step=3985 loss=0.013522 lr=9.961e-06
[train] step=3986 loss=0.043380 lr=9.961e-06
[train] step=3987 loss=0.012148 lr=9.961e-06
[train] step=3988 loss=0.010037 lr=9.961e-06
[train] step=3989 loss=0.008369 lr=9.961e-06
[train] step=3990 loss=0.008790 lr=9.961e-06
[train] step=3991 loss=0.018599 lr=9.961e-06
[train] step=3992 loss=0.010129 lr=9.961e-06
[train] step=3993 loss=0.009120 lr=9.961e-06
[train] step=3994 loss=0.011468 lr=9.961e-06
[train] step=3995 loss=0.014477 lr=9.961e-06
[train] step=3996 loss=0.017165 lr=9.961e-06
[train] step=3997 loss=0.010653 lr=9.961e-06
[train] step=3998 loss=0.013216 lr=9.961e-06
[train] step=3999 loss=0.009193 lr=9.961e-06
[train] step=4000 loss=0.006848 lr=9.961e-06
INFO     [rank 0] Model weights for step 4000 saved in       dit_trainer.py:1085
         checkpoints/model_weights_step_04000.safetensors                       
INFO     [rank 0] Scalar embedding weights for step 4000     dit_trainer.py:1092
         saved                                                                  
INFO     [rank 0] Training state saved:                      dit_trainer.py:1123
         checkpoints/model_weights_step_04000.state.pt                          
DEBUG    [rank 0] Removed old checkpoint:                    dit_trainer.py:1136
         /local/disk/hramachandran/work/wh_work/windinet/dit                    
         _throughput_sweep_bs4/checkpoints/model_weights_ste                    
         p_03500.safetensors                                                    
DEBUG    [rank 0] Removed old checkpoint:                    dit_trainer.py:1136
         /local/disk/hramachandran/work/wh_work/windinet/dit                    
         _throughput_sweep_bs4/checkpoints/model_weights_ste                    
         p_03500.state.pt                                                       
DEBUG    [rank 0] Removed old checkpoint:                    dit_trainer.py:1136
         /local/disk/hramachandran/work/wh_work/windinet/dit                    
         _throughput_sweep_bs4/checkpoints/scalar_embedding_                    
         step_03500.safetensors                                                 
[epoch 8] step=4000 train_loss=0.017476
[train] step=4001 loss=0.007410 lr=9.961e-06
[train] step=4002 loss=0.009712 lr=9.961e-06
[train] step=4003 loss=0.014875 lr=9.961e-06
[train] step=4004 loss=0.006828 lr=9.961e-06
[train] step=4005 loss=0.007854 lr=9.961e-06
[train] step=4006 loss=0.032337 lr=9.961e-06
[train] step=4007 loss=0.010095 lr=9.960e-06
[train] step=4008 loss=0.010357 lr=9.960e-06
[train] step=4009 loss=0.007574 lr=9.960e-06
[train] step=4010 loss=0.010165 lr=9.960e-06
[train] step=4011 loss=0.021695 lr=9.960e-06
[train] step=4012 loss=0.018280 lr=9.960e-06
[train] step=4013 loss=0.019880 lr=9.960e-06
[train] step=4014 loss=0.009822 lr=9.960e-06
[train] step=4015 loss=0.008699 lr=9.960e-06
[train] step=4016 loss=0.013399 lr=9.960e-06
[train] step=4017 loss=0.021636 lr=9.960e-06
[train] step=4018 loss=0.010250 lr=9.960e-06
[train] step=4019 loss=0.008105 lr=9.960e-06
[train] step=4020 loss=0.012215 lr=9.960e-06
[train] step=4021 loss=0.007030 lr=9.960e-06
[train] step=4022 loss=0.010498 lr=9.960e-06
[train] step=4023 loss=0.012437 lr=9.960e-06
[train] step=4024 loss=0.016495 lr=9.960e-06
[train] step=4025 loss=0.011284 lr=9.960e-06
[train] step=4026 loss=0.009627 lr=9.960e-06
[train] step=4027 loss=0.015510 lr=9.960e-06
[train] step=4028 loss=0.008299 lr=9.960e-06
[train] step=4029 loss=0.046601 lr=9.960e-06
[train] step=4030 loss=0.035463 lr=9.960e-06
[train] step=4031 loss=0.025166 lr=9.960e-06
[train] step=4032 loss=0.008554 lr=9.960e-06
[train] step=4033 loss=0.019838 lr=9.960e-06
[train] step=4034 loss=0.008011 lr=9.960e-06
[train] step=4035 loss=0.007842 lr=9.960e-06
[train] step=4036 loss=0.008619 lr=9.960e-06
[train] step=4037 loss=0.010011 lr=9.960e-06
[train] step=4038 loss=0.011172 lr=9.960e-06
[train] step=4039 loss=0.009940 lr=9.960e-06
[train] step=4040 loss=0.022867 lr=9.960e-06
[train] step=4041 loss=0.018490 lr=9.960e-06
[train] step=4042 loss=0.024881 lr=9.960e-06
[train] step=4043 loss=0.019517 lr=9.960e-06
[train] step=4044 loss=0.007405 lr=9.960e-06
[train] step=4045 loss=0.027480 lr=9.960e-06
[train] step=4046 loss=0.010055 lr=9.960e-06
[train] step=4047 loss=0.011495 lr=9.960e-06
[train] step=4048 loss=0.039695 lr=9.960e-06
[train] step=4049 loss=0.008843 lr=9.960e-06
[train] step=4050 loss=0.172244 lr=9.960e-06
[train] step=4051 loss=0.108737 lr=9.960e-06
[train] step=4052 loss=0.009968 lr=9.960e-06
[train] step=4053 loss=0.023233 lr=9.960e-06
[train] step=4054 loss=0.008663 lr=9.960e-06
[train] step=4055 loss=0.010090 lr=9.960e-06
[train] step=4056 loss=0.007284 lr=9.960e-06
[train] step=4057 loss=0.006749 lr=9.960e-06
[train] step=4058 loss=0.013095 lr=9.959e-06
[train] step=4059 loss=0.019747 lr=9.959e-06
[train] step=4060 loss=0.005872 lr=9.959e-06
[train] step=4061 loss=0.031182 lr=9.959e-06
[train] step=4062 loss=0.015339 lr=9.959e-06
[train] step=4063 loss=0.009027 lr=9.959e-06
[train] step=4064 loss=0.012525 lr=9.959e-06
[train] step=4065 loss=0.016642 lr=9.959e-06
[train] step=4066 loss=0.013122 lr=9.959e-06
[train] step=4067 loss=0.007912 lr=9.959e-06
[train] step=4068 loss=0.015030 lr=9.959e-06
[train] step=4069 loss=0.012227 lr=9.959e-06
[train] step=4070 loss=0.009872 lr=9.959e-06
[train] step=4071 loss=0.008667 lr=9.959e-06
[train] step=4072 loss=0.007423 lr=9.959e-06
[train] step=4073 loss=0.028875 lr=9.959e-06
[train] step=4074 loss=0.007833 lr=9.959e-06
[train] step=4075 loss=0.009573 lr=9.959e-06
[train] step=4076 loss=0.011583 lr=9.959e-06
[train] step=4077 loss=0.011728 lr=9.959e-06
[train] step=4078 loss=0.008945 lr=9.959e-06
[train] step=4079 loss=0.008615 lr=9.959e-06
[train] step=4080 loss=0.009252 lr=9.959e-06
[train] step=4081 loss=0.007408 lr=9.959e-06
[train] step=4082 loss=0.010928 lr=9.959e-06
[train] step=4083 loss=0.007308 lr=9.959e-06
[train] step=4084 loss=0.011387 lr=9.959e-06
[train] step=4085 loss=0.007736 lr=9.959e-06
[train] step=4086 loss=0.008508 lr=9.959e-06
[train] step=4087 loss=0.019607 lr=9.959e-06
[train] step=4088 loss=0.007308 lr=9.959e-06
[train] step=4089 loss=0.009017 lr=9.959e-06
[train] step=4090 loss=0.009572 lr=9.959e-06
[train] step=4091 loss=0.009807 lr=9.959e-06
[train] step=4092 loss=0.012926 lr=9.959e-06
[train] step=4093 loss=0.007179 lr=9.959e-06
[train] step=4094 loss=0.008178 lr=9.959e-06
[train] step=4095 loss=0.007985 lr=9.959e-06
[train] step=4096 loss=0.007662 lr=9.959e-06
[train] step=4097 loss=0.020479 lr=9.959e-06
[train] step=4098 loss=0.008132 lr=9.959e-06
[train] step=4099 loss=0.006854 lr=9.959e-06
[train] step=4100 loss=0.006109 lr=9.959e-06
[train] step=4101 loss=0.041932 lr=9.959e-06
[train] step=4102 loss=0.008672 lr=9.959e-06
[train] step=4103 loss=0.009123 lr=9.959e-06
[train] step=4104 loss=0.028758 lr=9.959e-06
[train] step=4105 loss=0.007455 lr=9.959e-06
[train] step=4106 loss=0.014973 lr=9.959e-06
[train] step=4107 loss=0.005367 lr=9.959e-06
[train] step=4108 loss=0.016163 lr=9.958e-06
[train] step=4109 loss=0.007225 lr=9.958e-06
[train] step=4110 loss=0.007422 lr=9.958e-06
[train] step=4111 loss=0.008027 lr=9.958e-06
[train] step=4112 loss=0.007990 lr=9.958e-06
[train] step=4113 loss=0.007272 lr=9.958e-06
[train] step=4114 loss=0.015896 lr=9.958e-06
[train] step=4115 loss=0.014395 lr=9.958e-06
[train] step=4116 loss=0.005970 lr=9.958e-06
[train] step=4117 loss=0.011686 lr=9.958e-06
[train] step=4118 loss=0.009059 lr=9.958e-06
[train] step=4119 loss=0.008341 lr=9.958e-06
[train] step=4120 loss=0.007066 lr=9.958e-06
[train] step=4121 loss=0.007332 lr=9.958e-06
[train] step=4122 loss=0.006814 lr=9.958e-06
[train] step=4123 loss=0.015233 lr=9.958e-06
[train] step=4124 loss=0.006161 lr=9.958e-06
[train] step=4125 loss=0.007645 lr=9.958e-06
[train] step=4126 loss=0.077576 lr=9.958e-06
[train] step=4127 loss=0.010503 lr=9.958e-06
[train] step=4128 loss=0.007254 lr=9.958e-06
[train] step=4129 loss=0.005767 lr=9.958e-06
[train] step=4130 loss=0.010065 lr=9.958e-06
[train] step=4131 loss=0.028743 lr=9.958e-06
[train] step=4132 loss=0.013183 lr=9.958e-06
[train] step=4133 loss=0.011410 lr=9.958e-06
[train] step=4134 loss=0.009526 lr=9.958e-06
[train] step=4135 loss=0.009301 lr=9.958e-06
[train] step=4136 loss=0.009658 lr=9.958e-06
[train] step=4137 loss=0.013954 lr=9.958e-06
[train] step=4138 loss=0.009234 lr=9.958e-06
[train] step=4139 loss=0.007361 lr=9.958e-06
[train] step=4140 loss=0.010067 lr=9.958e-06
[train] step=4141 loss=0.008378 lr=9.958e-06
[train] step=4142 loss=0.016035 lr=9.958e-06
[train] step=4143 loss=0.016552 lr=9.958e-06
[train] step=4144 loss=0.010816 lr=9.958e-06
[train] step=4145 loss=0.012626 lr=9.958e-06
[train] step=4146 loss=0.011636 lr=9.958e-06
[train] step=4147 loss=0.018337 lr=9.958e-06
[train] step=4148 loss=0.019547 lr=9.958e-06
[train] step=4149 loss=0.012220 lr=9.958e-06
[train] step=4150 loss=0.008758 lr=9.958e-06
[train] step=4151 loss=0.021092 lr=9.958e-06
[train] step=4152 loss=0.010228 lr=9.958e-06
[train] step=4153 loss=0.011512 lr=9.958e-06
[train] step=4154 loss=0.008460 lr=9.958e-06
[train] step=4155 loss=0.007260 lr=9.958e-06
[train] step=4156 loss=0.009975 lr=9.958e-06
[train] step=4157 loss=0.008727 lr=9.957e-06
[train] step=4158 loss=0.008013 lr=9.957e-06
[train] step=4159 loss=0.010784 lr=9.957e-06
[train] step=4160 loss=0.009743 lr=9.957e-06
[train] step=4161 loss=0.008577 lr=9.957e-06
[train] step=4162 loss=0.011436 lr=9.957e-06
[train] step=4163 loss=0.006829 lr=9.957e-06
[train] step=4164 loss=0.009561 lr=9.957e-06
[train] step=4165 loss=0.009628 lr=9.957e-06
[train] step=4166 loss=0.011228 lr=9.957e-06
[train] step=4167 loss=0.007636 lr=9.957e-06
[train] step=4168 loss=0.017224 lr=9.957e-06
[train] step=4169 loss=0.007441 lr=9.957e-06
[train] step=4170 loss=0.007831 lr=9.957e-06
[train] step=4171 loss=0.007226 lr=9.957e-06
[train] step=4172 loss=0.007487 lr=9.957e-06
[train] step=4173 loss=0.009559 lr=9.957e-06
[train] step=4174 loss=0.009099 lr=9.957e-06
[train] step=4175 loss=0.006859 lr=9.957e-06
[train] step=4176 loss=0.008557 lr=9.957e-06
[train] step=4177 loss=0.014169 lr=9.957e-06
[train] step=4178 loss=0.010941 lr=9.957e-06
[train] step=4179 loss=0.008283 lr=9.957e-06
[train] step=4180 loss=0.008923 lr=9.957e-06
[train] step=4181 loss=0.008858 lr=9.957e-06
[train] step=4182 loss=0.101733 lr=9.957e-06
[train] step=4183 loss=0.008117 lr=9.957e-06
[train] step=4184 loss=0.008922 lr=9.957e-06
[train] step=4185 loss=0.006964 lr=9.957e-06
[train] step=4186 loss=0.007049 lr=9.957e-06
[train] step=4187 loss=0.023127 lr=9.957e-06
[train] step=4188 loss=0.007629 lr=9.957e-06
[train] step=4189 loss=0.035010 lr=9.957e-06
[train] step=4190 loss=0.014753 lr=9.957e-06
[train] step=4191 loss=0.007256 lr=9.957e-06
[train] step=4192 loss=0.007356 lr=9.957e-06
[train] step=4193 loss=0.060686 lr=9.957e-06
[train] step=4194 loss=0.008499 lr=9.957e-06
[train] step=4195 loss=0.015414 lr=9.957e-06
[train] step=4196 loss=0.007381 lr=9.957e-06
[train] step=4197 loss=0.006802 lr=9.957e-06
[train] step=4198 loss=0.030635 lr=9.957e-06
[train] step=4199 loss=0.014463 lr=9.957e-06
[train] step=4200 loss=0.006459 lr=9.957e-06
[train] step=4201 loss=0.009067 lr=9.957e-06
[train] step=4202 loss=0.008979 lr=9.957e-06
[train] step=4203 loss=0.007838 lr=9.957e-06
[train] step=4204 loss=0.009859 lr=9.957e-06
[train] step=4205 loss=0.034793 lr=9.956e-06
[train] step=4206 loss=0.022555 lr=9.956e-06
[train] step=4207 loss=0.060553 lr=9.956e-06
[train] step=4208 loss=0.010152 lr=9.956e-06
[train] step=4209 loss=0.011701 lr=9.956e-06
[train] step=4210 loss=0.007769 lr=9.956e-06
[train] step=4211 loss=0.011955 lr=9.956e-06
[train] step=4212 loss=0.008285 lr=9.956e-06
[train] step=4213 loss=0.016249 lr=9.956e-06
[train] step=4214 loss=0.007128 lr=9.956e-06
[train] step=4215 loss=0.010970 lr=9.956e-06
[train] step=4216 loss=0.008306 lr=9.956e-06
[train] step=4217 loss=0.010784 lr=9.956e-06
[train] step=4218 loss=0.010824 lr=9.956e-06
[train] step=4219 loss=0.014274 lr=9.956e-06
[train] step=4220 loss=0.011190 lr=9.956e-06
[train] step=4221 loss=0.007883 lr=9.956e-06
[train] step=4222 loss=0.010208 lr=9.956e-06
[train] step=4223 loss=0.006891 lr=9.956e-06
[train] step=4224 loss=0.010241 lr=9.956e-06
[train] step=4225 loss=0.006108 lr=9.956e-06
[train] step=4226 loss=0.007475 lr=9.956e-06
[train] step=4227 loss=0.010096 lr=9.956e-06
[train] step=4228 loss=0.011555 lr=9.956e-06
[train] step=4229 loss=0.009669 lr=9.956e-06
[train] step=4230 loss=0.014136 lr=9.956e-06
[train] step=4231 loss=0.006444 lr=9.956e-06
[train] step=4232 loss=0.007622 lr=9.956e-06
[train] step=4233 loss=0.032531 lr=9.956e-06
[train] step=4234 loss=0.010843 lr=9.956e-06
[train] step=4235 loss=0.010205 lr=9.956e-06
[train] step=4236 loss=0.028983 lr=9.956e-06
[train] step=4237 loss=0.007956 lr=9.956e-06
[train] step=4238 loss=0.007320 lr=9.956e-06
[train] step=4239 loss=0.009226 lr=9.956e-06
[train] step=4240 loss=0.007127 lr=9.956e-06
[train] step=4241 loss=0.010457 lr=9.956e-06
[train] step=4242 loss=0.016939 lr=9.956e-06
[train] step=4243 loss=0.006420 lr=9.956e-06
[train] step=4244 loss=0.016248 lr=9.956e-06
[train] step=4245 loss=0.007828 lr=9.956e-06
[train] step=4246 loss=0.012748 lr=9.956e-06
[train] step=4247 loss=0.009644 lr=9.956e-06
[train] step=4248 loss=0.008072 lr=9.956e-06
[train] step=4249 loss=0.009046 lr=9.956e-06
[train] step=4250 loss=0.007065 lr=9.956e-06
[train] step=4251 loss=0.013192 lr=9.956e-06
[train] step=4252 loss=0.008823 lr=9.956e-06
[train] step=4253 loss=0.010722 lr=9.956e-06
[train] step=4254 loss=0.010082 lr=9.955e-06
[train] step=4255 loss=0.009601 lr=9.955e-06
[train] step=4256 loss=0.009490 lr=9.955e-06
[train] step=4257 loss=0.010440 lr=9.955e-06
[train] step=4258 loss=0.012077 lr=9.955e-06
[train] step=4259 loss=0.010460 lr=9.955e-06
[train] step=4260 loss=0.007576 lr=9.955e-06
[train] step=4261 loss=0.007615 lr=9.955e-06
[train] step=4262 loss=0.007615 lr=9.955e-06
[train] step=4263 loss=0.069885 lr=9.955e-06
[train] step=4264 loss=0.005980 lr=9.955e-06
[train] step=4265 loss=0.137196 lr=9.955e-06
[train] step=4266 loss=0.010220 lr=9.955e-06
[train] step=4267 loss=0.007742 lr=9.955e-06
[train] step=4268 loss=0.009957 lr=9.955e-06
[train] step=4269 loss=0.019131 lr=9.955e-06
[train] step=4270 loss=0.021907 lr=9.955e-06
[train] step=4271 loss=0.013349 lr=9.955e-06
[train] step=4272 loss=0.008061 lr=9.955e-06
[train] step=4273 loss=0.009113 lr=9.955e-06
[train] step=4274 loss=0.010609 lr=9.955e-06
[train] step=4275 loss=0.019933 lr=9.955e-06
[train] step=4276 loss=0.017746 lr=9.955e-06
[train] step=4277 loss=0.017771 lr=9.955e-06
[train] step=4278 loss=0.008892 lr=9.955e-06
[train] step=4279 loss=0.014075 lr=9.955e-06
[train] step=4280 loss=0.022003 lr=9.955e-06
[train] step=4281 loss=0.015429 lr=9.955e-06
[train] step=4282 loss=0.018005 lr=9.955e-06
[train] step=4283 loss=0.006565 lr=9.955e-06
[train] step=4284 loss=0.031187 lr=9.955e-06
[train] step=4285 loss=0.014425 lr=9.955e-06
[train] step=4286 loss=0.017573 lr=9.955e-06
[train] step=4287 loss=0.010094 lr=9.955e-06
[train] step=4288 loss=0.014913 lr=9.955e-06
[train] step=4289 loss=0.062742 lr=9.955e-06
[train] step=4290 loss=0.024977 lr=9.955e-06
[train] step=4291 loss=0.012546 lr=9.955e-06
[train] step=4292 loss=0.009996 lr=9.955e-06
[train] step=4293 loss=0.010584 lr=9.955e-06
[train] step=4294 loss=0.011810 lr=9.955e-06
[train] step=4295 loss=0.039844 lr=9.955e-06
[train] step=4296 loss=0.011287 lr=9.955e-06
[train] step=4297 loss=0.008540 lr=9.955e-06
[train] step=4298 loss=0.007878 lr=9.955e-06
[train] step=4299 loss=0.041214 lr=9.955e-06
[train] step=4300 loss=0.034240 lr=9.955e-06
[train] step=4301 loss=0.021842 lr=9.954e-06
[train] step=4302 loss=0.056140 lr=9.954e-06
[train] step=4303 loss=0.013390 lr=9.954e-06
[train] step=4304 loss=0.008678 lr=9.954e-06
[train] step=4305 loss=0.009655 lr=9.954e-06
[train] step=4306 loss=0.012356 lr=9.954e-06
[train] step=4307 loss=0.092131 lr=9.954e-06
[train] step=4308 loss=0.009979 lr=9.954e-06
[train] step=4309 loss=0.067596 lr=9.954e-06
[train] step=4310 loss=0.018040 lr=9.954e-06
[train] step=4311 loss=0.009781 lr=9.954e-06
[train] step=4312 loss=0.021070 lr=9.954e-06
[train] step=4313 loss=0.024674 lr=9.954e-06
[train] step=4314 loss=0.018128 lr=9.954e-06
[train] step=4315 loss=0.016411 lr=9.954e-06
[train] step=4316 loss=0.033439 lr=9.954e-06
[train] step=4317 loss=0.020026 lr=9.954e-06
[train] step=4318 loss=0.015077 lr=9.954e-06
[train] step=4319 loss=0.008666 lr=9.954e-06
[train] step=4320 loss=0.020499 lr=9.954e-06
[train] step=4321 loss=0.009908 lr=9.954e-06
[train] step=4322 loss=0.012925 lr=9.954e-06
[train] step=4323 loss=0.011252 lr=9.954e-06
[train] step=4324 loss=0.010732 lr=9.954e-06
[train] step=4325 loss=0.006959 lr=9.954e-06
[train] step=4326 loss=0.012270 lr=9.954e-06
[train] step=4327 loss=0.008771 lr=9.954e-06
[train] step=4328 loss=0.046728 lr=9.954e-06
[train] step=4329 loss=0.009381 lr=9.954e-06
[train] step=4330 loss=0.012454 lr=9.954e-06
[train] step=4331 loss=0.017543 lr=9.954e-06
[train] step=4332 loss=0.009938 lr=9.954e-06
[train] step=4333 loss=0.008954 lr=9.954e-06
[train] step=4334 loss=0.012496 lr=9.954e-06
[train] step=4335 loss=0.017593 lr=9.954e-06
[train] step=4336 loss=0.010174 lr=9.954e-06
[train] step=4337 loss=0.007811 lr=9.954e-06
[train] step=4338 loss=0.015380 lr=9.954e-06
[train] step=4339 loss=0.021997 lr=9.954e-06
[train] step=4340 loss=0.008086 lr=9.954e-06
[train] step=4341 loss=0.011765 lr=9.954e-06
[train] step=4342 loss=0.007203 lr=9.954e-06
[train] step=4343 loss=0.010823 lr=9.954e-06
[train] step=4344 loss=0.020675 lr=9.954e-06
[train] step=4345 loss=0.011744 lr=9.954e-06
[train] step=4346 loss=0.007673 lr=9.954e-06
[train] step=4347 loss=0.005930 lr=9.954e-06
[train] step=4348 loss=0.009409 lr=9.953e-06
[train] step=4349 loss=0.012433 lr=9.953e-06
[train] step=4350 loss=0.008357 lr=9.953e-06
[train] step=4351 loss=0.019370 lr=9.953e-06
[train] step=4352 loss=0.008540 lr=9.953e-06
[train] step=4353 loss=0.007617 lr=9.953e-06
[train] step=4354 loss=0.011463 lr=9.953e-06
[train] step=4355 loss=0.018863 lr=9.953e-06
[train] step=4356 loss=0.012969 lr=9.953e-06
[train] step=4357 loss=0.006366 lr=9.953e-06
[train] step=4358 loss=0.008044 lr=9.953e-06
[train] step=4359 loss=0.008696 lr=9.953e-06
[train] step=4360 loss=0.033650 lr=9.953e-06
[train] step=4361 loss=0.009493 lr=9.953e-06
[train] step=4362 loss=0.058608 lr=9.953e-06
[train] step=4363 loss=0.018731 lr=9.953e-06
[train] step=4364 loss=0.008471 lr=9.953e-06
[train] step=4365 loss=0.014314 lr=9.953e-06
[train] step=4366 loss=0.012026 lr=9.953e-06
[train] step=4367 loss=0.009245 lr=9.953e-06
[train] step=4368 loss=0.007476 lr=9.953e-06
[train] step=4369 loss=0.050495 lr=9.953e-06
[train] step=4370 loss=0.009385 lr=9.953e-06
[train] step=4371 loss=0.006959 lr=9.953e-06
[train] step=4372 loss=0.018290 lr=9.953e-06
[train] step=4373 loss=0.024789 lr=9.953e-06
[train] step=4374 loss=0.010712 lr=9.953e-06
[train] step=4375 loss=0.007282 lr=9.953e-06
[train] step=4376 loss=0.007653 lr=9.953e-06
[train] step=4377 loss=0.018112 lr=9.953e-06
[train] step=4378 loss=0.012917 lr=9.953e-06
[train] step=4379 loss=0.029587 lr=9.953e-06
[train] step=4380 loss=0.007940 lr=9.953e-06
[train] step=4381 loss=0.018204 lr=9.953e-06
[train] step=4382 loss=0.070352 lr=9.953e-06
[train] step=4383 loss=0.015505 lr=9.953e-06
[train] step=4384 loss=0.010418 lr=9.953e-06
[train] step=4385 loss=0.014203 lr=9.953e-06
[train] step=4386 loss=0.023863 lr=9.953e-06
[train] step=4387 loss=0.014127 lr=9.953e-06
[train] step=4388 loss=0.007757 lr=9.953e-06
[train] step=4389 loss=0.018967 lr=9.953e-06
[train] step=4390 loss=0.007623 lr=9.953e-06
[train] step=4391 loss=0.010823 lr=9.953e-06
[train] step=4392 loss=0.015064 lr=9.953e-06
[train] step=4393 loss=0.042284 lr=9.953e-06
[train] step=4394 loss=0.007822 lr=9.953e-06
[train] step=4395 loss=0.008647 lr=9.952e-06
[train] step=4396 loss=0.009677 lr=9.952e-06
[train] step=4397 loss=0.009792 lr=9.952e-06
[train] step=4398 loss=0.010547 lr=9.952e-06
[train] step=4399 loss=0.014125 lr=9.952e-06
[train] step=4400 loss=0.012012 lr=9.952e-06
[train] step=4401 loss=0.013367 lr=9.952e-06
[train] step=4402 loss=0.008270 lr=9.952e-06
[train] step=4403 loss=0.012137 lr=9.952e-06
[train] step=4404 loss=0.035800 lr=9.952e-06
[train] step=4405 loss=0.016769 lr=9.952e-06
[train] step=4406 loss=0.023087 lr=9.952e-06
[train] step=4407 loss=0.029371 lr=9.952e-06
[train] step=4408 loss=0.009436 lr=9.952e-06
[train] step=4409 loss=0.014882 lr=9.952e-06
[train] step=4410 loss=0.022967 lr=9.952e-06
[train] step=4411 loss=0.007739 lr=9.952e-06
[train] step=4412 loss=0.010131 lr=9.952e-06
[train] step=4413 loss=0.015526 lr=9.952e-06
[train] step=4414 loss=0.009220 lr=9.952e-06
[train] step=4415 loss=0.011715 lr=9.952e-06
[train] step=4416 loss=0.066032 lr=9.952e-06
[train] step=4417 loss=0.009069 lr=9.952e-06
[train] step=4418 loss=0.022450 lr=9.952e-06
[train] step=4419 loss=0.012556 lr=9.952e-06
[train] step=4420 loss=0.013833 lr=9.952e-06
[train] step=4421 loss=0.014051 lr=9.952e-06
[train] step=4422 loss=0.009910 lr=9.952e-06
[train] step=4423 loss=0.013976 lr=9.952e-06
[train] step=4424 loss=0.015460 lr=9.952e-06
[train] step=4425 loss=0.008402 lr=9.952e-06
[train] step=4426 loss=0.008709 lr=9.952e-06
[train] step=4427 loss=0.065634 lr=9.952e-06
[train] step=4428 loss=0.020289 lr=9.952e-06
[train] step=4429 loss=0.009031 lr=9.952e-06
[train] step=4430 loss=0.010764 lr=9.952e-06
[train] step=4431 loss=0.015985 lr=9.952e-06
[train] step=4432 loss=0.007948 lr=9.952e-06
[train] step=4433 loss=0.019346 lr=9.952e-06
[train] step=4434 loss=0.013967 lr=9.952e-06
[train] step=4435 loss=0.013058 lr=9.952e-06
[train] step=4436 loss=0.007509 lr=9.952e-06
[train] step=4437 loss=0.007863 lr=9.952e-06
[train] step=4438 loss=0.017971 lr=9.952e-06
[train] step=4439 loss=0.011650 lr=9.952e-06
[train] step=4440 loss=0.011219 lr=9.952e-06
[train] step=4441 loss=0.010334 lr=9.951e-06
[train] step=4442 loss=0.009253 lr=9.951e-06
[train] step=4443 loss=0.010408 lr=9.951e-06
[train] step=4444 loss=0.018864 lr=9.951e-06
[train] step=4445 loss=0.010077 lr=9.951e-06
[train] step=4446 loss=0.006114 lr=9.951e-06
[train] step=4447 loss=0.006778 lr=9.951e-06
[train] step=4448 loss=0.009146 lr=9.951e-06
[train] step=4449 loss=0.010013 lr=9.951e-06
[train] step=4450 loss=0.010317 lr=9.951e-06
[train] step=4451 loss=0.010275 lr=9.951e-06
[train] step=4452 loss=0.007875 lr=9.951e-06
[train] step=4453 loss=0.006416 lr=9.951e-06
[train] step=4454 loss=0.007567 lr=9.951e-06
[train] step=4455 loss=0.025720 lr=9.951e-06
[train] step=4456 loss=0.025211 lr=9.951e-06
[train] step=4457 loss=0.013077 lr=9.951e-06
[train] step=4458 loss=0.013753 lr=9.951e-06
[train] step=4459 loss=0.023561 lr=9.951e-06
[train] step=4460 loss=0.010196 lr=9.951e-06
[train] step=4461 loss=0.010270 lr=9.951e-06
[train] step=4462 loss=0.008868 lr=9.951e-06
[train] step=4463 loss=0.010722 lr=9.951e-06
[train] step=4464 loss=0.010763 lr=9.951e-06
[train] step=4465 loss=0.011642 lr=9.951e-06
[train] step=4466 loss=0.022282 lr=9.951e-06
[train] step=4467 loss=0.012218 lr=9.951e-06
[train] step=4468 loss=0.006361 lr=9.951e-06
[train] step=4469 loss=0.007428 lr=9.951e-06
[train] step=4470 loss=0.024684 lr=9.951e-06
[train] step=4471 loss=0.009074 lr=9.951e-06
[train] step=4472 loss=0.011836 lr=9.951e-06
[train] step=4473 loss=0.013524 lr=9.951e-06
[train] step=4474 loss=0.008923 lr=9.951e-06
[train] step=4475 loss=0.009770 lr=9.951e-06
[train] step=4476 loss=0.018135 lr=9.951e-06
[train] step=4477 loss=0.007799 lr=9.951e-06
[train] step=4478 loss=0.011199 lr=9.951e-06
[train] step=4479 loss=0.009385 lr=9.951e-06
[train] step=4480 loss=0.009013 lr=9.951e-06
[train] step=4481 loss=0.007953 lr=9.951e-06
[train] step=4482 loss=0.011272 lr=9.951e-06
[train] step=4483 loss=0.008868 lr=9.951e-06
[train] step=4484 loss=0.010330 lr=9.951e-06
[train] step=4485 loss=0.013057 lr=9.951e-06
[train] step=4486 loss=0.012039 lr=9.950e-06
[train] step=4487 loss=0.026902 lr=9.950e-06
[train] step=4488 loss=0.012189 lr=9.950e-06
[train] step=4489 loss=0.007902 lr=9.950e-06
[train] step=4490 loss=0.008219 lr=9.950e-06
[train] step=4491 loss=0.008595 lr=9.950e-06
[train] step=4492 loss=0.010574 lr=9.950e-06
[train] step=4493 loss=0.015792 lr=9.950e-06
[train] step=4494 loss=0.012445 lr=9.950e-06
[train] step=4495 loss=0.008361 lr=9.950e-06
[train] step=4496 loss=0.010742 lr=9.950e-06
[train] step=4497 loss=0.013957 lr=9.950e-06
[train] step=4498 loss=0.010015 lr=9.950e-06
[train] step=4499 loss=0.008013 lr=9.950e-06
[train] step=4500 loss=0.006529 lr=9.950e-06
INFO     [rank 0] Model weights for step 4500 saved in       dit_trainer.py:1085
         checkpoints/model_weights_step_04500.safetensors                       
INFO     [rank 0] Scalar embedding weights for step 4500     dit_trainer.py:1092
         saved                                                                  
INFO     [rank 0] Training state saved:                      dit_trainer.py:1123
         checkpoints/model_weights_step_04500.state.pt                          
DEBUG    [rank 0] Removed old checkpoint:                    dit_trainer.py:1136
         /local/disk/hramachandran/work/wh_work/windinet/dit                    
         _throughput_sweep_bs4/checkpoints/model_weights_ste                    
         p_04000.safetensors                                                    
DEBUG    [rank 0] Removed old checkpoint:                    dit_trainer.py:1136
         /local/disk/hramachandran/work/wh_work/windinet/dit                    
         _throughput_sweep_bs4/checkpoints/model_weights_ste                    
         p_04000.state.pt                                                       
DEBUG    [rank 0] Removed old checkpoint:                    dit_trainer.py:1136
         /local/disk/hramachandran/work/wh_work/windinet/dit                    
         _throughput_sweep_bs4/checkpoints/scalar_embedding_                    
         step_04000.safetensors                                                 
[epoch 9] step=4500 train_loss=0.015071
[train] step=4501 loss=0.007437 lr=9.950e-06
[train] step=4502 loss=0.009115 lr=9.950e-06
[train] step=4503 loss=0.007753 lr=9.950e-06
[train] step=4504 loss=0.023873 lr=9.950e-06
[train] step=4505 loss=0.019473 lr=9.950e-06
[train] step=4506 loss=0.007094 lr=9.950e-06
[train] step=4507 loss=0.012376 lr=9.950e-06
[train] step=4508 loss=0.012867 lr=9.950e-06
[train] step=4509 loss=0.065790 lr=9.950e-06
[train] step=4510 loss=0.029610 lr=9.950e-06
[train] step=4511 loss=0.006903 lr=9.950e-06
[train] step=4512 loss=0.012902 lr=9.950e-06
[train] step=4513 loss=0.006247 lr=9.950e-06
[train] step=4514 loss=0.014001 lr=9.950e-06
[train] step=4515 loss=0.007964 lr=9.950e-06
[train] step=4516 loss=0.010709 lr=9.950e-06
[train] step=4517 loss=0.030722 lr=9.950e-06
[train] step=4518 loss=0.015449 lr=9.950e-06
[train] step=4519 loss=0.014783 lr=9.950e-06
[train] step=4520 loss=0.015270 lr=9.950e-06
[train] step=4521 loss=0.010501 lr=9.950e-06
[train] step=4522 loss=0.013494 lr=9.950e-06
[train] step=4523 loss=0.009577 lr=9.950e-06
[train] step=4524 loss=0.006425 lr=9.950e-06
[train] step=4525 loss=0.016125 lr=9.950e-06
[train] step=4526 loss=0.008182 lr=9.950e-06
[train] step=4527 loss=0.015087 lr=9.950e-06
[train] step=4528 loss=0.007592 lr=9.950e-06
[train] step=4529 loss=0.009887 lr=9.950e-06
[train] step=4530 loss=0.017303 lr=9.950e-06
[train] step=4531 loss=0.008241 lr=9.950e-06
[train] step=4532 loss=0.006564 lr=9.949e-06
[train] step=4533 loss=0.007944 lr=9.949e-06
[train] step=4534 loss=0.013358 lr=9.949e-06
[train] step=4535 loss=0.086730 lr=9.949e-06
[train] step=4536 loss=0.020223 lr=9.949e-06
[train] step=4537 loss=0.005477 lr=9.949e-06
[train] step=4538 loss=0.007589 lr=9.949e-06
[train] step=4539 loss=0.007301 lr=9.949e-06
[train] step=4540 loss=0.010399 lr=9.949e-06
[train] step=4541 loss=0.086120 lr=9.949e-06
[train] step=4542 loss=0.012222 lr=9.949e-06
[train] step=4543 loss=0.008048 lr=9.949e-06
[train] step=4544 loss=0.011873 lr=9.949e-06
[train] step=4545 loss=0.009787 lr=9.949e-06
[train] step=4546 loss=0.014657 lr=9.949e-06
[train] step=4547 loss=0.013711 lr=9.949e-06
[train] step=4548 loss=0.024009 lr=9.949e-06
[train] step=4549 loss=0.031240 lr=9.949e-06
[train] step=4550 loss=0.006962 lr=9.949e-06
[train] step=4551 loss=0.010432 lr=9.949e-06
[train] step=4552 loss=0.009525 lr=9.949e-06
[train] step=4553 loss=0.009787 lr=9.949e-06
[train] step=4554 loss=0.019116 lr=9.949e-06
[train] step=4555 loss=0.008266 lr=9.949e-06
[train] step=4556 loss=0.007201 lr=9.949e-06
[train] step=4557 loss=0.049067 lr=9.949e-06
[train] step=4558 loss=0.008598 lr=9.949e-06
[train] step=4559 loss=0.008298 lr=9.949e-06
[train] step=4560 loss=0.008357 lr=9.949e-06
[train] step=4561 loss=0.009040 lr=9.949e-06
[train] step=4562 loss=0.006076 lr=9.949e-06
[train] step=4563 loss=0.012708 lr=9.949e-06
[train] step=4564 loss=0.037931 lr=9.949e-06
[train] step=4565 loss=0.008305 lr=9.949e-06
[train] step=4566 loss=0.008324 lr=9.949e-06
[train] step=4567 loss=0.012174 lr=9.949e-06
[train] step=4568 loss=0.020626 lr=9.949e-06
[train] step=4569 loss=0.021811 lr=9.949e-06
[train] step=4570 loss=0.006579 lr=9.949e-06
[train] step=4571 loss=0.007333 lr=9.949e-06
[train] step=4572 loss=0.008724 lr=9.949e-06
[train] step=4573 loss=0.008119 lr=9.949e-06
[train] step=4574 loss=0.010299 lr=9.949e-06
[train] step=4575 loss=0.052061 lr=9.949e-06
[train] step=4576 loss=0.009346 lr=9.948e-06
[train] step=4577 loss=0.016645 lr=9.948e-06
[train] step=4578 loss=0.007048 lr=9.948e-06
[train] step=4579 loss=0.009819 lr=9.948e-06
[train] step=4580 loss=0.007359 lr=9.948e-06
[train] step=4581 loss=0.021485 lr=9.948e-06
[train] step=4582 loss=0.011730 lr=9.948e-06
[train] step=4583 loss=0.009561 lr=9.948e-06
[train] step=4584 loss=0.012027 lr=9.948e-06
[train] step=4585 loss=0.009569 lr=9.948e-06
[train] step=4586 loss=0.008915 lr=9.948e-06
[train] step=4587 loss=0.010016 lr=9.948e-06
[train] step=4588 loss=0.007860 lr=9.948e-06
[train] step=4589 loss=0.056008 lr=9.948e-06
[train] step=4590 loss=0.036484 lr=9.948e-06
[train] step=4591 loss=0.008197 lr=9.948e-06
[train] step=4592 loss=0.013370 lr=9.948e-06
[train] step=4593 loss=0.011900 lr=9.948e-06
[train] step=4594 loss=0.010175 lr=9.948e-06
[train] step=4595 loss=0.012406 lr=9.948e-06
[train] step=4596 loss=0.025312 lr=9.948e-06
[train] step=4597 loss=0.012246 lr=9.948e-06
[train] step=4598 loss=0.014648 lr=9.948e-06
[train] step=4599 loss=0.008186 lr=9.948e-06
[train] step=4600 loss=0.009559 lr=9.948e-06
[train] step=4601 loss=0.010632 lr=9.948e-06
[train] step=4602 loss=0.008951 lr=9.948e-06
[train] step=4603 loss=0.008784 lr=9.948e-06
[train] step=4604 loss=0.017385 lr=9.948e-06
[train] step=4605 loss=0.008402 lr=9.948e-06
[train] step=4606 loss=0.006240 lr=9.948e-06
[train] step=4607 loss=0.024008 lr=9.948e-06
[train] step=4608 loss=0.009514 lr=9.948e-06
[train] step=4609 loss=0.039567 lr=9.948e-06
[train] step=4610 loss=0.007503 lr=9.948e-06
[train] step=4611 loss=0.018037 lr=9.948e-06
[train] step=4612 loss=0.017298 lr=9.948e-06
[train] step=4613 loss=0.007310 lr=9.948e-06
[train] step=4614 loss=0.009054 lr=9.948e-06
[train] step=4615 loss=0.009651 lr=9.948e-06
[train] step=4616 loss=0.006864 lr=9.948e-06
[train] step=4617 loss=0.020120 lr=9.948e-06
[train] step=4618 loss=0.010231 lr=9.948e-06
[train] step=4619 loss=0.040294 lr=9.948e-06
[train] step=4620 loss=0.014568 lr=9.948e-06
[train] step=4621 loss=0.007515 lr=9.947e-06
[train] step=4622 loss=0.009446 lr=9.947e-06
[train] step=4623 loss=0.008276 lr=9.947e-06
[train] step=4624 loss=0.007110 lr=9.947e-06
[train] step=4625 loss=0.029438 lr=9.947e-06
[train] step=4626 loss=0.014528 lr=9.947e-06
[train] step=4627 loss=0.007961 lr=9.947e-06
[train] step=4628 loss=0.010156 lr=9.947e-06
[train] step=4629 loss=0.015520 lr=9.947e-06
[train] step=4630 loss=0.009932 lr=9.947e-06
[train] step=4631 loss=0.019105 lr=9.947e-06
[train] step=4632 loss=0.007795 lr=9.947e-06
[train] step=4633 loss=0.019168 lr=9.947e-06
[train] step=4634 loss=0.007968 lr=9.947e-06
[train] step=4635 loss=0.070006 lr=9.947e-06
[train] step=4636 loss=0.016469 lr=9.947e-06
[train] step=4637 loss=0.010188 lr=9.947e-06
[train] step=4638 loss=0.009572 lr=9.947e-06
[train] step=4639 loss=0.011450 lr=9.947e-06
[train] step=4640 loss=0.150714 lr=9.947e-06
[train] step=4641 loss=0.012597 lr=9.947e-06
[train] step=4642 loss=0.019250 lr=9.947e-06
[train] step=4643 loss=0.007782 lr=9.947e-06
[train] step=4644 loss=0.008036 lr=9.947e-06
[train] step=4645 loss=0.013517 lr=9.947e-06
[train] step=4646 loss=0.013739 lr=9.947e-06
[train] step=4647 loss=0.039125 lr=9.947e-06
[train] step=4648 loss=0.013761 lr=9.947e-06
[train] step=4649 loss=0.042406 lr=9.947e-06
[train] step=4650 loss=0.006576 lr=9.947e-06
[train] step=4651 loss=0.012439 lr=9.947e-06
[train] step=4652 loss=0.009224 lr=9.947e-06
[train] step=4653 loss=0.009230 lr=9.947e-06
[train] step=4654 loss=0.026339 lr=9.947e-06
[train] step=4655 loss=0.009397 lr=9.947e-06
[train] step=4656 loss=0.011452 lr=9.947e-06
[train] step=4657 loss=0.015107 lr=9.947e-06
[train] step=4658 loss=0.039631 lr=9.947e-06
[train] step=4659 loss=0.012816 lr=9.947e-06
[train] step=4660 loss=0.016350 lr=9.947e-06
[train] step=4661 loss=0.032088 lr=9.947e-06
[train] step=4662 loss=0.024945 lr=9.947e-06
[train] step=4663 loss=0.007018 lr=9.947e-06
[train] step=4664 loss=0.009939 lr=9.946e-06
[train] step=4665 loss=0.014869 lr=9.946e-06
[train] step=4666 loss=0.010179 lr=9.946e-06
[train] step=4667 loss=0.008649 lr=9.946e-06
[train] step=4668 loss=0.007413 lr=9.946e-06
[train] step=4669 loss=0.018436 lr=9.946e-06
[train] step=4670 loss=0.015869 lr=9.946e-06
[train] step=4671 loss=0.008918 lr=9.946e-06
[train] step=4672 loss=0.009102 lr=9.946e-06
[train] step=4673 loss=0.009538 lr=9.946e-06
[train] step=4674 loss=0.009709 lr=9.946e-06
[train] step=4675 loss=0.008426 lr=9.946e-06
[train] step=4676 loss=0.017741 lr=9.946e-06
[train] step=4677 loss=0.006714 lr=9.946e-06
[train] step=4678 loss=0.006356 lr=9.946e-06
[train] step=4679 loss=0.011967 lr=9.946e-06
[train] step=4680 loss=0.020190 lr=9.946e-06
[train] step=4681 loss=0.006746 lr=9.946e-06
[train] step=4682 loss=0.023106 lr=9.946e-06
[train] step=4683 loss=0.016571 lr=9.946e-06
[train] step=4684 loss=0.009057 lr=9.946e-06
[train] step=4685 loss=0.009884 lr=9.946e-06
[train] step=4686 loss=0.059461 lr=9.946e-06
[train] step=4687 loss=0.007807 lr=9.946e-06
[train] step=4688 loss=0.016856 lr=9.946e-06
[train] step=4689 loss=0.025003 lr=9.946e-06
[train] step=4690 loss=0.006990 lr=9.946e-06
[train] step=4691 loss=0.019551 lr=9.946e-06
[train] step=4692 loss=0.010280 lr=9.946e-06
[train] step=4693 loss=0.012700 lr=9.946e-06
[train] step=4694 loss=0.007699 lr=9.946e-06
[train] step=4695 loss=0.012995 lr=9.946e-06
[train] step=4696 loss=0.012663 lr=9.946e-06
[train] step=4697 loss=0.012307 lr=9.946e-06
[train] step=4698 loss=0.021184 lr=9.946e-06
[train] step=4699 loss=0.012007 lr=9.946e-06
[train] step=4700 loss=0.007288 lr=9.946e-06
[train] step=4701 loss=0.041822 lr=9.946e-06
[train] step=4702 loss=0.007309 lr=9.946e-06
[train] step=4703 loss=0.006641 lr=9.946e-06
[train] step=4704 loss=0.013436 lr=9.946e-06
[train] step=4705 loss=0.021778 lr=9.946e-06
[train] step=4706 loss=0.012335 lr=9.946e-06
[train] step=4707 loss=0.014104 lr=9.946e-06
[train] step=4708 loss=0.010790 lr=9.945e-06
[train] step=4709 loss=0.006865 lr=9.945e-06
[train] step=4710 loss=0.007801 lr=9.945e-06
[train] step=4711 loss=0.008415 lr=9.945e-06
[train] step=4712 loss=0.021311 lr=9.945e-06
[train] step=4713 loss=0.017902 lr=9.945e-06
[train] step=4714 loss=0.008189 lr=9.945e-06
[train] step=4715 loss=0.017694 lr=9.945e-06
[train] step=4716 loss=0.007356 lr=9.945e-06
[train] step=4717 loss=0.067476 lr=9.945e-06
[train] step=4718 loss=0.013544 lr=9.945e-06
[train] step=4719 loss=0.006695 lr=9.945e-06
[train] step=4720 loss=0.009939 lr=9.945e-06
[train] step=4721 loss=0.039120 lr=9.945e-06
[train] step=4722 loss=0.021389 lr=9.945e-06
[train] step=4723 loss=0.008881 lr=9.945e-06
[train] step=4724 loss=0.011342 lr=9.945e-06
[train] step=4725 loss=0.009507 lr=9.945e-06
[train] step=4726 loss=0.012653 lr=9.945e-06
[train] step=4727 loss=0.008064 lr=9.945e-06
[train] step=4728 loss=0.009865 lr=9.945e-06
[train] step=4729 loss=0.011734 lr=9.945e-06
[train] step=4730 loss=0.008739 lr=9.945e-06
[train] step=4731 loss=0.013067 lr=9.945e-06
[train] step=4732 loss=0.008178 lr=9.945e-06
[train] step=4733 loss=0.018140 lr=9.945e-06
[train] step=4734 loss=0.007526 lr=9.945e-06
[train] step=4735 loss=0.005899 lr=9.945e-06
[train] step=4736 loss=0.006958 lr=9.945e-06
[train] step=4737 loss=0.025972 lr=9.945e-06
[train] step=4738 loss=0.008405 lr=9.945e-06
[train] step=4739 loss=0.011836 lr=9.945e-06
[train] step=4740 loss=0.031620 lr=9.945e-06
[train] step=4741 loss=0.007707 lr=9.945e-06
[train] step=4742 loss=0.005401 lr=9.945e-06
[train] step=4743 loss=0.011246 lr=9.945e-06
[train] step=4744 loss=0.006364 lr=9.945e-06
[train] step=4745 loss=0.012647 lr=9.945e-06
[train] step=4746 loss=0.009235 lr=9.945e-06
[train] step=4747 loss=0.012422 lr=9.945e-06
[train] step=4748 loss=0.009734 lr=9.945e-06
[train] step=4749 loss=0.027842 lr=9.945e-06
[train] step=4750 loss=0.013957 lr=9.945e-06
[train] step=4751 loss=0.082119 lr=9.944e-06
[train] step=4752 loss=0.011400 lr=9.944e-06
[train] step=4753 loss=0.009558 lr=9.944e-06
[train] step=4754 loss=0.039335 lr=9.944e-06
[train] step=4755 loss=0.029310 lr=9.944e-06
[train] step=4756 loss=0.008266 lr=9.944e-06
[train] step=4757 loss=0.013839 lr=9.944e-06
[train] step=4758 loss=0.067408 lr=9.944e-06
[train] step=4759 loss=0.012262 lr=9.944e-06
[train] step=4760 loss=0.012531 lr=9.944e-06
[train] step=4761 loss=0.010307 lr=9.944e-06
[train] step=4762 loss=0.009375 lr=9.944e-06
[train] step=4763 loss=0.014080 lr=9.944e-06
[train] step=4764 loss=0.007897 lr=9.944e-06
[train] step=4765 loss=0.011063 lr=9.944e-06
[train] step=4766 loss=0.010860 lr=9.944e-06
[train] step=4767 loss=0.009925 lr=9.944e-06
[train] step=4768 loss=0.007312 lr=9.944e-06
[train] step=4769 loss=0.007350 lr=9.944e-06
[train] step=4770 loss=0.016400 lr=9.944e-06
[train] step=4771 loss=0.023061 lr=9.944e-06
[train] step=4772 loss=0.012504 lr=9.944e-06
[train] step=4773 loss=0.012512 lr=9.944e-06
[train] step=4774 loss=0.015091 lr=9.944e-06
[train] step=4775 loss=0.007601 lr=9.944e-06
[train] step=4776 loss=0.010529 lr=9.944e-06
[train] step=4777 loss=0.006850 lr=9.944e-06
[train] step=4778 loss=0.008713 lr=9.944e-06
[train] step=4779 loss=0.016115 lr=9.944e-06
[train] step=4780 loss=0.009866 lr=9.944e-06
[train] step=4781 loss=0.015108 lr=9.944e-06
[train] step=4782 loss=0.009073 lr=9.944e-06
[train] step=4783 loss=0.008126 lr=9.944e-06
[train] step=4784 loss=0.008899 lr=9.944e-06
[train] step=4785 loss=0.010374 lr=9.944e-06
[train] step=4786 loss=0.005456 lr=9.944e-06
[train] step=4787 loss=0.041243 lr=9.944e-06
[train] step=4788 loss=0.005999 lr=9.944e-06
[train] step=4789 loss=0.010851 lr=9.944e-06
[train] step=4790 loss=0.012016 lr=9.944e-06
[train] step=4791 loss=0.011988 lr=9.944e-06
[train] step=4792 loss=0.007593 lr=9.944e-06
[train] step=4793 loss=0.016884 lr=9.944e-06
[train] step=4794 loss=0.029993 lr=9.943e-06
[train] step=4795 loss=0.010390 lr=9.943e-06
[train] step=4796 loss=0.006706 lr=9.943e-06
[train] step=4797 loss=0.056060 lr=9.943e-06
[train] step=4798 loss=0.009279 lr=9.943e-06
[train] step=4799 loss=0.013439 lr=9.943e-06
[train] step=4800 loss=0.013343 lr=9.943e-06
[train] step=4801 loss=0.011867 lr=9.943e-06
[train] step=4802 loss=0.007055 lr=9.943e-06
[train] step=4803 loss=0.015804 lr=9.943e-06
[train] step=4804 loss=0.010829 lr=9.943e-06
[train] step=4805 loss=0.013495 lr=9.943e-06
[train] step=4806 loss=0.007860 lr=9.943e-06
[train] step=4807 loss=0.008772 lr=9.943e-06
[train] step=4808 loss=0.011464 lr=9.943e-06
[train] step=4809 loss=0.015572 lr=9.943e-06
[train] step=4810 loss=0.017669 lr=9.943e-06
[train] step=4811 loss=0.009348 lr=9.943e-06
[train] step=4812 loss=0.009190 lr=9.943e-06
[train] step=4813 loss=0.008552 lr=9.943e-06
[train] step=4814 loss=0.012882 lr=9.943e-06
[train] step=4815 loss=0.006304 lr=9.943e-06
[train] step=4816 loss=0.008335 lr=9.943e-06
[train] step=4817 loss=0.009729 lr=9.943e-06
[train] step=4818 loss=0.011185 lr=9.943e-06
[train] step=4819 loss=0.007466 lr=9.943e-06
[train] step=4820 loss=0.021116 lr=9.943e-06
[train] step=4821 loss=0.006674 lr=9.943e-06
[train] step=4822 loss=0.009884 lr=9.943e-06
[train] step=4823 loss=0.010969 lr=9.943e-06
[train] step=4824 loss=0.010983 lr=9.943e-06
[train] step=4825 loss=0.010623 lr=9.943e-06
[train] step=4826 loss=0.007852 lr=9.943e-06
[train] step=4827 loss=0.015699 lr=9.943e-06
[train] step=4828 loss=0.008029 lr=9.943e-06
[train] step=4829 loss=0.006083 lr=9.943e-06
[train] step=4830 loss=0.007477 lr=9.943e-06
[train] step=4831 loss=0.007418 lr=9.943e-06
[train] step=4832 loss=0.006402 lr=9.943e-06
[train] step=4833 loss=0.006884 lr=9.943e-06
[train] step=4834 loss=0.008584 lr=9.943e-06
[train] step=4835 loss=0.013551 lr=9.943e-06
[train] step=4836 loss=0.006346 lr=9.942e-06
[train] step=4837 loss=0.011601 lr=9.942e-06
[train] step=4838 loss=0.018289 lr=9.942e-06
[train] step=4839 loss=0.006842 lr=9.942e-06
[train] step=4840 loss=0.008562 lr=9.942e-06
[train] step=4841 loss=0.010952 lr=9.942e-06
[train] step=4842 loss=0.006008 lr=9.942e-06
[train] step=4843 loss=0.007170 lr=9.942e-06
[train] step=4844 loss=0.006029 lr=9.942e-06
[train] step=4845 loss=0.010139 lr=9.942e-06
[train] step=4846 loss=0.009593 lr=9.942e-06
[train] step=4847 loss=0.007578 lr=9.942e-06
[train] step=4848 loss=0.054065 lr=9.942e-06
[train] step=4849 loss=0.058921 lr=9.942e-06
[train] step=4850 loss=0.008933 lr=9.942e-06
[train] step=4851 loss=0.011495 lr=9.942e-06
[train] step=4852 loss=0.011261 lr=9.942e-06
[train] step=4853 loss=0.009322 lr=9.942e-06
[train] step=4854 loss=0.011241 lr=9.942e-06
[train] step=4855 loss=0.006496 lr=9.942e-06
[train] step=4856 loss=0.009334 lr=9.942e-06
[train] step=4857 loss=0.024105 lr=9.942e-06
[train] step=4858 loss=0.012138 lr=9.942e-06
[train] step=4859 loss=0.010053 lr=9.942e-06
[train] step=4860 loss=0.012212 lr=9.942e-06
[train] step=4861 loss=0.043667 lr=9.942e-06
[train] step=4862 loss=0.006480 lr=9.942e-06
[train] step=4863 loss=0.011039 lr=9.942e-06
[train] step=4864 loss=0.008678 lr=9.942e-06
[train] step=4865 loss=0.009971 lr=9.942e-06
[train] step=4866 loss=0.011879 lr=9.942e-06
[train] step=4867 loss=0.016367 lr=9.942e-06
[train] step=4868 loss=0.011778 lr=9.942e-06
[train] step=4869 loss=0.005676 lr=9.942e-06
[train] step=4870 loss=0.007863 lr=9.942e-06
[train] step=4871 loss=0.008194 lr=9.942e-06
[train] step=4872 loss=0.029619 lr=9.942e-06
[train] step=4873 loss=0.107341 lr=9.942e-06
[train] step=4874 loss=0.012534 lr=9.942e-06
[train] step=4875 loss=0.018064 lr=9.942e-06
[train] step=4876 loss=0.013633 lr=9.942e-06
[train] step=4877 loss=0.011544 lr=9.942e-06
[train] step=4878 loss=0.013349 lr=9.941e-06
[train] step=4879 loss=0.010241 lr=9.941e-06
[train] step=4880 loss=0.009451 lr=9.941e-06
[train] step=4881 loss=0.014208 lr=9.941e-06
[train] step=4882 loss=0.007797 lr=9.941e-06
[train] step=4883 loss=0.010409 lr=9.941e-06
[train] step=4884 loss=0.058121 lr=9.941e-06
[train] step=4885 loss=0.009654 lr=9.941e-06
[train] step=4886 loss=0.012914 lr=9.941e-06
[train] step=4887 loss=0.019507 lr=9.941e-06
[train] step=4888 loss=0.011017 lr=9.941e-06
[train] step=4889 loss=0.011420 lr=9.941e-06
[train] step=4890 loss=0.015241 lr=9.941e-06
[train] step=4891 loss=0.078892 lr=9.941e-06
[train] step=4892 loss=0.008879 lr=9.941e-06
[train] step=4893 loss=0.009785 lr=9.941e-06
[train] step=4894 loss=0.010030 lr=9.941e-06
[train] step=4895 loss=0.019606 lr=9.941e-06
[train] step=4896 loss=0.030246 lr=9.941e-06
[train] step=4897 loss=0.031157 lr=9.941e-06
[train] step=4898 loss=0.016138 lr=9.941e-06
[train] step=4899 loss=0.010199 lr=9.941e-06
[train] step=4900 loss=0.012075 lr=9.941e-06
[train] step=4901 loss=0.016538 lr=9.941e-06
[train] step=4902 loss=0.015877 lr=9.941e-06
[train] step=4903 loss=0.019794 lr=9.941e-06
[train] step=4904 loss=0.007514 lr=9.941e-06
[train] step=4905 loss=0.011082 lr=9.941e-06
[train] step=4906 loss=0.022752 lr=9.941e-06
[train] step=4907 loss=0.016455 lr=9.941e-06
[train] step=4908 loss=0.010000 lr=9.941e-06
[train] step=4909 loss=0.025863 lr=9.941e-06
[train] step=4910 loss=0.019390 lr=9.941e-06
[train] step=4911 loss=0.013057 lr=9.941e-06
[train] step=4912 loss=0.014638 lr=9.941e-06
[train] step=4913 loss=0.007753 lr=9.941e-06
[train] step=4914 loss=0.012567 lr=9.941e-06
[train] step=4915 loss=0.022847 lr=9.941e-06
[train] step=4916 loss=0.005781 lr=9.941e-06
[train] step=4917 loss=0.012982 lr=9.941e-06
[train] step=4918 loss=0.011047 lr=9.941e-06
[train] step=4919 loss=0.023550 lr=9.940e-06
[train] step=4920 loss=0.007083 lr=9.940e-06
[train] step=4921 loss=0.007866 lr=9.940e-06
[train] step=4922 loss=0.005847 lr=9.940e-06
[train] step=4923 loss=0.022757 lr=9.940e-06
[train] step=4924 loss=0.010863 lr=9.940e-06
[train] step=4925 loss=0.013804 lr=9.940e-06
[train] step=4926 loss=0.007816 lr=9.940e-06
[train] step=4927 loss=0.012312 lr=9.940e-06
[train] step=4928 loss=0.005888 lr=9.940e-06
[train] step=4929 loss=0.028158 lr=9.940e-06
[train] step=4930 loss=0.006109 lr=9.940e-06
[train] step=4931 loss=0.012760 lr=9.940e-06
[train] step=4932 loss=0.012790 lr=9.940e-06
[train] step=4933 loss=0.018073 lr=9.940e-06
[train] step=4934 loss=0.015904 lr=9.940e-06
[train] step=4935 loss=0.013490 lr=9.940e-06
[train] step=4936 loss=0.008748 lr=9.940e-06
[train] step=4937 loss=0.007116 lr=9.940e-06
[train] step=4938 loss=0.008502 lr=9.940e-06
[train] step=4939 loss=0.014487 lr=9.940e-06
[train] step=4940 loss=0.006427 lr=9.940e-06
[train] step=4941 loss=0.014025 lr=9.940e-06
[train] step=4942 loss=0.008397 lr=9.940e-06
[train] step=4943 loss=0.009817 lr=9.940e-06
[train] step=4944 loss=0.024781 lr=9.940e-06
[train] step=4945 loss=0.012881 lr=9.940e-06
[train] step=4946 loss=0.012400 lr=9.940e-06
[train] step=4947 loss=0.010622 lr=9.940e-06
[train] step=4948 loss=0.017543 lr=9.940e-06
[train] step=4949 loss=0.019799 lr=9.940e-06
[train] step=4950 loss=0.037216 lr=9.940e-06
[train] step=4951 loss=0.006201 lr=9.940e-06
[train] step=4952 loss=0.006564 lr=9.940e-06
[train] step=4953 loss=0.023097 lr=9.940e-06
[train] step=4954 loss=0.007753 lr=9.940e-06
[train] step=4955 loss=0.009535 lr=9.940e-06
[train] step=4956 loss=0.009457 lr=9.940e-06
[train] step=4957 loss=0.005418 lr=9.940e-06
[train] step=4958 loss=0.012690 lr=9.940e-06
[train] step=4959 loss=0.009159 lr=9.940e-06
[train] step=4960 loss=0.008147 lr=9.940e-06
[train] step=4961 loss=0.008159 lr=9.939e-06
[train] step=4962 loss=0.012339 lr=9.939e-06
[train] step=4963 loss=0.011017 lr=9.939e-06
[train] step=4964 loss=0.005785 lr=9.939e-06
[train] step=4965 loss=0.018775 lr=9.939e-06
[train] step=4966 loss=0.006777 lr=9.939e-06
[train] step=4967 loss=0.005199 lr=9.939e-06
[train] step=4968 loss=0.007586 lr=9.939e-06
[train] step=4969 loss=0.007868 lr=9.939e-06
[train] step=4970 loss=0.009325 lr=9.939e-06
[train] step=4971 loss=0.010071 lr=9.939e-06
[train] step=4972 loss=0.005592 lr=9.939e-06
[train] step=4973 loss=0.011749 lr=9.939e-06
[train] step=4974 loss=0.017023 lr=9.939e-06
[train] step=4975 loss=0.010018 lr=9.939e-06
[train] step=4976 loss=0.008558 lr=9.939e-06
[train] step=4977 loss=0.008247 lr=9.939e-06
[train] step=4978 loss=0.045368 lr=9.939e-06
[train] step=4979 loss=0.016792 lr=9.939e-06
[train] step=4980 loss=0.009726 lr=9.939e-06
[train] step=4981 loss=0.011966 lr=9.939e-06
[train] step=4982 loss=0.006618 lr=9.939e-06
[train] step=4983 loss=0.005996 lr=9.939e-06
[train] step=4984 loss=0.009017 lr=9.939e-06
[train] step=4985 loss=0.007688 lr=9.939e-06
[train] step=4986 loss=0.008911 lr=9.939e-06
[train] step=4987 loss=0.010155 lr=9.939e-06
[train] step=4988 loss=0.006882 lr=9.939e-06
[train] step=4989 loss=0.008866 lr=9.939e-06
[train] step=4990 loss=0.009078 lr=9.939e-06
[train] step=4991 loss=0.009376 lr=9.939e-06
[train] step=4992 loss=0.007609 lr=9.939e-06
[train] step=4993 loss=0.007632 lr=9.939e-06
[train] step=4994 loss=0.005515 lr=9.939e-06
[train] step=4995 loss=0.006248 lr=9.939e-06
[train] step=4996 loss=0.008118 lr=9.939e-06
[train] step=4997 loss=0.007524 lr=9.939e-06
[train] step=4998 loss=0.017156 lr=9.939e-06
[train] step=4999 loss=0.005705 lr=9.939e-06
[train] step=5000 loss=0.011305 lr=9.939e-06
INFO     [rank 0] Model weights for step 5000 saved in       dit_trainer.py:1085
         checkpoints/model_weights_step_05000.safetensors                       
INFO     [rank 0] Scalar embedding weights for step 5000     dit_trainer.py:1092
         saved                                                                  
INFO     [rank 0] Training state saved:                      dit_trainer.py:1123
         checkpoints/model_weights_step_05000.state.pt                          
DEBUG    [rank 0] Removed old checkpoint:                    dit_trainer.py:1136
         /local/disk/hramachandran/work/wh_work/windinet/dit                    
         _throughput_sweep_bs4/checkpoints/model_weights_ste                    
         p_04500.safetensors                                                    
DEBUG    [rank 0] Removed old checkpoint:                    dit_trainer.py:1136
         /local/disk/hramachandran/work/wh_work/windinet/dit                    
         _throughput_sweep_bs4/checkpoints/model_weights_ste                    
         p_04500.state.pt                                                       
DEBUG    [rank 0] Removed old checkpoint:                    dit_trainer.py:1136
         /local/disk/hramachandran/work/wh_work/windinet/dit                    
         _throughput_sweep_bs4/checkpoints/scalar_embedding_                    
         step_04500.safetensors                                                 
[epoch 10] step=5000 train_loss=0.014843
[train] step=5001 loss=0.006499 lr=9.939e-06
[train] step=5002 loss=0.006366 lr=9.938e-06
[train] step=5003 loss=0.008226 lr=9.938e-06
[train] step=5004 loss=0.012990 lr=9.938e-06
[train] step=5005 loss=0.004634 lr=9.938e-06
[train] step=5006 loss=0.006156 lr=9.938e-06
[train] step=5007 loss=0.014017 lr=9.938e-06
[train] step=5008 loss=0.007915 lr=9.938e-06
[train] step=5009 loss=0.006822 lr=9.938e-06
[train] step=5010 loss=0.006960 lr=9.938e-06
[train] step=5011 loss=0.007198 lr=9.938e-06
[train] step=5012 loss=0.006920 lr=9.938e-06
[train] step=5013 loss=0.008645 lr=9.938e-06
[train] step=5014 loss=0.014006 lr=9.938e-06
[train] step=5015 loss=0.004373 lr=9.938e-06
[train] step=5016 loss=0.007911 lr=9.938e-06
[train] step=5017 loss=0.008100 lr=9.938e-06
[train] step=5018 loss=0.005487 lr=9.938e-06
[train] step=5019 loss=0.012049 lr=9.938e-06
[train] step=5020 loss=0.005902 lr=9.938e-06
[train] step=5021 loss=0.005881 lr=9.938e-06
[train] step=5022 loss=0.010231 lr=9.938e-06
[train] step=5023 loss=0.007620 lr=9.938e-06
[train] step=5024 loss=0.017648 lr=9.938e-06
[train] step=5025 loss=0.009810 lr=9.938e-06
[train] step=5026 loss=0.029192 lr=9.938e-06
[train] step=5027 loss=0.014581 lr=9.938e-06
[train] step=5028 loss=0.005077 lr=9.938e-06
[train] step=5029 loss=0.006790 lr=9.938e-06
[train] step=5030 loss=0.012259 lr=9.938e-06
[train] step=5031 loss=0.060807 lr=9.938e-06
[train] step=5032 loss=0.005383 lr=9.938e-06
[train] step=5033 loss=0.007533 lr=9.938e-06
[train] step=5034 loss=0.010940 lr=9.938e-06
[train] step=5035 loss=0.010407 lr=9.938e-06
[train] step=5036 loss=0.014035 lr=9.938e-06
[train] step=5037 loss=0.013350 lr=9.938e-06
[train] step=5038 loss=0.009696 lr=9.938e-06
[train] step=5039 loss=0.091258 lr=9.938e-06
[train] step=5040 loss=0.013906 lr=9.938e-06
[train] step=5041 loss=0.014156 lr=9.938e-06
[train] step=5042 loss=0.019461 lr=9.937e-06
[train] step=5043 loss=0.006465 lr=9.937e-06
[train] step=5044 loss=0.017941 lr=9.937e-06
[train] step=5045 loss=0.009954 lr=9.937e-06
[train] step=5046 loss=0.007382 lr=9.937e-06
[train] step=5047 loss=0.029283 lr=9.937e-06
[train] step=5048 loss=0.034631 lr=9.937e-06
[train] step=5049 loss=0.038998 lr=9.937e-06
[train] step=5050 loss=0.009139 lr=9.937e-06
[train] step=5051 loss=0.046011 lr=9.937e-06
[train] step=5052 loss=0.017937 lr=9.937e-06
[train] step=5053 loss=0.011373 lr=9.937e-06
[train] step=5054 loss=0.011179 lr=9.937e-06
[train] step=5055 loss=0.011664 lr=9.937e-06
[train] step=5056 loss=0.042707 lr=9.937e-06
[train] step=5057 loss=0.012304 lr=9.937e-06
[train] step=5058 loss=0.011108 lr=9.937e-06
[train] step=5059 loss=0.023830 lr=9.937e-06
[train] step=5060 loss=0.021278 lr=9.937e-06
[train] step=5061 loss=0.010199 lr=9.937e-06
[train] step=5062 loss=0.017231 lr=9.937e-06
[train] step=5063 loss=0.013007 lr=9.937e-06
[train] step=5064 loss=0.008457 lr=9.937e-06
[train] step=5065 loss=0.006789 lr=9.937e-06
[train] step=5066 loss=0.008858 lr=9.937e-06
[train] step=5067 loss=0.029973 lr=9.937e-06
[train] step=5068 loss=0.016648 lr=9.937e-06
[train] step=5069 loss=0.010063 lr=9.937e-06
[train] step=5070 loss=0.014653 lr=9.937e-06
[train] step=5071 loss=0.006792 lr=9.937e-06
[train] step=5072 loss=0.017340 lr=9.937e-06
[train] step=5073 loss=0.030417 lr=9.937e-06
[train] step=5074 loss=0.009199 lr=9.937e-06
[train] step=5075 loss=0.005707 lr=9.937e-06
[train] step=5076 loss=0.007137 lr=9.937e-06
[train] step=5077 loss=0.007880 lr=9.937e-06
[train] step=5078 loss=0.008104 lr=9.937e-06
[train] step=5079 loss=0.009379 lr=9.937e-06
[train] step=5080 loss=0.014645 lr=9.937e-06
[train] step=5081 loss=0.035513 lr=9.937e-06
[train] step=5082 loss=0.012780 lr=9.936e-06
[train] step=5083 loss=0.007961 lr=9.936e-06
[train] step=5084 loss=0.009199 lr=9.936e-06
[train] step=5085 loss=0.013081 lr=9.936e-06
[train] step=5086 loss=0.008384 lr=9.936e-06
[train] step=5087 loss=0.016002 lr=9.936e-06
[train] step=5088 loss=0.007489 lr=9.936e-06
[train] step=5089 loss=0.009322 lr=9.936e-06
[train] step=5090 loss=0.013082 lr=9.936e-06
[train] step=5091 loss=0.019026 lr=9.936e-06
[train] step=5092 loss=0.006352 lr=9.936e-06
[train] step=5093 loss=0.008333 lr=9.936e-06
[train] step=5094 loss=0.009154 lr=9.936e-06
[train] step=5095 loss=0.009347 lr=9.936e-06
[train] step=5096 loss=0.007041 lr=9.936e-06
[train] step=5097 loss=0.022778 lr=9.936e-06
[train] step=5098 loss=0.015770 lr=9.936e-06
[train] step=5099 loss=0.008012 lr=9.936e-06
[train] step=5100 loss=0.007991 lr=9.936e-06
[train] step=5101 loss=0.010974 lr=9.936e-06
[train] step=5102 loss=0.012931 lr=9.936e-06
[train] step=5103 loss=0.013139 lr=9.936e-06
[train] step=5104 loss=0.015219 lr=9.936e-06
[train] step=5105 loss=0.006180 lr=9.936e-06
[train] step=5106 loss=0.008769 lr=9.936e-06
[train] step=5107 loss=0.011211 lr=9.936e-06
[train] step=5108 loss=0.006343 lr=9.936e-06
[train] step=5109 loss=0.009955 lr=9.936e-06
[train] step=5110 loss=0.009651 lr=9.936e-06
[train] step=5111 loss=0.015510 lr=9.936e-06
[train] step=5112 loss=0.032813 lr=9.936e-06
[train] step=5113 loss=0.016440 lr=9.936e-06
[train] step=5114 loss=0.007003 lr=9.936e-06
[train] step=5115 loss=0.008178 lr=9.936e-06
[train] step=5116 loss=0.011859 lr=9.936e-06
[train] step=5117 loss=0.029633 lr=9.936e-06
[train] step=5118 loss=0.009819 lr=9.936e-06
[train] step=5119 loss=0.011095 lr=9.936e-06
[train] step=5120 loss=0.011832 lr=9.936e-06
[train] step=5121 loss=0.007811 lr=9.936e-06
[train] step=5122 loss=0.012742 lr=9.935e-06
[train] step=5123 loss=0.012679 lr=9.935e-06
[train] step=5124 loss=0.009620 lr=9.935e-06
[train] step=5125 loss=0.010425 lr=9.935e-06
[train] step=5126 loss=0.026754 lr=9.935e-06
[train] step=5127 loss=0.021579 lr=9.935e-06
[train] step=5128 loss=0.019385 lr=9.935e-06
[train] step=5129 loss=0.008696 lr=9.935e-06
[train] step=5130 loss=0.007491 lr=9.935e-06
[train] step=5131 loss=0.014386 lr=9.935e-06
[train] step=5132 loss=0.019820 lr=9.935e-06
[train] step=5133 loss=0.013456 lr=9.935e-06
[train] step=5134 loss=0.009347 lr=9.935e-06
[train] step=5135 loss=0.010729 lr=9.935e-06
[train] step=5136 loss=0.010992 lr=9.935e-06
[train] step=5137 loss=0.051557 lr=9.935e-06
[train] step=5138 loss=0.008184 lr=9.935e-06
[train] step=5139 loss=0.016360 lr=9.935e-06
[train] step=5140 loss=0.008466 lr=9.935e-06
[train] step=5141 loss=0.092270 lr=9.935e-06
[train] step=5142 loss=0.026921 lr=9.935e-06
[train] step=5143 loss=0.047543 lr=9.935e-06
[train] step=5144 loss=0.007372 lr=9.935e-06
[train] step=5145 loss=0.012147 lr=9.935e-06
[train] step=5146 loss=0.007171 lr=9.935e-06
[train] step=5147 loss=0.012579 lr=9.935e-06
[train] step=5148 loss=0.026176 lr=9.935e-06
[train] step=5149 loss=0.015069 lr=9.935e-06
[train] step=5150 loss=0.007101 lr=9.935e-06
[train] step=5151 loss=0.008363 lr=9.935e-06
[train] step=5152 loss=0.017563 lr=9.935e-06
[train] step=5153 loss=0.012283 lr=9.935e-06
[train] step=5154 loss=0.012363 lr=9.935e-06
[train] step=5155 loss=0.010511 lr=9.935e-06
[train] step=5156 loss=0.013947 lr=9.935e-06
[train] step=5157 loss=0.010143 lr=9.935e-06
[train] step=5158 loss=0.019302 lr=9.935e-06
[train] step=5159 loss=0.006039 lr=9.935e-06
[train] step=5160 loss=0.109449 lr=9.935e-06
[train] step=5161 loss=0.008554 lr=9.935e-06
[train] step=5162 loss=0.007297 lr=9.934e-06
[train] step=5163 loss=0.020787 lr=9.934e-06
[train] step=5164 loss=0.017373 lr=9.934e-06
[train] step=5165 loss=0.009430 lr=9.934e-06
[train] step=5166 loss=0.011652 lr=9.934e-06
[train] step=5167 loss=0.017214 lr=9.934e-06
[train] step=5168 loss=0.008735 lr=9.934e-06
[train] step=5169 loss=0.010200 lr=9.934e-06
[train] step=5170 loss=0.034748 lr=9.934e-06
[train] step=5171 loss=0.028761 lr=9.934e-06
[train] step=5172 loss=0.009232 lr=9.934e-06
[train] step=5173 loss=0.007812 lr=9.934e-06
[train] step=5174 loss=0.011541 lr=9.934e-06
[train] step=5175 loss=0.007542 lr=9.934e-06
[train] step=5176 loss=0.016500 lr=9.934e-06
[train] step=5177 loss=0.007939 lr=9.934e-06
[train] step=5178 loss=0.009189 lr=9.934e-06
[train] step=5179 loss=0.008648 lr=9.934e-06
[train] step=5180 loss=0.019270 lr=9.934e-06
[train] step=5181 loss=0.007950 lr=9.934e-06
[train] step=5182 loss=0.007742 lr=9.934e-06
[train] step=5183 loss=0.011176 lr=9.934e-06
[train] step=5184 loss=0.010757 lr=9.934e-06
[train] step=5185 loss=0.023275 lr=9.934e-06
[train] step=5186 loss=0.126841 lr=9.934e-06
[train] step=5187 loss=0.015714 lr=9.934e-06
[train] step=5188 loss=0.015468 lr=9.934e-06
[train] step=5189 loss=0.018599 lr=9.934e-06
[train] step=5190 loss=0.074591 lr=9.934e-06
[train] step=5191 loss=0.007408 lr=9.934e-06
[train] step=5192 loss=0.016385 lr=9.934e-06
[train] step=5193 loss=0.022502 lr=9.934e-06
[train] step=5194 loss=0.008353 lr=9.934e-06
[train] step=5195 loss=0.029144 lr=9.934e-06
[train] step=5196 loss=0.019241 lr=9.934e-06
[train] step=5197 loss=0.019030 lr=9.934e-06
[train] step=5198 loss=0.010980 lr=9.934e-06
[train] step=5199 loss=0.009318 lr=9.934e-06
[train] step=5200 loss=0.007196 lr=9.934e-06
[train] step=5201 loss=0.009776 lr=9.933e-06
[train] step=5202 loss=0.061354 lr=9.933e-06
[train] step=5203 loss=0.022363 lr=9.933e-06
[train] step=5204 loss=0.011160 lr=9.933e-06
[train] step=5205 loss=0.015160 lr=9.933e-06
[train] step=5206 loss=0.011437 lr=9.933e-06
[train] step=5207 loss=0.009637 lr=9.933e-06
[train] step=5208 loss=0.030029 lr=9.933e-06
[train] step=5209 loss=0.010653 lr=9.933e-06
[train] step=5210 loss=0.006066 lr=9.933e-06
[train] step=5211 loss=0.070137 lr=9.933e-06
[train] step=5212 loss=0.017317 lr=9.933e-06
[train] step=5213 loss=0.015923 lr=9.933e-06
[train] step=5214 loss=0.013543 lr=9.933e-06
[train] step=5215 loss=0.009392 lr=9.933e-06
[train] step=5216 loss=0.012355 lr=9.933e-06
[train] step=5217 loss=0.012113 lr=9.933e-06
[train] step=5218 loss=0.017796 lr=9.933e-06
[train] step=5219 loss=0.005700 lr=9.933e-06
[train] step=5220 loss=0.019036 lr=9.933e-06
[train] step=5221 loss=0.009534 lr=9.933e-06
[train] step=5222 loss=0.019708 lr=9.933e-06
[train] step=5223 loss=0.009135 lr=9.933e-06
[train] step=5224 loss=0.008283 lr=9.933e-06
[train] step=5225 loss=0.008450 lr=9.933e-06
[train] step=5226 loss=0.006326 lr=9.933e-06
[train] step=5227 loss=0.008841 lr=9.933e-06
[train] step=5228 loss=0.013027 lr=9.933e-06
[train] step=5229 loss=0.010044 lr=9.933e-06
[train] step=5230 loss=0.009142 lr=9.933e-06
[train] step=5231 loss=0.010384 lr=9.933e-06
[train] step=5232 loss=0.005832 lr=9.933e-06
[train] step=5233 loss=0.007525 lr=9.933e-06
[train] step=5234 loss=0.007772 lr=9.933e-06
[train] step=5235 loss=0.008358 lr=9.933e-06
[train] step=5236 loss=0.010188 lr=9.933e-06
[train] step=5237 loss=0.008605 lr=9.933e-06
[train] step=5238 loss=0.011154 lr=9.933e-06
[train] step=5239 loss=0.006588 lr=9.933e-06
[train] step=5240 loss=0.005888 lr=9.932e-06
[train] step=5241 loss=0.006337 lr=9.932e-06
[train] step=5242 loss=0.008520 lr=9.932e-06
[train] step=5243 loss=0.005593 lr=9.932e-06
[train] step=5244 loss=0.032447 lr=9.932e-06
[train] step=5245 loss=0.009082 lr=9.932e-06
[train] step=5246 loss=0.042229 lr=9.932e-06
[train] step=5247 loss=0.010308 lr=9.932e-06
[train] step=5248 loss=0.005386 lr=9.932e-06
[train] step=5249 loss=0.006432 lr=9.932e-06
[train] step=5250 loss=0.007386 lr=9.932e-06
[train] step=5251 loss=0.015407 lr=9.932e-06
[train] step=5252 loss=0.006400 lr=9.932e-06
[train] step=5253 loss=0.008140 lr=9.932e-06
[train] step=5254 loss=0.006896 lr=9.932e-06
[train] step=5255 loss=0.009772 lr=9.932e-06
[train] step=5256 loss=0.009345 lr=9.932e-06
[train] step=5257 loss=0.030341 lr=9.932e-06
[train] step=5258 loss=0.006974 lr=9.932e-06
[train] step=5259 loss=0.012501 lr=9.932e-06
[train] step=5260 loss=0.006682 lr=9.932e-06
[train] step=5261 loss=0.005520 lr=9.932e-06
[train] step=5262 loss=0.009277 lr=9.932e-06
[train] step=5263 loss=0.008577 lr=9.932e-06
[train] step=5264 loss=0.009891 lr=9.932e-06
[train] step=5265 loss=0.005671 lr=9.932e-06
[train] step=5266 loss=0.032585 lr=9.932e-06
[train] step=5267 loss=0.015441 lr=9.932e-06
[train] step=5268 loss=0.011491 lr=9.932e-06
[train] step=5269 loss=0.009069 lr=9.932e-06
[train] step=5270 loss=0.007608 lr=9.932e-06
[train] step=5271 loss=0.028018 lr=9.932e-06
[train] step=5272 loss=0.011852 lr=9.932e-06
[train] step=5273 loss=0.011996 lr=9.932e-06
[train] step=5274 loss=0.008814 lr=9.932e-06
[train] step=5275 loss=0.009171 lr=9.932e-06
[train] step=5276 loss=0.010615 lr=9.932e-06
[train] step=5277 loss=0.010175 lr=9.932e-06
[train] step=5278 loss=0.019586 lr=9.932e-06
[train] step=5279 loss=0.006879 lr=9.931e-06
[train] step=5280 loss=0.008880 lr=9.931e-06
[train] step=5281 loss=0.005315 lr=9.931e-06
[train] step=5282 loss=0.009540 lr=9.931e-06
[train] step=5283 loss=0.008978 lr=9.931e-06
[train] step=5284 loss=0.007845 lr=9.931e-06
[train] step=5285 loss=0.022079 lr=9.931e-06
[train] step=5286 loss=0.010106 lr=9.931e-06
[train] step=5287 loss=0.010545 lr=9.931e-06
[train] step=5288 loss=0.011697 lr=9.931e-06
[train] step=5289 loss=0.010828 lr=9.931e-06
[train] step=5290 loss=0.007346 lr=9.931e-06
[train] step=5291 loss=0.006329 lr=9.931e-06
[train] step=5292 loss=0.008371 lr=9.931e-06
[train] step=5293 loss=0.008578 lr=9.931e-06
[train] step=5294 loss=0.007337 lr=9.931e-06
[train] step=5295 loss=0.013316 lr=9.931e-06
[train] step=5296 loss=0.012017 lr=9.931e-06
[train] step=5297 loss=0.008125 lr=9.931e-06
[train] step=5298 loss=0.007918 lr=9.931e-06
[train] step=5299 loss=0.006244 lr=9.931e-06
[train] step=5300 loss=0.009442 lr=9.931e-06
[train] step=5301 loss=0.008129 lr=9.931e-06
[train] step=5302 loss=0.008799 lr=9.931e-06
[train] step=5303 loss=0.008215 lr=9.931e-06
[train] step=5304 loss=0.007806 lr=9.931e-06
[train] step=5305 loss=0.012993 lr=9.931e-06
[train] step=5306 loss=0.012956 lr=9.931e-06
[train] step=5307 loss=0.140767 lr=9.931e-06
[train] step=5308 loss=0.013998 lr=9.931e-06
[train] step=5309 loss=0.006533 lr=9.931e-06
[train] step=5310 loss=0.005592 lr=9.931e-06
[train] step=5311 loss=0.006717 lr=9.931e-06
[train] step=5312 loss=0.015987 lr=9.931e-06
[train] step=5313 loss=0.032066 lr=9.931e-06
[train] step=5314 loss=0.007691 lr=9.931e-06
[train] step=5315 loss=0.010160 lr=9.931e-06
[train] step=5316 loss=0.012960 lr=9.931e-06
[train] step=5317 loss=0.006854 lr=9.931e-06
[train] step=5318 loss=0.008138 lr=9.930e-06
[train] step=5319 loss=0.008276 lr=9.930e-06
[train] step=5320 loss=0.014487 lr=9.930e-06
[train] step=5321 loss=0.010816 lr=9.930e-06
[train] step=5322 loss=0.007564 lr=9.930e-06
[train] step=5323 loss=0.008176 lr=9.930e-06
[train] step=5324 loss=0.092801 lr=9.930e-06
[train] step=5325 loss=0.109537 lr=9.930e-06
[train] step=5326 loss=0.013189 lr=9.930e-06
[train] step=5327 loss=0.014843 lr=9.930e-06
[train] step=5328 loss=0.028558 lr=9.930e-06
[train] step=5329 loss=0.026450 lr=9.930e-06
[train] step=5330 loss=0.013226 lr=9.930e-06
[train] step=5331 loss=0.015310 lr=9.930e-06
[train] step=5332 loss=0.012900 lr=9.930e-06
[train] step=5333 loss=0.021532 lr=9.930e-06
[train] step=5334 loss=0.008027 lr=9.930e-06
[train] step=5335 loss=0.014999 lr=9.930e-06
[train] step=5336 loss=0.007254 lr=9.930e-06
[train] step=5337 loss=0.029300 lr=9.930e-06
[train] step=5338 loss=0.014090 lr=9.930e-06
[train] step=5339 loss=0.006593 lr=9.930e-06
[train] step=5340 loss=0.008170 lr=9.930e-06
[train] step=5341 loss=0.024212 lr=9.930e-06
[train] step=5342 loss=0.009283 lr=9.930e-06
[train] step=5343 loss=0.007931 lr=9.930e-06
[train] step=5344 loss=0.008002 lr=9.930e-06
[train] step=5345 loss=0.022466 lr=9.930e-06
[train] step=5346 loss=0.005077 lr=9.930e-06
[train] step=5347 loss=0.005000 lr=9.930e-06
[train] step=5348 loss=0.010307 lr=9.930e-06
[train] step=5349 loss=0.012325 lr=9.930e-06
[train] step=5350 loss=0.008727 lr=9.930e-06
[train] step=5351 loss=0.007823 lr=9.930e-06
[train] step=5352 loss=0.009073 lr=9.930e-06
[train] step=5353 loss=0.008022 lr=9.930e-06
[train] step=5354 loss=0.008179 lr=9.930e-06
[train] step=5355 loss=0.019021 lr=9.930e-06
[train] step=5356 loss=0.008454 lr=9.929e-06
[train] step=5357 loss=0.008005 lr=9.929e-06
[train] step=5358 loss=0.019705 lr=9.929e-06
[train] step=5359 loss=0.032713 lr=9.929e-06
[train] step=5360 loss=0.005491 lr=9.929e-06
[train] step=5361 loss=0.005120 lr=9.929e-06
[train] step=5362 loss=0.009914 lr=9.929e-06
[train] step=5363 loss=0.007729 lr=9.929e-06
[train] step=5364 loss=0.010724 lr=9.929e-06
[train] step=5365 loss=0.005404 lr=9.929e-06
[train] step=5366 loss=0.008027 lr=9.929e-06
[train] step=5367 loss=0.013236 lr=9.929e-06
[train] step=5368 loss=0.006035 lr=9.929e-06
[train] step=5369 loss=0.011499 lr=9.929e-06
[train] step=5370 loss=0.009039 lr=9.929e-06
[train] step=5371 loss=0.007524 lr=9.929e-06
[train] step=5372 loss=0.007679 lr=9.929e-06
[train] step=5373 loss=0.012527 lr=9.929e-06
[train] step=5374 loss=0.006205 lr=9.929e-06
[train] step=5375 loss=0.007072 lr=9.929e-06
[train] step=5376 loss=0.005717 lr=9.929e-06
[train] step=5377 loss=0.009190 lr=9.929e-06
[train] step=5378 loss=0.010105 lr=9.929e-06
[train] step=5379 loss=0.005129 lr=9.929e-06
[train] step=5380 loss=0.009267 lr=9.929e-06
[train] step=5381 loss=0.008480 lr=9.929e-06
[train] step=5382 loss=0.012224 lr=9.929e-06
[train] step=5383 loss=0.006474 lr=9.929e-06
[train] step=5384 loss=0.005199 lr=9.929e-06
[train] step=5385 loss=0.006381 lr=9.929e-06
[train] step=5386 loss=0.008965 lr=9.929e-06
[train] step=5387 loss=0.009561 lr=9.929e-06
[train] step=5388 loss=0.005861 lr=9.929e-06
[train] step=5389 loss=0.007851 lr=9.929e-06
[train] step=5390 loss=0.005714 lr=9.929e-06
[train] step=5391 loss=0.016673 lr=9.929e-06
[train] step=5392 loss=0.008357 lr=9.929e-06
[train] step=5393 loss=0.016245 lr=9.929e-06
[train] step=5394 loss=0.010925 lr=9.928e-06
[train] step=5395 loss=0.025738 lr=9.928e-06
[train] step=5396 loss=0.006266 lr=9.928e-06
[train] step=5397 loss=0.022809 lr=9.928e-06
[train] step=5398 loss=0.004899 lr=9.928e-06
[train] step=5399 loss=0.005978 lr=9.928e-06
[train] step=5400 loss=0.007603 lr=9.928e-06
[train] step=5401 loss=0.011759 lr=9.928e-06
[train] step=5402 loss=0.007173 lr=9.928e-06
[train] step=5403 loss=0.009172 lr=9.928e-06
[train] step=5404 loss=0.005182 lr=9.928e-06
[train] step=5405 loss=0.007800 lr=9.928e-06
[train] step=5406 loss=0.006655 lr=9.928e-06
[train] step=5407 loss=0.005531 lr=9.928e-06
[train] step=5408 loss=0.008115 lr=9.928e-06
[train] step=5409 loss=0.016972 lr=9.928e-06
[train] step=5410 loss=0.008530 lr=9.928e-06
[train] step=5411 loss=0.012158 lr=9.928e-06
[train] step=5412 loss=0.007298 lr=9.928e-06
[train] step=5413 loss=0.017003 lr=9.928e-06
[train] step=5414 loss=0.004114 lr=9.928e-06
[train] step=5415 loss=0.005715 lr=9.928e-06
[train] step=5416 loss=0.022032 lr=9.928e-06
[train] step=5417 loss=0.009301 lr=9.928e-06
[train] step=5418 loss=0.014953 lr=9.928e-06
[train] step=5419 loss=0.005756 lr=9.928e-06
[train] step=5420 loss=0.008437 lr=9.928e-06
[train] step=5421 loss=0.010652 lr=9.928e-06
[train] step=5422 loss=0.006840 lr=9.928e-06
[train] step=5423 loss=0.014026 lr=9.928e-06
[train] step=5424 loss=0.009736 lr=9.928e-06
[train] step=5425 loss=0.007921 lr=9.928e-06
[train] step=5426 loss=0.031476 lr=9.928e-06
[train] step=5427 loss=0.004137 lr=9.928e-06
[train] step=5428 loss=0.005655 lr=9.928e-06
[train] step=5429 loss=0.007890 lr=9.928e-06
[train] step=5430 loss=0.026207 lr=9.928e-06
[train] step=5431 loss=0.010694 lr=9.927e-06
[train] step=5432 loss=0.011655 lr=9.927e-06
[train] step=5433 loss=0.007724 lr=9.927e-06
[train] step=5434 loss=0.008847 lr=9.927e-06
[train] step=5435 loss=0.005244 lr=9.927e-06
[train] step=5436 loss=0.008458 lr=9.927e-06
[train] step=5437 loss=0.008248 lr=9.927e-06
[train] step=5438 loss=0.005938 lr=9.927e-06
[train] step=5439 loss=0.007341 lr=9.927e-06
[train] step=5440 loss=0.013296 lr=9.927e-06
[train] step=5441 loss=0.007019 lr=9.927e-06
[train] step=5442 loss=0.021472 lr=9.927e-06
[train] step=5443 loss=0.007413 lr=9.927e-06
[train] step=5444 loss=0.022761 lr=9.927e-06
[train] step=5445 loss=0.006244 lr=9.927e-06
[train] step=5446 loss=0.007659 lr=9.927e-06
[train] step=5447 loss=0.014347 lr=9.927e-06
[train] step=5448 loss=0.005807 lr=9.927e-06
[train] step=5449 loss=0.019414 lr=9.927e-06
[train] step=5450 loss=0.010046 lr=9.927e-06
[train] step=5451 loss=0.008201 lr=9.927e-06
[train] step=5452 loss=0.004801 lr=9.927e-06
[train] step=5453 loss=0.014435 lr=9.927e-06
[train] step=5454 loss=0.007208 lr=9.927e-06
[train] step=5455 loss=0.011267 lr=9.927e-06
[train] step=5456 loss=0.022940 lr=9.927e-06
[train] step=5457 loss=0.021865 lr=9.927e-06
[train] step=5458 loss=0.020383 lr=9.927e-06
[train] step=5459 loss=0.005897 lr=9.927e-06
[train] step=5460 loss=0.006904 lr=9.927e-06
[train] step=5461 loss=0.007752 lr=9.927e-06
[train] step=5462 loss=0.013223 lr=9.927e-06
[train] step=5463 loss=0.007665 lr=9.927e-06
[train] step=5464 loss=0.013097 lr=9.927e-06
[train] step=5465 loss=0.006825 lr=9.927e-06
[train] step=5466 loss=0.012368 lr=9.927e-06
[train] step=5467 loss=0.007621 lr=9.927e-06
[train] step=5468 loss=0.006815 lr=9.927e-06
[train] step=5469 loss=0.008115 lr=9.926e-06
[train] step=5470 loss=0.007320 lr=9.926e-06
[train] step=5471 loss=0.008496 lr=9.926e-06
[train] step=5472 loss=0.012463 lr=9.926e-06
[train] step=5473 loss=0.005602 lr=9.926e-06
[train] step=5474 loss=0.006534 lr=9.926e-06
[train] step=5475 loss=0.008730 lr=9.926e-06
[train] step=5476 loss=0.011252 lr=9.926e-06
[train] step=5477 loss=0.009605 lr=9.926e-06
[train] step=5478 loss=0.010932 lr=9.926e-06
[train] step=5479 loss=0.006933 lr=9.926e-06
[train] step=5480 loss=0.009834 lr=9.926e-06
[train] step=5481 loss=0.006010 lr=9.926e-06
[train] step=5482 loss=0.016843 lr=9.926e-06
[train] step=5483 loss=0.011361 lr=9.926e-06
[train] step=5484 loss=0.004851 lr=9.926e-06
[train] step=5485 loss=0.006071 lr=9.926e-06
[train] step=5486 loss=0.008709 lr=9.926e-06
[train] step=5487 loss=0.005616 lr=9.926e-06
[train] step=5488 loss=0.008528 lr=9.926e-06
[train] step=5489 loss=0.007364 lr=9.926e-06
[train] step=5490 loss=0.011136 lr=9.926e-06
[train] step=5491 loss=0.007360 lr=9.926e-06
[train] step=5492 loss=0.010443 lr=9.926e-06
[train] step=5493 loss=0.008883 lr=9.926e-06
[train] step=5494 loss=0.006806 lr=9.926e-06
[train] step=5495 loss=0.015617 lr=9.926e-06
[train] step=5496 loss=0.009962 lr=9.926e-06
[train] step=5497 loss=0.005794 lr=9.926e-06
[train] step=5498 loss=0.004639 lr=9.926e-06
[train] step=5499 loss=0.010817 lr=9.926e-06
[train] step=5500 loss=0.008143 lr=9.926e-06
INFO     [rank 0] Model weights for step 5500 saved in       dit_trainer.py:1085
         checkpoints/model_weights_step_05500.safetensors                       
INFO     [rank 0] Scalar embedding weights for step 5500     dit_trainer.py:1092
         saved                                                                  
INFO     [rank 0] Training state saved:                      dit_trainer.py:1123
         checkpoints/model_weights_step_05500.state.pt                          
DEBUG    [rank 0] Removed old checkpoint:                    dit_trainer.py:1136
         /local/disk/hramachandran/work/wh_work/windinet/dit                    
         _throughput_sweep_bs4/checkpoints/model_weights_ste                    
         p_05000.safetensors                                                    
DEBUG    [rank 0] Removed old checkpoint:                    dit_trainer.py:1136
         /local/disk/hramachandran/work/wh_work/windinet/dit                    
         _throughput_sweep_bs4/checkpoints/model_weights_ste                    
         p_05000.state.pt                                                       
DEBUG    [rank 0] Removed old checkpoint:                    dit_trainer.py:1136
         /local/disk/hramachandran/work/wh_work/windinet/dit                    
         _throughput_sweep_bs4/checkpoints/scalar_embedding_                    
         step_05000.safetensors                                                 
[epoch 11] step=5500 train_loss=0.013717
[train] step=5501 loss=0.005502 lr=9.926e-06
[train] step=5502 loss=0.008456 lr=9.926e-06
[train] step=5503 loss=0.005028 lr=9.926e-06
[train] step=5504 loss=0.005320 lr=9.926e-06
[train] step=5505 loss=0.011185 lr=9.926e-06
[train] step=5506 loss=0.003908 lr=9.925e-06
[train] step=5507 loss=0.006911 lr=9.925e-06
[train] step=5508 loss=0.006851 lr=9.925e-06
[train] step=5509 loss=0.007670 lr=9.925e-06
[train] step=5510 loss=0.005240 lr=9.925e-06
[train] step=5511 loss=0.025505 lr=9.925e-06
[train] step=5512 loss=0.011626 lr=9.925e-06
[train] step=5513 loss=0.007282 lr=9.925e-06
[train] step=5514 loss=0.037009 lr=9.925e-06
[train] step=5515 loss=0.008693 lr=9.925e-06
[train] step=5516 loss=0.008958 lr=9.925e-06
[train] step=5517 loss=0.006082 lr=9.925e-06
[train] step=5518 loss=0.009260 lr=9.925e-06
[train] step=5519 loss=0.025079 lr=9.925e-06
[train] step=5520 loss=0.005797 lr=9.925e-06
[train] step=5521 loss=0.008928 lr=9.925e-06
[train] step=5522 loss=0.006445 lr=9.925e-06
[train] step=5523 loss=0.011608 lr=9.925e-06
[train] step=5524 loss=0.005981 lr=9.925e-06
[train] step=5525 loss=0.007220 lr=9.925e-06
[train] step=5526 loss=0.014011 lr=9.925e-06
[train] step=5527 loss=0.014060 lr=9.925e-06
[train] step=5528 loss=0.008249 lr=9.925e-06
[train] step=5529 loss=0.016807 lr=9.925e-06
[train] step=5530 loss=0.005321 lr=9.925e-06
[train] step=5531 loss=0.005590 lr=9.925e-06
[train] step=5532 loss=0.011191 lr=9.925e-06
[train] step=5533 loss=0.005535 lr=9.925e-06
[train] step=5534 loss=0.010594 lr=9.925e-06
[train] step=5535 loss=0.007260 lr=9.925e-06
[train] step=5536 loss=0.005546 lr=9.925e-06
[train] step=5537 loss=0.008671 lr=9.925e-06
[train] step=5538 loss=0.005298 lr=9.925e-06
[train] step=5539 loss=0.006727 lr=9.925e-06
[train] step=5540 loss=0.010320 lr=9.925e-06
[train] step=5541 loss=0.008889 lr=9.925e-06
[train] step=5542 loss=0.005987 lr=9.925e-06
[train] step=5543 loss=0.006602 lr=9.924e-06
[train] step=5544 loss=0.004451 lr=9.924e-06
[train] step=5545 loss=0.013240 lr=9.924e-06
[train] step=5546 loss=0.004553 lr=9.924e-06
[train] step=5547 loss=0.012454 lr=9.924e-06
[train] step=5548 loss=0.005297 lr=9.924e-06
[train] step=5549 loss=0.007605 lr=9.924e-06
[train] step=5550 loss=0.005608 lr=9.924e-06
[train] step=5551 loss=0.006693 lr=9.924e-06
[train] step=5552 loss=0.021947 lr=9.924e-06
[train] step=5553 loss=0.004852 lr=9.924e-06
[train] step=5554 loss=0.006462 lr=9.924e-06
[train] step=5555 loss=0.008899 lr=9.924e-06
[train] step=5556 loss=0.008998 lr=9.924e-06
[train] step=5557 loss=0.005296 lr=9.924e-06
[train] step=5558 loss=0.005733 lr=9.924e-06
[train] step=5559 loss=0.007670 lr=9.924e-06
[train] step=5560 loss=0.006202 lr=9.924e-06
[train] step=5561 loss=0.008650 lr=9.924e-06
[train] step=5562 loss=0.007556 lr=9.924e-06
[train] step=5563 loss=0.005963 lr=9.924e-06
[train] step=5564 loss=0.005372 lr=9.924e-06
[train] step=5565 loss=0.005315 lr=9.924e-06
[train] step=5566 loss=0.005849 lr=9.924e-06
[train] step=5567 loss=0.006163 lr=9.924e-06
[train] step=5568 loss=0.007076 lr=9.924e-06
[train] step=5569 loss=0.005820 lr=9.924e-06
[train] step=5570 loss=0.005023 lr=9.924e-06
[train] step=5571 loss=0.005476 lr=9.924e-06
[train] step=5572 loss=0.005807 lr=9.924e-06
[train] step=5573 loss=0.005765 lr=9.924e-06
[train] step=5574 loss=0.009502 lr=9.924e-06
[train] step=5575 loss=0.005484 lr=9.924e-06
[train] step=5576 loss=0.005264 lr=9.924e-06
[train] step=5577 loss=0.005965 lr=9.924e-06
[train] step=5578 loss=0.007569 lr=9.924e-06
[train] step=5579 loss=0.005971 lr=9.924e-06
[train] step=5580 loss=0.006400 lr=9.923e-06
[train] step=5581 loss=0.006950 lr=9.923e-06
[train] step=5582 loss=0.005548 lr=9.923e-06
[train] step=5583 loss=0.005663 lr=9.923e-06
[train] step=5584 loss=0.008796 lr=9.923e-06
[train] step=5585 loss=0.005275 lr=9.923e-06
[train] step=5586 loss=0.004352 lr=9.923e-06
[train] step=5587 loss=0.005222 lr=9.923e-06
[train] step=5588 loss=0.004120 lr=9.923e-06
[train] step=5589 loss=0.006316 lr=9.923e-06
[train] step=5590 loss=0.006479 lr=9.923e-06
[train] step=5591 loss=0.013496 lr=9.923e-06
[train] step=5592 loss=0.008980 lr=9.923e-06
[train] step=5593 loss=0.004538 lr=9.923e-06
[train] step=5594 loss=0.011352 lr=9.923e-06
[train] step=5595 loss=0.008181 lr=9.923e-06
[train] step=5596 loss=0.015872 lr=9.923e-06
[train] step=5597 loss=0.005512 lr=9.923e-06
[train] step=5598 loss=0.005474 lr=9.923e-06
[train] step=5599 loss=0.006907 lr=9.923e-06
[train] step=5600 loss=0.007526 lr=9.923e-06
[train] step=5601 loss=0.007359 lr=9.923e-06
[train] step=5602 loss=0.006821 lr=9.923e-06
[train] step=5603 loss=0.009350 lr=9.923e-06
[train] step=5604 loss=0.007297 lr=9.923e-06
[train] step=5605 loss=0.005154 lr=9.923e-06
[train] step=5606 loss=0.004912 lr=9.923e-06
[train] step=5607 loss=0.005414 lr=9.923e-06
[train] step=5608 loss=0.019362 lr=9.923e-06
[train] step=5609 loss=0.010350 lr=9.923e-06
[train] step=5610 loss=0.006492 lr=9.923e-06
[train] step=5611 loss=0.004495 lr=9.923e-06
[train] step=5612 loss=0.005387 lr=9.923e-06
[train] step=5613 loss=0.008611 lr=9.923e-06
[train] step=5614 loss=0.005972 lr=9.923e-06
[train] step=5615 loss=0.007357 lr=9.923e-06
[train] step=5616 loss=0.005746 lr=9.922e-06
[train] step=5617 loss=0.015305 lr=9.922e-06
[train] step=5618 loss=0.011521 lr=9.922e-06
[train] step=5619 loss=0.005956 lr=9.922e-06
[train] step=5620 loss=0.028683 lr=9.922e-06
[train] step=5621 loss=0.007540 lr=9.922e-06
[train] step=5622 loss=0.013007 lr=9.922e-06
[train] step=5623 loss=0.006001 lr=9.922e-06
[train] step=5624 loss=0.062088 lr=9.922e-06
[train] step=5625 loss=0.008818 lr=9.922e-06
[train] step=5626 loss=0.009012 lr=9.922e-06
[train] step=5627 loss=0.008281 lr=9.922e-06
[train] step=5628 loss=0.007026 lr=9.922e-06
[train] step=5629 loss=0.007234 lr=9.922e-06
[train] step=5630 loss=0.012119 lr=9.922e-06
[train] step=5631 loss=0.007158 lr=9.922e-06
[train] step=5632 loss=0.006966 lr=9.922e-06
[train] step=5633 loss=0.007896 lr=9.922e-06
[train] step=5634 loss=0.011891 lr=9.922e-06
[train] step=5635 loss=0.009920 lr=9.922e-06
[train] step=5636 loss=0.006916 lr=9.922e-06
[train] step=5637 loss=0.013030 lr=9.922e-06
[train] step=5638 loss=0.007701 lr=9.922e-06
[train] step=5639 loss=0.011131 lr=9.922e-06
[train] step=5640 loss=0.005890 lr=9.922e-06
[train] step=5641 loss=0.007749 lr=9.922e-06
[train] step=5642 loss=0.014911 lr=9.922e-06
[train] step=5643 loss=0.010230 lr=9.922e-06
[train] step=5644 loss=0.005335 lr=9.922e-06
[train] step=5645 loss=0.010950 lr=9.922e-06
[train] step=5646 loss=0.016274 lr=9.922e-06
[train] step=5647 loss=0.009853 lr=9.922e-06
[train] step=5648 loss=0.108440 lr=9.922e-06
[train] step=5649 loss=0.007413 lr=9.922e-06
[train] step=5650 loss=0.007223 lr=9.922e-06
[train] step=5651 loss=0.016554 lr=9.922e-06
[train] step=5652 loss=0.013945 lr=9.921e-06
[train] step=5653 loss=0.022197 lr=9.921e-06
[train] step=5654 loss=0.022724 lr=9.921e-06
[train] step=5655 loss=0.006868 lr=9.921e-06
[train] step=5656 loss=0.010538 lr=9.921e-06
[train] step=5657 loss=0.007615 lr=9.921e-06
[train] step=5658 loss=0.007150 lr=9.921e-06
[train] step=5659 loss=0.009527 lr=9.921e-06
[train] step=5660 loss=0.014798 lr=9.921e-06
[train] step=5661 loss=0.018226 lr=9.921e-06
[train] step=5662 loss=0.007356 lr=9.921e-06
[train] step=5663 loss=0.009172 lr=9.921e-06
[train] step=5664 loss=0.005368 lr=9.921e-06
[train] step=5665 loss=0.037094 lr=9.921e-06
[train] step=5666 loss=0.007881 lr=9.921e-06
[train] step=5667 loss=0.006496 lr=9.921e-06
[train] step=5668 loss=0.010877 lr=9.921e-06
[train] step=5669 loss=0.006873 lr=9.921e-06
[train] step=5670 loss=0.013277 lr=9.921e-06
[train] step=5671 loss=0.005742 lr=9.921e-06
[train] step=5672 loss=0.006186 lr=9.921e-06
[train] step=5673 loss=0.008329 lr=9.921e-06
[train] step=5674 loss=0.006158 lr=9.921e-06
[train] step=5675 loss=0.013078 lr=9.921e-06
[train] step=5676 loss=0.005493 lr=9.921e-06
[train] step=5677 loss=0.015755 lr=9.921e-06
[train] step=5678 loss=0.012486 lr=9.921e-06
[train] step=5679 loss=0.005049 lr=9.921e-06
[train] step=5680 loss=0.011184 lr=9.921e-06
[train] step=5681 loss=0.005856 lr=9.921e-06
[train] step=5682 loss=0.006455 lr=9.921e-06
[train] step=5683 loss=0.007063 lr=9.921e-06
[train] step=5684 loss=0.008130 lr=9.921e-06
[train] step=5685 loss=0.006997 lr=9.921e-06
[train] step=5686 loss=0.007021 lr=9.921e-06
[train] step=5687 loss=0.004824 lr=9.921e-06
[train] step=5688 loss=0.006769 lr=9.920e-06
[train] step=5689 loss=0.005096 lr=9.920e-06
[train] step=5690 loss=0.007554 lr=9.920e-06
[train] step=5691 loss=0.005112 lr=9.920e-06
[train] step=5692 loss=0.010749 lr=9.920e-06
[train] step=5693 loss=0.013081 lr=9.920e-06
[train] step=5694 loss=0.007767 lr=9.920e-06
[train] step=5695 loss=0.004930 lr=9.920e-06
[train] step=5696 loss=0.005666 lr=9.920e-06
[train] step=5697 loss=0.004666 lr=9.920e-06
[train] step=5698 loss=0.005604 lr=9.920e-06
[train] step=5699 loss=0.011039 lr=9.920e-06
[train] step=5700 loss=0.010942 lr=9.920e-06
[train] step=5701 loss=0.005935 lr=9.920e-06
[train] step=5702 loss=0.004581 lr=9.920e-06
[train] step=5703 loss=0.007057 lr=9.920e-06
[train] step=5704 loss=0.005722 lr=9.920e-06
[train] step=5705 loss=0.005477 lr=9.920e-06
[train] step=5706 loss=0.008152 lr=9.920e-06
[train] step=5707 loss=0.006023 lr=9.920e-06
[train] step=5708 loss=0.005489 lr=9.920e-06
[train] step=5709 loss=0.005500 lr=9.920e-06
[train] step=5710 loss=0.005935 lr=9.920e-06
[train] step=5711 loss=0.005046 lr=9.920e-06
[train] step=5712 loss=0.004429 lr=9.920e-06
[train] step=5713 loss=0.004017 lr=9.920e-06
[train] step=5714 loss=0.004636 lr=9.920e-06
[train] step=5715 loss=0.005390 lr=9.920e-06
[train] step=5716 loss=0.004623 lr=9.920e-06
[train] step=5717 loss=0.005348 lr=9.920e-06
[train] step=5718 loss=0.004676 lr=9.920e-06
[train] step=5719 loss=0.006917 lr=9.920e-06
[train] step=5720 loss=0.004250 lr=9.920e-06
[train] step=5721 loss=0.004454 lr=9.920e-06
[train] step=5722 loss=0.004071 lr=9.920e-06
[train] step=5723 loss=0.014020 lr=9.920e-06
[train] step=5724 loss=0.008287 lr=9.919e-06
[train] step=5725 loss=0.003610 lr=9.919e-06
[train] step=5726 loss=0.006402 lr=9.919e-06
[train] step=5727 loss=0.004232 lr=9.919e-06
[train] step=5728 loss=0.004416 lr=9.919e-06
[train] step=5729 loss=0.003817 lr=9.919e-06
[train] step=5730 loss=0.013151 lr=9.919e-06
[train] step=5731 loss=0.016020 lr=9.919e-06
[train] step=5732 loss=0.008888 lr=9.919e-06
[train] step=5733 loss=0.005049 lr=9.919e-06
[train] step=5734 loss=0.010512 lr=9.919e-06
[train] step=5735 loss=0.005484 lr=9.919e-06
[train] step=5736 loss=0.004641 lr=9.919e-06
[train] step=5737 loss=0.005837 lr=9.919e-06
[train] step=5738 loss=0.010436 lr=9.919e-06
[train] step=5739 loss=0.006704 lr=9.919e-06
[train] step=5740 loss=0.006030 lr=9.919e-06
[train] step=5741 loss=0.005422 lr=9.919e-06
[train] step=5742 loss=0.013372 lr=9.919e-06
[train] step=5743 loss=0.005636 lr=9.919e-06
[train] step=5744 loss=0.008433 lr=9.919e-06
[train] step=5745 loss=0.074461 lr=9.919e-06
[train] step=5746 loss=0.013824 lr=9.919e-06
[train] step=5747 loss=0.006296 lr=9.919e-06
[train] step=5748 loss=0.005744 lr=9.919e-06
[train] step=5749 loss=0.011541 lr=9.919e-06
[train] step=5750 loss=0.003771 lr=9.919e-06
[train] step=5751 loss=0.005773 lr=9.919e-06
[train] step=5752 loss=0.006009 lr=9.919e-06
[train] step=5753 loss=0.008107 lr=9.919e-06
[train] step=5754 loss=0.018658 lr=9.919e-06
[train] step=5755 loss=0.008701 lr=9.919e-06
[train] step=5756 loss=0.027149 lr=9.919e-06
[train] step=5757 loss=0.006437 lr=9.919e-06
[train] step=5758 loss=0.009793 lr=9.919e-06
[train] step=5759 loss=0.081610 lr=9.918e-06
[train] step=5760 loss=0.005117 lr=9.918e-06
[train] step=5761 loss=0.007567 lr=9.918e-06
[train] step=5762 loss=0.066560 lr=9.918e-06
[train] step=5763 loss=0.045966 lr=9.918e-06
[train] step=5764 loss=0.005230 lr=9.918e-06
[train] step=5765 loss=0.010744 lr=9.918e-06
[train] step=5766 loss=0.020001 lr=9.918e-06
[train] step=5767 loss=0.007760 lr=9.918e-06
[train] step=5768 loss=0.004964 lr=9.918e-06
[train] step=5769 loss=0.035868 lr=9.918e-06
[train] step=5770 loss=0.006741 lr=9.918e-06
[train] step=5771 loss=0.016356 lr=9.918e-06
[train] step=5772 loss=0.011345 lr=9.918e-06
[train] step=5773 loss=0.007358 lr=9.918e-06
[train] step=5774 loss=0.008962 lr=9.918e-06
[train] step=5775 loss=0.023620 lr=9.918e-06
[train] step=5776 loss=0.009471 lr=9.918e-06
[train] step=5777 loss=0.005963 lr=9.918e-06
[train] step=5778 loss=0.072512 lr=9.918e-06
[train] step=5779 loss=0.008099 lr=9.918e-06
[train] step=5780 loss=0.012074 lr=9.918e-06
[train] step=5781 loss=0.011793 lr=9.918e-06
[train] step=5782 loss=0.008701 lr=9.918e-06
[train] step=5783 loss=0.007700 lr=9.918e-06
[train] step=5784 loss=0.019812 lr=9.918e-06
[train] step=5785 loss=0.008292 lr=9.918e-06
[train] step=5786 loss=0.019700 lr=9.918e-06
[train] step=5787 loss=0.008979 lr=9.918e-06
[train] step=5788 loss=0.011717 lr=9.918e-06
[train] step=5789 loss=0.008452 lr=9.918e-06
[train] step=5790 loss=0.024610 lr=9.918e-06
[train] step=5791 loss=0.007820 lr=9.918e-06
[train] step=5792 loss=0.008343 lr=9.918e-06
[train] step=5793 loss=0.008748 lr=9.918e-06
[train] step=5794 loss=0.009036 lr=9.918e-06
[train] step=5795 loss=0.009156 lr=9.917e-06
[train] step=5796 loss=0.007531 lr=9.917e-06
[train] step=5797 loss=0.008879 lr=9.917e-06
[train] step=5798 loss=0.011507 lr=9.917e-06
[train] step=5799 loss=0.009785 lr=9.917e-06
[train] step=5800 loss=0.006747 lr=9.917e-06
[train] step=5801 loss=0.010066 lr=9.917e-06
[train] step=5802 loss=0.010203 lr=9.917e-06
[train] step=5803 loss=0.008216 lr=9.917e-06
[train] step=5804 loss=0.006268 lr=9.917e-06
[train] step=5805 loss=0.009146 lr=9.917e-06
[train] step=5806 loss=0.007105 lr=9.917e-06
[train] step=5807 loss=0.009953 lr=9.917e-06
[train] step=5808 loss=0.006814 lr=9.917e-06
[train] step=5809 loss=0.037970 lr=9.917e-06
[train] step=5810 loss=0.006794 lr=9.917e-06
[train] step=5811 loss=0.022281 lr=9.917e-06
[train] step=5812 loss=0.007078 lr=9.917e-06
[train] step=5813 loss=0.009870 lr=9.917e-06
[train] step=5814 loss=0.004354 lr=9.917e-06
[train] step=5815 loss=0.006761 lr=9.917e-06
[train] step=5816 loss=0.005497 lr=9.917e-06
[train] step=5817 loss=0.005080 lr=9.917e-06
[train] step=5818 loss=0.018937 lr=9.917e-06
[train] step=5819 loss=0.010129 lr=9.917e-06
[train] step=5820 loss=0.011165 lr=9.917e-06
[train] step=5821 loss=0.007767 lr=9.917e-06
[train] step=5822 loss=0.008902 lr=9.917e-06
[train] step=5823 loss=0.007013 lr=9.917e-06
[train] step=5824 loss=0.009870 lr=9.917e-06
[train] step=5825 loss=0.009408 lr=9.917e-06
[train] step=5826 loss=0.004846 lr=9.917e-06
[train] step=5827 loss=0.008466 lr=9.917e-06
[train] step=5828 loss=0.005461 lr=9.917e-06
[train] step=5829 loss=0.007200 lr=9.917e-06
[train] step=5830 loss=0.007308 lr=9.916e-06
[train] step=5831 loss=0.006131 lr=9.916e-06
[train] step=5832 loss=0.006525 lr=9.916e-06
[train] step=5833 loss=0.006702 lr=9.916e-06
[train] step=5834 loss=0.006021 lr=9.916e-06
[train] step=5835 loss=0.007389 lr=9.916e-06
[train] step=5836 loss=0.008898 lr=9.916e-06
[train] step=5837 loss=0.006850 lr=9.916e-06
[train] step=5838 loss=0.005400 lr=9.916e-06
[train] step=5839 loss=0.005507 lr=9.916e-06
[train] step=5840 loss=0.008656 lr=9.916e-06
[train] step=5841 loss=0.004004 lr=9.916e-06
[train] step=5842 loss=0.013162 lr=9.916e-06
[train] step=5843 loss=0.005803 lr=9.916e-06
[train] step=5844 loss=0.009364 lr=9.916e-06
[train] step=5845 loss=0.005460 lr=9.916e-06
[train] step=5846 loss=0.004930 lr=9.916e-06
[train] step=5847 loss=0.005967 lr=9.916e-06
[train] step=5848 loss=0.007592 lr=9.916e-06
[train] step=5849 loss=0.003933 lr=9.916e-06
[train] step=5850 loss=0.005710 lr=9.916e-06
[train] step=5851 loss=0.005314 lr=9.916e-06
[train] step=5852 loss=0.007779 lr=9.916e-06
[train] step=5853 loss=0.006577 lr=9.916e-06
[train] step=5854 loss=0.005627 lr=9.916e-06
[train] step=5855 loss=0.005949 lr=9.916e-06
[train] step=5856 loss=0.004367 lr=9.916e-06
[train] step=5857 loss=0.007294 lr=9.916e-06
[train] step=5858 loss=0.004113 lr=9.916e-06
[train] step=5859 loss=0.003904 lr=9.916e-06
[train] step=5860 loss=0.004583 lr=9.916e-06
[train] step=5861 loss=0.004415 lr=9.916e-06
[train] step=5862 loss=0.011286 lr=9.916e-06
[train] step=5863 loss=0.007231 lr=9.916e-06
[train] step=5864 loss=0.005302 lr=9.916e-06
[train] step=5865 loss=0.004623 lr=9.915e-06
[train] step=5866 loss=0.013042 lr=9.915e-06
[train] step=5867 loss=0.004616 lr=9.915e-06
[train] step=5868 loss=0.004457 lr=9.915e-06
[train] step=5869 loss=0.004967 lr=9.915e-06
[train] step=5870 loss=0.005059 lr=9.915e-06
[train] step=5871 loss=0.007037 lr=9.915e-06
[train] step=5872 loss=0.005837 lr=9.915e-06
[train] step=5873 loss=0.004574 lr=9.915e-06
[train] step=5874 loss=0.004070 lr=9.915e-06
[train] step=5875 loss=0.004099 lr=9.915e-06
[train] step=5876 loss=0.005493 lr=9.915e-06
[train] step=5877 loss=0.005611 lr=9.915e-06
[train] step=5878 loss=0.006770 lr=9.915e-06
[train] step=5879 loss=0.004739 lr=9.915e-06
[train] step=5880 loss=0.011581 lr=9.915e-06
[train] step=5881 loss=0.043926 lr=9.915e-06
[train] step=5882 loss=0.003263 lr=9.915e-06
[train] step=5883 loss=0.010210 lr=9.915e-06
[train] step=5884 loss=0.008902 lr=9.915e-06
[train] step=5885 loss=0.003660 lr=9.915e-06
[train] step=5886 loss=0.006471 lr=9.915e-06
[train] step=5887 loss=0.005331 lr=9.915e-06
[train] step=5888 loss=0.005966 lr=9.915e-06
[train] step=5889 loss=0.006101 lr=9.915e-06
[train] step=5890 loss=0.005359 lr=9.915e-06
[train] step=5891 loss=0.008216 lr=9.915e-06
[train] step=5892 loss=0.006105 lr=9.915e-06
[train] step=5893 loss=0.014260 lr=9.915e-06
[train] step=5894 loss=0.004790 lr=9.915e-06
[train] step=5895 loss=0.044528 lr=9.915e-06
[train] step=5896 loss=0.006415 lr=9.915e-06
[train] step=5897 loss=0.008011 lr=9.915e-06
[train] step=5898 loss=0.004365 lr=9.915e-06
[train] step=5899 loss=0.007542 lr=9.914e-06
[train] step=5900 loss=0.004581 lr=9.914e-06
[train] step=5901 loss=0.014812 lr=9.914e-06
[train] step=5902 loss=0.006600 lr=9.914e-06
[train] step=5903 loss=0.006254 lr=9.914e-06
[train] step=5904 loss=0.005250 lr=9.914e-06
[train] step=5905 loss=0.019019 lr=9.914e-06
[train] step=5906 loss=0.006409 lr=9.914e-06
[train] step=5907 loss=0.008962 lr=9.914e-06
[train] step=5908 loss=0.055631 lr=9.914e-06
[train] step=5909 loss=0.008116 lr=9.914e-06
[train] step=5910 loss=0.007497 lr=9.914e-06
[train] step=5911 loss=0.004385 lr=9.914e-06
[train] step=5912 loss=0.008112 lr=9.914e-06
[train] step=5913 loss=0.007157 lr=9.914e-06
[train] step=5914 loss=0.014844 lr=9.914e-06
[train] step=5915 loss=0.020811 lr=9.914e-06
[train] step=5916 loss=0.008411 lr=9.914e-06
[train] step=5917 loss=0.009042 lr=9.914e-06
[train] step=5918 loss=0.028719 lr=9.914e-06
[train] step=5919 loss=0.013095 lr=9.914e-06
[train] step=5920 loss=0.028826 lr=9.914e-06
[train] step=5921 loss=0.009890 lr=9.914e-06
[train] step=5922 loss=0.006051 lr=9.914e-06
[train] step=5923 loss=0.057467 lr=9.914e-06
[train] step=5924 loss=0.010930 lr=9.914e-06
[train] step=5925 loss=0.007006 lr=9.914e-06
[train] step=5926 loss=0.008711 lr=9.914e-06
[train] step=5927 loss=0.015122 lr=9.914e-06
[train] step=5928 loss=0.009627 lr=9.914e-06
[train] step=5929 loss=0.008545 lr=9.914e-06
[train] step=5930 loss=0.032092 lr=9.914e-06
[train] step=5931 loss=0.012241 lr=9.914e-06
[train] step=5932 loss=0.042334 lr=9.914e-06
[train] step=5933 loss=0.033552 lr=9.914e-06
[train] step=5934 loss=0.011845 lr=9.913e-06
[train] step=5935 loss=0.012988 lr=9.913e-06
[train] step=5936 loss=0.010805 lr=9.913e-06
[train] step=5937 loss=0.023384 lr=9.913e-06
[train] step=5938 loss=0.018751 lr=9.913e-06
[train] step=5939 loss=0.010085 lr=9.913e-06
[train] step=5940 loss=0.010346 lr=9.913e-06
[train] step=5941 loss=0.013708 lr=9.913e-06
[train] step=5942 loss=0.014278 lr=9.913e-06
[train] step=5943 loss=0.032075 lr=9.913e-06
[train] step=5944 loss=0.004565 lr=9.913e-06
[train] step=5945 loss=0.033784 lr=9.913e-06
[train] step=5946 loss=0.014011 lr=9.913e-06
[train] step=5947 loss=0.019987 lr=9.913e-06
[train] step=5948 loss=0.018346 lr=9.913e-06
[train] step=5949 loss=0.014492 lr=9.913e-06
[train] step=5950 loss=0.008752 lr=9.913e-06
[train] step=5951 loss=0.053543 lr=9.913e-06
[train] step=5952 loss=0.012832 lr=9.913e-06
[train] step=5953 loss=0.019563 lr=9.913e-06
[train] step=5954 loss=0.026204 lr=9.913e-06
[train] step=5955 loss=0.016252 lr=9.913e-06
[train] step=5956 loss=0.009175 lr=9.913e-06
[train] step=5957 loss=0.006203 lr=9.913e-06
[train] step=5958 loss=0.011982 lr=9.913e-06
[train] step=5959 loss=0.012414 lr=9.913e-06
[train] step=5960 loss=0.015739 lr=9.913e-06
[train] step=5961 loss=0.008274 lr=9.913e-06
[train] step=5962 loss=0.129431 lr=9.913e-06
[train] step=5963 loss=0.035548 lr=9.913e-06
[train] step=5964 loss=0.009638 lr=9.913e-06
[train] step=5965 loss=0.010658 lr=9.913e-06
[train] step=5966 loss=0.015377 lr=9.913e-06
[train] step=5967 loss=0.011412 lr=9.913e-06
[train] step=5968 loss=0.016358 lr=9.912e-06
[train] step=5969 loss=0.011060 lr=9.912e-06
[train] step=5970 loss=0.012217 lr=9.912e-06
[train] step=5971 loss=0.011753 lr=9.912e-06
[train] step=5972 loss=0.009909 lr=9.912e-06
[train] step=5973 loss=0.026279 lr=9.912e-06
[train] step=5974 loss=0.012052 lr=9.912e-06
[train] step=5975 loss=0.057715 lr=9.912e-06
[train] step=5976 loss=0.007671 lr=9.912e-06
[train] step=5977 loss=0.009172 lr=9.912e-06
[train] step=5978 loss=0.034550 lr=9.912e-06
[train] step=5979 loss=0.025008 lr=9.912e-06
[train] step=5980 loss=0.010136 lr=9.912e-06
[train] step=5981 loss=0.012558 lr=9.912e-06
[train] step=5982 loss=0.013146 lr=9.912e-06
[train] step=5983 loss=0.013545 lr=9.912e-06
[train] step=5984 loss=0.011925 lr=9.912e-06
[train] step=5985 loss=0.027617 lr=9.912e-06
[train] step=5986 loss=0.007674 lr=9.912e-06
[train] step=5987 loss=0.007858 lr=9.912e-06
[train] step=5988 loss=0.075720 lr=9.912e-06
[train] step=5989 loss=0.024398 lr=9.912e-06
[train] step=5990 loss=0.013396 lr=9.912e-06
[train] step=5991 loss=0.012518 lr=9.912e-06
[train] step=5992 loss=0.007585 lr=9.912e-06
[train] step=5993 loss=0.009737 lr=9.912e-06
[train] step=5994 loss=0.007797 lr=9.912e-06
[train] step=5995 loss=0.007240 lr=9.912e-06
[train] step=5996 loss=0.010032 lr=9.912e-06
[train] step=5997 loss=0.007050 lr=9.912e-06
[train] step=5998 loss=0.007588 lr=9.912e-06
[train] step=5999 loss=0.016702 lr=9.912e-06
[train] step=6000 loss=0.010477 lr=9.912e-06
INFO     [rank 0] Model weights for step 6000 saved in       dit_trainer.py:1085
         checkpoints/model_weights_step_06000.safetensors                       
INFO     [rank 0] Scalar embedding weights for step 6000     dit_trainer.py:1092
         saved                                                                  
INFO     [rank 0] Training state saved:                      dit_trainer.py:1123
         checkpoints/model_weights_step_06000.state.pt                          
DEBUG    [rank 0] Removed old checkpoint:                    dit_trainer.py:1136
         /local/disk/hramachandran/work/wh_work/windinet/dit                    
         _throughput_sweep_bs4/checkpoints/model_weights_ste                    
         p_05500.safetensors                                                    
DEBUG    [rank 0] Removed old checkpoint:                    dit_trainer.py:1136
         /local/disk/hramachandran/work/wh_work/windinet/dit                    
         _throughput_sweep_bs4/checkpoints/model_weights_ste                    
         p_05500.state.pt                                                       
DEBUG    [rank 0] Removed old checkpoint:                    dit_trainer.py:1136
         /local/disk/hramachandran/work/wh_work/windinet/dit                    
         _throughput_sweep_bs4/checkpoints/scalar_embedding_                    
         step_05500.safetensors                                                 
[epoch 12] step=6000 train_loss=0.011343
[train] step=6001 loss=0.008807 lr=9.912e-06
[train] step=6002 loss=0.007674 lr=9.911e-06
[train] step=6003 loss=0.015444 lr=9.911e-06
[train] step=6004 loss=0.005376 lr=9.911e-06
[train] step=6005 loss=0.007567 lr=9.911e-06
[train] step=6006 loss=0.005249 lr=9.911e-06
[train] step=6007 loss=0.005578 lr=9.911e-06
[train] step=6008 loss=0.005883 lr=9.911e-06
[train] step=6009 loss=0.004611 lr=9.911e-06
[train] step=6010 loss=0.011560 lr=9.911e-06
[train] step=6011 loss=0.010665 lr=9.911e-06
[train] step=6012 loss=0.011491 lr=9.911e-06
[train] step=6013 loss=0.007652 lr=9.911e-06
[train] step=6014 loss=0.006076 lr=9.911e-06
[train] step=6015 loss=0.035028 lr=9.911e-06
[train] step=6016 loss=0.012026 lr=9.911e-06
[train] step=6017 loss=0.006832 lr=9.911e-06
[train] step=6018 loss=0.014887 lr=9.911e-06
[train] step=6019 loss=0.005922 lr=9.911e-06
[train] step=6020 loss=0.006181 lr=9.911e-06
[train] step=6021 loss=0.009284 lr=9.911e-06
[train] step=6022 loss=0.011679 lr=9.911e-06
[train] step=6023 loss=0.006725 lr=9.911e-06
[train] step=6024 loss=0.006827 lr=9.911e-06
[train] step=6025 loss=0.015374 lr=9.911e-06
[train] step=6026 loss=0.007334 lr=9.911e-06
[train] step=6027 loss=0.007559 lr=9.911e-06
[train] step=6028 loss=0.005882 lr=9.911e-06
[train] step=6029 loss=0.007726 lr=9.911e-06
[train] step=6030 loss=0.017013 lr=9.911e-06
[train] step=6031 loss=0.006054 lr=9.911e-06
[train] step=6032 loss=0.005246 lr=9.911e-06
[train] step=6033 loss=0.007589 lr=9.911e-06
[train] step=6034 loss=0.014978 lr=9.911e-06
[train] step=6035 loss=0.007998 lr=9.911e-06
[train] step=6036 loss=0.006816 lr=9.910e-06
[train] step=6037 loss=0.004918 lr=9.910e-06
[train] step=6038 loss=0.017234 lr=9.910e-06
[train] step=6039 loss=0.012044 lr=9.910e-06
[train] step=6040 loss=0.004447 lr=9.910e-06
[train] step=6041 loss=0.005175 lr=9.910e-06
[train] step=6042 loss=0.019381 lr=9.910e-06
[train] step=6043 loss=0.006330 lr=9.910e-06
[train] step=6044 loss=0.013404 lr=9.910e-06
[train] step=6045 loss=0.007539 lr=9.910e-06
[train] step=6046 loss=0.012573 lr=9.910e-06
[train] step=6047 loss=0.005300 lr=9.910e-06
[train] step=6048 loss=0.006746 lr=9.910e-06
[train] step=6049 loss=0.033984 lr=9.910e-06
[train] step=6050 loss=0.004224 lr=9.910e-06
[train] step=6051 loss=0.010677 lr=9.910e-06
[train] step=6052 loss=0.015893 lr=9.910e-06
[train] step=6053 loss=0.008167 lr=9.910e-06
[train] step=6054 loss=0.009113 lr=9.910e-06
[train] step=6055 loss=0.008714 lr=9.910e-06
[train] step=6056 loss=0.005622 lr=9.910e-06
[train] step=6057 loss=0.007497 lr=9.910e-06
[train] step=6058 loss=0.005801 lr=9.910e-06
[train] step=6059 loss=0.006041 lr=9.910e-06
[train] step=6060 loss=0.019404 lr=9.910e-06
[train] step=6061 loss=0.012944 lr=9.910e-06
[train] step=6062 loss=0.018107 lr=9.910e-06
[train] step=6063 loss=0.005780 lr=9.910e-06
[train] step=6064 loss=0.005444 lr=9.910e-06
[train] step=6065 loss=0.008022 lr=9.910e-06
[train] step=6066 loss=0.006380 lr=9.910e-06
[train] step=6067 loss=0.005848 lr=9.910e-06
[train] step=6068 loss=0.005976 lr=9.910e-06
[train] step=6069 loss=0.007236 lr=9.910e-06
[train] step=6070 loss=0.010337 lr=9.909e-06
[train] step=6071 loss=0.007488 lr=9.909e-06
[train] step=6072 loss=0.006195 lr=9.909e-06
[train] step=6073 loss=0.010997 lr=9.909e-06
[train] step=6074 loss=0.005840 lr=9.909e-06
[train] step=6075 loss=0.008262 lr=9.909e-06
[train] step=6076 loss=0.008555 lr=9.909e-06
[train] step=6077 loss=0.005346 lr=9.909e-06
[train] step=6078 loss=0.006080 lr=9.909e-06
[train] step=6079 loss=0.006419 lr=9.909e-06
[train] step=6080 loss=0.008605 lr=9.909e-06
[train] step=6081 loss=0.004721 lr=9.909e-06
[train] step=6082 loss=0.008536 lr=9.909e-06
[train] step=6083 loss=0.005519 lr=9.909e-06
[train] step=6084 loss=0.007864 lr=9.909e-06
[train] step=6085 loss=0.005807 lr=9.909e-06
[train] step=6086 loss=0.010885 lr=9.909e-06
[train] step=6087 loss=0.006783 lr=9.909e-06
[train] step=6088 loss=0.015616 lr=9.909e-06
[train] step=6089 loss=0.007969 lr=9.909e-06
[train] step=6090 loss=0.007170 lr=9.909e-06
[train] step=6091 loss=0.007914 lr=9.909e-06
[train] step=6092 loss=0.004619 lr=9.909e-06
[train] step=6093 loss=0.004400 lr=9.909e-06
[train] step=6094 loss=0.013651 lr=9.909e-06
[train] step=6095 loss=0.008535 lr=9.909e-06
[train] step=6096 loss=0.012606 lr=9.909e-06
[train] step=6097 loss=0.004602 lr=9.909e-06
[train] step=6098 loss=0.005091 lr=9.909e-06
[train] step=6099 loss=0.010601 lr=9.909e-06
[train] step=6100 loss=0.005187 lr=9.909e-06
[train] step=6101 loss=0.004676 lr=9.909e-06
[train] step=6102 loss=0.004353 lr=9.909e-06
[train] step=6103 loss=0.004803 lr=9.909e-06
[train] step=6104 loss=0.007107 lr=9.908e-06
[train] step=6105 loss=0.010892 lr=9.908e-06
[train] step=6106 loss=0.008350 lr=9.908e-06
[train] step=6107 loss=0.005037 lr=9.908e-06
[train] step=6108 loss=0.004127 lr=9.908e-06
[train] step=6109 loss=0.005257 lr=9.908e-06
[train] step=6110 loss=0.005773 lr=9.908e-06
[train] step=6111 loss=0.009941 lr=9.908e-06
[train] step=6112 loss=0.005451 lr=9.908e-06
[train] step=6113 loss=0.008816 lr=9.908e-06
[train] step=6114 loss=0.003945 lr=9.908e-06
[train] step=6115 loss=0.005848 lr=9.908e-06
[train] step=6116 loss=0.010803 lr=9.908e-06
[train] step=6117 loss=0.006510 lr=9.908e-06
[train] step=6118 loss=0.018177 lr=9.908e-06
[train] step=6119 loss=0.004210 lr=9.908e-06
[train] step=6120 loss=0.006906 lr=9.908e-06
[train] step=6121 loss=0.005405 lr=9.908e-06
[train] step=6122 loss=0.003641 lr=9.908e-06
[train] step=6123 loss=0.006775 lr=9.908e-06
[train] step=6124 loss=0.007370 lr=9.908e-06
[train] step=6125 loss=0.006143 lr=9.908e-06
[train] step=6126 loss=0.007274 lr=9.908e-06
[train] step=6127 loss=0.006024 lr=9.908e-06
[train] step=6128 loss=0.006605 lr=9.908e-06
[train] step=6129 loss=0.005822 lr=9.908e-06
[train] step=6130 loss=0.004166 lr=9.908e-06
[train] step=6131 loss=0.003671 lr=9.908e-06
[train] step=6132 loss=0.010498 lr=9.908e-06
[train] step=6133 loss=0.005385 lr=9.908e-06
[train] step=6134 loss=0.004759 lr=9.908e-06
[train] step=6135 loss=0.004427 lr=9.908e-06
[train] step=6136 loss=0.009463 lr=9.908e-06
[train] step=6137 loss=0.003782 lr=9.907e-06
[train] step=6138 loss=0.005520 lr=9.907e-06
[train] step=6139 loss=0.004478 lr=9.907e-06
[train] step=6140 loss=0.005751 lr=9.907e-06
[train] step=6141 loss=0.004413 lr=9.907e-06
[train] step=6142 loss=0.004694 lr=9.907e-06
[train] step=6143 loss=0.005499 lr=9.907e-06
[train] step=6144 loss=0.039139 lr=9.907e-06
[train] step=6145 loss=0.006405 lr=9.907e-06
[train] step=6146 loss=0.004306 lr=9.907e-06
[train] step=6147 loss=0.004356 lr=9.907e-06
[train] step=6148 loss=0.004699 lr=9.907e-06
[train] step=6149 loss=0.004423 lr=9.907e-06
[train] step=6150 loss=0.027067 lr=9.907e-06
[train] step=6151 loss=0.004882 lr=9.907e-06
[train] step=6152 loss=0.010920 lr=9.907e-06
[train] step=6153 loss=0.005513 lr=9.907e-06
[train] step=6154 loss=0.007091 lr=9.907e-06
[train] step=6155 loss=0.009777 lr=9.907e-06
[train] step=6156 loss=0.004377 lr=9.907e-06
[train] step=6157 loss=0.009451 lr=9.907e-06
[train] step=6158 loss=0.004793 lr=9.907e-06
[train] step=6159 loss=0.007742 lr=9.907e-06
[train] step=6160 loss=0.006796 lr=9.907e-06
[train] step=6161 loss=0.005392 lr=9.907e-06
[train] step=6162 loss=0.008134 lr=9.907e-06
[train] step=6163 loss=0.006629 lr=9.907e-06
[train] step=6164 loss=0.005632 lr=9.907e-06
[train] step=6165 loss=0.010366 lr=9.907e-06
[train] step=6166 loss=0.013125 lr=9.907e-06
[train] step=6167 loss=0.006971 lr=9.907e-06
[train] step=6168 loss=0.007459 lr=9.907e-06
[train] step=6169 loss=0.005949 lr=9.907e-06
[train] step=6170 loss=0.006252 lr=9.906e-06
[train] step=6171 loss=0.004695 lr=9.906e-06
[train] step=6172 loss=0.006370 lr=9.906e-06
[train] step=6173 loss=0.005311 lr=9.906e-06
[train] step=6174 loss=0.005408 lr=9.906e-06
[train] step=6175 loss=0.006428 lr=9.906e-06
[train] step=6176 loss=0.005183 lr=9.906e-06
[train] step=6177 loss=0.017866 lr=9.906e-06
[train] step=6178 loss=0.005100 lr=9.906e-06
[train] step=6179 loss=0.004510 lr=9.906e-06
[train] step=6180 loss=0.004745 lr=9.906e-06
[train] step=6181 loss=0.012320 lr=9.906e-06
[train] step=6182 loss=0.004022 lr=9.906e-06
[train] step=6183 loss=0.005594 lr=9.906e-06
[train] step=6184 loss=0.012601 lr=9.906e-06
[train] step=6185 loss=0.005795 lr=9.906e-06
[train] step=6186 loss=0.006579 lr=9.906e-06
[train] step=6187 loss=0.007022 lr=9.906e-06
[train] step=6188 loss=0.006037 lr=9.906e-06
[train] step=6189 loss=0.004823 lr=9.906e-06
[train] step=6190 loss=0.006608 lr=9.906e-06
[train] step=6191 loss=0.006199 lr=9.906e-06
[train] step=6192 loss=0.007155 lr=9.906e-06
[train] step=6193 loss=0.005313 lr=9.906e-06
[train] step=6194 loss=0.003544 lr=9.906e-06
[train] step=6195 loss=0.004241 lr=9.906e-06
[train] step=6196 loss=0.009894 lr=9.906e-06
[train] step=6197 loss=0.007113 lr=9.906e-06
[train] step=6198 loss=0.005679 lr=9.906e-06
[train] step=6199 loss=0.004366 lr=9.906e-06
[train] step=6200 loss=0.006533 lr=9.906e-06
[train] step=6201 loss=0.012181 lr=9.906e-06
[train] step=6202 loss=0.009936 lr=9.906e-06
[train] step=6203 loss=0.004028 lr=9.905e-06
[train] step=6204 loss=0.004162 lr=9.905e-06
[train] step=6205 loss=0.006861 lr=9.905e-06
[train] step=6206 loss=0.004298 lr=9.905e-06
[train] step=6207 loss=0.005836 lr=9.905e-06
[train] step=6208 loss=0.011017 lr=9.905e-06
[train] step=6209 loss=0.009861 lr=9.905e-06
[train] step=6210 loss=0.010200 lr=9.905e-06
[train] step=6211 loss=0.005034 lr=9.905e-06
[train] step=6212 loss=0.007430 lr=9.905e-06
[train] step=6213 loss=0.005413 lr=9.905e-06
[train] step=6214 loss=0.005534 lr=9.905e-06
[train] step=6215 loss=0.006110 lr=9.905e-06
[train] step=6216 loss=0.007078 lr=9.905e-06
[train] step=6217 loss=0.005671 lr=9.905e-06
[train] step=6218 loss=0.007813 lr=9.905e-06
[train] step=6219 loss=0.004293 lr=9.905e-06
[train] step=6220 loss=0.009431 lr=9.905e-06
[train] step=6221 loss=0.006901 lr=9.905e-06
[train] step=6222 loss=0.009116 lr=9.905e-06
[train] step=6223 loss=0.006540 lr=9.905e-06
[train] step=6224 loss=0.005051 lr=9.905e-06
[train] step=6225 loss=0.005215 lr=9.905e-06
[train] step=6226 loss=0.007756 lr=9.905e-06
[train] step=6227 loss=0.008074 lr=9.905e-06
[train] step=6228 loss=0.005397 lr=9.905e-06
[train] step=6229 loss=0.005572 lr=9.905e-06
[train] step=6230 loss=0.012402 lr=9.905e-06
[train] step=6231 loss=0.004813 lr=9.905e-06
[train] step=6232 loss=0.007262 lr=9.905e-06
[train] step=6233 loss=0.006541 lr=9.905e-06
[train] step=6234 loss=0.005584 lr=9.905e-06
[train] step=6235 loss=0.006669 lr=9.905e-06
[train] step=6236 loss=0.005561 lr=9.904e-06
[train] step=6237 loss=0.004389 lr=9.904e-06
[train] step=6238 loss=0.007752 lr=9.904e-06
[train] step=6239 loss=0.005852 lr=9.904e-06
[train] step=6240 loss=0.006768 lr=9.904e-06
[train] step=6241 loss=0.003938 lr=9.904e-06
[train] step=6242 loss=0.018953 lr=9.904e-06
[train] step=6243 loss=0.007408 lr=9.904e-06
[train] step=6244 loss=0.008746 lr=9.904e-06
[train] step=6245 loss=0.004822 lr=9.904e-06
[train] step=6246 loss=0.005606 lr=9.904e-06
[train] step=6247 loss=0.012977 lr=9.904e-06
[train] step=6248 loss=0.008685 lr=9.904e-06
[train] step=6249 loss=0.029435 lr=9.904e-06
[train] step=6250 loss=0.004286 lr=9.904e-06
[train] step=6251 loss=0.006919 lr=9.904e-06
[train] step=6252 loss=0.006648 lr=9.904e-06
[train] step=6253 loss=0.006028 lr=9.904e-06
[train] step=6254 loss=0.009983 lr=9.904e-06
[train] step=6255 loss=0.004777 lr=9.904e-06
[train] step=6256 loss=0.023209 lr=9.904e-06
[train] step=6257 loss=0.005892 lr=9.904e-06
[train] step=6258 loss=0.008081 lr=9.904e-06
[train] step=6259 loss=0.006435 lr=9.904e-06
[train] step=6260 loss=0.010913 lr=9.904e-06
[train] step=6261 loss=0.007299 lr=9.904e-06
[train] step=6262 loss=0.021813 lr=9.904e-06
[train] step=6263 loss=0.005864 lr=9.904e-06
[train] step=6264 loss=0.005825 lr=9.904e-06
[train] step=6265 loss=0.006071 lr=9.904e-06
[train] step=6266 loss=0.022245 lr=9.904e-06
[train] step=6267 loss=0.007422 lr=9.904e-06
[train] step=6268 loss=0.007022 lr=9.904e-06
[train] step=6269 loss=0.008315 lr=9.903e-06
[train] step=6270 loss=0.008196 lr=9.903e-06
[train] step=6271 loss=0.007689 lr=9.903e-06
[train] step=6272 loss=0.044042 lr=9.903e-06
[train] step=6273 loss=0.006013 lr=9.903e-06
[train] step=6274 loss=0.011827 lr=9.903e-06
[train] step=6275 loss=0.006349 lr=9.903e-06
[train] step=6276 loss=0.007718 lr=9.903e-06
[train] step=6277 loss=0.004660 lr=9.903e-06
[train] step=6278 loss=0.005073 lr=9.903e-06
[train] step=6279 loss=0.005014 lr=9.903e-06
[train] step=6280 loss=0.010143 lr=9.903e-06
[train] step=6281 loss=0.013674 lr=9.903e-06
[train] step=6282 loss=0.046781 lr=9.903e-06
[train] step=6283 loss=0.006208 lr=9.903e-06
[train] step=6284 loss=0.004018 lr=9.903e-06
[train] step=6285 loss=0.052456 lr=9.903e-06
[train] step=6286 loss=0.004774 lr=9.903e-06
[train] step=6287 loss=0.012495 lr=9.903e-06
[train] step=6288 loss=0.014772 lr=9.903e-06
[train] step=6289 loss=0.010487 lr=9.903e-06
[train] step=6290 loss=0.004566 lr=9.903e-06
[train] step=6291 loss=0.011073 lr=9.903e-06
[train] step=6292 loss=0.007560 lr=9.903e-06
[train] step=6293 loss=0.004669 lr=9.903e-06
[train] step=6294 loss=0.010057 lr=9.903e-06
[train] step=6295 loss=0.007637 lr=9.903e-06
[train] step=6296 loss=0.008368 lr=9.903e-06
[train] step=6297 loss=0.004322 lr=9.903e-06
[train] step=6298 loss=0.012622 lr=9.903e-06
[train] step=6299 loss=0.006042 lr=9.903e-06
[train] step=6300 loss=0.023158 lr=9.903e-06
[train] step=6301 loss=0.008039 lr=9.902e-06
[train] step=6302 loss=0.008980 lr=9.902e-06
[train] step=6303 loss=0.006005 lr=9.902e-06
[train] step=6304 loss=0.007051 lr=9.902e-06
[train] step=6305 loss=0.008509 lr=9.902e-06
[train] step=6306 loss=0.007802 lr=9.902e-06
[train] step=6307 loss=0.016342 lr=9.902e-06
[train] step=6308 loss=0.006324 lr=9.902e-06
[train] step=6309 loss=0.008056 lr=9.902e-06
[train] step=6310 loss=0.021863 lr=9.902e-06
[train] step=6311 loss=0.006546 lr=9.902e-06
[train] step=6312 loss=0.008063 lr=9.902e-06
[train] step=6313 loss=0.006015 lr=9.902e-06
[train] step=6314 loss=0.017369 lr=9.902e-06
[train] step=6315 loss=0.008346 lr=9.902e-06
[train] step=6316 loss=0.005441 lr=9.902e-06
[train] step=6317 loss=0.063449 lr=9.902e-06
[train] step=6318 loss=0.007722 lr=9.902e-06
[train] step=6319 loss=0.007160 lr=9.902e-06
[train] step=6320 loss=0.008458 lr=9.902e-06
[train] step=6321 loss=0.006013 lr=9.902e-06
[train] step=6322 loss=0.008413 lr=9.902e-06
[train] step=6323 loss=0.008923 lr=9.902e-06
[train] step=6324 loss=0.006273 lr=9.902e-06
[train] step=6325 loss=0.018817 lr=9.902e-06
[train] step=6326 loss=0.125314 lr=9.902e-06
[train] step=6327 loss=0.008766 lr=9.902e-06
[train] step=6328 loss=0.006812 lr=9.902e-06
[train] step=6329 loss=0.028986 lr=9.902e-06
[train] step=6330 loss=0.009765 lr=9.902e-06
[train] step=6331 loss=0.019744 lr=9.902e-06
[train] step=6332 loss=0.005456 lr=9.902e-06
[train] step=6333 loss=0.009099 lr=9.901e-06
[train] step=6334 loss=0.020676 lr=9.901e-06
[train] step=6335 loss=0.006943 lr=9.901e-06
[train] step=6336 loss=0.020158 lr=9.901e-06
[train] step=6337 loss=0.006390 lr=9.901e-06
[train] step=6338 loss=0.029341 lr=9.901e-06
[train] step=6339 loss=0.006634 lr=9.901e-06
[train] step=6340 loss=0.016621 lr=9.901e-06
[train] step=6341 loss=0.007433 lr=9.901e-06
[train] step=6342 loss=0.007649 lr=9.901e-06
[train] step=6343 loss=0.007619 lr=9.901e-06
[train] step=6344 loss=0.011436 lr=9.901e-06
[train] step=6345 loss=0.004362 lr=9.901e-06
[train] step=6346 loss=0.010128 lr=9.901e-06
[train] step=6347 loss=0.005634 lr=9.901e-06
[train] step=6348 loss=0.012220 lr=9.901e-06
[train] step=6349 loss=0.013227 lr=9.901e-06
[train] step=6350 loss=0.014673 lr=9.901e-06
[train] step=6351 loss=0.006867 lr=9.901e-06
[train] step=6352 loss=0.005437 lr=9.901e-06
[train] step=6353 loss=0.007664 lr=9.901e-06
[train] step=6354 loss=0.011348 lr=9.901e-06
[train] step=6355 loss=0.005947 lr=9.901e-06
[train] step=6356 loss=0.005755 lr=9.901e-06
[train] step=6357 loss=0.014063 lr=9.901e-06
[train] step=6358 loss=0.008377 lr=9.901e-06
[train] step=6359 loss=0.023576 lr=9.901e-06
[train] step=6360 loss=0.006403 lr=9.901e-06
[train] step=6361 loss=0.009930 lr=9.901e-06
[train] step=6362 loss=0.005514 lr=9.901e-06
[train] step=6363 loss=0.014993 lr=9.901e-06
[train] step=6364 loss=0.006469 lr=9.901e-06
[train] step=6365 loss=0.005860 lr=9.901e-06
[train] step=6366 loss=0.007526 lr=9.900e-06
[train] step=6367 loss=0.010182 lr=9.900e-06
[train] step=6368 loss=0.006289 lr=9.900e-06
[train] step=6369 loss=0.008671 lr=9.900e-06
[train] step=6370 loss=0.007819 lr=9.900e-06
[train] step=6371 loss=0.004909 lr=9.900e-06
[train] step=6372 loss=0.006648 lr=9.900e-06
[train] step=6373 loss=0.008635 lr=9.900e-06
[train] step=6374 loss=0.007398 lr=9.900e-06
[train] step=6375 loss=0.008207 lr=9.900e-06
[train] step=6376 loss=0.004013 lr=9.900e-06
[train] step=6377 loss=0.004188 lr=9.900e-06
[train] step=6378 loss=0.011762 lr=9.900e-06
[train] step=6379 loss=0.004493 lr=9.900e-06
[train] step=6380 loss=0.003784 lr=9.900e-06
[train] step=6381 loss=0.008150 lr=9.900e-06
[train] step=6382 loss=0.007985 lr=9.900e-06
[train] step=6383 loss=0.004757 lr=9.900e-06
[train] step=6384 loss=0.005390 lr=9.900e-06
[train] step=6385 loss=0.014239 lr=9.900e-06
[train] step=6386 loss=0.006097 lr=9.900e-06
[train] step=6387 loss=0.003292 lr=9.900e-06
[train] step=6388 loss=0.023026 lr=9.900e-06
[train] step=6389 loss=0.025187 lr=9.900e-06
[train] step=6390 loss=0.018500 lr=9.900e-06
[train] step=6391 loss=0.005110 lr=9.900e-06
[train] step=6392 loss=0.008050 lr=9.900e-06
[train] step=6393 loss=0.008190 lr=9.900e-06
[train] step=6394 loss=0.005232 lr=9.900e-06
[train] step=6395 loss=0.013594 lr=9.900e-06
[train] step=6396 loss=0.011718 lr=9.900e-06
[train] step=6397 loss=0.005108 lr=9.900e-06
[train] step=6398 loss=0.005147 lr=9.899e-06
[train] step=6399 loss=0.006006 lr=9.899e-06
[train] step=6400 loss=0.004832 lr=9.899e-06
[train] step=6401 loss=0.005755 lr=9.899e-06
[train] step=6402 loss=0.006004 lr=9.899e-06
[train] step=6403 loss=0.009257 lr=9.899e-06
[train] step=6404 loss=0.035852 lr=9.899e-06
[train] step=6405 loss=0.008163 lr=9.899e-06
[train] step=6406 loss=0.003667 lr=9.899e-06
[train] step=6407 loss=0.005251 lr=9.899e-06
[train] step=6408 loss=0.022702 lr=9.899e-06
[train] step=6409 loss=0.005696 lr=9.899e-06
[train] step=6410 loss=0.005642 lr=9.899e-06
[train] step=6411 loss=0.003980 lr=9.899e-06
[train] step=6412 loss=0.019586 lr=9.899e-06
[train] step=6413 loss=0.038657 lr=9.899e-06
[train] step=6414 loss=0.015297 lr=9.899e-06
[train] step=6415 loss=0.007881 lr=9.899e-06
[train] step=6416 loss=0.011203 lr=9.899e-06
[train] step=6417 loss=0.007564 lr=9.899e-06
[train] step=6418 loss=0.005252 lr=9.899e-06
[train] step=6419 loss=0.009834 lr=9.899e-06
[train] step=6420 loss=0.046719 lr=9.899e-06
[train] step=6421 loss=0.011039 lr=9.899e-06
[train] step=6422 loss=0.011354 lr=9.899e-06
[train] step=6423 loss=0.007801 lr=9.899e-06
[train] step=6424 loss=0.007907 lr=9.899e-06
[train] step=6425 loss=0.007255 lr=9.899e-06
[train] step=6426 loss=0.010036 lr=9.899e-06
[train] step=6427 loss=0.014666 lr=9.899e-06
[train] step=6428 loss=0.009409 lr=9.899e-06
[train] step=6429 loss=0.005098 lr=9.898e-06
[train] step=6430 loss=0.006583 lr=9.898e-06
[train] step=6431 loss=0.008765 lr=9.898e-06
[train] step=6432 loss=0.029838 lr=9.898e-06
[train] step=6433 loss=0.008732 lr=9.898e-06
[train] step=6434 loss=0.008554 lr=9.898e-06
[train] step=6435 loss=0.014953 lr=9.898e-06
[train] step=6436 loss=0.007684 lr=9.898e-06
[train] step=6437 loss=0.005558 lr=9.898e-06
[train] step=6438 loss=0.004978 lr=9.898e-06
[train] step=6439 loss=0.004569 lr=9.898e-06
[train] step=6440 loss=0.006131 lr=9.898e-06
[train] step=6441 loss=0.004503 lr=9.898e-06
[train] step=6442 loss=0.009352 lr=9.898e-06
[train] step=6443 loss=0.006565 lr=9.898e-06
[train] step=6444 loss=0.007345 lr=9.898e-06
[train] step=6445 loss=0.005772 lr=9.898e-06
[train] step=6446 loss=0.004395 lr=9.898e-06
[train] step=6447 loss=0.004819 lr=9.898e-06
[train] step=6448 loss=0.009480 lr=9.898e-06
[train] step=6449 loss=0.005070 lr=9.898e-06
[train] step=6450 loss=0.007164 lr=9.898e-06
[train] step=6451 loss=0.014354 lr=9.898e-06
[train] step=6452 loss=0.007477 lr=9.898e-06
[train] step=6453 loss=0.004852 lr=9.898e-06
[train] step=6454 loss=0.005687 lr=9.898e-06
[train] step=6455 loss=0.003456 lr=9.898e-06
[train] step=6456 loss=0.008736 lr=9.898e-06
[train] step=6457 loss=0.003191 lr=9.898e-06
[train] step=6458 loss=0.006260 lr=9.898e-06
[train] step=6459 loss=0.008255 lr=9.898e-06
[train] step=6460 loss=0.016416 lr=9.898e-06
[train] step=6461 loss=0.006662 lr=9.897e-06
[train] step=6462 loss=0.008382 lr=9.897e-06
[train] step=6463 loss=0.007527 lr=9.897e-06
[train] step=6464 loss=0.004975 lr=9.897e-06
[train] step=6465 loss=0.023041 lr=9.897e-06
[train] step=6466 loss=0.006351 lr=9.897e-06
[train] step=6467 loss=0.018615 lr=9.897e-06
[train] step=6468 loss=0.006168 lr=9.897e-06
[train] step=6469 loss=0.003646 lr=9.897e-06
[train] step=6470 loss=0.008444 lr=9.897e-06
[train] step=6471 loss=0.007177 lr=9.897e-06
[train] step=6472 loss=0.091732 lr=9.897e-06
[train] step=6473 loss=0.016696 lr=9.897e-06
[train] step=6474 loss=0.011014 lr=9.897e-06
[train] step=6475 loss=0.005993 lr=9.897e-06
[train] step=6476 loss=0.013838 lr=9.897e-06
[train] step=6477 loss=0.013441 lr=9.897e-06
[train] step=6478 loss=0.012974 lr=9.897e-06
[train] step=6479 loss=0.007688 lr=9.897e-06
[train] step=6480 loss=0.006497 lr=9.897e-06
[train] step=6481 loss=0.005349 lr=9.897e-06
[train] step=6482 loss=0.023338 lr=9.897e-06
[train] step=6483 loss=0.012263 lr=9.897e-06
[train] step=6484 loss=0.011334 lr=9.897e-06
[train] step=6485 loss=0.008726 lr=9.897e-06
[train] step=6486 loss=0.007679 lr=9.897e-06
[train] step=6487 loss=0.006987 lr=9.897e-06
[train] step=6488 loss=0.009393 lr=9.897e-06
[train] step=6489 loss=0.006592 lr=9.897e-06
[train] step=6490 loss=0.008654 lr=9.897e-06
[train] step=6491 loss=0.006804 lr=9.897e-06
[train] step=6492 loss=0.006872 lr=9.897e-06
[train] step=6493 loss=0.006196 lr=9.896e-06
[train] step=6494 loss=0.005803 lr=9.896e-06
[train] step=6495 loss=0.007509 lr=9.896e-06
[train] step=6496 loss=0.007275 lr=9.896e-06
[train] step=6497 loss=0.007322 lr=9.896e-06
[train] step=6498 loss=0.005005 lr=9.896e-06
[train] step=6499 loss=0.005768 lr=9.896e-06
[train] step=6500 loss=0.005679 lr=9.896e-06
INFO     [rank 0] Model weights for step 6500 saved in       dit_trainer.py:1085
         checkpoints/model_weights_step_06500.safetensors                       
INFO     [rank 0] Scalar embedding weights for step 6500     dit_trainer.py:1092
         saved                                                                  
INFO     [rank 0] Training state saved:                      dit_trainer.py:1123
         checkpoints/model_weights_step_06500.state.pt                          
DEBUG    [rank 0] Removed old checkpoint:                    dit_trainer.py:1136
         /local/disk/hramachandran/work/wh_work/windinet/dit                    
         _throughput_sweep_bs4/checkpoints/model_weights_ste                    
         p_06000.safetensors                                                    
DEBUG    [rank 0] Removed old checkpoint:                    dit_trainer.py:1136
         /local/disk/hramachandran/work/wh_work/windinet/dit                    
         _throughput_sweep_bs4/checkpoints/model_weights_ste                    
         p_06000.state.pt                                                       
DEBUG    [rank 0] Removed old checkpoint:                    dit_trainer.py:1136
         /local/disk/hramachandran/work/wh_work/windinet/dit                    
         _throughput_sweep_bs4/checkpoints/scalar_embedding_                    
         step_06000.safetensors                                                 
[epoch 13] step=6500 train_loss=0.009498
[train] step=6501 loss=0.007321 lr=9.896e-06
[train] step=6502 loss=0.007171 lr=9.896e-06
[train] step=6503 loss=0.003933 lr=9.896e-06
[train] step=6504 loss=0.010398 lr=9.896e-06
[train] step=6505 loss=0.007199 lr=9.896e-06
[train] step=6506 loss=0.005462 lr=9.896e-06
[train] step=6507 loss=0.004492 lr=9.896e-06
[train] step=6508 loss=0.007505 lr=9.896e-06
[train] step=6509 loss=0.004530 lr=9.896e-06
[train] step=6510 loss=0.005778 lr=9.896e-06
[train] step=6511 loss=0.005857 lr=9.896e-06
[train] step=6512 loss=0.004346 lr=9.896e-06
[train] step=6513 loss=0.006914 lr=9.896e-06
[train] step=6514 loss=0.019111 lr=9.896e-06
[train] step=6515 loss=0.006433 lr=9.896e-06
[train] step=6516 loss=0.003867 lr=9.896e-06
[train] step=6517 loss=0.019109 lr=9.896e-06
[train] step=6518 loss=0.009013 lr=9.896e-06
[train] step=6519 loss=0.004992 lr=9.896e-06
[train] step=6520 loss=0.006070 lr=9.896e-06
[train] step=6521 loss=0.005422 lr=9.896e-06
[train] step=6522 loss=0.003461 lr=9.896e-06
[train] step=6523 loss=0.008571 lr=9.896e-06
[train] step=6524 loss=0.009905 lr=9.895e-06
[train] step=6525 loss=0.008893 lr=9.895e-06
[train] step=6526 loss=0.004982 lr=9.895e-06
[train] step=6527 loss=0.016005 lr=9.895e-06
[train] step=6528 loss=0.008387 lr=9.895e-06
[train] step=6529 loss=0.004701 lr=9.895e-06
[train] step=6530 loss=0.006090 lr=9.895e-06
[train] step=6531 loss=0.012516 lr=9.895e-06
[train] step=6532 loss=0.005387 lr=9.895e-06
[train] step=6533 loss=0.007956 lr=9.895e-06
[train] step=6534 loss=0.009548 lr=9.895e-06
[train] step=6535 loss=0.005950 lr=9.895e-06
[train] step=6536 loss=0.006627 lr=9.895e-06
[train] step=6537 loss=0.004345 lr=9.895e-06
[train] step=6538 loss=0.013400 lr=9.895e-06
[train] step=6539 loss=0.005419 lr=9.895e-06
[train] step=6540 loss=0.004674 lr=9.895e-06
[train] step=6541 loss=0.011333 lr=9.895e-06
[train] step=6542 loss=0.030227 lr=9.895e-06
[train] step=6543 loss=0.004864 lr=9.895e-06
[train] step=6544 loss=0.007754 lr=9.895e-06
[train] step=6545 loss=0.006226 lr=9.895e-06
[train] step=6546 loss=0.004944 lr=9.895e-06
[train] step=6547 loss=0.003607 lr=9.895e-06
[train] step=6548 loss=0.004274 lr=9.895e-06
[train] step=6549 loss=0.010799 lr=9.895e-06
[train] step=6550 loss=0.006465 lr=9.895e-06
[train] step=6551 loss=0.005303 lr=9.895e-06
[train] step=6552 loss=0.008033 lr=9.895e-06
[train] step=6553 loss=0.012649 lr=9.895e-06
[train] step=6554 loss=0.005525 lr=9.895e-06
[train] step=6555 loss=0.023656 lr=9.894e-06
[train] step=6556 loss=0.007412 lr=9.894e-06
[train] step=6557 loss=0.005701 lr=9.894e-06
[train] step=6558 loss=0.006484 lr=9.894e-06
[train] step=6559 loss=0.019900 lr=9.894e-06
[train] step=6560 loss=0.004637 lr=9.894e-06
[train] step=6561 loss=0.003795 lr=9.894e-06
[train] step=6562 loss=0.004451 lr=9.894e-06
[train] step=6563 loss=0.006081 lr=9.894e-06
[train] step=6564 loss=0.005092 lr=9.894e-06
[train] step=6565 loss=0.008658 lr=9.894e-06
[train] step=6566 loss=0.003615 lr=9.894e-06
[train] step=6567 loss=0.010322 lr=9.894e-06
[train] step=6568 loss=0.003340 lr=9.894e-06
[train] step=6569 loss=0.048098 lr=9.894e-06
[train] step=6570 loss=0.011877 lr=9.894e-06
[train] step=6571 loss=0.007676 lr=9.894e-06
[train] step=6572 loss=0.005843 lr=9.894e-06
[train] step=6573 loss=0.005820 lr=9.894e-06
[train] step=6574 loss=0.005816 lr=9.894e-06
[train] step=6575 loss=0.014823 lr=9.894e-06
[train] step=6576 loss=0.009989 lr=9.894e-06
[train] step=6577 loss=0.007528 lr=9.894e-06
[train] step=6578 loss=0.015725 lr=9.894e-06
[train] step=6579 loss=0.006975 lr=9.894e-06
[train] step=6580 loss=0.005859 lr=9.894e-06
[train] step=6581 loss=0.007937 lr=9.894e-06
[train] step=6582 loss=0.005469 lr=9.894e-06
[train] step=6583 loss=0.010279 lr=9.894e-06
[train] step=6584 loss=0.004495 lr=9.894e-06
[train] step=6585 loss=0.017617 lr=9.894e-06
[train] step=6586 loss=0.007400 lr=9.893e-06
[train] step=6587 loss=0.050206 lr=9.893e-06
[train] step=6588 loss=0.005480 lr=9.893e-06
[train] step=6589 loss=0.004890 lr=9.893e-06
[train] step=6590 loss=0.015526 lr=9.893e-06
[train] step=6591 loss=0.007986 lr=9.893e-06
[train] step=6592 loss=0.008432 lr=9.893e-06
[train] step=6593 loss=0.005815 lr=9.893e-06
[train] step=6594 loss=0.017342 lr=9.893e-06
[train] step=6595 loss=0.023212 lr=9.893e-06
[train] step=6596 loss=0.008540 lr=9.893e-06
[train] step=6597 loss=0.035254 lr=9.893e-06
[train] step=6598 loss=0.005658 lr=9.893e-06
[train] step=6599 loss=0.004870 lr=9.893e-06
[train] step=6600 loss=0.012026 lr=9.893e-06
[train] step=6601 loss=0.004993 lr=9.893e-06
[train] step=6602 loss=0.003732 lr=9.893e-06
[train] step=6603 loss=0.006920 lr=9.893e-06
[train] step=6604 loss=0.033569 lr=9.893e-06
[train] step=6605 loss=0.008683 lr=9.893e-06
[train] step=6606 loss=0.004792 lr=9.893e-06
[train] step=6607 loss=0.011622 lr=9.893e-06
[train] step=6608 loss=0.026423 lr=9.893e-06
[train] step=6609 loss=0.034971 lr=9.893e-06
[train] step=6610 loss=0.006527 lr=9.893e-06
[train] step=6611 loss=0.013339 lr=9.893e-06
[train] step=6612 loss=0.029572 lr=9.893e-06
[train] step=6613 loss=0.005768 lr=9.893e-06
[train] step=6614 loss=0.005688 lr=9.893e-06
[train] step=6615 loss=0.007478 lr=9.893e-06
[train] step=6616 loss=0.016183 lr=9.893e-06
[train] step=6617 loss=0.012288 lr=9.892e-06
[train] step=6618 loss=0.016768 lr=9.892e-06
[train] step=6619 loss=0.005052 lr=9.892e-06
[train] step=6620 loss=0.020707 lr=9.892e-06
[train] step=6621 loss=0.005087 lr=9.892e-06
[train] step=6622 loss=0.017594 lr=9.892e-06
[train] step=6623 loss=0.011356 lr=9.892e-06
[train] step=6624 loss=0.011720 lr=9.892e-06
[train] step=6625 loss=0.007030 lr=9.892e-06
[train] step=6626 loss=0.006223 lr=9.892e-06
[train] step=6627 loss=0.005883 lr=9.892e-06
[train] step=6628 loss=0.006154 lr=9.892e-06
[train] step=6629 loss=0.009610 lr=9.892e-06
[train] step=6630 loss=0.012484 lr=9.892e-06
[train] step=6631 loss=0.003921 lr=9.892e-06
[train] step=6632 loss=0.014093 lr=9.892e-06
[train] step=6633 loss=0.011323 lr=9.892e-06
[train] step=6634 loss=0.010547 lr=9.892e-06
[train] step=6635 loss=0.005264 lr=9.892e-06
[train] step=6636 loss=0.009293 lr=9.892e-06
[train] step=6637 loss=0.018603 lr=9.892e-06
[train] step=6638 loss=0.004385 lr=9.892e-06
[train] step=6639 loss=0.008279 lr=9.892e-06
[train] step=6640 loss=0.008033 lr=9.892e-06
[train] step=6641 loss=0.007187 lr=9.892e-06
[train] step=6642 loss=0.005339 lr=9.892e-06
[train] step=6643 loss=0.010039 lr=9.892e-06
[train] step=6644 loss=0.013237 lr=9.892e-06
[train] step=6645 loss=0.005056 lr=9.892e-06
[train] step=6646 loss=0.003845 lr=9.892e-06
[train] step=6647 loss=0.013932 lr=9.892e-06
[train] step=6648 loss=0.005859 lr=9.891e-06
[train] step=6649 loss=0.004931 lr=9.891e-06
[train] step=6650 loss=0.007184 lr=9.891e-06
[train] step=6651 loss=0.013317 lr=9.891e-06
[train] step=6652 loss=0.014917 lr=9.891e-06
[train] step=6653 loss=0.005057 lr=9.891e-06
[train] step=6654 loss=0.007742 lr=9.891e-06
[train] step=6655 loss=0.014103 lr=9.891e-06
[train] step=6656 loss=0.005827 lr=9.891e-06
[train] step=6657 loss=0.010575 lr=9.891e-06
[train] step=6658 loss=0.007126 lr=9.891e-06
[train] step=6659 loss=0.004199 lr=9.891e-06
[train] step=6660 loss=0.007080 lr=9.891e-06
[train] step=6661 loss=0.026825 lr=9.891e-06
[train] step=6662 loss=0.005188 lr=9.891e-06
[train] step=6663 loss=0.004713 lr=9.891e-06
[train] step=6664 loss=0.043798 lr=9.891e-06
[train] step=6665 loss=0.006169 lr=9.891e-06
[train] step=6666 loss=0.026139 lr=9.891e-06
[train] step=6667 loss=0.012594 lr=9.891e-06
[train] step=6668 loss=0.008497 lr=9.891e-06
[train] step=6669 loss=0.018149 lr=9.891e-06
[train] step=6670 loss=0.024971 lr=9.891e-06
[train] step=6671 loss=0.007224 lr=9.891e-06
[train] step=6672 loss=0.006628 lr=9.891e-06
[train] step=6673 loss=0.006103 lr=9.891e-06
[train] step=6674 loss=0.053003 lr=9.891e-06
[train] step=6675 loss=0.013559 lr=9.891e-06
[train] step=6676 loss=0.005818 lr=9.891e-06
[train] step=6677 loss=0.012457 lr=9.891e-06
[train] step=6678 loss=0.007665 lr=9.891e-06
[train] step=6679 loss=0.010581 lr=9.890e-06
[train] step=6680 loss=0.012648 lr=9.890e-06
[train] step=6681 loss=0.011650 lr=9.890e-06
[train] step=6682 loss=0.078448 lr=9.890e-06
[train] step=6683 loss=0.007967 lr=9.890e-06
[train] step=6684 loss=0.005904 lr=9.890e-06
[train] step=6685 loss=0.015293 lr=9.890e-06
[train] step=6686 loss=0.014368 lr=9.890e-06
[train] step=6687 loss=0.013299 lr=9.890e-06
[train] step=6688 loss=0.008380 lr=9.890e-06
[train] step=6689 loss=0.022580 lr=9.890e-06
[train] step=6690 loss=0.011326 lr=9.890e-06
[train] step=6691 loss=0.005403 lr=9.890e-06
[train] step=6692 loss=0.006829 lr=9.890e-06
[train] step=6693 loss=0.010688 lr=9.890e-06
[train] step=6694 loss=0.015062 lr=9.890e-06
[train] step=6695 loss=0.015767 lr=9.890e-06
[train] step=6696 loss=0.009343 lr=9.890e-06
[train] step=6697 loss=0.009129 lr=9.890e-06
[train] step=6698 loss=0.008000 lr=9.890e-06
[train] step=6699 loss=0.037315 lr=9.890e-06
[train] step=6700 loss=0.014746 lr=9.890e-06
[train] step=6701 loss=0.006201 lr=9.890e-06
[train] step=6702 loss=0.052761 lr=9.890e-06
[train] step=6703 loss=0.009482 lr=9.890e-06
[train] step=6704 loss=0.040364 lr=9.890e-06
[train] step=6705 loss=0.010462 lr=9.890e-06
[train] step=6706 loss=0.012883 lr=9.890e-06
[train] step=6707 loss=0.012489 lr=9.890e-06
[train] step=6708 loss=0.006317 lr=9.890e-06
[train] step=6709 loss=0.005547 lr=9.889e-06
[train] step=6710 loss=0.007712 lr=9.889e-06
[train] step=6711 loss=0.026194 lr=9.889e-06
[train] step=6712 loss=0.007558 lr=9.889e-06
[train] step=6713 loss=0.005638 lr=9.889e-06
[train] step=6714 loss=0.015788 lr=9.889e-06
[train] step=6715 loss=0.008905 lr=9.889e-06
[train] step=6716 loss=0.009818 lr=9.889e-06
[train] step=6717 loss=0.006247 lr=9.889e-06
[train] step=6718 loss=0.006641 lr=9.889e-06
[train] step=6719 loss=0.013411 lr=9.889e-06
[train] step=6720 loss=0.007998 lr=9.889e-06
[train] step=6721 loss=0.014139 lr=9.889e-06
[train] step=6722 loss=0.010433 lr=9.889e-06
[train] step=6723 loss=0.005931 lr=9.889e-06
[train] step=6724 loss=0.005598 lr=9.889e-06
[train] step=6725 loss=0.027903 lr=9.889e-06
[train] step=6726 loss=0.013026 lr=9.889e-06
[train] step=6727 loss=0.006158 lr=9.889e-06
[train] step=6728 loss=0.006019 lr=9.889e-06
[train] step=6729 loss=0.005687 lr=9.889e-06
[train] step=6730 loss=0.009838 lr=9.889e-06
[train] step=6731 loss=0.006351 lr=9.889e-06
[train] step=6732 loss=0.007751 lr=9.889e-06
[train] step=6733 loss=0.008084 lr=9.889e-06
[train] step=6734 loss=0.008104 lr=9.889e-06
[train] step=6735 loss=0.015793 lr=9.889e-06
[train] step=6736 loss=0.005128 lr=9.889e-06
[train] step=6737 loss=0.006436 lr=9.889e-06
[train] step=6738 loss=0.007126 lr=9.889e-06
[train] step=6739 loss=0.005350 lr=9.889e-06
[train] step=6740 loss=0.006067 lr=9.888e-06
[train] step=6741 loss=0.004619 lr=9.888e-06
[train] step=6742 loss=0.006955 lr=9.888e-06
[train] step=6743 loss=0.006150 lr=9.888e-06
[train] step=6744 loss=0.009357 lr=9.888e-06
[train] step=6745 loss=0.006971 lr=9.888e-06
[train] step=6746 loss=0.004106 lr=9.888e-06
[train] step=6747 loss=0.005356 lr=9.888e-06
[train] step=6748 loss=0.004599 lr=9.888e-06
[train] step=6749 loss=0.006298 lr=9.888e-06
[train] step=6750 loss=0.004793 lr=9.888e-06
[train] step=6751 loss=0.005154 lr=9.888e-06
[train] step=6752 loss=0.003715 lr=9.888e-06
[train] step=6753 loss=0.004410 lr=9.888e-06
[train] step=6754 loss=0.012973 lr=9.888e-06
[train] step=6755 loss=0.003094 lr=9.888e-06
[train] step=6756 loss=0.005339 lr=9.888e-06
[train] step=6757 loss=0.003843 lr=9.888e-06
[train] step=6758 loss=0.003560 lr=9.888e-06
[train] step=6759 loss=0.009992 lr=9.888e-06
[train] step=6760 loss=0.008635 lr=9.888e-06
[train] step=6761 loss=0.005350 lr=9.888e-06
[train] step=6762 loss=0.004294 lr=9.888e-06
[train] step=6763 loss=0.004673 lr=9.888e-06
[train] step=6764 loss=0.006230 lr=9.888e-06
[train] step=6765 loss=0.003271 lr=9.888e-06
[train] step=6766 loss=0.003891 lr=9.888e-06
[train] step=6767 loss=0.004247 lr=9.888e-06
[train] step=6768 loss=0.007233 lr=9.888e-06
[train] step=6769 loss=0.017494 lr=9.888e-06
[train] step=6770 loss=0.004455 lr=9.887e-06
[train] step=6771 loss=0.006090 lr=9.887e-06
[train] step=6772 loss=0.004255 lr=9.887e-06
[train] step=6773 loss=0.009568 lr=9.887e-06
[train] step=6774 loss=0.004295 lr=9.887e-06
[train] step=6775 loss=0.003873 lr=9.887e-06
[train] step=6776 loss=0.011811 lr=9.887e-06
[train] step=6777 loss=0.003688 lr=9.887e-06
[train] step=6778 loss=0.014305 lr=9.887e-06
[train] step=6779 loss=0.018423 lr=9.887e-06
[train] step=6780 loss=0.006494 lr=9.887e-06
[train] step=6781 loss=0.008372 lr=9.887e-06
[train] step=6782 loss=0.007027 lr=9.887e-06
[train] step=6783 loss=0.004675 lr=9.887e-06
[train] step=6784 loss=0.008126 lr=9.887e-06
[train] step=6785 loss=0.008626 lr=9.887e-06
[train] step=6786 loss=0.008883 lr=9.887e-06
[train] step=6787 loss=0.007070 lr=9.887e-06
[train] step=6788 loss=0.006526 lr=9.887e-06
[train] step=6789 loss=0.024766 lr=9.887e-06
[train] step=6790 loss=0.005215 lr=9.887e-06
[train] step=6791 loss=0.005494 lr=9.887e-06
[train] step=6792 loss=0.006901 lr=9.887e-06
[train] step=6793 loss=0.005332 lr=9.887e-06
[train] step=6794 loss=0.009220 lr=9.887e-06
[train] step=6795 loss=0.007757 lr=9.887e-06
[train] step=6796 loss=0.010588 lr=9.887e-06
[train] step=6797 loss=0.005018 lr=9.887e-06
[train] step=6798 loss=0.005204 lr=9.887e-06
[train] step=6799 loss=0.005613 lr=9.887e-06
[train] step=6800 loss=0.011776 lr=9.886e-06
[train] step=6801 loss=0.010482 lr=9.886e-06
[train] step=6802 loss=0.006291 lr=9.886e-06
[train] step=6803 loss=0.012332 lr=9.886e-06
[train] step=6804 loss=0.007202 lr=9.886e-06
[train] step=6805 loss=0.012673 lr=9.886e-06
[train] step=6806 loss=0.006666 lr=9.886e-06
[train] step=6807 loss=0.005050 lr=9.886e-06
[train] step=6808 loss=0.011718 lr=9.886e-06
[train] step=6809 loss=0.005122 lr=9.886e-06
[train] step=6810 loss=0.008488 lr=9.886e-06
[train] step=6811 loss=0.018426 lr=9.886e-06
[train] step=6812 loss=0.006107 lr=9.886e-06
[train] step=6813 loss=0.004970 lr=9.886e-06
[train] step=6814 loss=0.004749 lr=9.886e-06
[train] step=6815 loss=0.023605 lr=9.886e-06
[train] step=6816 loss=0.008351 lr=9.886e-06
[train] step=6817 loss=0.006059 lr=9.886e-06
[train] step=6818 loss=0.005848 lr=9.886e-06
[train] step=6819 loss=0.024368 lr=9.886e-06
[train] step=6820 loss=0.007264 lr=9.886e-06
[train] step=6821 loss=0.008763 lr=9.886e-06
[train] step=6822 loss=0.004682 lr=9.886e-06
[train] step=6823 loss=0.004060 lr=9.886e-06
[train] step=6824 loss=0.007460 lr=9.886e-06
[train] step=6825 loss=0.011847 lr=9.886e-06
[train] step=6826 loss=0.010259 lr=9.886e-06
[train] step=6827 loss=0.005882 lr=9.886e-06
[train] step=6828 loss=0.009612 lr=9.886e-06
[train] step=6829 loss=0.006632 lr=9.886e-06
[train] step=6830 loss=0.011828 lr=9.885e-06
[train] step=6831 loss=0.007831 lr=9.885e-06
[train] step=6832 loss=0.006341 lr=9.885e-06
[train] step=6833 loss=0.005422 lr=9.885e-06
[train] step=6834 loss=0.012475 lr=9.885e-06
[train] step=6835 loss=0.005105 lr=9.885e-06
[train] step=6836 loss=0.009464 lr=9.885e-06
[train] step=6837 loss=0.004865 lr=9.885e-06
[train] step=6838 loss=0.004924 lr=9.885e-06
[train] step=6839 loss=0.035253 lr=9.885e-06
[train] step=6840 loss=0.006928 lr=9.885e-06
[train] step=6841 loss=0.006354 lr=9.885e-06
[train] step=6842 loss=0.006517 lr=9.885e-06
[train] step=6843 loss=0.006546 lr=9.885e-06
[train] step=6844 loss=0.004294 lr=9.885e-06
[train] step=6845 loss=0.007347 lr=9.885e-06
[train] step=6846 loss=0.010017 lr=9.885e-06
[train] step=6847 loss=0.004514 lr=9.885e-06
[train] step=6848 loss=0.009292 lr=9.885e-06
[train] step=6849 loss=0.004657 lr=9.885e-06
[train] step=6850 loss=0.004495 lr=9.885e-06
[train] step=6851 loss=0.007398 lr=9.885e-06
[train] step=6852 loss=0.005494 lr=9.885e-06
[train] step=6853 loss=0.004575 lr=9.885e-06
[train] step=6854 loss=0.006100 lr=9.885e-06
[train] step=6855 loss=0.005893 lr=9.885e-06
[train] step=6856 loss=0.006817 lr=9.885e-06
[train] step=6857 loss=0.011282 lr=9.885e-06
[train] step=6858 loss=0.008519 lr=9.885e-06
[train] step=6859 loss=0.005819 lr=9.885e-06
[train] step=6860 loss=0.003894 lr=9.884e-06
[train] step=6861 loss=0.004788 lr=9.884e-06
[train] step=6862 loss=0.006050 lr=9.884e-06
[train] step=6863 loss=0.004401 lr=9.884e-06
[train] step=6864 loss=0.007922 lr=9.884e-06
[train] step=6865 loss=0.004791 lr=9.884e-06
[train] step=6866 loss=0.005770 lr=9.884e-06
[train] step=6867 loss=0.008578 lr=9.884e-06
[train] step=6868 loss=0.004093 lr=9.884e-06
[train] step=6869 loss=0.004905 lr=9.884e-06
[train] step=6870 loss=0.005974 lr=9.884e-06
[train] step=6871 loss=0.007568 lr=9.884e-06
[train] step=6872 loss=0.010418 lr=9.884e-06
[train] step=6873 loss=0.003728 lr=9.884e-06
[train] step=6874 loss=0.021232 lr=9.884e-06
[train] step=6875 loss=0.008544 lr=9.884e-06
[train] step=6876 loss=0.005101 lr=9.884e-06
[train] step=6877 loss=0.004165 lr=9.884e-06
[train] step=6878 loss=0.023987 lr=9.884e-06
[train] step=6879 loss=0.004366 lr=9.884e-06
[train] step=6880 loss=0.011089 lr=9.884e-06
[train] step=6881 loss=0.006755 lr=9.884e-06
[train] step=6882 loss=0.004993 lr=9.884e-06
[train] step=6883 loss=0.006420 lr=9.884e-06
[train] step=6884 loss=0.006115 lr=9.884e-06
[train] step=6885 loss=0.004713 lr=9.884e-06
[train] step=6886 loss=0.008068 lr=9.884e-06
[train] step=6887 loss=0.006172 lr=9.884e-06
[train] step=6888 loss=0.011582 lr=9.884e-06
[train] step=6889 loss=0.005555 lr=9.884e-06
[train] step=6890 loss=0.005022 lr=9.883e-06
[train] step=6891 loss=0.004739 lr=9.883e-06
[train] step=6892 loss=0.008681 lr=9.883e-06
[train] step=6893 loss=0.012307 lr=9.883e-06
[train] step=6894 loss=0.003970 lr=9.883e-06
[train] step=6895 loss=0.005291 lr=9.883e-06
[train] step=6896 loss=0.010704 lr=9.883e-06
[train] step=6897 loss=0.019000 lr=9.883e-06
[train] step=6898 loss=0.006930 lr=9.883e-06
[train] step=6899 loss=0.006721 lr=9.883e-06
[train] step=6900 loss=0.008740 lr=9.883e-06
[train] step=6901 loss=0.004841 lr=9.883e-06
[train] step=6902 loss=0.006308 lr=9.883e-06
[train] step=6903 loss=0.036601 lr=9.883e-06
[train] step=6904 loss=0.044541 lr=9.883e-06
[train] step=6905 loss=0.004305 lr=9.883e-06
[train] step=6906 loss=0.007637 lr=9.883e-06
[train] step=6907 loss=0.006591 lr=9.883e-06
[train] step=6908 loss=0.024474 lr=9.883e-06
[train] step=6909 loss=0.005866 lr=9.883e-06
[train] step=6910 loss=0.015608 lr=9.883e-06
[train] step=6911 loss=0.009615 lr=9.883e-06
[train] step=6912 loss=0.010976 lr=9.883e-06
[train] step=6913 loss=0.010637 lr=9.883e-06
[train] step=6914 loss=0.009835 lr=9.883e-06
[train] step=6915 loss=0.007542 lr=9.883e-06
[train] step=6916 loss=0.015129 lr=9.883e-06
[train] step=6917 loss=0.009004 lr=9.883e-06
[train] step=6918 loss=0.015604 lr=9.883e-06
[train] step=6919 loss=0.015529 lr=9.882e-06
[train] step=6920 loss=0.015112 lr=9.882e-06
[train] step=6921 loss=0.006923 lr=9.882e-06
[train] step=6922 loss=0.007868 lr=9.882e-06
[train] step=6923 loss=0.004856 lr=9.882e-06
[train] step=6924 loss=0.006545 lr=9.882e-06
[train] step=6925 loss=0.015092 lr=9.882e-06
[train] step=6926 loss=0.006530 lr=9.882e-06
[train] step=6927 loss=0.025085 lr=9.882e-06
[train] step=6928 loss=0.006367 lr=9.882e-06
[train] step=6929 loss=0.010195 lr=9.882e-06
[train] step=6930 loss=0.014291 lr=9.882e-06
[train] step=6931 loss=0.006981 lr=9.882e-06
[train] step=6932 loss=0.018082 lr=9.882e-06
[train] step=6933 loss=0.008502 lr=9.882e-06
[train] step=6934 loss=0.006051 lr=9.882e-06
[train] step=6935 loss=0.015037 lr=9.882e-06
[train] step=6936 loss=0.005273 lr=9.882e-06
[train] step=6937 loss=0.026126 lr=9.882e-06
[train] step=6938 loss=0.006637 lr=9.882e-06
[train] step=6939 loss=0.008156 lr=9.882e-06
[train] step=6940 loss=0.017637 lr=9.882e-06
[train] step=6941 loss=0.010705 lr=9.882e-06
[train] step=6942 loss=0.004784 lr=9.882e-06
[train] step=6943 loss=0.007488 lr=9.882e-06
[train] step=6944 loss=0.005495 lr=9.882e-06
[train] step=6945 loss=0.007499 lr=9.882e-06
[train] step=6946 loss=0.026254 lr=9.882e-06
[train] step=6947 loss=0.011424 lr=9.882e-06
[train] step=6948 loss=0.010050 lr=9.882e-06
[train] step=6949 loss=0.015820 lr=9.881e-06
[train] step=6950 loss=0.006190 lr=9.881e-06
[train] step=6951 loss=0.005534 lr=9.881e-06
[train] step=6952 loss=0.006464 lr=9.881e-06
[train] step=6953 loss=0.012948 lr=9.881e-06
[train] step=6954 loss=0.004943 lr=9.881e-06
[train] step=6955 loss=0.050586 lr=9.881e-06
[train] step=6956 loss=0.012320 lr=9.881e-06
[train] step=6957 loss=0.009620 lr=9.881e-06
[train] step=6958 loss=0.006612 lr=9.881e-06
[train] step=6959 loss=0.010168 lr=9.881e-06
[train] step=6960 loss=0.005754 lr=9.881e-06
[train] step=6961 loss=0.014728 lr=9.881e-06
[train] step=6962 loss=0.013342 lr=9.881e-06
[train] step=6963 loss=0.008233 lr=9.881e-06
[train] step=6964 loss=0.006919 lr=9.881e-06
[train] step=6965 loss=0.006001 lr=9.881e-06
[train] step=6966 loss=0.007291 lr=9.881e-06
[train] step=6967 loss=0.005519 lr=9.881e-06
[train] step=6968 loss=0.005778 lr=9.881e-06
[train] step=6969 loss=0.006061 lr=9.881e-06
[train] step=6970 loss=0.016040 lr=9.881e-06
[train] step=6971 loss=0.008431 lr=9.881e-06
[train] step=6972 loss=0.005737 lr=9.881e-06
[train] step=6973 loss=0.004784 lr=9.881e-06
[train] step=6974 loss=0.005674 lr=9.881e-06
[train] step=6975 loss=0.007725 lr=9.881e-06
[train] step=6976 loss=0.004351 lr=9.881e-06
[train] step=6977 loss=0.014203 lr=9.881e-06
[train] step=6978 loss=0.003543 lr=9.880e-06
[train] step=6979 loss=0.004705 lr=9.880e-06
[train] step=6980 loss=0.006592 lr=9.880e-06
[train] step=6981 loss=0.020141 lr=9.880e-06
[train] step=6982 loss=0.007615 lr=9.880e-06
[train] step=6983 loss=0.012250 lr=9.880e-06
[train] step=6984 loss=0.050044 lr=9.880e-06
[train] step=6985 loss=0.003108 lr=9.880e-06
[train] step=6986 loss=0.066507 lr=9.880e-06
[train] step=6987 loss=0.004249 lr=9.880e-06
[train] step=6988 loss=0.012081 lr=9.880e-06
[train] step=6989 loss=0.015083 lr=9.880e-06
[train] step=6990 loss=0.005668 lr=9.880e-06
[train] step=6991 loss=0.004459 lr=9.880e-06
[train] step=6992 loss=0.036737 lr=9.880e-06
[train] step=6993 loss=0.009012 lr=9.880e-06
[train] step=6994 loss=0.015355 lr=9.880e-06
[train] step=6995 loss=0.012260 lr=9.880e-06
[train] step=6996 loss=0.006002 lr=9.880e-06
[train] step=6997 loss=0.006826 lr=9.880e-06
[train] step=6998 loss=0.010592 lr=9.880e-06
[train] step=6999 loss=0.006589 lr=9.880e-06
[train] step=7000 loss=0.008784 lr=9.880e-06
INFO     [rank 0] Model weights for step 7000 saved in       dit_trainer.py:1085
         checkpoints/model_weights_step_07000.safetensors                       
INFO     [rank 0] Scalar embedding weights for step 7000     dit_trainer.py:1092
         saved                                                                  
INFO     [rank 0] Training state saved:                      dit_trainer.py:1123
         checkpoints/model_weights_step_07000.state.pt                          
DEBUG    [rank 0] Removed old checkpoint:                    dit_trainer.py:1136
         /local/disk/hramachandran/work/wh_work/windinet/dit                    
         _throughput_sweep_bs4/checkpoints/model_weights_ste                    
         p_06500.safetensors                                                    
DEBUG    [rank 0] Removed old checkpoint:                    dit_trainer.py:1136
         /local/disk/hramachandran/work/wh_work/windinet/dit                    
         _throughput_sweep_bs4/checkpoints/model_weights_ste                    
         p_06500.state.pt                                                       
DEBUG    [rank 0] Removed old checkpoint:                    dit_trainer.py:1136
         /local/disk/hramachandran/work/wh_work/windinet/dit                    
         _throughput_sweep_bs4/checkpoints/scalar_embedding_                    
         step_06500.safetensors                                                 
[epoch 14] step=7000 train_loss=0.010186
[train] step=7001 loss=0.008577 lr=9.880e-06
[train] step=7002 loss=0.006499 lr=9.880e-06
[train] step=7003 loss=0.004516 lr=9.880e-06
[train] step=7004 loss=0.013595 lr=9.880e-06
[train] step=7005 loss=0.008941 lr=9.880e-06
[train] step=7006 loss=0.005972 lr=9.880e-06
[train] step=7007 loss=0.004838 lr=9.879e-06
[train] step=7008 loss=0.006876 lr=9.879e-06
[train] step=7009 loss=0.007334 lr=9.879e-06
[train] step=7010 loss=0.009599 lr=9.879e-06
[train] step=7011 loss=0.007247 lr=9.879e-06
[train] step=7012 loss=0.010922 lr=9.879e-06
[train] step=7013 loss=0.007850 lr=9.879e-06
[train] step=7014 loss=0.005160 lr=9.879e-06
[train] step=7015 loss=0.014830 lr=9.879e-06
[train] step=7016 loss=0.006421 lr=9.879e-06
[train] step=7017 loss=0.004719 lr=9.879e-06
[train] step=7018 loss=0.006752 lr=9.879e-06
[train] step=7019 loss=0.003497 lr=9.879e-06
[train] step=7020 loss=0.011169 lr=9.879e-06
[train] step=7021 loss=0.005599 lr=9.879e-06
[train] step=7022 loss=0.005179 lr=9.879e-06
[train] step=7023 loss=0.004308 lr=9.879e-06
[train] step=7024 loss=0.004821 lr=9.879e-06
[train] step=7025 loss=0.011317 lr=9.879e-06
[train] step=7026 loss=0.007821 lr=9.879e-06
[train] step=7027 loss=0.004297 lr=9.879e-06
[train] step=7028 loss=0.004943 lr=9.879e-06
[train] step=7029 loss=0.010267 lr=9.879e-06
[train] step=7030 loss=0.008530 lr=9.879e-06
[train] step=7031 loss=0.007825 lr=9.879e-06
[train] step=7032 loss=0.006121 lr=9.879e-06
[train] step=7033 loss=0.003322 lr=9.879e-06
[train] step=7034 loss=0.027183 lr=9.879e-06
[train] step=7035 loss=0.004945 lr=9.879e-06
[train] step=7036 loss=0.005930 lr=9.879e-06
[train] step=7037 loss=0.004740 lr=9.878e-06
[train] step=7038 loss=0.006622 lr=9.878e-06
[train] step=7039 loss=0.019183 lr=9.878e-06
[train] step=7040 loss=0.005425 lr=9.878e-06
[train] step=7041 loss=0.022129 lr=9.878e-06
[train] step=7042 loss=0.006356 lr=9.878e-06
[train] step=7043 loss=0.011343 lr=9.878e-06
[train] step=7044 loss=0.009582 lr=9.878e-06
[train] step=7045 loss=0.017834 lr=9.878e-06
[train] step=7046 loss=0.013318 lr=9.878e-06
[train] step=7047 loss=0.025683 lr=9.878e-06
[train] step=7048 loss=0.010746 lr=9.878e-06
[train] step=7049 loss=0.004896 lr=9.878e-06
[train] step=7050 loss=0.012271 lr=9.878e-06
[train] step=7051 loss=0.009235 lr=9.878e-06
[train] step=7052 loss=0.007251 lr=9.878e-06
[train] step=7053 loss=0.083260 lr=9.878e-06
[train] step=7054 loss=0.012500 lr=9.878e-06
[train] step=7055 loss=0.010413 lr=9.878e-06
[train] step=7056 loss=0.019827 lr=9.878e-06
[train] step=7057 loss=0.007732 lr=9.878e-06
[train] step=7058 loss=0.010306 lr=9.878e-06
[train] step=7059 loss=0.031901 lr=9.878e-06
[train] step=7060 loss=0.011053 lr=9.878e-06
[train] step=7061 loss=0.009515 lr=9.878e-06
[train] step=7062 loss=0.006751 lr=9.878e-06
[train] step=7063 loss=0.007861 lr=9.878e-06
[train] step=7064 loss=0.024412 lr=9.878e-06
[train] step=7065 loss=0.005313 lr=9.878e-06
[train] step=7066 loss=0.010523 lr=9.877e-06
[train] step=7067 loss=0.010472 lr=9.877e-06
[train] step=7068 loss=0.008809 lr=9.877e-06
[train] step=7069 loss=0.014942 lr=9.877e-06
[train] step=7070 loss=0.005215 lr=9.877e-06
[train] step=7071 loss=0.009754 lr=9.877e-06
[train] step=7072 loss=0.008009 lr=9.877e-06
[train] step=7073 loss=0.013658 lr=9.877e-06
[train] step=7074 loss=0.009017 lr=9.877e-06
[train] step=7075 loss=0.007252 lr=9.877e-06
[train] step=7076 loss=0.034015 lr=9.877e-06
[train] step=7077 loss=0.010927 lr=9.877e-06
[train] step=7078 loss=0.018599 lr=9.877e-06
[train] step=7079 loss=0.013319 lr=9.877e-06
[train] step=7080 loss=0.020479 lr=9.877e-06
[train] step=7081 loss=0.016631 lr=9.877e-06
[train] step=7082 loss=0.032017 lr=9.877e-06
[train] step=7083 loss=0.006467 lr=9.877e-06
[train] step=7084 loss=0.029343 lr=9.877e-06
[train] step=7085 loss=0.013496 lr=9.877e-06
[train] step=7086 loss=0.007821 lr=9.877e-06
[train] step=7087 loss=0.008802 lr=9.877e-06
[train] step=7088 loss=0.011427 lr=9.877e-06
[train] step=7089 loss=0.009276 lr=9.877e-06
[train] step=7090 loss=0.014502 lr=9.877e-06
[train] step=7091 loss=0.008614 lr=9.877e-06
[train] step=7092 loss=0.020684 lr=9.877e-06
[train] step=7093 loss=0.012062 lr=9.877e-06
[train] step=7094 loss=0.006790 lr=9.876e-06
[train] step=7095 loss=0.009995 lr=9.876e-06
[train] step=7096 loss=0.010997 lr=9.876e-06
[train] step=7097 loss=0.007216 lr=9.876e-06
[train] step=7098 loss=0.007910 lr=9.876e-06
[train] step=7099 loss=0.022509 lr=9.876e-06
[train] step=7100 loss=0.007531 lr=9.876e-06
[train] step=7101 loss=0.009627 lr=9.876e-06
[train] step=7102 loss=0.011193 lr=9.876e-06
[train] step=7103 loss=0.017684 lr=9.876e-06
[train] step=7104 loss=0.005306 lr=9.876e-06
[train] step=7105 loss=0.010734 lr=9.876e-06
[train] step=7106 loss=0.012646 lr=9.876e-06
[train] step=7107 loss=0.005811 lr=9.876e-06
[train] step=7108 loss=0.008392 lr=9.876e-06
[train] step=7109 loss=0.009407 lr=9.876e-06
[train] step=7110 loss=0.006862 lr=9.876e-06
[train] step=7111 loss=0.011181 lr=9.876e-06
[train] step=7112 loss=0.004669 lr=9.876e-06
[train] step=7113 loss=0.005896 lr=9.876e-06
[train] step=7114 loss=0.006210 lr=9.876e-06
[train] step=7115 loss=0.007229 lr=9.876e-06
[train] step=7116 loss=0.019091 lr=9.876e-06
[train] step=7117 loss=0.008701 lr=9.876e-06
[train] step=7118 loss=0.009192 lr=9.876e-06
[train] step=7119 loss=0.004295 lr=9.876e-06
[train] step=7120 loss=0.007327 lr=9.876e-06
[train] step=7121 loss=0.005208 lr=9.876e-06
[train] step=7122 loss=0.023658 lr=9.876e-06
[train] step=7123 loss=0.005534 lr=9.875e-06
[train] step=7124 loss=0.077187 lr=9.875e-06
[train] step=7125 loss=0.008850 lr=9.875e-06
[train] step=7126 loss=0.017095 lr=9.875e-06
[train] step=7127 loss=0.007457 lr=9.875e-06
[train] step=7128 loss=0.015665 lr=9.875e-06
[train] step=7129 loss=0.029650 lr=9.875e-06
[train] step=7130 loss=0.004832 lr=9.875e-06
[train] step=7131 loss=0.014732 lr=9.875e-06
[train] step=7132 loss=0.020555 lr=9.875e-06
[train] step=7133 loss=0.007186 lr=9.875e-06
[train] step=7134 loss=0.010613 lr=9.875e-06
[train] step=7135 loss=0.007422 lr=9.875e-06
[train] step=7136 loss=0.009182 lr=9.875e-06
[train] step=7137 loss=0.009061 lr=9.875e-06
[train] step=7138 loss=0.068078 lr=9.875e-06
[train] step=7139 loss=0.008168 lr=9.875e-06
[train] step=7140 loss=0.006421 lr=9.875e-06
[train] step=7141 loss=0.015115 lr=9.875e-06
[train] step=7142 loss=0.015762 lr=9.875e-06
[train] step=7143 loss=0.024215 lr=9.875e-06
[train] step=7144 loss=0.005943 lr=9.875e-06
[train] step=7145 loss=0.015950 lr=9.875e-06
[train] step=7146 loss=0.006096 lr=9.875e-06
[train] step=7147 loss=0.013814 lr=9.875e-06
[train] step=7148 loss=0.021346 lr=9.875e-06
[train] step=7149 loss=0.006524 lr=9.875e-06
[train] step=7150 loss=0.013478 lr=9.875e-06
[train] step=7151 loss=0.021031 lr=9.875e-06
[train] step=7152 loss=0.007825 lr=9.874e-06
[train] step=7153 loss=0.004526 lr=9.874e-06
[train] step=7154 loss=0.013735 lr=9.874e-06
[train] step=7155 loss=0.009105 lr=9.874e-06
[train] step=7156 loss=0.004919 lr=9.874e-06
[train] step=7157 loss=0.009906 lr=9.874e-06
[train] step=7158 loss=0.006955 lr=9.874e-06
[train] step=7159 loss=0.006606 lr=9.874e-06
[train] step=7160 loss=0.006438 lr=9.874e-06
[train] step=7161 loss=0.009118 lr=9.874e-06
[train] step=7162 loss=0.004565 lr=9.874e-06
[train] step=7163 loss=0.005448 lr=9.874e-06
[train] step=7164 loss=0.014900 lr=9.874e-06
[train] step=7165 loss=0.004839 lr=9.874e-06
[train] step=7166 loss=0.013918 lr=9.874e-06
[train] step=7167 loss=0.076725 lr=9.874e-06
[train] step=7168 loss=0.005284 lr=9.874e-06
[train] step=7169 loss=0.010414 lr=9.874e-06
[train] step=7170 loss=0.011623 lr=9.874e-06
[train] step=7171 loss=0.012664 lr=9.874e-06
[train] step=7172 loss=0.008563 lr=9.874e-06
[train] step=7173 loss=0.006317 lr=9.874e-06
[train] step=7174 loss=0.005363 lr=9.874e-06
[train] step=7175 loss=0.009875 lr=9.874e-06
[train] step=7176 loss=0.005311 lr=9.874e-06
[train] step=7177 loss=0.006770 lr=9.874e-06
[train] step=7178 loss=0.006287 lr=9.874e-06
[train] step=7179 loss=0.007349 lr=9.874e-06
[train] step=7180 loss=0.006609 lr=9.873e-06
[train] step=7181 loss=0.003933 lr=9.873e-06
[train] step=7182 loss=0.010350 lr=9.873e-06
[train] step=7183 loss=0.009188 lr=9.873e-06
[train] step=7184 loss=0.005663 lr=9.873e-06
[train] step=7185 loss=0.005648 lr=9.873e-06
[train] step=7186 loss=0.007849 lr=9.873e-06
[train] step=7187 loss=0.007909 lr=9.873e-06
[train] step=7188 loss=0.005393 lr=9.873e-06
[train] step=7189 loss=0.008031 lr=9.873e-06
[train] step=7190 loss=0.009088 lr=9.873e-06
[train] step=7191 loss=0.005559 lr=9.873e-06
[train] step=7192 loss=0.004203 lr=9.873e-06
[train] step=7193 loss=0.007956 lr=9.873e-06
[train] step=7194 loss=0.015722 lr=9.873e-06
[train] step=7195 loss=0.003701 lr=9.873e-06
[train] step=7196 loss=0.004008 lr=9.873e-06
[train] step=7197 loss=0.007255 lr=9.873e-06
[train] step=7198 loss=0.006905 lr=9.873e-06
[train] step=7199 loss=0.004134 lr=9.873e-06
[train] step=7200 loss=0.041551 lr=9.873e-06
[train] step=7201 loss=0.030299 lr=9.873e-06
[train] step=7202 loss=0.008767 lr=9.873e-06
[train] step=7203 loss=0.004878 lr=9.873e-06
[train] step=7204 loss=0.005026 lr=9.873e-06
[train] step=7205 loss=0.005526 lr=9.873e-06
[train] step=7206 loss=0.011973 lr=9.873e-06
[train] step=7207 loss=0.010069 lr=9.873e-06
[train] step=7208 loss=0.005983 lr=9.873e-06
[train] step=7209 loss=0.008941 lr=9.872e-06
[train] step=7210 loss=0.005393 lr=9.872e-06
[train] step=7211 loss=0.003764 lr=9.872e-06
[train] step=7212 loss=0.004106 lr=9.872e-06
[train] step=7213 loss=0.017776 lr=9.872e-06
[train] step=7214 loss=0.007163 lr=9.872e-06
[train] step=7215 loss=0.015748 lr=9.872e-06
[train] step=7216 loss=0.008788 lr=9.872e-06
[train] step=7217 loss=0.004390 lr=9.872e-06
[train] step=7218 loss=0.003925 lr=9.872e-06
[train] step=7219 loss=0.004790 lr=9.872e-06
[train] step=7220 loss=0.014085 lr=9.872e-06
[train] step=7221 loss=0.004406 lr=9.872e-06
[train] step=7222 loss=0.010818 lr=9.872e-06
[train] step=7223 loss=0.010366 lr=9.872e-06
[train] step=7224 loss=0.004551 lr=9.872e-06
[train] step=7225 loss=0.005435 lr=9.872e-06
[train] step=7226 loss=0.005166 lr=9.872e-06
[train] step=7227 loss=0.018364 lr=9.872e-06
[train] step=7228 loss=0.005154 lr=9.872e-06
[train] step=7229 loss=0.016353 lr=9.872e-06
[train] step=7230 loss=0.007901 lr=9.872e-06
[train] step=7231 loss=0.008843 lr=9.872e-06
[train] step=7232 loss=0.006100 lr=9.872e-06
[train] step=7233 loss=0.005527 lr=9.872e-06
[train] step=7234 loss=0.005043 lr=9.872e-06
[train] step=7235 loss=0.007313 lr=9.872e-06
[train] step=7236 loss=0.006590 lr=9.872e-06
[train] step=7237 loss=0.014240 lr=9.871e-06
[train] step=7238 loss=0.004073 lr=9.871e-06
[train] step=7239 loss=0.015009 lr=9.871e-06
[train] step=7240 loss=0.007785 lr=9.871e-06
[train] step=7241 loss=0.005155 lr=9.871e-06
[train] step=7242 loss=0.012425 lr=9.871e-06
[train] step=7243 loss=0.008341 lr=9.871e-06
[train] step=7244 loss=0.004216 lr=9.871e-06
[train] step=7245 loss=0.008841 lr=9.871e-06
[train] step=7246 loss=0.004854 lr=9.871e-06
[train] step=7247 loss=0.006048 lr=9.871e-06
[train] step=7248 loss=0.005635 lr=9.871e-06
[train] step=7249 loss=0.003449 lr=9.871e-06
[train] step=7250 loss=0.007978 lr=9.871e-06
[train] step=7251 loss=0.004052 lr=9.871e-06
[train] step=7252 loss=0.016256 lr=9.871e-06
[train] step=7253 loss=0.008840 lr=9.871e-06
[train] step=7254 loss=0.014805 lr=9.871e-06
[train] step=7255 loss=0.005862 lr=9.871e-06
[train] step=7256 loss=0.007974 lr=9.871e-06
[train] step=7257 loss=0.014227 lr=9.871e-06
[train] step=7258 loss=0.003990 lr=9.871e-06
[train] step=7259 loss=0.003728 lr=9.871e-06
[train] step=7260 loss=0.006812 lr=9.871e-06
[train] step=7261 loss=0.005471 lr=9.871e-06
[train] step=7262 loss=0.009461 lr=9.871e-06
[train] step=7263 loss=0.004013 lr=9.871e-06
[train] step=7264 loss=0.003399 lr=9.871e-06
[train] step=7265 loss=0.006306 lr=9.870e-06
[train] step=7266 loss=0.005901 lr=9.870e-06
[train] step=7267 loss=0.004950 lr=9.870e-06
[train] step=7268 loss=0.004398 lr=9.870e-06
[train] step=7269 loss=0.004789 lr=9.870e-06
[train] step=7270 loss=0.003855 lr=9.870e-06
[train] step=7271 loss=0.013435 lr=9.870e-06
[train] step=7272 loss=0.006943 lr=9.870e-06
[train] step=7273 loss=0.004948 lr=9.870e-06
[train] step=7274 loss=0.007986 lr=9.870e-06
[train] step=7275 loss=0.004819 lr=9.870e-06
[train] step=7276 loss=0.003162 lr=9.870e-06
[train] step=7277 loss=0.008155 lr=9.870e-06
[train] step=7278 loss=0.010500 lr=9.870e-06
[train] step=7279 loss=0.005784 lr=9.870e-06
[train] step=7280 loss=0.018896 lr=9.870e-06
[train] step=7281 loss=0.007320 lr=9.870e-06
[train] step=7282 loss=0.004404 lr=9.870e-06
[train] step=7283 loss=0.004666 lr=9.870e-06
[train] step=7284 loss=0.014459 lr=9.870e-06
[train] step=7285 loss=0.005215 lr=9.870e-06
[train] step=7286 loss=0.006355 lr=9.870e-06
[train] step=7287 loss=0.008393 lr=9.870e-06
[train] step=7288 loss=0.005503 lr=9.870e-06
[train] step=7289 loss=0.086860 lr=9.870e-06
[train] step=7290 loss=0.006754 lr=9.870e-06
[train] step=7291 loss=0.004507 lr=9.870e-06
[train] step=7292 loss=0.012199 lr=9.870e-06
[train] step=7293 loss=0.004933 lr=9.870e-06
[train] step=7294 loss=0.003753 lr=9.869e-06
[train] step=7295 loss=0.011345 lr=9.869e-06
[train] step=7296 loss=0.005892 lr=9.869e-06
[train] step=7297 loss=0.005319 lr=9.869e-06
[train] step=7298 loss=0.004456 lr=9.869e-06
[train] step=7299 loss=0.004452 lr=9.869e-06
[train] step=7300 loss=0.009816 lr=9.869e-06
[train] step=7301 loss=0.005200 lr=9.869e-06
[train] step=7302 loss=0.009356 lr=9.869e-06
[train] step=7303 loss=0.020331 lr=9.869e-06
[train] step=7304 loss=0.063699 lr=9.869e-06
[train] step=7305 loss=0.005078 lr=9.869e-06
[train] step=7306 loss=0.011372 lr=9.869e-06
[train] step=7307 loss=0.006277 lr=9.869e-06
[train] step=7308 loss=0.005752 lr=9.869e-06
[train] step=7309 loss=0.012060 lr=9.869e-06
[train] step=7310 loss=0.005026 lr=9.869e-06
[train] step=7311 loss=0.003611 lr=9.869e-06
[train] step=7312 loss=0.010909 lr=9.869e-06
[train] step=7313 loss=0.004738 lr=9.869e-06
[train] step=7314 loss=0.009256 lr=9.869e-06
[train] step=7315 loss=0.008225 lr=9.869e-06
[train] step=7316 loss=0.004971 lr=9.869e-06
[train] step=7317 loss=0.010247 lr=9.869e-06
[train] step=7318 loss=0.006015 lr=9.869e-06
[train] step=7319 loss=0.007667 lr=9.869e-06
[train] step=7320 loss=0.013616 lr=9.869e-06
[train] step=7321 loss=0.003564 lr=9.869e-06
[train] step=7322 loss=0.006820 lr=9.868e-06
[train] step=7323 loss=0.007586 lr=9.868e-06
[train] step=7324 loss=0.005545 lr=9.868e-06
[train] step=7325 loss=0.018368 lr=9.868e-06
[train] step=7326 loss=0.012924 lr=9.868e-06
[train] step=7327 loss=0.008898 lr=9.868e-06
[train] step=7328 loss=0.005105 lr=9.868e-06
[train] step=7329 loss=0.006932 lr=9.868e-06
[train] step=7330 loss=0.003776 lr=9.868e-06
[train] step=7331 loss=0.007676 lr=9.868e-06
[train] step=7332 loss=0.006476 lr=9.868e-06
[train] step=7333 loss=0.006364 lr=9.868e-06
[train] step=7334 loss=0.039977 lr=9.868e-06
[train] step=7335 loss=0.009883 lr=9.868e-06
[train] step=7336 loss=0.005131 lr=9.868e-06
[train] step=7337 loss=0.007801 lr=9.868e-06
[train] step=7338 loss=0.007107 lr=9.868e-06
[train] step=7339 loss=0.004914 lr=9.868e-06
[train] step=7340 loss=0.019070 lr=9.868e-06
[train] step=7341 loss=0.004927 lr=9.868e-06
[train] step=7342 loss=0.004233 lr=9.868e-06
[train] step=7343 loss=0.003377 lr=9.868e-06
[train] step=7344 loss=0.030158 lr=9.868e-06
[train] step=7345 loss=0.005764 lr=9.868e-06
[train] step=7346 loss=0.010979 lr=9.868e-06
[train] step=7347 loss=0.011132 lr=9.868e-06
[train] step=7348 loss=0.005205 lr=9.868e-06
[train] step=7349 loss=0.005329 lr=9.868e-06
[train] step=7350 loss=0.005446 lr=9.867e-06
[train] step=7351 loss=0.016928 lr=9.867e-06
[train] step=7352 loss=0.003836 lr=9.867e-06
[train] step=7353 loss=0.005793 lr=9.867e-06
[train] step=7354 loss=0.004288 lr=9.867e-06
[train] step=7355 loss=0.007663 lr=9.867e-06
[train] step=7356 loss=0.009867 lr=9.867e-06
[train] step=7357 loss=0.006265 lr=9.867e-06
[train] step=7358 loss=0.011731 lr=9.867e-06
[train] step=7359 loss=0.004934 lr=9.867e-06
[train] step=7360 loss=0.004286 lr=9.867e-06
[train] step=7361 loss=0.005989 lr=9.867e-06
[train] step=7362 loss=0.007321 lr=9.867e-06
[train] step=7363 loss=0.052609 lr=9.867e-06
[train] step=7364 loss=0.020540 lr=9.867e-06
[train] step=7365 loss=0.007779 lr=9.867e-06
[train] step=7366 loss=0.005489 lr=9.867e-06
[train] step=7367 loss=0.006539 lr=9.867e-06
[train] step=7368 loss=0.013376 lr=9.867e-06
[train] step=7369 loss=0.005228 lr=9.867e-06
[train] step=7370 loss=0.005459 lr=9.867e-06
[train] step=7371 loss=0.004614 lr=9.867e-06
[train] step=7372 loss=0.014954 lr=9.867e-06
[train] step=7373 loss=0.013240 lr=9.867e-06
[train] step=7374 loss=0.009767 lr=9.867e-06
[train] step=7375 loss=0.005212 lr=9.867e-06
[train] step=7376 loss=0.005102 lr=9.867e-06
[train] step=7377 loss=0.007060 lr=9.866e-06
[train] step=7378 loss=0.007982 lr=9.866e-06
[train] step=7379 loss=0.005500 lr=9.866e-06
[train] step=7380 loss=0.007235 lr=9.866e-06
[train] step=7381 loss=0.003775 lr=9.866e-06
[train] step=7382 loss=0.015943 lr=9.866e-06
[train] step=7383 loss=0.010303 lr=9.866e-06
[train] step=7384 loss=0.010812 lr=9.866e-06
[train] step=7385 loss=0.004253 lr=9.866e-06
[train] step=7386 loss=0.004633 lr=9.866e-06
[train] step=7387 loss=0.007152 lr=9.866e-06
[train] step=7388 loss=0.009015 lr=9.866e-06
[train] step=7389 loss=0.006009 lr=9.866e-06
[train] step=7390 loss=0.004651 lr=9.866e-06
[train] step=7391 loss=0.006398 lr=9.866e-06
[train] step=7392 loss=0.004943 lr=9.866e-06
[train] step=7393 loss=0.004771 lr=9.866e-06
[train] step=7394 loss=0.007374 lr=9.866e-06
[train] step=7395 loss=0.008712 lr=9.866e-06
[train] step=7396 loss=0.012833 lr=9.866e-06
[train] step=7397 loss=0.010937 lr=9.866e-06
[train] step=7398 loss=0.003622 lr=9.866e-06
[train] step=7399 loss=0.023187 lr=9.866e-06
[train] step=7400 loss=0.006027 lr=9.866e-06
[train] step=7401 loss=0.006340 lr=9.866e-06
[train] step=7402 loss=0.009593 lr=9.866e-06
[train] step=7403 loss=0.004001 lr=9.866e-06
[train] step=7404 loss=0.014638 lr=9.866e-06
[train] step=7405 loss=0.005105 lr=9.865e-06
[train] step=7406 loss=0.015293 lr=9.865e-06
[train] step=7407 loss=0.006618 lr=9.865e-06
[train] step=7408 loss=0.009021 lr=9.865e-06
[train] step=7409 loss=0.005163 lr=9.865e-06
[train] step=7410 loss=0.014903 lr=9.865e-06
[train] step=7411 loss=0.010589 lr=9.865e-06
[train] step=7412 loss=0.006235 lr=9.865e-06
[train] step=7413 loss=0.005613 lr=9.865e-06
[train] step=7414 loss=0.007532 lr=9.865e-06
[train] step=7415 loss=0.008363 lr=9.865e-06
[train] step=7416 loss=0.013754 lr=9.865e-06
[train] step=7417 loss=0.026891 lr=9.865e-06
[train] step=7418 loss=0.003958 lr=9.865e-06
[train] step=7419 loss=0.009070 lr=9.865e-06
[train] step=7420 loss=0.012232 lr=9.865e-06
[train] step=7421 loss=0.005277 lr=9.865e-06
[train] step=7422 loss=0.006155 lr=9.865e-06
[train] step=7423 loss=0.005246 lr=9.865e-06
[train] step=7424 loss=0.008493 lr=9.865e-06
[train] step=7425 loss=0.010906 lr=9.865e-06
[train] step=7426 loss=0.012232 lr=9.865e-06
[train] step=7427 loss=0.008839 lr=9.865e-06
[train] step=7428 loss=0.006589 lr=9.865e-06
[train] step=7429 loss=0.005054 lr=9.865e-06
[train] step=7430 loss=0.007765 lr=9.865e-06
[train] step=7431 loss=0.012136 lr=9.865e-06
[train] step=7432 loss=0.006077 lr=9.865e-06
[train] step=7433 loss=0.005702 lr=9.864e-06
[train] step=7434 loss=0.004553 lr=9.864e-06
[train] step=7435 loss=0.004569 lr=9.864e-06
[train] step=7436 loss=0.005627 lr=9.864e-06
[train] step=7437 loss=0.008563 lr=9.864e-06
[train] step=7438 loss=0.004323 lr=9.864e-06
[train] step=7439 loss=0.007882 lr=9.864e-06
[train] step=7440 loss=0.003323 lr=9.864e-06
[train] step=7441 loss=0.003755 lr=9.864e-06
[train] step=7442 loss=0.014914 lr=9.864e-06
[train] step=7443 loss=0.007044 lr=9.864e-06
[train] step=7444 loss=0.004449 lr=9.864e-06
[train] step=7445 loss=0.005134 lr=9.864e-06
[train] step=7446 loss=0.004888 lr=9.864e-06
[train] step=7447 loss=0.004415 lr=9.864e-06
[train] step=7448 loss=0.005016 lr=9.864e-06
[train] step=7449 loss=0.004642 lr=9.864e-06
[train] step=7450 loss=0.003487 lr=9.864e-06
[train] step=7451 loss=0.005039 lr=9.864e-06
[train] step=7452 loss=0.006382 lr=9.864e-06
[train] step=7453 loss=0.003391 lr=9.864e-06
[train] step=7454 loss=0.003512 lr=9.864e-06
[train] step=7455 loss=0.013683 lr=9.864e-06
[train] step=7456 loss=0.004348 lr=9.864e-06
[train] step=7457 loss=0.007061 lr=9.864e-06
[train] step=7458 loss=0.003695 lr=9.864e-06
[train] step=7459 loss=0.007253 lr=9.864e-06
[train] step=7460 loss=0.004790 lr=9.863e-06
[train] step=7461 loss=0.004112 lr=9.863e-06
[train] step=7462 loss=0.003618 lr=9.863e-06
[train] step=7463 loss=0.002980 lr=9.863e-06
[train] step=7464 loss=0.003923 lr=9.863e-06
[train] step=7465 loss=0.005053 lr=9.863e-06
[train] step=7466 loss=0.003916 lr=9.863e-06
[train] step=7467 loss=0.022099 lr=9.863e-06
[train] step=7468 loss=0.004401 lr=9.863e-06
[train] step=7469 loss=0.020223 lr=9.863e-06
[train] step=7470 loss=0.004738 lr=9.863e-06
[train] step=7471 loss=0.021499 lr=9.863e-06
[train] step=7472 loss=0.005064 lr=9.863e-06
[train] step=7473 loss=0.002621 lr=9.863e-06
[train] step=7474 loss=0.007528 lr=9.863e-06
[train] step=7475 loss=0.008672 lr=9.863e-06
[train] step=7476 loss=0.005168 lr=9.863e-06
[train] step=7477 loss=0.003927 lr=9.863e-06
[train] step=7478 loss=0.003730 lr=9.863e-06
[train] step=7479 loss=0.013529 lr=9.863e-06
[train] step=7480 loss=0.004694 lr=9.863e-06
[train] step=7481 loss=0.010338 lr=9.863e-06
[train] step=7482 loss=0.008812 lr=9.863e-06
[train] step=7483 loss=0.004027 lr=9.863e-06
[train] step=7484 loss=0.015292 lr=9.863e-06
[train] step=7485 loss=0.083616 lr=9.863e-06
[train] step=7486 loss=0.004956 lr=9.863e-06
[train] step=7487 loss=0.010056 lr=9.863e-06
[train] step=7488 loss=0.021106 lr=9.862e-06
[train] step=7489 loss=0.007636 lr=9.862e-06
[train] step=7490 loss=0.008523 lr=9.862e-06
[train] step=7491 loss=0.004778 lr=9.862e-06
[train] step=7492 loss=0.003857 lr=9.862e-06
[train] step=7493 loss=0.005690 lr=9.862e-06
[train] step=7494 loss=0.009580 lr=9.862e-06
[train] step=7495 loss=0.005720 lr=9.862e-06
[train] step=7496 loss=0.006519 lr=9.862e-06
[train] step=7497 loss=0.008299 lr=9.862e-06
[train] step=7498 loss=0.007306 lr=9.862e-06
[train] step=7499 loss=0.010423 lr=9.862e-06
[train] step=7500 loss=0.007422 lr=9.862e-06
INFO     [rank 0] Model weights for step 7500 saved in       dit_trainer.py:1085
         checkpoints/model_weights_step_07500.safetensors                       
INFO     [rank 0] Scalar embedding weights for step 7500     dit_trainer.py:1092
         saved                                                                  
INFO     [rank 0] Training state saved:                      dit_trainer.py:1123
         checkpoints/model_weights_step_07500.state.pt                          
DEBUG    [rank 0] Removed old checkpoint:                    dit_trainer.py:1136
         /local/disk/hramachandran/work/wh_work/windinet/dit                    
         _throughput_sweep_bs4/checkpoints/model_weights_ste                    
         p_07000.safetensors                                                    
DEBUG    [rank 0] Removed old checkpoint:                    dit_trainer.py:1136
         /local/disk/hramachandran/work/wh_work/windinet/dit                    
         _throughput_sweep_bs4/checkpoints/model_weights_ste                    
         p_07000.state.pt                                                       
DEBUG    [rank 0] Removed old checkpoint:                    dit_trainer.py:1136
         /local/disk/hramachandran/work/wh_work/windinet/dit                    
         _throughput_sweep_bs4/checkpoints/scalar_embedding_                    
         step_07000.safetensors                                                 
[epoch 15] step=7500 train_loss=0.009998
[train] step=7501 loss=0.004440 lr=9.862e-06
[train] step=7502 loss=0.006918 lr=9.862e-06
[train] step=7503 loss=0.004510 lr=9.862e-06
[train] step=7504 loss=0.012062 lr=9.862e-06
[train] step=7505 loss=0.003375 lr=9.862e-06
[train] step=7506 loss=0.007296 lr=9.862e-06
[train] step=7507 loss=0.002867 lr=9.862e-06
[train] step=7508 loss=0.004993 lr=9.862e-06
[train] step=7509 loss=0.006291 lr=9.862e-06
[train] step=7510 loss=0.006310 lr=9.862e-06
[train] step=7511 loss=0.004185 lr=9.862e-06
[train] step=7512 loss=0.008161 lr=9.862e-06
[train] step=7513 loss=0.002685 lr=9.862e-06
[train] step=7514 loss=0.008174 lr=9.862e-06
[train] step=7515 loss=0.006476 lr=9.861e-06
[train] step=7516 loss=0.005051 lr=9.861e-06
[train] step=7517 loss=0.004033 lr=9.861e-06
[train] step=7518 loss=0.005128 lr=9.861e-06
[train] step=7519 loss=0.002979 lr=9.861e-06
[train] step=7520 loss=0.004024 lr=9.861e-06
[train] step=7521 loss=0.003984 lr=9.861e-06
[train] step=7522 loss=0.007659 lr=9.861e-06
[train] step=7523 loss=0.003091 lr=9.861e-06
[train] step=7524 loss=0.070504 lr=9.861e-06
[train] step=7525 loss=0.004881 lr=9.861e-06
[train] step=7526 loss=0.004645 lr=9.861e-06
[train] step=7527 loss=0.007755 lr=9.861e-06
[train] step=7528 loss=0.003520 lr=9.861e-06
[train] step=7529 loss=0.004924 lr=9.861e-06
[train] step=7530 loss=0.012762 lr=9.861e-06
[train] step=7531 loss=0.011422 lr=9.861e-06
[train] step=7532 loss=0.004932 lr=9.861e-06
[train] step=7533 loss=0.006395 lr=9.861e-06
[train] step=7534 loss=0.011192 lr=9.861e-06
[train] step=7535 loss=0.042407 lr=9.861e-06
[train] step=7536 loss=0.013468 lr=9.861e-06
[train] step=7537 loss=0.011250 lr=9.861e-06
[train] step=7538 loss=0.005050 lr=9.861e-06
[train] step=7539 loss=0.013244 lr=9.861e-06
[train] step=7540 loss=0.007133 lr=9.861e-06
[train] step=7541 loss=0.008888 lr=9.861e-06
[train] step=7542 loss=0.006062 lr=9.860e-06
[train] step=7543 loss=0.015560 lr=9.860e-06
[train] step=7544 loss=0.005515 lr=9.860e-06
[train] step=7545 loss=0.010076 lr=9.860e-06
[train] step=7546 loss=0.009717 lr=9.860e-06
[train] step=7547 loss=0.005838 lr=9.860e-06
[train] step=7548 loss=0.011101 lr=9.860e-06
[train] step=7549 loss=0.010218 lr=9.860e-06
[train] step=7550 loss=0.005696 lr=9.860e-06
[train] step=7551 loss=0.040623 lr=9.860e-06
[train] step=7552 loss=0.004745 lr=9.860e-06
[train] step=7553 loss=0.006732 lr=9.860e-06
[train] step=7554 loss=0.016215 lr=9.860e-06
[train] step=7555 loss=0.005699 lr=9.860e-06
[train] step=7556 loss=0.011019 lr=9.860e-06
[train] step=7557 loss=0.015642 lr=9.860e-06
[train] step=7558 loss=0.005251 lr=9.860e-06
[train] step=7559 loss=0.022761 lr=9.860e-06
[train] step=7560 loss=0.006189 lr=9.860e-06
[train] step=7561 loss=0.006549 lr=9.860e-06
[train] step=7562 loss=0.004354 lr=9.860e-06
[train] step=7563 loss=0.006769 lr=9.860e-06
[train] step=7564 loss=0.008895 lr=9.860e-06
[train] step=7565 loss=0.022596 lr=9.860e-06
[train] step=7566 loss=0.017761 lr=9.860e-06
[train] step=7567 loss=0.005677 lr=9.860e-06
[train] step=7568 loss=0.004874 lr=9.860e-06
[train] step=7569 loss=0.005124 lr=9.859e-06
[train] step=7570 loss=0.007983 lr=9.859e-06
[train] step=7571 loss=0.031706 lr=9.859e-06
[train] step=7572 loss=0.008840 lr=9.859e-06
[train] step=7573 loss=0.009877 lr=9.859e-06
[train] step=7574 loss=0.004745 lr=9.859e-06
[train] step=7575 loss=0.009985 lr=9.859e-06
[train] step=7576 loss=0.015895 lr=9.859e-06
[train] step=7577 loss=0.004867 lr=9.859e-06
[train] step=7578 loss=0.004216 lr=9.859e-06
[train] step=7579 loss=0.004843 lr=9.859e-06
[train] step=7580 loss=0.007828 lr=9.859e-06
[train] step=7581 loss=0.003360 lr=9.859e-06
[train] step=7582 loss=0.006029 lr=9.859e-06
[train] step=7583 loss=0.007842 lr=9.859e-06
[train] step=7584 loss=0.013026 lr=9.859e-06
[train] step=7585 loss=0.014769 lr=9.859e-06
[train] step=7586 loss=0.006469 lr=9.859e-06
[train] step=7587 loss=0.005067 lr=9.859e-06
[train] step=7588 loss=0.003605 lr=9.859e-06
[train] step=7589 loss=0.007735 lr=9.859e-06
[train] step=7590 loss=0.005229 lr=9.859e-06
[train] step=7591 loss=0.023954 lr=9.859e-06
[train] step=7592 loss=0.006960 lr=9.859e-06
[train] step=7593 loss=0.015670 lr=9.859e-06
[train] step=7594 loss=0.010409 lr=9.859e-06
[train] step=7595 loss=0.004449 lr=9.859e-06
[train] step=7596 loss=0.006534 lr=9.858e-06
[train] step=7597 loss=0.019802 lr=9.858e-06
[train] step=7598 loss=0.005041 lr=9.858e-06
[train] step=7599 loss=0.016520 lr=9.858e-06
[train] step=7600 loss=0.007463 lr=9.858e-06
[train] step=7601 loss=0.008657 lr=9.858e-06
[train] step=7602 loss=0.014065 lr=9.858e-06
[train] step=7603 loss=0.008694 lr=9.858e-06
[train] step=7604 loss=0.005434 lr=9.858e-06
[train] step=7605 loss=0.010122 lr=9.858e-06
[train] step=7606 loss=0.005505 lr=9.858e-06
[train] step=7607 loss=0.020887 lr=9.858e-06
[train] step=7608 loss=0.016576 lr=9.858e-06
[train] step=7609 loss=0.005123 lr=9.858e-06
[train] step=7610 loss=0.008911 lr=9.858e-06
[train] step=7611 loss=0.007754 lr=9.858e-06
[train] step=7612 loss=0.004828 lr=9.858e-06
[train] step=7613 loss=0.005555 lr=9.858e-06
[train] step=7614 loss=0.020943 lr=9.858e-06
[train] step=7615 loss=0.005634 lr=9.858e-06
[train] step=7616 loss=0.021034 lr=9.858e-06
[train] step=7617 loss=0.005358 lr=9.858e-06
[train] step=7618 loss=0.006700 lr=9.858e-06
[train] step=7619 loss=0.011390 lr=9.858e-06
[train] step=7620 loss=0.004275 lr=9.858e-06
[train] step=7621 loss=0.005257 lr=9.858e-06
[train] step=7622 loss=0.008016 lr=9.858e-06
[train] step=7623 loss=0.007356 lr=9.857e-06
[train] step=7624 loss=0.005739 lr=9.857e-06
[train] step=7625 loss=0.006775 lr=9.857e-06
[train] step=7626 loss=0.006883 lr=9.857e-06
[train] step=7627 loss=0.005646 lr=9.857e-06
[train] step=7628 loss=0.005061 lr=9.857e-06
[train] step=7629 loss=0.008815 lr=9.857e-06
[train] step=7630 loss=0.013031 lr=9.857e-06
[train] step=7631 loss=0.010767 lr=9.857e-06
[train] step=7632 loss=0.005132 lr=9.857e-06
[train] step=7633 loss=0.024564 lr=9.857e-06
[train] step=7634 loss=0.009080 lr=9.857e-06
[train] step=7635 loss=0.007214 lr=9.857e-06
[train] step=7636 loss=0.005869 lr=9.857e-06
[train] step=7637 loss=0.019189 lr=9.857e-06
[train] step=7638 loss=0.028632 lr=9.857e-06
[train] step=7639 loss=0.016423 lr=9.857e-06
[train] step=7640 loss=0.008343 lr=9.857e-06
[train] step=7641 loss=0.005130 lr=9.857e-06
[train] step=7642 loss=0.008548 lr=9.857e-06
[train] step=7643 loss=0.008549 lr=9.857e-06
[train] step=7644 loss=0.008435 lr=9.857e-06
[train] step=7645 loss=0.008430 lr=9.857e-06
[train] step=7646 loss=0.065391 lr=9.857e-06
[train] step=7647 loss=0.004978 lr=9.857e-06
[train] step=7648 loss=0.005341 lr=9.857e-06
[train] step=7649 loss=0.016186 lr=9.857e-06
[train] step=7650 loss=0.007722 lr=9.856e-06
[train] step=7651 loss=0.011164 lr=9.856e-06
[train] step=7652 loss=0.005696 lr=9.856e-06
[train] step=7653 loss=0.011405 lr=9.856e-06
[train] step=7654 loss=0.010896 lr=9.856e-06
[train] step=7655 loss=0.005366 lr=9.856e-06
[train] step=7656 loss=0.007074 lr=9.856e-06
[train] step=7657 loss=0.006741 lr=9.856e-06
[train] step=7658 loss=0.013266 lr=9.856e-06
[train] step=7659 loss=0.012890 lr=9.856e-06
[train] step=7660 loss=0.047287 lr=9.856e-06
[train] step=7661 loss=0.006993 lr=9.856e-06
[train] step=7662 loss=0.007659 lr=9.856e-06
[train] step=7663 loss=0.013274 lr=9.856e-06
[train] step=7664 loss=0.008189 lr=9.856e-06
[train] step=7665 loss=0.009416 lr=9.856e-06
[train] step=7666 loss=0.012518 lr=9.856e-06
[train] step=7667 loss=0.008193 lr=9.856e-06
[train] step=7668 loss=0.016415 lr=9.856e-06
[train] step=7669 loss=0.004833 lr=9.856e-06
[train] step=7670 loss=0.016408 lr=9.856e-06
[train] step=7671 loss=0.005988 lr=9.856e-06
[train] step=7672 loss=0.010721 lr=9.856e-06
[train] step=7673 loss=0.008985 lr=9.856e-06
[train] step=7674 loss=0.007866 lr=9.856e-06
[train] step=7675 loss=0.008932 lr=9.856e-06
[train] step=7676 loss=0.014013 lr=9.856e-06
[train] step=7677 loss=0.009761 lr=9.855e-06
[train] step=7678 loss=0.006015 lr=9.855e-06
[train] step=7679 loss=0.004952 lr=9.855e-06
[train] step=7680 loss=0.008794 lr=9.855e-06
[train] step=7681 loss=0.006989 lr=9.855e-06
[train] step=7682 loss=0.003952 lr=9.855e-06
[train] step=7683 loss=0.006907 lr=9.855e-06
[train] step=7684 loss=0.005171 lr=9.855e-06
[train] step=7685 loss=0.009681 lr=9.855e-06
[train] step=7686 loss=0.013704 lr=9.855e-06
[train] step=7687 loss=0.007007 lr=9.855e-06
[train] step=7688 loss=0.005061 lr=9.855e-06
[train] step=7689 loss=0.004183 lr=9.855e-06
[train] step=7690 loss=0.005718 lr=9.855e-06
[train] step=7691 loss=0.004681 lr=9.855e-06
[train] step=7692 loss=0.017846 lr=9.855e-06
[train] step=7693 loss=0.010957 lr=9.855e-06
[train] step=7694 loss=0.012612 lr=9.855e-06
[train] step=7695 loss=0.003862 lr=9.855e-06
[train] step=7696 loss=0.005106 lr=9.855e-06
[train] step=7697 loss=0.005719 lr=9.855e-06
[train] step=7698 loss=0.006521 lr=9.855e-06
[train] step=7699 loss=0.003257 lr=9.855e-06
[train] step=7700 loss=0.006554 lr=9.855e-06
[train] step=7701 loss=0.005067 lr=9.855e-06
[train] step=7702 loss=0.016018 lr=9.855e-06
[train] step=7703 loss=0.008650 lr=9.854e-06
[train] step=7704 loss=0.006025 lr=9.854e-06
[train] step=7705 loss=0.005724 lr=9.854e-06
[train] step=7706 loss=0.004362 lr=9.854e-06
[train] step=7707 loss=0.004855 lr=9.854e-06
[train] step=7708 loss=0.003376 lr=9.854e-06
[train] step=7709 loss=0.004005 lr=9.854e-06
[train] step=7710 loss=0.009623 lr=9.854e-06
[train] step=7711 loss=0.005989 lr=9.854e-06
[train] step=7712 loss=0.006661 lr=9.854e-06
[train] step=7713 loss=0.003350 lr=9.854e-06
[train] step=7714 loss=0.015595 lr=9.854e-06
[train] step=7715 loss=0.012751 lr=9.854e-06
[train] step=7716 loss=0.008429 lr=9.854e-06
[train] step=7717 loss=0.006629 lr=9.854e-06
[train] step=7718 loss=0.003862 lr=9.854e-06
[train] step=7719 loss=0.008560 lr=9.854e-06
[train] step=7720 loss=0.005719 lr=9.854e-06
[train] step=7721 loss=0.007950 lr=9.854e-06
[train] step=7722 loss=0.008426 lr=9.854e-06
[train] step=7723 loss=0.007110 lr=9.854e-06
[train] step=7724 loss=0.008364 lr=9.854e-06
[train] step=7725 loss=0.013232 lr=9.854e-06
[train] step=7726 loss=0.009398 lr=9.854e-06
[train] step=7727 loss=0.006811 lr=9.854e-06
[train] step=7728 loss=0.006510 lr=9.854e-06
[train] step=7729 loss=0.004350 lr=9.854e-06
[train] step=7730 loss=0.007207 lr=9.853e-06
[train] step=7731 loss=0.009991 lr=9.853e-06
[train] step=7732 loss=0.004489 lr=9.853e-06
[train] step=7733 loss=0.007398 lr=9.853e-06
[train] step=7734 loss=0.010775 lr=9.853e-06
[train] step=7735 loss=0.005791 lr=9.853e-06
[train] step=7736 loss=0.006635 lr=9.853e-06
[train] step=7737 loss=0.006609 lr=9.853e-06
[train] step=7738 loss=0.003739 lr=9.853e-06
[train] step=7739 loss=0.010217 lr=9.853e-06
[train] step=7740 loss=0.005355 lr=9.853e-06
[train] step=7741 loss=0.007235 lr=9.853e-06
[train] step=7742 loss=0.004243 lr=9.853e-06
[train] step=7743 loss=0.004593 lr=9.853e-06
[train] step=7744 loss=0.007667 lr=9.853e-06
[train] step=7745 loss=0.005146 lr=9.853e-06
[train] step=7746 loss=0.006469 lr=9.853e-06
[train] step=7747 loss=0.008886 lr=9.853e-06
[train] step=7748 loss=0.006330 lr=9.853e-06
[train] step=7749 loss=0.012462 lr=9.853e-06
[train] step=7750 loss=0.003388 lr=9.853e-06
[train] step=7751 loss=0.004080 lr=9.853e-06
[train] step=7752 loss=0.021614 lr=9.853e-06
[train] step=7753 loss=0.004725 lr=9.853e-06
[train] step=7754 loss=0.003100 lr=9.853e-06
[train] step=7755 loss=0.004255 lr=9.853e-06
[train] step=7756 loss=0.004263 lr=9.852e-06
[train] step=7757 loss=0.006460 lr=9.852e-06
[train] step=7758 loss=0.003138 lr=9.852e-06
[train] step=7759 loss=0.007145 lr=9.852e-06
[train] step=7760 loss=0.007256 lr=9.852e-06
[train] step=7761 loss=0.003503 lr=9.852e-06
[train] step=7762 loss=0.007029 lr=9.852e-06
[train] step=7763 loss=0.007689 lr=9.852e-06
[train] step=7764 loss=0.006168 lr=9.852e-06
[train] step=7765 loss=0.004953 lr=9.852e-06
[train] step=7766 loss=0.004415 lr=9.852e-06
[train] step=7767 loss=0.004478 lr=9.852e-06
[train] step=7768 loss=0.007894 lr=9.852e-06
[train] step=7769 loss=0.002886 lr=9.852e-06
[train] step=7770 loss=0.004964 lr=9.852e-06
[train] step=7771 loss=0.055511 lr=9.852e-06
[train] step=7772 loss=0.006666 lr=9.852e-06
[train] step=7773 loss=0.037907 lr=9.852e-06
[train] step=7774 loss=0.007935 lr=9.852e-06
[train] step=7775 loss=0.005049 lr=9.852e-06
[train] step=7776 loss=0.004492 lr=9.852e-06
[train] step=7777 loss=0.008323 lr=9.852e-06
[train] step=7778 loss=0.006432 lr=9.852e-06
[train] step=7779 loss=0.007076 lr=9.852e-06
[train] step=7780 loss=0.006246 lr=9.852e-06
[train] step=7781 loss=0.019902 lr=9.852e-06
[train] step=7782 loss=0.003566 lr=9.852e-06
[train] step=7783 loss=0.004542 lr=9.851e-06
[train] step=7784 loss=0.096691 lr=9.851e-06
[train] step=7785 loss=0.042940 lr=9.851e-06
[train] step=7786 loss=0.007744 lr=9.851e-06
[train] step=7787 loss=0.012254 lr=9.851e-06
[train] step=7788 loss=0.007403 lr=9.851e-06
[train] step=7789 loss=0.013354 lr=9.851e-06
[train] step=7790 loss=0.010254 lr=9.851e-06
[train] step=7791 loss=0.009062 lr=9.851e-06
[train] step=7792 loss=0.005972 lr=9.851e-06
[train] step=7793 loss=0.015035 lr=9.851e-06
[train] step=7794 loss=0.008481 lr=9.851e-06
[train] step=7795 loss=0.009953 lr=9.851e-06
[train] step=7796 loss=0.008192 lr=9.851e-06
[train] step=7797 loss=0.014108 lr=9.851e-06
[train] step=7798 loss=0.013342 lr=9.851e-06
[train] step=7799 loss=0.005274 lr=9.851e-06
[train] step=7800 loss=0.016443 lr=9.851e-06
[train] step=7801 loss=0.004861 lr=9.851e-06
[train] step=7802 loss=0.022441 lr=9.851e-06
[train] step=7803 loss=0.007947 lr=9.851e-06
[train] step=7804 loss=0.007153 lr=9.851e-06
[train] step=7805 loss=0.006255 lr=9.851e-06
[train] step=7806 loss=0.010899 lr=9.851e-06
[train] step=7807 loss=0.008107 lr=9.851e-06
[train] step=7808 loss=0.008457 lr=9.851e-06
[train] step=7809 loss=0.013729 lr=9.850e-06
[train] step=7810 loss=0.012749 lr=9.850e-06
[train] step=7811 loss=0.009100 lr=9.850e-06
[train] step=7812 loss=0.011306 lr=9.850e-06
[train] step=7813 loss=0.007011 lr=9.850e-06
[train] step=7814 loss=0.006667 lr=9.850e-06
[train] step=7815 loss=0.010254 lr=9.850e-06
[train] step=7816 loss=0.004748 lr=9.850e-06
[train] step=7817 loss=0.014381 lr=9.850e-06
[train] step=7818 loss=0.005809 lr=9.850e-06
[train] step=7819 loss=0.011235 lr=9.850e-06
[train] step=7820 loss=0.005602 lr=9.850e-06
[train] step=7821 loss=0.005327 lr=9.850e-06
[train] step=7822 loss=0.005116 lr=9.850e-06
[train] step=7823 loss=0.005426 lr=9.850e-06
slurmstepd: error: *** JOB 22509 ON localhost CANCELLED AT 2026-08-30T11:51:59 DUE TO TIME LIMIT ***
permission denied while trying to connect to the Docker daemon socket at unix:///var/run/docker.sock: Get "http://%2Fvar%2Frun%2Fdocker.sock/v1.24/containers/json?filters=%7B%22label%22%3A%7B%22slurm_job_id%3D22509%22%3Atrue%7D%7D": dial unix /var/run/docker.sock: connect: permission denied
