job=22514 node=lundquist gpus=0
PREPROCESSED_NAME: smoketest
BASE_CONFIG: configs/shockwavenet_lundquist_bs_sweep_bs2.yaml
preprocessed_data_root=dit_preprocessed/smoketest output_dir=dit_throughput_sweep_bs2
/local/disk/hramachandran/miniconda/envs/windinet/lib/python3.10/site-packages/accelerate/utils/launch.py:236: UserWarning: Port `29500` is already in use. Accelerate will attempt to launch in a standalone-like mode by finding an open port automatically for this session. If this current attempt fails, or for more control in future runs, please specify a different port (e.g., `--main_process_port <your_chosen_port>`) or use `--main_process_port 0` for automatic selection in your launch command or Accelerate config file.
  warnings.warn(
                             Training Configuration                             
┏━━━━━━━━━━━━━━━━━━━━━━━━━━━━━━━━━━━━━━┳━━━━━━━━━━━━━━━━━━━━━━━━━━━━━━━━━━━━━━━┓
┃ Parameter                            ┃ Value                                 ┃
┡━━━━━━━━━━━━━━━━━━━━━━━━━━━━━━━━━━━━━━╇━━━━━━━━━━━━━━━━━━━━━━━━━━━━━━━━━━━━━━━┩
│ model.model_source                   │ LTXV_2B_0.9.6_DEV                     │
│ model.load_checkpoint                │ None                                  │
│ conditioning.first_frame_conditioni… │ 1.0                                   │
│ scalar_conditioning.enabled          │ True                                  │
│ scalar_conditioning.scalar_names     │ gamma                                 │
│ scalar_conditioning.scalar_ranges    │ {'gamma': (1.0, 2.0)}                 │
│ scalar_conditioning.embedding_dim    │ 4096                                  │
│ scalar_conditioning.num_tokens_per_… │ 4                                     │
│ scalar_conditioning.fourier_features │ 64                                    │
│ scalar_conditioning.mlp_hidden_dim   │ 256                                   │
│ scalar_conditioning.dropout          │ 0.1                                   │
│ optimization.learning_rate           │ 1e-05                                 │
│ optimization.steps                   │ 100000                                │
│ optimization.batch_size              │ 2                                     │
│ optimization.gradient_accumulation_… │ 1                                     │
│ optimization.max_grad_norm           │ 1.0                                   │
│ optimization.optimizer_type          │ adamw                                 │
│ optimization.scheduler_type          │ cosine                                │
│ optimization.scheduler_params        │ {'eta_min': 1e-08}                    │
│ optimization.enable_gradient_checkp… │ True                                  │
│ acceleration.mixed_precision_mode    │ bf16                                  │
│ acceleration.compile_with_inductor   │ False                                 │
│ acceleration.compilation_mode        │ reduce-overhead                       │
│ data.preprocessed_data_root          │ dit_preprocessed/smoketest            │
│ data.num_dataloader_workers          │ 4                                     │
│ validation.data_root                 │ None                                  │
│ validation.interval                  │ None                                  │
│ validation.max_samples               │ 0                                     │
│ checkpoints.interval                 │ 500                                   │
│ checkpoints.keep_last_n              │ 1                                     │
│ checkpoints.save_best_only           │ False                                 │
│ checkpoints.best_metric              │ val_total_loss                        │
│ checkpoints.save_last_state          │ True                                  │
│ checkpoints.save_epochs              │                                       │
│ flow_matching.timestep_sampling_mode │ shifted_logit_normal                  │
│ flow_matching.timestep_sampling_par… │ {}                                    │
│ wandb.enabled                        │ False                                 │
│ wandb.project                        │ shockwavenet                          │
│ wandb.entity                         │ None                                  │
│ wandb.tags                           │ throughput-sweep, lundquist, 1gpu,    │
│                                      │ bs2                                   │
│ seed                                 │ 42                                    │
│ output_dir                           │ /local/disk/hramachandran/work/wh_wo… │
│ resume_weights_only                  │ False                                 │
└──────────────────────────────────────┴───────────────────────────────────────┘
/local/disk/hramachandran/miniconda/envs/windinet/lib/python3.10/site-packages/huggingface_hub/utils/_validators.py:205: UserWarning: The `local_dir_use_symlinks` argument is deprecated and ignored in `hf_hub_download`. Downloading to a local directory does not use symlinks anymore.
  warnings.warn(
INFO     [rank 0] HTTP Request: HEAD                             _client.py:1025
         https://huggingface.co/Lightricks/LTX-Video-0.9.5/resol                
         ve/main/vae/config.json "HTTP/1.1 307 Temporary                        
         Redirect"                                                              
INFO     [rank 0] HTTP Request: HEAD                             _client.py:1025
         https://huggingface.co/api/resolve-cache/models/Lightri                
         cks/LTX-Video-0.9.5/e58e28c39631af4d1468ee57a853764e11c                
         1d37e/vae%2Fconfig.json "HTTP/1.1 200 OK"                              
INFO     [rank 0] HTTP Request: HEAD                             _client.py:1025
         https://huggingface.co/Lightricks/LTX-Video-0.9.5/resol                
         ve/e58e28c39631af4d1468ee57a853764e11c1d37e/vae/diffusi                
         on_pytorch_model.safetensors.index.json "HTTP/1.1 404                  
         Not Found"                                                             
INFO     [rank 0] HTTP Request: HEAD                             _client.py:1025
         https://huggingface.co/Lightricks/LTX-Video-0.9.5/resol                
         ve/main/scheduler/scheduler_config.json "HTTP/1.1 307                  
         Temporary Redirect"                                                    
INFO     [rank 0] HTTP Request: HEAD                             _client.py:1025
         https://huggingface.co/api/resolve-cache/models/Lightri                
         cks/LTX-Video-0.9.5/e58e28c39631af4d1468ee57a853764e11c                
         1d37e/scheduler%2Fscheduler_config.json "HTTP/1.1 200                  
         OK"                                                                    
INFO     [rank 0] HTTP Request: HEAD                             _client.py:1025
         https://huggingface.co/Lightricks/LTX-Video/resolve/mai                
         n/ltxv-2b-0.9.6-dev-04-25.safetensors "HTTP/1.1 302                    
         Found"                                                                 
INFO     [rank 0] HTTP Request: HEAD                             _client.py:1025
         https://huggingface.co/Lightricks/LTX-Video-0.9.5/resol                
         ve/main/transformer/config.json "HTTP/1.1 307 Temporary                
         Redirect"                                                              
INFO     [rank 0] HTTP Request: HEAD                             _client.py:1025
         https://huggingface.co/api/resolve-cache/models/Lightri                
         cks/LTX-Video-0.9.5/e58e28c39631af4d1468ee57a853764e11c                
         1d37e/transformer%2Fconfig.json "HTTP/1.1 200 OK"                      
INFO     [rank 0] Initializing scalar embeddings for:         dit_trainer.py:695
         ['gamma']                                                              
DEBUG    [rank 0] Scalar embedding params: 4,310,528          dit_trainer.py:718
DEBUG    [rank 0] Total trainable params count: 1,927,696,000 dit_trainer.py:722
DEBUG    [rank 0] Process 0 using seed: 42                    dit_trainer.py:309
DEBUG    [rank 0] Loaded dataset with 24 samples from         dit_trainer.py:917
         sources: ['latents', 'scalars']                                        
WARNING  [rank 0] No validation.data_root configured: this    dit_trainer.py:318
         run will only report training loss and cannot tell                     
         you whether the model generalizes.                                     
INFO     [rank 0] Training configuration saved to:           dit_trainer.py:1157
         training_config.yaml                                                   
INFO     [rank 0] Training on latents from VAE                dit_trainer.py:961
         /local/disk/hramachandran/work/wh_work/windinet/fine                   
         tune_vae_outputs/lundquist/finetune_vae_dit_smoketes                   
         t_source/checkpoints/vae_shockwave_best.safetensors                    
         (fingerprint de01ac1a77926f71); recorded in                            
         latent_provenance.json                                                 
INFO     [rank 0] Starting training...                        dit_trainer.py:328
[train] step=1 loss=1.176715 lr=1.000e-05
[train] step=2 loss=0.653074 lr=1.000e-05
[train] step=3 loss=0.618217 lr=1.000e-05
[train] step=4 loss=1.313458 lr=1.000e-05
[train] step=5 loss=0.591130 lr=1.000e-05
[train] step=6 loss=0.491444 lr=1.000e-05
[train] step=7 loss=0.671431 lr=1.000e-05
[train] step=8 loss=0.975283 lr=1.000e-05
[train] step=9 loss=0.594951 lr=1.000e-05
[train] step=10 loss=0.723609 lr=1.000e-05
[train] step=11 loss=0.533442 lr=1.000e-05
[train] step=12 loss=0.929983 lr=1.000e-05
[train] step=13 loss=0.529751 lr=1.000e-05
[train] step=14 loss=1.115097 lr=1.000e-05
[train] step=15 loss=0.766311 lr=1.000e-05
[train] step=16 loss=0.538891 lr=1.000e-05
[train] step=17 loss=0.705743 lr=1.000e-05
[train] step=18 loss=0.399952 lr=1.000e-05
[train] step=19 loss=0.550333 lr=1.000e-05
[train] step=20 loss=0.671414 lr=1.000e-05
[train] step=21 loss=0.561424 lr=1.000e-05
[train] step=22 loss=0.478784 lr=1.000e-05
[train] step=23 loss=0.903270 lr=1.000e-05
[train] step=24 loss=0.677029 lr=1.000e-05
[train] step=25 loss=0.647188 lr=1.000e-05
[train] step=26 loss=0.363769 lr=1.000e-05
[train] step=27 loss=0.468042 lr=1.000e-05
[train] step=28 loss=0.820987 lr=1.000e-05
[train] step=29 loss=0.440670 lr=1.000e-05
[train] step=30 loss=0.789043 lr=1.000e-05
[train] step=31 loss=0.882701 lr=1.000e-05
[train] step=32 loss=0.839813 lr=1.000e-05
[train] step=33 loss=0.864468 lr=1.000e-05
[train] step=34 loss=0.428595 lr=1.000e-05
[train] step=35 loss=0.659466 lr=1.000e-05
[train] step=36 loss=0.299033 lr=1.000e-05
[train] step=37 loss=0.415790 lr=1.000e-05
[train] step=38 loss=0.739477 lr=1.000e-05
[train] step=39 loss=0.531888 lr=1.000e-05
[train] step=40 loss=0.712383 lr=1.000e-05
[train] step=41 loss=0.779937 lr=1.000e-05
[train] step=42 loss=0.690219 lr=1.000e-05
[train] step=43 loss=0.825000 lr=1.000e-05
[train] step=44 loss=0.477872 lr=1.000e-05
[train] step=45 loss=0.974971 lr=1.000e-05
[train] step=46 loss=0.397758 lr=1.000e-05
[train] step=47 loss=0.294010 lr=1.000e-05
[train] step=48 loss=0.580616 lr=1.000e-05
[train] step=49 loss=0.796935 lr=1.000e-05
[train] step=50 loss=0.676284 lr=1.000e-05
[train] step=51 loss=0.348171 lr=1.000e-05
[train] step=52 loss=0.584811 lr=1.000e-05
[train] step=53 loss=0.680377 lr=1.000e-05
[train] step=54 loss=0.391305 lr=1.000e-05
[train] step=55 loss=0.681797 lr=1.000e-05
[train] step=56 loss=0.926378 lr=1.000e-05
[train] step=57 loss=0.236236 lr=1.000e-05
[train] step=58 loss=0.497072 lr=1.000e-05
[train] step=59 loss=0.951766 lr=1.000e-05
[train] step=60 loss=0.278721 lr=1.000e-05
[train] step=61 loss=0.343322 lr=1.000e-05
[train] step=62 loss=0.498485 lr=1.000e-05
[train] step=63 loss=0.406461 lr=1.000e-05
[train] step=64 loss=0.557012 lr=1.000e-05
[train] step=65 loss=0.401221 lr=1.000e-05
[train] step=66 loss=0.820716 lr=1.000e-05
[train] step=67 loss=0.617244 lr=1.000e-05
[train] step=68 loss=0.544632 lr=1.000e-05
[train] step=69 loss=0.938609 lr=1.000e-05
[train] step=70 loss=0.314517 lr=1.000e-05
[train] step=71 loss=0.610479 lr=1.000e-05
[train] step=72 loss=0.580125 lr=1.000e-05
[train] step=73 loss=0.400547 lr=1.000e-05
[train] step=74 loss=0.953974 lr=1.000e-05
[train] step=75 loss=0.412236 lr=1.000e-05
[train] step=76 loss=1.073408 lr=1.000e-05
[train] step=77 loss=0.487563 lr=1.000e-05
[train] step=78 loss=0.198731 lr=1.000e-05
[train] step=79 loss=0.788900 lr=1.000e-05
[train] step=80 loss=0.468680 lr=1.000e-05
[train] step=81 loss=0.794690 lr=1.000e-05
[train] step=82 loss=0.421005 lr=1.000e-05
[train] step=83 loss=0.331508 lr=1.000e-05
[train] step=84 loss=0.573468 lr=1.000e-05
[train] step=85 loss=0.771778 lr=1.000e-05
[train] step=86 loss=0.281558 lr=1.000e-05
[train] step=87 loss=0.337277 lr=1.000e-05
[train] step=88 loss=0.462329 lr=1.000e-05
[train] step=89 loss=0.571162 lr=1.000e-05
[train] step=90 loss=0.746516 lr=1.000e-05
[train] step=91 loss=0.653919 lr=1.000e-05
[train] step=92 loss=0.701620 lr=1.000e-05
[train] step=93 loss=0.476588 lr=1.000e-05
[train] step=94 loss=0.491005 lr=1.000e-05
[train] step=95 loss=0.431620 lr=1.000e-05
[train] step=96 loss=0.659573 lr=1.000e-05
[train] step=97 loss=0.466524 lr=1.000e-05
[train] step=98 loss=0.807567 lr=1.000e-05
[train] step=99 loss=0.357741 lr=1.000e-05
[train] step=100 loss=0.439642 lr=1.000e-05
[train] step=101 loss=0.296061 lr=1.000e-05
[train] step=102 loss=0.756879 lr=1.000e-05
[train] step=103 loss=0.546169 lr=1.000e-05
[train] step=104 loss=0.564193 lr=1.000e-05
[train] step=105 loss=0.496407 lr=1.000e-05
[train] step=106 loss=0.479504 lr=1.000e-05
[train] step=107 loss=0.728555 lr=1.000e-05
[train] step=108 loss=0.923258 lr=1.000e-05
[train] step=109 loss=0.768608 lr=1.000e-05
[train] step=110 loss=0.609176 lr=1.000e-05
[train] step=111 loss=0.606414 lr=1.000e-05
[train] step=112 loss=0.414401 lr=1.000e-05
[train] step=113 loss=0.609938 lr=1.000e-05
[train] step=114 loss=0.471105 lr=1.000e-05
[train] step=115 loss=0.438052 lr=1.000e-05
[train] step=116 loss=0.430347 lr=1.000e-05
[train] step=117 loss=1.039173 lr=1.000e-05
[train] step=118 loss=0.323345 lr=1.000e-05
[train] step=119 loss=0.503262 lr=1.000e-05
[train] step=120 loss=0.668463 lr=1.000e-05
[train] step=121 loss=0.472086 lr=1.000e-05
[train] step=122 loss=0.591394 lr=1.000e-05
[train] step=123 loss=0.745904 lr=1.000e-05
[train] step=124 loss=0.304628 lr=1.000e-05
[train] step=125 loss=0.979063 lr=1.000e-05
[train] step=126 loss=0.786421 lr=1.000e-05
[train] step=127 loss=0.179111 lr=1.000e-05
[train] step=128 loss=0.526213 lr=1.000e-05
[train] step=129 loss=0.490101 lr=1.000e-05
[train] step=130 loss=0.416216 lr=1.000e-05
[train] step=131 loss=0.560758 lr=1.000e-05
[train] step=132 loss=0.384386 lr=1.000e-05
[train] step=133 loss=0.633489 lr=1.000e-05
[train] step=134 loss=0.498859 lr=1.000e-05
[train] step=135 loss=0.583019 lr=1.000e-05
[train] step=136 loss=0.539754 lr=1.000e-05
[train] step=137 loss=0.400080 lr=1.000e-05
[train] step=138 loss=0.577158 lr=1.000e-05
[train] step=139 loss=0.491301 lr=1.000e-05
[train] step=140 loss=0.951342 lr=1.000e-05
[train] step=141 loss=0.465006 lr=1.000e-05
[train] step=142 loss=0.604811 lr=1.000e-05
[train] step=143 loss=0.355792 lr=1.000e-05
[train] step=144 loss=0.273357 lr=1.000e-05
[train] step=145 loss=0.552922 lr=1.000e-05
[train] step=146 loss=0.676146 lr=1.000e-05
[train] step=147 loss=0.428425 lr=1.000e-05
[train] step=148 loss=0.296749 lr=1.000e-05
[train] step=149 loss=0.877542 lr=1.000e-05
[train] step=150 loss=0.292929 lr=1.000e-05
[train] step=151 loss=0.831099 lr=1.000e-05
[train] step=152 loss=0.758838 lr=1.000e-05
[train] step=153 loss=0.427986 lr=1.000e-05
[train] step=154 loss=0.467706 lr=1.000e-05
[train] step=155 loss=0.562785 lr=1.000e-05
[train] step=156 loss=0.444519 lr=1.000e-05
[train] step=157 loss=0.588607 lr=1.000e-05
[train] step=158 loss=0.347637 lr=1.000e-05
[train] step=159 loss=0.691553 lr=1.000e-05
[train] step=160 loss=0.755591 lr=1.000e-05
[train] step=161 loss=0.330695 lr=1.000e-05
[train] step=162 loss=0.320942 lr=1.000e-05
[train] step=163 loss=0.795766 lr=1.000e-05
[train] step=164 loss=0.522378 lr=1.000e-05
[train] step=165 loss=0.329816 lr=1.000e-05
[train] step=166 loss=0.489227 lr=1.000e-05
[train] step=167 loss=0.387409 lr=1.000e-05
[train] step=168 loss=0.224014 lr=1.000e-05
[train] step=169 loss=1.060802 lr=1.000e-05
[train] step=170 loss=0.777729 lr=1.000e-05
[train] step=171 loss=0.490345 lr=1.000e-05
[train] step=172 loss=0.481588 lr=1.000e-05
[train] step=173 loss=0.472372 lr=1.000e-05
[train] step=174 loss=0.729760 lr=1.000e-05
[train] step=175 loss=0.382718 lr=1.000e-05
[train] step=176 loss=0.551106 lr=1.000e-05
[train] step=177 loss=0.261151 lr=1.000e-05
[train] step=178 loss=0.406333 lr=1.000e-05
[train] step=179 loss=0.691878 lr=1.000e-05
[train] step=180 loss=0.209933 lr=1.000e-05
[train] step=181 loss=0.375735 lr=1.000e-05
[train] step=182 loss=0.705893 lr=1.000e-05
[train] step=183 loss=0.457693 lr=1.000e-05
[train] step=184 loss=0.554334 lr=1.000e-05
[train] step=185 loss=0.434941 lr=1.000e-05
[train] step=186 loss=0.779746 lr=1.000e-05
[train] step=187 loss=0.965104 lr=1.000e-05
[train] step=188 loss=0.281182 lr=1.000e-05
[train] step=189 loss=0.467045 lr=1.000e-05
[train] step=190 loss=0.292372 lr=1.000e-05
[train] step=191 loss=0.541430 lr=1.000e-05
[train] step=192 loss=0.479754 lr=1.000e-05
[train] step=193 loss=0.508805 lr=1.000e-05
[train] step=194 loss=0.580100 lr=1.000e-05
[train] step=195 loss=0.342545 lr=1.000e-05
[train] step=196 loss=0.662374 lr=1.000e-05
[train] step=197 loss=0.441237 lr=1.000e-05
[train] step=198 loss=0.289640 lr=1.000e-05
[train] step=199 loss=0.201903 lr=1.000e-05
[train] step=200 loss=0.573640 lr=1.000e-05
[train] step=201 loss=0.321755 lr=1.000e-05
[train] step=202 loss=0.836480 lr=1.000e-05
[train] step=203 loss=0.379408 lr=1.000e-05
[train] step=204 loss=0.802972 lr=1.000e-05
[train] step=205 loss=0.360340 lr=1.000e-05
[train] step=206 loss=0.444589 lr=1.000e-05
[train] step=207 loss=0.825608 lr=1.000e-05
[train] step=208 loss=0.182124 lr=1.000e-05
[train] step=209 loss=0.431662 lr=1.000e-05
[train] step=210 loss=0.619727 lr=1.000e-05
[train] step=211 loss=0.252843 lr=1.000e-05
[train] step=212 loss=0.920869 lr=1.000e-05
[train] step=213 loss=0.570569 lr=1.000e-05
[train] step=214 loss=0.235368 lr=1.000e-05
[train] step=215 loss=0.471050 lr=1.000e-05
[train] step=216 loss=0.462380 lr=1.000e-05
[train] step=217 loss=0.535544 lr=1.000e-05
[train] step=218 loss=0.554028 lr=1.000e-05
[train] step=219 loss=0.287285 lr=1.000e-05
[train] step=220 loss=0.364363 lr=1.000e-05
[train] step=221 loss=0.461871 lr=1.000e-05
[train] step=222 loss=0.576596 lr=1.000e-05
[train] step=223 loss=0.485761 lr=1.000e-05
[train] step=224 loss=0.646351 lr=1.000e-05
[train] step=225 loss=0.693247 lr=1.000e-05
[train] step=226 loss=0.406094 lr=1.000e-05
[train] step=227 loss=0.282854 lr=1.000e-05
[train] step=228 loss=0.813720 lr=1.000e-05
[train] step=229 loss=0.311263 lr=1.000e-05
[train] step=230 loss=1.074121 lr=1.000e-05
[train] step=231 loss=0.486636 lr=1.000e-05
[train] step=232 loss=0.483479 lr=1.000e-05
[train] step=233 loss=0.642514 lr=1.000e-05
[train] step=234 loss=0.486327 lr=1.000e-05
[train] step=235 loss=0.502961 lr=1.000e-05
[train] step=236 loss=0.336934 lr=1.000e-05
[train] step=237 loss=0.411458 lr=1.000e-05
[train] step=238 loss=0.423323 lr=1.000e-05
[train] step=239 loss=0.265087 lr=1.000e-05
[train] step=240 loss=0.414831 lr=1.000e-05
[train] step=241 loss=0.519240 lr=1.000e-05
[train] step=242 loss=0.379823 lr=1.000e-05
[train] step=243 loss=0.221181 lr=1.000e-05
[train] step=244 loss=0.219797 lr=1.000e-05
[train] step=245 loss=0.837854 lr=1.000e-05
[train] step=246 loss=0.295505 lr=1.000e-05
[train] step=247 loss=0.230838 lr=1.000e-05
[train] step=248 loss=0.664844 lr=1.000e-05
[train] step=249 loss=0.456282 lr=1.000e-05
[train] step=250 loss=0.617739 lr=1.000e-05
[train] step=251 loss=0.503675 lr=1.000e-05
[train] step=252 loss=0.519479 lr=1.000e-05
[train] step=253 loss=0.788312 lr=1.000e-05
[train] step=254 loss=0.302508 lr=1.000e-05
[train] step=255 loss=0.762514 lr=1.000e-05
[train] step=256 loss=0.451118 lr=1.000e-05
[train] step=257 loss=0.844216 lr=1.000e-05
[train] step=258 loss=0.211010 lr=1.000e-05
[train] step=259 loss=0.543709 lr=1.000e-05
[train] step=260 loss=0.425122 lr=1.000e-05
[train] step=261 loss=0.310084 lr=1.000e-05
[train] step=262 loss=0.232344 lr=1.000e-05
[train] step=263 loss=0.514332 lr=1.000e-05
[train] step=264 loss=0.337869 lr=1.000e-05
[train] step=265 loss=0.632339 lr=1.000e-05
[train] step=266 loss=0.494110 lr=1.000e-05
[train] step=267 loss=0.359403 lr=1.000e-05
[train] step=268 loss=0.409092 lr=1.000e-05
[train] step=269 loss=0.339920 lr=1.000e-05
[train] step=270 loss=0.373711 lr=1.000e-05
[train] step=271 loss=0.382644 lr=1.000e-05
[train] step=272 loss=0.392200 lr=1.000e-05
[train] step=273 loss=0.506584 lr=1.000e-05
[train] step=274 loss=0.543209 lr=1.000e-05
[train] step=275 loss=0.559189 lr=1.000e-05
[train] step=276 loss=0.466961 lr=1.000e-05
[train] step=277 loss=0.440769 lr=1.000e-05
[train] step=278 loss=0.787619 lr=1.000e-05
[train] step=279 loss=0.604564 lr=1.000e-05
[train] step=280 loss=0.320824 lr=1.000e-05
[train] step=281 loss=0.322489 lr=1.000e-05
[train] step=282 loss=0.396754 lr=1.000e-05
[train] step=283 loss=0.436337 lr=1.000e-05
[train] step=284 loss=0.588201 lr=1.000e-05
[train] step=285 loss=0.381873 lr=1.000e-05
[train] step=286 loss=0.844106 lr=1.000e-05
[train] step=287 loss=0.340531 lr=1.000e-05
[train] step=288 loss=0.527208 lr=1.000e-05
[train] step=289 loss=0.453263 lr=1.000e-05
[train] step=290 loss=0.399167 lr=1.000e-05
[train] step=291 loss=0.369411 lr=1.000e-05
[train] step=292 loss=0.251333 lr=1.000e-05
[train] step=293 loss=0.312820 lr=1.000e-05
[train] step=294 loss=0.628794 lr=1.000e-05
[train] step=295 loss=0.813048 lr=1.000e-05
[train] step=296 loss=0.315406 lr=1.000e-05
[train] step=297 loss=0.480654 lr=1.000e-05
[train] step=298 loss=0.749333 lr=1.000e-05
[train] step=299 loss=0.341872 lr=1.000e-05
[train] step=300 loss=0.474019 lr=1.000e-05
[train] step=301 loss=0.382095 lr=1.000e-05
[train] step=302 loss=0.449307 lr=1.000e-05
[train] step=303 loss=0.700403 lr=1.000e-05
[train] step=304 loss=0.601835 lr=1.000e-05
[train] step=305 loss=0.506202 lr=1.000e-05
[train] step=306 loss=0.579322 lr=1.000e-05
[train] step=307 loss=0.193148 lr=1.000e-05
[train] step=308 loss=0.266494 lr=1.000e-05
[train] step=309 loss=0.273981 lr=1.000e-05
[train] step=310 loss=0.501309 lr=1.000e-05
[train] step=311 loss=0.624169 lr=1.000e-05
[train] step=312 loss=0.322434 lr=1.000e-05
[train] step=313 loss=0.505741 lr=1.000e-05
[train] step=314 loss=0.579723 lr=1.000e-05
[train] step=315 loss=0.558927 lr=1.000e-05
[train] step=316 loss=0.575652 lr=1.000e-05
[train] step=317 loss=0.325496 lr=1.000e-05
[train] step=318 loss=0.280574 lr=1.000e-05
[train] step=319 loss=0.629786 lr=1.000e-05
[train] step=320 loss=0.364218 lr=1.000e-05
[train] step=321 loss=0.351296 lr=1.000e-05
[train] step=322 loss=0.566172 lr=1.000e-05
[train] step=323 loss=0.377366 lr=1.000e-05
[train] step=324 loss=0.573467 lr=1.000e-05
[train] step=325 loss=0.649386 lr=1.000e-05
[train] step=326 loss=0.189782 lr=1.000e-05
[train] step=327 loss=0.602590 lr=1.000e-05
[train] step=328 loss=0.409257 lr=1.000e-05
[train] step=329 loss=0.501258 lr=1.000e-05
[train] step=330 loss=0.636988 lr=1.000e-05
[train] step=331 loss=0.702511 lr=1.000e-05
[train] step=332 loss=0.413340 lr=1.000e-05
[train] step=333 loss=0.298010 lr=1.000e-05
[train] step=334 loss=0.468154 lr=1.000e-05
[train] step=335 loss=0.244592 lr=1.000e-05
[train] step=336 loss=0.178326 lr=1.000e-05
[train] step=337 loss=0.463877 lr=1.000e-05
[train] step=338 loss=0.388623 lr=1.000e-05
[train] step=339 loss=0.642018 lr=1.000e-05
[train] step=340 loss=0.292236 lr=1.000e-05
[train] step=341 loss=0.570698 lr=1.000e-05
[train] step=342 loss=0.712973 lr=1.000e-05
[train] step=343 loss=0.517495 lr=1.000e-05
[train] step=344 loss=0.414719 lr=1.000e-05
[train] step=345 loss=0.381973 lr=1.000e-05
[train] step=346 loss=0.452367 lr=1.000e-05
[train] step=347 loss=0.366012 lr=1.000e-05
[train] step=348 loss=0.448906 lr=1.000e-05
[train] step=349 loss=0.324114 lr=1.000e-05
[train] step=350 loss=0.678947 lr=1.000e-05
[train] step=351 loss=0.203763 lr=1.000e-05
[train] step=352 loss=0.523545 lr=1.000e-05
[train] step=353 loss=0.414465 lr=1.000e-05
[train] step=354 loss=0.336377 lr=1.000e-05
[train] step=355 loss=0.278024 lr=1.000e-05
[train] step=356 loss=0.359265 lr=1.000e-05
[train] step=357 loss=0.182346 lr=1.000e-05
[train] step=358 loss=0.489331 lr=1.000e-05
[train] step=359 loss=0.897107 lr=1.000e-05
[train] step=360 loss=0.580050 lr=1.000e-05
[train] step=361 loss=0.597573 lr=1.000e-05
[train] step=362 loss=0.661596 lr=1.000e-05
[train] step=363 loss=0.401770 lr=1.000e-05
[train] step=364 loss=0.542852 lr=1.000e-05
[train] step=365 loss=0.434295 lr=1.000e-05
[train] step=366 loss=0.274403 lr=1.000e-05
[train] step=367 loss=0.373257 lr=1.000e-05
[train] step=368 loss=0.455711 lr=1.000e-05
[train] step=369 loss=0.360344 lr=1.000e-05
[train] step=370 loss=0.137317 lr=1.000e-05
[train] step=371 loss=0.757822 lr=1.000e-05
[train] step=372 loss=0.410538 lr=1.000e-05
[train] step=373 loss=0.182163 lr=1.000e-05
[train] step=374 loss=0.252270 lr=1.000e-05
[train] step=375 loss=0.513740 lr=1.000e-05
[train] step=376 loss=0.300016 lr=1.000e-05
[train] step=377 loss=0.342224 lr=1.000e-05
[train] step=378 loss=0.796397 lr=1.000e-05
[train] step=379 loss=0.235106 lr=1.000e-05
[train] step=380 loss=0.590849 lr=1.000e-05
[train] step=381 loss=0.274136 lr=1.000e-05
[train] step=382 loss=0.749492 lr=1.000e-05
[train] step=383 loss=0.502944 lr=1.000e-05
[train] step=384 loss=0.456835 lr=1.000e-05
[train] step=385 loss=0.626531 lr=1.000e-05
[train] step=386 loss=0.306634 lr=1.000e-05
[train] step=387 loss=0.409806 lr=1.000e-05
[train] step=388 loss=0.299792 lr=1.000e-05
[train] step=389 loss=0.662800 lr=1.000e-05
[train] step=390 loss=0.396170 lr=1.000e-05
[train] step=391 loss=0.252534 lr=1.000e-05
[train] step=392 loss=0.413716 lr=1.000e-05
[train] step=393 loss=0.280540 lr=1.000e-05
[train] step=394 loss=0.729874 lr=1.000e-05
[train] step=395 loss=0.263942 lr=1.000e-05
[train] step=396 loss=0.119034 lr=1.000e-05
[train] step=397 loss=0.475145 lr=1.000e-05
[train] step=398 loss=0.428970 lr=1.000e-05
[train] step=399 loss=0.771470 lr=1.000e-05
[train] step=400 loss=0.285318 lr=1.000e-05
[train] step=401 loss=0.601912 lr=1.000e-05
[train] step=402 loss=0.226156 lr=1.000e-05
[train] step=403 loss=0.349675 lr=1.000e-05
[train] step=404 loss=0.569733 lr=1.000e-05
[train] step=405 loss=0.113386 lr=1.000e-05
[train] step=406 loss=0.309418 lr=1.000e-05
[train] step=407 loss=0.386383 lr=1.000e-05
[train] step=408 loss=0.254246 lr=1.000e-05
[train] step=409 loss=0.703990 lr=1.000e-05
[train] step=410 loss=0.617811 lr=1.000e-05
[train] step=411 loss=0.277484 lr=1.000e-05
[train] step=412 loss=0.307908 lr=1.000e-05
[train] step=413 loss=0.235388 lr=1.000e-05
[train] step=414 loss=0.200231 lr=1.000e-05
[train] step=415 loss=0.306172 lr=1.000e-05
[train] step=416 loss=0.467689 lr=1.000e-05
[train] step=417 loss=0.165325 lr=1.000e-05
[train] step=418 loss=0.454810 lr=1.000e-05
[train] step=419 loss=0.549136 lr=1.000e-05
[train] step=420 loss=0.771401 lr=1.000e-05
[train] step=421 loss=0.256303 lr=1.000e-05
[train] step=422 loss=0.551805 lr=1.000e-05
[train] step=423 loss=0.498682 lr=1.000e-05
[train] step=424 loss=0.405837 lr=1.000e-05
[train] step=425 loss=0.450188 lr=1.000e-05
[train] step=426 loss=0.651800 lr=1.000e-05
[train] step=427 loss=0.851132 lr=1.000e-05
[train] step=428 loss=0.286900 lr=1.000e-05
[train] step=429 loss=0.371135 lr=1.000e-05
[train] step=430 loss=0.316436 lr=1.000e-05
[train] step=431 loss=0.261325 lr=1.000e-05
[train] step=432 loss=0.468083 lr=1.000e-05
[train] step=433 loss=0.839858 lr=1.000e-05
[train] step=434 loss=0.810432 lr=1.000e-05
[train] step=435 loss=0.271784 lr=1.000e-05
[train] step=436 loss=0.425526 lr=1.000e-05
[train] step=437 loss=0.405958 lr=1.000e-05
[train] step=438 loss=0.244651 lr=1.000e-05
[train] step=439 loss=0.236621 lr=1.000e-05
[train] step=440 loss=0.295764 lr=1.000e-05
[train] step=441 loss=0.755246 lr=1.000e-05
[train] step=442 loss=0.376929 lr=1.000e-05
[train] step=443 loss=0.226229 lr=1.000e-05
[train] step=444 loss=0.451476 lr=1.000e-05
[train] step=445 loss=0.162387 lr=1.000e-05
[train] step=446 loss=0.350896 lr=1.000e-05
[train] step=447 loss=0.494952 lr=1.000e-05
[train] step=448 loss=0.526499 lr=1.000e-05
[train] step=449 loss=0.356534 lr=1.000e-05
[train] step=450 loss=0.461166 lr=1.000e-05
[train] step=451 loss=0.243334 lr=1.000e-05
[train] step=452 loss=0.478682 lr=9.999e-06
[train] step=453 loss=0.330714 lr=9.999e-06
[train] step=454 loss=0.341621 lr=9.999e-06
[train] step=455 loss=0.198643 lr=9.999e-06
[train] step=456 loss=0.580652 lr=9.999e-06
[train] step=457 loss=0.327878 lr=9.999e-06
[train] step=458 loss=0.155371 lr=9.999e-06
[train] step=459 loss=0.538753 lr=9.999e-06
[train] step=460 loss=0.221325 lr=9.999e-06
[train] step=461 loss=0.522349 lr=9.999e-06
[train] step=462 loss=0.193839 lr=9.999e-06
[train] step=463 loss=0.239344 lr=9.999e-06
[train] step=464 loss=0.601611 lr=9.999e-06
[train] step=465 loss=0.360855 lr=9.999e-06
[train] step=466 loss=0.395609 lr=9.999e-06
[train] step=467 loss=0.512973 lr=9.999e-06
[train] step=468 loss=0.404454 lr=9.999e-06
[train] step=469 loss=0.181529 lr=9.999e-06
[train] step=470 loss=0.230064 lr=9.999e-06
[train] step=471 loss=0.602502 lr=9.999e-06
[train] step=472 loss=0.274023 lr=9.999e-06
[train] step=473 loss=0.401237 lr=9.999e-06
[train] step=474 loss=0.235060 lr=9.999e-06
[train] step=475 loss=0.247050 lr=9.999e-06
[train] step=476 loss=0.527854 lr=9.999e-06
[train] step=477 loss=0.541495 lr=9.999e-06
[train] step=478 loss=0.343277 lr=9.999e-06
[train] step=479 loss=0.416279 lr=9.999e-06
[train] step=480 loss=0.202808 lr=9.999e-06
[train] step=481 loss=0.428787 lr=9.999e-06
[train] step=482 loss=0.326983 lr=9.999e-06
[train] step=483 loss=0.206178 lr=9.999e-06
[train] step=484 loss=0.415261 lr=9.999e-06
[train] step=485 loss=0.467746 lr=9.999e-06
[train] step=486 loss=0.492303 lr=9.999e-06
[train] step=487 loss=0.352632 lr=9.999e-06
[train] step=488 loss=0.268202 lr=9.999e-06
[train] step=489 loss=0.417871 lr=9.999e-06
[train] step=490 loss=0.185140 lr=9.999e-06
[train] step=491 loss=0.418057 lr=9.999e-06
[train] step=492 loss=0.616546 lr=9.999e-06
[train] step=493 loss=0.607166 lr=9.999e-06
[train] step=494 loss=0.400181 lr=9.999e-06
[train] step=495 loss=0.274073 lr=9.999e-06
[train] step=496 loss=0.407365 lr=9.999e-06
[train] step=497 loss=0.400309 lr=9.999e-06
[train] step=498 loss=0.305851 lr=9.999e-06
[train] step=499 loss=0.614293 lr=9.999e-06
[train] step=500 loss=0.168642 lr=9.999e-06
INFO     [rank 0] Model weights for step 500 saved in        dit_trainer.py:1085
         checkpoints/model_weights_step_00500.safetensors                       
INFO     [rank 0] Scalar embedding weights for step 500      dit_trainer.py:1092
         saved                                                                  
INFO     [rank 0] Training state saved:                      dit_trainer.py:1123
         checkpoints/model_weights_step_00500.state.pt                          
[epoch 1] step=500 train_loss=0.494956
[train] step=501 loss=0.241034 lr=9.999e-06
[train] step=502 loss=0.562834 lr=9.999e-06
[train] step=503 loss=0.426597 lr=9.999e-06
[train] step=504 loss=0.155921 lr=9.999e-06
[train] step=505 loss=0.617027 lr=9.999e-06
[train] step=506 loss=0.228641 lr=9.999e-06
[train] step=507 loss=0.175003 lr=9.999e-06
[train] step=508 loss=0.593148 lr=9.999e-06
[train] step=509 loss=0.507987 lr=9.999e-06
[train] step=510 loss=0.640746 lr=9.999e-06
[train] step=511 loss=0.235650 lr=9.999e-06
[train] step=512 loss=0.398342 lr=9.999e-06
[train] step=513 loss=0.222657 lr=9.999e-06
[train] step=514 loss=0.213874 lr=9.999e-06
[train] step=515 loss=0.156053 lr=9.999e-06
[train] step=516 loss=0.551676 lr=9.999e-06
[train] step=517 loss=0.626438 lr=9.999e-06
[train] step=518 loss=0.198854 lr=9.999e-06
[train] step=519 loss=0.320418 lr=9.999e-06
[train] step=520 loss=0.459606 lr=9.999e-06
[train] step=521 loss=0.225934 lr=9.999e-06
[train] step=522 loss=0.489502 lr=9.999e-06
[train] step=523 loss=0.622417 lr=9.999e-06
[train] step=524 loss=0.280548 lr=9.999e-06
[train] step=525 loss=0.125977 lr=9.999e-06
[train] step=526 loss=0.293125 lr=9.999e-06
[train] step=527 loss=0.390581 lr=9.999e-06
[train] step=528 loss=0.462210 lr=9.999e-06
[train] step=529 loss=0.162856 lr=9.999e-06
[train] step=530 loss=0.385385 lr=9.999e-06
[train] step=531 loss=0.163680 lr=9.999e-06
[train] step=532 loss=0.545415 lr=9.999e-06
[train] step=533 loss=0.370054 lr=9.999e-06
[train] step=534 loss=0.589351 lr=9.999e-06
[train] step=535 loss=0.107305 lr=9.999e-06
[train] step=536 loss=0.484895 lr=9.999e-06
[train] step=537 loss=0.395649 lr=9.999e-06
[train] step=538 loss=0.261443 lr=9.999e-06
[train] step=539 loss=0.333624 lr=9.999e-06
[train] step=540 loss=0.382708 lr=9.999e-06
[train] step=541 loss=0.609336 lr=9.999e-06
[train] step=542 loss=0.404389 lr=9.999e-06
[train] step=543 loss=0.239974 lr=9.999e-06
[train] step=544 loss=0.356254 lr=9.999e-06
[train] step=545 loss=0.496630 lr=9.999e-06
[train] step=546 loss=0.205110 lr=9.999e-06
[train] step=547 loss=0.532107 lr=9.999e-06
[train] step=548 loss=0.400496 lr=9.999e-06
[train] step=549 loss=0.421488 lr=9.999e-06
[train] step=550 loss=0.273363 lr=9.999e-06
[train] step=551 loss=0.225717 lr=9.999e-06
[train] step=552 loss=0.487161 lr=9.999e-06
[train] step=553 loss=0.191914 lr=9.999e-06
[train] step=554 loss=0.516559 lr=9.999e-06
[train] step=555 loss=0.416155 lr=9.999e-06
[train] step=556 loss=0.222593 lr=9.999e-06
[train] step=557 loss=0.369617 lr=9.999e-06
[train] step=558 loss=0.353475 lr=9.999e-06
[train] step=559 loss=0.375378 lr=9.999e-06
[train] step=560 loss=0.592929 lr=9.999e-06
[train] step=561 loss=0.183227 lr=9.999e-06
[train] step=562 loss=0.286814 lr=9.999e-06
[train] step=563 loss=0.442748 lr=9.999e-06
[train] step=564 loss=0.227819 lr=9.999e-06
[train] step=565 loss=0.249148 lr=9.999e-06
[train] step=566 loss=0.407631 lr=9.999e-06
[train] step=567 loss=0.512045 lr=9.999e-06
[train] step=568 loss=0.400301 lr=9.999e-06
[train] step=569 loss=0.195346 lr=9.999e-06
[train] step=570 loss=0.293933 lr=9.999e-06
[train] step=571 loss=0.404440 lr=9.999e-06
[train] step=572 loss=0.528416 lr=9.999e-06
[train] step=573 loss=0.482091 lr=9.999e-06
[train] step=574 loss=0.290149 lr=9.999e-06
[train] step=575 loss=0.318291 lr=9.999e-06
[train] step=576 loss=0.143860 lr=9.999e-06
[train] step=577 loss=0.092068 lr=9.999e-06
[train] step=578 loss=0.527070 lr=9.999e-06
[train] step=579 loss=0.174195 lr=9.999e-06
[train] step=580 loss=0.415999 lr=9.999e-06
[train] step=581 loss=0.347867 lr=9.999e-06
[train] step=582 loss=0.253424 lr=9.999e-06
[train] step=583 loss=0.315038 lr=9.999e-06
[train] step=584 loss=0.360006 lr=9.999e-06
[train] step=585 loss=0.396424 lr=9.999e-06
[train] step=586 loss=0.409359 lr=9.999e-06
[train] step=587 loss=0.407613 lr=9.999e-06
[train] step=588 loss=0.422146 lr=9.999e-06
[train] step=589 loss=0.425430 lr=9.999e-06
[train] step=590 loss=0.216114 lr=9.999e-06
[train] step=591 loss=0.159355 lr=9.999e-06
[train] step=592 loss=0.407199 lr=9.999e-06
[train] step=593 loss=0.445131 lr=9.999e-06
[train] step=594 loss=0.307532 lr=9.999e-06
[train] step=595 loss=0.293654 lr=9.999e-06
[train] step=596 loss=0.532097 lr=9.999e-06
[train] step=597 loss=0.363881 lr=9.999e-06
[train] step=598 loss=0.189028 lr=9.999e-06
[train] step=599 loss=0.175226 lr=9.999e-06
[train] step=600 loss=0.548874 lr=9.999e-06
[train] step=601 loss=0.705979 lr=9.999e-06
[train] step=602 loss=0.290860 lr=9.999e-06
[train] step=603 loss=0.482312 lr=9.999e-06
[train] step=604 loss=0.252802 lr=9.999e-06
[train] step=605 loss=0.468125 lr=9.999e-06
[train] step=606 loss=0.435475 lr=9.999e-06
[train] step=607 loss=0.638165 lr=9.999e-06
[train] step=608 loss=0.319370 lr=9.999e-06
[train] step=609 loss=0.127046 lr=9.999e-06
[train] step=610 loss=0.204867 lr=9.999e-06
[train] step=611 loss=0.442502 lr=9.999e-06
[train] step=612 loss=0.318919 lr=9.999e-06
[train] step=613 loss=0.671353 lr=9.999e-06
[train] step=614 loss=0.478952 lr=9.999e-06
[train] step=615 loss=0.437003 lr=9.999e-06
[train] step=616 loss=0.209883 lr=9.999e-06
[train] step=617 loss=0.302307 lr=9.999e-06
[train] step=618 loss=0.161403 lr=9.999e-06
[train] step=619 loss=0.405741 lr=9.999e-06
[train] step=620 loss=0.253327 lr=9.999e-06
[train] step=621 loss=0.215355 lr=9.999e-06
[train] step=622 loss=0.623647 lr=9.999e-06
[train] step=623 loss=0.366541 lr=9.999e-06
[train] step=624 loss=0.313928 lr=9.999e-06
[train] step=625 loss=0.276384 lr=9.999e-06
[train] step=626 loss=0.289966 lr=9.999e-06
[train] step=627 loss=0.362468 lr=9.999e-06
[train] step=628 loss=0.253660 lr=9.999e-06
[train] step=629 loss=0.320519 lr=9.999e-06
[train] step=630 loss=0.204728 lr=9.999e-06
[train] step=631 loss=0.453439 lr=9.999e-06
[train] step=632 loss=0.326389 lr=9.999e-06
[train] step=633 loss=0.519228 lr=9.999e-06
[train] step=634 loss=0.212271 lr=9.999e-06
[train] step=635 loss=0.549088 lr=9.999e-06
[train] step=636 loss=0.370387 lr=9.999e-06
[train] step=637 loss=0.269314 lr=9.999e-06
[train] step=638 loss=0.230825 lr=9.999e-06
[train] step=639 loss=0.346814 lr=9.999e-06
[train] step=640 loss=0.398062 lr=9.999e-06
[train] step=641 loss=0.436493 lr=9.999e-06
[train] step=642 loss=0.522211 lr=9.999e-06
[train] step=643 loss=0.403959 lr=9.999e-06
[train] step=644 loss=0.186385 lr=9.999e-06
[train] step=645 loss=0.470223 lr=9.999e-06
[train] step=646 loss=0.247584 lr=9.999e-06
[train] step=647 loss=0.133738 lr=9.999e-06
[train] step=648 loss=0.502504 lr=9.999e-06
[train] step=649 loss=0.405133 lr=9.999e-06
[train] step=650 loss=0.145318 lr=9.999e-06
[train] step=651 loss=0.602109 lr=9.999e-06
[train] step=652 loss=0.138489 lr=9.999e-06
[train] step=653 loss=0.243159 lr=9.999e-06
[train] step=654 loss=0.424906 lr=9.999e-06
[train] step=655 loss=0.259433 lr=9.999e-06
[train] step=656 loss=0.488169 lr=9.999e-06
[train] step=657 loss=0.326898 lr=9.999e-06
[train] step=658 loss=0.119056 lr=9.999e-06
[train] step=659 loss=0.333928 lr=9.999e-06
[train] step=660 loss=0.307945 lr=9.999e-06
[train] step=661 loss=0.188655 lr=9.999e-06
[train] step=662 loss=0.469845 lr=9.999e-06
[train] step=663 loss=0.277490 lr=9.999e-06
[train] step=664 loss=0.231754 lr=9.999e-06
[train] step=665 loss=0.227921 lr=9.999e-06
[train] step=666 loss=0.173808 lr=9.999e-06
[train] step=667 loss=0.157480 lr=9.999e-06
[train] step=668 loss=0.341509 lr=9.999e-06
[train] step=669 loss=0.328386 lr=9.999e-06
[train] step=670 loss=0.313325 lr=9.999e-06
[train] step=671 loss=0.429871 lr=9.999e-06
[train] step=672 loss=0.216626 lr=9.999e-06
[train] step=673 loss=0.334630 lr=9.999e-06
[train] step=674 loss=0.334090 lr=9.999e-06
[train] step=675 loss=0.307005 lr=9.999e-06
[train] step=676 loss=0.281933 lr=9.999e-06
[train] step=677 loss=0.436110 lr=9.999e-06
[train] step=678 loss=0.185125 lr=9.999e-06
[train] step=679 loss=0.248649 lr=9.999e-06
[train] step=680 loss=0.238179 lr=9.999e-06
[train] step=681 loss=0.361871 lr=9.999e-06
[train] step=682 loss=0.165586 lr=9.999e-06
[train] step=683 loss=0.300384 lr=9.999e-06
[train] step=684 loss=0.372670 lr=9.999e-06
[train] step=685 loss=0.406689 lr=9.999e-06
[train] step=686 loss=0.113731 lr=9.999e-06
[train] step=687 loss=0.147372 lr=9.999e-06
[train] step=688 loss=0.231780 lr=9.999e-06
[train] step=689 loss=0.355607 lr=9.999e-06
[train] step=690 loss=0.362763 lr=9.999e-06
[train] step=691 loss=0.340647 lr=9.999e-06
[train] step=692 loss=0.312201 lr=9.999e-06
[train] step=693 loss=0.360110 lr=9.999e-06
[train] step=694 loss=0.258832 lr=9.999e-06
[train] step=695 loss=0.335621 lr=9.999e-06
[train] step=696 loss=0.359197 lr=9.999e-06
[train] step=697 loss=0.441727 lr=9.999e-06
[train] step=698 loss=0.506120 lr=9.999e-06
[train] step=699 loss=0.274895 lr=9.999e-06
[train] step=700 loss=0.428633 lr=9.999e-06
[train] step=701 loss=0.166034 lr=9.999e-06
[train] step=702 loss=0.479839 lr=9.999e-06
[train] step=703 loss=0.197508 lr=9.999e-06
[train] step=704 loss=0.448027 lr=9.999e-06
[train] step=705 loss=0.350330 lr=9.999e-06
[train] step=706 loss=0.192070 lr=9.999e-06
[train] step=707 loss=0.268503 lr=9.999e-06
[train] step=708 loss=0.094799 lr=9.999e-06
[train] step=709 loss=0.198408 lr=9.999e-06
[train] step=710 loss=0.343237 lr=9.999e-06
[train] step=711 loss=0.231115 lr=9.999e-06
[train] step=712 loss=0.342322 lr=9.999e-06
[train] step=713 loss=0.515188 lr=9.999e-06
[train] step=714 loss=0.217231 lr=9.999e-06
[train] step=715 loss=0.396548 lr=9.999e-06
[train] step=716 loss=0.281856 lr=9.999e-06
[train] step=717 loss=0.283071 lr=9.999e-06
[train] step=718 loss=0.182188 lr=9.999e-06
[train] step=719 loss=0.111943 lr=9.999e-06
[train] step=720 loss=0.213162 lr=9.999e-06
[train] step=721 loss=0.178114 lr=9.999e-06
[train] step=722 loss=0.494150 lr=9.999e-06
[train] step=723 loss=0.279834 lr=9.999e-06
[train] step=724 loss=0.280333 lr=9.999e-06
[train] step=725 loss=0.480145 lr=9.999e-06
[train] step=726 loss=0.269954 lr=9.999e-06
[train] step=727 loss=0.209581 lr=9.999e-06
[train] step=728 loss=0.385119 lr=9.999e-06
[train] step=729 loss=0.273491 lr=9.999e-06
[train] step=730 loss=0.183038 lr=9.999e-06
[train] step=731 loss=0.160125 lr=9.999e-06
[train] step=732 loss=0.377210 lr=9.999e-06
[train] step=733 loss=0.404733 lr=9.999e-06
[train] step=734 loss=0.347524 lr=9.999e-06
[train] step=735 loss=0.221787 lr=9.999e-06
[train] step=736 loss=0.563182 lr=9.999e-06
[train] step=737 loss=0.450926 lr=9.999e-06
[train] step=738 loss=0.128848 lr=9.999e-06
[train] step=739 loss=0.084995 lr=9.999e-06
[train] step=740 loss=0.407894 lr=9.999e-06
[train] step=741 loss=0.394119 lr=9.999e-06
[train] step=742 loss=0.159220 lr=9.999e-06
[train] step=743 loss=0.196349 lr=9.999e-06
[train] step=744 loss=0.204038 lr=9.999e-06
[train] step=745 loss=0.408625 lr=9.999e-06
[train] step=746 loss=0.410108 lr=9.999e-06
[train] step=747 loss=0.289291 lr=9.999e-06
[train] step=748 loss=0.259724 lr=9.999e-06
[train] step=749 loss=0.358530 lr=9.999e-06
[train] step=750 loss=0.099616 lr=9.999e-06
[train] step=751 loss=0.275566 lr=9.999e-06
[train] step=752 loss=0.157795 lr=9.999e-06
[train] step=753 loss=0.207594 lr=9.999e-06
[train] step=754 loss=0.565655 lr=9.999e-06
[train] step=755 loss=0.443477 lr=9.999e-06
[train] step=756 loss=0.363432 lr=9.999e-06
[train] step=757 loss=0.285046 lr=9.999e-06
[train] step=758 loss=0.278964 lr=9.999e-06
[train] step=759 loss=0.161006 lr=9.999e-06
[train] step=760 loss=0.382450 lr=9.999e-06
[train] step=761 loss=0.207216 lr=9.999e-06
[train] step=762 loss=0.216924 lr=9.999e-06
[train] step=763 loss=0.144616 lr=9.999e-06
[train] step=764 loss=0.188946 lr=9.999e-06
[train] step=765 loss=0.228309 lr=9.999e-06
[train] step=766 loss=0.515173 lr=9.999e-06
[train] step=767 loss=0.193632 lr=9.999e-06
[train] step=768 loss=0.440956 lr=9.999e-06
[train] step=769 loss=0.267731 lr=9.999e-06
[train] step=770 loss=0.503561 lr=9.999e-06
[train] step=771 loss=0.543865 lr=9.999e-06
[train] step=772 loss=0.171044 lr=9.999e-06
[train] step=773 loss=0.367485 lr=9.999e-06
[train] step=774 loss=0.181234 lr=9.999e-06
[train] step=775 loss=0.298269 lr=9.999e-06
[train] step=776 loss=0.385041 lr=9.999e-06
[train] step=777 loss=0.269000 lr=9.999e-06
[train] step=778 loss=0.308394 lr=9.999e-06
[train] step=779 loss=0.114463 lr=9.999e-06
[train] step=780 loss=0.177741 lr=9.999e-06
[train] step=781 loss=0.491527 lr=9.999e-06
[train] step=782 loss=0.449478 lr=9.998e-06
[train] step=783 loss=0.218876 lr=9.998e-06
[train] step=784 loss=0.192187 lr=9.998e-06
[train] step=785 loss=0.348954 lr=9.998e-06
[train] step=786 loss=0.170380 lr=9.998e-06
[train] step=787 loss=0.284154 lr=9.998e-06
[train] step=788 loss=0.240026 lr=9.998e-06
[train] step=789 loss=0.330061 lr=9.998e-06
[train] step=790 loss=0.140862 lr=9.998e-06
[train] step=791 loss=0.257571 lr=9.998e-06
[train] step=792 loss=0.434817 lr=9.998e-06
[train] step=793 loss=0.333300 lr=9.998e-06
[train] step=794 loss=0.236120 lr=9.998e-06
[train] step=795 loss=0.333805 lr=9.998e-06
[train] step=796 loss=0.147640 lr=9.998e-06
[train] step=797 loss=0.277079 lr=9.998e-06
[train] step=798 loss=0.185578 lr=9.998e-06
[train] step=799 loss=0.155906 lr=9.998e-06
[train] step=800 loss=0.270592 lr=9.998e-06
[train] step=801 loss=0.332045 lr=9.998e-06
[train] step=802 loss=0.157802 lr=9.998e-06
[train] step=803 loss=0.434363 lr=9.998e-06
[train] step=804 loss=0.111445 lr=9.998e-06
[train] step=805 loss=0.316369 lr=9.998e-06
[train] step=806 loss=0.431645 lr=9.998e-06
[train] step=807 loss=0.162892 lr=9.998e-06
[train] step=808 loss=0.127098 lr=9.998e-06
[train] step=809 loss=0.491245 lr=9.998e-06
[train] step=810 loss=0.140247 lr=9.998e-06
[train] step=811 loss=0.312005 lr=9.998e-06
[train] step=812 loss=0.100246 lr=9.998e-06
[train] step=813 loss=0.236573 lr=9.998e-06
[train] step=814 loss=0.163827 lr=9.998e-06
[train] step=815 loss=0.274659 lr=9.998e-06
[train] step=816 loss=0.417462 lr=9.998e-06
[train] step=817 loss=0.359449 lr=9.998e-06
[train] step=818 loss=0.267057 lr=9.998e-06
[train] step=819 loss=0.140592 lr=9.998e-06
[train] step=820 loss=0.103215 lr=9.998e-06
[train] step=821 loss=0.265619 lr=9.998e-06
[train] step=822 loss=0.200425 lr=9.998e-06
[train] step=823 loss=0.446775 lr=9.998e-06
[train] step=824 loss=0.119451 lr=9.998e-06
[train] step=825 loss=0.166683 lr=9.998e-06
[train] step=826 loss=0.443695 lr=9.998e-06
[train] step=827 loss=0.199029 lr=9.998e-06
[train] step=828 loss=0.285836 lr=9.998e-06
[train] step=829 loss=0.430006 lr=9.998e-06
[train] step=830 loss=0.241766 lr=9.998e-06
[train] step=831 loss=0.230849 lr=9.998e-06
[train] step=832 loss=0.303537 lr=9.998e-06
[train] step=833 loss=0.356562 lr=9.998e-06
[train] step=834 loss=0.168682 lr=9.998e-06
[train] step=835 loss=0.136961 lr=9.998e-06
[train] step=836 loss=0.265681 lr=9.998e-06
[train] step=837 loss=0.115785 lr=9.998e-06
[train] step=838 loss=0.456485 lr=9.998e-06
[train] step=839 loss=0.242377 lr=9.998e-06
[train] step=840 loss=0.181786 lr=9.998e-06
[train] step=841 loss=0.279421 lr=9.998e-06
[train] step=842 loss=0.411175 lr=9.998e-06
[train] step=843 loss=0.156560 lr=9.998e-06
[train] step=844 loss=0.162155 lr=9.998e-06
[train] step=845 loss=0.267419 lr=9.998e-06
[train] step=846 loss=0.176811 lr=9.998e-06
[train] step=847 loss=0.465463 lr=9.998e-06
[train] step=848 loss=0.177373 lr=9.998e-06
[train] step=849 loss=0.171744 lr=9.998e-06
[train] step=850 loss=0.396808 lr=9.998e-06
[train] step=851 loss=0.279523 lr=9.998e-06
[train] step=852 loss=0.137869 lr=9.998e-06
[train] step=853 loss=0.202897 lr=9.998e-06
[train] step=854 loss=0.255067 lr=9.998e-06
[train] step=855 loss=0.201524 lr=9.998e-06
[train] step=856 loss=0.214096 lr=9.998e-06
[train] step=857 loss=0.278166 lr=9.998e-06
[train] step=858 loss=0.244705 lr=9.998e-06
[train] step=859 loss=0.086386 lr=9.998e-06
[train] step=860 loss=0.587860 lr=9.998e-06
[train] step=861 loss=0.412308 lr=9.998e-06
[train] step=862 loss=0.142379 lr=9.998e-06
[train] step=863 loss=0.271181 lr=9.998e-06
[train] step=864 loss=0.107679 lr=9.998e-06
[train] step=865 loss=0.361309 lr=9.998e-06
[train] step=866 loss=0.154977 lr=9.998e-06
[train] step=867 loss=0.182139 lr=9.998e-06
[train] step=868 loss=0.099959 lr=9.998e-06
[train] step=869 loss=0.283322 lr=9.998e-06
[train] step=870 loss=0.228186 lr=9.998e-06
[train] step=871 loss=0.189349 lr=9.998e-06
[train] step=872 loss=0.225859 lr=9.998e-06
[train] step=873 loss=0.289109 lr=9.998e-06
[train] step=874 loss=0.250620 lr=9.998e-06
[train] step=875 loss=0.275912 lr=9.998e-06
[train] step=876 loss=0.562242 lr=9.998e-06
[train] step=877 loss=0.324079 lr=9.998e-06
[train] step=878 loss=0.372542 lr=9.998e-06
[train] step=879 loss=0.344316 lr=9.998e-06
[train] step=880 loss=0.271063 lr=9.998e-06
[train] step=881 loss=0.270233 lr=9.998e-06
[train] step=882 loss=0.246995 lr=9.998e-06
[train] step=883 loss=0.080921 lr=9.998e-06
[train] step=884 loss=0.198304 lr=9.998e-06
[train] step=885 loss=0.236041 lr=9.998e-06
[train] step=886 loss=0.185624 lr=9.998e-06
[train] step=887 loss=0.153508 lr=9.998e-06
[train] step=888 loss=0.306303 lr=9.998e-06
[train] step=889 loss=0.176101 lr=9.998e-06
[train] step=890 loss=0.085645 lr=9.998e-06
[train] step=891 loss=0.565530 lr=9.998e-06
[train] step=892 loss=0.226406 lr=9.998e-06
[train] step=893 loss=0.383623 lr=9.998e-06
[train] step=894 loss=0.243132 lr=9.998e-06
[train] step=895 loss=0.260318 lr=9.998e-06
[train] step=896 loss=0.317718 lr=9.998e-06
[train] step=897 loss=0.175445 lr=9.998e-06
[train] step=898 loss=0.176810 lr=9.998e-06
[train] step=899 loss=0.282398 lr=9.998e-06
[train] step=900 loss=0.139720 lr=9.998e-06
[train] step=901 loss=0.200664 lr=9.998e-06
[train] step=902 loss=0.131561 lr=9.998e-06
[train] step=903 loss=0.196639 lr=9.998e-06
[train] step=904 loss=0.118334 lr=9.998e-06
[train] step=905 loss=0.169410 lr=9.998e-06
[train] step=906 loss=0.223445 lr=9.998e-06
[train] step=907 loss=0.282428 lr=9.998e-06
[train] step=908 loss=0.233857 lr=9.998e-06
[train] step=909 loss=0.119861 lr=9.998e-06
[train] step=910 loss=0.302966 lr=9.998e-06
[train] step=911 loss=0.364114 lr=9.998e-06
[train] step=912 loss=0.239483 lr=9.998e-06
[train] step=913 loss=0.302759 lr=9.998e-06
[train] step=914 loss=0.069528 lr=9.998e-06
[train] step=915 loss=0.216098 lr=9.998e-06
[train] step=916 loss=0.090230 lr=9.998e-06
[train] step=917 loss=0.322700 lr=9.998e-06
[train] step=918 loss=0.157534 lr=9.998e-06
[train] step=919 loss=0.206999 lr=9.998e-06
[train] step=920 loss=0.333018 lr=9.998e-06
[train] step=921 loss=0.284354 lr=9.998e-06
[train] step=922 loss=0.659241 lr=9.998e-06
[train] step=923 loss=0.301933 lr=9.998e-06
[train] step=924 loss=0.135434 lr=9.998e-06
[train] step=925 loss=0.288350 lr=9.998e-06
[train] step=926 loss=0.315454 lr=9.998e-06
[train] step=927 loss=0.146799 lr=9.998e-06
[train] step=928 loss=0.285411 lr=9.998e-06
[train] step=929 loss=0.265542 lr=9.998e-06
[train] step=930 loss=0.240619 lr=9.998e-06
[train] step=931 loss=0.110105 lr=9.998e-06
[train] step=932 loss=0.124618 lr=9.998e-06
[train] step=933 loss=0.188066 lr=9.998e-06
[train] step=934 loss=0.138989 lr=9.998e-06
[train] step=935 loss=0.228514 lr=9.998e-06
[train] step=936 loss=0.222055 lr=9.998e-06
[train] step=937 loss=0.337345 lr=9.998e-06
[train] step=938 loss=0.109451 lr=9.998e-06
[train] step=939 loss=0.263226 lr=9.998e-06
[train] step=940 loss=0.240228 lr=9.998e-06
[train] step=941 loss=0.127547 lr=9.998e-06
[train] step=942 loss=0.256433 lr=9.998e-06
[train] step=943 loss=0.374387 lr=9.998e-06
[train] step=944 loss=0.307189 lr=9.998e-06
[train] step=945 loss=0.396074 lr=9.998e-06
[train] step=946 loss=0.125261 lr=9.998e-06
[train] step=947 loss=0.149412 lr=9.998e-06
[train] step=948 loss=0.104135 lr=9.998e-06
[train] step=949 loss=0.182740 lr=9.998e-06
[train] step=950 loss=0.286794 lr=9.998e-06
[train] step=951 loss=0.411567 lr=9.998e-06
[train] step=952 loss=0.371650 lr=9.998e-06
[train] step=953 loss=0.423090 lr=9.998e-06
[train] step=954 loss=0.170953 lr=9.998e-06
[train] step=955 loss=0.212078 lr=9.998e-06
[train] step=956 loss=0.095200 lr=9.998e-06
[train] step=957 loss=0.111623 lr=9.998e-06
[train] step=958 loss=0.283864 lr=9.998e-06
[train] step=959 loss=0.202745 lr=9.998e-06
[train] step=960 loss=0.341068 lr=9.998e-06
[train] step=961 loss=0.221836 lr=9.998e-06
[train] step=962 loss=0.185487 lr=9.998e-06
[train] step=963 loss=0.202502 lr=9.998e-06
[train] step=964 loss=0.432306 lr=9.998e-06
[train] step=965 loss=0.111877 lr=9.998e-06
[train] step=966 loss=0.088542 lr=9.998e-06
[train] step=967 loss=0.124379 lr=9.998e-06
[train] step=968 loss=0.252113 lr=9.998e-06
[train] step=969 loss=0.190029 lr=9.998e-06
[train] step=970 loss=0.186698 lr=9.998e-06
[train] step=971 loss=0.143962 lr=9.998e-06
[train] step=972 loss=0.251090 lr=9.998e-06
[train] step=973 loss=0.273254 lr=9.998e-06
[train] step=974 loss=0.092782 lr=9.998e-06
[train] step=975 loss=0.178239 lr=9.998e-06
[train] step=976 loss=0.316881 lr=9.998e-06
[train] step=977 loss=0.093611 lr=9.998e-06
[train] step=978 loss=0.333521 lr=9.998e-06
[train] step=979 loss=0.162908 lr=9.998e-06
[train] step=980 loss=0.581715 lr=9.998e-06
[train] step=981 loss=0.110920 lr=9.998e-06
[train] step=982 loss=0.120599 lr=9.998e-06
[train] step=983 loss=0.226620 lr=9.998e-06
[train] step=984 loss=0.242104 lr=9.998e-06
[train] step=985 loss=0.089828 lr=9.998e-06
[train] step=986 loss=0.160571 lr=9.998e-06
[train] step=987 loss=0.285452 lr=9.998e-06
[train] step=988 loss=0.170862 lr=9.998e-06
[train] step=989 loss=0.236711 lr=9.998e-06
[train] step=990 loss=0.243236 lr=9.998e-06
[train] step=991 loss=0.292312 lr=9.998e-06
[train] step=992 loss=0.211143 lr=9.998e-06
[train] step=993 loss=0.186494 lr=9.998e-06
[train] step=994 loss=0.095595 lr=9.998e-06
[train] step=995 loss=0.320445 lr=9.998e-06
[train] step=996 loss=0.186437 lr=9.998e-06
[train] step=997 loss=0.289814 lr=9.998e-06
[train] step=998 loss=0.445112 lr=9.998e-06
[train] step=999 loss=0.127908 lr=9.998e-06
[train] step=1000 loss=0.317465 lr=9.998e-06
INFO     [rank 0] Model weights for step 1000 saved in       dit_trainer.py:1085
         checkpoints/model_weights_step_01000.safetensors                       
INFO     [rank 0] Scalar embedding weights for step 1000     dit_trainer.py:1092
         saved                                                                  
INFO     [rank 0] Training state saved:                      dit_trainer.py:1123
         checkpoints/model_weights_step_01000.state.pt                          
DEBUG    [rank 0] Removed old checkpoint:                    dit_trainer.py:1136
         /local/disk/hramachandran/work/wh_work/windinet/dit                    
         _throughput_sweep_bs2/checkpoints/model_weights_ste                    
         p_00500.safetensors                                                    
DEBUG    [rank 0] Removed old checkpoint:                    dit_trainer.py:1136
         /local/disk/hramachandran/work/wh_work/windinet/dit                    
         _throughput_sweep_bs2/checkpoints/model_weights_ste                    
         p_00500.state.pt                                                       
DEBUG    [rank 0] Removed old checkpoint:                    dit_trainer.py:1136
         /local/disk/hramachandran/work/wh_work/windinet/dit                    
         _throughput_sweep_bs2/checkpoints/scalar_embedding_                    
         step_00500.safetensors                                                 
[epoch 2] step=1000 train_loss=0.292633
[train] step=1001 loss=0.147347 lr=9.998e-06
[train] step=1002 loss=0.117616 lr=9.998e-06
[train] step=1003 loss=0.319815 lr=9.998e-06
[train] step=1004 loss=0.202931 lr=9.998e-06
[train] step=1005 loss=0.165022 lr=9.998e-06
[train] step=1006 loss=0.215475 lr=9.998e-06
[train] step=1007 loss=0.241201 lr=9.998e-06
[train] step=1008 loss=0.298315 lr=9.998e-06
[train] step=1009 loss=0.313871 lr=9.997e-06
[train] step=1010 loss=0.152807 lr=9.997e-06
[train] step=1011 loss=0.309562 lr=9.997e-06
[train] step=1012 loss=0.112966 lr=9.997e-06
[train] step=1013 loss=0.257222 lr=9.997e-06
[train] step=1014 loss=0.118862 lr=9.997e-06
[train] step=1015 loss=0.160649 lr=9.997e-06
[train] step=1016 loss=0.247417 lr=9.997e-06
[train] step=1017 loss=0.087758 lr=9.997e-06
[train] step=1018 loss=0.096567 lr=9.997e-06
[train] step=1019 loss=0.166612 lr=9.997e-06
[train] step=1020 loss=0.359423 lr=9.997e-06
[train] step=1021 loss=0.218449 lr=9.997e-06
[train] step=1022 loss=0.131920 lr=9.997e-06
[train] step=1023 loss=0.146920 lr=9.997e-06
[train] step=1024 loss=0.135009 lr=9.997e-06
[train] step=1025 loss=0.129333 lr=9.997e-06
[train] step=1026 loss=0.200134 lr=9.997e-06
[train] step=1027 loss=0.165200 lr=9.997e-06
[train] step=1028 loss=0.198435 lr=9.997e-06
[train] step=1029 loss=0.156042 lr=9.997e-06
[train] step=1030 loss=0.285822 lr=9.997e-06
[train] step=1031 loss=0.314172 lr=9.997e-06
[train] step=1032 loss=0.113745 lr=9.997e-06
[train] step=1033 loss=0.136613 lr=9.997e-06
[train] step=1034 loss=0.216493 lr=9.997e-06
[train] step=1035 loss=0.213851 lr=9.997e-06
[train] step=1036 loss=0.110354 lr=9.997e-06
[train] step=1037 loss=0.221419 lr=9.997e-06
[train] step=1038 loss=0.418990 lr=9.997e-06
[train] step=1039 loss=0.164606 lr=9.997e-06
[train] step=1040 loss=0.723262 lr=9.997e-06
[train] step=1041 loss=0.096668 lr=9.997e-06
[train] step=1042 loss=0.122677 lr=9.997e-06
[train] step=1043 loss=0.176199 lr=9.997e-06
[train] step=1044 loss=0.254977 lr=9.997e-06
[train] step=1045 loss=0.253179 lr=9.997e-06
[train] step=1046 loss=0.162221 lr=9.997e-06
[train] step=1047 loss=0.204299 lr=9.997e-06
[train] step=1048 loss=0.278728 lr=9.997e-06
[train] step=1049 loss=0.068868 lr=9.997e-06
[train] step=1050 loss=0.351680 lr=9.997e-06
[train] step=1051 loss=0.155990 lr=9.997e-06
[train] step=1052 loss=0.494218 lr=9.997e-06
[train] step=1053 loss=0.192390 lr=9.997e-06
[train] step=1054 loss=0.088678 lr=9.997e-06
[train] step=1055 loss=0.244981 lr=9.997e-06
[train] step=1056 loss=0.145990 lr=9.997e-06
[train] step=1057 loss=0.313296 lr=9.997e-06
[train] step=1058 loss=0.178079 lr=9.997e-06
[train] step=1059 loss=0.222783 lr=9.997e-06
[train] step=1060 loss=0.092668 lr=9.997e-06
[train] step=1061 loss=0.128752 lr=9.997e-06
[train] step=1062 loss=0.147755 lr=9.997e-06
[train] step=1063 loss=0.108224 lr=9.997e-06
[train] step=1064 loss=0.177396 lr=9.997e-06
[train] step=1065 loss=0.286481 lr=9.997e-06
[train] step=1066 loss=0.117282 lr=9.997e-06
[train] step=1067 loss=0.214403 lr=9.997e-06
[train] step=1068 loss=0.185899 lr=9.997e-06
[train] step=1069 loss=0.216628 lr=9.997e-06
[train] step=1070 loss=0.124610 lr=9.997e-06
[train] step=1071 loss=0.266931 lr=9.997e-06
[train] step=1072 loss=0.220343 lr=9.997e-06
[train] step=1073 loss=0.172175 lr=9.997e-06
[train] step=1074 loss=0.192850 lr=9.997e-06
[train] step=1075 loss=0.127655 lr=9.997e-06
[train] step=1076 loss=0.184820 lr=9.997e-06
[train] step=1077 loss=0.258335 lr=9.997e-06
[train] step=1078 loss=0.259258 lr=9.997e-06
[train] step=1079 loss=0.097739 lr=9.997e-06
[train] step=1080 loss=0.117576 lr=9.997e-06
[train] step=1081 loss=0.200336 lr=9.997e-06
[train] step=1082 loss=0.168492 lr=9.997e-06
[train] step=1083 loss=0.118222 lr=9.997e-06
[train] step=1084 loss=0.559411 lr=9.997e-06
[train] step=1085 loss=0.144265 lr=9.997e-06
[train] step=1086 loss=0.085659 lr=9.997e-06
[train] step=1087 loss=0.285704 lr=9.997e-06
[train] step=1088 loss=0.183861 lr=9.997e-06
[train] step=1089 loss=0.158801 lr=9.997e-06
[train] step=1090 loss=0.190777 lr=9.997e-06
[train] step=1091 loss=0.124848 lr=9.997e-06
[train] step=1092 loss=0.202600 lr=9.997e-06
[train] step=1093 loss=0.396394 lr=9.997e-06
[train] step=1094 loss=0.227085 lr=9.997e-06
[train] step=1095 loss=0.116559 lr=9.997e-06
[train] step=1096 loss=0.198878 lr=9.997e-06
[train] step=1097 loss=0.235887 lr=9.997e-06
[train] step=1098 loss=0.079501 lr=9.997e-06
[train] step=1099 loss=0.150410 lr=9.997e-06
[train] step=1100 loss=0.123864 lr=9.997e-06
[train] step=1101 loss=0.132127 lr=9.997e-06
[train] step=1102 loss=0.155492 lr=9.997e-06
[train] step=1103 loss=0.272459 lr=9.997e-06
[train] step=1104 loss=0.210049 lr=9.997e-06
[train] step=1105 loss=0.067092 lr=9.997e-06
[train] step=1106 loss=0.187627 lr=9.997e-06
[train] step=1107 loss=0.092102 lr=9.997e-06
[train] step=1108 loss=0.291073 lr=9.997e-06
[train] step=1109 loss=0.102672 lr=9.997e-06
[train] step=1110 loss=0.282301 lr=9.997e-06
[train] step=1111 loss=0.100944 lr=9.997e-06
[train] step=1112 loss=0.224674 lr=9.997e-06
[train] step=1113 loss=0.171982 lr=9.997e-06
[train] step=1114 loss=0.157616 lr=9.997e-06
[train] step=1115 loss=0.125489 lr=9.997e-06
[train] step=1116 loss=0.233807 lr=9.997e-06
[train] step=1117 loss=0.176598 lr=9.997e-06
[train] step=1118 loss=0.123201 lr=9.997e-06
[train] step=1119 loss=0.186813 lr=9.997e-06
[train] step=1120 loss=0.156745 lr=9.997e-06
[train] step=1121 loss=0.225164 lr=9.997e-06
[train] step=1122 loss=0.192004 lr=9.997e-06
[train] step=1123 loss=0.095782 lr=9.997e-06
[train] step=1124 loss=0.222357 lr=9.997e-06
[train] step=1125 loss=0.100943 lr=9.997e-06
[train] step=1126 loss=0.219445 lr=9.997e-06
[train] step=1127 loss=0.113358 lr=9.997e-06
[train] step=1128 loss=0.063272 lr=9.997e-06
[train] step=1129 loss=0.240668 lr=9.997e-06
[train] step=1130 loss=0.083085 lr=9.997e-06
[train] step=1131 loss=0.091997 lr=9.997e-06
[train] step=1132 loss=0.147008 lr=9.997e-06
[train] step=1133 loss=0.116197 lr=9.997e-06
[train] step=1134 loss=0.192540 lr=9.997e-06
[train] step=1135 loss=0.118752 lr=9.997e-06
[train] step=1136 loss=0.247120 lr=9.997e-06
[train] step=1137 loss=0.157875 lr=9.997e-06
[train] step=1138 loss=0.148188 lr=9.997e-06
[train] step=1139 loss=0.116185 lr=9.997e-06
[train] step=1140 loss=0.124436 lr=9.997e-06
[train] step=1141 loss=0.131853 lr=9.997e-06
[train] step=1142 loss=0.096470 lr=9.997e-06
[train] step=1143 loss=0.093456 lr=9.997e-06
[train] step=1144 loss=0.100605 lr=9.997e-06
[train] step=1145 loss=0.133556 lr=9.997e-06
[train] step=1146 loss=0.208125 lr=9.997e-06
[train] step=1147 loss=0.281728 lr=9.997e-06
[train] step=1148 loss=0.129332 lr=9.997e-06
[train] step=1149 loss=0.105189 lr=9.997e-06
[train] step=1150 loss=0.251738 lr=9.997e-06
[train] step=1151 loss=0.231235 lr=9.997e-06
[train] step=1152 loss=0.065148 lr=9.997e-06
[train] step=1153 loss=0.134845 lr=9.997e-06
[train] step=1154 loss=0.234446 lr=9.997e-06
[train] step=1155 loss=0.122020 lr=9.997e-06
[train] step=1156 loss=0.267090 lr=9.997e-06
[train] step=1157 loss=0.164551 lr=9.997e-06
[train] step=1158 loss=0.150877 lr=9.997e-06
[train] step=1159 loss=0.086047 lr=9.997e-06
[train] step=1160 loss=0.139086 lr=9.997e-06
[train] step=1161 loss=0.100736 lr=9.997e-06
[train] step=1162 loss=0.183601 lr=9.997e-06
[train] step=1163 loss=0.172797 lr=9.997e-06
[train] step=1164 loss=0.185186 lr=9.997e-06
[train] step=1165 loss=0.203312 lr=9.997e-06
[train] step=1166 loss=0.139112 lr=9.997e-06
[train] step=1167 loss=0.156805 lr=9.997e-06
[train] step=1168 loss=0.100964 lr=9.997e-06
[train] step=1169 loss=0.096236 lr=9.997e-06
[train] step=1170 loss=0.209766 lr=9.997e-06
[train] step=1171 loss=0.074525 lr=9.997e-06
[train] step=1172 loss=0.170219 lr=9.997e-06
[train] step=1173 loss=0.141797 lr=9.997e-06
[train] step=1174 loss=0.178033 lr=9.997e-06
[train] step=1175 loss=0.108887 lr=9.997e-06
[train] step=1176 loss=0.088929 lr=9.997e-06
[train] step=1177 loss=0.194284 lr=9.997e-06
[train] step=1178 loss=0.122400 lr=9.997e-06
[train] step=1179 loss=0.214446 lr=9.997e-06
[train] step=1180 loss=0.154921 lr=9.997e-06
[train] step=1181 loss=0.117304 lr=9.997e-06
[train] step=1182 loss=0.163664 lr=9.997e-06
[train] step=1183 loss=0.163811 lr=9.997e-06
[train] step=1184 loss=0.161465 lr=9.997e-06
[train] step=1185 loss=0.127778 lr=9.997e-06
[train] step=1186 loss=0.191159 lr=9.997e-06
[train] step=1187 loss=0.115010 lr=9.997e-06
[train] step=1188 loss=0.161675 lr=9.997e-06
[train] step=1189 loss=0.221015 lr=9.997e-06
[train] step=1190 loss=0.263164 lr=9.997e-06
[train] step=1191 loss=0.086901 lr=9.997e-06
[train] step=1192 loss=0.071845 lr=9.997e-06
[train] step=1193 loss=0.136554 lr=9.996e-06
[train] step=1194 loss=0.151780 lr=9.996e-06
[train] step=1195 loss=0.248851 lr=9.996e-06
[train] step=1196 loss=0.058776 lr=9.996e-06
[train] step=1197 loss=0.222825 lr=9.996e-06
[train] step=1198 loss=0.133756 lr=9.996e-06
[train] step=1199 loss=0.161192 lr=9.996e-06
[train] step=1200 loss=0.215255 lr=9.996e-06
[train] step=1201 loss=0.183168 lr=9.996e-06
[train] step=1202 loss=0.198006 lr=9.996e-06
[train] step=1203 loss=0.101314 lr=9.996e-06
[train] step=1204 loss=0.159202 lr=9.996e-06
[train] step=1205 loss=0.214398 lr=9.996e-06
[train] step=1206 loss=0.077226 lr=9.996e-06
[train] step=1207 loss=0.124927 lr=9.996e-06
[train] step=1208 loss=0.109372 lr=9.996e-06
[train] step=1209 loss=0.180357 lr=9.996e-06
[train] step=1210 loss=0.101569 lr=9.996e-06
[train] step=1211 loss=0.249976 lr=9.996e-06
[train] step=1212 loss=0.212716 lr=9.996e-06
[train] step=1213 loss=0.194968 lr=9.996e-06
[train] step=1214 loss=0.148999 lr=9.996e-06
[train] step=1215 loss=0.083203 lr=9.996e-06
[train] step=1216 loss=0.093261 lr=9.996e-06
[train] step=1217 loss=0.146401 lr=9.996e-06
[train] step=1218 loss=0.299741 lr=9.996e-06
[train] step=1219 loss=0.126025 lr=9.996e-06
[train] step=1220 loss=0.155472 lr=9.996e-06
[train] step=1221 loss=0.179723 lr=9.996e-06
[train] step=1222 loss=0.182062 lr=9.996e-06
[train] step=1223 loss=0.146371 lr=9.996e-06
[train] step=1224 loss=0.080979 lr=9.996e-06
[train] step=1225 loss=0.207800 lr=9.996e-06
[train] step=1226 loss=0.373809 lr=9.996e-06
[train] step=1227 loss=0.108193 lr=9.996e-06
[train] step=1228 loss=0.226133 lr=9.996e-06
[train] step=1229 loss=0.089874 lr=9.996e-06
[train] step=1230 loss=0.101080 lr=9.996e-06
[train] step=1231 loss=0.110211 lr=9.996e-06
[train] step=1232 loss=0.073919 lr=9.996e-06
[train] step=1233 loss=0.094598 lr=9.996e-06
[train] step=1234 loss=0.330540 lr=9.996e-06
[train] step=1235 loss=0.132645 lr=9.996e-06
[train] step=1236 loss=0.224860 lr=9.996e-06
[train] step=1237 loss=0.065781 lr=9.996e-06
[train] step=1238 loss=0.135680 lr=9.996e-06
[train] step=1239 loss=0.235699 lr=9.996e-06
[train] step=1240 loss=0.350481 lr=9.996e-06
[train] step=1241 loss=0.156292 lr=9.996e-06
[train] step=1242 loss=0.132211 lr=9.996e-06
[train] step=1243 loss=0.183753 lr=9.996e-06
[train] step=1244 loss=0.120712 lr=9.996e-06
[train] step=1245 loss=0.112740 lr=9.996e-06
[train] step=1246 loss=0.149213 lr=9.996e-06
[train] step=1247 loss=0.074405 lr=9.996e-06
[train] step=1248 loss=0.149705 lr=9.996e-06
[train] step=1249 loss=0.060800 lr=9.996e-06
[train] step=1250 loss=0.371697 lr=9.996e-06
[train] step=1251 loss=0.382739 lr=9.996e-06
[train] step=1252 loss=0.253562 lr=9.996e-06
[train] step=1253 loss=0.360546 lr=9.996e-06
[train] step=1254 loss=0.112956 lr=9.996e-06
[train] step=1255 loss=0.053939 lr=9.996e-06
[train] step=1256 loss=0.144351 lr=9.996e-06
[train] step=1257 loss=0.210582 lr=9.996e-06
[train] step=1258 loss=0.137142 lr=9.996e-06
[train] step=1259 loss=0.069994 lr=9.996e-06
[train] step=1260 loss=0.206618 lr=9.996e-06
[train] step=1261 loss=0.204072 lr=9.996e-06
[train] step=1262 loss=0.063484 lr=9.996e-06
[train] step=1263 loss=0.157839 lr=9.996e-06
[train] step=1264 loss=0.106714 lr=9.996e-06
[train] step=1265 loss=0.150743 lr=9.996e-06
[train] step=1266 loss=0.063212 lr=9.996e-06
[train] step=1267 loss=0.146925 lr=9.996e-06
[train] step=1268 loss=0.210051 lr=9.996e-06
[train] step=1269 loss=0.178402 lr=9.996e-06
[train] step=1270 loss=0.494786 lr=9.996e-06
[train] step=1271 loss=0.114737 lr=9.996e-06
[train] step=1272 loss=0.137408 lr=9.996e-06
[train] step=1273 loss=0.104822 lr=9.996e-06
[train] step=1274 loss=0.095135 lr=9.996e-06
[train] step=1275 loss=0.304715 lr=9.996e-06
[train] step=1276 loss=0.128404 lr=9.996e-06
[train] step=1277 loss=0.127095 lr=9.996e-06
[train] step=1278 loss=0.155826 lr=9.996e-06
[train] step=1279 loss=0.103318 lr=9.996e-06
[train] step=1280 loss=0.106019 lr=9.996e-06
[train] step=1281 loss=0.120709 lr=9.996e-06
[train] step=1282 loss=0.407813 lr=9.996e-06
[train] step=1283 loss=0.129371 lr=9.996e-06
[train] step=1284 loss=0.109156 lr=9.996e-06
[train] step=1285 loss=0.108329 lr=9.996e-06
[train] step=1286 loss=0.215312 lr=9.996e-06
[train] step=1287 loss=0.099649 lr=9.996e-06
[train] step=1288 loss=0.144034 lr=9.996e-06
[train] step=1289 loss=0.059082 lr=9.996e-06
[train] step=1290 loss=0.082392 lr=9.996e-06
[train] step=1291 loss=0.132003 lr=9.996e-06
[train] step=1292 loss=0.144250 lr=9.996e-06
[train] step=1293 loss=0.184682 lr=9.996e-06
[train] step=1294 loss=0.169696 lr=9.996e-06
[train] step=1295 loss=0.065062 lr=9.996e-06
[train] step=1296 loss=0.110449 lr=9.996e-06
[train] step=1297 loss=0.103006 lr=9.996e-06
[train] step=1298 loss=0.176396 lr=9.996e-06
[train] step=1299 loss=0.117435 lr=9.996e-06
[train] step=1300 loss=0.246933 lr=9.996e-06
[train] step=1301 loss=0.107536 lr=9.996e-06
[train] step=1302 loss=0.176791 lr=9.996e-06
[train] step=1303 loss=0.079277 lr=9.996e-06
[train] step=1304 loss=0.048325 lr=9.996e-06
[train] step=1305 loss=0.087007 lr=9.996e-06
[train] step=1306 loss=0.093155 lr=9.996e-06
[train] step=1307 loss=0.079370 lr=9.996e-06
[train] step=1308 loss=0.172026 lr=9.996e-06
[train] step=1309 loss=0.085803 lr=9.996e-06
[train] step=1310 loss=0.098465 lr=9.996e-06
[train] step=1311 loss=0.094537 lr=9.996e-06
[train] step=1312 loss=0.172756 lr=9.996e-06
[train] step=1313 loss=0.139577 lr=9.996e-06
[train] step=1314 loss=0.106067 lr=9.996e-06
[train] step=1315 loss=0.171255 lr=9.996e-06
[train] step=1316 loss=0.074352 lr=9.996e-06
[train] step=1317 loss=0.115933 lr=9.996e-06
[train] step=1318 loss=0.109859 lr=9.996e-06
[train] step=1319 loss=0.060399 lr=9.996e-06
[train] step=1320 loss=0.137309 lr=9.996e-06
[train] step=1321 loss=0.082814 lr=9.996e-06
[train] step=1322 loss=0.102762 lr=9.996e-06
[train] step=1323 loss=0.092837 lr=9.996e-06
[train] step=1324 loss=0.068732 lr=9.996e-06
[train] step=1325 loss=0.090886 lr=9.996e-06
[train] step=1326 loss=0.167434 lr=9.996e-06
[train] step=1327 loss=0.126466 lr=9.996e-06
[train] step=1328 loss=0.079506 lr=9.996e-06
[train] step=1329 loss=0.222352 lr=9.996e-06
[train] step=1330 loss=0.190225 lr=9.996e-06
[train] step=1331 loss=0.099844 lr=9.996e-06
[train] step=1332 loss=0.179902 lr=9.996e-06
[train] step=1333 loss=0.228793 lr=9.996e-06
[train] step=1334 loss=0.129986 lr=9.996e-06
[train] step=1335 loss=0.092933 lr=9.996e-06
[train] step=1336 loss=0.139470 lr=9.996e-06
[train] step=1337 loss=0.149343 lr=9.996e-06
[train] step=1338 loss=0.147428 lr=9.996e-06
[train] step=1339 loss=0.094596 lr=9.996e-06
[train] step=1340 loss=0.175193 lr=9.996e-06
[train] step=1341 loss=0.137330 lr=9.996e-06
[train] step=1342 loss=0.055930 lr=9.996e-06
[train] step=1343 loss=0.036274 lr=9.996e-06
[train] step=1344 loss=0.116882 lr=9.996e-06
[train] step=1345 loss=0.195067 lr=9.996e-06
[train] step=1346 loss=0.123499 lr=9.996e-06
[train] step=1347 loss=0.061814 lr=9.996e-06
[train] step=1348 loss=0.131346 lr=9.996e-06
[train] step=1349 loss=0.113779 lr=9.996e-06
[train] step=1350 loss=0.069447 lr=9.996e-06
[train] step=1351 loss=0.467808 lr=9.996e-06
[train] step=1352 loss=0.111174 lr=9.996e-06
[train] step=1353 loss=0.111763 lr=9.995e-06
[train] step=1354 loss=0.147107 lr=9.995e-06
[train] step=1355 loss=0.082689 lr=9.995e-06
[train] step=1356 loss=0.123829 lr=9.995e-06
[train] step=1357 loss=0.124042 lr=9.995e-06
[train] step=1358 loss=0.156115 lr=9.995e-06
[train] step=1359 loss=0.140521 lr=9.995e-06
[train] step=1360 loss=0.109222 lr=9.995e-06
[train] step=1361 loss=0.075358 lr=9.995e-06
[train] step=1362 loss=0.066404 lr=9.995e-06
[train] step=1363 loss=0.326714 lr=9.995e-06
[train] step=1364 loss=0.079739 lr=9.995e-06
[train] step=1365 loss=0.096920 lr=9.995e-06
[train] step=1366 loss=0.240783 lr=9.995e-06
[train] step=1367 loss=0.152142 lr=9.995e-06
[train] step=1368 loss=0.066441 lr=9.995e-06
[train] step=1369 loss=0.241342 lr=9.995e-06
[train] step=1370 loss=0.115222 lr=9.995e-06
[train] step=1371 loss=0.045842 lr=9.995e-06
[train] step=1372 loss=0.094955 lr=9.995e-06
[train] step=1373 loss=0.084304 lr=9.995e-06
[train] step=1374 loss=0.112056 lr=9.995e-06
[train] step=1375 loss=0.070800 lr=9.995e-06
[train] step=1376 loss=0.377716 lr=9.995e-06
[train] step=1377 loss=0.121881 lr=9.995e-06
[train] step=1378 loss=0.161625 lr=9.995e-06
[train] step=1379 loss=0.121154 lr=9.995e-06
[train] step=1380 loss=0.102997 lr=9.995e-06
[train] step=1381 loss=0.130184 lr=9.995e-06
[train] step=1382 loss=0.124339 lr=9.995e-06
[train] step=1383 loss=0.103161 lr=9.995e-06
[train] step=1384 loss=0.077397 lr=9.995e-06
[train] step=1385 loss=0.091542 lr=9.995e-06
[train] step=1386 loss=0.183851 lr=9.995e-06
[train] step=1387 loss=0.054890 lr=9.995e-06
[train] step=1388 loss=0.087508 lr=9.995e-06
[train] step=1389 loss=0.069230 lr=9.995e-06
[train] step=1390 loss=0.168331 lr=9.995e-06
[train] step=1391 loss=0.196495 lr=9.995e-06
[train] step=1392 loss=0.041108 lr=9.995e-06
[train] step=1393 loss=0.155458 lr=9.995e-06
[train] step=1394 loss=0.069564 lr=9.995e-06
[train] step=1395 loss=0.111556 lr=9.995e-06
[train] step=1396 loss=0.042929 lr=9.995e-06
[train] step=1397 loss=0.136546 lr=9.995e-06
[train] step=1398 loss=0.112017 lr=9.995e-06
[train] step=1399 loss=0.113442 lr=9.995e-06
[train] step=1400 loss=0.253239 lr=9.995e-06
[train] step=1401 loss=0.389905 lr=9.995e-06
[train] step=1402 loss=0.084483 lr=9.995e-06
[train] step=1403 loss=0.243369 lr=9.995e-06
[train] step=1404 loss=0.147869 lr=9.995e-06
[train] step=1405 loss=0.066073 lr=9.995e-06
[train] step=1406 loss=0.129917 lr=9.995e-06
[train] step=1407 loss=0.169339 lr=9.995e-06
[train] step=1408 loss=0.102243 lr=9.995e-06
[train] step=1409 loss=0.152556 lr=9.995e-06
[train] step=1410 loss=0.145094 lr=9.995e-06
[train] step=1411 loss=0.063652 lr=9.995e-06
[train] step=1412 loss=0.176685 lr=9.995e-06
[train] step=1413 loss=0.076538 lr=9.995e-06
[train] step=1414 loss=0.063686 lr=9.995e-06
[train] step=1415 loss=0.157041 lr=9.995e-06
[train] step=1416 loss=0.149865 lr=9.995e-06
[train] step=1417 loss=0.152733 lr=9.995e-06
[train] step=1418 loss=0.167940 lr=9.995e-06
[train] step=1419 loss=0.068730 lr=9.995e-06
[train] step=1420 loss=0.184837 lr=9.995e-06
[train] step=1421 loss=0.089367 lr=9.995e-06
[train] step=1422 loss=0.128331 lr=9.995e-06
[train] step=1423 loss=0.063192 lr=9.995e-06
[train] step=1424 loss=0.131016 lr=9.995e-06
[train] step=1425 loss=0.222072 lr=9.995e-06
[train] step=1426 loss=0.154894 lr=9.995e-06
[train] step=1427 loss=0.278554 lr=9.995e-06
[train] step=1428 loss=0.080518 lr=9.995e-06
[train] step=1429 loss=0.115613 lr=9.995e-06
[train] step=1430 loss=0.071905 lr=9.995e-06
[train] step=1431 loss=0.235893 lr=9.995e-06
[train] step=1432 loss=0.143686 lr=9.995e-06
[train] step=1433 loss=0.183056 lr=9.995e-06
[train] step=1434 loss=0.102812 lr=9.995e-06
[train] step=1435 loss=0.129432 lr=9.995e-06
[train] step=1436 loss=0.036039 lr=9.995e-06
[train] step=1437 loss=0.084170 lr=9.995e-06
[train] step=1438 loss=0.087296 lr=9.995e-06
[train] step=1439 loss=0.095101 lr=9.995e-06
[train] step=1440 loss=0.154870 lr=9.995e-06
[train] step=1441 loss=0.074805 lr=9.995e-06
[train] step=1442 loss=0.074759 lr=9.995e-06
[train] step=1443 loss=0.168942 lr=9.995e-06
[train] step=1444 loss=0.086959 lr=9.995e-06
[train] step=1445 loss=0.086564 lr=9.995e-06
[train] step=1446 loss=0.384935 lr=9.995e-06
[train] step=1447 loss=0.193441 lr=9.995e-06
[train] step=1448 loss=0.070603 lr=9.995e-06
[train] step=1449 loss=0.110350 lr=9.995e-06
[train] step=1450 loss=0.060774 lr=9.995e-06
[train] step=1451 loss=0.208807 lr=9.995e-06
[train] step=1452 loss=0.079994 lr=9.995e-06
[train] step=1453 loss=0.115705 lr=9.995e-06
[train] step=1454 loss=0.067770 lr=9.995e-06
[train] step=1455 loss=0.055191 lr=9.995e-06
[train] step=1456 loss=0.338797 lr=9.995e-06
[train] step=1457 loss=0.104909 lr=9.995e-06
[train] step=1458 loss=0.087961 lr=9.995e-06
[train] step=1459 loss=0.076600 lr=9.995e-06
[train] step=1460 loss=0.053717 lr=9.995e-06
[train] step=1461 loss=0.236463 lr=9.995e-06
[train] step=1462 loss=0.070265 lr=9.995e-06
[train] step=1463 loss=0.135817 lr=9.995e-06
[train] step=1464 loss=0.154399 lr=9.995e-06
[train] step=1465 loss=0.100603 lr=9.995e-06
[train] step=1466 loss=0.154064 lr=9.995e-06
[train] step=1467 loss=0.080344 lr=9.995e-06
[train] step=1468 loss=0.102173 lr=9.995e-06
[train] step=1469 loss=0.137989 lr=9.995e-06
[train] step=1470 loss=0.120405 lr=9.995e-06
[train] step=1471 loss=0.099434 lr=9.995e-06
[train] step=1472 loss=0.097935 lr=9.995e-06
[train] step=1473 loss=0.067508 lr=9.995e-06
[train] step=1474 loss=0.106074 lr=9.995e-06
[train] step=1475 loss=0.095051 lr=9.995e-06
[train] step=1476 loss=0.136815 lr=9.995e-06
[train] step=1477 loss=0.111151 lr=9.995e-06
[train] step=1478 loss=0.114000 lr=9.995e-06
[train] step=1479 loss=0.170620 lr=9.995e-06
[train] step=1480 loss=0.119181 lr=9.995e-06
[train] step=1481 loss=0.125248 lr=9.995e-06
[train] step=1482 loss=0.108180 lr=9.995e-06
[train] step=1483 loss=0.043306 lr=9.995e-06
[train] step=1484 loss=0.108144 lr=9.995e-06
[train] step=1485 loss=0.136959 lr=9.995e-06
[train] step=1486 loss=0.065795 lr=9.995e-06
[train] step=1487 loss=0.062511 lr=9.995e-06
[train] step=1488 loss=0.077116 lr=9.995e-06
[train] step=1489 loss=0.175709 lr=9.995e-06
[train] step=1490 loss=0.073694 lr=9.995e-06
[train] step=1491 loss=0.100323 lr=9.995e-06
[train] step=1492 loss=0.153796 lr=9.995e-06
[train] step=1493 loss=0.104540 lr=9.995e-06
[train] step=1494 loss=0.133820 lr=9.995e-06
[train] step=1495 loss=0.312933 lr=9.994e-06
[train] step=1496 loss=0.162295 lr=9.994e-06
[train] step=1497 loss=0.093218 lr=9.994e-06
[train] step=1498 loss=0.103195 lr=9.994e-06
[train] step=1499 loss=0.065418 lr=9.994e-06
[train] step=1500 loss=0.085544 lr=9.994e-06
INFO     [rank 0] Model weights for step 1500 saved in       dit_trainer.py:1085
         checkpoints/model_weights_step_01500.safetensors                       
INFO     [rank 0] Scalar embedding weights for step 1500     dit_trainer.py:1092
         saved                                                                  
INFO     [rank 0] Training state saved:                      dit_trainer.py:1123
         checkpoints/model_weights_step_01500.state.pt                          
DEBUG    [rank 0] Removed old checkpoint:                    dit_trainer.py:1136
         /local/disk/hramachandran/work/wh_work/windinet/dit                    
         _throughput_sweep_bs2/checkpoints/model_weights_ste                    
         p_01000.safetensors                                                    
DEBUG    [rank 0] Removed old checkpoint:                    dit_trainer.py:1136
         /local/disk/hramachandran/work/wh_work/windinet/dit                    
         _throughput_sweep_bs2/checkpoints/model_weights_ste                    
         p_01000.state.pt                                                       
DEBUG    [rank 0] Removed old checkpoint:                    dit_trainer.py:1136
         /local/disk/hramachandran/work/wh_work/windinet/dit                    
         _throughput_sweep_bs2/checkpoints/scalar_embedding_                    
         step_01000.safetensors                                                 
[epoch 3] step=1500 train_loss=0.155054
[train] step=1501 loss=0.050622 lr=9.994e-06
[train] step=1502 loss=0.107706 lr=9.994e-06
[train] step=1503 loss=0.144187 lr=9.994e-06
[train] step=1504 loss=0.052045 lr=9.994e-06
[train] step=1505 loss=0.046893 lr=9.994e-06
[train] step=1506 loss=0.089228 lr=9.994e-06
[train] step=1507 loss=0.199248 lr=9.994e-06
[train] step=1508 loss=0.070977 lr=9.994e-06
[train] step=1509 loss=0.301044 lr=9.994e-06
[train] step=1510 loss=0.149795 lr=9.994e-06
[train] step=1511 loss=0.234075 lr=9.994e-06
[train] step=1512 loss=0.077660 lr=9.994e-06
[train] step=1513 loss=0.092340 lr=9.994e-06
[train] step=1514 loss=0.135351 lr=9.994e-06
[train] step=1515 loss=0.065789 lr=9.994e-06
[train] step=1516 loss=0.078674 lr=9.994e-06
[train] step=1517 loss=0.082303 lr=9.994e-06
[train] step=1518 loss=0.091169 lr=9.994e-06
[train] step=1519 loss=0.060044 lr=9.994e-06
[train] step=1520 loss=0.119355 lr=9.994e-06
[train] step=1521 loss=0.075790 lr=9.994e-06
[train] step=1522 loss=0.039553 lr=9.994e-06
[train] step=1523 loss=0.187028 lr=9.994e-06
[train] step=1524 loss=0.112764 lr=9.994e-06
[train] step=1525 loss=0.118443 lr=9.994e-06
[train] step=1526 loss=0.110571 lr=9.994e-06
[train] step=1527 loss=0.074923 lr=9.994e-06
[train] step=1528 loss=0.062940 lr=9.994e-06
[train] step=1529 loss=0.109525 lr=9.994e-06
[train] step=1530 loss=0.126991 lr=9.994e-06
[train] step=1531 loss=0.230495 lr=9.994e-06
[train] step=1532 loss=0.080801 lr=9.994e-06
[train] step=1533 loss=0.112019 lr=9.994e-06
[train] step=1534 loss=0.124168 lr=9.994e-06
[train] step=1535 loss=0.079874 lr=9.994e-06
[train] step=1536 loss=0.082155 lr=9.994e-06
[train] step=1537 loss=0.078628 lr=9.994e-06
[train] step=1538 loss=0.064760 lr=9.994e-06
[train] step=1539 loss=0.296964 lr=9.994e-06
[train] step=1540 loss=0.139912 lr=9.994e-06
[train] step=1541 loss=0.088299 lr=9.994e-06
[train] step=1542 loss=0.112200 lr=9.994e-06
[train] step=1543 loss=0.060925 lr=9.994e-06
[train] step=1544 loss=0.096743 lr=9.994e-06
[train] step=1545 loss=0.121103 lr=9.994e-06
[train] step=1546 loss=0.115057 lr=9.994e-06
[train] step=1547 loss=0.083816 lr=9.994e-06
[train] step=1548 loss=0.061212 lr=9.994e-06
[train] step=1549 loss=0.094458 lr=9.994e-06
[train] step=1550 loss=0.123335 lr=9.994e-06
[train] step=1551 loss=0.151232 lr=9.994e-06
[train] step=1552 loss=0.055710 lr=9.994e-06
[train] step=1553 loss=0.084767 lr=9.994e-06
[train] step=1554 loss=0.087877 lr=9.994e-06
[train] step=1555 loss=0.455584 lr=9.994e-06
[train] step=1556 loss=0.092309 lr=9.994e-06
[train] step=1557 loss=0.105348 lr=9.994e-06
[train] step=1558 loss=0.104712 lr=9.994e-06
[train] step=1559 loss=0.064873 lr=9.994e-06
[train] step=1560 loss=0.054884 lr=9.994e-06
[train] step=1561 loss=0.099385 lr=9.994e-06
[train] step=1562 loss=0.087625 lr=9.994e-06
[train] step=1563 loss=0.160392 lr=9.994e-06
[train] step=1564 loss=0.137051 lr=9.994e-06
[train] step=1565 loss=0.113515 lr=9.994e-06
[train] step=1566 loss=0.079567 lr=9.994e-06
[train] step=1567 loss=0.059104 lr=9.994e-06
[train] step=1568 loss=0.044401 lr=9.994e-06
[train] step=1569 loss=0.087854 lr=9.994e-06
[train] step=1570 loss=0.068836 lr=9.994e-06
[train] step=1571 loss=0.065120 lr=9.994e-06
[train] step=1572 loss=0.138473 lr=9.994e-06
[train] step=1573 loss=0.094147 lr=9.994e-06
[train] step=1574 loss=0.107024 lr=9.994e-06
[train] step=1575 loss=0.083209 lr=9.994e-06
[train] step=1576 loss=0.096142 lr=9.994e-06
[train] step=1577 loss=0.191007 lr=9.994e-06
[train] step=1578 loss=0.067849 lr=9.994e-06
[train] step=1579 loss=0.103703 lr=9.994e-06
[train] step=1580 loss=0.182336 lr=9.994e-06
[train] step=1581 loss=0.054669 lr=9.994e-06
[train] step=1582 loss=0.189229 lr=9.994e-06
[train] step=1583 loss=0.107897 lr=9.994e-06
[train] step=1584 loss=0.198790 lr=9.994e-06
[train] step=1585 loss=0.058340 lr=9.994e-06
[train] step=1586 loss=0.143695 lr=9.994e-06
[train] step=1587 loss=0.096020 lr=9.994e-06
[train] step=1588 loss=0.087644 lr=9.994e-06
[train] step=1589 loss=0.151796 lr=9.994e-06
[train] step=1590 loss=0.054045 lr=9.994e-06
[train] step=1591 loss=0.191145 lr=9.994e-06
[train] step=1592 loss=0.104626 lr=9.994e-06
[train] step=1593 loss=0.058133 lr=9.994e-06
[train] step=1594 loss=0.106918 lr=9.994e-06
[train] step=1595 loss=0.095888 lr=9.994e-06
[train] step=1596 loss=0.103840 lr=9.994e-06
[train] step=1597 loss=0.060694 lr=9.994e-06
[train] step=1598 loss=0.150545 lr=9.994e-06
[train] step=1599 loss=0.077048 lr=9.994e-06
[train] step=1600 loss=0.136029 lr=9.994e-06
[train] step=1601 loss=0.150838 lr=9.994e-06
[train] step=1602 loss=0.046243 lr=9.994e-06
[train] step=1603 loss=0.077968 lr=9.994e-06
[train] step=1604 loss=0.225786 lr=9.994e-06
[train] step=1605 loss=0.083748 lr=9.994e-06
[train] step=1606 loss=0.055524 lr=9.994e-06
[train] step=1607 loss=0.058719 lr=9.994e-06
[train] step=1608 loss=0.469720 lr=9.994e-06
[train] step=1609 loss=0.083699 lr=9.994e-06
[train] step=1610 loss=0.052476 lr=9.994e-06
[train] step=1611 loss=0.064133 lr=9.994e-06
[train] step=1612 loss=0.132256 lr=9.994e-06
[train] step=1613 loss=0.213623 lr=9.994e-06
[train] step=1614 loss=0.106184 lr=9.994e-06
[train] step=1615 loss=0.092953 lr=9.994e-06
[train] step=1616 loss=0.099018 lr=9.994e-06
[train] step=1617 loss=0.105415 lr=9.994e-06
[train] step=1618 loss=0.082890 lr=9.994e-06
[train] step=1619 loss=0.117598 lr=9.994e-06
[train] step=1620 loss=0.073202 lr=9.994e-06
[train] step=1621 loss=0.091009 lr=9.994e-06
[train] step=1622 loss=0.133805 lr=9.994e-06
[train] step=1623 loss=0.144044 lr=9.994e-06
[train] step=1624 loss=0.079940 lr=9.994e-06
[train] step=1625 loss=0.450487 lr=9.994e-06
[train] step=1626 loss=0.043683 lr=9.993e-06
[train] step=1627 loss=0.055518 lr=9.993e-06
[train] step=1628 loss=0.054426 lr=9.993e-06
[train] step=1629 loss=0.124171 lr=9.993e-06
[train] step=1630 loss=0.080707 lr=9.993e-06
[train] step=1631 loss=0.122455 lr=9.993e-06
[train] step=1632 loss=0.054415 lr=9.993e-06
[train] step=1633 loss=0.089407 lr=9.993e-06
[train] step=1634 loss=0.106342 lr=9.993e-06
[train] step=1635 loss=0.292841 lr=9.993e-06
[train] step=1636 loss=0.120373 lr=9.993e-06
[train] step=1637 loss=0.096057 lr=9.993e-06
[train] step=1638 loss=0.054772 lr=9.993e-06
[train] step=1639 loss=0.135267 lr=9.993e-06
[train] step=1640 loss=0.185851 lr=9.993e-06
[train] step=1641 loss=0.049355 lr=9.993e-06
[train] step=1642 loss=0.059281 lr=9.993e-06
[train] step=1643 loss=0.051866 lr=9.993e-06
[train] step=1644 loss=0.133589 lr=9.993e-06
[train] step=1645 loss=0.053282 lr=9.993e-06
[train] step=1646 loss=0.192215 lr=9.993e-06
[train] step=1647 loss=0.061009 lr=9.993e-06
[train] step=1648 loss=0.080081 lr=9.993e-06
[train] step=1649 loss=0.073782 lr=9.993e-06
[train] step=1650 loss=0.105649 lr=9.993e-06
[train] step=1651 loss=0.137936 lr=9.993e-06
[train] step=1652 loss=0.049238 lr=9.993e-06
[train] step=1653 loss=0.142188 lr=9.993e-06
[train] step=1654 loss=0.147158 lr=9.993e-06
[train] step=1655 loss=0.085262 lr=9.993e-06
[train] step=1656 loss=0.073276 lr=9.993e-06
[train] step=1657 loss=0.088150 lr=9.993e-06
[train] step=1658 loss=0.071980 lr=9.993e-06
[train] step=1659 loss=0.050498 lr=9.993e-06
[train] step=1660 loss=0.197278 lr=9.993e-06
[train] step=1661 loss=0.121623 lr=9.993e-06
[train] step=1662 loss=0.127401 lr=9.993e-06
[train] step=1663 loss=0.083749 lr=9.993e-06
[train] step=1664 loss=0.146739 lr=9.993e-06
[train] step=1665 loss=0.060206 lr=9.993e-06
[train] step=1666 loss=0.044825 lr=9.993e-06
[train] step=1667 loss=0.083362 lr=9.993e-06
[train] step=1668 loss=0.117040 lr=9.993e-06
[train] step=1669 loss=0.094052 lr=9.993e-06
[train] step=1670 loss=0.096126 lr=9.993e-06
[train] step=1671 loss=0.109593 lr=9.993e-06
[train] step=1672 loss=0.063000 lr=9.993e-06
[train] step=1673 loss=0.067277 lr=9.993e-06
[train] step=1674 loss=0.171976 lr=9.993e-06
[train] step=1675 loss=0.117684 lr=9.993e-06
[train] step=1676 loss=0.043074 lr=9.993e-06
[train] step=1677 loss=0.147102 lr=9.993e-06
[train] step=1678 loss=0.091110 lr=9.993e-06
[train] step=1679 loss=0.090723 lr=9.993e-06
[train] step=1680 loss=0.062963 lr=9.993e-06
[train] step=1681 loss=0.057448 lr=9.993e-06
[train] step=1682 loss=0.277609 lr=9.993e-06
[train] step=1683 loss=0.065088 lr=9.993e-06
[train] step=1684 loss=0.051162 lr=9.993e-06
[train] step=1685 loss=0.041159 lr=9.993e-06
[train] step=1686 loss=0.087454 lr=9.993e-06
[train] step=1687 loss=0.157693 lr=9.993e-06
[train] step=1688 loss=0.045092 lr=9.993e-06
[train] step=1689 loss=0.395547 lr=9.993e-06
[train] step=1690 loss=0.115730 lr=9.993e-06
[train] step=1691 loss=0.083943 lr=9.993e-06
[train] step=1692 loss=0.085032 lr=9.993e-06
[train] step=1693 loss=0.133376 lr=9.993e-06
[train] step=1694 loss=0.045810 lr=9.993e-06
[train] step=1695 loss=0.054167 lr=9.993e-06
[train] step=1696 loss=0.067469 lr=9.993e-06
[train] step=1697 loss=0.074116 lr=9.993e-06
[train] step=1698 loss=0.110039 lr=9.993e-06
[train] step=1699 loss=0.106440 lr=9.993e-06
[train] step=1700 loss=0.111140 lr=9.993e-06
[train] step=1701 loss=0.049324 lr=9.993e-06
[train] step=1702 loss=0.070191 lr=9.993e-06
[train] step=1703 loss=0.083498 lr=9.993e-06
[train] step=1704 loss=0.141006 lr=9.993e-06
[train] step=1705 loss=0.093211 lr=9.993e-06
[train] step=1706 loss=0.041362 lr=9.993e-06
[train] step=1707 loss=0.096051 lr=9.993e-06
[train] step=1708 loss=0.058534 lr=9.993e-06
[train] step=1709 loss=0.065016 lr=9.993e-06
[train] step=1710 loss=0.074780 lr=9.993e-06
[train] step=1711 loss=0.121196 lr=9.993e-06
[train] step=1712 loss=0.061919 lr=9.993e-06
[train] step=1713 loss=0.058989 lr=9.993e-06
[train] step=1714 loss=0.059837 lr=9.993e-06
[train] step=1715 loss=0.363512 lr=9.993e-06
[train] step=1716 loss=0.125364 lr=9.993e-06
[train] step=1717 loss=0.070862 lr=9.993e-06
[train] step=1718 loss=0.102360 lr=9.993e-06
[train] step=1719 loss=0.059009 lr=9.993e-06
[train] step=1720 loss=0.077770 lr=9.993e-06
[train] step=1721 loss=0.120350 lr=9.993e-06
[train] step=1722 loss=0.129530 lr=9.993e-06
[train] step=1723 loss=0.059271 lr=9.993e-06
[train] step=1724 loss=0.052830 lr=9.993e-06
[train] step=1725 loss=0.090093 lr=9.993e-06
[train] step=1726 loss=0.072080 lr=9.993e-06
[train] step=1727 loss=0.170382 lr=9.993e-06
[train] step=1728 loss=0.066862 lr=9.993e-06
[train] step=1729 loss=0.068612 lr=9.993e-06
[train] step=1730 loss=0.096360 lr=9.993e-06
[train] step=1731 loss=0.060308 lr=9.993e-06
[train] step=1732 loss=0.038465 lr=9.993e-06
[train] step=1733 loss=0.257735 lr=9.993e-06
[train] step=1734 loss=0.112192 lr=9.993e-06
[train] step=1735 loss=0.076474 lr=9.993e-06
[train] step=1736 loss=0.076748 lr=9.993e-06
[train] step=1737 loss=0.076311 lr=9.993e-06
[train] step=1738 loss=0.126081 lr=9.993e-06
[train] step=1739 loss=0.050772 lr=9.993e-06
[train] step=1740 loss=0.045337 lr=9.993e-06
[train] step=1741 loss=0.058659 lr=9.993e-06
[train] step=1742 loss=0.047116 lr=9.993e-06
[train] step=1743 loss=0.044506 lr=9.993e-06
[train] step=1744 loss=0.050572 lr=9.993e-06
[train] step=1745 loss=0.068381 lr=9.993e-06
[train] step=1746 loss=0.169505 lr=9.992e-06
[train] step=1747 loss=0.084961 lr=9.992e-06
[train] step=1748 loss=0.068579 lr=9.992e-06
[train] step=1749 loss=0.050177 lr=9.992e-06
[train] step=1750 loss=0.067817 lr=9.992e-06
[train] step=1751 loss=0.086700 lr=9.992e-06
[train] step=1752 loss=0.066455 lr=9.992e-06
[train] step=1753 loss=0.111997 lr=9.992e-06
[train] step=1754 loss=0.063202 lr=9.992e-06
[train] step=1755 loss=0.113864 lr=9.992e-06
[train] step=1756 loss=0.122635 lr=9.992e-06
[train] step=1757 loss=0.069279 lr=9.992e-06
[train] step=1758 loss=0.079905 lr=9.992e-06
[train] step=1759 loss=0.082999 lr=9.992e-06
[train] step=1760 loss=0.080457 lr=9.992e-06
[train] step=1761 loss=0.065199 lr=9.992e-06
[train] step=1762 loss=0.041436 lr=9.992e-06
[train] step=1763 loss=0.066414 lr=9.992e-06
[train] step=1764 loss=0.069760 lr=9.992e-06
[train] step=1765 loss=0.065585 lr=9.992e-06
[train] step=1766 loss=0.040876 lr=9.992e-06
[train] step=1767 loss=0.137661 lr=9.992e-06
[train] step=1768 loss=0.204060 lr=9.992e-06
[train] step=1769 loss=0.049349 lr=9.992e-06
[train] step=1770 loss=0.064726 lr=9.992e-06
[train] step=1771 loss=0.057267 lr=9.992e-06
[train] step=1772 loss=0.074715 lr=9.992e-06
[train] step=1773 loss=0.053924 lr=9.992e-06
[train] step=1774 loss=0.044308 lr=9.992e-06
[train] step=1775 loss=0.079787 lr=9.992e-06
[train] step=1776 loss=0.102916 lr=9.992e-06
[train] step=1777 loss=0.073570 lr=9.992e-06
[train] step=1778 loss=0.047436 lr=9.992e-06
[train] step=1779 loss=0.061605 lr=9.992e-06
[train] step=1780 loss=0.223525 lr=9.992e-06
[train] step=1781 loss=0.087272 lr=9.992e-06
[train] step=1782 loss=0.135775 lr=9.992e-06
[train] step=1783 loss=0.228301 lr=9.992e-06
[train] step=1784 loss=0.080795 lr=9.992e-06
[train] step=1785 loss=0.060497 lr=9.992e-06
[train] step=1786 loss=0.115382 lr=9.992e-06
[train] step=1787 loss=0.063993 lr=9.992e-06
[train] step=1788 loss=0.245902 lr=9.992e-06
[train] step=1789 loss=0.179308 lr=9.992e-06
[train] step=1790 loss=0.095895 lr=9.992e-06
[train] step=1791 loss=0.161985 lr=9.992e-06
[train] step=1792 loss=0.097687 lr=9.992e-06
[train] step=1793 loss=0.148890 lr=9.992e-06
[train] step=1794 loss=0.129253 lr=9.992e-06
[train] step=1795 loss=0.050629 lr=9.992e-06
[train] step=1796 loss=0.083106 lr=9.992e-06
[train] step=1797 loss=0.071479 lr=9.992e-06
[train] step=1798 loss=0.035777 lr=9.992e-06
[train] step=1799 loss=0.096449 lr=9.992e-06
[train] step=1800 loss=0.059608 lr=9.992e-06
[train] step=1801 loss=0.057050 lr=9.992e-06
[train] step=1802 loss=0.053425 lr=9.992e-06
[train] step=1803 loss=0.098693 lr=9.992e-06
[train] step=1804 loss=0.042335 lr=9.992e-06
[train] step=1805 loss=0.104459 lr=9.992e-06
[train] step=1806 loss=0.062548 lr=9.992e-06
[train] step=1807 loss=0.046159 lr=9.992e-06
[train] step=1808 loss=0.056942 lr=9.992e-06
[train] step=1809 loss=0.097223 lr=9.992e-06
[train] step=1810 loss=0.099633 lr=9.992e-06
[train] step=1811 loss=0.137951 lr=9.992e-06
[train] step=1812 loss=0.033867 lr=9.992e-06
[train] step=1813 loss=0.057583 lr=9.992e-06
[train] step=1814 loss=0.077509 lr=9.992e-06
[train] step=1815 loss=0.044787 lr=9.992e-06
[train] step=1816 loss=0.055945 lr=9.992e-06
[train] step=1817 loss=0.049440 lr=9.992e-06
[train] step=1818 loss=0.155207 lr=9.992e-06
[train] step=1819 loss=0.095591 lr=9.992e-06
[train] step=1820 loss=0.744224 lr=9.992e-06
[train] step=1821 loss=0.054829 lr=9.992e-06
[train] step=1822 loss=0.079869 lr=9.992e-06
[train] step=1823 loss=0.086144 lr=9.992e-06
[train] step=1824 loss=0.122219 lr=9.992e-06
[train] step=1825 loss=0.035230 lr=9.992e-06
[train] step=1826 loss=0.096997 lr=9.992e-06
[train] step=1827 loss=0.098717 lr=9.992e-06
[train] step=1828 loss=0.035558 lr=9.992e-06
[train] step=1829 loss=0.065628 lr=9.992e-06
[train] step=1830 loss=0.092103 lr=9.992e-06
[train] step=1831 loss=0.034733 lr=9.992e-06
[train] step=1832 loss=0.051434 lr=9.992e-06
[train] step=1833 loss=0.054762 lr=9.992e-06
[train] step=1834 loss=0.070687 lr=9.992e-06
[train] step=1835 loss=0.379971 lr=9.992e-06
[train] step=1836 loss=0.054919 lr=9.992e-06
[train] step=1837 loss=0.040325 lr=9.992e-06
[train] step=1838 loss=0.065272 lr=9.992e-06
[train] step=1839 loss=0.084052 lr=9.992e-06
[train] step=1840 loss=0.095352 lr=9.992e-06
[train] step=1841 loss=0.078814 lr=9.992e-06
[train] step=1842 loss=0.148239 lr=9.992e-06
[train] step=1843 loss=0.084326 lr=9.992e-06
[train] step=1844 loss=0.060082 lr=9.992e-06
[train] step=1845 loss=0.061302 lr=9.992e-06
[train] step=1846 loss=0.077001 lr=9.992e-06
[train] step=1847 loss=0.074268 lr=9.992e-06
[train] step=1848 loss=0.037736 lr=9.992e-06
[train] step=1849 loss=0.165176 lr=9.992e-06
[train] step=1850 loss=0.042650 lr=9.992e-06
[train] step=1851 loss=0.075923 lr=9.992e-06
[train] step=1852 loss=0.044551 lr=9.992e-06
[train] step=1853 loss=0.075516 lr=9.992e-06
[train] step=1854 loss=0.034063 lr=9.992e-06
[train] step=1855 loss=0.075529 lr=9.992e-06
[train] step=1856 loss=0.052912 lr=9.992e-06
[train] step=1857 loss=0.100209 lr=9.992e-06
[train] step=1858 loss=0.061558 lr=9.992e-06
[train] step=1859 loss=0.207759 lr=9.991e-06
[train] step=1860 loss=0.052380 lr=9.991e-06
[train] step=1861 loss=0.200323 lr=9.991e-06
[train] step=1862 loss=0.046894 lr=9.991e-06
[train] step=1863 loss=0.048734 lr=9.991e-06
[train] step=1864 loss=0.066948 lr=9.991e-06
[train] step=1865 loss=0.187700 lr=9.991e-06
[train] step=1866 loss=0.101539 lr=9.991e-06
[train] step=1867 loss=0.074157 lr=9.991e-06
[train] step=1868 loss=0.052444 lr=9.991e-06
[train] step=1869 loss=0.053248 lr=9.991e-06
[train] step=1870 loss=0.054295 lr=9.991e-06
[train] step=1871 loss=0.074597 lr=9.991e-06
[train] step=1872 loss=0.068303 lr=9.991e-06
[train] step=1873 loss=0.053445 lr=9.991e-06
[train] step=1874 loss=0.075988 lr=9.991e-06
[train] step=1875 loss=0.046322 lr=9.991e-06
[train] step=1876 loss=0.101106 lr=9.991e-06
[train] step=1877 loss=0.065313 lr=9.991e-06
[train] step=1878 loss=0.060311 lr=9.991e-06
[train] step=1879 loss=0.052542 lr=9.991e-06
[train] step=1880 loss=0.063482 lr=9.991e-06
[train] step=1881 loss=0.055289 lr=9.991e-06
[train] step=1882 loss=0.040778 lr=9.991e-06
[train] step=1883 loss=0.037410 lr=9.991e-06
[train] step=1884 loss=0.099640 lr=9.991e-06
[train] step=1885 loss=0.124818 lr=9.991e-06
[train] step=1886 loss=0.053691 lr=9.991e-06
[train] step=1887 loss=0.250607 lr=9.991e-06
[train] step=1888 loss=0.069484 lr=9.991e-06
[train] step=1889 loss=0.039874 lr=9.991e-06
[train] step=1890 loss=0.126518 lr=9.991e-06
[train] step=1891 loss=0.070000 lr=9.991e-06
[train] step=1892 loss=0.035386 lr=9.991e-06
[train] step=1893 loss=0.278831 lr=9.991e-06
[train] step=1894 loss=0.044291 lr=9.991e-06
[train] step=1895 loss=0.085747 lr=9.991e-06
[train] step=1896 loss=0.052166 lr=9.991e-06
[train] step=1897 loss=0.043413 lr=9.991e-06
[train] step=1898 loss=0.125317 lr=9.991e-06
[train] step=1899 loss=0.064103 lr=9.991e-06
[train] step=1900 loss=0.032988 lr=9.991e-06
[train] step=1901 loss=0.072537 lr=9.991e-06
[train] step=1902 loss=0.069150 lr=9.991e-06
[train] step=1903 loss=0.137846 lr=9.991e-06
[train] step=1904 loss=0.112042 lr=9.991e-06
[train] step=1905 loss=0.173567 lr=9.991e-06
[train] step=1906 loss=0.052833 lr=9.991e-06
[train] step=1907 loss=0.076224 lr=9.991e-06
[train] step=1908 loss=0.098354 lr=9.991e-06
[train] step=1909 loss=0.199147 lr=9.991e-06
[train] step=1910 loss=0.405160 lr=9.991e-06
[train] step=1911 loss=0.055134 lr=9.991e-06
[train] step=1912 loss=0.061997 lr=9.991e-06
[train] step=1913 loss=0.031541 lr=9.991e-06
[train] step=1914 loss=0.084057 lr=9.991e-06
[train] step=1915 loss=0.050831 lr=9.991e-06
[train] step=1916 loss=0.045400 lr=9.991e-06
[train] step=1917 loss=0.076057 lr=9.991e-06
[train] step=1918 loss=0.119265 lr=9.991e-06
[train] step=1919 loss=0.058095 lr=9.991e-06
[train] step=1920 loss=0.060829 lr=9.991e-06
[train] step=1921 loss=0.049986 lr=9.991e-06
[train] step=1922 loss=0.053477 lr=9.991e-06
[train] step=1923 loss=0.042355 lr=9.991e-06
[train] step=1924 loss=0.064978 lr=9.991e-06
[train] step=1925 loss=0.043419 lr=9.991e-06
[train] step=1926 loss=0.068946 lr=9.991e-06
[train] step=1927 loss=0.066374 lr=9.991e-06
[train] step=1928 loss=0.073801 lr=9.991e-06
[train] step=1929 loss=0.044022 lr=9.991e-06
[train] step=1930 loss=0.101523 lr=9.991e-06
[train] step=1931 loss=0.053280 lr=9.991e-06
[train] step=1932 loss=0.155887 lr=9.991e-06
[train] step=1933 loss=0.047390 lr=9.991e-06
[train] step=1934 loss=0.058337 lr=9.991e-06
[train] step=1935 loss=0.038713 lr=9.991e-06
[train] step=1936 loss=0.089997 lr=9.991e-06
[train] step=1937 loss=0.056568 lr=9.991e-06
[train] step=1938 loss=0.049046 lr=9.991e-06
[train] step=1939 loss=0.118040 lr=9.991e-06
[train] step=1940 loss=0.048474 lr=9.991e-06
[train] step=1941 loss=0.061581 lr=9.991e-06
[train] step=1942 loss=0.070833 lr=9.991e-06
[train] step=1943 loss=0.184702 lr=9.991e-06
[train] step=1944 loss=0.055556 lr=9.991e-06
[train] step=1945 loss=0.094734 lr=9.991e-06
[train] step=1946 loss=0.038724 lr=9.991e-06
[train] step=1947 loss=0.047764 lr=9.991e-06
[train] step=1948 loss=0.071831 lr=9.991e-06
[train] step=1949 loss=0.050852 lr=9.991e-06
[train] step=1950 loss=0.079294 lr=9.991e-06
[train] step=1951 loss=0.079444 lr=9.991e-06
[train] step=1952 loss=0.072911 lr=9.991e-06
[train] step=1953 loss=0.072524 lr=9.991e-06
[train] step=1954 loss=0.048226 lr=9.991e-06
[train] step=1955 loss=0.132192 lr=9.991e-06
[train] step=1956 loss=0.086785 lr=9.991e-06
[train] step=1957 loss=0.039073 lr=9.991e-06
[train] step=1958 loss=0.056247 lr=9.991e-06
[train] step=1959 loss=0.063318 lr=9.991e-06
[train] step=1960 loss=0.115995 lr=9.991e-06
[train] step=1961 loss=0.041590 lr=9.991e-06
[train] step=1962 loss=0.067274 lr=9.991e-06
[train] step=1963 loss=0.064506 lr=9.991e-06
[train] step=1964 loss=0.038261 lr=9.991e-06
[train] step=1965 loss=0.152529 lr=9.990e-06
[train] step=1966 loss=0.048896 lr=9.990e-06
[train] step=1967 loss=0.049672 lr=9.990e-06
[train] step=1968 loss=0.074361 lr=9.990e-06
[train] step=1969 loss=0.064772 lr=9.990e-06
[train] step=1970 loss=0.097209 lr=9.990e-06
[train] step=1971 loss=0.118462 lr=9.990e-06
[train] step=1972 loss=0.052227 lr=9.990e-06
[train] step=1973 loss=0.053749 lr=9.990e-06
[train] step=1974 loss=0.147622 lr=9.990e-06
[train] step=1975 loss=0.081562 lr=9.990e-06
[train] step=1976 loss=0.039644 lr=9.990e-06
[train] step=1977 loss=0.037298 lr=9.990e-06
[train] step=1978 loss=0.040240 lr=9.990e-06
[train] step=1979 loss=0.141714 lr=9.990e-06
[train] step=1980 loss=0.048976 lr=9.990e-06
[train] step=1981 loss=0.047030 lr=9.990e-06
[train] step=1982 loss=0.075793 lr=9.990e-06
[train] step=1983 loss=0.074578 lr=9.990e-06
[train] step=1984 loss=0.069115 lr=9.990e-06
[train] step=1985 loss=0.052694 lr=9.990e-06
[train] step=1986 loss=0.060332 lr=9.990e-06
[train] step=1987 loss=0.036807 lr=9.990e-06
[train] step=1988 loss=0.043047 lr=9.990e-06
[train] step=1989 loss=0.066139 lr=9.990e-06
[train] step=1990 loss=0.028671 lr=9.990e-06
[train] step=1991 loss=0.082662 lr=9.990e-06
[train] step=1992 loss=0.042642 lr=9.990e-06
[train] step=1993 loss=0.043277 lr=9.990e-06
[train] step=1994 loss=0.043605 lr=9.990e-06
[train] step=1995 loss=0.100567 lr=9.990e-06
[train] step=1996 loss=0.053112 lr=9.990e-06
[train] step=1997 loss=0.085464 lr=9.990e-06
[train] step=1998 loss=0.170857 lr=9.990e-06
[train] step=1999 loss=0.087374 lr=9.990e-06
[train] step=2000 loss=0.116248 lr=9.990e-06
INFO     [rank 0] Model weights for step 2000 saved in       dit_trainer.py:1085
         checkpoints/model_weights_step_02000.safetensors                       
INFO     [rank 0] Scalar embedding weights for step 2000     dit_trainer.py:1092
         saved                                                                  
INFO     [rank 0] Training state saved:                      dit_trainer.py:1123
         checkpoints/model_weights_step_02000.state.pt                          
DEBUG    [rank 0] Removed old checkpoint:                    dit_trainer.py:1136
         /local/disk/hramachandran/work/wh_work/windinet/dit                    
         _throughput_sweep_bs2/checkpoints/model_weights_ste                    
         p_01500.safetensors                                                    
DEBUG    [rank 0] Removed old checkpoint:                    dit_trainer.py:1136
         /local/disk/hramachandran/work/wh_work/windinet/dit                    
         _throughput_sweep_bs2/checkpoints/model_weights_ste                    
         p_01500.state.pt                                                       
DEBUG    [rank 0] Removed old checkpoint:                    dit_trainer.py:1136
         /local/disk/hramachandran/work/wh_work/windinet/dit                    
         _throughput_sweep_bs2/checkpoints/scalar_embedding_                    
         step_01500.safetensors                                                 
[epoch 4] step=2000 train_loss=0.095192
[train] step=2001 loss=0.051325 lr=9.990e-06
[train] step=2002 loss=0.066142 lr=9.990e-06
[train] step=2003 loss=0.084591 lr=9.990e-06
[train] step=2004 loss=0.061285 lr=9.990e-06
[train] step=2005 loss=0.070459 lr=9.990e-06
[train] step=2006 loss=0.066901 lr=9.990e-06
[train] step=2007 loss=0.050557 lr=9.990e-06
[train] step=2008 loss=0.051704 lr=9.990e-06
[train] step=2009 loss=0.035916 lr=9.990e-06
[train] step=2010 loss=0.049828 lr=9.990e-06
[train] step=2011 loss=0.065243 lr=9.990e-06
[train] step=2012 loss=0.086973 lr=9.990e-06
[train] step=2013 loss=0.056090 lr=9.990e-06
[train] step=2014 loss=0.072474 lr=9.990e-06
[train] step=2015 loss=0.065710 lr=9.990e-06
[train] step=2016 loss=0.053449 lr=9.990e-06
[train] step=2017 loss=0.068431 lr=9.990e-06
[train] step=2018 loss=0.096510 lr=9.990e-06
[train] step=2019 loss=0.039603 lr=9.990e-06
[train] step=2020 loss=0.069488 lr=9.990e-06
[train] step=2021 loss=0.046509 lr=9.990e-06
[train] step=2022 loss=0.196640 lr=9.990e-06
[train] step=2023 loss=0.135174 lr=9.990e-06
[train] step=2024 loss=0.257901 lr=9.990e-06
[train] step=2025 loss=0.073188 lr=9.990e-06
[train] step=2026 loss=0.062876 lr=9.990e-06
[train] step=2027 loss=0.095821 lr=9.990e-06
[train] step=2028 loss=0.033481 lr=9.990e-06
[train] step=2029 loss=0.079622 lr=9.990e-06
[train] step=2030 loss=0.058676 lr=9.990e-06
[train] step=2031 loss=0.064173 lr=9.990e-06
[train] step=2032 loss=0.069138 lr=9.990e-06
[train] step=2033 loss=0.047774 lr=9.990e-06
[train] step=2034 loss=0.050414 lr=9.990e-06
[train] step=2035 loss=0.046377 lr=9.990e-06
[train] step=2036 loss=0.044488 lr=9.990e-06
[train] step=2037 loss=0.055163 lr=9.990e-06
[train] step=2038 loss=0.055633 lr=9.990e-06
[train] step=2039 loss=0.067705 lr=9.990e-06
[train] step=2040 loss=0.027139 lr=9.990e-06
[train] step=2041 loss=0.064017 lr=9.990e-06
[train] step=2042 loss=0.045251 lr=9.990e-06
[train] step=2043 loss=0.056791 lr=9.990e-06
[train] step=2044 loss=0.052475 lr=9.990e-06
[train] step=2045 loss=0.081927 lr=9.990e-06
[train] step=2046 loss=0.109614 lr=9.990e-06
[train] step=2047 loss=0.138179 lr=9.990e-06
[train] step=2048 loss=0.109582 lr=9.990e-06
[train] step=2049 loss=0.044422 lr=9.990e-06
[train] step=2050 loss=0.047908 lr=9.990e-06
[train] step=2051 loss=0.042373 lr=9.990e-06
[train] step=2052 loss=0.064979 lr=9.990e-06
[train] step=2053 loss=0.074691 lr=9.990e-06
[train] step=2054 loss=0.061387 lr=9.990e-06
[train] step=2055 loss=0.063957 lr=9.990e-06
[train] step=2056 loss=0.135629 lr=9.990e-06
[train] step=2057 loss=0.048135 lr=9.990e-06
[train] step=2058 loss=0.055164 lr=9.990e-06
[train] step=2059 loss=0.094211 lr=9.990e-06
[train] step=2060 loss=0.183910 lr=9.990e-06
[train] step=2061 loss=0.059179 lr=9.990e-06
[train] step=2062 loss=0.037929 lr=9.990e-06
[train] step=2063 loss=0.042338 lr=9.990e-06
[train] step=2064 loss=0.092522 lr=9.990e-06
[train] step=2065 loss=0.130486 lr=9.990e-06
[train] step=2066 loss=0.051109 lr=9.989e-06
[train] step=2067 loss=0.052306 lr=9.989e-06
[train] step=2068 loss=0.048469 lr=9.989e-06
[train] step=2069 loss=0.251383 lr=9.989e-06
[train] step=2070 loss=0.057539 lr=9.989e-06
[train] step=2071 loss=0.061668 lr=9.989e-06
[train] step=2072 loss=0.115980 lr=9.989e-06
[train] step=2073 loss=0.163440 lr=9.989e-06
[train] step=2074 loss=0.040427 lr=9.989e-06
[train] step=2075 loss=0.042764 lr=9.989e-06
[train] step=2076 loss=0.038518 lr=9.989e-06
[train] step=2077 loss=0.086791 lr=9.989e-06
[train] step=2078 loss=0.067215 lr=9.989e-06
[train] step=2079 loss=0.081289 lr=9.989e-06
[train] step=2080 loss=0.081704 lr=9.989e-06
[train] step=2081 loss=0.064625 lr=9.989e-06
[train] step=2082 loss=0.059173 lr=9.989e-06
[train] step=2083 loss=0.058536 lr=9.989e-06
[train] step=2084 loss=0.044760 lr=9.989e-06
[train] step=2085 loss=0.096836 lr=9.989e-06
[train] step=2086 loss=0.048829 lr=9.989e-06
[train] step=2087 loss=0.083437 lr=9.989e-06
[train] step=2088 loss=0.040828 lr=9.989e-06
[train] step=2089 loss=0.040871 lr=9.989e-06
[train] step=2090 loss=0.057020 lr=9.989e-06
[train] step=2091 loss=0.093301 lr=9.989e-06
[train] step=2092 loss=0.130025 lr=9.989e-06
[train] step=2093 loss=0.055858 lr=9.989e-06
[train] step=2094 loss=0.100542 lr=9.989e-06
[train] step=2095 loss=0.149631 lr=9.989e-06
[train] step=2096 loss=0.138336 lr=9.989e-06
[train] step=2097 loss=0.067811 lr=9.989e-06
[train] step=2098 loss=0.075996 lr=9.989e-06
[train] step=2099 loss=0.048432 lr=9.989e-06
[train] step=2100 loss=0.085104 lr=9.989e-06
[train] step=2101 loss=0.053073 lr=9.989e-06
[train] step=2102 loss=0.060859 lr=9.989e-06
[train] step=2103 loss=0.067355 lr=9.989e-06
[train] step=2104 loss=0.307097 lr=9.989e-06
[train] step=2105 loss=0.081187 lr=9.989e-06
[train] step=2106 loss=0.039752 lr=9.989e-06
[train] step=2107 loss=0.048065 lr=9.989e-06
[train] step=2108 loss=0.163855 lr=9.989e-06
[train] step=2109 loss=0.061164 lr=9.989e-06
[train] step=2110 loss=0.040083 lr=9.989e-06
[train] step=2111 loss=0.039159 lr=9.989e-06
[train] step=2112 loss=0.031186 lr=9.989e-06
[train] step=2113 loss=0.040553 lr=9.989e-06
[train] step=2114 loss=0.034094 lr=9.989e-06
[train] step=2115 loss=0.105000 lr=9.989e-06
[train] step=2116 loss=0.050389 lr=9.989e-06
[train] step=2117 loss=0.066956 lr=9.989e-06
[train] step=2118 loss=0.069886 lr=9.989e-06
[train] step=2119 loss=0.118217 lr=9.989e-06
[train] step=2120 loss=0.128986 lr=9.989e-06
[train] step=2121 loss=0.181459 lr=9.989e-06
[train] step=2122 loss=0.037585 lr=9.989e-06
[train] step=2123 loss=0.079919 lr=9.989e-06
[train] step=2124 loss=0.047841 lr=9.989e-06
[train] step=2125 loss=0.076248 lr=9.989e-06
[train] step=2126 loss=0.077243 lr=9.989e-06
[train] step=2127 loss=0.044809 lr=9.989e-06
[train] step=2128 loss=0.067914 lr=9.989e-06
[train] step=2129 loss=0.077519 lr=9.989e-06
[train] step=2130 loss=0.052928 lr=9.989e-06
[train] step=2131 loss=0.056624 lr=9.989e-06
[train] step=2132 loss=0.045004 lr=9.989e-06
[train] step=2133 loss=0.051522 lr=9.989e-06
[train] step=2134 loss=0.050749 lr=9.989e-06
[train] step=2135 loss=0.046929 lr=9.989e-06
[train] step=2136 loss=0.054532 lr=9.989e-06
[train] step=2137 loss=0.099590 lr=9.989e-06
[train] step=2138 loss=0.045950 lr=9.989e-06
[train] step=2139 loss=0.120316 lr=9.989e-06
[train] step=2140 loss=0.058721 lr=9.989e-06
[train] step=2141 loss=0.058671 lr=9.989e-06
[train] step=2142 loss=0.031429 lr=9.989e-06
[train] step=2143 loss=0.034691 lr=9.989e-06
[train] step=2144 loss=0.041815 lr=9.989e-06
[train] step=2145 loss=0.147020 lr=9.989e-06
[train] step=2146 loss=0.096412 lr=9.989e-06
[train] step=2147 loss=0.046580 lr=9.989e-06
[train] step=2148 loss=0.092402 lr=9.989e-06
[train] step=2149 loss=0.043624 lr=9.989e-06
[train] step=2150 loss=0.101199 lr=9.989e-06
[train] step=2151 loss=0.078042 lr=9.989e-06
[train] step=2152 loss=0.036465 lr=9.989e-06
[train] step=2153 loss=0.053230 lr=9.989e-06
[train] step=2154 loss=0.068099 lr=9.989e-06
[train] step=2155 loss=0.036432 lr=9.989e-06
[train] step=2156 loss=0.033633 lr=9.989e-06
[train] step=2157 loss=0.037767 lr=9.989e-06
[train] step=2158 loss=0.144115 lr=9.989e-06
[train] step=2159 loss=0.036415 lr=9.989e-06
[train] step=2160 loss=0.069809 lr=9.989e-06
[train] step=2161 loss=0.061449 lr=9.989e-06
[train] step=2162 loss=0.084386 lr=9.988e-06
[train] step=2163 loss=0.078340 lr=9.988e-06
[train] step=2164 loss=0.060126 lr=9.988e-06
[train] step=2165 loss=0.061081 lr=9.988e-06
[train] step=2166 loss=0.031660 lr=9.988e-06
[train] step=2167 loss=0.045719 lr=9.988e-06
[train] step=2168 loss=0.057622 lr=9.988e-06
[train] step=2169 loss=0.036609 lr=9.988e-06
[train] step=2170 loss=0.051803 lr=9.988e-06
[train] step=2171 loss=0.053024 lr=9.988e-06
[train] step=2172 loss=0.063385 lr=9.988e-06
[train] step=2173 loss=0.045700 lr=9.988e-06
[train] step=2174 loss=0.052944 lr=9.988e-06
[train] step=2175 loss=0.052674 lr=9.988e-06
[train] step=2176 loss=0.038679 lr=9.988e-06
[train] step=2177 loss=0.040351 lr=9.988e-06
[train] step=2178 loss=0.032006 lr=9.988e-06
[train] step=2179 loss=0.071977 lr=9.988e-06
[train] step=2180 loss=0.039640 lr=9.988e-06
[train] step=2181 loss=0.049200 lr=9.988e-06
[train] step=2182 loss=0.071128 lr=9.988e-06
[train] step=2183 loss=0.044601 lr=9.988e-06
[train] step=2184 loss=0.026616 lr=9.988e-06
[train] step=2185 loss=0.052381 lr=9.988e-06
[train] step=2186 loss=0.030426 lr=9.988e-06
[train] step=2187 loss=0.068324 lr=9.988e-06
[train] step=2188 loss=0.052890 lr=9.988e-06
[train] step=2189 loss=0.078057 lr=9.988e-06
[train] step=2190 loss=0.062533 lr=9.988e-06
[train] step=2191 loss=0.087756 lr=9.988e-06
[train] step=2192 loss=0.048787 lr=9.988e-06
[train] step=2193 loss=0.078269 lr=9.988e-06
[train] step=2194 loss=0.021762 lr=9.988e-06
[train] step=2195 loss=0.281956 lr=9.988e-06
[train] step=2196 loss=0.033804 lr=9.988e-06
[train] step=2197 loss=0.049977 lr=9.988e-06
[train] step=2198 loss=0.087292 lr=9.988e-06
[train] step=2199 loss=0.213451 lr=9.988e-06
[train] step=2200 loss=0.060122 lr=9.988e-06
[train] step=2201 loss=0.043542 lr=9.988e-06
[train] step=2202 loss=0.042693 lr=9.988e-06
[train] step=2203 loss=0.125009 lr=9.988e-06
[train] step=2204 loss=0.029410 lr=9.988e-06
[train] step=2205 loss=0.052814 lr=9.988e-06
[train] step=2206 loss=0.184879 lr=9.988e-06
[train] step=2207 loss=0.042226 lr=9.988e-06
[train] step=2208 loss=0.037001 lr=9.988e-06
[train] step=2209 loss=0.033436 lr=9.988e-06
[train] step=2210 loss=0.061729 lr=9.988e-06
[train] step=2211 loss=0.034308 lr=9.988e-06
[train] step=2212 loss=0.111268 lr=9.988e-06
[train] step=2213 loss=0.058814 lr=9.988e-06
[train] step=2214 loss=0.032777 lr=9.988e-06
[train] step=2215 loss=0.079865 lr=9.988e-06
[train] step=2216 loss=0.041272 lr=9.988e-06
[train] step=2217 loss=0.041806 lr=9.988e-06
[train] step=2218 loss=0.059689 lr=9.988e-06
[train] step=2219 loss=0.038978 lr=9.988e-06
[train] step=2220 loss=0.051252 lr=9.988e-06
[train] step=2221 loss=0.056033 lr=9.988e-06
[train] step=2222 loss=0.071300 lr=9.988e-06
[train] step=2223 loss=0.084756 lr=9.988e-06
[train] step=2224 loss=0.036309 lr=9.988e-06
[train] step=2225 loss=0.050882 lr=9.988e-06
[train] step=2226 loss=0.053872 lr=9.988e-06
[train] step=2227 loss=0.051283 lr=9.988e-06
[train] step=2228 loss=0.041105 lr=9.988e-06
[train] step=2229 loss=0.053176 lr=9.988e-06
[train] step=2230 loss=0.034841 lr=9.988e-06
[train] step=2231 loss=0.090340 lr=9.988e-06
[train] step=2232 loss=0.075644 lr=9.988e-06
[train] step=2233 loss=0.032854 lr=9.988e-06
[train] step=2234 loss=0.041507 lr=9.988e-06
[train] step=2235 loss=0.045195 lr=9.988e-06
[train] step=2236 loss=0.096632 lr=9.988e-06
[train] step=2237 loss=0.107606 lr=9.988e-06
[train] step=2238 loss=0.037190 lr=9.988e-06
[train] step=2239 loss=0.026736 lr=9.988e-06
[train] step=2240 loss=0.052464 lr=9.988e-06
[train] step=2241 loss=0.065116 lr=9.988e-06
[train] step=2242 loss=0.071178 lr=9.988e-06
[train] step=2243 loss=0.081156 lr=9.988e-06
[train] step=2244 loss=0.047175 lr=9.988e-06
[train] step=2245 loss=0.089829 lr=9.988e-06
[train] step=2246 loss=0.035323 lr=9.988e-06
[train] step=2247 loss=0.068080 lr=9.988e-06
[train] step=2248 loss=0.042909 lr=9.988e-06
[train] step=2249 loss=0.030224 lr=9.988e-06
[train] step=2250 loss=0.046096 lr=9.988e-06
[train] step=2251 loss=0.057395 lr=9.988e-06
[train] step=2252 loss=0.071395 lr=9.988e-06
[train] step=2253 loss=0.146377 lr=9.988e-06
[train] step=2254 loss=0.073857 lr=9.987e-06
[train] step=2255 loss=0.034818 lr=9.987e-06
[train] step=2256 loss=0.069386 lr=9.987e-06
[train] step=2257 loss=0.069200 lr=9.987e-06
[train] step=2258 loss=0.083638 lr=9.987e-06
[train] step=2259 loss=0.031685 lr=9.987e-06
[train] step=2260 loss=0.033807 lr=9.987e-06
[train] step=2261 loss=0.044121 lr=9.987e-06
[train] step=2262 loss=0.059182 lr=9.987e-06
[train] step=2263 loss=0.040632 lr=9.987e-06
[train] step=2264 loss=0.030344 lr=9.987e-06
[train] step=2265 loss=0.055528 lr=9.987e-06
[train] step=2266 loss=0.046367 lr=9.987e-06
[train] step=2267 loss=0.178015 lr=9.987e-06
[train] step=2268 loss=0.045368 lr=9.987e-06
[train] step=2269 loss=0.034378 lr=9.987e-06
[train] step=2270 loss=0.085227 lr=9.987e-06
[train] step=2271 loss=0.105772 lr=9.987e-06
[train] step=2272 loss=0.069812 lr=9.987e-06
[train] step=2273 loss=0.043324 lr=9.987e-06
[train] step=2274 loss=0.046247 lr=9.987e-06
[train] step=2275 loss=0.137093 lr=9.987e-06
[train] step=2276 loss=0.039354 lr=9.987e-06
[train] step=2277 loss=0.056496 lr=9.987e-06
[train] step=2278 loss=0.040321 lr=9.987e-06
[train] step=2279 loss=0.034672 lr=9.987e-06
[train] step=2280 loss=0.052088 lr=9.987e-06
[train] step=2281 loss=0.037895 lr=9.987e-06
[train] step=2282 loss=0.038211 lr=9.987e-06
[train] step=2283 loss=0.051408 lr=9.987e-06
[train] step=2284 loss=0.045249 lr=9.987e-06
[train] step=2285 loss=0.059912 lr=9.987e-06
[train] step=2286 loss=0.060989 lr=9.987e-06
[train] step=2287 loss=0.030216 lr=9.987e-06
[train] step=2288 loss=0.033301 lr=9.987e-06
[train] step=2289 loss=0.055724 lr=9.987e-06
[train] step=2290 loss=0.049819 lr=9.987e-06
[train] step=2291 loss=0.150469 lr=9.987e-06
[train] step=2292 loss=0.033365 lr=9.987e-06
[train] step=2293 loss=0.165556 lr=9.987e-06
[train] step=2294 loss=0.031123 lr=9.987e-06
[train] step=2295 loss=0.045738 lr=9.987e-06
[train] step=2296 loss=0.052880 lr=9.987e-06
[train] step=2297 loss=0.040665 lr=9.987e-06
[train] step=2298 loss=0.358469 lr=9.987e-06
[train] step=2299 loss=0.021904 lr=9.987e-06
[train] step=2300 loss=0.061014 lr=9.987e-06
[train] step=2301 loss=0.051188 lr=9.987e-06
[train] step=2302 loss=0.106497 lr=9.987e-06
[train] step=2303 loss=0.062567 lr=9.987e-06
[train] step=2304 loss=0.047089 lr=9.987e-06
[train] step=2305 loss=0.042607 lr=9.987e-06
[train] step=2306 loss=0.049409 lr=9.987e-06
[train] step=2307 loss=0.035419 lr=9.987e-06
[train] step=2308 loss=0.068104 lr=9.987e-06
[train] step=2309 loss=0.045265 lr=9.987e-06
[train] step=2310 loss=0.089394 lr=9.987e-06
[train] step=2311 loss=0.037298 lr=9.987e-06
[train] step=2312 loss=0.027912 lr=9.987e-06
[train] step=2313 loss=0.031238 lr=9.987e-06
[train] step=2314 loss=0.047451 lr=9.987e-06
[train] step=2315 loss=0.036854 lr=9.987e-06
[train] step=2316 loss=0.037263 lr=9.987e-06
[train] step=2317 loss=0.023373 lr=9.987e-06
[train] step=2318 loss=0.044308 lr=9.987e-06
[train] step=2319 loss=0.099098 lr=9.987e-06
[train] step=2320 loss=0.026165 lr=9.987e-06
[train] step=2321 loss=0.092081 lr=9.987e-06
[train] step=2322 loss=0.051205 lr=9.987e-06
[train] step=2323 loss=0.066572 lr=9.987e-06
[train] step=2324 loss=0.107183 lr=9.987e-06
[train] step=2325 loss=0.027935 lr=9.987e-06
[train] step=2326 loss=0.158250 lr=9.987e-06
[train] step=2327 loss=0.043341 lr=9.987e-06
[train] step=2328 loss=0.109334 lr=9.987e-06
[train] step=2329 loss=0.030755 lr=9.987e-06
[train] step=2330 loss=0.128930 lr=9.987e-06
[train] step=2331 loss=0.054749 lr=9.987e-06
[train] step=2332 loss=0.037258 lr=9.987e-06
[train] step=2333 loss=0.034678 lr=9.987e-06
[train] step=2334 loss=0.045164 lr=9.987e-06
[train] step=2335 loss=0.044217 lr=9.987e-06
[train] step=2336 loss=0.077708 lr=9.987e-06
[train] step=2337 loss=0.043669 lr=9.987e-06
[train] step=2338 loss=0.032771 lr=9.987e-06
[train] step=2339 loss=0.034031 lr=9.987e-06
[train] step=2340 loss=0.042023 lr=9.987e-06
[train] step=2341 loss=0.034936 lr=9.987e-06
[train] step=2342 loss=0.025031 lr=9.986e-06
[train] step=2343 loss=0.044668 lr=9.986e-06
[train] step=2344 loss=0.048556 lr=9.986e-06
[train] step=2345 loss=0.074000 lr=9.986e-06
[train] step=2346 loss=0.025154 lr=9.986e-06
[train] step=2347 loss=0.017458 lr=9.986e-06
[train] step=2348 loss=0.036013 lr=9.986e-06
[train] step=2349 loss=0.073256 lr=9.986e-06
[train] step=2350 loss=0.077064 lr=9.986e-06
[train] step=2351 loss=0.038746 lr=9.986e-06
[train] step=2352 loss=0.071773 lr=9.986e-06
[train] step=2353 loss=0.037834 lr=9.986e-06
[train] step=2354 loss=0.055109 lr=9.986e-06
[train] step=2355 loss=0.033205 lr=9.986e-06
[train] step=2356 loss=0.037332 lr=9.986e-06
[train] step=2357 loss=0.096983 lr=9.986e-06
[train] step=2358 loss=0.037385 lr=9.986e-06
[train] step=2359 loss=0.050968 lr=9.986e-06
[train] step=2360 loss=0.035927 lr=9.986e-06
[train] step=2361 loss=0.107445 lr=9.986e-06
[train] step=2362 loss=0.034533 lr=9.986e-06
[train] step=2363 loss=0.046544 lr=9.986e-06
[train] step=2364 loss=0.040294 lr=9.986e-06
[train] step=2365 loss=0.041458 lr=9.986e-06
[train] step=2366 loss=0.057492 lr=9.986e-06
[train] step=2367 loss=0.038339 lr=9.986e-06
[train] step=2368 loss=0.043478 lr=9.986e-06
[train] step=2369 loss=0.027798 lr=9.986e-06
[train] step=2370 loss=0.028785 lr=9.986e-06
[train] step=2371 loss=0.047340 lr=9.986e-06
[train] step=2372 loss=0.053825 lr=9.986e-06
[train] step=2373 loss=0.041685 lr=9.986e-06
[train] step=2374 loss=0.067113 lr=9.986e-06
[train] step=2375 loss=0.043581 lr=9.986e-06
[train] step=2376 loss=0.052579 lr=9.986e-06
[train] step=2377 loss=0.030723 lr=9.986e-06
[train] step=2378 loss=0.032073 lr=9.986e-06
[train] step=2379 loss=0.040159 lr=9.986e-06
[train] step=2380 loss=0.099660 lr=9.986e-06
[train] step=2381 loss=0.036012 lr=9.986e-06
[train] step=2382 loss=0.034077 lr=9.986e-06
[train] step=2383 loss=0.043199 lr=9.986e-06
[train] step=2384 loss=0.049592 lr=9.986e-06
[train] step=2385 loss=0.046012 lr=9.986e-06
[train] step=2386 loss=0.051510 lr=9.986e-06
[train] step=2387 loss=0.039645 lr=9.986e-06
[train] step=2388 loss=0.036884 lr=9.986e-06
[train] step=2389 loss=0.045592 lr=9.986e-06
[train] step=2390 loss=0.097420 lr=9.986e-06
[train] step=2391 loss=0.059343 lr=9.986e-06
[train] step=2392 loss=0.024647 lr=9.986e-06
[train] step=2393 loss=0.080269 lr=9.986e-06
[train] step=2394 loss=0.046303 lr=9.986e-06
[train] step=2395 loss=0.041066 lr=9.986e-06
[train] step=2396 loss=0.086384 lr=9.986e-06
[train] step=2397 loss=0.036750 lr=9.986e-06
[train] step=2398 loss=0.032680 lr=9.986e-06
[train] step=2399 loss=0.046230 lr=9.986e-06
[train] step=2400 loss=0.038624 lr=9.986e-06
[train] step=2401 loss=0.035771 lr=9.986e-06
[train] step=2402 loss=0.042553 lr=9.986e-06
[train] step=2403 loss=0.045857 lr=9.986e-06
[train] step=2404 loss=0.039338 lr=9.986e-06
[train] step=2405 loss=0.028582 lr=9.986e-06
[train] step=2406 loss=0.072940 lr=9.986e-06
[train] step=2407 loss=0.037593 lr=9.986e-06
[train] step=2408 loss=0.041524 lr=9.986e-06
[train] step=2409 loss=0.058010 lr=9.986e-06
[train] step=2410 loss=0.053378 lr=9.986e-06
[train] step=2411 loss=0.382903 lr=9.986e-06
[train] step=2412 loss=0.034524 lr=9.986e-06
[train] step=2413 loss=0.045308 lr=9.986e-06
[train] step=2414 loss=0.036583 lr=9.986e-06
[train] step=2415 loss=0.043339 lr=9.986e-06
[train] step=2416 loss=0.161235 lr=9.986e-06
[train] step=2417 loss=0.053836 lr=9.986e-06
[train] step=2418 loss=0.030260 lr=9.986e-06
[train] step=2419 loss=0.055836 lr=9.986e-06
[train] step=2420 loss=0.030179 lr=9.986e-06
[train] step=2421 loss=0.045505 lr=9.986e-06
[train] step=2422 loss=0.036540 lr=9.986e-06
[train] step=2423 loss=0.034233 lr=9.986e-06
[train] step=2424 loss=0.038706 lr=9.986e-06
[train] step=2425 loss=0.022771 lr=9.986e-06
[train] step=2426 loss=0.057444 lr=9.986e-06
[train] step=2427 loss=0.032051 lr=9.985e-06
[train] step=2428 loss=0.082284 lr=9.985e-06
[train] step=2429 loss=0.150661 lr=9.985e-06
[train] step=2430 loss=0.055854 lr=9.985e-06
[train] step=2431 loss=0.052132 lr=9.985e-06
[train] step=2432 loss=0.053707 lr=9.985e-06
[train] step=2433 loss=0.043807 lr=9.985e-06
[train] step=2434 loss=0.051843 lr=9.985e-06
[train] step=2435 loss=0.038391 lr=9.985e-06
[train] step=2436 loss=0.023257 lr=9.985e-06
[train] step=2437 loss=0.099257 lr=9.985e-06
[train] step=2438 loss=0.037718 lr=9.985e-06
[train] step=2439 loss=0.033230 lr=9.985e-06
[train] step=2440 loss=0.040155 lr=9.985e-06
[train] step=2441 loss=0.046708 lr=9.985e-06
[train] step=2442 loss=0.032368 lr=9.985e-06
[train] step=2443 loss=0.077731 lr=9.985e-06
[train] step=2444 loss=0.039661 lr=9.985e-06
[train] step=2445 loss=0.030298 lr=9.985e-06
[train] step=2446 loss=0.025185 lr=9.985e-06
[train] step=2447 loss=0.058766 lr=9.985e-06
[train] step=2448 loss=0.030598 lr=9.985e-06
[train] step=2449 loss=0.026395 lr=9.985e-06
[train] step=2450 loss=0.043889 lr=9.985e-06
[train] step=2451 loss=0.031759 lr=9.985e-06
[train] step=2452 loss=0.041197 lr=9.985e-06
[train] step=2453 loss=0.047663 lr=9.985e-06
[train] step=2454 loss=0.028197 lr=9.985e-06
[train] step=2455 loss=0.024096 lr=9.985e-06
[train] step=2456 loss=0.033284 lr=9.985e-06
[train] step=2457 loss=0.037758 lr=9.985e-06
[train] step=2458 loss=0.046291 lr=9.985e-06
[train] step=2459 loss=0.032291 lr=9.985e-06
[train] step=2460 loss=0.135975 lr=9.985e-06
[train] step=2461 loss=0.026284 lr=9.985e-06
[train] step=2462 loss=0.025646 lr=9.985e-06
[train] step=2463 loss=0.047621 lr=9.985e-06
[train] step=2464 loss=0.023463 lr=9.985e-06
[train] step=2465 loss=0.029455 lr=9.985e-06
[train] step=2466 loss=0.095798 lr=9.985e-06
[train] step=2467 loss=0.053421 lr=9.985e-06
[train] step=2468 loss=0.053535 lr=9.985e-06
[train] step=2469 loss=0.043627 lr=9.985e-06
[train] step=2470 loss=0.031247 lr=9.985e-06
[train] step=2471 loss=0.067035 lr=9.985e-06
[train] step=2472 loss=0.021873 lr=9.985e-06
[train] step=2473 loss=0.042205 lr=9.985e-06
[train] step=2474 loss=0.034976 lr=9.985e-06
[train] step=2475 loss=0.028927 lr=9.985e-06
[train] step=2476 loss=0.065825 lr=9.985e-06
[train] step=2477 loss=0.034798 lr=9.985e-06
[train] step=2478 loss=0.031584 lr=9.985e-06
[train] step=2479 loss=0.035833 lr=9.985e-06
[train] step=2480 loss=0.041094 lr=9.985e-06
[train] step=2481 loss=0.025536 lr=9.985e-06
[train] step=2482 loss=0.035568 lr=9.985e-06
[train] step=2483 loss=0.022826 lr=9.985e-06
[train] step=2484 loss=0.041654 lr=9.985e-06
[train] step=2485 loss=0.028894 lr=9.985e-06
[train] step=2486 loss=0.039432 lr=9.985e-06
[train] step=2487 loss=0.046020 lr=9.985e-06
[train] step=2488 loss=0.027309 lr=9.985e-06
[train] step=2489 loss=0.027982 lr=9.985e-06
[train] step=2490 loss=0.033026 lr=9.985e-06
[train] step=2491 loss=0.024823 lr=9.985e-06
[train] step=2492 loss=0.110367 lr=9.985e-06
[train] step=2493 loss=0.025720 lr=9.985e-06
[train] step=2494 loss=0.031712 lr=9.985e-06
[train] step=2495 loss=0.032778 lr=9.985e-06
[train] step=2496 loss=0.066386 lr=9.985e-06
[train] step=2497 loss=0.020914 lr=9.985e-06
[train] step=2498 loss=0.042331 lr=9.985e-06
[train] step=2499 loss=0.059224 lr=9.985e-06
[train] step=2500 loss=0.040970 lr=9.985e-06
INFO     [rank 0] Model weights for step 2500 saved in       dit_trainer.py:1085
         checkpoints/model_weights_step_02500.safetensors                       
INFO     [rank 0] Scalar embedding weights for step 2500     dit_trainer.py:1092
         saved                                                                  
INFO     [rank 0] Training state saved:                      dit_trainer.py:1123
         checkpoints/model_weights_step_02500.state.pt                          
DEBUG    [rank 0] Removed old checkpoint:                    dit_trainer.py:1136
         /local/disk/hramachandran/work/wh_work/windinet/dit                    
         _throughput_sweep_bs2/checkpoints/model_weights_ste                    
         p_02000.safetensors                                                    
DEBUG    [rank 0] Removed old checkpoint:                    dit_trainer.py:1136
         /local/disk/hramachandran/work/wh_work/windinet/dit                    
         _throughput_sweep_bs2/checkpoints/model_weights_ste                    
         p_02000.state.pt                                                       
DEBUG    [rank 0] Removed old checkpoint:                    dit_trainer.py:1136
         /local/disk/hramachandran/work/wh_work/windinet/dit                    
         _throughput_sweep_bs2/checkpoints/scalar_embedding_                    
         step_02000.safetensors                                                 
[epoch 5] step=2500 train_loss=0.061451
[train] step=2501 loss=0.029830 lr=9.985e-06
[train] step=2502 loss=0.035496 lr=9.985e-06
[train] step=2503 loss=0.042361 lr=9.985e-06
[train] step=2504 loss=0.033250 lr=9.985e-06
[train] step=2505 loss=0.088784 lr=9.985e-06
[train] step=2506 loss=0.027759 lr=9.985e-06
[train] step=2507 loss=0.046809 lr=9.985e-06
[train] step=2508 loss=0.027626 lr=9.985e-06
[train] step=2509 loss=0.042521 lr=9.985e-06
[train] step=2510 loss=0.040682 lr=9.984e-06
[train] step=2511 loss=0.030396 lr=9.984e-06
[train] step=2512 loss=0.027859 lr=9.984e-06
[train] step=2513 loss=0.052052 lr=9.984e-06
[train] step=2514 loss=0.026418 lr=9.984e-06
[train] step=2515 loss=0.031195 lr=9.984e-06
[train] step=2516 loss=0.027990 lr=9.984e-06
[train] step=2517 loss=0.049072 lr=9.984e-06
[train] step=2518 loss=0.052140 lr=9.984e-06
[train] step=2519 loss=0.035170 lr=9.984e-06
[train] step=2520 loss=0.031403 lr=9.984e-06
[train] step=2521 loss=0.021372 lr=9.984e-06
[train] step=2522 loss=0.369430 lr=9.984e-06
[train] step=2523 loss=0.030698 lr=9.984e-06
[train] step=2524 loss=0.043963 lr=9.984e-06
[train] step=2525 loss=0.019928 lr=9.984e-06
[train] step=2526 loss=0.050736 lr=9.984e-06
[train] step=2527 loss=0.026975 lr=9.984e-06
[train] step=2528 loss=0.035963 lr=9.984e-06
[train] step=2529 loss=0.023325 lr=9.984e-06
[train] step=2530 loss=0.029825 lr=9.984e-06
[train] step=2531 loss=0.026505 lr=9.984e-06
[train] step=2532 loss=0.075937 lr=9.984e-06
[train] step=2533 loss=0.027764 lr=9.984e-06
[train] step=2534 loss=0.117851 lr=9.984e-06
[train] step=2535 loss=0.033942 lr=9.984e-06
[train] step=2536 loss=0.030745 lr=9.984e-06
[train] step=2537 loss=0.056501 lr=9.984e-06
[train] step=2538 loss=0.051459 lr=9.984e-06
[train] step=2539 loss=0.113768 lr=9.984e-06
[train] step=2540 loss=0.029211 lr=9.984e-06
[train] step=2541 loss=0.033028 lr=9.984e-06
[train] step=2542 loss=0.058917 lr=9.984e-06
[train] step=2543 loss=0.029780 lr=9.984e-06
[train] step=2544 loss=0.035946 lr=9.984e-06
[train] step=2545 loss=0.053995 lr=9.984e-06
[train] step=2546 loss=0.029090 lr=9.984e-06
[train] step=2547 loss=0.033265 lr=9.984e-06
[train] step=2548 loss=0.035480 lr=9.984e-06
[train] step=2549 loss=0.042411 lr=9.984e-06
[train] step=2550 loss=0.021776 lr=9.984e-06
[train] step=2551 loss=0.039731 lr=9.984e-06
[train] step=2552 loss=0.029985 lr=9.984e-06
[train] step=2553 loss=0.026942 lr=9.984e-06
[train] step=2554 loss=0.022702 lr=9.984e-06
[train] step=2555 loss=0.087366 lr=9.984e-06
[train] step=2556 loss=0.039957 lr=9.984e-06
[train] step=2557 loss=0.029381 lr=9.984e-06
[train] step=2558 loss=0.030676 lr=9.984e-06
[train] step=2559 loss=0.032122 lr=9.984e-06
[train] step=2560 loss=0.019962 lr=9.984e-06
[train] step=2561 loss=0.399821 lr=9.984e-06
[train] step=2562 loss=0.034187 lr=9.984e-06
[train] step=2563 loss=0.040642 lr=9.984e-06
[train] step=2564 loss=0.026463 lr=9.984e-06
[train] step=2565 loss=0.032846 lr=9.984e-06
[train] step=2566 loss=0.080706 lr=9.984e-06
[train] step=2567 loss=0.071093 lr=9.984e-06
[train] step=2568 loss=0.057961 lr=9.984e-06
[train] step=2569 loss=0.031078 lr=9.984e-06
[train] step=2570 loss=0.026407 lr=9.984e-06
[train] step=2571 loss=0.040286 lr=9.984e-06
[train] step=2572 loss=0.023741 lr=9.984e-06
[train] step=2573 loss=0.039127 lr=9.984e-06
[train] step=2574 loss=0.086583 lr=9.984e-06
[train] step=2575 loss=0.064597 lr=9.984e-06
[train] step=2576 loss=0.087707 lr=9.984e-06
[train] step=2577 loss=0.034271 lr=9.984e-06
[train] step=2578 loss=0.032054 lr=9.984e-06
[train] step=2579 loss=0.040382 lr=9.984e-06
[train] step=2580 loss=0.031657 lr=9.984e-06
[train] step=2581 loss=0.025884 lr=9.984e-06
[train] step=2582 loss=0.045682 lr=9.984e-06
[train] step=2583 loss=0.025553 lr=9.984e-06
[train] step=2584 loss=0.027447 lr=9.984e-06
[train] step=2585 loss=0.040875 lr=9.984e-06
[train] step=2586 loss=0.023225 lr=9.984e-06
[train] step=2587 loss=0.045384 lr=9.984e-06
[train] step=2588 loss=0.042779 lr=9.984e-06
[train] step=2589 loss=0.156939 lr=9.983e-06
[train] step=2590 loss=0.032247 lr=9.983e-06
[train] step=2591 loss=0.057520 lr=9.983e-06
[train] step=2592 loss=0.042947 lr=9.983e-06
[train] step=2593 loss=0.026319 lr=9.983e-06
[train] step=2594 loss=0.120093 lr=9.983e-06
[train] step=2595 loss=0.036265 lr=9.983e-06
[train] step=2596 loss=0.038546 lr=9.983e-06
[train] step=2597 loss=0.039816 lr=9.983e-06
[train] step=2598 loss=0.025733 lr=9.983e-06
[train] step=2599 loss=0.039832 lr=9.983e-06
[train] step=2600 loss=0.032526 lr=9.983e-06
[train] step=2601 loss=0.022660 lr=9.983e-06
[train] step=2602 loss=0.032887 lr=9.983e-06
[train] step=2603 loss=0.058191 lr=9.983e-06
[train] step=2604 loss=0.064214 lr=9.983e-06
[train] step=2605 loss=0.031909 lr=9.983e-06
[train] step=2606 loss=0.032804 lr=9.983e-06
[train] step=2607 loss=0.037394 lr=9.983e-06
[train] step=2608 loss=0.032278 lr=9.983e-06
[train] step=2609 loss=0.031253 lr=9.983e-06
[train] step=2610 loss=0.033231 lr=9.983e-06
[train] step=2611 loss=0.038180 lr=9.983e-06
[train] step=2612 loss=0.032503 lr=9.983e-06
[train] step=2613 loss=0.044758 lr=9.983e-06
[train] step=2614 loss=0.028801 lr=9.983e-06
[train] step=2615 loss=0.183347 lr=9.983e-06
[train] step=2616 loss=0.036391 lr=9.983e-06
[train] step=2617 loss=0.099121 lr=9.983e-06
[train] step=2618 loss=0.035147 lr=9.983e-06
[train] step=2619 loss=0.056719 lr=9.983e-06
[train] step=2620 loss=0.021166 lr=9.983e-06
[train] step=2621 loss=0.032568 lr=9.983e-06
[train] step=2622 loss=0.083979 lr=9.983e-06
[train] step=2623 loss=0.028313 lr=9.983e-06
[train] step=2624 loss=0.022526 lr=9.983e-06
[train] step=2625 loss=0.027228 lr=9.983e-06
[train] step=2626 loss=0.064214 lr=9.983e-06
[train] step=2627 loss=0.026647 lr=9.983e-06
[train] step=2628 loss=0.026932 lr=9.983e-06
[train] step=2629 loss=0.022330 lr=9.983e-06
[train] step=2630 loss=0.044917 lr=9.983e-06
[train] step=2631 loss=0.036772 lr=9.983e-06
[train] step=2632 loss=0.026220 lr=9.983e-06
[train] step=2633 loss=0.026803 lr=9.983e-06
[train] step=2634 loss=0.037142 lr=9.983e-06
[train] step=2635 loss=0.033147 lr=9.983e-06
[train] step=2636 loss=0.142096 lr=9.983e-06
[train] step=2637 loss=0.028966 lr=9.983e-06
[train] step=2638 loss=0.038491 lr=9.983e-06
[train] step=2639 loss=0.033843 lr=9.983e-06
[train] step=2640 loss=0.036555 lr=9.983e-06
[train] step=2641 loss=0.128314 lr=9.983e-06
[train] step=2642 loss=0.026485 lr=9.983e-06
[train] step=2643 loss=0.033447 lr=9.983e-06
[train] step=2644 loss=0.065236 lr=9.983e-06
[train] step=2645 loss=0.028055 lr=9.983e-06
[train] step=2646 loss=0.023618 lr=9.983e-06
[train] step=2647 loss=0.044750 lr=9.983e-06
[train] step=2648 loss=0.038281 lr=9.983e-06
[train] step=2649 loss=0.034101 lr=9.983e-06
[train] step=2650 loss=0.022067 lr=9.983e-06
[train] step=2651 loss=0.019018 lr=9.983e-06
[train] step=2652 loss=0.018856 lr=9.983e-06
[train] step=2653 loss=0.022401 lr=9.983e-06
[train] step=2654 loss=0.038381 lr=9.983e-06
[train] step=2655 loss=0.033204 lr=9.983e-06
[train] step=2656 loss=0.023492 lr=9.983e-06
[train] step=2657 loss=0.027124 lr=9.983e-06
[train] step=2658 loss=0.026568 lr=9.983e-06
[train] step=2659 loss=0.046588 lr=9.983e-06
[train] step=2660 loss=0.040930 lr=9.983e-06
[train] step=2661 loss=0.032455 lr=9.983e-06
[train] step=2662 loss=0.023217 lr=9.983e-06
[train] step=2663 loss=0.029424 lr=9.983e-06
[train] step=2664 loss=0.026562 lr=9.983e-06
[train] step=2665 loss=0.036941 lr=9.983e-06
[train] step=2666 loss=0.026397 lr=9.983e-06
[train] step=2667 loss=0.045720 lr=9.982e-06
[train] step=2668 loss=0.058917 lr=9.982e-06
[train] step=2669 loss=0.028463 lr=9.982e-06
[train] step=2670 loss=0.038602 lr=9.982e-06
[train] step=2671 loss=0.030541 lr=9.982e-06
[train] step=2672 loss=0.049843 lr=9.982e-06
[train] step=2673 loss=0.080672 lr=9.982e-06
[train] step=2674 loss=0.019443 lr=9.982e-06
[train] step=2675 loss=0.037162 lr=9.982e-06
[train] step=2676 loss=0.044671 lr=9.982e-06
[train] step=2677 loss=0.036711 lr=9.982e-06
[train] step=2678 loss=0.065132 lr=9.982e-06
[train] step=2679 loss=0.026976 lr=9.982e-06
[train] step=2680 loss=0.025652 lr=9.982e-06
[train] step=2681 loss=0.023283 lr=9.982e-06
[train] step=2682 loss=0.022670 lr=9.982e-06
[train] step=2683 loss=0.035085 lr=9.982e-06
[train] step=2684 loss=0.027853 lr=9.982e-06
[train] step=2685 loss=0.023182 lr=9.982e-06
[train] step=2686 loss=0.036670 lr=9.982e-06
[train] step=2687 loss=0.043080 lr=9.982e-06
[train] step=2688 loss=0.034062 lr=9.982e-06
[train] step=2689 loss=0.033254 lr=9.982e-06
[train] step=2690 loss=0.025776 lr=9.982e-06
[train] step=2691 loss=0.038940 lr=9.982e-06
[train] step=2692 loss=0.022008 lr=9.982e-06
[train] step=2693 loss=0.031564 lr=9.982e-06
[train] step=2694 loss=0.082669 lr=9.982e-06
[train] step=2695 loss=0.019085 lr=9.982e-06
[train] step=2696 loss=0.154373 lr=9.982e-06
[train] step=2697 loss=0.041530 lr=9.982e-06
[train] step=2698 loss=0.067622 lr=9.982e-06
[train] step=2699 loss=0.057017 lr=9.982e-06
[train] step=2700 loss=0.023910 lr=9.982e-06
[train] step=2701 loss=0.036295 lr=9.982e-06
[train] step=2702 loss=0.081922 lr=9.982e-06
[train] step=2703 loss=0.017554 lr=9.982e-06
[train] step=2704 loss=0.063878 lr=9.982e-06
[train] step=2705 loss=0.031313 lr=9.982e-06
[train] step=2706 loss=0.022656 lr=9.982e-06
[train] step=2707 loss=0.062888 lr=9.982e-06
[train] step=2708 loss=0.050748 lr=9.982e-06
[train] step=2709 loss=0.026835 lr=9.982e-06
[train] step=2710 loss=0.018508 lr=9.982e-06
[train] step=2711 loss=0.055220 lr=9.982e-06
[train] step=2712 loss=0.028811 lr=9.982e-06
[train] step=2713 loss=0.040894 lr=9.982e-06
[train] step=2714 loss=0.026591 lr=9.982e-06
[train] step=2715 loss=0.027563 lr=9.982e-06
[train] step=2716 loss=0.022930 lr=9.982e-06
[train] step=2717 loss=0.026267 lr=9.982e-06
[train] step=2718 loss=0.027756 lr=9.982e-06
[train] step=2719 loss=0.029260 lr=9.982e-06
[train] step=2720 loss=0.030263 lr=9.982e-06
[train] step=2721 loss=0.029086 lr=9.982e-06
[train] step=2722 loss=0.052057 lr=9.982e-06
[train] step=2723 loss=0.032293 lr=9.982e-06
[train] step=2724 loss=0.019832 lr=9.982e-06
[train] step=2725 loss=0.026781 lr=9.982e-06
[train] step=2726 loss=0.038332 lr=9.982e-06
[train] step=2727 loss=0.099615 lr=9.982e-06
[train] step=2728 loss=0.069984 lr=9.982e-06
[train] step=2729 loss=0.037748 lr=9.982e-06
[train] step=2730 loss=0.026056 lr=9.982e-06
[train] step=2731 loss=0.022039 lr=9.982e-06
[train] step=2732 loss=0.031342 lr=9.982e-06
[train] step=2733 loss=0.028080 lr=9.982e-06
[train] step=2734 loss=0.027316 lr=9.982e-06
[train] step=2735 loss=0.026751 lr=9.982e-06
[train] step=2736 loss=0.082519 lr=9.982e-06
[train] step=2737 loss=0.432670 lr=9.982e-06
[train] step=2738 loss=0.059764 lr=9.982e-06
[train] step=2739 loss=0.030354 lr=9.982e-06
[train] step=2740 loss=0.029604 lr=9.982e-06
[train] step=2741 loss=0.033997 lr=9.982e-06
[train] step=2742 loss=0.033380 lr=9.981e-06
[train] step=2743 loss=0.030108 lr=9.981e-06
[train] step=2744 loss=0.032054 lr=9.981e-06
[train] step=2745 loss=0.048539 lr=9.981e-06
[train] step=2746 loss=0.022363 lr=9.981e-06
[train] step=2747 loss=0.036217 lr=9.981e-06
[train] step=2748 loss=0.032785 lr=9.981e-06
[train] step=2749 loss=0.055799 lr=9.981e-06
[train] step=2750 loss=0.022268 lr=9.981e-06
[train] step=2751 loss=0.026529 lr=9.981e-06
[train] step=2752 loss=0.028131 lr=9.981e-06
[train] step=2753 loss=0.025183 lr=9.981e-06
[train] step=2754 loss=0.023117 lr=9.981e-06
[train] step=2755 loss=0.021138 lr=9.981e-06
[train] step=2756 loss=0.024199 lr=9.981e-06
[train] step=2757 loss=0.034460 lr=9.981e-06
[train] step=2758 loss=0.020730 lr=9.981e-06
[train] step=2759 loss=0.028213 lr=9.981e-06
[train] step=2760 loss=0.043217 lr=9.981e-06
[train] step=2761 loss=0.044555 lr=9.981e-06
[train] step=2762 loss=0.023925 lr=9.981e-06
[train] step=2763 loss=0.121943 lr=9.981e-06
[train] step=2764 loss=0.040854 lr=9.981e-06
[train] step=2765 loss=0.026569 lr=9.981e-06
[train] step=2766 loss=0.050467 lr=9.981e-06
[train] step=2767 loss=0.029736 lr=9.981e-06
[train] step=2768 loss=0.027910 lr=9.981e-06
[train] step=2769 loss=0.017866 lr=9.981e-06
[train] step=2770 loss=0.115692 lr=9.981e-06
[train] step=2771 loss=0.031320 lr=9.981e-06
[train] step=2772 loss=0.019330 lr=9.981e-06
[train] step=2773 loss=0.044469 lr=9.981e-06
[train] step=2774 loss=0.028081 lr=9.981e-06
[train] step=2775 loss=0.026240 lr=9.981e-06
[train] step=2776 loss=0.040697 lr=9.981e-06
[train] step=2777 loss=0.021309 lr=9.981e-06
[train] step=2778 loss=0.027069 lr=9.981e-06
[train] step=2779 loss=0.039572 lr=9.981e-06
[train] step=2780 loss=0.024511 lr=9.981e-06
[train] step=2781 loss=0.039725 lr=9.981e-06
[train] step=2782 loss=0.023637 lr=9.981e-06
[train] step=2783 loss=0.033464 lr=9.981e-06
[train] step=2784 loss=0.029900 lr=9.981e-06
[train] step=2785 loss=0.031627 lr=9.981e-06
[train] step=2786 loss=0.027190 lr=9.981e-06
[train] step=2787 loss=0.020879 lr=9.981e-06
[train] step=2788 loss=0.024857 lr=9.981e-06
[train] step=2789 loss=0.038603 lr=9.981e-06
[train] step=2790 loss=0.028877 lr=9.981e-06
[train] step=2791 loss=0.026232 lr=9.981e-06
[train] step=2792 loss=0.057224 lr=9.981e-06
[train] step=2793 loss=0.039321 lr=9.981e-06
[train] step=2794 loss=0.034109 lr=9.981e-06
[train] step=2795 loss=0.023249 lr=9.981e-06
[train] step=2796 loss=0.051621 lr=9.981e-06
[train] step=2797 loss=0.020469 lr=9.981e-06
[train] step=2798 loss=0.022044 lr=9.981e-06
[train] step=2799 loss=0.037392 lr=9.981e-06
[train] step=2800 loss=0.072310 lr=9.981e-06
[train] step=2801 loss=0.025144 lr=9.981e-06
[train] step=2802 loss=0.040233 lr=9.981e-06
[train] step=2803 loss=0.027832 lr=9.981e-06
[train] step=2804 loss=0.028696 lr=9.981e-06
[train] step=2805 loss=0.023452 lr=9.981e-06
[train] step=2806 loss=0.020766 lr=9.981e-06
[train] step=2807 loss=0.027043 lr=9.981e-06
[train] step=2808 loss=0.036262 lr=9.981e-06
[train] step=2809 loss=0.030532 lr=9.981e-06
[train] step=2810 loss=0.064678 lr=9.981e-06
[train] step=2811 loss=0.021410 lr=9.981e-06
[train] step=2812 loss=0.038491 lr=9.981e-06
[train] step=2813 loss=0.023416 lr=9.981e-06
[train] step=2814 loss=0.041298 lr=9.981e-06
[train] step=2815 loss=0.030824 lr=9.980e-06
[train] step=2816 loss=0.025208 lr=9.980e-06
[train] step=2817 loss=0.038014 lr=9.980e-06
[train] step=2818 loss=0.050271 lr=9.980e-06
[train] step=2819 loss=0.027993 lr=9.980e-06
[train] step=2820 loss=0.033201 lr=9.980e-06
[train] step=2821 loss=0.039387 lr=9.980e-06
[train] step=2822 loss=0.038601 lr=9.980e-06
[train] step=2823 loss=0.082660 lr=9.980e-06
[train] step=2824 loss=0.026322 lr=9.980e-06
[train] step=2825 loss=0.095022 lr=9.980e-06
[train] step=2826 loss=0.025223 lr=9.980e-06
[train] step=2827 loss=0.034078 lr=9.980e-06
[train] step=2828 loss=0.021176 lr=9.980e-06
[train] step=2829 loss=0.062855 lr=9.980e-06
[train] step=2830 loss=0.022321 lr=9.980e-06
[train] step=2831 loss=0.057295 lr=9.980e-06
[train] step=2832 loss=0.034969 lr=9.980e-06
[train] step=2833 loss=0.033051 lr=9.980e-06
[train] step=2834 loss=0.019351 lr=9.980e-06
[train] step=2835 loss=0.037757 lr=9.980e-06
[train] step=2836 loss=0.104089 lr=9.980e-06
[train] step=2837 loss=0.077184 lr=9.980e-06
[train] step=2838 loss=0.025054 lr=9.980e-06
[train] step=2839 loss=0.023663 lr=9.980e-06
[train] step=2840 loss=0.057000 lr=9.980e-06
[train] step=2841 loss=0.030358 lr=9.980e-06
[train] step=2842 loss=0.030422 lr=9.980e-06
[train] step=2843 loss=0.018314 lr=9.980e-06
[train] step=2844 loss=0.168405 lr=9.980e-06
[train] step=2845 loss=0.052012 lr=9.980e-06
[train] step=2846 loss=0.027920 lr=9.980e-06
[train] step=2847 loss=0.023081 lr=9.980e-06
[train] step=2848 loss=0.030190 lr=9.980e-06
[train] step=2849 loss=0.089829 lr=9.980e-06
[train] step=2850 loss=0.034086 lr=9.980e-06
[train] step=2851 loss=0.030482 lr=9.980e-06
[train] step=2852 loss=0.024021 lr=9.980e-06
[train] step=2853 loss=0.028147 lr=9.980e-06
[train] step=2854 loss=0.020075 lr=9.980e-06
[train] step=2855 loss=0.037931 lr=9.980e-06
[train] step=2856 loss=0.022752 lr=9.980e-06
[train] step=2857 loss=0.020493 lr=9.980e-06
[train] step=2858 loss=0.035367 lr=9.980e-06
[train] step=2859 loss=0.027867 lr=9.980e-06
[train] step=2860 loss=0.077961 lr=9.980e-06
[train] step=2861 loss=0.025180 lr=9.980e-06
[train] step=2862 loss=0.018687 lr=9.980e-06
[train] step=2863 loss=0.051123 lr=9.980e-06
[train] step=2864 loss=0.019800 lr=9.980e-06
[train] step=2865 loss=0.022850 lr=9.980e-06
[train] step=2866 loss=0.017699 lr=9.980e-06
[train] step=2867 loss=0.025611 lr=9.980e-06
[train] step=2868 loss=0.027251 lr=9.980e-06
[train] step=2869 loss=0.043002 lr=9.980e-06
[train] step=2870 loss=0.044476 lr=9.980e-06
[train] step=2871 loss=0.015827 lr=9.980e-06
[train] step=2872 loss=0.023637 lr=9.980e-06
[train] step=2873 loss=0.034790 lr=9.980e-06
[train] step=2874 loss=0.020754 lr=9.980e-06
[train] step=2875 loss=0.021072 lr=9.980e-06
[train] step=2876 loss=0.042091 lr=9.980e-06
[train] step=2877 loss=0.027508 lr=9.980e-06
[train] step=2878 loss=0.027162 lr=9.980e-06
[train] step=2879 loss=0.038157 lr=9.980e-06
[train] step=2880 loss=0.022699 lr=9.980e-06
[train] step=2881 loss=0.025053 lr=9.980e-06
[train] step=2882 loss=0.033484 lr=9.980e-06
[train] step=2883 loss=0.016491 lr=9.980e-06
[train] step=2884 loss=0.030718 lr=9.980e-06
[train] step=2885 loss=0.028490 lr=9.980e-06
[train] step=2886 loss=0.016458 lr=9.979e-06
[train] step=2887 loss=0.038313 lr=9.979e-06
[train] step=2888 loss=0.022559 lr=9.979e-06
[train] step=2889 loss=0.043667 lr=9.979e-06
[train] step=2890 loss=0.024022 lr=9.979e-06
[train] step=2891 loss=0.032544 lr=9.979e-06
[train] step=2892 loss=0.023544 lr=9.979e-06
[train] step=2893 loss=0.022616 lr=9.979e-06
[train] step=2894 loss=0.018587 lr=9.979e-06
[train] step=2895 loss=0.027014 lr=9.979e-06
[train] step=2896 loss=0.024869 lr=9.979e-06
[train] step=2897 loss=0.019021 lr=9.979e-06
[train] step=2898 loss=0.061781 lr=9.979e-06
[train] step=2899 loss=0.090643 lr=9.979e-06
[train] step=2900 loss=0.047157 lr=9.979e-06
[train] step=2901 loss=0.027083 lr=9.979e-06
[train] step=2902 loss=0.029953 lr=9.979e-06
[train] step=2903 loss=0.019339 lr=9.979e-06
[train] step=2904 loss=0.055904 lr=9.979e-06
[train] step=2905 loss=0.039862 lr=9.979e-06
[train] step=2906 loss=0.037232 lr=9.979e-06
[train] step=2907 loss=0.050271 lr=9.979e-06
[train] step=2908 loss=0.028997 lr=9.979e-06
[train] step=2909 loss=0.041058 lr=9.979e-06
[train] step=2910 loss=0.048362 lr=9.979e-06
[train] step=2911 loss=0.021615 lr=9.979e-06
[train] step=2912 loss=0.042169 lr=9.979e-06
[train] step=2913 loss=0.018062 lr=9.979e-06
[train] step=2914 loss=0.028722 lr=9.979e-06
[train] step=2915 loss=0.218487 lr=9.979e-06
[train] step=2916 loss=0.020068 lr=9.979e-06
[train] step=2917 loss=0.072412 lr=9.979e-06
[train] step=2918 loss=0.040314 lr=9.979e-06
[train] step=2919 loss=0.036069 lr=9.979e-06
[train] step=2920 loss=0.259151 lr=9.979e-06
[train] step=2921 loss=0.043348 lr=9.979e-06
[train] step=2922 loss=0.039681 lr=9.979e-06
[train] step=2923 loss=0.017677 lr=9.979e-06
[train] step=2924 loss=0.027368 lr=9.979e-06
[train] step=2925 loss=0.035244 lr=9.979e-06
[train] step=2926 loss=0.016761 lr=9.979e-06
[train] step=2927 loss=0.054587 lr=9.979e-06
[train] step=2928 loss=0.025824 lr=9.979e-06
[train] step=2929 loss=0.029143 lr=9.979e-06
[train] step=2930 loss=0.021430 lr=9.979e-06
[train] step=2931 loss=0.022196 lr=9.979e-06
[train] step=2932 loss=0.021258 lr=9.979e-06
[train] step=2933 loss=0.131680 lr=9.979e-06
[train] step=2934 loss=0.021389 lr=9.979e-06
[train] step=2935 loss=0.054037 lr=9.979e-06
[train] step=2936 loss=0.030363 lr=9.979e-06
[train] step=2937 loss=0.026265 lr=9.979e-06
[train] step=2938 loss=0.081951 lr=9.979e-06
[train] step=2939 loss=0.047802 lr=9.979e-06
[train] step=2940 loss=0.021958 lr=9.979e-06
[train] step=2941 loss=0.018850 lr=9.979e-06
[train] step=2942 loss=0.033962 lr=9.979e-06
[train] step=2943 loss=0.039223 lr=9.979e-06
[train] step=2944 loss=0.024066 lr=9.979e-06
[train] step=2945 loss=0.105274 lr=9.979e-06
[train] step=2946 loss=0.039755 lr=9.979e-06
[train] step=2947 loss=0.019307 lr=9.979e-06
[train] step=2948 loss=0.027590 lr=9.979e-06
[train] step=2949 loss=0.029040 lr=9.979e-06
[train] step=2950 loss=0.154459 lr=9.979e-06
[train] step=2951 loss=0.027794 lr=9.979e-06
[train] step=2952 loss=0.038170 lr=9.979e-06
[train] step=2953 loss=0.023723 lr=9.979e-06
[train] step=2954 loss=0.298701 lr=9.979e-06
[train] step=2955 loss=0.026351 lr=9.979e-06
[train] step=2956 loss=0.029582 lr=9.978e-06
[train] step=2957 loss=0.049212 lr=9.978e-06
[train] step=2958 loss=0.043451 lr=9.978e-06
[train] step=2959 loss=0.034334 lr=9.978e-06
[train] step=2960 loss=0.025857 lr=9.978e-06
[train] step=2961 loss=0.035194 lr=9.978e-06
[train] step=2962 loss=0.027577 lr=9.978e-06
[train] step=2963 loss=0.029287 lr=9.978e-06
[train] step=2964 loss=0.045078 lr=9.978e-06
[train] step=2965 loss=0.039815 lr=9.978e-06
[train] step=2966 loss=0.030417 lr=9.978e-06
[train] step=2967 loss=0.024562 lr=9.978e-06
[train] step=2968 loss=0.044567 lr=9.978e-06
[train] step=2969 loss=0.018181 lr=9.978e-06
[train] step=2970 loss=0.023425 lr=9.978e-06
[train] step=2971 loss=0.030282 lr=9.978e-06
[train] step=2972 loss=0.035295 lr=9.978e-06
[train] step=2973 loss=0.035266 lr=9.978e-06
[train] step=2974 loss=0.025859 lr=9.978e-06
[train] step=2975 loss=0.058838 lr=9.978e-06
[train] step=2976 loss=0.029991 lr=9.978e-06
[train] step=2977 loss=0.034807 lr=9.978e-06
[train] step=2978 loss=0.034669 lr=9.978e-06
[train] step=2979 loss=0.041912 lr=9.978e-06
[train] step=2980 loss=0.038278 lr=9.978e-06
[train] step=2981 loss=0.025108 lr=9.978e-06
[train] step=2982 loss=0.048917 lr=9.978e-06
[train] step=2983 loss=0.034491 lr=9.978e-06
[train] step=2984 loss=0.025439 lr=9.978e-06
[train] step=2985 loss=0.025096 lr=9.978e-06
[train] step=2986 loss=0.044978 lr=9.978e-06
[train] step=2987 loss=0.025183 lr=9.978e-06
[train] step=2988 loss=0.022373 lr=9.978e-06
[train] step=2989 loss=0.017546 lr=9.978e-06
[train] step=2990 loss=0.027975 lr=9.978e-06
[train] step=2991 loss=0.072852 lr=9.978e-06
[train] step=2992 loss=0.023469 lr=9.978e-06
[train] step=2993 loss=0.038459 lr=9.978e-06
[train] step=2994 loss=0.027513 lr=9.978e-06
[train] step=2995 loss=0.034887 lr=9.978e-06
[train] step=2996 loss=0.048367 lr=9.978e-06
[train] step=2997 loss=0.019017 lr=9.978e-06
[train] step=2998 loss=0.048196 lr=9.978e-06
[train] step=2999 loss=0.023713 lr=9.978e-06
[train] step=3000 loss=0.019820 lr=9.978e-06
INFO     [rank 0] Model weights for step 3000 saved in       dit_trainer.py:1085
         checkpoints/model_weights_step_03000.safetensors                       
INFO     [rank 0] Scalar embedding weights for step 3000     dit_trainer.py:1092
         saved                                                                  
INFO     [rank 0] Training state saved:                      dit_trainer.py:1123
         checkpoints/model_weights_step_03000.state.pt                          
DEBUG    [rank 0] Removed old checkpoint:                    dit_trainer.py:1136
         /local/disk/hramachandran/work/wh_work/windinet/dit                    
         _throughput_sweep_bs2/checkpoints/model_weights_ste                    
         p_02500.safetensors                                                    
DEBUG    [rank 0] Removed old checkpoint:                    dit_trainer.py:1136
         /local/disk/hramachandran/work/wh_work/windinet/dit                    
         _throughput_sweep_bs2/checkpoints/model_weights_ste                    
         p_02500.state.pt                                                       
DEBUG    [rank 0] Removed old checkpoint:                    dit_trainer.py:1136
         /local/disk/hramachandran/work/wh_work/windinet/dit                    
         _throughput_sweep_bs2/checkpoints/scalar_embedding_                    
         step_02500.safetensors                                                 
[epoch 6] step=3000 train_loss=0.042125
[train] step=3001 loss=0.022019 lr=9.978e-06
[train] step=3002 loss=0.021607 lr=9.978e-06
[train] step=3003 loss=0.035403 lr=9.978e-06
[train] step=3004 loss=0.029725 lr=9.978e-06
[train] step=3005 loss=0.023297 lr=9.978e-06
[train] step=3006 loss=0.029138 lr=9.978e-06
[train] step=3007 loss=0.024285 lr=9.978e-06
[train] step=3008 loss=0.027036 lr=9.978e-06
[train] step=3009 loss=0.041563 lr=9.978e-06
[train] step=3010 loss=0.088627 lr=9.978e-06
[train] step=3011 loss=0.027110 lr=9.978e-06
[train] step=3012 loss=0.029519 lr=9.978e-06
[train] step=3013 loss=0.022165 lr=9.978e-06
[train] step=3014 loss=0.018952 lr=9.978e-06
[train] step=3015 loss=0.019446 lr=9.978e-06
[train] step=3016 loss=0.020045 lr=9.978e-06
[train] step=3017 loss=0.030570 lr=9.978e-06
[train] step=3018 loss=0.429685 lr=9.978e-06
[train] step=3019 loss=0.024543 lr=9.978e-06
[train] step=3020 loss=0.023753 lr=9.978e-06
[train] step=3021 loss=0.029898 lr=9.978e-06
[train] step=3022 loss=0.043892 lr=9.978e-06
[train] step=3023 loss=0.034266 lr=9.978e-06
[train] step=3024 loss=0.104454 lr=9.977e-06
[train] step=3025 loss=0.049779 lr=9.977e-06
[train] step=3026 loss=0.059948 lr=9.977e-06
[train] step=3027 loss=0.018682 lr=9.977e-06
[train] step=3028 loss=0.147673 lr=9.977e-06
[train] step=3029 loss=0.068324 lr=9.977e-06
[train] step=3030 loss=0.030860 lr=9.977e-06
[train] step=3031 loss=0.035565 lr=9.977e-06
[train] step=3032 loss=0.070267 lr=9.977e-06
[train] step=3033 loss=0.033740 lr=9.977e-06
[train] step=3034 loss=0.038425 lr=9.977e-06
[train] step=3035 loss=0.017490 lr=9.977e-06
[train] step=3036 loss=0.017697 lr=9.977e-06
[train] step=3037 loss=0.026935 lr=9.977e-06
[train] step=3038 loss=0.028938 lr=9.977e-06
[train] step=3039 loss=0.032224 lr=9.977e-06
[train] step=3040 loss=0.032999 lr=9.977e-06
[train] step=3041 loss=0.027171 lr=9.977e-06
[train] step=3042 loss=0.033729 lr=9.977e-06
[train] step=3043 loss=0.044513 lr=9.977e-06
[train] step=3044 loss=0.024041 lr=9.977e-06
[train] step=3045 loss=0.036311 lr=9.977e-06
[train] step=3046 loss=0.065636 lr=9.977e-06
[train] step=3047 loss=0.029708 lr=9.977e-06
[train] step=3048 loss=0.031955 lr=9.977e-06
[train] step=3049 loss=0.044059 lr=9.977e-06
[train] step=3050 loss=0.029850 lr=9.977e-06
[train] step=3051 loss=0.064983 lr=9.977e-06
[train] step=3052 loss=0.070671 lr=9.977e-06
[train] step=3053 loss=0.034089 lr=9.977e-06
[train] step=3054 loss=0.022782 lr=9.977e-06
[train] step=3055 loss=0.030937 lr=9.977e-06
[train] step=3056 loss=0.020329 lr=9.977e-06
[train] step=3057 loss=0.038119 lr=9.977e-06
[train] step=3058 loss=0.016288 lr=9.977e-06
[train] step=3059 loss=0.025997 lr=9.977e-06
[train] step=3060 loss=0.036752 lr=9.977e-06
[train] step=3061 loss=0.061617 lr=9.977e-06
[train] step=3062 loss=0.076059 lr=9.977e-06
[train] step=3063 loss=0.022700 lr=9.977e-06
[train] step=3064 loss=0.025246 lr=9.977e-06
[train] step=3065 loss=0.021164 lr=9.977e-06
[train] step=3066 loss=0.163662 lr=9.977e-06
[train] step=3067 loss=0.013688 lr=9.977e-06
[train] step=3068 loss=0.042757 lr=9.977e-06
[train] step=3069 loss=0.022799 lr=9.977e-06
[train] step=3070 loss=0.045728 lr=9.977e-06
[train] step=3071 loss=0.038649 lr=9.977e-06
[train] step=3072 loss=0.030938 lr=9.977e-06
[train] step=3073 loss=0.027965 lr=9.977e-06
[train] step=3074 loss=0.020203 lr=9.977e-06
[train] step=3075 loss=0.025374 lr=9.977e-06
[train] step=3076 loss=0.041798 lr=9.977e-06
[train] step=3077 loss=0.037957 lr=9.977e-06
[train] step=3078 loss=0.068828 lr=9.977e-06
[train] step=3079 loss=0.027551 lr=9.977e-06
[train] step=3080 loss=0.022059 lr=9.977e-06
[train] step=3081 loss=0.036735 lr=9.977e-06
[train] step=3082 loss=0.022319 lr=9.977e-06
[train] step=3083 loss=0.022541 lr=9.977e-06
[train] step=3084 loss=0.024649 lr=9.977e-06
[train] step=3085 loss=0.039792 lr=9.977e-06
[train] step=3086 loss=0.018515 lr=9.977e-06
[train] step=3087 loss=0.031527 lr=9.977e-06
[train] step=3088 loss=0.026123 lr=9.977e-06
[train] step=3089 loss=0.050175 lr=9.977e-06
[train] step=3090 loss=0.015743 lr=9.976e-06
[train] step=3091 loss=0.027061 lr=9.976e-06
[train] step=3092 loss=0.087735 lr=9.976e-06
[train] step=3093 loss=0.110202 lr=9.976e-06
[train] step=3094 loss=0.021770 lr=9.976e-06
[train] step=3095 loss=0.035372 lr=9.976e-06
[train] step=3096 loss=0.076739 lr=9.976e-06
[train] step=3097 loss=0.026271 lr=9.976e-06
[train] step=3098 loss=0.016760 lr=9.976e-06
[train] step=3099 loss=0.036944 lr=9.976e-06
[train] step=3100 loss=0.021255 lr=9.976e-06
[train] step=3101 loss=0.032787 lr=9.976e-06
[train] step=3102 loss=0.033996 lr=9.976e-06
[train] step=3103 loss=0.027261 lr=9.976e-06
[train] step=3104 loss=0.041047 lr=9.976e-06
[train] step=3105 loss=0.018467 lr=9.976e-06
[train] step=3106 loss=0.070704 lr=9.976e-06
[train] step=3107 loss=0.038336 lr=9.976e-06
[train] step=3108 loss=0.025241 lr=9.976e-06
[train] step=3109 loss=0.036034 lr=9.976e-06
[train] step=3110 loss=0.027661 lr=9.976e-06
[train] step=3111 loss=0.034776 lr=9.976e-06
[train] step=3112 loss=0.013658 lr=9.976e-06
[train] step=3113 loss=0.043827 lr=9.976e-06
[train] step=3114 loss=0.026403 lr=9.976e-06
[train] step=3115 loss=0.034896 lr=9.976e-06
[train] step=3116 loss=0.023182 lr=9.976e-06
[train] step=3117 loss=0.023809 lr=9.976e-06
[train] step=3118 loss=0.023398 lr=9.976e-06
[train] step=3119 loss=0.029339 lr=9.976e-06
[train] step=3120 loss=0.025345 lr=9.976e-06
[train] step=3121 loss=0.025603 lr=9.976e-06
[train] step=3122 loss=0.044802 lr=9.976e-06
[train] step=3123 loss=0.031220 lr=9.976e-06
[train] step=3124 loss=0.013701 lr=9.976e-06
[train] step=3125 loss=0.034873 lr=9.976e-06
[train] step=3126 loss=0.064322 lr=9.976e-06
[train] step=3127 loss=0.028087 lr=9.976e-06
[train] step=3128 loss=0.031104 lr=9.976e-06
[train] step=3129 loss=0.029124 lr=9.976e-06
[train] step=3130 loss=0.027586 lr=9.976e-06
[train] step=3131 loss=0.024206 lr=9.976e-06
[train] step=3132 loss=0.032198 lr=9.976e-06
[train] step=3133 loss=0.028878 lr=9.976e-06
[train] step=3134 loss=0.024276 lr=9.976e-06
[train] step=3135 loss=0.021192 lr=9.976e-06
[train] step=3136 loss=0.022429 lr=9.976e-06
[train] step=3137 loss=0.027542 lr=9.976e-06
[train] step=3138 loss=0.015832 lr=9.976e-06
[train] step=3139 loss=0.020316 lr=9.976e-06
[train] step=3140 loss=0.025297 lr=9.976e-06
[train] step=3141 loss=0.024816 lr=9.976e-06
[train] step=3142 loss=0.019252 lr=9.976e-06
[train] step=3143 loss=0.033798 lr=9.976e-06
[train] step=3144 loss=0.023768 lr=9.976e-06
[train] step=3145 loss=0.024768 lr=9.976e-06
[train] step=3146 loss=0.024955 lr=9.976e-06
[train] step=3147 loss=0.017113 lr=9.976e-06
[train] step=3148 loss=0.023996 lr=9.976e-06
[train] step=3149 loss=0.092962 lr=9.976e-06
[train] step=3150 loss=0.026244 lr=9.976e-06
[train] step=3151 loss=0.029610 lr=9.976e-06
[train] step=3152 loss=0.028406 lr=9.976e-06
[train] step=3153 loss=0.025479 lr=9.976e-06
[train] step=3154 loss=0.166014 lr=9.976e-06
[train] step=3155 loss=0.251482 lr=9.975e-06
[train] step=3156 loss=0.024643 lr=9.975e-06
[train] step=3157 loss=0.015028 lr=9.975e-06
[train] step=3158 loss=0.027337 lr=9.975e-06
[train] step=3159 loss=0.030255 lr=9.975e-06
[train] step=3160 loss=0.018345 lr=9.975e-06
[train] step=3161 loss=0.015983 lr=9.975e-06
[train] step=3162 loss=0.020066 lr=9.975e-06
[train] step=3163 loss=0.070388 lr=9.975e-06
[train] step=3164 loss=0.017602 lr=9.975e-06
[train] step=3165 loss=0.048018 lr=9.975e-06
[train] step=3166 loss=0.016453 lr=9.975e-06
[train] step=3167 loss=0.061029 lr=9.975e-06
[train] step=3168 loss=0.028379 lr=9.975e-06
[train] step=3169 loss=0.028504 lr=9.975e-06
[train] step=3170 loss=0.020265 lr=9.975e-06
[train] step=3171 loss=0.024080 lr=9.975e-06
[train] step=3172 loss=0.043053 lr=9.975e-06
[train] step=3173 loss=0.026198 lr=9.975e-06
[train] step=3174 loss=0.035198 lr=9.975e-06
[train] step=3175 loss=0.021864 lr=9.975e-06
[train] step=3176 loss=0.018552 lr=9.975e-06
[train] step=3177 loss=0.043662 lr=9.975e-06
[train] step=3178 loss=0.014170 lr=9.975e-06
[train] step=3179 loss=0.031147 lr=9.975e-06
[train] step=3180 loss=0.033790 lr=9.975e-06
[train] step=3181 loss=0.023020 lr=9.975e-06
[train] step=3182 loss=0.039000 lr=9.975e-06
[train] step=3183 loss=0.048460 lr=9.975e-06
[train] step=3184 loss=0.166594 lr=9.975e-06
[train] step=3185 loss=0.021226 lr=9.975e-06
[train] step=3186 loss=0.024603 lr=9.975e-06
[train] step=3187 loss=0.024715 lr=9.975e-06
[train] step=3188 loss=0.020996 lr=9.975e-06
[train] step=3189 loss=0.022685 lr=9.975e-06
[train] step=3190 loss=0.018174 lr=9.975e-06
[train] step=3191 loss=0.026386 lr=9.975e-06
[train] step=3192 loss=0.022970 lr=9.975e-06
[train] step=3193 loss=0.025901 lr=9.975e-06
[train] step=3194 loss=0.023264 lr=9.975e-06
[train] step=3195 loss=0.017864 lr=9.975e-06
[train] step=3196 loss=0.022489 lr=9.975e-06
[train] step=3197 loss=0.022002 lr=9.975e-06
[train] step=3198 loss=0.023189 lr=9.975e-06
[train] step=3199 loss=0.022652 lr=9.975e-06
[train] step=3200 loss=0.024401 lr=9.975e-06
[train] step=3201 loss=0.013048 lr=9.975e-06
[train] step=3202 loss=0.024731 lr=9.975e-06
[train] step=3203 loss=0.041583 lr=9.975e-06
[train] step=3204 loss=0.020227 lr=9.975e-06
[train] step=3205 loss=0.024139 lr=9.975e-06
[train] step=3206 loss=0.225063 lr=9.975e-06
[train] step=3207 loss=0.018228 lr=9.975e-06
[train] step=3208 loss=0.019249 lr=9.975e-06
[train] step=3209 loss=0.021031 lr=9.975e-06
[train] step=3210 loss=0.015259 lr=9.975e-06
[train] step=3211 loss=0.049209 lr=9.975e-06
[train] step=3212 loss=0.020816 lr=9.975e-06
[train] step=3213 loss=0.029776 lr=9.975e-06
[train] step=3214 loss=0.022953 lr=9.975e-06
[train] step=3215 loss=0.018101 lr=9.975e-06
[train] step=3216 loss=0.038346 lr=9.975e-06
[train] step=3217 loss=0.026998 lr=9.975e-06
[train] step=3218 loss=0.019374 lr=9.975e-06
[train] step=3219 loss=0.023942 lr=9.974e-06
[train] step=3220 loss=0.023673 lr=9.974e-06
[train] step=3221 loss=0.051014 lr=9.974e-06
[train] step=3222 loss=0.024748 lr=9.974e-06
[train] step=3223 loss=0.174343 lr=9.974e-06
[train] step=3224 loss=0.014427 lr=9.974e-06
[train] step=3225 loss=0.017161 lr=9.974e-06
[train] step=3226 loss=0.050255 lr=9.974e-06
[train] step=3227 loss=0.026607 lr=9.974e-06
[train] step=3228 loss=0.034422 lr=9.974e-06
[train] step=3229 loss=0.020424 lr=9.974e-06
[train] step=3230 loss=0.026943 lr=9.974e-06
[train] step=3231 loss=0.018584 lr=9.974e-06
[train] step=3232 loss=0.015868 lr=9.974e-06
[train] step=3233 loss=0.048622 lr=9.974e-06
[train] step=3234 loss=0.019265 lr=9.974e-06
[train] step=3235 loss=0.052494 lr=9.974e-06
[train] step=3236 loss=0.038081 lr=9.974e-06
[train] step=3237 loss=0.029321 lr=9.974e-06
[train] step=3238 loss=0.050187 lr=9.974e-06
[train] step=3239 loss=0.015538 lr=9.974e-06
[train] step=3240 loss=0.035258 lr=9.974e-06
[train] step=3241 loss=0.024282 lr=9.974e-06
[train] step=3242 loss=0.023358 lr=9.974e-06
[train] step=3243 loss=0.030455 lr=9.974e-06
[train] step=3244 loss=0.020375 lr=9.974e-06
[train] step=3245 loss=0.033025 lr=9.974e-06
[train] step=3246 loss=0.018216 lr=9.974e-06
[train] step=3247 loss=0.019644 lr=9.974e-06
[train] step=3248 loss=0.033821 lr=9.974e-06
[train] step=3249 loss=0.022499 lr=9.974e-06
[train] step=3250 loss=0.018484 lr=9.974e-06
[train] step=3251 loss=0.036518 lr=9.974e-06
[train] step=3252 loss=0.023202 lr=9.974e-06
[train] step=3253 loss=0.017359 lr=9.974e-06
[train] step=3254 loss=0.037972 lr=9.974e-06
[train] step=3255 loss=0.024048 lr=9.974e-06
[train] step=3256 loss=0.026402 lr=9.974e-06
[train] step=3257 loss=0.056313 lr=9.974e-06
[train] step=3258 loss=0.017419 lr=9.974e-06
[train] step=3259 loss=0.015634 lr=9.974e-06
[train] step=3260 loss=0.024695 lr=9.974e-06
[train] step=3261 loss=0.031529 lr=9.974e-06
[train] step=3262 loss=0.020869 lr=9.974e-06
[train] step=3263 loss=0.021404 lr=9.974e-06
[train] step=3264 loss=0.018393 lr=9.974e-06
[train] step=3265 loss=0.120608 lr=9.974e-06
[train] step=3266 loss=0.023175 lr=9.974e-06
[train] step=3267 loss=0.018765 lr=9.974e-06
[train] step=3268 loss=0.014221 lr=9.974e-06
[train] step=3269 loss=0.056066 lr=9.974e-06
[train] step=3270 loss=0.024276 lr=9.974e-06
[train] step=3271 loss=0.022260 lr=9.974e-06
[train] step=3272 loss=0.027552 lr=9.974e-06
[train] step=3273 loss=0.077700 lr=9.974e-06
[train] step=3274 loss=0.028465 lr=9.974e-06
[train] step=3275 loss=0.022053 lr=9.974e-06
[train] step=3276 loss=0.032107 lr=9.974e-06
[train] step=3277 loss=0.043318 lr=9.974e-06
[train] step=3278 loss=0.018984 lr=9.974e-06
[train] step=3279 loss=0.017627 lr=9.974e-06
[train] step=3280 loss=0.021352 lr=9.974e-06
[train] step=3281 loss=0.029389 lr=9.974e-06
[train] step=3282 loss=0.028074 lr=9.973e-06
[train] step=3283 loss=0.023331 lr=9.973e-06
[train] step=3284 loss=0.024106 lr=9.973e-06
[train] step=3285 loss=0.136080 lr=9.973e-06
[train] step=3286 loss=0.025872 lr=9.973e-06
[train] step=3287 loss=0.028324 lr=9.973e-06
[train] step=3288 loss=0.016371 lr=9.973e-06
[train] step=3289 loss=0.085282 lr=9.973e-06
[train] step=3290 loss=0.022299 lr=9.973e-06
[train] step=3291 loss=0.028730 lr=9.973e-06
[train] step=3292 loss=0.074166 lr=9.973e-06
[train] step=3293 loss=0.057066 lr=9.973e-06
[train] step=3294 loss=0.017037 lr=9.973e-06
[train] step=3295 loss=0.027380 lr=9.973e-06
[train] step=3296 loss=0.047095 lr=9.973e-06
[train] step=3297 loss=0.033933 lr=9.973e-06
[train] step=3298 loss=0.033001 lr=9.973e-06
[train] step=3299 loss=0.020239 lr=9.973e-06
[train] step=3300 loss=0.020078 lr=9.973e-06
[train] step=3301 loss=0.025272 lr=9.973e-06
[train] step=3302 loss=0.019742 lr=9.973e-06
[train] step=3303 loss=0.144232 lr=9.973e-06
[train] step=3304 loss=0.023095 lr=9.973e-06
[train] step=3305 loss=0.023774 lr=9.973e-06
[train] step=3306 loss=0.024319 lr=9.973e-06
[train] step=3307 loss=0.019790 lr=9.973e-06
[train] step=3308 loss=0.034209 lr=9.973e-06
[train] step=3309 loss=0.030066 lr=9.973e-06
[train] step=3310 loss=0.053742 lr=9.973e-06
[train] step=3311 loss=0.015600 lr=9.973e-06
[train] step=3312 loss=0.017616 lr=9.973e-06
[train] step=3313 loss=0.063035 lr=9.973e-06
[train] step=3314 loss=0.017959 lr=9.973e-06
[train] step=3315 loss=0.044624 lr=9.973e-06
[train] step=3316 loss=0.029111 lr=9.973e-06
[train] step=3317 loss=0.023489 lr=9.973e-06
[train] step=3318 loss=0.013007 lr=9.973e-06
[train] step=3319 loss=0.041875 lr=9.973e-06
[train] step=3320 loss=0.022008 lr=9.973e-06
[train] step=3321 loss=0.025660 lr=9.973e-06
[train] step=3322 loss=0.013606 lr=9.973e-06
[train] step=3323 loss=0.026629 lr=9.973e-06
[train] step=3324 loss=0.024101 lr=9.973e-06
[train] step=3325 loss=0.016078 lr=9.973e-06
[train] step=3326 loss=0.013270 lr=9.973e-06
[train] step=3327 loss=0.129958 lr=9.973e-06
[train] step=3328 loss=0.131930 lr=9.973e-06
[train] step=3329 loss=0.016958 lr=9.973e-06
[train] step=3330 loss=0.015615 lr=9.973e-06
[train] step=3331 loss=0.020952 lr=9.973e-06
[train] step=3332 loss=0.019940 lr=9.973e-06
[train] step=3333 loss=0.028294 lr=9.973e-06
[train] step=3334 loss=0.042067 lr=9.973e-06
[train] step=3335 loss=0.016259 lr=9.973e-06
[train] step=3336 loss=0.016177 lr=9.973e-06
[train] step=3337 loss=0.013989 lr=9.973e-06
[train] step=3338 loss=0.040550 lr=9.973e-06
[train] step=3339 loss=0.036567 lr=9.973e-06
[train] step=3340 loss=0.028511 lr=9.973e-06
[train] step=3341 loss=0.022777 lr=9.973e-06
[train] step=3342 loss=0.084688 lr=9.973e-06
[train] step=3343 loss=0.022662 lr=9.972e-06
[train] step=3344 loss=0.014306 lr=9.972e-06
[train] step=3345 loss=0.024156 lr=9.972e-06
[train] step=3346 loss=0.028529 lr=9.972e-06
[train] step=3347 loss=0.019896 lr=9.972e-06
[train] step=3348 loss=0.025184 lr=9.972e-06
[train] step=3349 loss=0.020774 lr=9.972e-06
[train] step=3350 loss=0.016302 lr=9.972e-06
[train] step=3351 loss=0.018634 lr=9.972e-06
[train] step=3352 loss=0.029726 lr=9.972e-06
[train] step=3353 loss=0.018480 lr=9.972e-06
[train] step=3354 loss=0.034142 lr=9.972e-06
[train] step=3355 loss=0.029422 lr=9.972e-06
[train] step=3356 loss=0.018054 lr=9.972e-06
[train] step=3357 loss=0.014158 lr=9.972e-06
[train] step=3358 loss=0.033676 lr=9.972e-06
[train] step=3359 loss=0.023062 lr=9.972e-06
[train] step=3360 loss=0.022147 lr=9.972e-06
[train] step=3361 loss=0.044475 lr=9.972e-06
[train] step=3362 loss=0.050727 lr=9.972e-06
[train] step=3363 loss=0.016517 lr=9.972e-06
[train] step=3364 loss=0.029414 lr=9.972e-06
[train] step=3365 loss=0.022306 lr=9.972e-06
[train] step=3366 loss=0.026732 lr=9.972e-06
[train] step=3367 loss=0.023039 lr=9.972e-06
[train] step=3368 loss=0.027077 lr=9.972e-06
[train] step=3369 loss=0.020429 lr=9.972e-06
[train] step=3370 loss=0.045987 lr=9.972e-06
[train] step=3371 loss=0.019209 lr=9.972e-06
[train] step=3372 loss=0.024651 lr=9.972e-06
[train] step=3373 loss=0.033474 lr=9.972e-06
[train] step=3374 loss=0.037240 lr=9.972e-06
[train] step=3375 loss=0.031004 lr=9.972e-06
[train] step=3376 loss=0.025178 lr=9.972e-06
[train] step=3377 loss=0.020828 lr=9.972e-06
[train] step=3378 loss=0.022976 lr=9.972e-06
[train] step=3379 loss=0.021820 lr=9.972e-06
[train] step=3380 loss=0.018693 lr=9.972e-06
[train] step=3381 loss=0.017551 lr=9.972e-06
[train] step=3382 loss=0.029456 lr=9.972e-06
[train] step=3383 loss=0.113013 lr=9.972e-06
[train] step=3384 loss=0.018966 lr=9.972e-06
[train] step=3385 loss=0.028367 lr=9.972e-06
[train] step=3386 loss=0.026272 lr=9.972e-06
[train] step=3387 loss=0.023982 lr=9.972e-06
[train] step=3388 loss=0.018475 lr=9.972e-06
[train] step=3389 loss=0.058917 lr=9.972e-06
[train] step=3390 loss=0.017070 lr=9.972e-06
[train] step=3391 loss=0.043738 lr=9.972e-06
[train] step=3392 loss=0.015366 lr=9.972e-06
[train] step=3393 loss=0.033781 lr=9.972e-06
[train] step=3394 loss=0.022309 lr=9.972e-06
[train] step=3395 loss=0.025844 lr=9.972e-06
[train] step=3396 loss=0.014813 lr=9.972e-06
[train] step=3397 loss=0.013121 lr=9.972e-06
[train] step=3398 loss=0.018692 lr=9.972e-06
[train] step=3399 loss=0.021543 lr=9.972e-06
[train] step=3400 loss=0.020162 lr=9.972e-06
[train] step=3401 loss=0.022038 lr=9.972e-06
[train] step=3402 loss=0.037712 lr=9.972e-06
[train] step=3403 loss=0.014854 lr=9.971e-06
[train] step=3404 loss=0.030529 lr=9.971e-06
[train] step=3405 loss=0.019624 lr=9.971e-06
[train] step=3406 loss=0.015877 lr=9.971e-06
[train] step=3407 loss=0.020561 lr=9.971e-06
[train] step=3408 loss=0.058054 lr=9.971e-06
[train] step=3409 loss=0.024038 lr=9.971e-06
[train] step=3410 loss=0.027257 lr=9.971e-06
[train] step=3411 loss=0.058631 lr=9.971e-06
[train] step=3412 loss=0.019255 lr=9.971e-06
[train] step=3413 loss=0.052940 lr=9.971e-06
[train] step=3414 loss=0.017777 lr=9.971e-06
[train] step=3415 loss=0.029797 lr=9.971e-06
[train] step=3416 loss=0.054568 lr=9.971e-06
[train] step=3417 loss=0.019861 lr=9.971e-06
[train] step=3418 loss=0.014234 lr=9.971e-06
[train] step=3419 loss=0.015493 lr=9.971e-06
[train] step=3420 loss=0.018270 lr=9.971e-06
[train] step=3421 loss=0.024300 lr=9.971e-06
[train] step=3422 loss=0.019578 lr=9.971e-06
[train] step=3423 loss=0.048674 lr=9.971e-06
[train] step=3424 loss=0.113073 lr=9.971e-06
[train] step=3425 loss=0.022879 lr=9.971e-06
[train] step=3426 loss=0.020231 lr=9.971e-06
[train] step=3427 loss=0.035952 lr=9.971e-06
[train] step=3428 loss=0.024755 lr=9.971e-06
[train] step=3429 loss=0.012154 lr=9.971e-06
[train] step=3430 loss=0.020399 lr=9.971e-06
[train] step=3431 loss=0.018393 lr=9.971e-06
[train] step=3432 loss=0.024648 lr=9.971e-06
[train] step=3433 loss=0.014445 lr=9.971e-06
[train] step=3434 loss=0.021242 lr=9.971e-06
[train] step=3435 loss=0.020972 lr=9.971e-06
[train] step=3436 loss=0.119043 lr=9.971e-06
[train] step=3437 loss=0.032022 lr=9.971e-06
[train] step=3438 loss=0.020022 lr=9.971e-06
[train] step=3439 loss=0.048367 lr=9.971e-06
[train] step=3440 loss=0.102246 lr=9.971e-06
[train] step=3441 loss=0.056178 lr=9.971e-06
[train] step=3442 loss=0.019269 lr=9.971e-06
[train] step=3443 loss=0.034241 lr=9.971e-06
[train] step=3444 loss=0.034212 lr=9.971e-06
[train] step=3445 loss=0.019148 lr=9.971e-06
[train] step=3446 loss=0.031981 lr=9.971e-06
[train] step=3447 loss=0.020081 lr=9.971e-06
[train] step=3448 loss=0.018302 lr=9.971e-06
[train] step=3449 loss=0.028903 lr=9.971e-06
[train] step=3450 loss=0.036355 lr=9.971e-06
[train] step=3451 loss=0.026563 lr=9.971e-06
[train] step=3452 loss=0.029906 lr=9.971e-06
[train] step=3453 loss=0.015558 lr=9.971e-06
[train] step=3454 loss=0.022295 lr=9.971e-06
[train] step=3455 loss=0.023939 lr=9.971e-06
[train] step=3456 loss=0.035895 lr=9.971e-06
[train] step=3457 loss=0.050221 lr=9.971e-06
[train] step=3458 loss=0.029035 lr=9.971e-06
[train] step=3459 loss=0.018513 lr=9.971e-06
[train] step=3460 loss=0.065624 lr=9.971e-06
[train] step=3461 loss=0.016989 lr=9.971e-06
[train] step=3462 loss=0.042407 lr=9.971e-06
[train] step=3463 loss=0.015775 lr=9.970e-06
[train] step=3464 loss=0.051086 lr=9.970e-06
[train] step=3465 loss=0.020824 lr=9.970e-06
[train] step=3466 loss=0.019408 lr=9.970e-06
[train] step=3467 loss=0.019451 lr=9.970e-06
[train] step=3468 loss=0.016217 lr=9.970e-06
[train] step=3469 loss=0.015095 lr=9.970e-06
[train] step=3470 loss=0.020032 lr=9.970e-06
[train] step=3471 loss=0.048365 lr=9.970e-06
[train] step=3472 loss=0.019936 lr=9.970e-06
[train] step=3473 loss=0.160124 lr=9.970e-06
[train] step=3474 loss=0.013476 lr=9.970e-06
[train] step=3475 loss=0.034819 lr=9.970e-06
[train] step=3476 loss=0.015288 lr=9.970e-06
[train] step=3477 loss=0.023588 lr=9.970e-06
[train] step=3478 loss=0.030445 lr=9.970e-06
[train] step=3479 loss=0.023864 lr=9.970e-06
[train] step=3480 loss=0.037144 lr=9.970e-06
[train] step=3481 loss=0.025442 lr=9.970e-06
[train] step=3482 loss=0.111219 lr=9.970e-06
[train] step=3483 loss=0.012693 lr=9.970e-06
[train] step=3484 loss=0.074862 lr=9.970e-06
[train] step=3485 loss=0.025869 lr=9.970e-06
[train] step=3486 loss=0.016866 lr=9.970e-06
[train] step=3487 loss=0.039643 lr=9.970e-06
[train] step=3488 loss=0.022102 lr=9.970e-06
[train] step=3489 loss=0.020042 lr=9.970e-06
[train] step=3490 loss=0.020206 lr=9.970e-06
[train] step=3491 loss=0.024482 lr=9.970e-06
[train] step=3492 loss=0.024826 lr=9.970e-06
[train] step=3493 loss=0.023257 lr=9.970e-06
[train] step=3494 loss=0.032962 lr=9.970e-06
[train] step=3495 loss=0.016800 lr=9.970e-06
[train] step=3496 loss=0.031965 lr=9.970e-06
[train] step=3497 loss=0.021491 lr=9.970e-06
[train] step=3498 loss=0.026059 lr=9.970e-06
[train] step=3499 loss=0.017172 lr=9.970e-06
[train] step=3500 loss=0.029972 lr=9.970e-06
INFO     [rank 0] Model weights for step 3500 saved in       dit_trainer.py:1085
         checkpoints/model_weights_step_03500.safetensors                       
INFO     [rank 0] Scalar embedding weights for step 3500     dit_trainer.py:1092
         saved                                                                  
INFO     [rank 0] Training state saved:                      dit_trainer.py:1123
         checkpoints/model_weights_step_03500.state.pt                          
DEBUG    [rank 0] Removed old checkpoint:                    dit_trainer.py:1136
         /local/disk/hramachandran/work/wh_work/windinet/dit                    
         _throughput_sweep_bs2/checkpoints/model_weights_ste                    
         p_03000.safetensors                                                    
DEBUG    [rank 0] Removed old checkpoint:                    dit_trainer.py:1136
         /local/disk/hramachandran/work/wh_work/windinet/dit                    
         _throughput_sweep_bs2/checkpoints/model_weights_ste                    
         p_03000.state.pt                                                       
DEBUG    [rank 0] Removed old checkpoint:                    dit_trainer.py:1136
         /local/disk/hramachandran/work/wh_work/windinet/dit                    
         _throughput_sweep_bs2/checkpoints/scalar_embedding_                    
         step_03000.safetensors                                                 
[epoch 7] step=3500 train_loss=0.034532
[train] step=3501 loss=0.016498 lr=9.970e-06
[train] step=3502 loss=0.037927 lr=9.970e-06
[train] step=3503 loss=0.032877 lr=9.970e-06
[train] step=3504 loss=0.028248 lr=9.970e-06
[train] step=3505 loss=0.024807 lr=9.970e-06
[train] step=3506 loss=0.020616 lr=9.970e-06
[train] step=3507 loss=0.057140 lr=9.970e-06
[train] step=3508 loss=0.047561 lr=9.970e-06
[train] step=3509 loss=0.038693 lr=9.970e-06
[train] step=3510 loss=0.022890 lr=9.970e-06
[train] step=3511 loss=0.058010 lr=9.970e-06
[train] step=3512 loss=0.026038 lr=9.970e-06
[train] step=3513 loss=0.102651 lr=9.970e-06
[train] step=3514 loss=0.060725 lr=9.970e-06
[train] step=3515 loss=0.033934 lr=9.970e-06
[train] step=3516 loss=0.020372 lr=9.970e-06
[train] step=3517 loss=0.019966 lr=9.970e-06
[train] step=3518 loss=0.113185 lr=9.970e-06
[train] step=3519 loss=0.016287 lr=9.970e-06
[train] step=3520 loss=0.017654 lr=9.970e-06
[train] step=3521 loss=0.059062 lr=9.969e-06
[train] step=3522 loss=0.029726 lr=9.969e-06
[train] step=3523 loss=0.015040 lr=9.969e-06
[train] step=3524 loss=0.022820 lr=9.969e-06
[train] step=3525 loss=0.017776 lr=9.969e-06
[train] step=3526 loss=0.029312 lr=9.969e-06
[train] step=3527 loss=0.023975 lr=9.969e-06
[train] step=3528 loss=0.019708 lr=9.969e-06
[train] step=3529 loss=0.016977 lr=9.969e-06
[train] step=3530 loss=0.108156 lr=9.969e-06
[train] step=3531 loss=0.018368 lr=9.969e-06
[train] step=3532 loss=0.021389 lr=9.969e-06
[train] step=3533 loss=0.020601 lr=9.969e-06
[train] step=3534 loss=0.017309 lr=9.969e-06
[train] step=3535 loss=0.021415 lr=9.969e-06
[train] step=3536 loss=0.024152 lr=9.969e-06
[train] step=3537 loss=0.018978 lr=9.969e-06
[train] step=3538 loss=0.025130 lr=9.969e-06
[train] step=3539 loss=0.025541 lr=9.969e-06
[train] step=3540 loss=0.028865 lr=9.969e-06
[train] step=3541 loss=0.027858 lr=9.969e-06
[train] step=3542 loss=0.021624 lr=9.969e-06
[train] step=3543 loss=0.062492 lr=9.969e-06
[train] step=3544 loss=0.014728 lr=9.969e-06
[train] step=3545 loss=0.014406 lr=9.969e-06
[train] step=3546 loss=0.049420 lr=9.969e-06
[train] step=3547 loss=0.015903 lr=9.969e-06
[train] step=3548 loss=0.017128 lr=9.969e-06
[train] step=3549 loss=0.018637 lr=9.969e-06
[train] step=3550 loss=0.019896 lr=9.969e-06
[train] step=3551 loss=0.048582 lr=9.969e-06
[train] step=3552 loss=0.023902 lr=9.969e-06
[train] step=3553 loss=0.038832 lr=9.969e-06
[train] step=3554 loss=0.018081 lr=9.969e-06
[train] step=3555 loss=0.025656 lr=9.969e-06
[train] step=3556 loss=0.020955 lr=9.969e-06
[train] step=3557 loss=0.014186 lr=9.969e-06
[train] step=3558 loss=0.019244 lr=9.969e-06
[train] step=3559 loss=0.017849 lr=9.969e-06
[train] step=3560 loss=0.080112 lr=9.969e-06
[train] step=3561 loss=0.014106 lr=9.969e-06
[train] step=3562 loss=0.025625 lr=9.969e-06
[train] step=3563 loss=0.026413 lr=9.969e-06
[train] step=3564 loss=0.038430 lr=9.969e-06
[train] step=3565 loss=0.030708 lr=9.969e-06
[train] step=3566 loss=0.045004 lr=9.969e-06
[train] step=3567 loss=0.105759 lr=9.969e-06
[train] step=3568 loss=0.017066 lr=9.969e-06
[train] step=3569 loss=0.056958 lr=9.969e-06
[train] step=3570 loss=0.118007 lr=9.969e-06
[train] step=3571 loss=0.046889 lr=9.969e-06
[train] step=3572 loss=0.104365 lr=9.969e-06
[train] step=3573 loss=0.027097 lr=9.969e-06
[train] step=3574 loss=0.014653 lr=9.969e-06
[train] step=3575 loss=0.019097 lr=9.969e-06
[train] step=3576 loss=0.012317 lr=9.969e-06
[train] step=3577 loss=0.077807 lr=9.969e-06
[train] step=3578 loss=0.018594 lr=9.968e-06
[train] step=3579 loss=0.018010 lr=9.968e-06
[train] step=3580 loss=0.019249 lr=9.968e-06
[train] step=3581 loss=0.023333 lr=9.968e-06
[train] step=3582 loss=0.029621 lr=9.968e-06
[train] step=3583 loss=0.029844 lr=9.968e-06
[train] step=3584 loss=0.013211 lr=9.968e-06
[train] step=3585 loss=0.027279 lr=9.968e-06
[train] step=3586 loss=0.027230 lr=9.968e-06
[train] step=3587 loss=0.030033 lr=9.968e-06
[train] step=3588 loss=0.012756 lr=9.968e-06
[train] step=3589 loss=0.027691 lr=9.968e-06
[train] step=3590 loss=0.017915 lr=9.968e-06
[train] step=3591 loss=0.030417 lr=9.968e-06
[train] step=3592 loss=0.038172 lr=9.968e-06
[train] step=3593 loss=0.017809 lr=9.968e-06
[train] step=3594 loss=0.016119 lr=9.968e-06
[train] step=3595 loss=0.041041 lr=9.968e-06
[train] step=3596 loss=0.021776 lr=9.968e-06
[train] step=3597 loss=0.080104 lr=9.968e-06
[train] step=3598 loss=0.014836 lr=9.968e-06
[train] step=3599 loss=0.032611 lr=9.968e-06
[train] step=3600 loss=0.019767 lr=9.968e-06
[train] step=3601 loss=0.021183 lr=9.968e-06
[train] step=3602 loss=0.019486 lr=9.968e-06
[train] step=3603 loss=0.014043 lr=9.968e-06
[train] step=3604 loss=0.031483 lr=9.968e-06
[train] step=3605 loss=0.020912 lr=9.968e-06
[train] step=3606 loss=0.026382 lr=9.968e-06
[train] step=3607 loss=0.020073 lr=9.968e-06
[train] step=3608 loss=0.023633 lr=9.968e-06
[train] step=3609 loss=0.024957 lr=9.968e-06
[train] step=3610 loss=0.028910 lr=9.968e-06
[train] step=3611 loss=0.018639 lr=9.968e-06
[train] step=3612 loss=0.012680 lr=9.968e-06
[train] step=3613 loss=0.014332 lr=9.968e-06
[train] step=3614 loss=0.017538 lr=9.968e-06
[train] step=3615 loss=0.022574 lr=9.968e-06
[train] step=3616 loss=0.020539 lr=9.968e-06
[train] step=3617 loss=0.016981 lr=9.968e-06
[train] step=3618 loss=0.020405 lr=9.968e-06
[train] step=3619 loss=0.015442 lr=9.968e-06
[train] step=3620 loss=0.015177 lr=9.968e-06
[train] step=3621 loss=0.017283 lr=9.968e-06
[train] step=3622 loss=0.013323 lr=9.968e-06
[train] step=3623 loss=0.020983 lr=9.968e-06
[train] step=3624 loss=0.017194 lr=9.968e-06
[train] step=3625 loss=0.020614 lr=9.968e-06
[train] step=3626 loss=0.012969 lr=9.968e-06
[train] step=3627 loss=0.033671 lr=9.968e-06
[train] step=3628 loss=0.053616 lr=9.968e-06
[train] step=3629 loss=0.014299 lr=9.968e-06
[train] step=3630 loss=0.016323 lr=9.968e-06
[train] step=3631 loss=0.013733 lr=9.968e-06
[train] step=3632 loss=0.022769 lr=9.968e-06
[train] step=3633 loss=0.009618 lr=9.968e-06
[train] step=3634 loss=0.049117 lr=9.968e-06
[train] step=3635 loss=0.025026 lr=9.967e-06
[train] step=3636 loss=0.019094 lr=9.967e-06
[train] step=3637 loss=0.022795 lr=9.967e-06
[train] step=3638 loss=0.015225 lr=9.967e-06
[train] step=3639 loss=0.019433 lr=9.967e-06
[train] step=3640 loss=0.021487 lr=9.967e-06
[train] step=3641 loss=0.014327 lr=9.967e-06
[train] step=3642 loss=0.036930 lr=9.967e-06
[train] step=3643 loss=0.017035 lr=9.967e-06
[train] step=3644 loss=0.047720 lr=9.967e-06
[train] step=3645 loss=0.019446 lr=9.967e-06
[train] step=3646 loss=0.011939 lr=9.967e-06
[train] step=3647 loss=0.018267 lr=9.967e-06
[train] step=3648 loss=0.020319 lr=9.967e-06
[train] step=3649 loss=0.028208 lr=9.967e-06
[train] step=3650 loss=0.021165 lr=9.967e-06
[train] step=3651 loss=0.014919 lr=9.967e-06
[train] step=3652 loss=0.014542 lr=9.967e-06
[train] step=3653 loss=0.018185 lr=9.967e-06
[train] step=3654 loss=0.013675 lr=9.967e-06
[train] step=3655 loss=0.031709 lr=9.967e-06
[train] step=3656 loss=0.068305 lr=9.967e-06
[train] step=3657 loss=0.023187 lr=9.967e-06
[train] step=3658 loss=0.020897 lr=9.967e-06
[train] step=3659 loss=0.014453 lr=9.967e-06
[train] step=3660 loss=0.021731 lr=9.967e-06
[train] step=3661 loss=0.037098 lr=9.967e-06
[train] step=3662 loss=0.016607 lr=9.967e-06
[train] step=3663 loss=0.011681 lr=9.967e-06
[train] step=3664 loss=0.023951 lr=9.967e-06
[train] step=3665 loss=0.011001 lr=9.967e-06
[train] step=3666 loss=0.067915 lr=9.967e-06
[train] step=3667 loss=0.019923 lr=9.967e-06
[train] step=3668 loss=0.020029 lr=9.967e-06
[train] step=3669 loss=0.019978 lr=9.967e-06
[train] step=3670 loss=0.017113 lr=9.967e-06
[train] step=3671 loss=0.011410 lr=9.967e-06
[train] step=3672 loss=0.028332 lr=9.967e-06
[train] step=3673 loss=0.026308 lr=9.967e-06
[train] step=3674 loss=0.012840 lr=9.967e-06
[train] step=3675 loss=0.025031 lr=9.967e-06
[train] step=3676 loss=0.018998 lr=9.967e-06
[train] step=3677 loss=0.091404 lr=9.967e-06
[train] step=3678 loss=0.033737 lr=9.967e-06
[train] step=3679 loss=0.024989 lr=9.967e-06
[train] step=3680 loss=0.024975 lr=9.967e-06
[train] step=3681 loss=0.020080 lr=9.967e-06
[train] step=3682 loss=0.013009 lr=9.967e-06
[train] step=3683 loss=0.024866 lr=9.967e-06
[train] step=3684 loss=0.021289 lr=9.967e-06
[train] step=3685 loss=0.014258 lr=9.967e-06
[train] step=3686 loss=0.022046 lr=9.967e-06
[train] step=3687 loss=0.022185 lr=9.967e-06
[train] step=3688 loss=0.017337 lr=9.967e-06
[train] step=3689 loss=0.073064 lr=9.967e-06
[train] step=3690 loss=0.041273 lr=9.966e-06
[train] step=3691 loss=0.015500 lr=9.966e-06
[train] step=3692 loss=0.070558 lr=9.966e-06
[train] step=3693 loss=0.022371 lr=9.966e-06
[train] step=3694 loss=0.021498 lr=9.966e-06
[train] step=3695 loss=0.025396 lr=9.966e-06
[train] step=3696 loss=0.299463 lr=9.966e-06
[train] step=3697 loss=0.013810 lr=9.966e-06
[train] step=3698 loss=0.052082 lr=9.966e-06
[train] step=3699 loss=0.015535 lr=9.966e-06
[train] step=3700 loss=0.018908 lr=9.966e-06
[train] step=3701 loss=0.027659 lr=9.966e-06
[train] step=3702 loss=0.183998 lr=9.966e-06
[train] step=3703 loss=0.028526 lr=9.966e-06
[train] step=3704 loss=0.016586 lr=9.966e-06
[train] step=3705 loss=0.047148 lr=9.966e-06
[train] step=3706 loss=0.050269 lr=9.966e-06
[train] step=3707 loss=0.031142 lr=9.966e-06
[train] step=3708 loss=0.017886 lr=9.966e-06
[train] step=3709 loss=0.072310 lr=9.966e-06
[train] step=3710 loss=0.018708 lr=9.966e-06
[train] step=3711 loss=0.010394 lr=9.966e-06
[train] step=3712 loss=0.016464 lr=9.966e-06
[train] step=3713 loss=0.014362 lr=9.966e-06
[train] step=3714 loss=0.036683 lr=9.966e-06
[train] step=3715 loss=0.046499 lr=9.966e-06
[train] step=3716 loss=0.027146 lr=9.966e-06
[train] step=3717 loss=0.018361 lr=9.966e-06
[train] step=3718 loss=0.016474 lr=9.966e-06
[train] step=3719 loss=0.039912 lr=9.966e-06
[train] step=3720 loss=0.075812 lr=9.966e-06
[train] step=3721 loss=0.014303 lr=9.966e-06
[train] step=3722 loss=0.021734 lr=9.966e-06
[train] step=3723 loss=0.021484 lr=9.966e-06
[train] step=3724 loss=0.084705 lr=9.966e-06
[train] step=3725 loss=0.021829 lr=9.966e-06
[train] step=3726 loss=0.019654 lr=9.966e-06
[train] step=3727 loss=0.024082 lr=9.966e-06
[train] step=3728 loss=0.015944 lr=9.966e-06
[train] step=3729 loss=0.166746 lr=9.966e-06
[train] step=3730 loss=0.016416 lr=9.966e-06
[train] step=3731 loss=0.035828 lr=9.966e-06
[train] step=3732 loss=0.049405 lr=9.966e-06
[train] step=3733 loss=0.020296 lr=9.966e-06
[train] step=3734 loss=0.012052 lr=9.966e-06
[train] step=3735 loss=0.014188 lr=9.966e-06
[train] step=3736 loss=0.015196 lr=9.966e-06
[train] step=3737 loss=0.034511 lr=9.966e-06
[train] step=3738 loss=0.065327 lr=9.966e-06
[train] step=3739 loss=0.043660 lr=9.966e-06
[train] step=3740 loss=0.023725 lr=9.966e-06
[train] step=3741 loss=0.027979 lr=9.966e-06
[train] step=3742 loss=0.021299 lr=9.966e-06
[train] step=3743 loss=0.022991 lr=9.966e-06
[train] step=3744 loss=0.020157 lr=9.966e-06
[train] step=3745 loss=0.015828 lr=9.965e-06
[train] step=3746 loss=0.015848 lr=9.965e-06
[train] step=3747 loss=0.020749 lr=9.965e-06
[train] step=3748 loss=0.019657 lr=9.965e-06
[train] step=3749 loss=0.024052 lr=9.965e-06
[train] step=3750 loss=0.030480 lr=9.965e-06
[train] step=3751 loss=0.060934 lr=9.965e-06
[train] step=3752 loss=0.028410 lr=9.965e-06
[train] step=3753 loss=0.040530 lr=9.965e-06
[train] step=3754 loss=0.045619 lr=9.965e-06
[train] step=3755 loss=0.040503 lr=9.965e-06
[train] step=3756 loss=0.033769 lr=9.965e-06
[train] step=3757 loss=0.014403 lr=9.965e-06
[train] step=3758 loss=0.013430 lr=9.965e-06
[train] step=3759 loss=0.019265 lr=9.965e-06
[train] step=3760 loss=0.029968 lr=9.965e-06
[train] step=3761 loss=0.024277 lr=9.965e-06
[train] step=3762 loss=0.019159 lr=9.965e-06
[train] step=3763 loss=0.049000 lr=9.965e-06
[train] step=3764 loss=0.021229 lr=9.965e-06
[train] step=3765 loss=0.021081 lr=9.965e-06
[train] step=3766 loss=0.036804 lr=9.965e-06
[train] step=3767 loss=0.010683 lr=9.965e-06
[train] step=3768 loss=0.024234 lr=9.965e-06
[train] step=3769 loss=0.027086 lr=9.965e-06
[train] step=3770 loss=0.012821 lr=9.965e-06
[train] step=3771 loss=0.026122 lr=9.965e-06
[train] step=3772 loss=0.011615 lr=9.965e-06
[train] step=3773 loss=0.027150 lr=9.965e-06
[train] step=3774 loss=0.058064 lr=9.965e-06
[train] step=3775 loss=0.043830 lr=9.965e-06
[train] step=3776 loss=0.042832 lr=9.965e-06
[train] step=3777 loss=0.105113 lr=9.965e-06
[train] step=3778 loss=0.012717 lr=9.965e-06
[train] step=3779 loss=0.038743 lr=9.965e-06
[train] step=3780 loss=0.029432 lr=9.965e-06
[train] step=3781 loss=0.042671 lr=9.965e-06
[train] step=3782 loss=0.009798 lr=9.965e-06
[train] step=3783 loss=0.014834 lr=9.965e-06
[train] step=3784 loss=0.165110 lr=9.965e-06
[train] step=3785 loss=0.023329 lr=9.965e-06
[train] step=3786 loss=0.020730 lr=9.965e-06
[train] step=3787 loss=0.019098 lr=9.965e-06
[train] step=3788 loss=0.013839 lr=9.965e-06
[train] step=3789 loss=0.019001 lr=9.965e-06
[train] step=3790 loss=0.023547 lr=9.965e-06
[train] step=3791 loss=0.018169 lr=9.965e-06
[train] step=3792 loss=0.045591 lr=9.965e-06
[train] step=3793 loss=0.014148 lr=9.965e-06
[train] step=3794 loss=0.015954 lr=9.965e-06
[train] step=3795 loss=0.025932 lr=9.965e-06
[train] step=3796 loss=0.025421 lr=9.965e-06
[train] step=3797 loss=0.026818 lr=9.965e-06
[train] step=3798 loss=0.017570 lr=9.965e-06
[train] step=3799 loss=0.014631 lr=9.964e-06
[train] step=3800 loss=0.013574 lr=9.964e-06
[train] step=3801 loss=0.015335 lr=9.964e-06
[train] step=3802 loss=0.029890 lr=9.964e-06
[train] step=3803 loss=0.017295 lr=9.964e-06
[train] step=3804 loss=0.019702 lr=9.964e-06
[train] step=3805 loss=0.048221 lr=9.964e-06
[train] step=3806 loss=0.026024 lr=9.964e-06
[train] step=3807 loss=0.029522 lr=9.964e-06
[train] step=3808 loss=0.015112 lr=9.964e-06
[train] step=3809 loss=0.036891 lr=9.964e-06
[train] step=3810 loss=0.023814 lr=9.964e-06
[train] step=3811 loss=0.015252 lr=9.964e-06
[train] step=3812 loss=0.013426 lr=9.964e-06
[train] step=3813 loss=0.040952 lr=9.964e-06
[train] step=3814 loss=0.019312 lr=9.964e-06
[train] step=3815 loss=0.027770 lr=9.964e-06
[train] step=3816 loss=0.033152 lr=9.964e-06
[train] step=3817 loss=0.024122 lr=9.964e-06
[train] step=3818 loss=0.010637 lr=9.964e-06
[train] step=3819 loss=0.025579 lr=9.964e-06
[train] step=3820 loss=0.019291 lr=9.964e-06
[train] step=3821 loss=0.016682 lr=9.964e-06
[train] step=3822 loss=0.016122 lr=9.964e-06
[train] step=3823 loss=0.012127 lr=9.964e-06
[train] step=3824 loss=0.019657 lr=9.964e-06
[train] step=3825 loss=0.021905 lr=9.964e-06
[train] step=3826 loss=0.014904 lr=9.964e-06
[train] step=3827 loss=0.126609 lr=9.964e-06
[train] step=3828 loss=0.030202 lr=9.964e-06
[train] step=3829 loss=0.023013 lr=9.964e-06
[train] step=3830 loss=0.027828 lr=9.964e-06
[train] step=3831 loss=0.019226 lr=9.964e-06
[train] step=3832 loss=0.011101 lr=9.964e-06
[train] step=3833 loss=0.016197 lr=9.964e-06
[train] step=3834 loss=0.015502 lr=9.964e-06
[train] step=3835 loss=0.060818 lr=9.964e-06
[train] step=3836 loss=0.017594 lr=9.964e-06
[train] step=3837 loss=0.019545 lr=9.964e-06
[train] step=3838 loss=0.026461 lr=9.964e-06
[train] step=3839 loss=0.024468 lr=9.964e-06
[train] step=3840 loss=0.024934 lr=9.964e-06
[train] step=3841 loss=0.021496 lr=9.964e-06
[train] step=3842 loss=0.018834 lr=9.964e-06
[train] step=3843 loss=0.018265 lr=9.964e-06
[train] step=3844 loss=0.020619 lr=9.964e-06
[train] step=3845 loss=0.037811 lr=9.964e-06
[train] step=3846 loss=0.018126 lr=9.964e-06
[train] step=3847 loss=0.213113 lr=9.964e-06
[train] step=3848 loss=0.026516 lr=9.964e-06
[train] step=3849 loss=0.012704 lr=9.964e-06
[train] step=3850 loss=0.014381 lr=9.964e-06
[train] step=3851 loss=0.043470 lr=9.964e-06
[train] step=3852 loss=0.024600 lr=9.963e-06
[train] step=3853 loss=0.020729 lr=9.963e-06
[train] step=3854 loss=0.027101 lr=9.963e-06
[train] step=3855 loss=0.012554 lr=9.963e-06
[train] step=3856 loss=0.038057 lr=9.963e-06
[train] step=3857 loss=0.011713 lr=9.963e-06
[train] step=3858 loss=0.028437 lr=9.963e-06
[train] step=3859 loss=0.018626 lr=9.963e-06
[train] step=3860 loss=0.026387 lr=9.963e-06
[train] step=3861 loss=0.016599 lr=9.963e-06
[train] step=3862 loss=0.022403 lr=9.963e-06
[train] step=3863 loss=0.018438 lr=9.963e-06
[train] step=3864 loss=0.031147 lr=9.963e-06
[train] step=3865 loss=0.017367 lr=9.963e-06
[train] step=3866 loss=0.017101 lr=9.963e-06
[train] step=3867 loss=0.016314 lr=9.963e-06
[train] step=3868 loss=0.026024 lr=9.963e-06
[train] step=3869 loss=0.012082 lr=9.963e-06
[train] step=3870 loss=0.016908 lr=9.963e-06
[train] step=3871 loss=0.033435 lr=9.963e-06
[train] step=3872 loss=0.028544 lr=9.963e-06
[train] step=3873 loss=0.034150 lr=9.963e-06
[train] step=3874 loss=0.087547 lr=9.963e-06
[train] step=3875 loss=0.016146 lr=9.963e-06
[train] step=3876 loss=0.025418 lr=9.963e-06
[train] step=3877 loss=0.030400 lr=9.963e-06
[train] step=3878 loss=0.019480 lr=9.963e-06
[train] step=3879 loss=0.028000 lr=9.963e-06
[train] step=3880 loss=0.018215 lr=9.963e-06
[train] step=3881 loss=0.021128 lr=9.963e-06
[train] step=3882 loss=0.031954 lr=9.963e-06
[train] step=3883 loss=0.015107 lr=9.963e-06
[train] step=3884 loss=0.015902 lr=9.963e-06
[train] step=3885 loss=0.032002 lr=9.963e-06
[train] step=3886 loss=0.014612 lr=9.963e-06
[train] step=3887 loss=0.016034 lr=9.963e-06
[train] step=3888 loss=0.065789 lr=9.963e-06
[train] step=3889 loss=0.027269 lr=9.963e-06
[train] step=3890 loss=0.026587 lr=9.963e-06
[train] step=3891 loss=0.020720 lr=9.963e-06
[train] step=3892 loss=0.022986 lr=9.963e-06
[train] step=3893 loss=0.020145 lr=9.963e-06
[train] step=3894 loss=0.013459 lr=9.963e-06
[train] step=3895 loss=0.016046 lr=9.963e-06
[train] step=3896 loss=0.026083 lr=9.963e-06
[train] step=3897 loss=0.016903 lr=9.963e-06
[train] step=3898 loss=0.013938 lr=9.963e-06
[train] step=3899 loss=0.031201 lr=9.963e-06
[train] step=3900 loss=0.041270 lr=9.963e-06
[train] step=3901 loss=0.031753 lr=9.963e-06
[train] step=3902 loss=0.046407 lr=9.963e-06
[train] step=3903 loss=0.030237 lr=9.963e-06
[train] step=3904 loss=0.027380 lr=9.962e-06
[train] step=3905 loss=0.035042 lr=9.962e-06
[train] step=3906 loss=0.015090 lr=9.962e-06
[train] step=3907 loss=0.029438 lr=9.962e-06
[train] step=3908 loss=0.017876 lr=9.962e-06
[train] step=3909 loss=0.019488 lr=9.962e-06
[train] step=3910 loss=0.016997 lr=9.962e-06
[train] step=3911 loss=0.022594 lr=9.962e-06
[train] step=3912 loss=0.014007 lr=9.962e-06
[train] step=3913 loss=0.015685 lr=9.962e-06
[train] step=3914 loss=0.022809 lr=9.962e-06
[train] step=3915 loss=0.021879 lr=9.962e-06
[train] step=3916 loss=0.017807 lr=9.962e-06
[train] step=3917 loss=0.027005 lr=9.962e-06
[train] step=3918 loss=0.067197 lr=9.962e-06
[train] step=3919 loss=0.016718 lr=9.962e-06
[train] step=3920 loss=0.009579 lr=9.962e-06
[train] step=3921 loss=0.017925 lr=9.962e-06
[train] step=3922 loss=0.064106 lr=9.962e-06
[train] step=3923 loss=0.064588 lr=9.962e-06
[train] step=3924 loss=0.015060 lr=9.962e-06
[train] step=3925 loss=0.042582 lr=9.962e-06
[train] step=3926 loss=0.015484 lr=9.962e-06
[train] step=3927 loss=0.024219 lr=9.962e-06
[train] step=3928 loss=0.024193 lr=9.962e-06
[train] step=3929 loss=0.020954 lr=9.962e-06
[train] step=3930 loss=0.025000 lr=9.962e-06
[train] step=3931 loss=0.014727 lr=9.962e-06
[train] step=3932 loss=0.010993 lr=9.962e-06
[train] step=3933 loss=0.029617 lr=9.962e-06
[train] step=3934 loss=0.013833 lr=9.962e-06
[train] step=3935 loss=0.016121 lr=9.962e-06
[train] step=3936 loss=0.028948 lr=9.962e-06
[train] step=3937 loss=0.014239 lr=9.962e-06
[train] step=3938 loss=0.016418 lr=9.962e-06
[train] step=3939 loss=0.015658 lr=9.962e-06
[train] step=3940 loss=0.014343 lr=9.962e-06
[train] step=3941 loss=0.013819 lr=9.962e-06
[train] step=3942 loss=0.018497 lr=9.962e-06
[train] step=3943 loss=0.113827 lr=9.962e-06
[train] step=3944 loss=0.023440 lr=9.962e-06
[train] step=3945 loss=0.015385 lr=9.962e-06
[train] step=3946 loss=0.027972 lr=9.962e-06
[train] step=3947 loss=0.073131 lr=9.962e-06
[train] step=3948 loss=0.017328 lr=9.962e-06
[train] step=3949 loss=0.066966 lr=9.962e-06
[train] step=3950 loss=0.024084 lr=9.962e-06
[train] step=3951 loss=0.367651 lr=9.962e-06
[train] step=3952 loss=0.051103 lr=9.962e-06
[train] step=3953 loss=0.017881 lr=9.962e-06
[train] step=3954 loss=0.025983 lr=9.962e-06
[train] step=3955 loss=0.012421 lr=9.962e-06
[train] step=3956 loss=0.030611 lr=9.961e-06
[train] step=3957 loss=0.039393 lr=9.961e-06
[train] step=3958 loss=0.011138 lr=9.961e-06
[train] step=3959 loss=0.012817 lr=9.961e-06
[train] step=3960 loss=0.018746 lr=9.961e-06
[train] step=3961 loss=0.013380 lr=9.961e-06
[train] step=3962 loss=0.017616 lr=9.961e-06
[train] step=3963 loss=0.014987 lr=9.961e-06
[train] step=3964 loss=0.023917 lr=9.961e-06
[train] step=3965 loss=0.028110 lr=9.961e-06
[train] step=3966 loss=0.009618 lr=9.961e-06
[train] step=3967 loss=0.027515 lr=9.961e-06
[train] step=3968 loss=0.015859 lr=9.961e-06
[train] step=3969 loss=0.029241 lr=9.961e-06
[train] step=3970 loss=0.019922 lr=9.961e-06
[train] step=3971 loss=0.035658 lr=9.961e-06
[train] step=3972 loss=0.047771 lr=9.961e-06
[train] step=3973 loss=0.017940 lr=9.961e-06
[train] step=3974 loss=0.016368 lr=9.961e-06
[train] step=3975 loss=0.024166 lr=9.961e-06
[train] step=3976 loss=0.014545 lr=9.961e-06
[train] step=3977 loss=0.046637 lr=9.961e-06
[train] step=3978 loss=0.016318 lr=9.961e-06
[train] step=3979 loss=0.010594 lr=9.961e-06
[train] step=3980 loss=0.028141 lr=9.961e-06
[train] step=3981 loss=0.015078 lr=9.961e-06
[train] step=3982 loss=0.013905 lr=9.961e-06
[train] step=3983 loss=0.015871 lr=9.961e-06
[train] step=3984 loss=0.071706 lr=9.961e-06
[train] step=3985 loss=0.040348 lr=9.961e-06
[train] step=3986 loss=0.026560 lr=9.961e-06
[train] step=3987 loss=0.016888 lr=9.961e-06
[train] step=3988 loss=0.019027 lr=9.961e-06
[train] step=3989 loss=0.020405 lr=9.961e-06
[train] step=3990 loss=0.015263 lr=9.961e-06
[train] step=3991 loss=0.045197 lr=9.961e-06
[train] step=3992 loss=0.014602 lr=9.961e-06
[train] step=3993 loss=0.014618 lr=9.961e-06
[train] step=3994 loss=0.019561 lr=9.961e-06
[train] step=3995 loss=0.016501 lr=9.961e-06
[train] step=3996 loss=0.025228 lr=9.961e-06
[train] step=3997 loss=0.018845 lr=9.961e-06
[train] step=3998 loss=0.022426 lr=9.961e-06
[train] step=3999 loss=0.032061 lr=9.961e-06
[train] step=4000 loss=0.014429 lr=9.961e-06
INFO     [rank 0] Model weights for step 4000 saved in       dit_trainer.py:1085
         checkpoints/model_weights_step_04000.safetensors                       
INFO     [rank 0] Scalar embedding weights for step 4000     dit_trainer.py:1092
         saved                                                                  
INFO     [rank 0] Training state saved:                      dit_trainer.py:1123
         checkpoints/model_weights_step_04000.state.pt                          
DEBUG    [rank 0] Removed old checkpoint:                    dit_trainer.py:1136
         /local/disk/hramachandran/work/wh_work/windinet/dit                    
         _throughput_sweep_bs2/checkpoints/model_weights_ste                    
         p_03500.safetensors                                                    
DEBUG    [rank 0] Removed old checkpoint:                    dit_trainer.py:1136
         /local/disk/hramachandran/work/wh_work/windinet/dit                    
         _throughput_sweep_bs2/checkpoints/model_weights_ste                    
         p_03500.state.pt                                                       
DEBUG    [rank 0] Removed old checkpoint:                    dit_trainer.py:1136
         /local/disk/hramachandran/work/wh_work/windinet/dit                    
         _throughput_sweep_bs2/checkpoints/scalar_embedding_                    
         step_03500.safetensors                                                 
[epoch 8] step=4000 train_loss=0.029809
[train] step=4001 loss=0.016642 lr=9.961e-06
[train] step=4002 loss=0.020854 lr=9.961e-06
[train] step=4003 loss=0.015968 lr=9.961e-06
[train] step=4004 loss=0.021417 lr=9.961e-06
[train] step=4005 loss=0.017068 lr=9.961e-06
[train] step=4006 loss=0.050164 lr=9.961e-06
[train] step=4007 loss=0.011814 lr=9.960e-06
[train] step=4008 loss=0.042870 lr=9.960e-06
[train] step=4009 loss=0.013350 lr=9.960e-06
[train] step=4010 loss=0.016824 lr=9.960e-06
[train] step=4011 loss=0.050127 lr=9.960e-06
[train] step=4012 loss=0.028682 lr=9.960e-06
[train] step=4013 loss=0.009910 lr=9.960e-06
[train] step=4014 loss=0.022768 lr=9.960e-06
[train] step=4015 loss=0.016220 lr=9.960e-06
[train] step=4016 loss=0.016735 lr=9.960e-06
[train] step=4017 loss=0.020726 lr=9.960e-06
[train] step=4018 loss=0.014777 lr=9.960e-06
[train] step=4019 loss=0.025019 lr=9.960e-06
[train] step=4020 loss=0.020105 lr=9.960e-06
[train] step=4021 loss=0.016577 lr=9.960e-06
[train] step=4022 loss=0.019561 lr=9.960e-06
[train] step=4023 loss=0.021445 lr=9.960e-06
[train] step=4024 loss=0.047195 lr=9.960e-06
[train] step=4025 loss=0.016905 lr=9.960e-06
[train] step=4026 loss=0.019404 lr=9.960e-06
[train] step=4027 loss=0.030962 lr=9.960e-06
[train] step=4028 loss=0.018884 lr=9.960e-06
[train] step=4029 loss=0.015713 lr=9.960e-06
[train] step=4030 loss=0.013370 lr=9.960e-06
[train] step=4031 loss=0.019742 lr=9.960e-06
[train] step=4032 loss=0.015823 lr=9.960e-06
[train] step=4033 loss=0.088510 lr=9.960e-06
[train] step=4034 loss=0.020094 lr=9.960e-06
[train] step=4035 loss=0.008192 lr=9.960e-06
[train] step=4036 loss=0.019134 lr=9.960e-06
[train] step=4037 loss=0.016032 lr=9.960e-06
[train] step=4038 loss=0.016454 lr=9.960e-06
[train] step=4039 loss=0.011217 lr=9.960e-06
[train] step=4040 loss=0.036936 lr=9.960e-06
[train] step=4041 loss=0.012359 lr=9.960e-06
[train] step=4042 loss=0.017515 lr=9.960e-06
[train] step=4043 loss=0.014973 lr=9.960e-06
[train] step=4044 loss=0.015410 lr=9.960e-06
[train] step=4045 loss=0.016463 lr=9.960e-06
[train] step=4046 loss=0.019772 lr=9.960e-06
[train] step=4047 loss=0.025393 lr=9.960e-06
[train] step=4048 loss=0.135452 lr=9.960e-06
[train] step=4049 loss=0.012278 lr=9.960e-06
[train] step=4050 loss=0.304052 lr=9.960e-06
[train] step=4051 loss=0.024987 lr=9.960e-06
[train] step=4052 loss=0.011225 lr=9.960e-06
[train] step=4053 loss=0.078777 lr=9.960e-06
[train] step=4054 loss=0.018815 lr=9.960e-06
[train] step=4055 loss=0.012786 lr=9.960e-06
[train] step=4056 loss=0.013755 lr=9.960e-06
[train] step=4057 loss=0.013112 lr=9.960e-06
[train] step=4058 loss=0.032126 lr=9.959e-06
[train] step=4059 loss=0.031136 lr=9.959e-06
[train] step=4060 loss=0.015893 lr=9.959e-06
[train] step=4061 loss=0.066348 lr=9.959e-06
[train] step=4062 loss=0.023948 lr=9.959e-06
[train] step=4063 loss=0.017595 lr=9.959e-06
[train] step=4064 loss=0.014852 lr=9.959e-06
[train] step=4065 loss=0.029764 lr=9.959e-06
[train] step=4066 loss=0.028225 lr=9.959e-06
[train] step=4067 loss=0.022178 lr=9.959e-06
[train] step=4068 loss=0.016018 lr=9.959e-06
[train] step=4069 loss=0.072310 lr=9.959e-06
[train] step=4070 loss=0.016587 lr=9.959e-06
[train] step=4071 loss=0.018851 lr=9.959e-06
[train] step=4072 loss=0.010553 lr=9.959e-06
[train] step=4073 loss=0.022214 lr=9.959e-06
[train] step=4074 loss=0.023641 lr=9.959e-06
[train] step=4075 loss=0.016708 lr=9.959e-06
[train] step=4076 loss=0.018228 lr=9.959e-06
[train] step=4077 loss=0.031012 lr=9.959e-06
[train] step=4078 loss=0.013661 lr=9.959e-06
[train] step=4079 loss=0.016504 lr=9.959e-06
[train] step=4080 loss=0.019012 lr=9.959e-06
[train] step=4081 loss=0.018760 lr=9.959e-06
[train] step=4082 loss=0.018901 lr=9.959e-06
[train] step=4083 loss=0.025736 lr=9.959e-06
[train] step=4084 loss=0.017040 lr=9.959e-06
[train] step=4085 loss=0.012757 lr=9.959e-06
[train] step=4086 loss=0.018228 lr=9.959e-06
[train] step=4087 loss=0.025300 lr=9.959e-06
[train] step=4088 loss=0.011189 lr=9.959e-06
[train] step=4089 loss=0.015329 lr=9.959e-06
[train] step=4090 loss=0.017387 lr=9.959e-06
[train] step=4091 loss=0.024278 lr=9.959e-06
[train] step=4092 loss=0.037482 lr=9.959e-06
[train] step=4093 loss=0.013560 lr=9.959e-06
[train] step=4094 loss=0.017801 lr=9.959e-06
[train] step=4095 loss=0.013986 lr=9.959e-06
[train] step=4096 loss=0.016078 lr=9.959e-06
[train] step=4097 loss=0.083976 lr=9.959e-06
[train] step=4098 loss=0.013459 lr=9.959e-06
[train] step=4099 loss=0.018475 lr=9.959e-06
[train] step=4100 loss=0.013785 lr=9.959e-06
[train] step=4101 loss=0.223083 lr=9.959e-06
[train] step=4102 loss=0.020538 lr=9.959e-06
[train] step=4103 loss=0.014622 lr=9.959e-06
[train] step=4104 loss=0.044641 lr=9.959e-06
[train] step=4105 loss=0.018459 lr=9.959e-06
[train] step=4106 loss=0.014509 lr=9.959e-06
[train] step=4107 loss=0.018567 lr=9.959e-06
[train] step=4108 loss=0.026778 lr=9.958e-06
[train] step=4109 loss=0.011828 lr=9.958e-06
[train] step=4110 loss=0.014371 lr=9.958e-06
[train] step=4111 loss=0.020554 lr=9.958e-06
[train] step=4112 loss=0.010387 lr=9.958e-06
[train] step=4113 loss=0.015948 lr=9.958e-06
[train] step=4114 loss=0.018389 lr=9.958e-06
[train] step=4115 loss=0.013498 lr=9.958e-06
[train] step=4116 loss=0.021047 lr=9.958e-06
[train] step=4117 loss=0.035228 lr=9.958e-06
[train] step=4118 loss=0.019996 lr=9.958e-06
[train] step=4119 loss=0.010963 lr=9.958e-06
[train] step=4120 loss=0.019365 lr=9.958e-06
[train] step=4121 loss=0.011944 lr=9.958e-06
[train] step=4122 loss=0.009385 lr=9.958e-06
[train] step=4123 loss=0.018748 lr=9.958e-06
[train] step=4124 loss=0.017012 lr=9.958e-06
[train] step=4125 loss=0.016154 lr=9.958e-06
[train] step=4126 loss=0.208414 lr=9.958e-06
[train] step=4127 loss=0.035328 lr=9.958e-06
[train] step=4128 loss=0.014061 lr=9.958e-06
[train] step=4129 loss=0.014389 lr=9.958e-06
[train] step=4130 loss=0.015646 lr=9.958e-06
[train] step=4131 loss=0.058792 lr=9.958e-06
[train] step=4132 loss=0.016897 lr=9.958e-06
[train] step=4133 loss=0.014718 lr=9.958e-06
[train] step=4134 loss=0.010459 lr=9.958e-06
[train] step=4135 loss=0.019451 lr=9.958e-06
[train] step=4136 loss=0.012076 lr=9.958e-06
[train] step=4137 loss=0.019367 lr=9.958e-06
[train] step=4138 loss=0.010684 lr=9.958e-06
[train] step=4139 loss=0.013593 lr=9.958e-06
[train] step=4140 loss=0.022047 lr=9.958e-06
[train] step=4141 loss=0.011938 lr=9.958e-06
[train] step=4142 loss=0.023841 lr=9.958e-06
[train] step=4143 loss=0.026271 lr=9.958e-06
[train] step=4144 loss=0.018491 lr=9.958e-06
[train] step=4145 loss=0.013905 lr=9.958e-06
[train] step=4146 loss=0.024807 lr=9.958e-06
[train] step=4147 loss=0.028200 lr=9.958e-06
[train] step=4148 loss=0.019774 lr=9.958e-06
[train] step=4149 loss=0.019892 lr=9.958e-06
[train] step=4150 loss=0.015045 lr=9.958e-06
[train] step=4151 loss=0.044063 lr=9.958e-06
[train] step=4152 loss=0.022363 lr=9.958e-06
[train] step=4153 loss=0.015317 lr=9.958e-06
[train] step=4154 loss=0.018711 lr=9.958e-06
[train] step=4155 loss=0.018348 lr=9.958e-06
[train] step=4156 loss=0.014260 lr=9.958e-06
[train] step=4157 loss=0.008818 lr=9.957e-06
[train] step=4158 loss=0.010896 lr=9.957e-06
[train] step=4159 loss=0.025367 lr=9.957e-06
[train] step=4160 loss=0.016877 lr=9.957e-06
[train] step=4161 loss=0.012309 lr=9.957e-06
[train] step=4162 loss=0.020206 lr=9.957e-06
[train] step=4163 loss=0.010166 lr=9.957e-06
[train] step=4164 loss=0.019373 lr=9.957e-06
[train] step=4165 loss=0.016597 lr=9.957e-06
[train] step=4166 loss=0.019297 lr=9.957e-06
[train] step=4167 loss=0.013910 lr=9.957e-06
[train] step=4168 loss=0.023360 lr=9.957e-06
[train] step=4169 loss=0.010665 lr=9.957e-06
[train] step=4170 loss=0.013587 lr=9.957e-06
[train] step=4171 loss=0.010249 lr=9.957e-06
[train] step=4172 loss=0.027878 lr=9.957e-06
[train] step=4173 loss=0.026721 lr=9.957e-06
[train] step=4174 loss=0.014753 lr=9.957e-06
[train] step=4175 loss=0.019993 lr=9.957e-06
[train] step=4176 loss=0.013771 lr=9.957e-06
[train] step=4177 loss=0.015745 lr=9.957e-06
[train] step=4178 loss=0.016916 lr=9.957e-06
[train] step=4179 loss=0.011743 lr=9.957e-06
[train] step=4180 loss=0.014818 lr=9.957e-06
[train] step=4181 loss=0.019621 lr=9.957e-06
[train] step=4182 loss=0.092681 lr=9.957e-06
[train] step=4183 loss=0.017846 lr=9.957e-06
[train] step=4184 loss=0.015722 lr=9.957e-06
[train] step=4185 loss=0.018353 lr=9.957e-06
[train] step=4186 loss=0.016126 lr=9.957e-06
[train] step=4187 loss=0.039584 lr=9.957e-06
[train] step=4188 loss=0.012380 lr=9.957e-06
[train] step=4189 loss=0.087493 lr=9.957e-06
[train] step=4190 loss=0.020571 lr=9.957e-06
[train] step=4191 loss=0.015888 lr=9.957e-06
[train] step=4192 loss=0.013753 lr=9.957e-06
[train] step=4193 loss=0.073157 lr=9.957e-06
[train] step=4194 loss=0.012800 lr=9.957e-06
[train] step=4195 loss=0.037191 lr=9.957e-06
[train] step=4196 loss=0.011737 lr=9.957e-06
[train] step=4197 loss=0.018797 lr=9.957e-06
[train] step=4198 loss=0.032462 lr=9.957e-06
[train] step=4199 loss=0.031332 lr=9.957e-06
[train] step=4200 loss=0.012155 lr=9.957e-06
[train] step=4201 loss=0.014612 lr=9.957e-06
[train] step=4202 loss=0.010808 lr=9.957e-06
[train] step=4203 loss=0.015660 lr=9.957e-06
[train] step=4204 loss=0.014286 lr=9.957e-06
[train] step=4205 loss=0.013664 lr=9.956e-06
[train] step=4206 loss=0.067514 lr=9.956e-06
[train] step=4207 loss=0.011584 lr=9.956e-06
[train] step=4208 loss=0.012173 lr=9.956e-06
[train] step=4209 loss=0.035478 lr=9.956e-06
[train] step=4210 loss=0.009459 lr=9.956e-06
[train] step=4211 loss=0.018793 lr=9.956e-06
[train] step=4212 loss=0.031777 lr=9.956e-06
[train] step=4213 loss=0.024087 lr=9.956e-06
[train] step=4214 loss=0.009224 lr=9.956e-06
[train] step=4215 loss=0.037618 lr=9.956e-06
[train] step=4216 loss=0.015256 lr=9.956e-06
[train] step=4217 loss=0.013720 lr=9.956e-06
[train] step=4218 loss=0.015899 lr=9.956e-06
[train] step=4219 loss=0.020453 lr=9.956e-06
[train] step=4220 loss=0.011120 lr=9.956e-06
[train] step=4221 loss=0.024475 lr=9.956e-06
[train] step=4222 loss=0.016682 lr=9.956e-06
[train] step=4223 loss=0.015098 lr=9.956e-06
[train] step=4224 loss=0.019807 lr=9.956e-06
[train] step=4225 loss=0.020180 lr=9.956e-06
[train] step=4226 loss=0.008005 lr=9.956e-06
[train] step=4227 loss=0.020715 lr=9.956e-06
[train] step=4228 loss=0.017666 lr=9.956e-06
[train] step=4229 loss=0.013285 lr=9.956e-06
[train] step=4230 loss=0.012499 lr=9.956e-06
[train] step=4231 loss=0.011871 lr=9.956e-06
[train] step=4232 loss=0.015075 lr=9.956e-06
[train] step=4233 loss=0.015754 lr=9.956e-06
[train] step=4234 loss=0.012805 lr=9.956e-06
[train] step=4235 loss=0.014773 lr=9.956e-06
[train] step=4236 loss=0.019464 lr=9.956e-06
[train] step=4237 loss=0.017479 lr=9.956e-06
[train] step=4238 loss=0.009979 lr=9.956e-06
[train] step=4239 loss=0.008606 lr=9.956e-06
[train] step=4240 loss=0.018683 lr=9.956e-06
[train] step=4241 loss=0.079763 lr=9.956e-06
[train] step=4242 loss=0.027548 lr=9.956e-06
[train] step=4243 loss=0.018999 lr=9.956e-06
[train] step=4244 loss=0.013172 lr=9.956e-06
[train] step=4245 loss=0.018355 lr=9.956e-06
[train] step=4246 loss=0.016008 lr=9.956e-06
[train] step=4247 loss=0.014038 lr=9.956e-06
[train] step=4248 loss=0.014823 lr=9.956e-06
[train] step=4249 loss=0.013022 lr=9.956e-06
[train] step=4250 loss=0.015188 lr=9.956e-06
[train] step=4251 loss=0.021240 lr=9.956e-06
[train] step=4252 loss=0.012005 lr=9.956e-06
[train] step=4253 loss=0.035974 lr=9.956e-06
[train] step=4254 loss=0.019171 lr=9.955e-06
[train] step=4255 loss=0.009515 lr=9.955e-06
[train] step=4256 loss=0.019662 lr=9.955e-06
[train] step=4257 loss=0.029317 lr=9.955e-06
[train] step=4258 loss=0.017857 lr=9.955e-06
[train] step=4259 loss=0.023537 lr=9.955e-06
[train] step=4260 loss=0.015299 lr=9.955e-06
[train] step=4261 loss=0.020217 lr=9.955e-06
[train] step=4262 loss=0.010205 lr=9.955e-06
[train] step=4263 loss=0.123800 lr=9.955e-06
[train] step=4264 loss=0.011349 lr=9.955e-06
[train] step=4265 loss=0.285889 lr=9.955e-06
[train] step=4266 loss=0.020382 lr=9.955e-06
[train] step=4267 loss=0.124168 lr=9.955e-06
[train] step=4268 loss=0.015828 lr=9.955e-06
[train] step=4269 loss=0.012804 lr=9.955e-06
[train] step=4270 loss=0.073892 lr=9.955e-06
[train] step=4271 loss=0.064691 lr=9.955e-06
[train] step=4272 loss=0.012386 lr=9.955e-06
[train] step=4273 loss=0.023661 lr=9.955e-06
[train] step=4274 loss=0.010143 lr=9.955e-06
[train] step=4275 loss=0.014801 lr=9.955e-06
[train] step=4276 loss=0.036770 lr=9.955e-06
[train] step=4277 loss=0.044139 lr=9.955e-06
[train] step=4278 loss=0.055767 lr=9.955e-06
[train] step=4279 loss=0.021049 lr=9.955e-06
[train] step=4280 loss=0.059011 lr=9.955e-06
[train] step=4281 loss=0.014578 lr=9.955e-06
[train] step=4282 loss=0.016179 lr=9.955e-06
[train] step=4283 loss=0.018797 lr=9.955e-06
[train] step=4284 loss=0.038650 lr=9.955e-06
[train] step=4285 loss=0.031800 lr=9.955e-06
[train] step=4286 loss=0.015453 lr=9.955e-06
[train] step=4287 loss=0.009805 lr=9.955e-06
[train] step=4288 loss=0.019554 lr=9.955e-06
[train] step=4289 loss=0.012816 lr=9.955e-06
[train] step=4290 loss=0.069823 lr=9.955e-06
[train] step=4291 loss=0.015516 lr=9.955e-06
[train] step=4292 loss=0.033926 lr=9.955e-06
[train] step=4293 loss=0.025541 lr=9.955e-06
[train] step=4294 loss=0.013896 lr=9.955e-06
[train] step=4295 loss=0.051571 lr=9.955e-06
[train] step=4296 loss=0.025762 lr=9.955e-06
[train] step=4297 loss=0.015861 lr=9.955e-06
[train] step=4298 loss=0.014015 lr=9.955e-06
[train] step=4299 loss=0.014941 lr=9.955e-06
[train] step=4300 loss=0.056240 lr=9.955e-06
[train] step=4301 loss=0.032365 lr=9.954e-06
[train] step=4302 loss=0.075002 lr=9.954e-06
[train] step=4303 loss=0.017769 lr=9.954e-06
[train] step=4304 loss=0.021165 lr=9.954e-06
[train] step=4305 loss=0.012994 lr=9.954e-06
[train] step=4306 loss=0.014278 lr=9.954e-06
[train] step=4307 loss=0.012527 lr=9.954e-06
[train] step=4308 loss=0.017516 lr=9.954e-06
[train] step=4309 loss=0.189927 lr=9.954e-06
[train] step=4310 loss=0.016079 lr=9.954e-06
[train] step=4311 loss=0.019023 lr=9.954e-06
[train] step=4312 loss=0.029010 lr=9.954e-06
[train] step=4313 loss=0.011847 lr=9.954e-06
[train] step=4314 loss=0.068682 lr=9.954e-06
[train] step=4315 loss=0.011553 lr=9.954e-06
[train] step=4316 loss=0.024964 lr=9.954e-06
[train] step=4317 loss=0.057338 lr=9.954e-06
[train] step=4318 loss=0.023128 lr=9.954e-06
[train] step=4319 loss=0.012461 lr=9.954e-06
[train] step=4320 loss=0.031610 lr=9.954e-06
[train] step=4321 loss=0.013351 lr=9.954e-06
[train] step=4322 loss=0.016282 lr=9.954e-06
[train] step=4323 loss=0.015819 lr=9.954e-06
[train] step=4324 loss=0.013810 lr=9.954e-06
[train] step=4325 loss=0.012467 lr=9.954e-06
[train] step=4326 loss=0.019005 lr=9.954e-06
[train] step=4327 loss=0.013154 lr=9.954e-06
[train] step=4328 loss=0.014175 lr=9.954e-06
[train] step=4329 loss=0.011166 lr=9.954e-06
[train] step=4330 loss=0.064918 lr=9.954e-06
[train] step=4331 loss=0.016911 lr=9.954e-06
[train] step=4332 loss=0.023614 lr=9.954e-06
[train] step=4333 loss=0.011098 lr=9.954e-06
[train] step=4334 loss=0.024613 lr=9.954e-06
[train] step=4335 loss=0.023723 lr=9.954e-06
[train] step=4336 loss=0.016931 lr=9.954e-06
[train] step=4337 loss=0.013922 lr=9.954e-06
[train] step=4338 loss=0.030236 lr=9.954e-06
[train] step=4339 loss=0.026498 lr=9.954e-06
[train] step=4340 loss=0.016503 lr=9.954e-06
[train] step=4341 loss=0.021357 lr=9.954e-06
[train] step=4342 loss=0.022212 lr=9.954e-06
[train] step=4343 loss=0.016443 lr=9.954e-06
[train] step=4344 loss=0.054132 lr=9.954e-06
[train] step=4345 loss=0.011130 lr=9.954e-06
[train] step=4346 loss=0.015739 lr=9.954e-06
[train] step=4347 loss=0.015406 lr=9.954e-06
[train] step=4348 loss=0.014954 lr=9.953e-06
[train] step=4349 loss=0.016892 lr=9.953e-06
[train] step=4350 loss=0.012158 lr=9.953e-06
[train] step=4351 loss=0.046196 lr=9.953e-06
[train] step=4352 loss=0.018494 lr=9.953e-06
[train] step=4353 loss=0.033299 lr=9.953e-06
[train] step=4354 loss=0.016444 lr=9.953e-06
[train] step=4355 loss=0.049780 lr=9.953e-06
[train] step=4356 loss=0.037288 lr=9.953e-06
[train] step=4357 loss=0.024105 lr=9.953e-06
[train] step=4358 loss=0.013864 lr=9.953e-06
[train] step=4359 loss=0.016722 lr=9.953e-06
[train] step=4360 loss=0.065781 lr=9.953e-06
[train] step=4361 loss=0.015608 lr=9.953e-06
[train] step=4362 loss=0.066040 lr=9.953e-06
[train] step=4363 loss=0.014828 lr=9.953e-06
[train] step=4364 loss=0.014165 lr=9.953e-06
[train] step=4365 loss=0.025611 lr=9.953e-06
[train] step=4366 loss=0.012656 lr=9.953e-06
[train] step=4367 loss=0.021781 lr=9.953e-06
[train] step=4368 loss=0.007635 lr=9.953e-06
[train] step=4369 loss=0.114153 lr=9.953e-06
[train] step=4370 loss=0.012629 lr=9.953e-06
[train] step=4371 loss=0.013699 lr=9.953e-06
[train] step=4372 loss=0.039066 lr=9.953e-06
[train] step=4373 loss=0.016780 lr=9.953e-06
[train] step=4374 loss=0.016478 lr=9.953e-06
[train] step=4375 loss=0.015987 lr=9.953e-06
[train] step=4376 loss=0.013669 lr=9.953e-06
[train] step=4377 loss=0.024589 lr=9.953e-06
[train] step=4378 loss=0.026717 lr=9.953e-06
[train] step=4379 loss=0.023897 lr=9.953e-06
[train] step=4380 loss=0.016663 lr=9.953e-06
[train] step=4381 loss=0.016461 lr=9.953e-06
[train] step=4382 loss=0.108201 lr=9.953e-06
[train] step=4383 loss=0.009661 lr=9.953e-06
[train] step=4384 loss=0.029817 lr=9.953e-06
[train] step=4385 loss=0.020831 lr=9.953e-06
[train] step=4386 loss=0.010060 lr=9.953e-06
[train] step=4387 loss=0.018985 lr=9.953e-06
[train] step=4388 loss=0.012785 lr=9.953e-06
[train] step=4389 loss=0.061943 lr=9.953e-06
[train] step=4390 loss=0.010409 lr=9.953e-06
[train] step=4391 loss=0.016608 lr=9.953e-06
[train] step=4392 loss=0.031544 lr=9.953e-06
[train] step=4393 loss=0.066155 lr=9.953e-06
[train] step=4394 loss=0.013074 lr=9.953e-06
[train] step=4395 loss=0.009741 lr=9.952e-06
[train] step=4396 loss=0.015741 lr=9.952e-06
[train] step=4397 loss=0.015336 lr=9.952e-06
[train] step=4398 loss=0.015871 lr=9.952e-06
[train] step=4399 loss=0.018809 lr=9.952e-06
[train] step=4400 loss=0.014015 lr=9.952e-06
[train] step=4401 loss=0.019586 lr=9.952e-06
[train] step=4402 loss=0.018105 lr=9.952e-06
[train] step=4403 loss=0.017549 lr=9.952e-06
[train] step=4404 loss=0.047808 lr=9.952e-06
[train] step=4405 loss=0.016518 lr=9.952e-06
[train] step=4406 loss=0.015918 lr=9.952e-06
[train] step=4407 loss=0.058173 lr=9.952e-06
[train] step=4408 loss=0.011029 lr=9.952e-06
[train] step=4409 loss=0.010962 lr=9.952e-06
[train] step=4410 loss=0.014041 lr=9.952e-06
[train] step=4411 loss=0.017750 lr=9.952e-06
[train] step=4412 loss=0.011803 lr=9.952e-06
[train] step=4413 loss=0.021335 lr=9.952e-06
[train] step=4414 loss=0.025799 lr=9.952e-06
[train] step=4415 loss=0.014587 lr=9.952e-06
[train] step=4416 loss=0.126603 lr=9.952e-06
[train] step=4417 loss=0.018845 lr=9.952e-06
[train] step=4418 loss=0.016367 lr=9.952e-06
[train] step=4419 loss=0.021118 lr=9.952e-06
[train] step=4420 loss=0.021361 lr=9.952e-06
[train] step=4421 loss=0.013719 lr=9.952e-06
[train] step=4422 loss=0.016219 lr=9.952e-06
[train] step=4423 loss=0.026277 lr=9.952e-06
[train] step=4424 loss=0.023948 lr=9.952e-06
[train] step=4425 loss=0.012294 lr=9.952e-06
[train] step=4426 loss=0.010762 lr=9.952e-06
[train] step=4427 loss=0.018436 lr=9.952e-06
[train] step=4428 loss=0.017905 lr=9.952e-06
[train] step=4429 loss=0.013470 lr=9.952e-06
[train] step=4430 loss=0.014647 lr=9.952e-06
[train] step=4431 loss=0.029970 lr=9.952e-06
[train] step=4432 loss=0.010516 lr=9.952e-06
[train] step=4433 loss=0.018769 lr=9.952e-06
[train] step=4434 loss=0.027799 lr=9.952e-06
[train] step=4435 loss=0.022569 lr=9.952e-06
[train] step=4436 loss=0.018830 lr=9.952e-06
[train] step=4437 loss=0.010624 lr=9.952e-06
[train] step=4438 loss=0.022184 lr=9.952e-06
[train] step=4439 loss=0.011018 lr=9.952e-06
[train] step=4440 loss=0.033578 lr=9.952e-06
[train] step=4441 loss=0.021781 lr=9.951e-06
[train] step=4442 loss=0.008644 lr=9.951e-06
[train] step=4443 loss=0.016309 lr=9.951e-06
[train] step=4444 loss=0.009607 lr=9.951e-06
[train] step=4445 loss=0.015315 lr=9.951e-06
[train] step=4446 loss=0.008752 lr=9.951e-06
[train] step=4447 loss=0.022449 lr=9.951e-06
[train] step=4448 loss=0.015422 lr=9.951e-06
[train] step=4449 loss=0.014266 lr=9.951e-06
[train] step=4450 loss=0.013963 lr=9.951e-06
[train] step=4451 loss=0.024638 lr=9.951e-06
[train] step=4452 loss=0.018543 lr=9.951e-06
[train] step=4453 loss=0.012158 lr=9.951e-06
[train] step=4454 loss=0.012666 lr=9.951e-06
[train] step=4455 loss=0.014375 lr=9.951e-06
[train] step=4456 loss=0.019626 lr=9.951e-06
[train] step=4457 loss=0.018085 lr=9.951e-06
[train] step=4458 loss=0.044899 lr=9.951e-06
[train] step=4459 loss=0.048722 lr=9.951e-06
[train] step=4460 loss=0.016863 lr=9.951e-06
[train] step=4461 loss=0.015401 lr=9.951e-06
[train] step=4462 loss=0.020273 lr=9.951e-06
[train] step=4463 loss=0.023813 lr=9.951e-06
[train] step=4464 loss=0.018951 lr=9.951e-06
[train] step=4465 loss=0.013677 lr=9.951e-06
[train] step=4466 loss=0.098605 lr=9.951e-06
[train] step=4467 loss=0.023601 lr=9.951e-06
[train] step=4468 loss=0.010008 lr=9.951e-06
[train] step=4469 loss=0.018736 lr=9.951e-06
[train] step=4470 loss=0.024274 lr=9.951e-06
[train] step=4471 loss=0.018893 lr=9.951e-06
[train] step=4472 loss=0.013928 lr=9.951e-06
[train] step=4473 loss=0.016353 lr=9.951e-06
[train] step=4474 loss=0.029490 lr=9.951e-06
[train] step=4475 loss=0.011383 lr=9.951e-06
[train] step=4476 loss=0.048023 lr=9.951e-06
[train] step=4477 loss=0.012679 lr=9.951e-06
[train] step=4478 loss=0.018221 lr=9.951e-06
[train] step=4479 loss=0.014787 lr=9.951e-06
[train] step=4480 loss=0.008706 lr=9.951e-06
[train] step=4481 loss=0.017461 lr=9.951e-06
[train] step=4482 loss=0.014390 lr=9.951e-06
[train] step=4483 loss=0.019380 lr=9.951e-06
[train] step=4484 loss=0.018195 lr=9.951e-06
[train] step=4485 loss=0.045079 lr=9.951e-06
[train] step=4486 loss=0.016339 lr=9.950e-06
[train] step=4487 loss=0.012268 lr=9.950e-06
[train] step=4488 loss=0.015854 lr=9.950e-06
[train] step=4489 loss=0.015693 lr=9.950e-06
[train] step=4490 loss=0.012100 lr=9.950e-06
[train] step=4491 loss=0.009737 lr=9.950e-06
[train] step=4492 loss=0.012625 lr=9.950e-06
[train] step=4493 loss=0.027363 lr=9.950e-06
[train] step=4494 loss=0.014098 lr=9.950e-06
[train] step=4495 loss=0.015479 lr=9.950e-06
[train] step=4496 loss=0.013630 lr=9.950e-06
[train] step=4497 loss=0.015621 lr=9.950e-06
[train] step=4498 loss=0.025972 lr=9.950e-06
[train] step=4499 loss=0.013113 lr=9.950e-06
[train] step=4500 loss=0.010793 lr=9.950e-06
INFO     [rank 0] Model weights for step 4500 saved in       dit_trainer.py:1085
         checkpoints/model_weights_step_04500.safetensors                       
INFO     [rank 0] Scalar embedding weights for step 4500     dit_trainer.py:1092
         saved                                                                  
INFO     [rank 0] Training state saved:                      dit_trainer.py:1123
         checkpoints/model_weights_step_04500.state.pt                          
DEBUG    [rank 0] Removed old checkpoint:                    dit_trainer.py:1136
         /local/disk/hramachandran/work/wh_work/windinet/dit                    
         _throughput_sweep_bs2/checkpoints/model_weights_ste                    
         p_04000.safetensors                                                    
DEBUG    [rank 0] Removed old checkpoint:                    dit_trainer.py:1136
         /local/disk/hramachandran/work/wh_work/windinet/dit                    
         _throughput_sweep_bs2/checkpoints/model_weights_ste                    
         p_04000.state.pt                                                       
DEBUG    [rank 0] Removed old checkpoint:                    dit_trainer.py:1136
         /local/disk/hramachandran/work/wh_work/windinet/dit                    
         _throughput_sweep_bs2/checkpoints/scalar_embedding_                    
         step_04000.safetensors                                                 
[epoch 9] step=4500 train_loss=0.025205
[train] step=4501 loss=0.012920 lr=9.950e-06
[train] step=4502 loss=0.020086 lr=9.950e-06
[train] step=4503 loss=0.008292 lr=9.950e-06
[train] step=4504 loss=0.072333 lr=9.950e-06
[train] step=4505 loss=0.009782 lr=9.950e-06
[train] step=4506 loss=0.010565 lr=9.950e-06
[train] step=4507 loss=0.028507 lr=9.950e-06
[train] step=4508 loss=0.019846 lr=9.950e-06
[train] step=4509 loss=0.119518 lr=9.950e-06
[train] step=4510 loss=0.020419 lr=9.950e-06
[train] step=4511 loss=0.012665 lr=9.950e-06
[train] step=4512 loss=0.016443 lr=9.950e-06
[train] step=4513 loss=0.013891 lr=9.950e-06
[train] step=4514 loss=0.017996 lr=9.950e-06
[train] step=4515 loss=0.020971 lr=9.950e-06
[train] step=4516 loss=0.024226 lr=9.950e-06
[train] step=4517 loss=0.008045 lr=9.950e-06
[train] step=4518 loss=0.047977 lr=9.950e-06
[train] step=4519 loss=0.017902 lr=9.950e-06
[train] step=4520 loss=0.047277 lr=9.950e-06
[train] step=4521 loss=0.012820 lr=9.950e-06
[train] step=4522 loss=0.015081 lr=9.950e-06
[train] step=4523 loss=0.012960 lr=9.950e-06
[train] step=4524 loss=0.013113 lr=9.950e-06
[train] step=4525 loss=0.034809 lr=9.950e-06
[train] step=4526 loss=0.009910 lr=9.950e-06
[train] step=4527 loss=0.062781 lr=9.950e-06
[train] step=4528 loss=0.011513 lr=9.950e-06
[train] step=4529 loss=0.017400 lr=9.950e-06
[train] step=4530 loss=0.049199 lr=9.950e-06
[train] step=4531 loss=0.012646 lr=9.950e-06
[train] step=4532 loss=0.012785 lr=9.949e-06
[train] step=4533 loss=0.012590 lr=9.949e-06
[train] step=4534 loss=0.041589 lr=9.949e-06
[train] step=4535 loss=0.112319 lr=9.949e-06
[train] step=4536 loss=0.082558 lr=9.949e-06
[train] step=4537 loss=0.010579 lr=9.949e-06
[train] step=4538 loss=0.013451 lr=9.949e-06
[train] step=4539 loss=0.013894 lr=9.949e-06
[train] step=4540 loss=0.024422 lr=9.949e-06
[train] step=4541 loss=0.024979 lr=9.949e-06
[train] step=4542 loss=0.021663 lr=9.949e-06
[train] step=4543 loss=0.046102 lr=9.949e-06
[train] step=4544 loss=0.017468 lr=9.949e-06
[train] step=4545 loss=0.028681 lr=9.949e-06
[train] step=4546 loss=0.014092 lr=9.949e-06
[train] step=4547 loss=0.020982 lr=9.949e-06
[train] step=4548 loss=0.021100 lr=9.949e-06
[train] step=4549 loss=0.026283 lr=9.949e-06
[train] step=4550 loss=0.012393 lr=9.949e-06
[train] step=4551 loss=0.020535 lr=9.949e-06
[train] step=4552 loss=0.015942 lr=9.949e-06
[train] step=4553 loss=0.013009 lr=9.949e-06
[train] step=4554 loss=0.039665 lr=9.949e-06
[train] step=4555 loss=0.016847 lr=9.949e-06
[train] step=4556 loss=0.014099 lr=9.949e-06
[train] step=4557 loss=0.071697 lr=9.949e-06
[train] step=4558 loss=0.051295 lr=9.949e-06
[train] step=4559 loss=0.127752 lr=9.949e-06
[train] step=4560 loss=0.015133 lr=9.949e-06
[train] step=4561 loss=0.016045 lr=9.949e-06
[train] step=4562 loss=0.012644 lr=9.949e-06
[train] step=4563 loss=0.029023 lr=9.949e-06
[train] step=4564 loss=0.012157 lr=9.949e-06
[train] step=4565 loss=0.010783 lr=9.949e-06
[train] step=4566 loss=0.015844 lr=9.949e-06
[train] step=4567 loss=0.011907 lr=9.949e-06
[train] step=4568 loss=0.013114 lr=9.949e-06
[train] step=4569 loss=0.072619 lr=9.949e-06
[train] step=4570 loss=0.016519 lr=9.949e-06
[train] step=4571 loss=0.059656 lr=9.949e-06
[train] step=4572 loss=0.021414 lr=9.949e-06
[train] step=4573 loss=0.016995 lr=9.949e-06
[train] step=4574 loss=0.027220 lr=9.949e-06
[train] step=4575 loss=0.144073 lr=9.949e-06
[train] step=4576 loss=0.017303 lr=9.948e-06
[train] step=4577 loss=0.019053 lr=9.948e-06
[train] step=4578 loss=0.017741 lr=9.948e-06
[train] step=4579 loss=0.019133 lr=9.948e-06
[train] step=4580 loss=0.011910 lr=9.948e-06
[train] step=4581 loss=0.019056 lr=9.948e-06
[train] step=4582 loss=0.021002 lr=9.948e-06
[train] step=4583 loss=0.012138 lr=9.948e-06
[train] step=4584 loss=0.019300 lr=9.948e-06
[train] step=4585 loss=0.032416 lr=9.948e-06
[train] step=4586 loss=0.012892 lr=9.948e-06
[train] step=4587 loss=0.017419 lr=9.948e-06
[train] step=4588 loss=0.030887 lr=9.948e-06
[train] step=4589 loss=0.014999 lr=9.948e-06
[train] step=4590 loss=0.014765 lr=9.948e-06
[train] step=4591 loss=0.021738 lr=9.948e-06
[train] step=4592 loss=0.015884 lr=9.948e-06
[train] step=4593 loss=0.038621 lr=9.948e-06
[train] step=4594 loss=0.036517 lr=9.948e-06
[train] step=4595 loss=0.025849 lr=9.948e-06
[train] step=4596 loss=0.016411 lr=9.948e-06
[train] step=4597 loss=0.030779 lr=9.948e-06
[train] step=4598 loss=0.028237 lr=9.948e-06
[train] step=4599 loss=0.021500 lr=9.948e-06
[train] step=4600 loss=0.014908 lr=9.948e-06
[train] step=4601 loss=0.021740 lr=9.948e-06
[train] step=4602 loss=0.013193 lr=9.948e-06
[train] step=4603 loss=0.019275 lr=9.948e-06
[train] step=4604 loss=0.019751 lr=9.948e-06
[train] step=4605 loss=0.019866 lr=9.948e-06
[train] step=4606 loss=0.013359 lr=9.948e-06
[train] step=4607 loss=0.064211 lr=9.948e-06
[train] step=4608 loss=0.009973 lr=9.948e-06
[train] step=4609 loss=0.016566 lr=9.948e-06
[train] step=4610 loss=0.011709 lr=9.948e-06
[train] step=4611 loss=0.026087 lr=9.948e-06
[train] step=4612 loss=0.019972 lr=9.948e-06
[train] step=4613 loss=0.020414 lr=9.948e-06
[train] step=4614 loss=0.020067 lr=9.948e-06
[train] step=4615 loss=0.022195 lr=9.948e-06
[train] step=4616 loss=0.027504 lr=9.948e-06
[train] step=4617 loss=0.015595 lr=9.948e-06
[train] step=4618 loss=0.022517 lr=9.948e-06
[train] step=4619 loss=0.032828 lr=9.948e-06
[train] step=4620 loss=0.022674 lr=9.948e-06
[train] step=4621 loss=0.013165 lr=9.947e-06
[train] step=4622 loss=0.015606 lr=9.947e-06
[train] step=4623 loss=0.019687 lr=9.947e-06
[train] step=4624 loss=0.014570 lr=9.947e-06
[train] step=4625 loss=0.013055 lr=9.947e-06
[train] step=4626 loss=0.029732 lr=9.947e-06
[train] step=4627 loss=0.011637 lr=9.947e-06
[train] step=4628 loss=0.012707 lr=9.947e-06
[train] step=4629 loss=0.019261 lr=9.947e-06
[train] step=4630 loss=0.013917 lr=9.947e-06
[train] step=4631 loss=0.013002 lr=9.947e-06
[train] step=4632 loss=0.016659 lr=9.947e-06
[train] step=4633 loss=0.031890 lr=9.947e-06
[train] step=4634 loss=0.013114 lr=9.947e-06
[train] step=4635 loss=0.013254 lr=9.947e-06
[train] step=4636 loss=0.013182 lr=9.947e-06
[train] step=4637 loss=0.015993 lr=9.947e-06
[train] step=4638 loss=0.010183 lr=9.947e-06
[train] step=4639 loss=0.010737 lr=9.947e-06
[train] step=4640 loss=0.018279 lr=9.947e-06
[train] step=4641 loss=0.015446 lr=9.947e-06
[train] step=4642 loss=0.045194 lr=9.947e-06
[train] step=4643 loss=0.009406 lr=9.947e-06
[train] step=4644 loss=0.012419 lr=9.947e-06
[train] step=4645 loss=0.010753 lr=9.947e-06
[train] step=4646 loss=0.011786 lr=9.947e-06
[train] step=4647 loss=0.016947 lr=9.947e-06
[train] step=4648 loss=0.025150 lr=9.947e-06
[train] step=4649 loss=0.038834 lr=9.947e-06
[train] step=4650 loss=0.009222 lr=9.947e-06
[train] step=4651 loss=0.074361 lr=9.947e-06
[train] step=4652 loss=0.010273 lr=9.947e-06
[train] step=4653 loss=0.019056 lr=9.947e-06
[train] step=4654 loss=0.023491 lr=9.947e-06
[train] step=4655 loss=0.011397 lr=9.947e-06
[train] step=4656 loss=0.012790 lr=9.947e-06
[train] step=4657 loss=0.037993 lr=9.947e-06
[train] step=4658 loss=0.026176 lr=9.947e-06
[train] step=4659 loss=0.016699 lr=9.947e-06
[train] step=4660 loss=0.026231 lr=9.947e-06
[train] step=4661 loss=0.013298 lr=9.947e-06
[train] step=4662 loss=0.025624 lr=9.947e-06
[train] step=4663 loss=0.014876 lr=9.947e-06
[train] step=4664 loss=0.011044 lr=9.946e-06
[train] step=4665 loss=0.021691 lr=9.946e-06
[train] step=4666 loss=0.014985 lr=9.946e-06
[train] step=4667 loss=0.014578 lr=9.946e-06
[train] step=4668 loss=0.017297 lr=9.946e-06
[train] step=4669 loss=0.013641 lr=9.946e-06
[train] step=4670 loss=0.024256 lr=9.946e-06
[train] step=4671 loss=0.014556 lr=9.946e-06
[train] step=4672 loss=0.030610 lr=9.946e-06
[train] step=4673 loss=0.012910 lr=9.946e-06
[train] step=4674 loss=0.015404 lr=9.946e-06
[train] step=4675 loss=0.015028 lr=9.946e-06
[train] step=4676 loss=0.015520 lr=9.946e-06
[train] step=4677 loss=0.013770 lr=9.946e-06
[train] step=4678 loss=0.012262 lr=9.946e-06
[train] step=4679 loss=0.045824 lr=9.946e-06
[train] step=4680 loss=0.015159 lr=9.946e-06
[train] step=4681 loss=0.015429 lr=9.946e-06
[train] step=4682 loss=0.030565 lr=9.946e-06
[train] step=4683 loss=0.020309 lr=9.946e-06
[train] step=4684 loss=0.011709 lr=9.946e-06
[train] step=4685 loss=0.018262 lr=9.946e-06
[train] step=4686 loss=0.018236 lr=9.946e-06
[train] step=4687 loss=0.015205 lr=9.946e-06
[train] step=4688 loss=0.032389 lr=9.946e-06
[train] step=4689 loss=0.033551 lr=9.946e-06
[train] step=4690 loss=0.014333 lr=9.946e-06
[train] step=4691 loss=0.012515 lr=9.946e-06
[train] step=4692 loss=0.029169 lr=9.946e-06
[train] step=4693 loss=0.010196 lr=9.946e-06
[train] step=4694 loss=0.013579 lr=9.946e-06
[train] step=4695 loss=0.029416 lr=9.946e-06
[train] step=4696 loss=0.020332 lr=9.946e-06
[train] step=4697 loss=0.015251 lr=9.946e-06
[train] step=4698 loss=0.078181 lr=9.946e-06
[train] step=4699 loss=0.024385 lr=9.946e-06
[train] step=4700 loss=0.010995 lr=9.946e-06
[train] step=4701 loss=0.064454 lr=9.946e-06
[train] step=4702 loss=0.018310 lr=9.946e-06
[train] step=4703 loss=0.014076 lr=9.946e-06
[train] step=4704 loss=0.021593 lr=9.946e-06
[train] step=4705 loss=0.012975 lr=9.946e-06
[train] step=4706 loss=0.018232 lr=9.946e-06
[train] step=4707 loss=0.016160 lr=9.946e-06
[train] step=4708 loss=0.032970 lr=9.945e-06
[train] step=4709 loss=0.012049 lr=9.945e-06
[train] step=4710 loss=0.034425 lr=9.945e-06
[train] step=4711 loss=0.014903 lr=9.945e-06
[train] step=4712 loss=0.023645 lr=9.945e-06
[train] step=4713 loss=0.016750 lr=9.945e-06
[train] step=4714 loss=0.026612 lr=9.945e-06
[train] step=4715 loss=0.013633 lr=9.945e-06
[train] step=4716 loss=0.012832 lr=9.945e-06
[train] step=4717 loss=0.170025 lr=9.945e-06
[train] step=4718 loss=0.024737 lr=9.945e-06
[train] step=4719 loss=0.009949 lr=9.945e-06
[train] step=4720 loss=0.012109 lr=9.945e-06
[train] step=4721 loss=0.082910 lr=9.945e-06
[train] step=4722 loss=0.038468 lr=9.945e-06
[train] step=4723 loss=0.017958 lr=9.945e-06
[train] step=4724 loss=0.014838 lr=9.945e-06
[train] step=4725 loss=0.014145 lr=9.945e-06
[train] step=4726 loss=0.023501 lr=9.945e-06
[train] step=4727 loss=0.011499 lr=9.945e-06
[train] step=4728 loss=0.015225 lr=9.945e-06
[train] step=4729 loss=0.011620 lr=9.945e-06
[train] step=4730 loss=0.017069 lr=9.945e-06
[train] step=4731 loss=0.011377 lr=9.945e-06
[train] step=4732 loss=0.048233 lr=9.945e-06
[train] step=4733 loss=0.023868 lr=9.945e-06
[train] step=4734 loss=0.008126 lr=9.945e-06
[train] step=4735 loss=0.014640 lr=9.945e-06
[train] step=4736 loss=0.011092 lr=9.945e-06
[train] step=4737 loss=0.027983 lr=9.945e-06
[train] step=4738 loss=0.021668 lr=9.945e-06
[train] step=4739 loss=0.017436 lr=9.945e-06
[train] step=4740 loss=0.101024 lr=9.945e-06
[train] step=4741 loss=0.019254 lr=9.945e-06
[train] step=4742 loss=0.008654 lr=9.945e-06
[train] step=4743 loss=0.014994 lr=9.945e-06
[train] step=4744 loss=0.011860 lr=9.945e-06
[train] step=4745 loss=0.013929 lr=9.945e-06
[train] step=4746 loss=0.018144 lr=9.945e-06
[train] step=4747 loss=0.028057 lr=9.945e-06
[train] step=4748 loss=0.014666 lr=9.945e-06
[train] step=4749 loss=0.016806 lr=9.945e-06
[train] step=4750 loss=0.020791 lr=9.945e-06
[train] step=4751 loss=0.016477 lr=9.944e-06
[train] step=4752 loss=0.024412 lr=9.944e-06
[train] step=4753 loss=0.014771 lr=9.944e-06
[train] step=4754 loss=0.102468 lr=9.944e-06
[train] step=4755 loss=0.070124 lr=9.944e-06
[train] step=4756 loss=0.011952 lr=9.944e-06
[train] step=4757 loss=0.012593 lr=9.944e-06
[train] step=4758 loss=0.038174 lr=9.944e-06
[train] step=4759 loss=0.015767 lr=9.944e-06
[train] step=4760 loss=0.020211 lr=9.944e-06
[train] step=4761 loss=0.014071 lr=9.944e-06
[train] step=4762 loss=0.010800 lr=9.944e-06
[train] step=4763 loss=0.013968 lr=9.944e-06
[train] step=4764 loss=0.008699 lr=9.944e-06
[train] step=4765 loss=0.012698 lr=9.944e-06
[train] step=4766 loss=0.016870 lr=9.944e-06
[train] step=4767 loss=0.018356 lr=9.944e-06
[train] step=4768 loss=0.009766 lr=9.944e-06
[train] step=4769 loss=0.008545 lr=9.944e-06
[train] step=4770 loss=0.015004 lr=9.944e-06
[train] step=4771 loss=0.063604 lr=9.944e-06
[train] step=4772 loss=0.022161 lr=9.944e-06
[train] step=4773 loss=0.077674 lr=9.944e-06
[train] step=4774 loss=0.010111 lr=9.944e-06
[train] step=4775 loss=0.018452 lr=9.944e-06
[train] step=4776 loss=0.014611 lr=9.944e-06
[train] step=4777 loss=0.010346 lr=9.944e-06
[train] step=4778 loss=0.028243 lr=9.944e-06
[train] step=4779 loss=0.015520 lr=9.944e-06
[train] step=4780 loss=0.008203 lr=9.944e-06
[train] step=4781 loss=0.033991 lr=9.944e-06
[train] step=4782 loss=0.009711 lr=9.944e-06
[train] step=4783 loss=0.012492 lr=9.944e-06
[train] step=4784 loss=0.013462 lr=9.944e-06
[train] step=4785 loss=0.026577 lr=9.944e-06
[train] step=4786 loss=0.013082 lr=9.944e-06
[train] step=4787 loss=0.013979 lr=9.944e-06
[train] step=4788 loss=0.014488 lr=9.944e-06
[train] step=4789 loss=0.025218 lr=9.944e-06
[train] step=4790 loss=0.017400 lr=9.944e-06
[train] step=4791 loss=0.015016 lr=9.944e-06
[train] step=4792 loss=0.013774 lr=9.944e-06
[train] step=4793 loss=0.023979 lr=9.944e-06
[train] step=4794 loss=0.043434 lr=9.943e-06
[train] step=4795 loss=0.012183 lr=9.943e-06
[train] step=4796 loss=0.012882 lr=9.943e-06
[train] step=4797 loss=0.016349 lr=9.943e-06
[train] step=4798 loss=0.009646 lr=9.943e-06
[train] step=4799 loss=0.016525 lr=9.943e-06
[train] step=4800 loss=0.010375 lr=9.943e-06
[train] step=4801 loss=0.015158 lr=9.943e-06
[train] step=4802 loss=0.006995 lr=9.943e-06
[train] step=4803 loss=0.016782 lr=9.943e-06
[train] step=4804 loss=0.013171 lr=9.943e-06
[train] step=4805 loss=0.033785 lr=9.943e-06
[train] step=4806 loss=0.013628 lr=9.943e-06
[train] step=4807 loss=0.014662 lr=9.943e-06
[train] step=4808 loss=0.020903 lr=9.943e-06
[train] step=4809 loss=0.016859 lr=9.943e-06
[train] step=4810 loss=0.013088 lr=9.943e-06
[train] step=4811 loss=0.014820 lr=9.943e-06
[train] step=4812 loss=0.013580 lr=9.943e-06
[train] step=4813 loss=0.010543 lr=9.943e-06
[train] step=4814 loss=0.016085 lr=9.943e-06
[train] step=4815 loss=0.011647 lr=9.943e-06
[train] step=4816 loss=0.011803 lr=9.943e-06
[train] step=4817 loss=0.013733 lr=9.943e-06
[train] step=4818 loss=0.021909 lr=9.943e-06
[train] step=4819 loss=0.009445 lr=9.943e-06
[train] step=4820 loss=0.067289 lr=9.943e-06
[train] step=4821 loss=0.009524 lr=9.943e-06
[train] step=4822 loss=0.011507 lr=9.943e-06
[train] step=4823 loss=0.017276 lr=9.943e-06
[train] step=4824 loss=0.014460 lr=9.943e-06
[train] step=4825 loss=0.013866 lr=9.943e-06
[train] step=4826 loss=0.008259 lr=9.943e-06
[train] step=4827 loss=0.012811 lr=9.943e-06
[train] step=4828 loss=0.008881 lr=9.943e-06
[train] step=4829 loss=0.012986 lr=9.943e-06
[train] step=4830 loss=0.010528 lr=9.943e-06
[train] step=4831 loss=0.014621 lr=9.943e-06
[train] step=4832 loss=0.011882 lr=9.943e-06
[train] step=4833 loss=0.009448 lr=9.943e-06
[train] step=4834 loss=0.010349 lr=9.943e-06
[train] step=4835 loss=0.014002 lr=9.943e-06
[train] step=4836 loss=0.015258 lr=9.942e-06
[train] step=4837 loss=0.009584 lr=9.942e-06
[train] step=4838 loss=0.030104 lr=9.942e-06
[train] step=4839 loss=0.019869 lr=9.942e-06
[train] step=4840 loss=0.012093 lr=9.942e-06
[train] step=4841 loss=0.015990 lr=9.942e-06
[train] step=4842 loss=0.011662 lr=9.942e-06
[train] step=4843 loss=0.020710 lr=9.942e-06
[train] step=4844 loss=0.011691 lr=9.942e-06
[train] step=4845 loss=0.011085 lr=9.942e-06
[train] step=4846 loss=0.019202 lr=9.942e-06
[train] step=4847 loss=0.010593 lr=9.942e-06
[train] step=4848 loss=0.009140 lr=9.942e-06
[train] step=4849 loss=0.167839 lr=9.942e-06
[train] step=4850 loss=0.011796 lr=9.942e-06
[train] step=4851 loss=0.010459 lr=9.942e-06
[train] step=4852 loss=0.006772 lr=9.942e-06
[train] step=4853 loss=0.009231 lr=9.942e-06
[train] step=4854 loss=0.029450 lr=9.942e-06
[train] step=4855 loss=0.011578 lr=9.942e-06
[train] step=4856 loss=0.012232 lr=9.942e-06
[train] step=4857 loss=0.047772 lr=9.942e-06
[train] step=4858 loss=0.027830 lr=9.942e-06
[train] step=4859 loss=0.016825 lr=9.942e-06
[train] step=4860 loss=0.016355 lr=9.942e-06
[train] step=4861 loss=0.082551 lr=9.942e-06
[train] step=4862 loss=0.011753 lr=9.942e-06
[train] step=4863 loss=0.011174 lr=9.942e-06
[train] step=4864 loss=0.020137 lr=9.942e-06
[train] step=4865 loss=0.028049 lr=9.942e-06
[train] step=4866 loss=0.031067 lr=9.942e-06
[train] step=4867 loss=0.009651 lr=9.942e-06
[train] step=4868 loss=0.014374 lr=9.942e-06
[train] step=4869 loss=0.016798 lr=9.942e-06
[train] step=4870 loss=0.010427 lr=9.942e-06
[train] step=4871 loss=0.020242 lr=9.942e-06
[train] step=4872 loss=0.031985 lr=9.942e-06
[train] step=4873 loss=0.009657 lr=9.942e-06
[train] step=4874 loss=0.011610 lr=9.942e-06
[train] step=4875 loss=0.012558 lr=9.942e-06
[train] step=4876 loss=0.010922 lr=9.942e-06
[train] step=4877 loss=0.013170 lr=9.942e-06
[train] step=4878 loss=0.021890 lr=9.941e-06
[train] step=4879 loss=0.011362 lr=9.941e-06
[train] step=4880 loss=0.016750 lr=9.941e-06
[train] step=4881 loss=0.013755 lr=9.941e-06
[train] step=4882 loss=0.012026 lr=9.941e-06
[train] step=4883 loss=0.047138 lr=9.941e-06
[train] step=4884 loss=0.021692 lr=9.941e-06
[train] step=4885 loss=0.049101 lr=9.941e-06
[train] step=4886 loss=0.011772 lr=9.941e-06
[train] step=4887 loss=0.014451 lr=9.941e-06
[train] step=4888 loss=0.020308 lr=9.941e-06
[train] step=4889 loss=0.008327 lr=9.941e-06
[train] step=4890 loss=0.017455 lr=9.941e-06
[train] step=4891 loss=0.127758 lr=9.941e-06
[train] step=4892 loss=0.014951 lr=9.941e-06
[train] step=4893 loss=0.018653 lr=9.941e-06
[train] step=4894 loss=0.008903 lr=9.941e-06
[train] step=4895 loss=0.041818 lr=9.941e-06
[train] step=4896 loss=0.022716 lr=9.941e-06
[train] step=4897 loss=0.012254 lr=9.941e-06
[train] step=4898 loss=0.014324 lr=9.941e-06
[train] step=4899 loss=0.013888 lr=9.941e-06
[train] step=4900 loss=0.031544 lr=9.941e-06
[train] step=4901 loss=0.013036 lr=9.941e-06
[train] step=4902 loss=0.013508 lr=9.941e-06
[train] step=4903 loss=0.027440 lr=9.941e-06
[train] step=4904 loss=0.012213 lr=9.941e-06
[train] step=4905 loss=0.009704 lr=9.941e-06
[train] step=4906 loss=0.061507 lr=9.941e-06
[train] step=4907 loss=0.040448 lr=9.941e-06
[train] step=4908 loss=0.014124 lr=9.941e-06
[train] step=4909 loss=0.041359 lr=9.941e-06
[train] step=4910 loss=0.008878 lr=9.941e-06
[train] step=4911 loss=0.011073 lr=9.941e-06
[train] step=4912 loss=0.015907 lr=9.941e-06
[train] step=4913 loss=0.015008 lr=9.941e-06
[train] step=4914 loss=0.013526 lr=9.941e-06
[train] step=4915 loss=0.022130 lr=9.941e-06
[train] step=4916 loss=0.009862 lr=9.941e-06
[train] step=4917 loss=0.012312 lr=9.941e-06
[train] step=4918 loss=0.036301 lr=9.941e-06
[train] step=4919 loss=0.010254 lr=9.940e-06
[train] step=4920 loss=0.028350 lr=9.940e-06
[train] step=4921 loss=0.018834 lr=9.940e-06
[train] step=4922 loss=0.011439 lr=9.940e-06
[train] step=4923 loss=0.065112 lr=9.940e-06
[train] step=4924 loss=0.008397 lr=9.940e-06
[train] step=4925 loss=0.028362 lr=9.940e-06
[train] step=4926 loss=0.019143 lr=9.940e-06
[train] step=4927 loss=0.012648 lr=9.940e-06
[train] step=4928 loss=0.011043 lr=9.940e-06
[train] step=4929 loss=0.023128 lr=9.940e-06
[train] step=4930 loss=0.016900 lr=9.940e-06
[train] step=4931 loss=0.017138 lr=9.940e-06
[train] step=4932 loss=0.024104 lr=9.940e-06
[train] step=4933 loss=0.011920 lr=9.940e-06
[train] step=4934 loss=0.025864 lr=9.940e-06
[train] step=4935 loss=0.042116 lr=9.940e-06
[train] step=4936 loss=0.016726 lr=9.940e-06
[train] step=4937 loss=0.014690 lr=9.940e-06
[train] step=4938 loss=0.015274 lr=9.940e-06
[train] step=4939 loss=0.015447 lr=9.940e-06
[train] step=4940 loss=0.016272 lr=9.940e-06
[train] step=4941 loss=0.018854 lr=9.940e-06
[train] step=4942 loss=0.008056 lr=9.940e-06
[train] step=4943 loss=0.012258 lr=9.940e-06
[train] step=4944 loss=0.014561 lr=9.940e-06
[train] step=4945 loss=0.020008 lr=9.940e-06
[train] step=4946 loss=0.012536 lr=9.940e-06
[train] step=4947 loss=0.012575 lr=9.940e-06
[train] step=4948 loss=0.009773 lr=9.940e-06
[train] step=4949 loss=0.019018 lr=9.940e-06
[train] step=4950 loss=0.024484 lr=9.940e-06
[train] step=4951 loss=0.014370 lr=9.940e-06
[train] step=4952 loss=0.009950 lr=9.940e-06
[train] step=4953 loss=0.015529 lr=9.940e-06
[train] step=4954 loss=0.014600 lr=9.940e-06
[train] step=4955 loss=0.017052 lr=9.940e-06
[train] step=4956 loss=0.013141 lr=9.940e-06
[train] step=4957 loss=0.008064 lr=9.940e-06
[train] step=4958 loss=0.011327 lr=9.940e-06
[train] step=4959 loss=0.021234 lr=9.940e-06
[train] step=4960 loss=0.012093 lr=9.940e-06
[train] step=4961 loss=0.010646 lr=9.939e-06
[train] step=4962 loss=0.008403 lr=9.939e-06
[train] step=4963 loss=0.021453 lr=9.939e-06
[train] step=4964 loss=0.009203 lr=9.939e-06
[train] step=4965 loss=0.020014 lr=9.939e-06
[train] step=4966 loss=0.012863 lr=9.939e-06
[train] step=4967 loss=0.015877 lr=9.939e-06
[train] step=4968 loss=0.010334 lr=9.939e-06
[train] step=4969 loss=0.009489 lr=9.939e-06
[train] step=4970 loss=0.017659 lr=9.939e-06
[train] step=4971 loss=0.016898 lr=9.939e-06
[train] step=4972 loss=0.012189 lr=9.939e-06
[train] step=4973 loss=0.015092 lr=9.939e-06
[train] step=4974 loss=0.055594 lr=9.939e-06
[train] step=4975 loss=0.011614 lr=9.939e-06
[train] step=4976 loss=0.009804 lr=9.939e-06
[train] step=4977 loss=0.017488 lr=9.939e-06
[train] step=4978 loss=0.117315 lr=9.939e-06
[train] step=4979 loss=0.044976 lr=9.939e-06
[train] step=4980 loss=0.008913 lr=9.939e-06
[train] step=4981 loss=0.016179 lr=9.939e-06
[train] step=4982 loss=0.016088 lr=9.939e-06
[train] step=4983 loss=0.012670 lr=9.939e-06
[train] step=4984 loss=0.015629 lr=9.939e-06
[train] step=4985 loss=0.015076 lr=9.939e-06
[train] step=4986 loss=0.010766 lr=9.939e-06
[train] step=4987 loss=0.010538 lr=9.939e-06
[train] step=4988 loss=0.011420 lr=9.939e-06
[train] step=4989 loss=0.008586 lr=9.939e-06
[train] step=4990 loss=0.011883 lr=9.939e-06
[train] step=4991 loss=0.009387 lr=9.939e-06
[train] step=4992 loss=0.013746 lr=9.939e-06
[train] step=4993 loss=0.009330 lr=9.939e-06
[train] step=4994 loss=0.014695 lr=9.939e-06
[train] step=4995 loss=0.012120 lr=9.939e-06
[train] step=4996 loss=0.010206 lr=9.939e-06
[train] step=4997 loss=0.012865 lr=9.939e-06
[train] step=4998 loss=0.037757 lr=9.939e-06
[train] step=4999 loss=0.009178 lr=9.939e-06
[train] step=5000 loss=0.009309 lr=9.939e-06
INFO     [rank 0] Model weights for step 5000 saved in       dit_trainer.py:1085
         checkpoints/model_weights_step_05000.safetensors                       
INFO     [rank 0] Scalar embedding weights for step 5000     dit_trainer.py:1092
         saved                                                                  
INFO     [rank 0] Training state saved:                      dit_trainer.py:1123
         checkpoints/model_weights_step_05000.state.pt                          
DEBUG    [rank 0] Removed old checkpoint:                    dit_trainer.py:1136
         /local/disk/hramachandran/work/wh_work/windinet/dit                    
         _throughput_sweep_bs2/checkpoints/model_weights_ste                    
         p_04500.safetensors                                                    
DEBUG    [rank 0] Removed old checkpoint:                    dit_trainer.py:1136
         /local/disk/hramachandran/work/wh_work/windinet/dit                    
         _throughput_sweep_bs2/checkpoints/model_weights_ste                    
         p_04500.state.pt                                                       
DEBUG    [rank 0] Removed old checkpoint:                    dit_trainer.py:1136
         /local/disk/hramachandran/work/wh_work/windinet/dit                    
         _throughput_sweep_bs2/checkpoints/scalar_embedding_                    
         step_04500.safetensors                                                 
[epoch 10] step=5000 train_loss=0.021982
[train] step=5001 loss=0.014964 lr=9.939e-06
[train] step=5002 loss=0.015515 lr=9.938e-06
[train] step=5003 loss=0.019588 lr=9.938e-06
[train] step=5004 loss=0.017609 lr=9.938e-06
[train] step=5005 loss=0.009923 lr=9.938e-06
[train] step=5006 loss=0.011018 lr=9.938e-06
[train] step=5007 loss=0.031809 lr=9.938e-06
[train] step=5008 loss=0.008896 lr=9.938e-06
[train] step=5009 loss=0.012111 lr=9.938e-06
[train] step=5010 loss=0.013766 lr=9.938e-06
[train] step=5011 loss=0.011257 lr=9.938e-06
[train] step=5012 loss=0.021582 lr=9.938e-06
[train] step=5013 loss=0.017245 lr=9.938e-06
[train] step=5014 loss=0.020538 lr=9.938e-06
[train] step=5015 loss=0.014092 lr=9.938e-06
[train] step=5016 loss=0.012535 lr=9.938e-06
[train] step=5017 loss=0.022622 lr=9.938e-06
[train] step=5018 loss=0.010831 lr=9.938e-06
[train] step=5019 loss=0.021778 lr=9.938e-06
[train] step=5020 loss=0.008639 lr=9.938e-06
[train] step=5021 loss=0.011348 lr=9.938e-06
[train] step=5022 loss=0.011915 lr=9.938e-06
[train] step=5023 loss=0.025073 lr=9.938e-06
[train] step=5024 loss=0.038365 lr=9.938e-06
[train] step=5025 loss=0.020565 lr=9.938e-06
[train] step=5026 loss=0.015897 lr=9.938e-06
[train] step=5027 loss=0.017965 lr=9.938e-06
[train] step=5028 loss=0.010587 lr=9.938e-06
[train] step=5029 loss=0.012208 lr=9.938e-06
[train] step=5030 loss=0.010081 lr=9.938e-06
[train] step=5031 loss=0.010741 lr=9.938e-06
[train] step=5032 loss=0.023525 lr=9.938e-06
[train] step=5033 loss=0.010864 lr=9.938e-06
[train] step=5034 loss=0.026481 lr=9.938e-06
[train] step=5035 loss=0.028659 lr=9.938e-06
[train] step=5036 loss=0.012208 lr=9.938e-06
[train] step=5037 loss=0.012368 lr=9.938e-06
[train] step=5038 loss=0.008840 lr=9.938e-06
[train] step=5039 loss=0.178023 lr=9.938e-06
[train] step=5040 loss=0.016430 lr=9.938e-06
[train] step=5041 loss=0.024495 lr=9.938e-06
[train] step=5042 loss=0.017432 lr=9.937e-06
[train] step=5043 loss=0.011861 lr=9.937e-06
[train] step=5044 loss=0.056243 lr=9.937e-06
[train] step=5045 loss=0.010482 lr=9.937e-06
[train] step=5046 loss=0.013816 lr=9.937e-06
[train] step=5047 loss=0.009623 lr=9.937e-06
[train] step=5048 loss=0.009691 lr=9.937e-06
[train] step=5049 loss=0.073877 lr=9.937e-06
[train] step=5050 loss=0.018404 lr=9.937e-06
[train] step=5051 loss=0.074189 lr=9.937e-06
[train] step=5052 loss=0.026619 lr=9.937e-06
[train] step=5053 loss=0.014029 lr=9.937e-06
[train] step=5054 loss=0.013836 lr=9.937e-06
[train] step=5055 loss=0.011505 lr=9.937e-06
[train] step=5056 loss=0.110345 lr=9.937e-06
[train] step=5057 loss=0.016624 lr=9.937e-06
[train] step=5058 loss=0.019839 lr=9.937e-06
[train] step=5059 loss=0.014181 lr=9.937e-06
[train] step=5060 loss=0.013022 lr=9.937e-06
[train] step=5061 loss=0.018529 lr=9.937e-06
[train] step=5062 loss=0.067031 lr=9.937e-06
[train] step=5063 loss=0.028053 lr=9.937e-06
[train] step=5064 loss=0.015355 lr=9.937e-06
[train] step=5065 loss=0.010511 lr=9.937e-06
[train] step=5066 loss=0.013596 lr=9.937e-06
[train] step=5067 loss=0.026786 lr=9.937e-06
[train] step=5068 loss=0.016251 lr=9.937e-06
[train] step=5069 loss=0.022486 lr=9.937e-06
[train] step=5070 loss=0.022691 lr=9.937e-06
[train] step=5071 loss=0.011390 lr=9.937e-06
[train] step=5072 loss=0.013260 lr=9.937e-06
[train] step=5073 loss=0.066738 lr=9.937e-06
[train] step=5074 loss=0.040738 lr=9.937e-06
[train] step=5075 loss=0.012892 lr=9.937e-06
[train] step=5076 loss=0.013420 lr=9.937e-06
[train] step=5077 loss=0.013060 lr=9.937e-06
[train] step=5078 loss=0.012815 lr=9.937e-06
[train] step=5079 loss=0.023354 lr=9.937e-06
[train] step=5080 loss=0.017552 lr=9.937e-06
[train] step=5081 loss=0.013865 lr=9.937e-06
[train] step=5082 loss=0.017272 lr=9.936e-06
[train] step=5083 loss=0.011279 lr=9.936e-06
[train] step=5084 loss=0.020370 lr=9.936e-06
[train] step=5085 loss=0.017471 lr=9.936e-06
[train] step=5086 loss=0.013554 lr=9.936e-06
[train] step=5087 loss=0.011554 lr=9.936e-06
[train] step=5088 loss=0.008428 lr=9.936e-06
[train] step=5089 loss=0.017073 lr=9.936e-06
[train] step=5090 loss=0.016591 lr=9.936e-06
[train] step=5091 loss=0.013790 lr=9.936e-06
[train] step=5092 loss=0.013253 lr=9.936e-06
[train] step=5093 loss=0.016736 lr=9.936e-06
[train] step=5094 loss=0.009979 lr=9.936e-06
[train] step=5095 loss=0.017358 lr=9.936e-06
[train] step=5096 loss=0.013354 lr=9.936e-06
[train] step=5097 loss=0.037750 lr=9.936e-06
[train] step=5098 loss=0.015246 lr=9.936e-06
[train] step=5099 loss=0.015622 lr=9.936e-06
[train] step=5100 loss=0.012720 lr=9.936e-06
[train] step=5101 loss=0.019808 lr=9.936e-06
[train] step=5102 loss=0.016453 lr=9.936e-06
[train] step=5103 loss=0.024511 lr=9.936e-06
[train] step=5104 loss=0.009805 lr=9.936e-06
[train] step=5105 loss=0.008590 lr=9.936e-06
[train] step=5106 loss=0.010684 lr=9.936e-06
[train] step=5107 loss=0.007615 lr=9.936e-06
[train] step=5108 loss=0.010360 lr=9.936e-06
[train] step=5109 loss=0.011862 lr=9.936e-06
[train] step=5110 loss=0.016934 lr=9.936e-06
[train] step=5111 loss=0.012246 lr=9.936e-06
[train] step=5112 loss=0.089025 lr=9.936e-06
[train] step=5113 loss=0.025180 lr=9.936e-06
[train] step=5114 loss=0.009372 lr=9.936e-06
[train] step=5115 loss=0.016032 lr=9.936e-06
[train] step=5116 loss=0.014688 lr=9.936e-06
[train] step=5117 loss=0.018658 lr=9.936e-06
[train] step=5118 loss=0.020531 lr=9.936e-06
[train] step=5119 loss=0.013667 lr=9.936e-06
[train] step=5120 loss=0.017629 lr=9.936e-06
[train] step=5121 loss=0.011842 lr=9.936e-06
[train] step=5122 loss=0.009797 lr=9.935e-06
[train] step=5123 loss=0.014249 lr=9.935e-06
[train] step=5124 loss=0.008243 lr=9.935e-06
[train] step=5125 loss=0.017892 lr=9.935e-06
[train] step=5126 loss=0.055775 lr=9.935e-06
[train] step=5127 loss=0.009493 lr=9.935e-06
[train] step=5128 loss=0.039523 lr=9.935e-06
[train] step=5129 loss=0.017898 lr=9.935e-06
[train] step=5130 loss=0.012753 lr=9.935e-06
[train] step=5131 loss=0.014835 lr=9.935e-06
[train] step=5132 loss=0.009402 lr=9.935e-06
[train] step=5133 loss=0.013478 lr=9.935e-06
[train] step=5134 loss=0.008464 lr=9.935e-06
[train] step=5135 loss=0.014413 lr=9.935e-06
[train] step=5136 loss=0.015073 lr=9.935e-06
[train] step=5137 loss=0.069851 lr=9.935e-06
[train] step=5138 loss=0.012729 lr=9.935e-06
[train] step=5139 loss=0.036396 lr=9.935e-06
[train] step=5140 loss=0.007209 lr=9.935e-06
[train] step=5141 loss=0.034379 lr=9.935e-06
[train] step=5142 loss=0.037371 lr=9.935e-06
[train] step=5143 loss=0.009557 lr=9.935e-06
[train] step=5144 loss=0.016861 lr=9.935e-06
[train] step=5145 loss=0.026680 lr=9.935e-06
[train] step=5146 loss=0.012184 lr=9.935e-06
[train] step=5147 loss=0.016024 lr=9.935e-06
[train] step=5148 loss=0.046132 lr=9.935e-06
[train] step=5149 loss=0.018169 lr=9.935e-06
[train] step=5150 loss=0.016410 lr=9.935e-06
[train] step=5151 loss=0.011105 lr=9.935e-06
[train] step=5152 loss=0.015482 lr=9.935e-06
[train] step=5153 loss=0.010055 lr=9.935e-06
[train] step=5154 loss=0.034564 lr=9.935e-06
[train] step=5155 loss=0.011900 lr=9.935e-06
[train] step=5156 loss=0.025822 lr=9.935e-06
[train] step=5157 loss=0.017702 lr=9.935e-06
[train] step=5158 loss=0.015425 lr=9.935e-06
[train] step=5159 loss=0.016745 lr=9.935e-06
[train] step=5160 loss=0.213059 lr=9.935e-06
[train] step=5161 loss=0.010909 lr=9.935e-06
[train] step=5162 loss=0.019188 lr=9.934e-06
[train] step=5163 loss=0.040638 lr=9.934e-06
[train] step=5164 loss=0.019852 lr=9.934e-06
[train] step=5165 loss=0.023547 lr=9.934e-06
[train] step=5166 loss=0.020755 lr=9.934e-06
[train] step=5167 loss=0.012971 lr=9.934e-06
[train] step=5168 loss=0.016555 lr=9.934e-06
[train] step=5169 loss=0.008281 lr=9.934e-06
[train] step=5170 loss=0.098071 lr=9.934e-06
[train] step=5171 loss=0.015976 lr=9.934e-06
[train] step=5172 loss=0.016066 lr=9.934e-06
[train] step=5173 loss=0.016315 lr=9.934e-06
[train] step=5174 loss=0.024014 lr=9.934e-06
[train] step=5175 loss=0.020555 lr=9.934e-06
[train] step=5176 loss=0.027179 lr=9.934e-06
[train] step=5177 loss=0.008512 lr=9.934e-06
[train] step=5178 loss=0.014275 lr=9.934e-06
[train] step=5179 loss=0.016692 lr=9.934e-06
[train] step=5180 loss=0.020455 lr=9.934e-06
[train] step=5181 loss=0.021494 lr=9.934e-06
[train] step=5182 loss=0.016078 lr=9.934e-06
[train] step=5183 loss=0.014552 lr=9.934e-06
[train] step=5184 loss=0.013313 lr=9.934e-06
[train] step=5185 loss=0.016612 lr=9.934e-06
[train] step=5186 loss=0.379448 lr=9.934e-06
[train] step=5187 loss=0.009735 lr=9.934e-06
[train] step=5188 loss=0.024302 lr=9.934e-06
[train] step=5189 loss=0.021222 lr=9.934e-06
[train] step=5190 loss=0.145797 lr=9.934e-06
[train] step=5191 loss=0.012310 lr=9.934e-06
[train] step=5192 loss=0.041328 lr=9.934e-06
[train] step=5193 loss=0.011987 lr=9.934e-06
[train] step=5194 loss=0.127793 lr=9.934e-06
[train] step=5195 loss=0.017946 lr=9.934e-06
[train] step=5196 loss=0.008888 lr=9.934e-06
[train] step=5197 loss=0.028955 lr=9.934e-06
[train] step=5198 loss=0.013013 lr=9.934e-06
[train] step=5199 loss=0.012218 lr=9.934e-06
[train] step=5200 loss=0.012632 lr=9.934e-06
[train] step=5201 loss=0.014293 lr=9.933e-06
[train] step=5202 loss=0.058947 lr=9.933e-06
[train] step=5203 loss=0.013114 lr=9.933e-06
[train] step=5204 loss=0.016366 lr=9.933e-06
[train] step=5205 loss=0.026358 lr=9.933e-06
[train] step=5206 loss=0.016276 lr=9.933e-06
[train] step=5207 loss=0.010337 lr=9.933e-06
[train] step=5208 loss=0.097109 lr=9.933e-06
[train] step=5209 loss=0.012342 lr=9.933e-06
[train] step=5210 loss=0.010406 lr=9.933e-06
[train] step=5211 loss=0.060167 lr=9.933e-06
[train] step=5212 loss=0.015808 lr=9.933e-06
[train] step=5213 loss=0.020857 lr=9.933e-06
[train] step=5214 loss=0.010076 lr=9.933e-06
[train] step=5215 loss=0.015652 lr=9.933e-06
[train] step=5216 loss=0.013129 lr=9.933e-06
[train] step=5217 loss=0.018198 lr=9.933e-06
[train] step=5218 loss=0.044806 lr=9.933e-06
[train] step=5219 loss=0.012621 lr=9.933e-06
[train] step=5220 loss=0.029743 lr=9.933e-06
[train] step=5221 loss=0.016383 lr=9.933e-06
[train] step=5222 loss=0.088442 lr=9.933e-06
[train] step=5223 loss=0.012531 lr=9.933e-06
[train] step=5224 loss=0.018406 lr=9.933e-06
[train] step=5225 loss=0.009563 lr=9.933e-06
[train] step=5226 loss=0.013728 lr=9.933e-06
[train] step=5227 loss=0.014399 lr=9.933e-06
[train] step=5228 loss=0.028177 lr=9.933e-06
[train] step=5229 loss=0.025162 lr=9.933e-06
[train] step=5230 loss=0.011138 lr=9.933e-06
[train] step=5231 loss=0.025048 lr=9.933e-06
[train] step=5232 loss=0.010523 lr=9.933e-06
[train] step=5233 loss=0.016664 lr=9.933e-06
[train] step=5234 loss=0.015314 lr=9.933e-06
[train] step=5235 loss=0.012728 lr=9.933e-06
[train] step=5236 loss=0.024331 lr=9.933e-06
[train] step=5237 loss=0.014244 lr=9.933e-06
[train] step=5238 loss=0.016598 lr=9.933e-06
[train] step=5239 loss=0.015230 lr=9.933e-06
[train] step=5240 loss=0.012175 lr=9.932e-06
[train] step=5241 loss=0.007460 lr=9.932e-06
[train] step=5242 loss=0.010848 lr=9.932e-06
[train] step=5243 loss=0.011286 lr=9.932e-06
[train] step=5244 loss=0.090617 lr=9.932e-06
[train] step=5245 loss=0.011775 lr=9.932e-06
[train] step=5246 loss=0.070521 lr=9.932e-06
[train] step=5247 loss=0.019231 lr=9.932e-06
[train] step=5248 loss=0.011397 lr=9.932e-06
[train] step=5249 loss=0.010569 lr=9.932e-06
[train] step=5250 loss=0.012554 lr=9.932e-06
[train] step=5251 loss=0.024743 lr=9.932e-06
[train] step=5252 loss=0.012285 lr=9.932e-06
[train] step=5253 loss=0.022397 lr=9.932e-06
[train] step=5254 loss=0.016570 lr=9.932e-06
[train] step=5255 loss=0.018196 lr=9.932e-06
[train] step=5256 loss=0.012016 lr=9.932e-06
[train] step=5257 loss=0.034123 lr=9.932e-06
[train] step=5258 loss=0.009918 lr=9.932e-06
[train] step=5259 loss=0.019894 lr=9.932e-06
[train] step=5260 loss=0.014888 lr=9.932e-06
[train] step=5261 loss=0.011813 lr=9.932e-06
[train] step=5262 loss=0.009727 lr=9.932e-06
[train] step=5263 loss=0.017045 lr=9.932e-06
[train] step=5264 loss=0.011991 lr=9.932e-06
[train] step=5265 loss=0.011450 lr=9.932e-06
[train] step=5266 loss=0.012746 lr=9.932e-06
[train] step=5267 loss=0.019968 lr=9.932e-06
[train] step=5268 loss=0.020596 lr=9.932e-06
[train] step=5269 loss=0.010314 lr=9.932e-06
[train] step=5270 loss=0.010510 lr=9.932e-06
[train] step=5271 loss=0.015753 lr=9.932e-06
[train] step=5272 loss=0.010703 lr=9.932e-06
[train] step=5273 loss=0.021746 lr=9.932e-06
[train] step=5274 loss=0.012425 lr=9.932e-06
[train] step=5275 loss=0.028042 lr=9.932e-06
[train] step=5276 loss=0.017468 lr=9.932e-06
[train] step=5277 loss=0.021104 lr=9.932e-06
[train] step=5278 loss=0.007880 lr=9.932e-06
[train] step=5279 loss=0.016748 lr=9.931e-06
[train] step=5280 loss=0.021245 lr=9.931e-06
[train] step=5281 loss=0.007962 lr=9.931e-06
[train] step=5282 loss=0.025351 lr=9.931e-06
[train] step=5283 loss=0.013451 lr=9.931e-06
[train] step=5284 loss=0.024194 lr=9.931e-06
[train] step=5285 loss=0.018247 lr=9.931e-06
[train] step=5286 loss=0.011750 lr=9.931e-06
[train] step=5287 loss=0.011647 lr=9.931e-06
[train] step=5288 loss=0.023814 lr=9.931e-06
[train] step=5289 loss=0.011548 lr=9.931e-06
[train] step=5290 loss=0.009555 lr=9.931e-06
[train] step=5291 loss=0.011580 lr=9.931e-06
[train] step=5292 loss=0.012213 lr=9.931e-06
[train] step=5293 loss=0.020305 lr=9.931e-06
[train] step=5294 loss=0.010283 lr=9.931e-06
[train] step=5295 loss=0.034824 lr=9.931e-06
[train] step=5296 loss=0.008463 lr=9.931e-06
[train] step=5297 loss=0.018804 lr=9.931e-06
[train] step=5298 loss=0.010164 lr=9.931e-06
[train] step=5299 loss=0.011883 lr=9.931e-06
[train] step=5300 loss=0.015404 lr=9.931e-06
[train] step=5301 loss=0.009012 lr=9.931e-06
[train] step=5302 loss=0.018530 lr=9.931e-06
[train] step=5303 loss=0.011056 lr=9.931e-06
[train] step=5304 loss=0.018664 lr=9.931e-06
[train] step=5305 loss=0.007165 lr=9.931e-06
[train] step=5306 loss=0.011420 lr=9.931e-06
[train] step=5307 loss=0.353287 lr=9.931e-06
[train] step=5308 loss=0.024231 lr=9.931e-06
[train] step=5309 loss=0.010516 lr=9.931e-06
[train] step=5310 loss=0.013009 lr=9.931e-06
[train] step=5311 loss=0.017340 lr=9.931e-06
[train] step=5312 loss=0.016765 lr=9.931e-06
[train] step=5313 loss=0.050819 lr=9.931e-06
[train] step=5314 loss=0.021514 lr=9.931e-06
[train] step=5315 loss=0.016463 lr=9.931e-06
[train] step=5316 loss=0.017455 lr=9.931e-06
[train] step=5317 loss=0.010344 lr=9.931e-06
[train] step=5318 loss=0.010261 lr=9.930e-06
[train] step=5319 loss=0.008796 lr=9.930e-06
[train] step=5320 loss=0.015200 lr=9.930e-06
[train] step=5321 loss=0.025065 lr=9.930e-06
[train] step=5322 loss=0.009910 lr=9.930e-06
[train] step=5323 loss=0.014369 lr=9.930e-06
[train] step=5324 loss=0.206760 lr=9.930e-06
[train] step=5325 loss=0.013494 lr=9.930e-06
[train] step=5326 loss=0.010370 lr=9.930e-06
[train] step=5327 loss=0.029128 lr=9.930e-06
[train] step=5328 loss=0.057156 lr=9.930e-06
[train] step=5329 loss=0.033491 lr=9.930e-06
[train] step=5330 loss=0.015823 lr=9.930e-06
[train] step=5331 loss=0.011190 lr=9.930e-06
[train] step=5332 loss=0.018350 lr=9.930e-06
[train] step=5333 loss=0.010268 lr=9.930e-06
[train] step=5334 loss=0.015673 lr=9.930e-06
[train] step=5335 loss=0.008006 lr=9.930e-06
[train] step=5336 loss=0.010511 lr=9.930e-06
[train] step=5337 loss=0.028866 lr=9.930e-06
[train] step=5338 loss=0.025321 lr=9.930e-06
[train] step=5339 loss=0.012466 lr=9.930e-06
[train] step=5340 loss=0.016224 lr=9.930e-06
[train] step=5341 loss=0.044616 lr=9.930e-06
[train] step=5342 loss=0.011395 lr=9.930e-06
[train] step=5343 loss=0.014132 lr=9.930e-06
[train] step=5344 loss=0.015483 lr=9.930e-06
[train] step=5345 loss=0.031706 lr=9.930e-06
[train] step=5346 loss=0.013036 lr=9.930e-06
[train] step=5347 loss=0.010769 lr=9.930e-06
[train] step=5348 loss=0.011517 lr=9.930e-06
[train] step=5349 loss=0.017430 lr=9.930e-06
[train] step=5350 loss=0.009930 lr=9.930e-06
[train] step=5351 loss=0.017295 lr=9.930e-06
[train] step=5352 loss=0.008638 lr=9.930e-06
[train] step=5353 loss=0.016486 lr=9.930e-06
[train] step=5354 loss=0.012669 lr=9.930e-06
[train] step=5355 loss=0.011133 lr=9.930e-06
[train] step=5356 loss=0.018852 lr=9.929e-06
[train] step=5357 loss=0.011277 lr=9.929e-06
[train] step=5358 loss=0.026228 lr=9.929e-06
[train] step=5359 loss=0.008775 lr=9.929e-06
[train] step=5360 loss=0.027766 lr=9.929e-06
[train] step=5361 loss=0.017246 lr=9.929e-06
[train] step=5362 loss=0.009942 lr=9.929e-06
[train] step=5363 loss=0.015273 lr=9.929e-06
[train] step=5364 loss=0.018571 lr=9.929e-06
[train] step=5365 loss=0.008186 lr=9.929e-06
[train] step=5366 loss=0.014605 lr=9.929e-06
[train] step=5367 loss=0.036894 lr=9.929e-06
[train] step=5368 loss=0.007996 lr=9.929e-06
[train] step=5369 loss=0.024510 lr=9.929e-06
[train] step=5370 loss=0.010853 lr=9.929e-06
[train] step=5371 loss=0.019128 lr=9.929e-06
[train] step=5372 loss=0.014250 lr=9.929e-06
[train] step=5373 loss=0.012698 lr=9.929e-06
[train] step=5374 loss=0.016408 lr=9.929e-06
[train] step=5375 loss=0.009604 lr=9.929e-06
[train] step=5376 loss=0.010905 lr=9.929e-06
[train] step=5377 loss=0.013845 lr=9.929e-06
[train] step=5378 loss=0.016967 lr=9.929e-06
[train] step=5379 loss=0.009564 lr=9.929e-06
[train] step=5380 loss=0.005834 lr=9.929e-06
[train] step=5381 loss=0.014154 lr=9.929e-06
[train] step=5382 loss=0.009771 lr=9.929e-06
[train] step=5383 loss=0.010536 lr=9.929e-06
[train] step=5384 loss=0.011994 lr=9.929e-06
[train] step=5385 loss=0.017581 lr=9.929e-06
[train] step=5386 loss=0.024698 lr=9.929e-06
[train] step=5387 loss=0.009277 lr=9.929e-06
[train] step=5388 loss=0.012261 lr=9.929e-06
[train] step=5389 loss=0.019277 lr=9.929e-06
[train] step=5390 loss=0.013287 lr=9.929e-06
[train] step=5391 loss=0.020486 lr=9.929e-06
[train] step=5392 loss=0.009312 lr=9.929e-06
[train] step=5393 loss=0.035100 lr=9.929e-06
[train] step=5394 loss=0.027258 lr=9.928e-06
[train] step=5395 loss=0.109238 lr=9.928e-06
[train] step=5396 loss=0.015237 lr=9.928e-06
[train] step=5397 loss=0.011627 lr=9.928e-06
[train] step=5398 loss=0.013506 lr=9.928e-06
[train] step=5399 loss=0.021701 lr=9.928e-06
[train] step=5400 loss=0.010443 lr=9.928e-06
[train] step=5401 loss=0.031041 lr=9.928e-06
[train] step=5402 loss=0.010914 lr=9.928e-06
[train] step=5403 loss=0.007601 lr=9.928e-06
[train] step=5404 loss=0.010193 lr=9.928e-06
[train] step=5405 loss=0.009546 lr=9.928e-06
[train] step=5406 loss=0.020053 lr=9.928e-06
[train] step=5407 loss=0.007186 lr=9.928e-06
[train] step=5408 loss=0.011990 lr=9.928e-06
[train] step=5409 loss=0.019051 lr=9.928e-06
[train] step=5410 loss=0.025379 lr=9.928e-06
[train] step=5411 loss=0.026748 lr=9.928e-06
[train] step=5412 loss=0.016789 lr=9.928e-06
[train] step=5413 loss=0.023040 lr=9.928e-06
[train] step=5414 loss=0.009656 lr=9.928e-06
[train] step=5415 loss=0.013327 lr=9.928e-06
[train] step=5416 loss=0.052296 lr=9.928e-06
[train] step=5417 loss=0.014579 lr=9.928e-06
[train] step=5418 loss=0.018113 lr=9.928e-06
[train] step=5419 loss=0.011138 lr=9.928e-06
[train] step=5420 loss=0.029974 lr=9.928e-06
[train] step=5421 loss=0.015021 lr=9.928e-06
[train] step=5422 loss=0.008943 lr=9.928e-06
[train] step=5423 loss=0.010193 lr=9.928e-06
[train] step=5424 loss=0.014304 lr=9.928e-06
[train] step=5425 loss=0.009430 lr=9.928e-06
[train] step=5426 loss=0.019163 lr=9.928e-06
[train] step=5427 loss=0.010937 lr=9.928e-06
[train] step=5428 loss=0.017380 lr=9.928e-06
[train] step=5429 loss=0.018187 lr=9.928e-06
[train] step=5430 loss=0.064639 lr=9.928e-06
[train] step=5431 loss=0.035364 lr=9.927e-06
[train] step=5432 loss=0.014031 lr=9.927e-06
[train] step=5433 loss=0.027106 lr=9.927e-06
[train] step=5434 loss=0.014774 lr=9.927e-06
[train] step=5435 loss=0.009137 lr=9.927e-06
[train] step=5436 loss=0.024941 lr=9.927e-06
[train] step=5437 loss=0.007626 lr=9.927e-06
[train] step=5438 loss=0.018355 lr=9.927e-06
[train] step=5439 loss=0.011566 lr=9.927e-06
[train] step=5440 loss=0.056617 lr=9.927e-06
[train] step=5441 loss=0.015638 lr=9.927e-06
[train] step=5442 loss=0.022432 lr=9.927e-06
[train] step=5443 loss=0.032517 lr=9.927e-06
[train] step=5444 loss=0.033006 lr=9.927e-06
[train] step=5445 loss=0.016512 lr=9.927e-06
[train] step=5446 loss=0.010212 lr=9.927e-06
[train] step=5447 loss=0.013212 lr=9.927e-06
[train] step=5448 loss=0.014910 lr=9.927e-06
[train] step=5449 loss=0.011481 lr=9.927e-06
[train] step=5450 loss=0.012220 lr=9.927e-06
[train] step=5451 loss=0.023524 lr=9.927e-06
[train] step=5452 loss=0.013981 lr=9.927e-06
[train] step=5453 loss=0.021070 lr=9.927e-06
[train] step=5454 loss=0.010696 lr=9.927e-06
[train] step=5455 loss=0.024536 lr=9.927e-06
[train] step=5456 loss=0.010851 lr=9.927e-06
[train] step=5457 loss=0.016469 lr=9.927e-06
[train] step=5458 loss=0.017908 lr=9.927e-06
[train] step=5459 loss=0.014036 lr=9.927e-06
[train] step=5460 loss=0.024987 lr=9.927e-06
[train] step=5461 loss=0.010913 lr=9.927e-06
[train] step=5462 loss=0.031663 lr=9.927e-06
[train] step=5463 loss=0.015866 lr=9.927e-06
[train] step=5464 loss=0.027417 lr=9.927e-06
[train] step=5465 loss=0.022567 lr=9.927e-06
[train] step=5466 loss=0.019178 lr=9.927e-06
[train] step=5467 loss=0.015893 lr=9.927e-06
[train] step=5468 loss=0.009796 lr=9.927e-06
[train] step=5469 loss=0.008005 lr=9.926e-06
[train] step=5470 loss=0.024782 lr=9.926e-06
[train] step=5471 loss=0.019099 lr=9.926e-06
[train] step=5472 loss=0.014125 lr=9.926e-06
[train] step=5473 loss=0.012881 lr=9.926e-06
[train] step=5474 loss=0.012427 lr=9.926e-06
[train] step=5475 loss=0.015364 lr=9.926e-06
[train] step=5476 loss=0.027200 lr=9.926e-06
[train] step=5477 loss=0.019282 lr=9.926e-06
[train] step=5478 loss=0.022752 lr=9.926e-06
[train] step=5479 loss=0.017176 lr=9.926e-06
[train] step=5480 loss=0.029036 lr=9.926e-06
[train] step=5481 loss=0.010919 lr=9.926e-06
[train] step=5482 loss=0.015726 lr=9.926e-06
[train] step=5483 loss=0.017351 lr=9.926e-06
[train] step=5484 loss=0.014338 lr=9.926e-06
[train] step=5485 loss=0.008199 lr=9.926e-06
[train] step=5486 loss=0.016054 lr=9.926e-06
[train] step=5487 loss=0.019730 lr=9.926e-06
[train] step=5488 loss=0.021498 lr=9.926e-06
[train] step=5489 loss=0.010408 lr=9.926e-06
[train] step=5490 loss=0.021034 lr=9.926e-06
[train] step=5491 loss=0.009242 lr=9.926e-06
[train] step=5492 loss=0.012004 lr=9.926e-06
[train] step=5493 loss=0.014137 lr=9.926e-06
[train] step=5494 loss=0.009493 lr=9.926e-06
[train] step=5495 loss=0.060628 lr=9.926e-06
[train] step=5496 loss=0.014204 lr=9.926e-06
[train] step=5497 loss=0.012987 lr=9.926e-06
[train] step=5498 loss=0.015134 lr=9.926e-06
[train] step=5499 loss=0.011371 lr=9.926e-06
[train] step=5500 loss=0.010857 lr=9.926e-06
INFO     [rank 0] Model weights for step 5500 saved in       dit_trainer.py:1085
         checkpoints/model_weights_step_05500.safetensors                       
INFO     [rank 0] Scalar embedding weights for step 5500     dit_trainer.py:1092
         saved                                                                  
INFO     [rank 0] Training state saved:                      dit_trainer.py:1123
         checkpoints/model_weights_step_05500.state.pt                          
DEBUG    [rank 0] Removed old checkpoint:                    dit_trainer.py:1136
         /local/disk/hramachandran/work/wh_work/windinet/dit                    
         _throughput_sweep_bs2/checkpoints/model_weights_ste                    
         p_05000.safetensors                                                    
DEBUG    [rank 0] Removed old checkpoint:                    dit_trainer.py:1136
         /local/disk/hramachandran/work/wh_work/windinet/dit                    
         _throughput_sweep_bs2/checkpoints/model_weights_ste                    
         p_05000.state.pt                                                       
DEBUG    [rank 0] Removed old checkpoint:                    dit_trainer.py:1136
         /local/disk/hramachandran/work/wh_work/windinet/dit                    
         _throughput_sweep_bs2/checkpoints/scalar_embedding_                    
         step_05000.safetensors                                                 
[epoch 11] step=5500 train_loss=0.022072
[train] step=5501 loss=0.018288 lr=9.926e-06
[train] step=5502 loss=0.009254 lr=9.926e-06
[train] step=5503 loss=0.009408 lr=9.926e-06
[train] step=5504 loss=0.011749 lr=9.926e-06
[train] step=5505 loss=0.018333 lr=9.926e-06
[train] step=5506 loss=0.010286 lr=9.925e-06
[train] step=5507 loss=0.015245 lr=9.925e-06
[train] step=5508 loss=0.016642 lr=9.925e-06
[train] step=5509 loss=0.011233 lr=9.925e-06
[train] step=5510 loss=0.010037 lr=9.925e-06
[train] step=5511 loss=0.026506 lr=9.925e-06
[train] step=5512 loss=0.031961 lr=9.925e-06
[train] step=5513 loss=0.009965 lr=9.925e-06
[train] step=5514 loss=0.039548 lr=9.925e-06
[train] step=5515 loss=0.013130 lr=9.925e-06
[train] step=5516 loss=0.017131 lr=9.925e-06
[train] step=5517 loss=0.013849 lr=9.925e-06
[train] step=5518 loss=0.011289 lr=9.925e-06
[train] step=5519 loss=0.010823 lr=9.925e-06
[train] step=5520 loss=0.008202 lr=9.925e-06
[train] step=5521 loss=0.028863 lr=9.925e-06
[train] step=5522 loss=0.006743 lr=9.925e-06
[train] step=5523 loss=0.023593 lr=9.925e-06
[train] step=5524 loss=0.010936 lr=9.925e-06
[train] step=5525 loss=0.021806 lr=9.925e-06
[train] step=5526 loss=0.010163 lr=9.925e-06
[train] step=5527 loss=0.040854 lr=9.925e-06
[train] step=5528 loss=0.016879 lr=9.925e-06
[train] step=5529 loss=0.008528 lr=9.925e-06
[train] step=5530 loss=0.008496 lr=9.925e-06
[train] step=5531 loss=0.015314 lr=9.925e-06
[train] step=5532 loss=0.012512 lr=9.925e-06
[train] step=5533 loss=0.011404 lr=9.925e-06
[train] step=5534 loss=0.010250 lr=9.925e-06
[train] step=5535 loss=0.009134 lr=9.925e-06
[train] step=5536 loss=0.010308 lr=9.925e-06
[train] step=5537 loss=0.012660 lr=9.925e-06
[train] step=5538 loss=0.007438 lr=9.925e-06
[train] step=5539 loss=0.012979 lr=9.925e-06
[train] step=5540 loss=0.020213 lr=9.925e-06
[train] step=5541 loss=0.021299 lr=9.925e-06
[train] step=5542 loss=0.009361 lr=9.925e-06
[train] step=5543 loss=0.007961 lr=9.924e-06
[train] step=5544 loss=0.006453 lr=9.924e-06
[train] step=5545 loss=0.009742 lr=9.924e-06
[train] step=5546 loss=0.009673 lr=9.924e-06
[train] step=5547 loss=0.043239 lr=9.924e-06
[train] step=5548 loss=0.020833 lr=9.924e-06
[train] step=5549 loss=0.009290 lr=9.924e-06
[train] step=5550 loss=0.009468 lr=9.924e-06
[train] step=5551 loss=0.008628 lr=9.924e-06
[train] step=5552 loss=0.056414 lr=9.924e-06
[train] step=5553 loss=0.013882 lr=9.924e-06
[train] step=5554 loss=0.012614 lr=9.924e-06
[train] step=5555 loss=0.018883 lr=9.924e-06
[train] step=5556 loss=0.035479 lr=9.924e-06
[train] step=5557 loss=0.007568 lr=9.924e-06
[train] step=5558 loss=0.011229 lr=9.924e-06
[train] step=5559 loss=0.014380 lr=9.924e-06
[train] step=5560 loss=0.024890 lr=9.924e-06
[train] step=5561 loss=0.033767 lr=9.924e-06
[train] step=5562 loss=0.020103 lr=9.924e-06
[train] step=5563 loss=0.010414 lr=9.924e-06
[train] step=5564 loss=0.010691 lr=9.924e-06
[train] step=5565 loss=0.007016 lr=9.924e-06
[train] step=5566 loss=0.015624 lr=9.924e-06
[train] step=5567 loss=0.011384 lr=9.924e-06
[train] step=5568 loss=0.013499 lr=9.924e-06
[train] step=5569 loss=0.012768 lr=9.924e-06
[train] step=5570 loss=0.007654 lr=9.924e-06
[train] step=5571 loss=0.015549 lr=9.924e-06
[train] step=5572 loss=0.004994 lr=9.924e-06
[train] step=5573 loss=0.011774 lr=9.924e-06
[train] step=5574 loss=0.043954 lr=9.924e-06
[train] step=5575 loss=0.007786 lr=9.924e-06
[train] step=5576 loss=0.012101 lr=9.924e-06
[train] step=5577 loss=0.016159 lr=9.924e-06
[train] step=5578 loss=0.008903 lr=9.924e-06
[train] step=5579 loss=0.018003 lr=9.924e-06
[train] step=5580 loss=0.011907 lr=9.923e-06
[train] step=5581 loss=0.026238 lr=9.923e-06
[train] step=5582 loss=0.005624 lr=9.923e-06
[train] step=5583 loss=0.014003 lr=9.923e-06
[train] step=5584 loss=0.009103 lr=9.923e-06
[train] step=5585 loss=0.007358 lr=9.923e-06
[train] step=5586 loss=0.010552 lr=9.923e-06
[train] step=5587 loss=0.008333 lr=9.923e-06
[train] step=5588 loss=0.009423 lr=9.923e-06
[train] step=5589 loss=0.020447 lr=9.923e-06
[train] step=5590 loss=0.028083 lr=9.923e-06
[train] step=5591 loss=0.016045 lr=9.923e-06
[train] step=5592 loss=0.027713 lr=9.923e-06
[train] step=5593 loss=0.014197 lr=9.923e-06
[train] step=5594 loss=0.034004 lr=9.923e-06
[train] step=5595 loss=0.011284 lr=9.923e-06
[train] step=5596 loss=0.077864 lr=9.923e-06
[train] step=5597 loss=0.009214 lr=9.923e-06
[train] step=5598 loss=0.008137 lr=9.923e-06
[train] step=5599 loss=0.011862 lr=9.923e-06
[train] step=5600 loss=0.014327 lr=9.923e-06
[train] step=5601 loss=0.021953 lr=9.923e-06
[train] step=5602 loss=0.010132 lr=9.923e-06
[train] step=5603 loss=0.026213 lr=9.923e-06
[train] step=5604 loss=0.011823 lr=9.923e-06
[train] step=5605 loss=0.013018 lr=9.923e-06
[train] step=5606 loss=0.008526 lr=9.923e-06
[train] step=5607 loss=0.014575 lr=9.923e-06
[train] step=5608 loss=0.012844 lr=9.923e-06
[train] step=5609 loss=0.030860 lr=9.923e-06
[train] step=5610 loss=0.026240 lr=9.923e-06
[train] step=5611 loss=0.006187 lr=9.923e-06
[train] step=5612 loss=0.017464 lr=9.923e-06
[train] step=5613 loss=0.010173 lr=9.923e-06
[train] step=5614 loss=0.012086 lr=9.923e-06
[train] step=5615 loss=0.009640 lr=9.923e-06
[train] step=5616 loss=0.017771 lr=9.922e-06
[train] step=5617 loss=0.021316 lr=9.922e-06
[train] step=5618 loss=0.016193 lr=9.922e-06
[train] step=5619 loss=0.009032 lr=9.922e-06
[train] step=5620 loss=0.192753 lr=9.922e-06
[train] step=5621 loss=0.008723 lr=9.922e-06
[train] step=5622 loss=0.042040 lr=9.922e-06
[train] step=5623 loss=0.013768 lr=9.922e-06
[train] step=5624 loss=0.013282 lr=9.922e-06
[train] step=5625 loss=0.011203 lr=9.922e-06
[train] step=5626 loss=0.022311 lr=9.922e-06
[train] step=5627 loss=0.022679 lr=9.922e-06
[train] step=5628 loss=0.012555 lr=9.922e-06
[train] step=5629 loss=0.010945 lr=9.922e-06
[train] step=5630 loss=0.016580 lr=9.922e-06
[train] step=5631 loss=0.009177 lr=9.922e-06
[train] step=5632 loss=0.008454 lr=9.922e-06
[train] step=5633 loss=0.010430 lr=9.922e-06
[train] step=5634 loss=0.032239 lr=9.922e-06
[train] step=5635 loss=0.010357 lr=9.922e-06
[train] step=5636 loss=0.011462 lr=9.922e-06
[train] step=5637 loss=0.014706 lr=9.922e-06
[train] step=5638 loss=0.013064 lr=9.922e-06
[train] step=5639 loss=0.015830 lr=9.922e-06
[train] step=5640 loss=0.014839 lr=9.922e-06
[train] step=5641 loss=0.007540 lr=9.922e-06
[train] step=5642 loss=0.053252 lr=9.922e-06
[train] step=5643 loss=0.006676 lr=9.922e-06
[train] step=5644 loss=0.012471 lr=9.922e-06
[train] step=5645 loss=0.019547 lr=9.922e-06
[train] step=5646 loss=0.010497 lr=9.922e-06
[train] step=5647 loss=0.013527 lr=9.922e-06
[train] step=5648 loss=0.184764 lr=9.922e-06
[train] step=5649 loss=0.015693 lr=9.922e-06
[train] step=5650 loss=0.008854 lr=9.922e-06
[train] step=5651 loss=0.031048 lr=9.922e-06
[train] step=5652 loss=0.027282 lr=9.921e-06
[train] step=5653 loss=0.047396 lr=9.921e-06
[train] step=5654 loss=0.072012 lr=9.921e-06
[train] step=5655 loss=0.011189 lr=9.921e-06
[train] step=5656 loss=0.008597 lr=9.921e-06
[train] step=5657 loss=0.017633 lr=9.921e-06
[train] step=5658 loss=0.012258 lr=9.921e-06
[train] step=5659 loss=0.010156 lr=9.921e-06
[train] step=5660 loss=0.048676 lr=9.921e-06
[train] step=5661 loss=0.056189 lr=9.921e-06
[train] step=5662 loss=0.006002 lr=9.921e-06
[train] step=5663 loss=0.011113 lr=9.921e-06
[train] step=5664 loss=0.009587 lr=9.921e-06
[train] step=5665 loss=0.033868 lr=9.921e-06
[train] step=5666 loss=0.011843 lr=9.921e-06
[train] step=5667 loss=0.008781 lr=9.921e-06
[train] step=5668 loss=0.009100 lr=9.921e-06
[train] step=5669 loss=0.015045 lr=9.921e-06
[train] step=5670 loss=0.031118 lr=9.921e-06
[train] step=5671 loss=0.013673 lr=9.921e-06
[train] step=5672 loss=0.007680 lr=9.921e-06
[train] step=5673 loss=0.025506 lr=9.921e-06
[train] step=5674 loss=0.011562 lr=9.921e-06
[train] step=5675 loss=0.015310 lr=9.921e-06
[train] step=5676 loss=0.009141 lr=9.921e-06
[train] step=5677 loss=0.012844 lr=9.921e-06
[train] step=5678 loss=0.022331 lr=9.921e-06
[train] step=5679 loss=0.016138 lr=9.921e-06
[train] step=5680 loss=0.015865 lr=9.921e-06
[train] step=5681 loss=0.006272 lr=9.921e-06
[train] step=5682 loss=0.015416 lr=9.921e-06
[train] step=5683 loss=0.010499 lr=9.921e-06
[train] step=5684 loss=0.008578 lr=9.921e-06
[train] step=5685 loss=0.034004 lr=9.921e-06
[train] step=5686 loss=0.023472 lr=9.921e-06
[train] step=5687 loss=0.018512 lr=9.921e-06
[train] step=5688 loss=0.009020 lr=9.920e-06
[train] step=5689 loss=0.010726 lr=9.920e-06
[train] step=5690 loss=0.011777 lr=9.920e-06
[train] step=5691 loss=0.010269 lr=9.920e-06
[train] step=5692 loss=0.009617 lr=9.920e-06
[train] step=5693 loss=0.008583 lr=9.920e-06
[train] step=5694 loss=0.007894 lr=9.920e-06
[train] step=5695 loss=0.009532 lr=9.920e-06
[train] step=5696 loss=0.012345 lr=9.920e-06
[train] step=5697 loss=0.033357 lr=9.920e-06
[train] step=5698 loss=0.017713 lr=9.920e-06
[train] step=5699 loss=0.016760 lr=9.920e-06
[train] step=5700 loss=0.023837 lr=9.920e-06
[train] step=5701 loss=0.010935 lr=9.920e-06
[train] step=5702 loss=0.010276 lr=9.920e-06
[train] step=5703 loss=0.017682 lr=9.920e-06
[train] step=5704 loss=0.017369 lr=9.920e-06
[train] step=5705 loss=0.014082 lr=9.920e-06
[train] step=5706 loss=0.013769 lr=9.920e-06
[train] step=5707 loss=0.011419 lr=9.920e-06
[train] step=5708 loss=0.019802 lr=9.920e-06
[train] step=5709 loss=0.018892 lr=9.920e-06
[train] step=5710 loss=0.041790 lr=9.920e-06
[train] step=5711 loss=0.009856 lr=9.920e-06
[train] step=5712 loss=0.010712 lr=9.920e-06
[train] step=5713 loss=0.009126 lr=9.920e-06
[train] step=5714 loss=0.014516 lr=9.920e-06
[train] step=5715 loss=0.021755 lr=9.920e-06
[train] step=5716 loss=0.024393 lr=9.920e-06
[train] step=5717 loss=0.012272 lr=9.920e-06
[train] step=5718 loss=0.012829 lr=9.920e-06
[train] step=5719 loss=0.016177 lr=9.920e-06
[train] step=5720 loss=0.013032 lr=9.920e-06
[train] step=5721 loss=0.017098 lr=9.920e-06
[train] step=5722 loss=0.013908 lr=9.920e-06
[train] step=5723 loss=0.015558 lr=9.920e-06
[train] step=5724 loss=0.018405 lr=9.919e-06
[train] step=5725 loss=0.007864 lr=9.919e-06
[train] step=5726 loss=0.016608 lr=9.919e-06
[train] step=5727 loss=0.013197 lr=9.919e-06
[train] step=5728 loss=0.010294 lr=9.919e-06
[train] step=5729 loss=0.022899 lr=9.919e-06
[train] step=5730 loss=0.016905 lr=9.919e-06
[train] step=5731 loss=0.012185 lr=9.919e-06
[train] step=5732 loss=0.020476 lr=9.919e-06
[train] step=5733 loss=0.023043 lr=9.919e-06
[train] step=5734 loss=0.027675 lr=9.919e-06
[train] step=5735 loss=0.010897 lr=9.919e-06
[train] step=5736 loss=0.012419 lr=9.919e-06
[train] step=5737 loss=0.023421 lr=9.919e-06
[train] step=5738 loss=0.010564 lr=9.919e-06
[train] step=5739 loss=0.008912 lr=9.919e-06
[train] step=5740 loss=0.009053 lr=9.919e-06
[train] step=5741 loss=0.009797 lr=9.919e-06
[train] step=5742 loss=0.037288 lr=9.919e-06
[train] step=5743 loss=0.012134 lr=9.919e-06
[train] step=5744 loss=0.009120 lr=9.919e-06
[train] step=5745 loss=0.010450 lr=9.919e-06
[train] step=5746 loss=0.039757 lr=9.919e-06
[train] step=5747 loss=0.011692 lr=9.919e-06
[train] step=5748 loss=0.012662 lr=9.919e-06
[train] step=5749 loss=0.041118 lr=9.919e-06
[train] step=5750 loss=0.006621 lr=9.919e-06
[train] step=5751 loss=0.011760 lr=9.919e-06
[train] step=5752 loss=0.007582 lr=9.919e-06
[train] step=5753 loss=0.011749 lr=9.919e-06
[train] step=5754 loss=0.010205 lr=9.919e-06
[train] step=5755 loss=0.007892 lr=9.919e-06
[train] step=5756 loss=0.016821 lr=9.919e-06
[train] step=5757 loss=0.008176 lr=9.919e-06
[train] step=5758 loss=0.012175 lr=9.919e-06
[train] step=5759 loss=0.013974 lr=9.918e-06
[train] step=5760 loss=0.009753 lr=9.918e-06
[train] step=5761 loss=0.010621 lr=9.918e-06
[train] step=5762 loss=0.170708 lr=9.918e-06
[train] step=5763 loss=0.012223 lr=9.918e-06
[train] step=5764 loss=0.008662 lr=9.918e-06
[train] step=5765 loss=0.008822 lr=9.918e-06
[train] step=5766 loss=0.034065 lr=9.918e-06
[train] step=5767 loss=0.006468 lr=9.918e-06
[train] step=5768 loss=0.009883 lr=9.918e-06
[train] step=5769 loss=0.031891 lr=9.918e-06
[train] step=5770 loss=0.009500 lr=9.918e-06
[train] step=5771 loss=0.012559 lr=9.918e-06
[train] step=5772 loss=0.010263 lr=9.918e-06
[train] step=5773 loss=0.008701 lr=9.918e-06
[train] step=5774 loss=0.007238 lr=9.918e-06
[train] step=5775 loss=0.009417 lr=9.918e-06
[train] step=5776 loss=0.007147 lr=9.918e-06
[train] step=5777 loss=0.009741 lr=9.918e-06
[train] step=5778 loss=0.185065 lr=9.918e-06
[train] step=5779 loss=0.021619 lr=9.918e-06
[train] step=5780 loss=0.009271 lr=9.918e-06
[train] step=5781 loss=0.010341 lr=9.918e-06
[train] step=5782 loss=0.007102 lr=9.918e-06
[train] step=5783 loss=0.014942 lr=9.918e-06
[train] step=5784 loss=0.022497 lr=9.918e-06
[train] step=5785 loss=0.007825 lr=9.918e-06
[train] step=5786 loss=0.012660 lr=9.918e-06
[train] step=5787 loss=0.009838 lr=9.918e-06
[train] step=5788 loss=0.017879 lr=9.918e-06
[train] step=5789 loss=0.021025 lr=9.918e-06
[train] step=5790 loss=0.039153 lr=9.918e-06
[train] step=5791 loss=0.011601 lr=9.918e-06
[train] step=5792 loss=0.022865 lr=9.918e-06
[train] step=5793 loss=0.008771 lr=9.918e-06
[train] step=5794 loss=0.020830 lr=9.918e-06
[train] step=5795 loss=0.011682 lr=9.917e-06
[train] step=5796 loss=0.008902 lr=9.917e-06
[train] step=5797 loss=0.011507 lr=9.917e-06
[train] step=5798 loss=0.015991 lr=9.917e-06
[train] step=5799 loss=0.011760 lr=9.917e-06
[train] step=5800 loss=0.008438 lr=9.917e-06
[train] step=5801 loss=0.007347 lr=9.917e-06
[train] step=5802 loss=0.017534 lr=9.917e-06
[train] step=5803 loss=0.024310 lr=9.917e-06
[train] step=5804 loss=0.007116 lr=9.917e-06
[train] step=5805 loss=0.019910 lr=9.917e-06
[train] step=5806 loss=0.009671 lr=9.917e-06
[train] step=5807 loss=0.017098 lr=9.917e-06
[train] step=5808 loss=0.009260 lr=9.917e-06
[train] step=5809 loss=0.077977 lr=9.917e-06
[train] step=5810 loss=0.009078 lr=9.917e-06
[train] step=5811 loss=0.006186 lr=9.917e-06
[train] step=5812 loss=0.010669 lr=9.917e-06
[train] step=5813 loss=0.014793 lr=9.917e-06
[train] step=5814 loss=0.007363 lr=9.917e-06
[train] step=5815 loss=0.007784 lr=9.917e-06
[train] step=5816 loss=0.008473 lr=9.917e-06
[train] step=5817 loss=0.010229 lr=9.917e-06
[train] step=5818 loss=0.024468 lr=9.917e-06
[train] step=5819 loss=0.010167 lr=9.917e-06
[train] step=5820 loss=0.008268 lr=9.917e-06
[train] step=5821 loss=0.008733 lr=9.917e-06
[train] step=5822 loss=0.007133 lr=9.917e-06
[train] step=5823 loss=0.008088 lr=9.917e-06
[train] step=5824 loss=0.014166 lr=9.917e-06
[train] step=5825 loss=0.022472 lr=9.917e-06
[train] step=5826 loss=0.011274 lr=9.917e-06
[train] step=5827 loss=0.006836 lr=9.917e-06
[train] step=5828 loss=0.007376 lr=9.917e-06
[train] step=5829 loss=0.011165 lr=9.917e-06
[train] step=5830 loss=0.010691 lr=9.916e-06
[train] step=5831 loss=0.008228 lr=9.916e-06
[train] step=5832 loss=0.010674 lr=9.916e-06
[train] step=5833 loss=0.017700 lr=9.916e-06
[train] step=5834 loss=0.008048 lr=9.916e-06
[train] step=5835 loss=0.009219 lr=9.916e-06
[train] step=5836 loss=0.006579 lr=9.916e-06
[train] step=5837 loss=0.007121 lr=9.916e-06
[train] step=5838 loss=0.006092 lr=9.916e-06
[train] step=5839 loss=0.007220 lr=9.916e-06
[train] step=5840 loss=0.011780 lr=9.916e-06
[train] step=5841 loss=0.015058 lr=9.916e-06
[train] step=5842 loss=0.010648 lr=9.916e-06
[train] step=5843 loss=0.005748 lr=9.916e-06
[train] step=5844 loss=0.012381 lr=9.916e-06
[train] step=5845 loss=0.005211 lr=9.916e-06
[train] step=5846 loss=0.007253 lr=9.916e-06
[train] step=5847 loss=0.011306 lr=9.916e-06
[train] step=5848 loss=0.007394 lr=9.916e-06
[train] step=5849 loss=0.010066 lr=9.916e-06
[train] step=5850 loss=0.011622 lr=9.916e-06
[train] step=5851 loss=0.005238 lr=9.916e-06
[train] step=5852 loss=0.010566 lr=9.916e-06
[train] step=5853 loss=0.011514 lr=9.916e-06
[train] step=5854 loss=0.006631 lr=9.916e-06
[train] step=5855 loss=0.011532 lr=9.916e-06
[train] step=5856 loss=0.006010 lr=9.916e-06
[train] step=5857 loss=0.008173 lr=9.916e-06
[train] step=5858 loss=0.008683 lr=9.916e-06
[train] step=5859 loss=0.004904 lr=9.916e-06
[train] step=5860 loss=0.006836 lr=9.916e-06
[train] step=5861 loss=0.009483 lr=9.916e-06
[train] step=5862 loss=0.031627 lr=9.916e-06
[train] step=5863 loss=0.024161 lr=9.916e-06
[train] step=5864 loss=0.006682 lr=9.916e-06
[train] step=5865 loss=0.007579 lr=9.915e-06
[train] step=5866 loss=0.015789 lr=9.915e-06
[train] step=5867 loss=0.006485 lr=9.915e-06
[train] step=5868 loss=0.010185 lr=9.915e-06
[train] step=5869 loss=0.008430 lr=9.915e-06
[train] step=5870 loss=0.010179 lr=9.915e-06
[train] step=5871 loss=0.016090 lr=9.915e-06
[train] step=5872 loss=0.008249 lr=9.915e-06
[train] step=5873 loss=0.006842 lr=9.915e-06
[train] step=5874 loss=0.006435 lr=9.915e-06
[train] step=5875 loss=0.012275 lr=9.915e-06
[train] step=5876 loss=0.010470 lr=9.915e-06
[train] step=5877 loss=0.008115 lr=9.915e-06
[train] step=5878 loss=0.012320 lr=9.915e-06
[train] step=5879 loss=0.009112 lr=9.915e-06
[train] step=5880 loss=0.018104 lr=9.915e-06
[train] step=5881 loss=0.083630 lr=9.915e-06
[train] step=5882 loss=0.006586 lr=9.915e-06
[train] step=5883 loss=0.031158 lr=9.915e-06
[train] step=5884 loss=0.026261 lr=9.915e-06
[train] step=5885 loss=0.005179 lr=9.915e-06
[train] step=5886 loss=0.009421 lr=9.915e-06
[train] step=5887 loss=0.006854 lr=9.915e-06
[train] step=5888 loss=0.008995 lr=9.915e-06
[train] step=5889 loss=0.006328 lr=9.915e-06
[train] step=5890 loss=0.016152 lr=9.915e-06
[train] step=5891 loss=0.013960 lr=9.915e-06
[train] step=5892 loss=0.015324 lr=9.915e-06
[train] step=5893 loss=0.037196 lr=9.915e-06
[train] step=5894 loss=0.008105 lr=9.915e-06
[train] step=5895 loss=0.012575 lr=9.915e-06
[train] step=5896 loss=0.011507 lr=9.915e-06
[train] step=5897 loss=0.018078 lr=9.915e-06
[train] step=5898 loss=0.008908 lr=9.915e-06
[train] step=5899 loss=0.010640 lr=9.914e-06
[train] step=5900 loss=0.009392 lr=9.914e-06
[train] step=5901 loss=0.018705 lr=9.914e-06
[train] step=5902 loss=0.007319 lr=9.914e-06
[train] step=5903 loss=0.010029 lr=9.914e-06
[train] step=5904 loss=0.008464 lr=9.914e-06
[train] step=5905 loss=0.005916 lr=9.914e-06
[train] step=5906 loss=0.012986 lr=9.914e-06
[train] step=5907 loss=0.008187 lr=9.914e-06
[train] step=5908 loss=0.013255 lr=9.914e-06
[train] step=5909 loss=0.051603 lr=9.914e-06
[train] step=5910 loss=0.009072 lr=9.914e-06
[train] step=5911 loss=0.007922 lr=9.914e-06
[train] step=5912 loss=0.008451 lr=9.914e-06
[train] step=5913 loss=0.009654 lr=9.914e-06
[train] step=5914 loss=0.021929 lr=9.914e-06
[train] step=5915 loss=0.012484 lr=9.914e-06
[train] step=5916 loss=0.016516 lr=9.914e-06
[train] step=5917 loss=0.006795 lr=9.914e-06
[train] step=5918 loss=0.025144 lr=9.914e-06
[train] step=5919 loss=0.014433 lr=9.914e-06
[train] step=5920 loss=0.078998 lr=9.914e-06
[train] step=5921 loss=0.010519 lr=9.914e-06
[train] step=5922 loss=0.009037 lr=9.914e-06
[train] step=5923 loss=0.055437 lr=9.914e-06
[train] step=5924 loss=0.006806 lr=9.914e-06
[train] step=5925 loss=0.010924 lr=9.914e-06
[train] step=5926 loss=0.005857 lr=9.914e-06
[train] step=5927 loss=0.016160 lr=9.914e-06
[train] step=5928 loss=0.011488 lr=9.914e-06
[train] step=5929 loss=0.011813 lr=9.914e-06
[train] step=5930 loss=0.043222 lr=9.914e-06
[train] step=5931 loss=0.011632 lr=9.914e-06
[train] step=5932 loss=0.011871 lr=9.914e-06
[train] step=5933 loss=0.014563 lr=9.914e-06
[train] step=5934 loss=0.012778 lr=9.913e-06
[train] step=5935 loss=0.012811 lr=9.913e-06
[train] step=5936 loss=0.008512 lr=9.913e-06
[train] step=5937 loss=0.008837 lr=9.913e-06
[train] step=5938 loss=0.022124 lr=9.913e-06
[train] step=5939 loss=0.049370 lr=9.913e-06
[train] step=5940 loss=0.007742 lr=9.913e-06
[train] step=5941 loss=0.010952 lr=9.913e-06
[train] step=5942 loss=0.021642 lr=9.913e-06
[train] step=5943 loss=0.011500 lr=9.913e-06
[train] step=5944 loss=0.006839 lr=9.913e-06
[train] step=5945 loss=0.008047 lr=9.913e-06
[train] step=5946 loss=0.009031 lr=9.913e-06
[train] step=5947 loss=0.011105 lr=9.913e-06
[train] step=5948 loss=0.017120 lr=9.913e-06
[train] step=5949 loss=0.022796 lr=9.913e-06
[train] step=5950 loss=0.011366 lr=9.913e-06
[train] step=5951 loss=0.127411 lr=9.913e-06
[train] step=5952 loss=0.058684 lr=9.913e-06
[train] step=5953 loss=0.012608 lr=9.913e-06
[train] step=5954 loss=0.010268 lr=9.913e-06
[train] step=5955 loss=0.018740 lr=9.913e-06
[train] step=5956 loss=0.011928 lr=9.913e-06
[train] step=5957 loss=0.014235 lr=9.913e-06
[train] step=5958 loss=0.012537 lr=9.913e-06
[train] step=5959 loss=0.010072 lr=9.913e-06
[train] step=5960 loss=0.009976 lr=9.913e-06
[train] step=5961 loss=0.011574 lr=9.913e-06
[train] step=5962 loss=0.010854 lr=9.913e-06
[train] step=5963 loss=0.014036 lr=9.913e-06
[train] step=5964 loss=0.018043 lr=9.913e-06
[train] step=5965 loss=0.012603 lr=9.913e-06
[train] step=5966 loss=0.009114 lr=9.913e-06
[train] step=5967 loss=0.008483 lr=9.913e-06
[train] step=5968 loss=0.012237 lr=9.912e-06
[train] step=5969 loss=0.013865 lr=9.912e-06
[train] step=5970 loss=0.008194 lr=9.912e-06
[train] step=5971 loss=0.005792 lr=9.912e-06
[train] step=5972 loss=0.007231 lr=9.912e-06
[train] step=5973 loss=0.016554 lr=9.912e-06
[train] step=5974 loss=0.011577 lr=9.912e-06
[train] step=5975 loss=0.124539 lr=9.912e-06
[train] step=5976 loss=0.025413 lr=9.912e-06
[train] step=5977 loss=0.007645 lr=9.912e-06
[train] step=5978 loss=0.009261 lr=9.912e-06
[train] step=5979 loss=0.020604 lr=9.912e-06
[train] step=5980 loss=0.011507 lr=9.912e-06
[train] step=5981 loss=0.019833 lr=9.912e-06
[train] step=5982 loss=0.013400 lr=9.912e-06
[train] step=5983 loss=0.006326 lr=9.912e-06
[train] step=5984 loss=0.008270 lr=9.912e-06
[train] step=5985 loss=0.020554 lr=9.912e-06
[train] step=5986 loss=0.013493 lr=9.912e-06
[train] step=5987 loss=0.010173 lr=9.912e-06
[train] step=5988 loss=0.076574 lr=9.912e-06
[train] step=5989 loss=0.045206 lr=9.912e-06
[train] step=5990 loss=0.028648 lr=9.912e-06
[train] step=5991 loss=0.014413 lr=9.912e-06
[train] step=5992 loss=0.009450 lr=9.912e-06
[train] step=5993 loss=0.009118 lr=9.912e-06
[train] step=5994 loss=0.009742 lr=9.912e-06
[train] step=5995 loss=0.007342 lr=9.912e-06
[train] step=5996 loss=0.009186 lr=9.912e-06
[train] step=5997 loss=0.010034 lr=9.912e-06
[train] step=5998 loss=0.010934 lr=9.912e-06
[train] step=5999 loss=0.007778 lr=9.912e-06
[train] step=6000 loss=0.014731 lr=9.912e-06
INFO     [rank 0] Model weights for step 6000 saved in       dit_trainer.py:1085
         checkpoints/model_weights_step_06000.safetensors                       
INFO     [rank 0] Scalar embedding weights for step 6000     dit_trainer.py:1092
         saved                                                                  
INFO     [rank 0] Training state saved:                      dit_trainer.py:1123
         checkpoints/model_weights_step_06000.state.pt                          
DEBUG    [rank 0] Removed old checkpoint:                    dit_trainer.py:1136
         /local/disk/hramachandran/work/wh_work/windinet/dit                    
         _throughput_sweep_bs2/checkpoints/model_weights_ste                    
         p_05500.safetensors                                                    
DEBUG    [rank 0] Removed old checkpoint:                    dit_trainer.py:1136
         /local/disk/hramachandran/work/wh_work/windinet/dit                    
         _throughput_sweep_bs2/checkpoints/model_weights_ste                    
         p_05500.state.pt                                                       
DEBUG    [rank 0] Removed old checkpoint:                    dit_trainer.py:1136
         /local/disk/hramachandran/work/wh_work/windinet/dit                    
         _throughput_sweep_bs2/checkpoints/scalar_embedding_                    
         step_05500.safetensors                                                 
[epoch 12] step=6000 train_loss=0.017147
[train] step=6001 loss=0.010257 lr=9.912e-06
[train] step=6002 loss=0.009150 lr=9.911e-06
[train] step=6003 loss=0.007289 lr=9.911e-06
[train] step=6004 loss=0.018563 lr=9.911e-06
[train] step=6005 loss=0.007633 lr=9.911e-06
[train] step=6006 loss=0.007263 lr=9.911e-06
[train] step=6007 loss=0.008260 lr=9.911e-06
[train] step=6008 loss=0.009946 lr=9.911e-06
[train] step=6009 loss=0.027112 lr=9.911e-06
[train] step=6010 loss=0.015550 lr=9.911e-06
[train] step=6011 loss=0.008253 lr=9.911e-06
[train] step=6012 loss=0.015420 lr=9.911e-06
[train] step=6013 loss=0.011543 lr=9.911e-06
[train] step=6014 loss=0.008463 lr=9.911e-06
[train] step=6015 loss=0.103453 lr=9.911e-06
[train] step=6016 loss=0.039472 lr=9.911e-06
[train] step=6017 loss=0.015247 lr=9.911e-06
[train] step=6018 loss=0.022763 lr=9.911e-06
[train] step=6019 loss=0.010106 lr=9.911e-06
[train] step=6020 loss=0.013812 lr=9.911e-06
[train] step=6021 loss=0.009387 lr=9.911e-06
[train] step=6022 loss=0.020655 lr=9.911e-06
[train] step=6023 loss=0.008159 lr=9.911e-06
[train] step=6024 loss=0.008043 lr=9.911e-06
[train] step=6025 loss=0.012523 lr=9.911e-06
[train] step=6026 loss=0.013017 lr=9.911e-06
[train] step=6027 loss=0.011062 lr=9.911e-06
[train] step=6028 loss=0.008676 lr=9.911e-06
[train] step=6029 loss=0.025606 lr=9.911e-06
[train] step=6030 loss=0.015079 lr=9.911e-06
[train] step=6031 loss=0.007888 lr=9.911e-06
[train] step=6032 loss=0.012255 lr=9.911e-06
[train] step=6033 loss=0.016439 lr=9.911e-06
[train] step=6034 loss=0.025420 lr=9.911e-06
[train] step=6035 loss=0.013650 lr=9.911e-06
[train] step=6036 loss=0.012729 lr=9.910e-06
[train] step=6037 loss=0.013374 lr=9.910e-06
[train] step=6038 loss=0.032808 lr=9.910e-06
[train] step=6039 loss=0.028883 lr=9.910e-06
[train] step=6040 loss=0.008868 lr=9.910e-06
[train] step=6041 loss=0.006988 lr=9.910e-06
[train] step=6042 loss=0.009009 lr=9.910e-06
[train] step=6043 loss=0.007473 lr=9.910e-06
[train] step=6044 loss=0.045984 lr=9.910e-06
[train] step=6045 loss=0.007424 lr=9.910e-06
[train] step=6046 loss=0.007129 lr=9.910e-06
[train] step=6047 loss=0.010062 lr=9.910e-06
[train] step=6048 loss=0.012702 lr=9.910e-06
[train] step=6049 loss=0.107549 lr=9.910e-06
[train] step=6050 loss=0.007042 lr=9.910e-06
[train] step=6051 loss=0.016760 lr=9.910e-06
[train] step=6052 loss=0.015248 lr=9.910e-06
[train] step=6053 loss=0.014559 lr=9.910e-06
[train] step=6054 loss=0.014754 lr=9.910e-06
[train] step=6055 loss=0.009263 lr=9.910e-06
[train] step=6056 loss=0.010329 lr=9.910e-06
[train] step=6057 loss=0.013550 lr=9.910e-06
[train] step=6058 loss=0.008277 lr=9.910e-06
[train] step=6059 loss=0.007254 lr=9.910e-06
[train] step=6060 loss=0.054334 lr=9.910e-06
[train] step=6061 loss=0.014334 lr=9.910e-06
[train] step=6062 loss=0.017012 lr=9.910e-06
[train] step=6063 loss=0.007112 lr=9.910e-06
[train] step=6064 loss=0.006379 lr=9.910e-06
[train] step=6065 loss=0.017409 lr=9.910e-06
[train] step=6066 loss=0.008394 lr=9.910e-06
[train] step=6067 loss=0.007807 lr=9.910e-06
[train] step=6068 loss=0.006620 lr=9.910e-06
[train] step=6069 loss=0.008342 lr=9.910e-06
[train] step=6070 loss=0.020569 lr=9.909e-06
[train] step=6071 loss=0.007371 lr=9.909e-06
[train] step=6072 loss=0.012232 lr=9.909e-06
[train] step=6073 loss=0.010164 lr=9.909e-06
[train] step=6074 loss=0.007049 lr=9.909e-06
[train] step=6075 loss=0.008654 lr=9.909e-06
[train] step=6076 loss=0.009079 lr=9.909e-06
[train] step=6077 loss=0.008566 lr=9.909e-06
[train] step=6078 loss=0.006150 lr=9.909e-06
[train] step=6079 loss=0.009519 lr=9.909e-06
[train] step=6080 loss=0.016992 lr=9.909e-06
[train] step=6081 loss=0.011865 lr=9.909e-06
[train] step=6082 loss=0.015905 lr=9.909e-06
[train] step=6083 loss=0.008719 lr=9.909e-06
[train] step=6084 loss=0.005998 lr=9.909e-06
[train] step=6085 loss=0.007052 lr=9.909e-06
[train] step=6086 loss=0.013488 lr=9.909e-06
[train] step=6087 loss=0.008880 lr=9.909e-06
[train] step=6088 loss=0.011294 lr=9.909e-06
[train] step=6089 loss=0.018943 lr=9.909e-06
[train] step=6090 loss=0.011061 lr=9.909e-06
[train] step=6091 loss=0.010825 lr=9.909e-06
[train] step=6092 loss=0.008138 lr=9.909e-06
[train] step=6093 loss=0.005679 lr=9.909e-06
[train] step=6094 loss=0.041705 lr=9.909e-06
[train] step=6095 loss=0.010278 lr=9.909e-06
[train] step=6096 loss=0.024471 lr=9.909e-06
[train] step=6097 loss=0.006930 lr=9.909e-06
[train] step=6098 loss=0.005684 lr=9.909e-06
[train] step=6099 loss=0.016696 lr=9.909e-06
[train] step=6100 loss=0.008335 lr=9.909e-06
[train] step=6101 loss=0.006898 lr=9.909e-06
[train] step=6102 loss=0.007895 lr=9.909e-06
[train] step=6103 loss=0.004711 lr=9.909e-06
[train] step=6104 loss=0.010129 lr=9.908e-06
[train] step=6105 loss=0.063734 lr=9.908e-06
[train] step=6106 loss=0.022889 lr=9.908e-06
[train] step=6107 loss=0.011425 lr=9.908e-06
[train] step=6108 loss=0.009482 lr=9.908e-06
[train] step=6109 loss=0.008658 lr=9.908e-06
[train] step=6110 loss=0.024870 lr=9.908e-06
[train] step=6111 loss=0.031603 lr=9.908e-06
[train] step=6112 loss=0.008680 lr=9.908e-06
[train] step=6113 loss=0.007166 lr=9.908e-06
[train] step=6114 loss=0.006712 lr=9.908e-06
[train] step=6115 loss=0.012576 lr=9.908e-06
[train] step=6116 loss=0.031057 lr=9.908e-06
[train] step=6117 loss=0.026681 lr=9.908e-06
[train] step=6118 loss=0.033834 lr=9.908e-06
[train] step=6119 loss=0.019659 lr=9.908e-06
[train] step=6120 loss=0.011535 lr=9.908e-06
[train] step=6121 loss=0.009187 lr=9.908e-06
[train] step=6122 loss=0.007355 lr=9.908e-06
[train] step=6123 loss=0.010573 lr=9.908e-06
[train] step=6124 loss=0.012442 lr=9.908e-06
[train] step=6125 loss=0.015075 lr=9.908e-06
[train] step=6126 loss=0.014372 lr=9.908e-06
[train] step=6127 loss=0.019140 lr=9.908e-06
[train] step=6128 loss=0.012133 lr=9.908e-06
[train] step=6129 loss=0.017004 lr=9.908e-06
[train] step=6130 loss=0.006385 lr=9.908e-06
[train] step=6131 loss=0.014165 lr=9.908e-06
[train] step=6132 loss=0.012628 lr=9.908e-06
[train] step=6133 loss=0.011212 lr=9.908e-06
[train] step=6134 loss=0.009786 lr=9.908e-06
[train] step=6135 loss=0.014554 lr=9.908e-06
[train] step=6136 loss=0.023284 lr=9.908e-06
[train] step=6137 loss=0.013891 lr=9.907e-06
[train] step=6138 loss=0.008320 lr=9.907e-06
[train] step=6139 loss=0.014642 lr=9.907e-06
[train] step=6140 loss=0.014209 lr=9.907e-06
[train] step=6141 loss=0.014592 lr=9.907e-06
[train] step=6142 loss=0.011936 lr=9.907e-06
[train] step=6143 loss=0.021147 lr=9.907e-06
[train] step=6144 loss=0.134402 lr=9.907e-06
[train] step=6145 loss=0.021733 lr=9.907e-06
[train] step=6146 loss=0.004848 lr=9.907e-06
[train] step=6147 loss=0.008868 lr=9.907e-06
[train] step=6148 loss=0.008396 lr=9.907e-06
[train] step=6149 loss=0.008153 lr=9.907e-06
[train] step=6150 loss=0.011487 lr=9.907e-06
[train] step=6151 loss=0.023144 lr=9.907e-06
[train] step=6152 loss=0.013456 lr=9.907e-06
[train] step=6153 loss=0.008255 lr=9.907e-06
[train] step=6154 loss=0.028674 lr=9.907e-06
[train] step=6155 loss=0.018260 lr=9.907e-06
[train] step=6156 loss=0.011205 lr=9.907e-06
[train] step=6157 loss=0.013491 lr=9.907e-06
[train] step=6158 loss=0.015114 lr=9.907e-06
[train] step=6159 loss=0.025859 lr=9.907e-06
[train] step=6160 loss=0.011846 lr=9.907e-06
[train] step=6161 loss=0.009819 lr=9.907e-06
[train] step=6162 loss=0.011631 lr=9.907e-06
[train] step=6163 loss=0.009252 lr=9.907e-06
[train] step=6164 loss=0.009774 lr=9.907e-06
[train] step=6165 loss=0.022763 lr=9.907e-06
[train] step=6166 loss=0.052489 lr=9.907e-06
[train] step=6167 loss=0.014958 lr=9.907e-06
[train] step=6168 loss=0.007588 lr=9.907e-06
[train] step=6169 loss=0.005620 lr=9.907e-06
[train] step=6170 loss=0.010279 lr=9.906e-06
[train] step=6171 loss=0.012848 lr=9.906e-06
[train] step=6172 loss=0.009392 lr=9.906e-06
[train] step=6173 loss=0.008456 lr=9.906e-06
[train] step=6174 loss=0.009125 lr=9.906e-06
[train] step=6175 loss=0.012990 lr=9.906e-06
[train] step=6176 loss=0.007666 lr=9.906e-06
[train] step=6177 loss=0.069677 lr=9.906e-06
[train] step=6178 loss=0.016587 lr=9.906e-06
[train] step=6179 loss=0.014105 lr=9.906e-06
[train] step=6180 loss=0.006680 lr=9.906e-06
[train] step=6181 loss=0.029933 lr=9.906e-06
[train] step=6182 loss=0.011847 lr=9.906e-06
[train] step=6183 loss=0.011543 lr=9.906e-06
[train] step=6184 loss=0.008212 lr=9.906e-06
[train] step=6185 loss=0.010313 lr=9.906e-06
[train] step=6186 loss=0.008559 lr=9.906e-06
[train] step=6187 loss=0.010115 lr=9.906e-06
[train] step=6188 loss=0.017681 lr=9.906e-06
[train] step=6189 loss=0.009201 lr=9.906e-06
[train] step=6190 loss=0.006903 lr=9.906e-06
[train] step=6191 loss=0.008588 lr=9.906e-06
[train] step=6192 loss=0.010445 lr=9.906e-06
[train] step=6193 loss=0.010018 lr=9.906e-06
[train] step=6194 loss=0.009303 lr=9.906e-06
[train] step=6195 loss=0.007647 lr=9.906e-06
[train] step=6196 loss=0.014482 lr=9.906e-06
[train] step=6197 loss=0.009151 lr=9.906e-06
[train] step=6198 loss=0.006608 lr=9.906e-06
[train] step=6199 loss=0.008231 lr=9.906e-06
[train] step=6200 loss=0.028641 lr=9.906e-06
[train] step=6201 loss=0.033893 lr=9.906e-06
[train] step=6202 loss=0.016032 lr=9.906e-06
[train] step=6203 loss=0.006885 lr=9.905e-06
[train] step=6204 loss=0.006732 lr=9.905e-06
[train] step=6205 loss=0.007565 lr=9.905e-06
[train] step=6206 loss=0.008328 lr=9.905e-06
[train] step=6207 loss=0.009002 lr=9.905e-06
[train] step=6208 loss=0.010613 lr=9.905e-06
[train] step=6209 loss=0.023361 lr=9.905e-06
[train] step=6210 loss=0.032691 lr=9.905e-06
[train] step=6211 loss=0.013561 lr=9.905e-06
[train] step=6212 loss=0.009534 lr=9.905e-06
[train] step=6213 loss=0.008765 lr=9.905e-06
[train] step=6214 loss=0.013394 lr=9.905e-06
[train] step=6215 loss=0.011369 lr=9.905e-06
[train] step=6216 loss=0.013857 lr=9.905e-06
[train] step=6217 loss=0.007424 lr=9.905e-06
[train] step=6218 loss=0.008720 lr=9.905e-06
[train] step=6219 loss=0.008848 lr=9.905e-06
[train] step=6220 loss=0.010066 lr=9.905e-06
[train] step=6221 loss=0.006923 lr=9.905e-06
[train] step=6222 loss=0.008939 lr=9.905e-06
[train] step=6223 loss=0.017441 lr=9.905e-06
[train] step=6224 loss=0.007464 lr=9.905e-06
[train] step=6225 loss=0.012571 lr=9.905e-06
[train] step=6226 loss=0.019153 lr=9.905e-06
[train] step=6227 loss=0.013640 lr=9.905e-06
[train] step=6228 loss=0.008900 lr=9.905e-06
[train] step=6229 loss=0.012986 lr=9.905e-06
[train] step=6230 loss=0.008834 lr=9.905e-06
[train] step=6231 loss=0.007623 lr=9.905e-06
[train] step=6232 loss=0.019438 lr=9.905e-06
[train] step=6233 loss=0.005158 lr=9.905e-06
[train] step=6234 loss=0.006414 lr=9.905e-06
[train] step=6235 loss=0.009541 lr=9.905e-06
[train] step=6236 loss=0.009995 lr=9.904e-06
[train] step=6237 loss=0.010199 lr=9.904e-06
[train] step=6238 loss=0.026157 lr=9.904e-06
[train] step=6239 loss=0.009736 lr=9.904e-06
[train] step=6240 loss=0.007830 lr=9.904e-06
[train] step=6241 loss=0.006895 lr=9.904e-06
[train] step=6242 loss=0.021222 lr=9.904e-06
[train] step=6243 loss=0.009979 lr=9.904e-06
[train] step=6244 loss=0.005768 lr=9.904e-06
[train] step=6245 loss=0.008618 lr=9.904e-06
[train] step=6246 loss=0.010896 lr=9.904e-06
[train] step=6247 loss=0.007749 lr=9.904e-06
[train] step=6248 loss=0.010321 lr=9.904e-06
[train] step=6249 loss=0.007061 lr=9.904e-06
[train] step=6250 loss=0.009053 lr=9.904e-06
[train] step=6251 loss=0.008813 lr=9.904e-06
[train] step=6252 loss=0.008213 lr=9.904e-06
[train] step=6253 loss=0.006678 lr=9.904e-06
[train] step=6254 loss=0.007274 lr=9.904e-06
[train] step=6255 loss=0.009685 lr=9.904e-06
[train] step=6256 loss=0.054875 lr=9.904e-06
[train] step=6257 loss=0.005451 lr=9.904e-06
[train] step=6258 loss=0.007277 lr=9.904e-06
[train] step=6259 loss=0.010747 lr=9.904e-06
[train] step=6260 loss=0.008753 lr=9.904e-06
[train] step=6261 loss=0.007991 lr=9.904e-06
[train] step=6262 loss=0.009630 lr=9.904e-06
[train] step=6263 loss=0.011506 lr=9.904e-06
[train] step=6264 loss=0.008618 lr=9.904e-06
[train] step=6265 loss=0.008355 lr=9.904e-06
[train] step=6266 loss=0.012740 lr=9.904e-06
[train] step=6267 loss=0.008859 lr=9.904e-06
[train] step=6268 loss=0.008141 lr=9.904e-06
[train] step=6269 loss=0.007968 lr=9.903e-06
[train] step=6270 loss=0.012399 lr=9.903e-06
[train] step=6271 loss=0.008909 lr=9.903e-06
[train] step=6272 loss=0.006268 lr=9.903e-06
[train] step=6273 loss=0.007014 lr=9.903e-06
[train] step=6274 loss=0.005761 lr=9.903e-06
[train] step=6275 loss=0.010429 lr=9.903e-06
[train] step=6276 loss=0.041119 lr=9.903e-06
[train] step=6277 loss=0.008733 lr=9.903e-06
[train] step=6278 loss=0.015497 lr=9.903e-06
[train] step=6279 loss=0.005825 lr=9.903e-06
[train] step=6280 loss=0.008241 lr=9.903e-06
[train] step=6281 loss=0.014486 lr=9.903e-06
[train] step=6282 loss=0.082278 lr=9.903e-06
[train] step=6283 loss=0.013025 lr=9.903e-06
[train] step=6284 loss=0.008883 lr=9.903e-06
[train] step=6285 loss=0.097137 lr=9.903e-06
[train] step=6286 loss=0.008979 lr=9.903e-06
[train] step=6287 loss=0.023209 lr=9.903e-06
[train] step=6288 loss=0.006916 lr=9.903e-06
[train] step=6289 loss=0.024093 lr=9.903e-06
[train] step=6290 loss=0.010803 lr=9.903e-06
[train] step=6291 loss=0.017978 lr=9.903e-06
[train] step=6292 loss=0.008196 lr=9.903e-06
[train] step=6293 loss=0.010679 lr=9.903e-06
[train] step=6294 loss=0.009020 lr=9.903e-06
[train] step=6295 loss=0.034646 lr=9.903e-06
[train] step=6296 loss=0.025075 lr=9.903e-06
[train] step=6297 loss=0.006089 lr=9.903e-06
[train] step=6298 loss=0.033008 lr=9.903e-06
[train] step=6299 loss=0.007864 lr=9.903e-06
[train] step=6300 loss=0.034403 lr=9.903e-06
[train] step=6301 loss=0.042682 lr=9.902e-06
[train] step=6302 loss=0.010270 lr=9.902e-06
[train] step=6303 loss=0.014616 lr=9.902e-06
[train] step=6304 loss=0.017877 lr=9.902e-06
[train] step=6305 loss=0.008769 lr=9.902e-06
[train] step=6306 loss=0.008739 lr=9.902e-06
[train] step=6307 loss=0.010104 lr=9.902e-06
[train] step=6308 loss=0.010746 lr=9.902e-06
[train] step=6309 loss=0.010177 lr=9.902e-06
[train] step=6310 loss=0.021094 lr=9.902e-06
[train] step=6311 loss=0.013817 lr=9.902e-06
[train] step=6312 loss=0.008430 lr=9.902e-06
[train] step=6313 loss=0.030306 lr=9.902e-06
[train] step=6314 loss=0.026845 lr=9.902e-06
[train] step=6315 loss=0.013788 lr=9.902e-06
[train] step=6316 loss=0.009588 lr=9.902e-06
[train] step=6317 loss=0.122975 lr=9.902e-06
[train] step=6318 loss=0.007892 lr=9.902e-06
[train] step=6319 loss=0.005843 lr=9.902e-06
[train] step=6320 loss=0.010243 lr=9.902e-06
[train] step=6321 loss=0.008463 lr=9.902e-06
[train] step=6322 loss=0.011717 lr=9.902e-06
[train] step=6323 loss=0.010814 lr=9.902e-06
[train] step=6324 loss=0.007192 lr=9.902e-06
[train] step=6325 loss=0.018226 lr=9.902e-06
[train] step=6326 loss=0.118074 lr=9.902e-06
[train] step=6327 loss=0.020169 lr=9.902e-06
[train] step=6328 loss=0.009829 lr=9.902e-06
[train] step=6329 loss=0.012952 lr=9.902e-06
[train] step=6330 loss=0.009489 lr=9.902e-06
[train] step=6331 loss=0.078113 lr=9.902e-06
[train] step=6332 loss=0.007621 lr=9.902e-06
[train] step=6333 loss=0.013309 lr=9.901e-06
[train] step=6334 loss=0.034705 lr=9.901e-06
[train] step=6335 loss=0.006522 lr=9.901e-06
[train] step=6336 loss=0.007281 lr=9.901e-06
[train] step=6337 loss=0.011333 lr=9.901e-06
[train] step=6338 loss=0.039253 lr=9.901e-06
[train] step=6339 loss=0.016938 lr=9.901e-06
[train] step=6340 loss=0.073987 lr=9.901e-06
[train] step=6341 loss=0.009322 lr=9.901e-06
[train] step=6342 loss=0.011606 lr=9.901e-06
[train] step=6343 loss=0.016631 lr=9.901e-06
[train] step=6344 loss=0.021194 lr=9.901e-06
[train] step=6345 loss=0.007009 lr=9.901e-06
[train] step=6346 loss=0.049493 lr=9.901e-06
[train] step=6347 loss=0.006323 lr=9.901e-06
[train] step=6348 loss=0.016688 lr=9.901e-06
[train] step=6349 loss=0.029812 lr=9.901e-06
[train] step=6350 loss=0.076023 lr=9.901e-06
[train] step=6351 loss=0.013415 lr=9.901e-06
[train] step=6352 loss=0.012627 lr=9.901e-06
[train] step=6353 loss=0.012312 lr=9.901e-06
[train] step=6354 loss=0.011921 lr=9.901e-06
[train] step=6355 loss=0.014757 lr=9.901e-06
[train] step=6356 loss=0.019807 lr=9.901e-06
[train] step=6357 loss=0.052408 lr=9.901e-06
[train] step=6358 loss=0.037052 lr=9.901e-06
[train] step=6359 loss=0.052923 lr=9.901e-06
[train] step=6360 loss=0.006205 lr=9.901e-06
[train] step=6361 loss=0.013643 lr=9.901e-06
[train] step=6362 loss=0.012024 lr=9.901e-06
[train] step=6363 loss=0.059397 lr=9.901e-06
[train] step=6364 loss=0.089092 lr=9.901e-06
[train] step=6365 loss=0.009140 lr=9.901e-06
[train] step=6366 loss=0.027344 lr=9.900e-06
[train] step=6367 loss=0.027570 lr=9.900e-06
[train] step=6368 loss=0.097144 lr=9.900e-06
[train] step=6369 loss=0.025719 lr=9.900e-06
[train] step=6370 loss=0.018187 lr=9.900e-06
[train] step=6371 loss=0.015238 lr=9.900e-06
[train] step=6372 loss=0.009008 lr=9.900e-06
[train] step=6373 loss=0.009175 lr=9.900e-06
[train] step=6374 loss=0.032644 lr=9.900e-06
[train] step=6375 loss=0.015432 lr=9.900e-06
[train] step=6376 loss=0.014833 lr=9.900e-06
[train] step=6377 loss=0.018153 lr=9.900e-06
[train] step=6378 loss=0.028601 lr=9.900e-06
[train] step=6379 loss=0.020555 lr=9.900e-06
[train] step=6380 loss=0.007675 lr=9.900e-06
[train] step=6381 loss=0.037823 lr=9.900e-06
[train] step=6382 loss=0.064207 lr=9.900e-06
[train] step=6383 loss=0.024951 lr=9.900e-06
[train] step=6384 loss=0.022925 lr=9.900e-06
[train] step=6385 loss=0.009522 lr=9.900e-06
[train] step=6386 loss=0.022122 lr=9.900e-06
[train] step=6387 loss=0.009367 lr=9.900e-06
[train] step=6388 loss=0.100005 lr=9.900e-06
[train] step=6389 loss=0.111380 lr=9.900e-06
[train] step=6390 loss=0.038824 lr=9.900e-06
[train] step=6391 loss=0.015355 lr=9.900e-06
[train] step=6392 loss=0.012645 lr=9.900e-06
[train] step=6393 loss=0.014510 lr=9.900e-06
[train] step=6394 loss=0.010270 lr=9.900e-06
[train] step=6395 loss=0.033621 lr=9.900e-06
[train] step=6396 loss=0.019567 lr=9.900e-06
[train] step=6397 loss=0.017150 lr=9.900e-06
[train] step=6398 loss=0.023973 lr=9.899e-06
[train] step=6399 loss=0.014250 lr=9.899e-06
[train] step=6400 loss=0.008874 lr=9.899e-06
[train] step=6401 loss=0.014360 lr=9.899e-06
[train] step=6402 loss=0.022998 lr=9.899e-06
[train] step=6403 loss=0.016368 lr=9.899e-06
[train] step=6404 loss=0.085810 lr=9.899e-06
[train] step=6405 loss=0.015025 lr=9.899e-06
[train] step=6406 loss=0.010447 lr=9.899e-06
[train] step=6407 loss=0.018867 lr=9.899e-06
[train] step=6408 loss=0.026631 lr=9.899e-06
[train] step=6409 loss=0.008435 lr=9.899e-06
[train] step=6410 loss=0.011469 lr=9.899e-06
[train] step=6411 loss=0.006871 lr=9.899e-06
[train] step=6412 loss=0.024619 lr=9.899e-06
[train] step=6413 loss=0.033460 lr=9.899e-06
[train] step=6414 loss=0.021337 lr=9.899e-06
[train] step=6415 loss=0.028770 lr=9.899e-06
[train] step=6416 loss=0.012711 lr=9.899e-06
[train] step=6417 loss=0.009779 lr=9.899e-06
[train] step=6418 loss=0.014149 lr=9.899e-06
[train] step=6419 loss=0.006005 lr=9.899e-06
[train] step=6420 loss=0.014386 lr=9.899e-06
[train] step=6421 loss=0.034115 lr=9.899e-06
[train] step=6422 loss=0.015099 lr=9.899e-06
[train] step=6423 loss=0.010140 lr=9.899e-06
[train] step=6424 loss=0.010819 lr=9.899e-06
[train] step=6425 loss=0.008129 lr=9.899e-06
[train] step=6426 loss=0.004686 lr=9.899e-06
[train] step=6427 loss=0.051283 lr=9.899e-06
[train] step=6428 loss=0.010569 lr=9.899e-06
[train] step=6429 loss=0.010292 lr=9.898e-06
[train] step=6430 loss=0.009398 lr=9.898e-06
[train] step=6431 loss=0.009114 lr=9.898e-06
[train] step=6432 loss=0.008175 lr=9.898e-06
[train] step=6433 loss=0.019930 lr=9.898e-06
[train] step=6434 loss=0.028100 lr=9.898e-06
[train] step=6435 loss=0.012986 lr=9.898e-06
[train] step=6436 loss=0.010336 lr=9.898e-06
[train] step=6437 loss=0.006314 lr=9.898e-06
[train] step=6438 loss=0.010022 lr=9.898e-06
[train] step=6439 loss=0.005005 lr=9.898e-06
[train] step=6440 loss=0.021234 lr=9.898e-06
[train] step=6441 loss=0.010767 lr=9.898e-06
[train] step=6442 loss=0.016614 lr=9.898e-06
[train] step=6443 loss=0.015800 lr=9.898e-06
[train] step=6444 loss=0.011516 lr=9.898e-06
[train] step=6445 loss=0.005514 lr=9.898e-06
[train] step=6446 loss=0.012962 lr=9.898e-06
[train] step=6447 loss=0.008517 lr=9.898e-06
[train] step=6448 loss=0.012642 lr=9.898e-06
[train] step=6449 loss=0.011646 lr=9.898e-06
[train] step=6450 loss=0.015661 lr=9.898e-06
[train] step=6451 loss=0.013610 lr=9.898e-06
[train] step=6452 loss=0.009323 lr=9.898e-06
[train] step=6453 loss=0.020694 lr=9.898e-06
[train] step=6454 loss=0.064736 lr=9.898e-06
[train] step=6455 loss=0.008084 lr=9.898e-06
[train] step=6456 loss=0.027774 lr=9.898e-06
[train] step=6457 loss=0.009334 lr=9.898e-06
[train] step=6458 loss=0.011845 lr=9.898e-06
[train] step=6459 loss=0.013365 lr=9.898e-06
[train] step=6460 loss=0.015678 lr=9.898e-06
[train] step=6461 loss=0.014310 lr=9.897e-06
[train] step=6462 loss=0.006431 lr=9.897e-06
[train] step=6463 loss=0.011101 lr=9.897e-06
[train] step=6464 loss=0.008232 lr=9.897e-06
[train] step=6465 loss=0.030143 lr=9.897e-06
[train] step=6466 loss=0.015938 lr=9.897e-06
[train] step=6467 loss=0.013656 lr=9.897e-06
[train] step=6468 loss=0.022297 lr=9.897e-06
[train] step=6469 loss=0.007447 lr=9.897e-06
[train] step=6470 loss=0.014972 lr=9.897e-06
[train] step=6471 loss=0.015365 lr=9.897e-06
[train] step=6472 loss=0.230433 lr=9.897e-06
[train] step=6473 loss=0.008308 lr=9.897e-06
[train] step=6474 loss=0.040942 lr=9.897e-06
[train] step=6475 loss=0.013630 lr=9.897e-06
[train] step=6476 loss=0.018739 lr=9.897e-06
[train] step=6477 loss=0.018584 lr=9.897e-06
[train] step=6478 loss=0.013105 lr=9.897e-06
[train] step=6479 loss=0.010847 lr=9.897e-06
[train] step=6480 loss=0.007103 lr=9.897e-06
[train] step=6481 loss=0.010203 lr=9.897e-06
[train] step=6482 loss=0.014807 lr=9.897e-06
[train] step=6483 loss=0.011618 lr=9.897e-06
[train] step=6484 loss=0.014144 lr=9.897e-06
[train] step=6485 loss=0.009450 lr=9.897e-06
[train] step=6486 loss=0.016935 lr=9.897e-06
[train] step=6487 loss=0.008295 lr=9.897e-06
[train] step=6488 loss=0.010425 lr=9.897e-06
[train] step=6489 loss=0.007781 lr=9.897e-06
[train] step=6490 loss=0.013727 lr=9.897e-06
[train] step=6491 loss=0.033008 lr=9.897e-06
[train] step=6492 loss=0.009426 lr=9.897e-06
[train] step=6493 loss=0.006316 lr=9.896e-06
[train] step=6494 loss=0.008778 lr=9.896e-06
[train] step=6495 loss=0.011788 lr=9.896e-06
[train] step=6496 loss=0.015198 lr=9.896e-06
[train] step=6497 loss=0.009285 lr=9.896e-06
[train] step=6498 loss=0.013175 lr=9.896e-06
[train] step=6499 loss=0.010121 lr=9.896e-06
[train] step=6500 loss=0.010706 lr=9.896e-06
INFO     [rank 0] Model weights for step 6500 saved in       dit_trainer.py:1085
         checkpoints/model_weights_step_06500.safetensors                       
INFO     [rank 0] Scalar embedding weights for step 6500     dit_trainer.py:1092
         saved                                                                  
INFO     [rank 0] Training state saved:                      dit_trainer.py:1123
         checkpoints/model_weights_step_06500.state.pt                          
DEBUG    [rank 0] Removed old checkpoint:                    dit_trainer.py:1136
         /local/disk/hramachandran/work/wh_work/windinet/dit                    
         _throughput_sweep_bs2/checkpoints/model_weights_ste                    
         p_06000.safetensors                                                    
DEBUG    [rank 0] Removed old checkpoint:                    dit_trainer.py:1136
         /local/disk/hramachandran/work/wh_work/windinet/dit                    
         _throughput_sweep_bs2/checkpoints/model_weights_ste                    
         p_06000.state.pt                                                       
DEBUG    [rank 0] Removed old checkpoint:                    dit_trainer.py:1136
         /local/disk/hramachandran/work/wh_work/windinet/dit                    
         _throughput_sweep_bs2/checkpoints/scalar_embedding_                    
         step_06000.safetensors                                                 
[epoch 13] step=6500 train_loss=0.017734
[train] step=6501 loss=0.006958 lr=9.896e-06
[train] step=6502 loss=0.010324 lr=9.896e-06
[train] step=6503 loss=0.007370 lr=9.896e-06
[train] step=6504 loss=0.041024 lr=9.896e-06
[train] step=6505 loss=0.014879 lr=9.896e-06
[train] step=6506 loss=0.009968 lr=9.896e-06
[train] step=6507 loss=0.007193 lr=9.896e-06
[train] step=6508 loss=0.008607 lr=9.896e-06
[train] step=6509 loss=0.019144 lr=9.896e-06
[train] step=6510 loss=0.006803 lr=9.896e-06
[train] step=6511 loss=0.015617 lr=9.896e-06
[train] step=6512 loss=0.015176 lr=9.896e-06
[train] step=6513 loss=0.008080 lr=9.896e-06
[train] step=6514 loss=0.039969 lr=9.896e-06
[train] step=6515 loss=0.015426 lr=9.896e-06
[train] step=6516 loss=0.007651 lr=9.896e-06
[train] step=6517 loss=0.024638 lr=9.896e-06
[train] step=6518 loss=0.037600 lr=9.896e-06
[train] step=6519 loss=0.008240 lr=9.896e-06
[train] step=6520 loss=0.016928 lr=9.896e-06
[train] step=6521 loss=0.006092 lr=9.896e-06
[train] step=6522 loss=0.009091 lr=9.896e-06
[train] step=6523 loss=0.010721 lr=9.896e-06
[train] step=6524 loss=0.010951 lr=9.895e-06
[train] step=6525 loss=0.029333 lr=9.895e-06
[train] step=6526 loss=0.007822 lr=9.895e-06
[train] step=6527 loss=0.089308 lr=9.895e-06
[train] step=6528 loss=0.007170 lr=9.895e-06
[train] step=6529 loss=0.010133 lr=9.895e-06
[train] step=6530 loss=0.022027 lr=9.895e-06
[train] step=6531 loss=0.042749 lr=9.895e-06
[train] step=6532 loss=0.008508 lr=9.895e-06
[train] step=6533 loss=0.006591 lr=9.895e-06
[train] step=6534 loss=0.010826 lr=9.895e-06
[train] step=6535 loss=0.008543 lr=9.895e-06
[train] step=6536 loss=0.009344 lr=9.895e-06
[train] step=6537 loss=0.014408 lr=9.895e-06
[train] step=6538 loss=0.012491 lr=9.895e-06
[train] step=6539 loss=0.006565 lr=9.895e-06
[train] step=6540 loss=0.009516 lr=9.895e-06
[train] step=6541 loss=0.021127 lr=9.895e-06
[train] step=6542 loss=0.007648 lr=9.895e-06
[train] step=6543 loss=0.009726 lr=9.895e-06
[train] step=6544 loss=0.007186 lr=9.895e-06
[train] step=6545 loss=0.011855 lr=9.895e-06
[train] step=6546 loss=0.006386 lr=9.895e-06
[train] step=6547 loss=0.009184 lr=9.895e-06
[train] step=6548 loss=0.051764 lr=9.895e-06
[train] step=6549 loss=0.010084 lr=9.895e-06
[train] step=6550 loss=0.007303 lr=9.895e-06
[train] step=6551 loss=0.013226 lr=9.895e-06
[train] step=6552 loss=0.019805 lr=9.895e-06
[train] step=6553 loss=0.008398 lr=9.895e-06
[train] step=6554 loss=0.008484 lr=9.895e-06
[train] step=6555 loss=0.022334 lr=9.894e-06
[train] step=6556 loss=0.011909 lr=9.894e-06
[train] step=6557 loss=0.013163 lr=9.894e-06
[train] step=6558 loss=0.007887 lr=9.894e-06
[train] step=6559 loss=0.054000 lr=9.894e-06
[train] step=6560 loss=0.015488 lr=9.894e-06
[train] step=6561 loss=0.008931 lr=9.894e-06
[train] step=6562 loss=0.016979 lr=9.894e-06
[train] step=6563 loss=0.008755 lr=9.894e-06
[train] step=6564 loss=0.007904 lr=9.894e-06
[train] step=6565 loss=0.010656 lr=9.894e-06
[train] step=6566 loss=0.010281 lr=9.894e-06
[train] step=6567 loss=0.020066 lr=9.894e-06
[train] step=6568 loss=0.005107 lr=9.894e-06
[train] step=6569 loss=0.010296 lr=9.894e-06
[train] step=6570 loss=0.011919 lr=9.894e-06
[train] step=6571 loss=0.015150 lr=9.894e-06
[train] step=6572 loss=0.018976 lr=9.894e-06
[train] step=6573 loss=0.009472 lr=9.894e-06
[train] step=6574 loss=0.008987 lr=9.894e-06
[train] step=6575 loss=0.024644 lr=9.894e-06
[train] step=6576 loss=0.009128 lr=9.894e-06
[train] step=6577 loss=0.007301 lr=9.894e-06
[train] step=6578 loss=0.015469 lr=9.894e-06
[train] step=6579 loss=0.012421 lr=9.894e-06
[train] step=6580 loss=0.007788 lr=9.894e-06
[train] step=6581 loss=0.023719 lr=9.894e-06
[train] step=6582 loss=0.007194 lr=9.894e-06
[train] step=6583 loss=0.011299 lr=9.894e-06
[train] step=6584 loss=0.011155 lr=9.894e-06
[train] step=6585 loss=0.035653 lr=9.894e-06
[train] step=6586 loss=0.006341 lr=9.893e-06
[train] step=6587 loss=0.010935 lr=9.893e-06
[train] step=6588 loss=0.005954 lr=9.893e-06
[train] step=6589 loss=0.007686 lr=9.893e-06
[train] step=6590 loss=0.007893 lr=9.893e-06
[train] step=6591 loss=0.007957 lr=9.893e-06
[train] step=6592 loss=0.038607 lr=9.893e-06
[train] step=6593 loss=0.004832 lr=9.893e-06
[train] step=6594 loss=0.008475 lr=9.893e-06
[train] step=6595 loss=0.005960 lr=9.893e-06
[train] step=6596 loss=0.008007 lr=9.893e-06
[train] step=6597 loss=0.007263 lr=9.893e-06
[train] step=6598 loss=0.010586 lr=9.893e-06
[train] step=6599 loss=0.024103 lr=9.893e-06
[train] step=6600 loss=0.037282 lr=9.893e-06
[train] step=6601 loss=0.005997 lr=9.893e-06
[train] step=6602 loss=0.008742 lr=9.893e-06
[train] step=6603 loss=0.008368 lr=9.893e-06
[train] step=6604 loss=0.034600 lr=9.893e-06
[train] step=6605 loss=0.005856 lr=9.893e-06
[train] step=6606 loss=0.006259 lr=9.893e-06
[train] step=6607 loss=0.007756 lr=9.893e-06
[train] step=6608 loss=0.046134 lr=9.893e-06
[train] step=6609 loss=0.013189 lr=9.893e-06
[train] step=6610 loss=0.007529 lr=9.893e-06
[train] step=6611 loss=0.019147 lr=9.893e-06
[train] step=6612 loss=0.026015 lr=9.893e-06
[train] step=6613 loss=0.005545 lr=9.893e-06
[train] step=6614 loss=0.007521 lr=9.893e-06
[train] step=6615 loss=0.016778 lr=9.893e-06
[train] step=6616 loss=0.013076 lr=9.893e-06
[train] step=6617 loss=0.007470 lr=9.892e-06
[train] step=6618 loss=0.015499 lr=9.892e-06
[train] step=6619 loss=0.006681 lr=9.892e-06
[train] step=6620 loss=0.070069 lr=9.892e-06
[train] step=6621 loss=0.008234 lr=9.892e-06
[train] step=6622 loss=0.016305 lr=9.892e-06
[train] step=6623 loss=0.007336 lr=9.892e-06
[train] step=6624 loss=0.018794 lr=9.892e-06
[train] step=6625 loss=0.006319 lr=9.892e-06
[train] step=6626 loss=0.008404 lr=9.892e-06
[train] step=6627 loss=0.016902 lr=9.892e-06
[train] step=6628 loss=0.010681 lr=9.892e-06
[train] step=6629 loss=0.017119 lr=9.892e-06
[train] step=6630 loss=0.007128 lr=9.892e-06
[train] step=6631 loss=0.009672 lr=9.892e-06
[train] step=6632 loss=0.035671 lr=9.892e-06
[train] step=6633 loss=0.023335 lr=9.892e-06
[train] step=6634 loss=0.016141 lr=9.892e-06
[train] step=6635 loss=0.009592 lr=9.892e-06
[train] step=6636 loss=0.010286 lr=9.892e-06
[train] step=6637 loss=0.009676 lr=9.892e-06
[train] step=6638 loss=0.006448 lr=9.892e-06
[train] step=6639 loss=0.010789 lr=9.892e-06
[train] step=6640 loss=0.021975 lr=9.892e-06
[train] step=6641 loss=0.014734 lr=9.892e-06
[train] step=6642 loss=0.010033 lr=9.892e-06
[train] step=6643 loss=0.025751 lr=9.892e-06
[train] step=6644 loss=0.021844 lr=9.892e-06
[train] step=6645 loss=0.008944 lr=9.892e-06
[train] step=6646 loss=0.008477 lr=9.892e-06
[train] step=6647 loss=0.008473 lr=9.892e-06
[train] step=6648 loss=0.009347 lr=9.891e-06
[train] step=6649 loss=0.012779 lr=9.891e-06
[train] step=6650 loss=0.018088 lr=9.891e-06
[train] step=6651 loss=0.030586 lr=9.891e-06
[train] step=6652 loss=0.047717 lr=9.891e-06
[train] step=6653 loss=0.008704 lr=9.891e-06
[train] step=6654 loss=0.012637 lr=9.891e-06
[train] step=6655 loss=0.034966 lr=9.891e-06
[train] step=6656 loss=0.009291 lr=9.891e-06
[train] step=6657 loss=0.042347 lr=9.891e-06
[train] step=6658 loss=0.011467 lr=9.891e-06
[train] step=6659 loss=0.010995 lr=9.891e-06
[train] step=6660 loss=0.007062 lr=9.891e-06
[train] step=6661 loss=0.073153 lr=9.891e-06
[train] step=6662 loss=0.014644 lr=9.891e-06
[train] step=6663 loss=0.010645 lr=9.891e-06
[train] step=6664 loss=0.017662 lr=9.891e-06
[train] step=6665 loss=0.021898 lr=9.891e-06
[train] step=6666 loss=0.016657 lr=9.891e-06
[train] step=6667 loss=0.011653 lr=9.891e-06
[train] step=6668 loss=0.010936 lr=9.891e-06
[train] step=6669 loss=0.048173 lr=9.891e-06
[train] step=6670 loss=0.059715 lr=9.891e-06
[train] step=6671 loss=0.012778 lr=9.891e-06
[train] step=6672 loss=0.008515 lr=9.891e-06
[train] step=6673 loss=0.009266 lr=9.891e-06
[train] step=6674 loss=0.123310 lr=9.891e-06
[train] step=6675 loss=0.017516 lr=9.891e-06
[train] step=6676 loss=0.009156 lr=9.891e-06
[train] step=6677 loss=0.005902 lr=9.891e-06
[train] step=6678 loss=0.014374 lr=9.891e-06
[train] step=6679 loss=0.013693 lr=9.890e-06
[train] step=6680 loss=0.016676 lr=9.890e-06
[train] step=6681 loss=0.006447 lr=9.890e-06
[train] step=6682 loss=0.010620 lr=9.890e-06
[train] step=6683 loss=0.010797 lr=9.890e-06
[train] step=6684 loss=0.010345 lr=9.890e-06
[train] step=6685 loss=0.030207 lr=9.890e-06
[train] step=6686 loss=0.023022 lr=9.890e-06
[train] step=6687 loss=0.006807 lr=9.890e-06
[train] step=6688 loss=0.007627 lr=9.890e-06
[train] step=6689 loss=0.017256 lr=9.890e-06
[train] step=6690 loss=0.020414 lr=9.890e-06
[train] step=6691 loss=0.009915 lr=9.890e-06
[train] step=6692 loss=0.012807 lr=9.890e-06
[train] step=6693 loss=0.009041 lr=9.890e-06
[train] step=6694 loss=0.009170 lr=9.890e-06
[train] step=6695 loss=0.022219 lr=9.890e-06
[train] step=6696 loss=0.008837 lr=9.890e-06
[train] step=6697 loss=0.012267 lr=9.890e-06
[train] step=6698 loss=0.008797 lr=9.890e-06
[train] step=6699 loss=0.011615 lr=9.890e-06
[train] step=6700 loss=0.020298 lr=9.890e-06
[train] step=6701 loss=0.007382 lr=9.890e-06
[train] step=6702 loss=0.070399 lr=9.890e-06
[train] step=6703 loss=0.006286 lr=9.890e-06
[train] step=6704 loss=0.119487 lr=9.890e-06
[train] step=6705 loss=0.017767 lr=9.890e-06
[train] step=6706 loss=0.011224 lr=9.890e-06
[train] step=6707 loss=0.011443 lr=9.890e-06
[train] step=6708 loss=0.008164 lr=9.890e-06
[train] step=6709 loss=0.005554 lr=9.889e-06
[train] step=6710 loss=0.013128 lr=9.889e-06
[train] step=6711 loss=0.017371 lr=9.889e-06
[train] step=6712 loss=0.007594 lr=9.889e-06
[train] step=6713 loss=0.009730 lr=9.889e-06
[train] step=6714 loss=0.008503 lr=9.889e-06
[train] step=6715 loss=0.009162 lr=9.889e-06
[train] step=6716 loss=0.007687 lr=9.889e-06
[train] step=6717 loss=0.007375 lr=9.889e-06
[train] step=6718 loss=0.008235 lr=9.889e-06
[train] step=6719 loss=0.014214 lr=9.889e-06
[train] step=6720 loss=0.010765 lr=9.889e-06
[train] step=6721 loss=0.034162 lr=9.889e-06
[train] step=6722 loss=0.014907 lr=9.889e-06
[train] step=6723 loss=0.009509 lr=9.889e-06
[train] step=6724 loss=0.007387 lr=9.889e-06
[train] step=6725 loss=0.049267 lr=9.889e-06
[train] step=6726 loss=0.010957 lr=9.889e-06
[train] step=6727 loss=0.008651 lr=9.889e-06
[train] step=6728 loss=0.010311 lr=9.889e-06
[train] step=6729 loss=0.010675 lr=9.889e-06
[train] step=6730 loss=0.047650 lr=9.889e-06
[train] step=6731 loss=0.007451 lr=9.889e-06
[train] step=6732 loss=0.009620 lr=9.889e-06
[train] step=6733 loss=0.010328 lr=9.889e-06
[train] step=6734 loss=0.011738 lr=9.889e-06
[train] step=6735 loss=0.016540 lr=9.889e-06
[train] step=6736 loss=0.006829 lr=9.889e-06
[train] step=6737 loss=0.006829 lr=9.889e-06
[train] step=6738 loss=0.009379 lr=9.889e-06
[train] step=6739 loss=0.013970 lr=9.889e-06
[train] step=6740 loss=0.003964 lr=9.888e-06
[train] step=6741 loss=0.008697 lr=9.888e-06
[train] step=6742 loss=0.015443 lr=9.888e-06
[train] step=6743 loss=0.007484 lr=9.888e-06
[train] step=6744 loss=0.016287 lr=9.888e-06
[train] step=6745 loss=0.017155 lr=9.888e-06
[train] step=6746 loss=0.005445 lr=9.888e-06
[train] step=6747 loss=0.011270 lr=9.888e-06
[train] step=6748 loss=0.007134 lr=9.888e-06
[train] step=6749 loss=0.007493 lr=9.888e-06
[train] step=6750 loss=0.005586 lr=9.888e-06
[train] step=6751 loss=0.007668 lr=9.888e-06
[train] step=6752 loss=0.006690 lr=9.888e-06
[train] step=6753 loss=0.008819 lr=9.888e-06
[train] step=6754 loss=0.042088 lr=9.888e-06
[train] step=6755 loss=0.004794 lr=9.888e-06
[train] step=6756 loss=0.016522 lr=9.888e-06
[train] step=6757 loss=0.006120 lr=9.888e-06
[train] step=6758 loss=0.009670 lr=9.888e-06
[train] step=6759 loss=0.014624 lr=9.888e-06
[train] step=6760 loss=0.027947 lr=9.888e-06
[train] step=6761 loss=0.006847 lr=9.888e-06
[train] step=6762 loss=0.015689 lr=9.888e-06
[train] step=6763 loss=0.006783 lr=9.888e-06
[train] step=6764 loss=0.026237 lr=9.888e-06
[train] step=6765 loss=0.006137 lr=9.888e-06
[train] step=6766 loss=0.013059 lr=9.888e-06
[train] step=6767 loss=0.010377 lr=9.888e-06
[train] step=6768 loss=0.016834 lr=9.888e-06
[train] step=6769 loss=0.010626 lr=9.888e-06
[train] step=6770 loss=0.004652 lr=9.887e-06
[train] step=6771 loss=0.007700 lr=9.887e-06
[train] step=6772 loss=0.006370 lr=9.887e-06
[train] step=6773 loss=0.008338 lr=9.887e-06
[train] step=6774 loss=0.008200 lr=9.887e-06
[train] step=6775 loss=0.013711 lr=9.887e-06
[train] step=6776 loss=0.019306 lr=9.887e-06
[train] step=6777 loss=0.012191 lr=9.887e-06
[train] step=6778 loss=0.012006 lr=9.887e-06
[train] step=6779 loss=0.005499 lr=9.887e-06
[train] step=6780 loss=0.010203 lr=9.887e-06
[train] step=6781 loss=0.028379 lr=9.887e-06
[train] step=6782 loss=0.007983 lr=9.887e-06
[train] step=6783 loss=0.006847 lr=9.887e-06
[train] step=6784 loss=0.005877 lr=9.887e-06
[train] step=6785 loss=0.013534 lr=9.887e-06
[train] step=6786 loss=0.007470 lr=9.887e-06
[train] step=6787 loss=0.007962 lr=9.887e-06
[train] step=6788 loss=0.020070 lr=9.887e-06
[train] step=6789 loss=0.008837 lr=9.887e-06
[train] step=6790 loss=0.010922 lr=9.887e-06
[train] step=6791 loss=0.005693 lr=9.887e-06
[train] step=6792 loss=0.008580 lr=9.887e-06
[train] step=6793 loss=0.005289 lr=9.887e-06
[train] step=6794 loss=0.007902 lr=9.887e-06
[train] step=6795 loss=0.009697 lr=9.887e-06
[train] step=6796 loss=0.010069 lr=9.887e-06
[train] step=6797 loss=0.005937 lr=9.887e-06
[train] step=6798 loss=0.005632 lr=9.887e-06
[train] step=6799 loss=0.005293 lr=9.887e-06
[train] step=6800 loss=0.014785 lr=9.886e-06
[train] step=6801 loss=0.007306 lr=9.886e-06
[train] step=6802 loss=0.008314 lr=9.886e-06
[train] step=6803 loss=0.040882 lr=9.886e-06
[train] step=6804 loss=0.007593 lr=9.886e-06
[train] step=6805 loss=0.018393 lr=9.886e-06
[train] step=6806 loss=0.008314 lr=9.886e-06
[train] step=6807 loss=0.010066 lr=9.886e-06
[train] step=6808 loss=0.016889 lr=9.886e-06
[train] step=6809 loss=0.013183 lr=9.886e-06
[train] step=6810 loss=0.006684 lr=9.886e-06
[train] step=6811 loss=0.013145 lr=9.886e-06
[train] step=6812 loss=0.010093 lr=9.886e-06
[train] step=6813 loss=0.005184 lr=9.886e-06
[train] step=6814 loss=0.007447 lr=9.886e-06
[train] step=6815 loss=0.051557 lr=9.886e-06
[train] step=6816 loss=0.009860 lr=9.886e-06
[train] step=6817 loss=0.007671 lr=9.886e-06
[train] step=6818 loss=0.007159 lr=9.886e-06
[train] step=6819 loss=0.022934 lr=9.886e-06
[train] step=6820 loss=0.011605 lr=9.886e-06
[train] step=6821 loss=0.026988 lr=9.886e-06
[train] step=6822 loss=0.008157 lr=9.886e-06
[train] step=6823 loss=0.008715 lr=9.886e-06
[train] step=6824 loss=0.019659 lr=9.886e-06
[train] step=6825 loss=0.013404 lr=9.886e-06
[train] step=6826 loss=0.021513 lr=9.886e-06
[train] step=6827 loss=0.005842 lr=9.886e-06
[train] step=6828 loss=0.008095 lr=9.886e-06
[train] step=6829 loss=0.009113 lr=9.886e-06
[train] step=6830 loss=0.007223 lr=9.885e-06
[train] step=6831 loss=0.010503 lr=9.885e-06
[train] step=6832 loss=0.006867 lr=9.885e-06
[train] step=6833 loss=0.007778 lr=9.885e-06
[train] step=6834 loss=0.018274 lr=9.885e-06
[train] step=6835 loss=0.010164 lr=9.885e-06
[train] step=6836 loss=0.004476 lr=9.885e-06
[train] step=6837 loss=0.008306 lr=9.885e-06
[train] step=6838 loss=0.018793 lr=9.885e-06
[train] step=6839 loss=0.009599 lr=9.885e-06
[train] step=6840 loss=0.011212 lr=9.885e-06
[train] step=6841 loss=0.010692 lr=9.885e-06
[train] step=6842 loss=0.007980 lr=9.885e-06
[train] step=6843 loss=0.007106 lr=9.885e-06
[train] step=6844 loss=0.007810 lr=9.885e-06
[train] step=6845 loss=0.010820 lr=9.885e-06
[train] step=6846 loss=0.022310 lr=9.885e-06
[train] step=6847 loss=0.005435 lr=9.885e-06
[train] step=6848 loss=0.010649 lr=9.885e-06
[train] step=6849 loss=0.006306 lr=9.885e-06
[train] step=6850 loss=0.005379 lr=9.885e-06
[train] step=6851 loss=0.009951 lr=9.885e-06
[train] step=6852 loss=0.009654 lr=9.885e-06
[train] step=6853 loss=0.006892 lr=9.885e-06
[train] step=6854 loss=0.010490 lr=9.885e-06
[train] step=6855 loss=0.010046 lr=9.885e-06
[train] step=6856 loss=0.010652 lr=9.885e-06
[train] step=6857 loss=0.031798 lr=9.885e-06
[train] step=6858 loss=0.013084 lr=9.885e-06
[train] step=6859 loss=0.005112 lr=9.885e-06
[train] step=6860 loss=0.006599 lr=9.884e-06
[train] step=6861 loss=0.008539 lr=9.884e-06
[train] step=6862 loss=0.011856 lr=9.884e-06
[train] step=6863 loss=0.014405 lr=9.884e-06
[train] step=6864 loss=0.006032 lr=9.884e-06
[train] step=6865 loss=0.007029 lr=9.884e-06
[train] step=6866 loss=0.009782 lr=9.884e-06
[train] step=6867 loss=0.027784 lr=9.884e-06
[train] step=6868 loss=0.005191 lr=9.884e-06
[train] step=6869 loss=0.008236 lr=9.884e-06
[train] step=6870 loss=0.010444 lr=9.884e-06
[train] step=6871 loss=0.015376 lr=9.884e-06
[train] step=6872 loss=0.013908 lr=9.884e-06
[train] step=6873 loss=0.005109 lr=9.884e-06
[train] step=6874 loss=0.005504 lr=9.884e-06
[train] step=6875 loss=0.006762 lr=9.884e-06
[train] step=6876 loss=0.015051 lr=9.884e-06
[train] step=6877 loss=0.007846 lr=9.884e-06
[train] step=6878 loss=0.051698 lr=9.884e-06
[train] step=6879 loss=0.009557 lr=9.884e-06
[train] step=6880 loss=0.007779 lr=9.884e-06
[train] step=6881 loss=0.011800 lr=9.884e-06
[train] step=6882 loss=0.011837 lr=9.884e-06
[train] step=6883 loss=0.006333 lr=9.884e-06
[train] step=6884 loss=0.011699 lr=9.884e-06
[train] step=6885 loss=0.004717 lr=9.884e-06
[train] step=6886 loss=0.008632 lr=9.884e-06
[train] step=6887 loss=0.007427 lr=9.884e-06
[train] step=6888 loss=0.018147 lr=9.884e-06
[train] step=6889 loss=0.010532 lr=9.884e-06
[train] step=6890 loss=0.007826 lr=9.883e-06
[train] step=6891 loss=0.009192 lr=9.883e-06
[train] step=6892 loss=0.043853 lr=9.883e-06
[train] step=6893 loss=0.033253 lr=9.883e-06
[train] step=6894 loss=0.007649 lr=9.883e-06
[train] step=6895 loss=0.005902 lr=9.883e-06
[train] step=6896 loss=0.036741 lr=9.883e-06
[train] step=6897 loss=0.007698 lr=9.883e-06
[train] step=6898 loss=0.021856 lr=9.883e-06
[train] step=6899 loss=0.009670 lr=9.883e-06
[train] step=6900 loss=0.017528 lr=9.883e-06
[train] step=6901 loss=0.006670 lr=9.883e-06
[train] step=6902 loss=0.016505 lr=9.883e-06
[train] step=6903 loss=0.053273 lr=9.883e-06
[train] step=6904 loss=0.010056 lr=9.883e-06
[train] step=6905 loss=0.007793 lr=9.883e-06
[train] step=6906 loss=0.010913 lr=9.883e-06
[train] step=6907 loss=0.010535 lr=9.883e-06
[train] step=6908 loss=0.006434 lr=9.883e-06
[train] step=6909 loss=0.015887 lr=9.883e-06
[train] step=6910 loss=0.012595 lr=9.883e-06
[train] step=6911 loss=0.032134 lr=9.883e-06
[train] step=6912 loss=0.008528 lr=9.883e-06
[train] step=6913 loss=0.027562 lr=9.883e-06
[train] step=6914 loss=0.007476 lr=9.883e-06
[train] step=6915 loss=0.009392 lr=9.883e-06
[train] step=6916 loss=0.008794 lr=9.883e-06
[train] step=6917 loss=0.004886 lr=9.883e-06
[train] step=6918 loss=0.006758 lr=9.883e-06
[train] step=6919 loss=0.022312 lr=9.882e-06
[train] step=6920 loss=0.010576 lr=9.882e-06
[train] step=6921 loss=0.008058 lr=9.882e-06
[train] step=6922 loss=0.006888 lr=9.882e-06
[train] step=6923 loss=0.008557 lr=9.882e-06
[train] step=6924 loss=0.007746 lr=9.882e-06
[train] step=6925 loss=0.044227 lr=9.882e-06
[train] step=6926 loss=0.005573 lr=9.882e-06
[train] step=6927 loss=0.005299 lr=9.882e-06
[train] step=6928 loss=0.007500 lr=9.882e-06
[train] step=6929 loss=0.014884 lr=9.882e-06
[train] step=6930 loss=0.017064 lr=9.882e-06
[train] step=6931 loss=0.005777 lr=9.882e-06
[train] step=6932 loss=0.018072 lr=9.882e-06
[train] step=6933 loss=0.013894 lr=9.882e-06
[train] step=6934 loss=0.009985 lr=9.882e-06
[train] step=6935 loss=0.040734 lr=9.882e-06
[train] step=6936 loss=0.023171 lr=9.882e-06
[train] step=6937 loss=0.007779 lr=9.882e-06
[train] step=6938 loss=0.012113 lr=9.882e-06
[train] step=6939 loss=0.012518 lr=9.882e-06
[train] step=6940 loss=0.021150 lr=9.882e-06
[train] step=6941 loss=0.008695 lr=9.882e-06
[train] step=6942 loss=0.008027 lr=9.882e-06
[train] step=6943 loss=0.006735 lr=9.882e-06
[train] step=6944 loss=0.009202 lr=9.882e-06
[train] step=6945 loss=0.020601 lr=9.882e-06
[train] step=6946 loss=0.011994 lr=9.882e-06
[train] step=6947 loss=0.039018 lr=9.882e-06
[train] step=6948 loss=0.009144 lr=9.882e-06
[train] step=6949 loss=0.044637 lr=9.881e-06
[train] step=6950 loss=0.007085 lr=9.881e-06
[train] step=6951 loss=0.006912 lr=9.881e-06
[train] step=6952 loss=0.013935 lr=9.881e-06
[train] step=6953 loss=0.010497 lr=9.881e-06
[train] step=6954 loss=0.008706 lr=9.881e-06
[train] step=6955 loss=0.007151 lr=9.881e-06
[train] step=6956 loss=0.023292 lr=9.881e-06
[train] step=6957 loss=0.007797 lr=9.881e-06
[train] step=6958 loss=0.006646 lr=9.881e-06
[train] step=6959 loss=0.013634 lr=9.881e-06
[train] step=6960 loss=0.008102 lr=9.881e-06
[train] step=6961 loss=0.010425 lr=9.881e-06
[train] step=6962 loss=0.014742 lr=9.881e-06
[train] step=6963 loss=0.011293 lr=9.881e-06
[train] step=6964 loss=0.012263 lr=9.881e-06
[train] step=6965 loss=0.012119 lr=9.881e-06
[train] step=6966 loss=0.016969 lr=9.881e-06
[train] step=6967 loss=0.006036 lr=9.881e-06
[train] step=6968 loss=0.007409 lr=9.881e-06
[train] step=6969 loss=0.007999 lr=9.881e-06
[train] step=6970 loss=0.014567 lr=9.881e-06
[train] step=6971 loss=0.006809 lr=9.881e-06
[train] step=6972 loss=0.011099 lr=9.881e-06
[train] step=6973 loss=0.009371 lr=9.881e-06
[train] step=6974 loss=0.008693 lr=9.881e-06
[train] step=6975 loss=0.012176 lr=9.881e-06
[train] step=6976 loss=0.008484 lr=9.881e-06
[train] step=6977 loss=0.006488 lr=9.881e-06
[train] step=6978 loss=0.008684 lr=9.880e-06
[train] step=6979 loss=0.008841 lr=9.880e-06
[train] step=6980 loss=0.007752 lr=9.880e-06
[train] step=6981 loss=0.008243 lr=9.880e-06
[train] step=6982 loss=0.016208 lr=9.880e-06
[train] step=6983 loss=0.013996 lr=9.880e-06
[train] step=6984 loss=0.102929 lr=9.880e-06
[train] step=6985 loss=0.004020 lr=9.880e-06
[train] step=6986 loss=0.007452 lr=9.880e-06
[train] step=6987 loss=0.006831 lr=9.880e-06
[train] step=6988 loss=0.005064 lr=9.880e-06
[train] step=6989 loss=0.022720 lr=9.880e-06
[train] step=6990 loss=0.008565 lr=9.880e-06
[train] step=6991 loss=0.010056 lr=9.880e-06
[train] step=6992 loss=0.021776 lr=9.880e-06
[train] step=6993 loss=0.008492 lr=9.880e-06
[train] step=6994 loss=0.014130 lr=9.880e-06
[train] step=6995 loss=0.014244 lr=9.880e-06
[train] step=6996 loss=0.008484 lr=9.880e-06
[train] step=6997 loss=0.006127 lr=9.880e-06
[train] step=6998 loss=0.014783 lr=9.880e-06
[train] step=6999 loss=0.011011 lr=9.880e-06
[train] step=7000 loss=0.006023 lr=9.880e-06
INFO     [rank 0] Model weights for step 7000 saved in       dit_trainer.py:1085
         checkpoints/model_weights_step_07000.safetensors                       
INFO     [rank 0] Scalar embedding weights for step 7000     dit_trainer.py:1092
         saved                                                                  
INFO     [rank 0] Training state saved:                      dit_trainer.py:1123
         checkpoints/model_weights_step_07000.state.pt                          
DEBUG    [rank 0] Removed old checkpoint:                    dit_trainer.py:1136
         /local/disk/hramachandran/work/wh_work/windinet/dit                    
         _throughput_sweep_bs2/checkpoints/model_weights_ste                    
         p_06500.safetensors                                                    
DEBUG    [rank 0] Removed old checkpoint:                    dit_trainer.py:1136
         /local/disk/hramachandran/work/wh_work/windinet/dit                    
         _throughput_sweep_bs2/checkpoints/model_weights_ste                    
         p_06500.state.pt                                                       
DEBUG    [rank 0] Removed old checkpoint:                    dit_trainer.py:1136
         /local/disk/hramachandran/work/wh_work/windinet/dit                    
         _throughput_sweep_bs2/checkpoints/scalar_embedding_                    
         step_06500.safetensors                                                 
[epoch 14] step=7000 train_loss=0.014416
[train] step=7001 loss=0.007429 lr=9.880e-06
[train] step=7002 loss=0.007391 lr=9.880e-06
[train] step=7003 loss=0.011935 lr=9.880e-06
[train] step=7004 loss=0.005148 lr=9.880e-06
[train] step=7005 loss=0.009054 lr=9.880e-06
[train] step=7006 loss=0.007710 lr=9.880e-06
[train] step=7007 loss=0.009079 lr=9.879e-06
[train] step=7008 loss=0.025148 lr=9.879e-06
[train] step=7009 loss=0.005764 lr=9.879e-06
[train] step=7010 loss=0.011287 lr=9.879e-06
[train] step=7011 loss=0.006451 lr=9.879e-06
[train] step=7012 loss=0.010171 lr=9.879e-06
[train] step=7013 loss=0.016136 lr=9.879e-06
[train] step=7014 loss=0.003793 lr=9.879e-06
[train] step=7015 loss=0.011233 lr=9.879e-06
[train] step=7016 loss=0.010273 lr=9.879e-06
[train] step=7017 loss=0.005792 lr=9.879e-06
[train] step=7018 loss=0.011214 lr=9.879e-06
[train] step=7019 loss=0.007184 lr=9.879e-06
[train] step=7020 loss=0.024156 lr=9.879e-06
[train] step=7021 loss=0.004228 lr=9.879e-06
[train] step=7022 loss=0.006373 lr=9.879e-06
[train] step=7023 loss=0.006363 lr=9.879e-06
[train] step=7024 loss=0.008051 lr=9.879e-06
[train] step=7025 loss=0.007970 lr=9.879e-06
[train] step=7026 loss=0.009268 lr=9.879e-06
[train] step=7027 loss=0.010310 lr=9.879e-06
[train] step=7028 loss=0.006619 lr=9.879e-06
[train] step=7029 loss=0.009598 lr=9.879e-06
[train] step=7030 loss=0.005245 lr=9.879e-06
[train] step=7031 loss=0.014326 lr=9.879e-06
[train] step=7032 loss=0.008391 lr=9.879e-06
[train] step=7033 loss=0.006983 lr=9.879e-06
[train] step=7034 loss=0.006278 lr=9.879e-06
[train] step=7035 loss=0.004813 lr=9.879e-06
[train] step=7036 loss=0.007939 lr=9.879e-06
[train] step=7037 loss=0.004376 lr=9.878e-06
[train] step=7038 loss=0.006867 lr=9.878e-06
[train] step=7039 loss=0.007668 lr=9.878e-06
[train] step=7040 loss=0.005591 lr=9.878e-06
[train] step=7041 loss=0.028609 lr=9.878e-06
[train] step=7042 loss=0.006962 lr=9.878e-06
[train] step=7043 loss=0.006232 lr=9.878e-06
[train] step=7044 loss=0.005844 lr=9.878e-06
[train] step=7045 loss=0.011884 lr=9.878e-06
[train] step=7046 loss=0.016950 lr=9.878e-06
[train] step=7047 loss=0.010986 lr=9.878e-06
[train] step=7048 loss=0.006689 lr=9.878e-06
[train] step=7049 loss=0.005139 lr=9.878e-06
[train] step=7050 loss=0.006628 lr=9.878e-06
[train] step=7051 loss=0.006690 lr=9.878e-06
[train] step=7052 loss=0.006053 lr=9.878e-06
[train] step=7053 loss=0.014494 lr=9.878e-06
[train] step=7054 loss=0.010318 lr=9.878e-06
[train] step=7055 loss=0.010517 lr=9.878e-06
[train] step=7056 loss=0.023044 lr=9.878e-06
[train] step=7057 loss=0.004191 lr=9.878e-06
[train] step=7058 loss=0.018515 lr=9.878e-06
[train] step=7059 loss=0.017613 lr=9.878e-06
[train] step=7060 loss=0.005137 lr=9.878e-06
[train] step=7061 loss=0.010289 lr=9.878e-06
[train] step=7062 loss=0.008648 lr=9.878e-06
[train] step=7063 loss=0.009670 lr=9.878e-06
[train] step=7064 loss=0.028885 lr=9.878e-06
[train] step=7065 loss=0.005617 lr=9.878e-06
[train] step=7066 loss=0.008532 lr=9.877e-06
[train] step=7067 loss=0.012491 lr=9.877e-06
[train] step=7068 loss=0.010465 lr=9.877e-06
[train] step=7069 loss=0.036417 lr=9.877e-06
[train] step=7070 loss=0.007466 lr=9.877e-06
[train] step=7071 loss=0.013427 lr=9.877e-06
[train] step=7072 loss=0.010624 lr=9.877e-06
[train] step=7073 loss=0.010301 lr=9.877e-06
[train] step=7074 loss=0.012796 lr=9.877e-06
[train] step=7075 loss=0.006813 lr=9.877e-06
[train] step=7076 loss=0.029467 lr=9.877e-06
[train] step=7077 loss=0.019966 lr=9.877e-06
[train] step=7078 loss=0.011086 lr=9.877e-06
[train] step=7079 loss=0.011071 lr=9.877e-06
[train] step=7080 loss=0.017730 lr=9.877e-06
[train] step=7081 loss=0.028583 lr=9.877e-06
[train] step=7082 loss=0.061181 lr=9.877e-06
[train] step=7083 loss=0.006219 lr=9.877e-06
[train] step=7084 loss=0.009805 lr=9.877e-06
[train] step=7085 loss=0.008768 lr=9.877e-06
[train] step=7086 loss=0.007977 lr=9.877e-06
[train] step=7087 loss=0.017905 lr=9.877e-06
[train] step=7088 loss=0.008316 lr=9.877e-06
[train] step=7089 loss=0.013241 lr=9.877e-06
[train] step=7090 loss=0.006856 lr=9.877e-06
[train] step=7091 loss=0.011983 lr=9.877e-06
[train] step=7092 loss=0.010670 lr=9.877e-06
[train] step=7093 loss=0.027882 lr=9.877e-06
[train] step=7094 loss=0.012355 lr=9.876e-06
[train] step=7095 loss=0.008240 lr=9.876e-06
[train] step=7096 loss=0.007403 lr=9.876e-06
[train] step=7097 loss=0.011288 lr=9.876e-06
[train] step=7098 loss=0.006795 lr=9.876e-06
[train] step=7099 loss=0.022304 lr=9.876e-06
[train] step=7100 loss=0.010925 lr=9.876e-06
[train] step=7101 loss=0.014783 lr=9.876e-06
[train] step=7102 loss=0.012562 lr=9.876e-06
[train] step=7103 loss=0.014330 lr=9.876e-06
[train] step=7104 loss=0.012429 lr=9.876e-06
[train] step=7105 loss=0.029555 lr=9.876e-06
[train] step=7106 loss=0.012384 lr=9.876e-06
[train] step=7107 loss=0.005230 lr=9.876e-06
[train] step=7108 loss=0.016327 lr=9.876e-06
[train] step=7109 loss=0.020638 lr=9.876e-06
[train] step=7110 loss=0.012005 lr=9.876e-06
[train] step=7111 loss=0.048853 lr=9.876e-06
[train] step=7112 loss=0.008644 lr=9.876e-06
[train] step=7113 loss=0.004846 lr=9.876e-06
[train] step=7114 loss=0.008815 lr=9.876e-06
[train] step=7115 loss=0.008294 lr=9.876e-06
[train] step=7116 loss=0.033207 lr=9.876e-06
[train] step=7117 loss=0.013492 lr=9.876e-06
[train] step=7118 loss=0.008076 lr=9.876e-06
[train] step=7119 loss=0.012197 lr=9.876e-06
[train] step=7120 loss=0.009418 lr=9.876e-06
[train] step=7121 loss=0.009419 lr=9.876e-06
[train] step=7122 loss=0.017874 lr=9.876e-06
[train] step=7123 loss=0.007879 lr=9.875e-06
[train] step=7124 loss=0.010772 lr=9.875e-06
[train] step=7125 loss=0.022622 lr=9.875e-06
[train] step=7126 loss=0.005728 lr=9.875e-06
[train] step=7127 loss=0.012448 lr=9.875e-06
[train] step=7128 loss=0.013216 lr=9.875e-06
[train] step=7129 loss=0.049877 lr=9.875e-06
[train] step=7130 loss=0.006969 lr=9.875e-06
[train] step=7131 loss=0.038315 lr=9.875e-06
[train] step=7132 loss=0.009879 lr=9.875e-06
[train] step=7133 loss=0.007201 lr=9.875e-06
[train] step=7134 loss=0.008377 lr=9.875e-06
[train] step=7135 loss=0.012134 lr=9.875e-06
[train] step=7136 loss=0.014435 lr=9.875e-06
[train] step=7137 loss=0.016635 lr=9.875e-06
[train] step=7138 loss=0.007482 lr=9.875e-06
[train] step=7139 loss=0.011972 lr=9.875e-06
[train] step=7140 loss=0.007867 lr=9.875e-06
[train] step=7141 loss=0.025683 lr=9.875e-06
[train] step=7142 loss=0.007728 lr=9.875e-06
[train] step=7143 loss=0.015741 lr=9.875e-06
[train] step=7144 loss=0.009517 lr=9.875e-06
[train] step=7145 loss=0.005723 lr=9.875e-06
[train] step=7146 loss=0.006918 lr=9.875e-06
[train] step=7147 loss=0.022187 lr=9.875e-06
[train] step=7148 loss=0.024344 lr=9.875e-06
[train] step=7149 loss=0.009751 lr=9.875e-06
[train] step=7150 loss=0.017723 lr=9.875e-06
[train] step=7151 loss=0.051073 lr=9.875e-06
[train] step=7152 loss=0.015199 lr=9.874e-06
[train] step=7153 loss=0.005427 lr=9.874e-06
[train] step=7154 loss=0.011059 lr=9.874e-06
[train] step=7155 loss=0.008897 lr=9.874e-06
[train] step=7156 loss=0.009303 lr=9.874e-06
[train] step=7157 loss=0.010622 lr=9.874e-06
[train] step=7158 loss=0.015352 lr=9.874e-06
[train] step=7159 loss=0.006120 lr=9.874e-06
[train] step=7160 loss=0.010988 lr=9.874e-06
[train] step=7161 loss=0.005621 lr=9.874e-06
[train] step=7162 loss=0.008546 lr=9.874e-06
[train] step=7163 loss=0.008974 lr=9.874e-06
[train] step=7164 loss=0.013260 lr=9.874e-06
[train] step=7165 loss=0.007451 lr=9.874e-06
[train] step=7166 loss=0.011035 lr=9.874e-06
[train] step=7167 loss=0.005816 lr=9.874e-06
[train] step=7168 loss=0.010842 lr=9.874e-06
[train] step=7169 loss=0.028271 lr=9.874e-06
[train] step=7170 loss=0.006321 lr=9.874e-06
[train] step=7171 loss=0.027151 lr=9.874e-06
[train] step=7172 loss=0.006290 lr=9.874e-06
[train] step=7173 loss=0.009570 lr=9.874e-06
[train] step=7174 loss=0.006012 lr=9.874e-06
[train] step=7175 loss=0.009030 lr=9.874e-06
[train] step=7176 loss=0.011181 lr=9.874e-06
[train] step=7177 loss=0.005827 lr=9.874e-06
[train] step=7178 loss=0.003854 lr=9.874e-06
[train] step=7179 loss=0.006609 lr=9.874e-06
[train] step=7180 loss=0.007397 lr=9.873e-06
[train] step=7181 loss=0.017047 lr=9.873e-06
[train] step=7182 loss=0.019444 lr=9.873e-06
[train] step=7183 loss=0.008441 lr=9.873e-06
[train] step=7184 loss=0.009830 lr=9.873e-06
[train] step=7185 loss=0.007541 lr=9.873e-06
[train] step=7186 loss=0.004859 lr=9.873e-06
[train] step=7187 loss=0.012056 lr=9.873e-06
[train] step=7188 loss=0.011832 lr=9.873e-06
[train] step=7189 loss=0.012191 lr=9.873e-06
[train] step=7190 loss=0.007907 lr=9.873e-06
[train] step=7191 loss=0.006285 lr=9.873e-06
[train] step=7192 loss=0.006682 lr=9.873e-06
[train] step=7193 loss=0.005318 lr=9.873e-06
[train] step=7194 loss=0.074653 lr=9.873e-06
[train] step=7195 loss=0.004488 lr=9.873e-06
[train] step=7196 loss=0.003893 lr=9.873e-06
[train] step=7197 loss=0.019252 lr=9.873e-06
[train] step=7198 loss=0.011348 lr=9.873e-06
[train] step=7199 loss=0.012187 lr=9.873e-06
[train] step=7200 loss=0.201362 lr=9.873e-06
[train] step=7201 loss=0.006371 lr=9.873e-06
[train] step=7202 loss=0.006864 lr=9.873e-06
[train] step=7203 loss=0.005722 lr=9.873e-06
[train] step=7204 loss=0.012387 lr=9.873e-06
[train] step=7205 loss=0.012994 lr=9.873e-06
[train] step=7206 loss=0.025394 lr=9.873e-06
[train] step=7207 loss=0.006661 lr=9.873e-06
[train] step=7208 loss=0.013416 lr=9.873e-06
[train] step=7209 loss=0.012217 lr=9.872e-06
[train] step=7210 loss=0.006990 lr=9.872e-06
[train] step=7211 loss=0.004990 lr=9.872e-06
[train] step=7212 loss=0.006242 lr=9.872e-06
[train] step=7213 loss=0.005471 lr=9.872e-06
[train] step=7214 loss=0.005742 lr=9.872e-06
[train] step=7215 loss=0.009240 lr=9.872e-06
[train] step=7216 loss=0.023160 lr=9.872e-06
[train] step=7217 loss=0.008479 lr=9.872e-06
[train] step=7218 loss=0.006152 lr=9.872e-06
[train] step=7219 loss=0.004450 lr=9.872e-06
[train] step=7220 loss=0.038489 lr=9.872e-06
[train] step=7221 loss=0.007292 lr=9.872e-06
[train] step=7222 loss=0.006902 lr=9.872e-06
[train] step=7223 loss=0.015179 lr=9.872e-06
[train] step=7224 loss=0.017131 lr=9.872e-06
[train] step=7225 loss=0.019154 lr=9.872e-06
[train] step=7226 loss=0.006024 lr=9.872e-06
[train] step=7227 loss=0.060770 lr=9.872e-06
[train] step=7228 loss=0.006322 lr=9.872e-06
[train] step=7229 loss=0.064367 lr=9.872e-06
[train] step=7230 loss=0.009152 lr=9.872e-06
[train] step=7231 loss=0.005252 lr=9.872e-06
[train] step=7232 loss=0.008093 lr=9.872e-06
[train] step=7233 loss=0.006381 lr=9.872e-06
[train] step=7234 loss=0.006372 lr=9.872e-06
[train] step=7235 loss=0.013188 lr=9.872e-06
[train] step=7236 loss=0.007965 lr=9.872e-06
[train] step=7237 loss=0.013980 lr=9.871e-06
[train] step=7238 loss=0.010353 lr=9.871e-06
[train] step=7239 loss=0.068321 lr=9.871e-06
[train] step=7240 loss=0.011234 lr=9.871e-06
[train] step=7241 loss=0.010884 lr=9.871e-06
[train] step=7242 loss=0.010169 lr=9.871e-06
[train] step=7243 loss=0.007991 lr=9.871e-06
[train] step=7244 loss=0.009086 lr=9.871e-06
[train] step=7245 loss=0.022704 lr=9.871e-06
[train] step=7246 loss=0.008551 lr=9.871e-06
[train] step=7247 loss=0.008173 lr=9.871e-06
[train] step=7248 loss=0.007827 lr=9.871e-06
[train] step=7249 loss=0.005229 lr=9.871e-06
[train] step=7250 loss=0.040024 lr=9.871e-06
[train] step=7251 loss=0.010071 lr=9.871e-06
[train] step=7252 loss=0.029244 lr=9.871e-06
[train] step=7253 loss=0.008349 lr=9.871e-06
[train] step=7254 loss=0.007054 lr=9.871e-06
[train] step=7255 loss=0.010368 lr=9.871e-06
[train] step=7256 loss=0.015052 lr=9.871e-06
[train] step=7257 loss=0.006112 lr=9.871e-06
[train] step=7258 loss=0.010009 lr=9.871e-06
[train] step=7259 loss=0.009058 lr=9.871e-06
[train] step=7260 loss=0.007146 lr=9.871e-06
[train] step=7261 loss=0.007004 lr=9.871e-06
[train] step=7262 loss=0.007314 lr=9.871e-06
[train] step=7263 loss=0.011212 lr=9.871e-06
[train] step=7264 loss=0.007211 lr=9.871e-06
[train] step=7265 loss=0.010830 lr=9.870e-06
[train] step=7266 loss=0.006522 lr=9.870e-06
[train] step=7267 loss=0.005770 lr=9.870e-06
[train] step=7268 loss=0.011827 lr=9.870e-06
[train] step=7269 loss=0.008395 lr=9.870e-06
[train] step=7270 loss=0.009377 lr=9.870e-06
[train] step=7271 loss=0.023327 lr=9.870e-06
[train] step=7272 loss=0.021980 lr=9.870e-06
[train] step=7273 loss=0.006371 lr=9.870e-06
[train] step=7274 loss=0.014302 lr=9.870e-06
[train] step=7275 loss=0.010094 lr=9.870e-06
[train] step=7276 loss=0.006600 lr=9.870e-06
[train] step=7277 loss=0.009634 lr=9.870e-06
[train] step=7278 loss=0.018362 lr=9.870e-06
[train] step=7279 loss=0.010217 lr=9.870e-06
[train] step=7280 loss=0.026266 lr=9.870e-06
[train] step=7281 loss=0.019926 lr=9.870e-06
[train] step=7282 loss=0.010480 lr=9.870e-06
[train] step=7283 loss=0.007628 lr=9.870e-06
[train] step=7284 loss=0.019233 lr=9.870e-06
[train] step=7285 loss=0.009502 lr=9.870e-06
[train] step=7286 loss=0.007350 lr=9.870e-06
[train] step=7287 loss=0.019801 lr=9.870e-06
[train] step=7288 loss=0.014454 lr=9.870e-06
[train] step=7289 loss=0.248823 lr=9.870e-06
[train] step=7290 loss=0.029718 lr=9.870e-06
[train] step=7291 loss=0.006268 lr=9.870e-06
[train] step=7292 loss=0.020817 lr=9.870e-06
[train] step=7293 loss=0.009640 lr=9.870e-06
[train] step=7294 loss=0.008310 lr=9.869e-06
[train] step=7295 loss=0.007274 lr=9.869e-06
[train] step=7296 loss=0.007779 lr=9.869e-06
[train] step=7297 loss=0.009387 lr=9.869e-06
[train] step=7298 loss=0.005803 lr=9.869e-06
[train] step=7299 loss=0.005944 lr=9.869e-06
[train] step=7300 loss=0.008421 lr=9.869e-06
[train] step=7301 loss=0.008294 lr=9.869e-06
[train] step=7302 loss=0.007535 lr=9.869e-06
[train] step=7303 loss=0.053496 lr=9.869e-06
[train] step=7304 loss=0.167241 lr=9.869e-06
[train] step=7305 loss=0.008495 lr=9.869e-06
[train] step=7306 loss=0.018851 lr=9.869e-06
[train] step=7307 loss=0.011839 lr=9.869e-06
[train] step=7308 loss=0.020287 lr=9.869e-06
[train] step=7309 loss=0.009458 lr=9.869e-06
[train] step=7310 loss=0.007089 lr=9.869e-06
[train] step=7311 loss=0.008991 lr=9.869e-06
[train] step=7312 loss=0.006917 lr=9.869e-06
[train] step=7313 loss=0.006475 lr=9.869e-06
[train] step=7314 loss=0.006787 lr=9.869e-06
[train] step=7315 loss=0.008438 lr=9.869e-06
[train] step=7316 loss=0.008206 lr=9.869e-06
[train] step=7317 loss=0.033449 lr=9.869e-06
[train] step=7318 loss=0.010914 lr=9.869e-06
[train] step=7319 loss=0.010096 lr=9.869e-06
[train] step=7320 loss=0.018213 lr=9.869e-06
[train] step=7321 loss=0.007697 lr=9.869e-06
[train] step=7322 loss=0.006636 lr=9.868e-06
[train] step=7323 loss=0.010860 lr=9.868e-06
[train] step=7324 loss=0.007535 lr=9.868e-06
[train] step=7325 loss=0.019663 lr=9.868e-06
[train] step=7326 loss=0.008267 lr=9.868e-06
[train] step=7327 loss=0.013782 lr=9.868e-06
[train] step=7328 loss=0.006362 lr=9.868e-06
[train] step=7329 loss=0.007651 lr=9.868e-06
[train] step=7330 loss=0.008063 lr=9.868e-06
[train] step=7331 loss=0.011586 lr=9.868e-06
[train] step=7332 loss=0.006764 lr=9.868e-06
[train] step=7333 loss=0.006289 lr=9.868e-06
[train] step=7334 loss=0.118708 lr=9.868e-06
[train] step=7335 loss=0.006261 lr=9.868e-06
[train] step=7336 loss=0.006453 lr=9.868e-06
[train] step=7337 loss=0.013786 lr=9.868e-06
[train] step=7338 loss=0.009346 lr=9.868e-06
[train] step=7339 loss=0.009672 lr=9.868e-06
[train] step=7340 loss=0.012244 lr=9.868e-06
[train] step=7341 loss=0.009080 lr=9.868e-06
[train] step=7342 loss=0.009472 lr=9.868e-06
[train] step=7343 loss=0.006280 lr=9.868e-06
[train] step=7344 loss=0.073451 lr=9.868e-06
[train] step=7345 loss=0.010197 lr=9.868e-06
[train] step=7346 loss=0.008361 lr=9.868e-06
[train] step=7347 loss=0.007460 lr=9.868e-06
[train] step=7348 loss=0.007237 lr=9.868e-06
[train] step=7349 loss=0.013741 lr=9.868e-06
[train] step=7350 loss=0.005773 lr=9.867e-06
[train] step=7351 loss=0.008063 lr=9.867e-06
[train] step=7352 loss=0.004782 lr=9.867e-06
[train] step=7353 loss=0.009908 lr=9.867e-06
[train] step=7354 loss=0.007685 lr=9.867e-06
[train] step=7355 loss=0.007601 lr=9.867e-06
[train] step=7356 loss=0.008432 lr=9.867e-06
[train] step=7357 loss=0.010454 lr=9.867e-06
[train] step=7358 loss=0.020405 lr=9.867e-06
[train] step=7359 loss=0.004616 lr=9.867e-06
[train] step=7360 loss=0.007541 lr=9.867e-06
[train] step=7361 loss=0.004726 lr=9.867e-06
[train] step=7362 loss=0.008010 lr=9.867e-06
[train] step=7363 loss=0.006248 lr=9.867e-06
[train] step=7364 loss=0.010168 lr=9.867e-06
[train] step=7365 loss=0.009099 lr=9.867e-06
[train] step=7366 loss=0.008998 lr=9.867e-06
[train] step=7367 loss=0.013996 lr=9.867e-06
[train] step=7368 loss=0.010907 lr=9.867e-06
[train] step=7369 loss=0.006772 lr=9.867e-06
[train] step=7370 loss=0.006855 lr=9.867e-06
[train] step=7371 loss=0.009163 lr=9.867e-06
[train] step=7372 loss=0.010166 lr=9.867e-06
[train] step=7373 loss=0.005445 lr=9.867e-06
[train] step=7374 loss=0.008754 lr=9.867e-06
[train] step=7375 loss=0.007639 lr=9.867e-06
[train] step=7376 loss=0.006654 lr=9.867e-06
[train] step=7377 loss=0.018842 lr=9.866e-06
[train] step=7378 loss=0.007159 lr=9.866e-06
[train] step=7379 loss=0.020783 lr=9.866e-06
[train] step=7380 loss=0.009144 lr=9.866e-06
[train] step=7381 loss=0.005696 lr=9.866e-06
[train] step=7382 loss=0.024983 lr=9.866e-06
[train] step=7383 loss=0.006743 lr=9.866e-06
[train] step=7384 loss=0.026573 lr=9.866e-06
[train] step=7385 loss=0.008021 lr=9.866e-06
[train] step=7386 loss=0.008427 lr=9.866e-06
[train] step=7387 loss=0.014113 lr=9.866e-06
[train] step=7388 loss=0.006413 lr=9.866e-06
[train] step=7389 loss=0.008928 lr=9.866e-06
[train] step=7390 loss=0.006188 lr=9.866e-06
[train] step=7391 loss=0.016707 lr=9.866e-06
[train] step=7392 loss=0.005808 lr=9.866e-06
[train] step=7393 loss=0.006332 lr=9.866e-06
[train] step=7394 loss=0.018856 lr=9.866e-06
[train] step=7395 loss=0.006624 lr=9.866e-06
[train] step=7396 loss=0.036624 lr=9.866e-06
[train] step=7397 loss=0.005969 lr=9.866e-06
[train] step=7398 loss=0.007608 lr=9.866e-06
[train] step=7399 loss=0.006650 lr=9.866e-06
[train] step=7400 loss=0.009731 lr=9.866e-06
[train] step=7401 loss=0.005639 lr=9.866e-06
[train] step=7402 loss=0.014127 lr=9.866e-06
[train] step=7403 loss=0.006575 lr=9.866e-06
[train] step=7404 loss=0.033220 lr=9.866e-06
[train] step=7405 loss=0.007935 lr=9.865e-06
[train] step=7406 loss=0.054454 lr=9.865e-06
[train] step=7407 loss=0.006374 lr=9.865e-06
[train] step=7408 loss=0.012931 lr=9.865e-06
[train] step=7409 loss=0.009206 lr=9.865e-06
[train] step=7410 loss=0.077685 lr=9.865e-06
[train] step=7411 loss=0.006022 lr=9.865e-06
[train] step=7412 loss=0.007461 lr=9.865e-06
[train] step=7413 loss=0.010194 lr=9.865e-06
[train] step=7414 loss=0.023900 lr=9.865e-06
[train] step=7415 loss=0.010677 lr=9.865e-06
[train] step=7416 loss=0.017883 lr=9.865e-06
[train] step=7417 loss=0.038448 lr=9.865e-06
[train] step=7418 loss=0.005061 lr=9.865e-06
[train] step=7419 loss=0.009590 lr=9.865e-06
[train] step=7420 loss=0.027986 lr=9.865e-06
[train] step=7421 loss=0.011919 lr=9.865e-06
[train] step=7422 loss=0.005601 lr=9.865e-06
[train] step=7423 loss=0.008727 lr=9.865e-06
[train] step=7424 loss=0.015625 lr=9.865e-06
[train] step=7425 loss=0.024726 lr=9.865e-06
[train] step=7426 loss=0.007455 lr=9.865e-06
[train] step=7427 loss=0.008724 lr=9.865e-06
[train] step=7428 loss=0.010515 lr=9.865e-06
[train] step=7429 loss=0.018377 lr=9.865e-06
[train] step=7430 loss=0.011533 lr=9.865e-06
[train] step=7431 loss=0.010249 lr=9.865e-06
[train] step=7432 loss=0.007600 lr=9.865e-06
[train] step=7433 loss=0.006416 lr=9.864e-06
[train] step=7434 loss=0.005593 lr=9.864e-06
[train] step=7435 loss=0.013434 lr=9.864e-06
[train] step=7436 loss=0.014281 lr=9.864e-06
[train] step=7437 loss=0.007530 lr=9.864e-06
[train] step=7438 loss=0.006361 lr=9.864e-06
[train] step=7439 loss=0.015084 lr=9.864e-06
[train] step=7440 loss=0.009550 lr=9.864e-06
[train] step=7441 loss=0.006672 lr=9.864e-06
[train] step=7442 loss=0.073481 lr=9.864e-06
[train] step=7443 loss=0.017901 lr=9.864e-06
[train] step=7444 loss=0.019963 lr=9.864e-06
[train] step=7445 loss=0.015918 lr=9.864e-06
[train] step=7446 loss=0.004316 lr=9.864e-06
[train] step=7447 loss=0.010316 lr=9.864e-06
[train] step=7448 loss=0.014697 lr=9.864e-06
[train] step=7449 loss=0.010533 lr=9.864e-06
[train] step=7450 loss=0.010922 lr=9.864e-06
[train] step=7451 loss=0.006980 lr=9.864e-06
[train] step=7452 loss=0.010629 lr=9.864e-06
[train] step=7453 loss=0.006393 lr=9.864e-06
[train] step=7454 loss=0.007330 lr=9.864e-06
[train] step=7455 loss=0.019658 lr=9.864e-06
[train] step=7456 loss=0.040353 lr=9.864e-06
[train] step=7457 loss=0.009468 lr=9.864e-06
[train] step=7458 loss=0.005780 lr=9.864e-06
[train] step=7459 loss=0.018671 lr=9.864e-06
[train] step=7460 loss=0.005201 lr=9.863e-06
[train] step=7461 loss=0.019332 lr=9.863e-06
[train] step=7462 loss=0.005826 lr=9.863e-06
[train] step=7463 loss=0.007822 lr=9.863e-06
[train] step=7464 loss=0.012353 lr=9.863e-06
[train] step=7465 loss=0.022495 lr=9.863e-06
[train] step=7466 loss=0.005272 lr=9.863e-06
[train] step=7467 loss=0.062442 lr=9.863e-06
[train] step=7468 loss=0.007827 lr=9.863e-06
[train] step=7469 loss=0.086505 lr=9.863e-06
[train] step=7470 loss=0.006622 lr=9.863e-06
[train] step=7471 loss=0.069117 lr=9.863e-06
[train] step=7472 loss=0.011918 lr=9.863e-06
[train] step=7473 loss=0.010860 lr=9.863e-06
[train] step=7474 loss=0.016243 lr=9.863e-06
[train] step=7475 loss=0.009988 lr=9.863e-06
[train] step=7476 loss=0.007659 lr=9.863e-06
[train] step=7477 loss=0.009786 lr=9.863e-06
[train] step=7478 loss=0.008712 lr=9.863e-06
[train] step=7479 loss=0.008700 lr=9.863e-06
[train] step=7480 loss=0.006085 lr=9.863e-06
[train] step=7481 loss=0.014958 lr=9.863e-06
[train] step=7482 loss=0.006823 lr=9.863e-06
[train] step=7483 loss=0.008189 lr=9.863e-06
[train] step=7484 loss=0.011700 lr=9.863e-06
[train] step=7485 loss=0.293783 lr=9.863e-06
[train] step=7486 loss=0.006198 lr=9.863e-06
[train] step=7487 loss=0.010691 lr=9.863e-06
[train] step=7488 loss=0.008963 lr=9.862e-06
[train] step=7489 loss=0.006165 lr=9.862e-06
[train] step=7490 loss=0.006538 lr=9.862e-06
[train] step=7491 loss=0.012705 lr=9.862e-06
[train] step=7492 loss=0.005099 lr=9.862e-06
[train] step=7493 loss=0.009481 lr=9.862e-06
[train] step=7494 loss=0.009090 lr=9.862e-06
[train] step=7495 loss=0.006610 lr=9.862e-06
[train] step=7496 loss=0.006543 lr=9.862e-06
[train] step=7497 loss=0.009586 lr=9.862e-06
[train] step=7498 loss=0.013908 lr=9.862e-06
[train] step=7499 loss=0.017381 lr=9.862e-06
[train] step=7500 loss=0.008545 lr=9.862e-06
INFO     [rank 0] Model weights for step 7500 saved in       dit_trainer.py:1085
         checkpoints/model_weights_step_07500.safetensors                       
INFO     [rank 0] Scalar embedding weights for step 7500     dit_trainer.py:1092
         saved                                                                  
INFO     [rank 0] Training state saved:                      dit_trainer.py:1123
         checkpoints/model_weights_step_07500.state.pt                          
DEBUG    [rank 0] Removed old checkpoint:                    dit_trainer.py:1136
         /local/disk/hramachandran/work/wh_work/windinet/dit                    
         _throughput_sweep_bs2/checkpoints/model_weights_ste                    
         p_07000.safetensors                                                    
DEBUG    [rank 0] Removed old checkpoint:                    dit_trainer.py:1136
         /local/disk/hramachandran/work/wh_work/windinet/dit                    
         _throughput_sweep_bs2/checkpoints/model_weights_ste                    
         p_07000.state.pt                                                       
DEBUG    [rank 0] Removed old checkpoint:                    dit_trainer.py:1136
         /local/disk/hramachandran/work/wh_work/windinet/dit                    
         _throughput_sweep_bs2/checkpoints/scalar_embedding_                    
         step_07000.safetensors                                                 
[epoch 15] step=7500 train_loss=0.014835
[train] step=7501 loss=0.008672 lr=9.862e-06
[train] step=7502 loss=0.005399 lr=9.862e-06
[train] step=7503 loss=0.007342 lr=9.862e-06
[train] step=7504 loss=0.012489 lr=9.862e-06
[train] step=7505 loss=0.008316 lr=9.862e-06
[train] step=7506 loss=0.019145 lr=9.862e-06
[train] step=7507 loss=0.005106 lr=9.862e-06
[train] step=7508 loss=0.006106 lr=9.862e-06
[train] step=7509 loss=0.008165 lr=9.862e-06
[train] step=7510 loss=0.004276 lr=9.862e-06
[train] step=7511 loss=0.009868 lr=9.862e-06
[train] step=7512 loss=0.013997 lr=9.862e-06
[train] step=7513 loss=0.003654 lr=9.862e-06
[train] step=7514 loss=0.007950 lr=9.862e-06
[train] step=7515 loss=0.030932 lr=9.861e-06
[train] step=7516 loss=0.006042 lr=9.861e-06
[train] step=7517 loss=0.006942 lr=9.861e-06
[train] step=7518 loss=0.005933 lr=9.861e-06
[train] step=7519 loss=0.005298 lr=9.861e-06
[train] step=7520 loss=0.024420 lr=9.861e-06
[train] step=7521 loss=0.008460 lr=9.861e-06
[train] step=7522 loss=0.021453 lr=9.861e-06
[train] step=7523 loss=0.009438 lr=9.861e-06
[train] step=7524 loss=0.121350 lr=9.861e-06
[train] step=7525 loss=0.017333 lr=9.861e-06
[train] step=7526 loss=0.008443 lr=9.861e-06
[train] step=7527 loss=0.018380 lr=9.861e-06
[train] step=7528 loss=0.005590 lr=9.861e-06
[train] step=7529 loss=0.009404 lr=9.861e-06
[train] step=7530 loss=0.008400 lr=9.861e-06
[train] step=7531 loss=0.030702 lr=9.861e-06
[train] step=7532 loss=0.010874 lr=9.861e-06
[train] step=7533 loss=0.016480 lr=9.861e-06
[train] step=7534 loss=0.006393 lr=9.861e-06
[train] step=7535 loss=0.006381 lr=9.861e-06
[train] step=7536 loss=0.015021 lr=9.861e-06
[train] step=7537 loss=0.014419 lr=9.861e-06
[train] step=7538 loss=0.007182 lr=9.861e-06
[train] step=7539 loss=0.010216 lr=9.861e-06
[train] step=7540 loss=0.008045 lr=9.861e-06
[train] step=7541 loss=0.006113 lr=9.861e-06
[train] step=7542 loss=0.007612 lr=9.860e-06
[train] step=7543 loss=0.032193 lr=9.860e-06
[train] step=7544 loss=0.009516 lr=9.860e-06
[train] step=7545 loss=0.040036 lr=9.860e-06
[train] step=7546 loss=0.012577 lr=9.860e-06
[train] step=7547 loss=0.007153 lr=9.860e-06
[train] step=7548 loss=0.020192 lr=9.860e-06
[train] step=7549 loss=0.013259 lr=9.860e-06
[train] step=7550 loss=0.020437 lr=9.860e-06
[train] step=7551 loss=0.008188 lr=9.860e-06
[train] step=7552 loss=0.008097 lr=9.860e-06
[train] step=7553 loss=0.007291 lr=9.860e-06
[train] step=7554 loss=0.031297 lr=9.860e-06
[train] step=7555 loss=0.008632 lr=9.860e-06
[train] step=7556 loss=0.011797 lr=9.860e-06
[train] step=7557 loss=0.023619 lr=9.860e-06
[train] step=7558 loss=0.006937 lr=9.860e-06
[train] step=7559 loss=0.019847 lr=9.860e-06
[train] step=7560 loss=0.007634 lr=9.860e-06
[train] step=7561 loss=0.024888 lr=9.860e-06
[train] step=7562 loss=0.009648 lr=9.860e-06
[train] step=7563 loss=0.009207 lr=9.860e-06
[train] step=7564 loss=0.006361 lr=9.860e-06
[train] step=7565 loss=0.005399 lr=9.860e-06
[train] step=7566 loss=0.011747 lr=9.860e-06
[train] step=7567 loss=0.008693 lr=9.860e-06
[train] step=7568 loss=0.015210 lr=9.860e-06
[train] step=7569 loss=0.008589 lr=9.859e-06
[train] step=7570 loss=0.008263 lr=9.859e-06
[train] step=7571 loss=0.010521 lr=9.859e-06
[train] step=7572 loss=0.012599 lr=9.859e-06
[train] step=7573 loss=0.008578 lr=9.859e-06
[train] step=7574 loss=0.004049 lr=9.859e-06
[train] step=7575 loss=0.020241 lr=9.859e-06
[train] step=7576 loss=0.016557 lr=9.859e-06
[train] step=7577 loss=0.011304 lr=9.859e-06
[train] step=7578 loss=0.006746 lr=9.859e-06
[train] step=7579 loss=0.005301 lr=9.859e-06
[train] step=7580 loss=0.013883 lr=9.859e-06
[train] step=7581 loss=0.010416 lr=9.859e-06
[train] step=7582 loss=0.009803 lr=9.859e-06
[train] step=7583 loss=0.008937 lr=9.859e-06
[train] step=7584 loss=0.034400 lr=9.859e-06
[train] step=7585 loss=0.023211 lr=9.859e-06
[train] step=7586 loss=0.012939 lr=9.859e-06
[train] step=7587 loss=0.005920 lr=9.859e-06
[train] step=7588 loss=0.003922 lr=9.859e-06
[train] step=7589 loss=0.009793 lr=9.859e-06
[train] step=7590 loss=0.009940 lr=9.859e-06
[train] step=7591 loss=0.004304 lr=9.859e-06
[train] step=7592 loss=0.007925 lr=9.859e-06
[train] step=7593 loss=0.025503 lr=9.859e-06
[train] step=7594 loss=0.011014 lr=9.859e-06
[train] step=7595 loss=0.008779 lr=9.859e-06
[train] step=7596 loss=0.004953 lr=9.858e-06
[train] step=7597 loss=0.038756 lr=9.858e-06
[train] step=7598 loss=0.005200 lr=9.858e-06
[train] step=7599 loss=0.008531 lr=9.858e-06
[train] step=7600 loss=0.024130 lr=9.858e-06
[train] step=7601 loss=0.009577 lr=9.858e-06
[train] step=7602 loss=0.016173 lr=9.858e-06
[train] step=7603 loss=0.011170 lr=9.858e-06
[train] step=7604 loss=0.007308 lr=9.858e-06
[train] step=7605 loss=0.011137 lr=9.858e-06
[train] step=7606 loss=0.007119 lr=9.858e-06
[train] step=7607 loss=0.005766 lr=9.858e-06
[train] step=7608 loss=0.011032 lr=9.858e-06
[train] step=7609 loss=0.005266 lr=9.858e-06
[train] step=7610 loss=0.009949 lr=9.858e-06
[train] step=7611 loss=0.006592 lr=9.858e-06
[train] step=7612 loss=0.005505 lr=9.858e-06
[train] step=7613 loss=0.007297 lr=9.858e-06
[train] step=7614 loss=0.008187 lr=9.858e-06
[train] step=7615 loss=0.006727 lr=9.858e-06
[train] step=7616 loss=0.043579 lr=9.858e-06
[train] step=7617 loss=0.006929 lr=9.858e-06
[train] step=7618 loss=0.016952 lr=9.858e-06
[train] step=7619 loss=0.014267 lr=9.858e-06
[train] step=7620 loss=0.007257 lr=9.858e-06
[train] step=7621 loss=0.006532 lr=9.858e-06
[train] step=7622 loss=0.009805 lr=9.858e-06
[train] step=7623 loss=0.012886 lr=9.857e-06
[train] step=7624 loss=0.007068 lr=9.857e-06
[train] step=7625 loss=0.015828 lr=9.857e-06
[train] step=7626 loss=0.014024 lr=9.857e-06
[train] step=7627 loss=0.008597 lr=9.857e-06
[train] step=7628 loss=0.005461 lr=9.857e-06
[train] step=7629 loss=0.005038 lr=9.857e-06
[train] step=7630 loss=0.006861 lr=9.857e-06
[train] step=7631 loss=0.006775 lr=9.857e-06
[train] step=7632 loss=0.020265 lr=9.857e-06
[train] step=7633 loss=0.009248 lr=9.857e-06
[train] step=7634 loss=0.005723 lr=9.857e-06
[train] step=7635 loss=0.012008 lr=9.857e-06
[train] step=7636 loss=0.004749 lr=9.857e-06
[train] step=7637 loss=0.032345 lr=9.857e-06
[train] step=7638 loss=0.044674 lr=9.857e-06
[train] step=7639 loss=0.006797 lr=9.857e-06
[train] step=7640 loss=0.008145 lr=9.857e-06
[train] step=7641 loss=0.013505 lr=9.857e-06
[train] step=7642 loss=0.018618 lr=9.857e-06
[train] step=7643 loss=0.008170 lr=9.857e-06
[train] step=7644 loss=0.006789 lr=9.857e-06
[train] step=7645 loss=0.011997 lr=9.857e-06
[train] step=7646 loss=0.179945 lr=9.857e-06
[train] step=7647 loss=0.007802 lr=9.857e-06
[train] step=7648 loss=0.007441 lr=9.857e-06
[train] step=7649 loss=0.013896 lr=9.857e-06
[train] step=7650 loss=0.013650 lr=9.856e-06
[train] step=7651 loss=0.008397 lr=9.856e-06
[train] step=7652 loss=0.008933 lr=9.856e-06
[train] step=7653 loss=0.009833 lr=9.856e-06
[train] step=7654 loss=0.007424 lr=9.856e-06
[train] step=7655 loss=0.006630 lr=9.856e-06
[train] step=7656 loss=0.007188 lr=9.856e-06
[train] step=7657 loss=0.008196 lr=9.856e-06
[train] step=7658 loss=0.008233 lr=9.856e-06
[train] step=7659 loss=0.005936 lr=9.856e-06
[train] step=7660 loss=0.056074 lr=9.856e-06
[train] step=7661 loss=0.007436 lr=9.856e-06
[train] step=7662 loss=0.005555 lr=9.856e-06
[train] step=7663 loss=0.008889 lr=9.856e-06
[train] step=7664 loss=0.014796 lr=9.856e-06
[train] step=7665 loss=0.007780 lr=9.856e-06
[train] step=7666 loss=0.009788 lr=9.856e-06
[train] step=7667 loss=0.004652 lr=9.856e-06
[train] step=7668 loss=0.004360 lr=9.856e-06
[train] step=7669 loss=0.004559 lr=9.856e-06
[train] step=7670 loss=0.011450 lr=9.856e-06
[train] step=7671 loss=0.005922 lr=9.856e-06
[train] step=7672 loss=0.024350 lr=9.856e-06
[train] step=7673 loss=0.008364 lr=9.856e-06
[train] step=7674 loss=0.006355 lr=9.856e-06
[train] step=7675 loss=0.010417 lr=9.856e-06
[train] step=7676 loss=0.015393 lr=9.856e-06
[train] step=7677 loss=0.007290 lr=9.855e-06
[train] step=7678 loss=0.011807 lr=9.855e-06
[train] step=7679 loss=0.008142 lr=9.855e-06
[train] step=7680 loss=0.006387 lr=9.855e-06
[train] step=7681 loss=0.008709 lr=9.855e-06
[train] step=7682 loss=0.012497 lr=9.855e-06
[train] step=7683 loss=0.008939 lr=9.855e-06
[train] step=7684 loss=0.012190 lr=9.855e-06
[train] step=7685 loss=0.011769 lr=9.855e-06
[train] step=7686 loss=0.006111 lr=9.855e-06
[train] step=7687 loss=0.010436 lr=9.855e-06
[train] step=7688 loss=0.007123 lr=9.855e-06
[train] step=7689 loss=0.009696 lr=9.855e-06
[train] step=7690 loss=0.009414 lr=9.855e-06
[train] step=7691 loss=0.009917 lr=9.855e-06
[train] step=7692 loss=0.005489 lr=9.855e-06
[train] step=7693 loss=0.020532 lr=9.855e-06
[train] step=7694 loss=0.033103 lr=9.855e-06
[train] step=7695 loss=0.004146 lr=9.855e-06
[train] step=7696 loss=0.009349 lr=9.855e-06
[train] step=7697 loss=0.010424 lr=9.855e-06
[train] step=7698 loss=0.016650 lr=9.855e-06
[train] step=7699 loss=0.006183 lr=9.855e-06
[train] step=7700 loss=0.011193 lr=9.855e-06
[train] step=7701 loss=0.009098 lr=9.855e-06
[train] step=7702 loss=0.016169 lr=9.855e-06
[train] step=7703 loss=0.007248 lr=9.854e-06
[train] step=7704 loss=0.008593 lr=9.854e-06
[train] step=7705 loss=0.006383 lr=9.854e-06
[train] step=7706 loss=0.006090 lr=9.854e-06
[train] step=7707 loss=0.020206 lr=9.854e-06
[train] step=7708 loss=0.003878 lr=9.854e-06
[train] step=7709 loss=0.008240 lr=9.854e-06
[train] step=7710 loss=0.006960 lr=9.854e-06
[train] step=7711 loss=0.016939 lr=9.854e-06
[train] step=7712 loss=0.009008 lr=9.854e-06
[train] step=7713 loss=0.006237 lr=9.854e-06
[train] step=7714 loss=0.010902 lr=9.854e-06
[train] step=7715 loss=0.034113 lr=9.854e-06
[train] step=7716 loss=0.011104 lr=9.854e-06
[train] step=7717 loss=0.008703 lr=9.854e-06
[train] step=7718 loss=0.010993 lr=9.854e-06
[train] step=7719 loss=0.023254 lr=9.854e-06
[train] step=7720 loss=0.015860 lr=9.854e-06
[train] step=7721 loss=0.008245 lr=9.854e-06
[train] step=7722 loss=0.011685 lr=9.854e-06
[train] step=7723 loss=0.020839 lr=9.854e-06
[train] step=7724 loss=0.016823 lr=9.854e-06
[train] step=7725 loss=0.061956 lr=9.854e-06
[train] step=7726 loss=0.017105 lr=9.854e-06
[train] step=7727 loss=0.014773 lr=9.854e-06
[train] step=7728 loss=0.005868 lr=9.854e-06
[train] step=7729 loss=0.008482 lr=9.854e-06
[train] step=7730 loss=0.005468 lr=9.853e-06
[train] step=7731 loss=0.038720 lr=9.853e-06
[train] step=7732 loss=0.017817 lr=9.853e-06
[train] step=7733 loss=0.006465 lr=9.853e-06
[train] step=7734 loss=0.006837 lr=9.853e-06
[train] step=7735 loss=0.010650 lr=9.853e-06
[train] step=7736 loss=0.011058 lr=9.853e-06
[train] step=7737 loss=0.020800 lr=9.853e-06
[train] step=7738 loss=0.006304 lr=9.853e-06
[train] step=7739 loss=0.013501 lr=9.853e-06
[train] step=7740 loss=0.006545 lr=9.853e-06
[train] step=7741 loss=0.027069 lr=9.853e-06
[train] step=7742 loss=0.005104 lr=9.853e-06
[train] step=7743 loss=0.009652 lr=9.853e-06
[train] step=7744 loss=0.009690 lr=9.853e-06
[train] step=7745 loss=0.010000 lr=9.853e-06
[train] step=7746 loss=0.009344 lr=9.853e-06
[train] step=7747 loss=0.009373 lr=9.853e-06
[train] step=7748 loss=0.015685 lr=9.853e-06
[train] step=7749 loss=0.032495 lr=9.853e-06
[train] step=7750 loss=0.009896 lr=9.853e-06
[train] step=7751 loss=0.005216 lr=9.853e-06
[train] step=7752 loss=0.074808 lr=9.853e-06
[train] step=7753 loss=0.009945 lr=9.853e-06
[train] step=7754 loss=0.003729 lr=9.853e-06
[train] step=7755 loss=0.005485 lr=9.853e-06
[train] step=7756 loss=0.005884 lr=9.852e-06
[train] step=7757 loss=0.008822 lr=9.852e-06
[train] step=7758 loss=0.013873 lr=9.852e-06
[train] step=7759 loss=0.008833 lr=9.852e-06
[train] step=7760 loss=0.009354 lr=9.852e-06
[train] step=7761 loss=0.007737 lr=9.852e-06
[train] step=7762 loss=0.014612 lr=9.852e-06
[train] step=7763 loss=0.009427 lr=9.852e-06
[train] step=7764 loss=0.012983 lr=9.852e-06
[train] step=7765 loss=0.004985 lr=9.852e-06
[train] step=7766 loss=0.006666 lr=9.852e-06
[train] step=7767 loss=0.009766 lr=9.852e-06
[train] step=7768 loss=0.031672 lr=9.852e-06
[train] step=7769 loss=0.006613 lr=9.852e-06
[train] step=7770 loss=0.010778 lr=9.852e-06
[train] step=7771 loss=0.009994 lr=9.852e-06
[train] step=7772 loss=0.008904 lr=9.852e-06
[train] step=7773 loss=0.008158 lr=9.852e-06
[train] step=7774 loss=0.022605 lr=9.852e-06
[train] step=7775 loss=0.006295 lr=9.852e-06
[train] step=7776 loss=0.007926 lr=9.852e-06
[train] step=7777 loss=0.005708 lr=9.852e-06
[train] step=7778 loss=0.010168 lr=9.852e-06
[train] step=7779 loss=0.007937 lr=9.852e-06
[train] step=7780 loss=0.016017 lr=9.852e-06
[train] step=7781 loss=0.011143 lr=9.852e-06
[train] step=7782 loss=0.006081 lr=9.852e-06
[train] step=7783 loss=0.005322 lr=9.851e-06
[train] step=7784 loss=0.021043 lr=9.851e-06
[train] step=7785 loss=0.010965 lr=9.851e-06
[train] step=7786 loss=0.005710 lr=9.851e-06
[train] step=7787 loss=0.007489 lr=9.851e-06
[train] step=7788 loss=0.012780 lr=9.851e-06
[train] step=7789 loss=0.006403 lr=9.851e-06
[train] step=7790 loss=0.010800 lr=9.851e-06
[train] step=7791 loss=0.010324 lr=9.851e-06
[train] step=7792 loss=0.010794 lr=9.851e-06
[train] step=7793 loss=0.008559 lr=9.851e-06
[train] step=7794 loss=0.005421 lr=9.851e-06
[train] step=7795 loss=0.006221 lr=9.851e-06
[train] step=7796 loss=0.006093 lr=9.851e-06
[train] step=7797 loss=0.009547 lr=9.851e-06
[train] step=7798 loss=0.005769 lr=9.851e-06
[train] step=7799 loss=0.006436 lr=9.851e-06
[train] step=7800 loss=0.010023 lr=9.851e-06
[train] step=7801 loss=0.005059 lr=9.851e-06
[train] step=7802 loss=0.049453 lr=9.851e-06
[train] step=7803 loss=0.006358 lr=9.851e-06
[train] step=7804 loss=0.008031 lr=9.851e-06
[train] step=7805 loss=0.005397 lr=9.851e-06
[train] step=7806 loss=0.006204 lr=9.851e-06
[train] step=7807 loss=0.008205 lr=9.851e-06
[train] step=7808 loss=0.007756 lr=9.851e-06
[train] step=7809 loss=0.039313 lr=9.850e-06
[train] step=7810 loss=0.020127 lr=9.850e-06
[train] step=7811 loss=0.006921 lr=9.850e-06
[train] step=7812 loss=0.009257 lr=9.850e-06
[train] step=7813 loss=0.008291 lr=9.850e-06
[train] step=7814 loss=0.007867 lr=9.850e-06
[train] step=7815 loss=0.026327 lr=9.850e-06
[train] step=7816 loss=0.012826 lr=9.850e-06
[train] step=7817 loss=0.004544 lr=9.850e-06
[train] step=7818 loss=0.006408 lr=9.850e-06
[train] step=7819 loss=0.026529 lr=9.850e-06
[train] step=7820 loss=0.004177 lr=9.850e-06
[train] step=7821 loss=0.008510 lr=9.850e-06
[train] step=7822 loss=0.031086 lr=9.850e-06
[train] step=7823 loss=0.011950 lr=9.850e-06
[train] step=7824 loss=0.012870 lr=9.850e-06
[train] step=7825 loss=0.006727 lr=9.850e-06
[train] step=7826 loss=0.005789 lr=9.850e-06
[train] step=7827 loss=0.006675 lr=9.850e-06
[train] step=7828 loss=0.038066 lr=9.850e-06
[train] step=7829 loss=0.015505 lr=9.850e-06
[train] step=7830 loss=0.014755 lr=9.850e-06
[train] step=7831 loss=0.005702 lr=9.850e-06
[train] step=7832 loss=0.026343 lr=9.850e-06
[train] step=7833 loss=0.006703 lr=9.850e-06
[train] step=7834 loss=0.017723 lr=9.850e-06
[train] step=7835 loss=0.007107 lr=9.849e-06
[train] step=7836 loss=0.009304 lr=9.849e-06
[train] step=7837 loss=0.024815 lr=9.849e-06
[train] step=7838 loss=0.036448 lr=9.849e-06
[train] step=7839 loss=0.011790 lr=9.849e-06
[train] step=7840 loss=0.006438 lr=9.849e-06
[train] step=7841 loss=0.006789 lr=9.849e-06
[train] step=7842 loss=0.012182 lr=9.849e-06
[train] step=7843 loss=0.016474 lr=9.849e-06
[train] step=7844 loss=0.005398 lr=9.849e-06
[train] step=7845 loss=0.004962 lr=9.849e-06
[train] step=7846 loss=0.008320 lr=9.849e-06
[train] step=7847 loss=0.008452 lr=9.849e-06
[train] step=7848 loss=0.010768 lr=9.849e-06
[train] step=7849 loss=0.010007 lr=9.849e-06
[train] step=7850 loss=0.008041 lr=9.849e-06
[train] step=7851 loss=0.022838 lr=9.849e-06
[train] step=7852 loss=0.010368 lr=9.849e-06
[train] step=7853 loss=0.009790 lr=9.849e-06
[train] step=7854 loss=0.007097 lr=9.849e-06
[train] step=7855 loss=0.014064 lr=9.849e-06
[train] step=7856 loss=0.004751 lr=9.849e-06
[train] step=7857 loss=0.010168 lr=9.849e-06
[train] step=7858 loss=0.026477 lr=9.849e-06
[train] step=7859 loss=0.005550 lr=9.849e-06
[train] step=7860 loss=0.016101 lr=9.849e-06
[train] step=7861 loss=0.040004 lr=9.848e-06
[train] step=7862 loss=0.014592 lr=9.848e-06
[train] step=7863 loss=0.009588 lr=9.848e-06
[train] step=7864 loss=0.010757 lr=9.848e-06
[train] step=7865 loss=0.016654 lr=9.848e-06
[train] step=7866 loss=0.009995 lr=9.848e-06
[train] step=7867 loss=0.005107 lr=9.848e-06
[train] step=7868 loss=0.131702 lr=9.848e-06
[train] step=7869 loss=0.009236 lr=9.848e-06
[train] step=7870 loss=0.152466 lr=9.848e-06
[train] step=7871 loss=0.006184 lr=9.848e-06
[train] step=7872 loss=0.008431 lr=9.848e-06
[train] step=7873 loss=0.024925 lr=9.848e-06
[train] step=7874 loss=0.030824 lr=9.848e-06
[train] step=7875 loss=0.004796 lr=9.848e-06
[train] step=7876 loss=0.006331 lr=9.848e-06
[train] step=7877 loss=0.009962 lr=9.848e-06
[train] step=7878 loss=0.011596 lr=9.848e-06
[train] step=7879 loss=0.008613 lr=9.848e-06
[train] step=7880 loss=0.054283 lr=9.848e-06
[train] step=7881 loss=0.009240 lr=9.848e-06
[train] step=7882 loss=0.010127 lr=9.848e-06
[train] step=7883 loss=0.012009 lr=9.848e-06
[train] step=7884 loss=0.018189 lr=9.848e-06
[train] step=7885 loss=0.013823 lr=9.848e-06
[train] step=7886 loss=0.006975 lr=9.848e-06
[train] step=7887 loss=0.017921 lr=9.847e-06
[train] step=7888 loss=0.009794 lr=9.847e-06
[train] step=7889 loss=0.018060 lr=9.847e-06
[train] step=7890 loss=0.009386 lr=9.847e-06
[train] step=7891 loss=0.007917 lr=9.847e-06
[train] step=7892 loss=0.013970 lr=9.847e-06
[train] step=7893 loss=0.011232 lr=9.847e-06
[train] step=7894 loss=0.025966 lr=9.847e-06
[train] step=7895 loss=0.028150 lr=9.847e-06
[train] step=7896 loss=0.010757 lr=9.847e-06
[train] step=7897 loss=0.008453 lr=9.847e-06
[train] step=7898 loss=0.005551 lr=9.847e-06
[train] step=7899 loss=0.024984 lr=9.847e-06
[train] step=7900 loss=0.006167 lr=9.847e-06
[train] step=7901 loss=0.007845 lr=9.847e-06
[train] step=7902 loss=0.006966 lr=9.847e-06
[train] step=7903 loss=0.004766 lr=9.847e-06
[train] step=7904 loss=0.016256 lr=9.847e-06
[train] step=7905 loss=0.017636 lr=9.847e-06
[train] step=7906 loss=0.013064 lr=9.847e-06
[train] step=7907 loss=0.013193 lr=9.847e-06
[train] step=7908 loss=0.015154 lr=9.847e-06
[train] step=7909 loss=0.006972 lr=9.847e-06
[train] step=7910 loss=0.013349 lr=9.847e-06
[train] step=7911 loss=0.008546 lr=9.847e-06
[train] step=7912 loss=0.026889 lr=9.847e-06
[train] step=7913 loss=0.011471 lr=9.846e-06
[train] step=7914 loss=0.006831 lr=9.846e-06
[train] step=7915 loss=0.005635 lr=9.846e-06
[train] step=7916 loss=0.015165 lr=9.846e-06
[train] step=7917 loss=0.015634 lr=9.846e-06
[train] step=7918 loss=0.005983 lr=9.846e-06
[train] step=7919 loss=0.006795 lr=9.846e-06
[train] step=7920 loss=0.005001 lr=9.846e-06
[train] step=7921 loss=0.008719 lr=9.846e-06
[train] step=7922 loss=0.024564 lr=9.846e-06
[train] step=7923 loss=0.064256 lr=9.846e-06
[train] step=7924 loss=0.006695 lr=9.846e-06
[train] step=7925 loss=0.013329 lr=9.846e-06
[train] step=7926 loss=0.007065 lr=9.846e-06
[train] step=7927 loss=0.006517 lr=9.846e-06
[train] step=7928 loss=0.010567 lr=9.846e-06
[train] step=7929 loss=0.011262 lr=9.846e-06
[train] step=7930 loss=0.039972 lr=9.846e-06
[train] step=7931 loss=0.005255 lr=9.846e-06
[train] step=7932 loss=0.010116 lr=9.846e-06
[train] step=7933 loss=0.013750 lr=9.846e-06
[train] step=7934 loss=0.013432 lr=9.846e-06
[train] step=7935 loss=0.009703 lr=9.846e-06
[train] step=7936 loss=0.008132 lr=9.846e-06
[train] step=7937 loss=0.022677 lr=9.846e-06
[train] step=7938 loss=0.011521 lr=9.846e-06
[train] step=7939 loss=0.006718 lr=9.845e-06
[train] step=7940 loss=0.006201 lr=9.845e-06
[train] step=7941 loss=0.027541 lr=9.845e-06
[train] step=7942 loss=0.007711 lr=9.845e-06
[train] step=7943 loss=0.020054 lr=9.845e-06
[train] step=7944 loss=0.024046 lr=9.845e-06
[train] step=7945 loss=0.007365 lr=9.845e-06
[train] step=7946 loss=0.008917 lr=9.845e-06
[train] step=7947 loss=0.009498 lr=9.845e-06
[train] step=7948 loss=0.007923 lr=9.845e-06
[train] step=7949 loss=0.005705 lr=9.845e-06
[train] step=7950 loss=0.014225 lr=9.845e-06
[train] step=7951 loss=0.006921 lr=9.845e-06
[train] step=7952 loss=0.007450 lr=9.845e-06
[train] step=7953 loss=0.011490 lr=9.845e-06
[train] step=7954 loss=0.006408 lr=9.845e-06
[train] step=7955 loss=0.009331 lr=9.845e-06
[train] step=7956 loss=0.012738 lr=9.845e-06
[train] step=7957 loss=0.051644 lr=9.845e-06
[train] step=7958 loss=0.006520 lr=9.845e-06
[train] step=7959 loss=0.007736 lr=9.845e-06
[train] step=7960 loss=0.005823 lr=9.845e-06
[train] step=7961 loss=0.005080 lr=9.845e-06
[train] step=7962 loss=0.007576 lr=9.845e-06
[train] step=7963 loss=0.012339 lr=9.845e-06
[train] step=7964 loss=0.048753 lr=9.845e-06
[train] step=7965 loss=0.006156 lr=9.844e-06
[train] step=7966 loss=0.005015 lr=9.844e-06
[train] step=7967 loss=0.005022 lr=9.844e-06
[train] step=7968 loss=0.007678 lr=9.844e-06
[train] step=7969 loss=0.015285 lr=9.844e-06
[train] step=7970 loss=0.005987 lr=9.844e-06
[train] step=7971 loss=0.013077 lr=9.844e-06
[train] step=7972 loss=0.008090 lr=9.844e-06
[train] step=7973 loss=0.006319 lr=9.844e-06
[train] step=7974 loss=0.006212 lr=9.844e-06
[train] step=7975 loss=0.006791 lr=9.844e-06
[train] step=7976 loss=0.039489 lr=9.844e-06
[train] step=7977 loss=0.004758 lr=9.844e-06
[train] step=7978 loss=0.004992 lr=9.844e-06
[train] step=7979 loss=0.006913 lr=9.844e-06
[train] step=7980 loss=0.005417 lr=9.844e-06
[train] step=7981 loss=0.022842 lr=9.844e-06
[train] step=7982 loss=0.003712 lr=9.844e-06
[train] step=7983 loss=0.013136 lr=9.844e-06
[train] step=7984 loss=0.004011 lr=9.844e-06
[train] step=7985 loss=0.004762 lr=9.844e-06
[train] step=7986 loss=0.004560 lr=9.844e-06
[train] step=7987 loss=0.005748 lr=9.844e-06
[train] step=7988 loss=0.007978 lr=9.844e-06
[train] step=7989 loss=0.016074 lr=9.844e-06
[train] step=7990 loss=0.006398 lr=9.844e-06
[train] step=7991 loss=0.032696 lr=9.843e-06
[train] step=7992 loss=0.018593 lr=9.843e-06
[train] step=7993 loss=0.007218 lr=9.843e-06
[train] step=7994 loss=0.019173 lr=9.843e-06
[train] step=7995 loss=0.011493 lr=9.843e-06
[train] step=7996 loss=0.010945 lr=9.843e-06
[train] step=7997 loss=0.010060 lr=9.843e-06
[train] step=7998 loss=0.007675 lr=9.843e-06
[train] step=7999 loss=0.011079 lr=9.843e-06
[train] step=8000 loss=0.022362 lr=9.843e-06
INFO     [rank 0] Model weights for step 8000 saved in       dit_trainer.py:1085
         checkpoints/model_weights_step_08000.safetensors                       
INFO     [rank 0] Scalar embedding weights for step 8000     dit_trainer.py:1092
         saved                                                                  
INFO     [rank 0] Training state saved:                      dit_trainer.py:1123
         checkpoints/model_weights_step_08000.state.pt                          
DEBUG    [rank 0] Removed old checkpoint:                    dit_trainer.py:1136
         /local/disk/hramachandran/work/wh_work/windinet/dit                    
         _throughput_sweep_bs2/checkpoints/model_weights_ste                    
         p_07500.safetensors                                                    
DEBUG    [rank 0] Removed old checkpoint:                    dit_trainer.py:1136
         /local/disk/hramachandran/work/wh_work/windinet/dit                    
         _throughput_sweep_bs2/checkpoints/model_weights_ste                    
         p_07500.state.pt                                                       
DEBUG    [rank 0] Removed old checkpoint:                    dit_trainer.py:1136
         /local/disk/hramachandran/work/wh_work/windinet/dit                    
         _throughput_sweep_bs2/checkpoints/scalar_embedding_                    
         step_07500.safetensors                                                 
[epoch 16] step=8000 train_loss=0.013413
[train] step=8001 loss=0.008777 lr=9.843e-06
[train] step=8002 loss=0.008087 lr=9.843e-06
[train] step=8003 loss=0.012876 lr=9.843e-06
[train] step=8004 loss=0.005448 lr=9.843e-06
[train] step=8005 loss=0.006635 lr=9.843e-06
[train] step=8006 loss=0.004150 lr=9.843e-06
[train] step=8007 loss=0.005800 lr=9.843e-06
[train] step=8008 loss=0.014447 lr=9.843e-06
[train] step=8009 loss=0.009859 lr=9.843e-06
[train] step=8010 loss=0.007194 lr=9.843e-06
[train] step=8011 loss=0.015563 lr=9.843e-06
[train] step=8012 loss=0.006644 lr=9.843e-06
[train] step=8013 loss=0.024941 lr=9.843e-06
[train] step=8014 loss=0.008189 lr=9.843e-06
[train] step=8015 loss=0.014298 lr=9.843e-06
[train] step=8016 loss=0.011190 lr=9.842e-06
[train] step=8017 loss=0.015083 lr=9.842e-06
[train] step=8018 loss=0.006688 lr=9.842e-06
[train] step=8019 loss=0.009563 lr=9.842e-06
[train] step=8020 loss=0.008887 lr=9.842e-06
[train] step=8021 loss=0.007195 lr=9.842e-06
[train] step=8022 loss=0.008717 lr=9.842e-06
[train] step=8023 loss=0.009091 lr=9.842e-06
[train] step=8024 loss=0.007148 lr=9.842e-06
[train] step=8025 loss=0.006952 lr=9.842e-06
[train] step=8026 loss=0.013398 lr=9.842e-06
[train] step=8027 loss=0.022071 lr=9.842e-06
[train] step=8028 loss=0.010053 lr=9.842e-06
[train] step=8029 loss=0.012491 lr=9.842e-06
[train] step=8030 loss=0.006683 lr=9.842e-06
[train] step=8031 loss=0.011710 lr=9.842e-06
[train] step=8032 loss=0.018372 lr=9.842e-06
[train] step=8033 loss=0.005229 lr=9.842e-06
[train] step=8034 loss=0.005540 lr=9.842e-06
[train] step=8035 loss=0.008051 lr=9.842e-06
[train] step=8036 loss=0.007099 lr=9.842e-06
[train] step=8037 loss=0.009546 lr=9.842e-06
[train] step=8038 loss=0.085226 lr=9.842e-06
[train] step=8039 loss=0.006123 lr=9.842e-06
[train] step=8040 loss=0.016574 lr=9.842e-06
[train] step=8041 loss=0.008078 lr=9.842e-06
[train] step=8042 loss=0.007691 lr=9.841e-06
[train] step=8043 loss=0.006856 lr=9.841e-06
[train] step=8044 loss=0.005271 lr=9.841e-06
[train] step=8045 loss=0.006528 lr=9.841e-06
[train] step=8046 loss=0.017555 lr=9.841e-06
[train] step=8047 loss=0.007056 lr=9.841e-06
[train] step=8048 loss=0.007626 lr=9.841e-06
[train] step=8049 loss=0.008041 lr=9.841e-06
[train] step=8050 loss=0.027406 lr=9.841e-06
[train] step=8051 loss=0.011361 lr=9.841e-06
[train] step=8052 loss=0.011259 lr=9.841e-06
[train] step=8053 loss=0.017646 lr=9.841e-06
[train] step=8054 loss=0.012313 lr=9.841e-06
[train] step=8055 loss=0.017483 lr=9.841e-06
[train] step=8056 loss=0.006201 lr=9.841e-06
[train] step=8057 loss=0.049111 lr=9.841e-06
[train] step=8058 loss=0.008917 lr=9.841e-06
[train] step=8059 loss=0.009757 lr=9.841e-06
[train] step=8060 loss=0.006371 lr=9.841e-06
[train] step=8061 loss=0.008415 lr=9.841e-06
[train] step=8062 loss=0.102887 lr=9.841e-06
[train] step=8063 loss=0.007067 lr=9.841e-06
[train] step=8064 loss=0.013033 lr=9.841e-06
[train] step=8065 loss=0.004147 lr=9.841e-06
[train] step=8066 loss=0.012881 lr=9.841e-06
[train] step=8067 loss=0.011021 lr=9.840e-06
[train] step=8068 loss=0.006514 lr=9.840e-06
[train] step=8069 loss=0.009595 lr=9.840e-06
[train] step=8070 loss=0.010348 lr=9.840e-06
[train] step=8071 loss=0.017330 lr=9.840e-06
[train] step=8072 loss=0.007975 lr=9.840e-06
[train] step=8073 loss=0.010812 lr=9.840e-06
[train] step=8074 loss=0.013871 lr=9.840e-06
[train] step=8075 loss=0.009287 lr=9.840e-06
[train] step=8076 loss=0.005492 lr=9.840e-06
[train] step=8077 loss=0.008521 lr=9.840e-06
[train] step=8078 loss=0.007696 lr=9.840e-06
[train] step=8079 loss=0.011049 lr=9.840e-06
[train] step=8080 loss=0.033736 lr=9.840e-06
[train] step=8081 loss=0.007013 lr=9.840e-06
[train] step=8082 loss=0.004320 lr=9.840e-06
[train] step=8083 loss=0.007810 lr=9.840e-06
[train] step=8084 loss=0.010747 lr=9.840e-06
[train] step=8085 loss=0.021574 lr=9.840e-06
[train] step=8086 loss=0.005049 lr=9.840e-06
[train] step=8087 loss=0.005344 lr=9.840e-06
[train] step=8088 loss=0.006969 lr=9.840e-06
[train] step=8089 loss=0.005315 lr=9.840e-06
[train] step=8090 loss=0.014577 lr=9.840e-06
[train] step=8091 loss=0.011729 lr=9.840e-06
[train] step=8092 loss=0.007176 lr=9.840e-06
[train] step=8093 loss=0.005173 lr=9.839e-06
[train] step=8094 loss=0.012586 lr=9.839e-06
[train] step=8095 loss=0.006487 lr=9.839e-06
[train] step=8096 loss=0.006712 lr=9.839e-06
[train] step=8097 loss=0.013574 lr=9.839e-06
[train] step=8098 loss=0.005958 lr=9.839e-06
[train] step=8099 loss=0.005873 lr=9.839e-06
[train] step=8100 loss=0.006579 lr=9.839e-06
[train] step=8101 loss=0.013512 lr=9.839e-06
[train] step=8102 loss=0.011918 lr=9.839e-06
[train] step=8103 loss=0.005559 lr=9.839e-06
[train] step=8104 loss=0.004871 lr=9.839e-06
[train] step=8105 loss=0.005076 lr=9.839e-06
[train] step=8106 loss=0.021092 lr=9.839e-06
[train] step=8107 loss=0.010139 lr=9.839e-06
[train] step=8108 loss=0.006996 lr=9.839e-06
[train] step=8109 loss=0.006346 lr=9.839e-06
[train] step=8110 loss=0.010957 lr=9.839e-06
[train] step=8111 loss=0.028906 lr=9.839e-06
[train] step=8112 loss=0.005537 lr=9.839e-06
[train] step=8113 loss=0.005438 lr=9.839e-06
[train] step=8114 loss=0.006808 lr=9.839e-06
[train] step=8115 loss=0.012787 lr=9.839e-06
[train] step=8116 loss=0.005380 lr=9.839e-06
[train] step=8117 loss=0.012146 lr=9.839e-06
[train] step=8118 loss=0.009617 lr=9.838e-06
[train] step=8119 loss=0.003275 lr=9.838e-06
[train] step=8120 loss=0.006447 lr=9.838e-06
[train] step=8121 loss=0.007871 lr=9.838e-06
[train] step=8122 loss=0.004227 lr=9.838e-06
[train] step=8123 loss=0.005155 lr=9.838e-06
[train] step=8124 loss=0.016811 lr=9.838e-06
[train] step=8125 loss=0.006696 lr=9.838e-06
[train] step=8126 loss=0.005740 lr=9.838e-06
[train] step=8127 loss=0.007772 lr=9.838e-06
[train] step=8128 loss=0.016309 lr=9.838e-06
[train] step=8129 loss=0.007511 lr=9.838e-06
[train] step=8130 loss=0.007886 lr=9.838e-06
[train] step=8131 loss=0.004124 lr=9.838e-06
[train] step=8132 loss=0.006458 lr=9.838e-06
[train] step=8133 loss=0.005765 lr=9.838e-06
[train] step=8134 loss=0.009226 lr=9.838e-06
[train] step=8135 loss=0.007428 lr=9.838e-06
[train] step=8136 loss=0.008721 lr=9.838e-06
[train] step=8137 loss=0.016001 lr=9.838e-06
[train] step=8138 loss=0.006728 lr=9.838e-06
[train] step=8139 loss=0.008925 lr=9.838e-06
[train] step=8140 loss=0.063782 lr=9.838e-06
[train] step=8141 loss=0.006568 lr=9.838e-06
[train] step=8142 loss=0.005166 lr=9.838e-06
[train] step=8143 loss=0.004269 lr=9.837e-06
[train] step=8144 loss=0.005360 lr=9.837e-06
[train] step=8145 loss=0.003701 lr=9.837e-06
[train] step=8146 loss=0.014647 lr=9.837e-06
[train] step=8147 loss=0.006542 lr=9.837e-06
[train] step=8148 loss=0.006640 lr=9.837e-06
[train] step=8149 loss=0.011368 lr=9.837e-06
[train] step=8150 loss=0.004442 lr=9.837e-06
[train] step=8151 loss=0.011066 lr=9.837e-06
[train] step=8152 loss=0.004730 lr=9.837e-06
[train] step=8153 loss=0.017441 lr=9.837e-06
[train] step=8154 loss=0.004118 lr=9.837e-06
[train] step=8155 loss=0.005975 lr=9.837e-06
[train] step=8156 loss=0.006988 lr=9.837e-06
[train] step=8157 loss=0.007811 lr=9.837e-06
[train] step=8158 loss=0.020286 lr=9.837e-06
[train] step=8159 loss=0.005657 lr=9.837e-06
[train] step=8160 loss=0.004316 lr=9.837e-06
[train] step=8161 loss=0.005060 lr=9.837e-06
[train] step=8162 loss=0.005376 lr=9.837e-06
[train] step=8163 loss=0.011983 lr=9.837e-06
[train] step=8164 loss=0.006377 lr=9.837e-06
[train] step=8165 loss=0.010082 lr=9.837e-06
[train] step=8166 loss=0.009511 lr=9.837e-06
[train] step=8167 loss=0.010235 lr=9.837e-06
[train] step=8168 loss=0.003996 lr=9.836e-06
[train] step=8169 loss=0.004988 lr=9.836e-06
[train] step=8170 loss=0.004175 lr=9.836e-06
[train] step=8171 loss=0.004844 lr=9.836e-06
[train] step=8172 loss=0.007781 lr=9.836e-06
[train] step=8173 loss=0.007040 lr=9.836e-06
[train] step=8174 loss=0.004457 lr=9.836e-06
[train] step=8175 loss=0.007546 lr=9.836e-06
[train] step=8176 loss=0.004475 lr=9.836e-06
[train] step=8177 loss=0.030439 lr=9.836e-06
[train] step=8178 loss=0.007142 lr=9.836e-06
[train] step=8179 loss=0.004803 lr=9.836e-06
[train] step=8180 loss=0.017733 lr=9.836e-06
[train] step=8181 loss=0.005199 lr=9.836e-06
[train] step=8182 loss=0.006484 lr=9.836e-06
[train] step=8183 loss=0.008551 lr=9.836e-06
[train] step=8184 loss=0.003559 lr=9.836e-06
[train] step=8185 loss=0.005510 lr=9.836e-06
[train] step=8186 loss=0.007590 lr=9.836e-06
[train] step=8187 loss=0.012149 lr=9.836e-06
[train] step=8188 loss=0.003628 lr=9.836e-06
[train] step=8189 loss=0.007471 lr=9.836e-06
[train] step=8190 loss=0.003684 lr=9.836e-06
[train] step=8191 loss=0.008343 lr=9.836e-06
[train] step=8192 loss=0.016168 lr=9.836e-06
[train] step=8193 loss=0.007182 lr=9.835e-06
[train] step=8194 loss=0.004073 lr=9.835e-06
[train] step=8195 loss=0.011953 lr=9.835e-06
[train] step=8196 loss=0.009262 lr=9.835e-06
[train] step=8197 loss=0.006241 lr=9.835e-06
[train] step=8198 loss=0.012319 lr=9.835e-06
[train] step=8199 loss=0.004301 lr=9.835e-06
[train] step=8200 loss=0.009805 lr=9.835e-06
[train] step=8201 loss=0.008643 lr=9.835e-06
[train] step=8202 loss=0.012190 lr=9.835e-06
[train] step=8203 loss=0.010576 lr=9.835e-06
[train] step=8204 loss=0.004037 lr=9.835e-06
[train] step=8205 loss=0.006573 lr=9.835e-06
[train] step=8206 loss=0.004995 lr=9.835e-06
[train] step=8207 loss=0.006099 lr=9.835e-06
[train] step=8208 loss=0.006887 lr=9.835e-06
[train] step=8209 loss=0.005433 lr=9.835e-06
[train] step=8210 loss=0.011199 lr=9.835e-06
[train] step=8211 loss=0.024064 lr=9.835e-06
[train] step=8212 loss=0.562832 lr=9.835e-06
[train] step=8213 loss=0.002844 lr=9.835e-06
[train] step=8214 loss=0.011148 lr=9.835e-06
[train] step=8215 loss=0.012938 lr=9.835e-06
[train] step=8216 loss=0.006377 lr=9.835e-06
[train] step=8217 loss=0.005144 lr=9.835e-06
[train] step=8218 loss=0.008191 lr=9.834e-06
[train] step=8219 loss=0.004857 lr=9.834e-06
[train] step=8220 loss=0.008347 lr=9.834e-06
[train] step=8221 loss=0.005667 lr=9.834e-06
[train] step=8222 loss=0.031276 lr=9.834e-06
[train] step=8223 loss=0.006065 lr=9.834e-06
[train] step=8224 loss=0.007263 lr=9.834e-06
[train] step=8225 loss=0.020848 lr=9.834e-06
[train] step=8226 loss=0.016081 lr=9.834e-06
[train] step=8227 loss=0.004705 lr=9.834e-06
[train] step=8228 loss=0.007291 lr=9.834e-06
[train] step=8229 loss=0.040664 lr=9.834e-06
[train] step=8230 loss=0.006219 lr=9.834e-06
[train] step=8231 loss=0.010982 lr=9.834e-06
[train] step=8232 loss=0.004803 lr=9.834e-06
[train] step=8233 loss=0.004770 lr=9.834e-06
[train] step=8234 loss=0.005003 lr=9.834e-06
[train] step=8235 loss=0.014508 lr=9.834e-06
[train] step=8236 loss=0.005964 lr=9.834e-06
[train] step=8237 loss=0.007297 lr=9.834e-06
[train] step=8238 loss=0.005607 lr=9.834e-06
[train] step=8239 loss=0.034827 lr=9.834e-06
[train] step=8240 loss=0.004628 lr=9.834e-06
[train] step=8241 loss=0.007923 lr=9.834e-06
[train] step=8242 loss=0.009665 lr=9.834e-06
[train] step=8243 loss=0.007097 lr=9.833e-06
[train] step=8244 loss=0.013175 lr=9.833e-06
[train] step=8245 loss=0.038299 lr=9.833e-06
[train] step=8246 loss=0.002805 lr=9.833e-06
[train] step=8247 loss=0.005916 lr=9.833e-06
[train] step=8248 loss=0.006604 lr=9.833e-06
[train] step=8249 loss=0.006818 lr=9.833e-06
[train] step=8250 loss=0.004350 lr=9.833e-06
[train] step=8251 loss=0.005621 lr=9.833e-06
[train] step=8252 loss=0.008953 lr=9.833e-06
[train] step=8253 loss=0.042438 lr=9.833e-06
[train] step=8254 loss=0.011334 lr=9.833e-06
[train] step=8255 loss=0.014507 lr=9.833e-06
[train] step=8256 loss=0.008614 lr=9.833e-06
[train] step=8257 loss=0.012006 lr=9.833e-06
[train] step=8258 loss=0.006627 lr=9.833e-06
[train] step=8259 loss=0.009181 lr=9.833e-06
[train] step=8260 loss=0.011597 lr=9.833e-06
[train] step=8261 loss=0.010249 lr=9.833e-06
[train] step=8262 loss=0.039549 lr=9.833e-06
[train] step=8263 loss=0.012836 lr=9.833e-06
[train] step=8264 loss=0.004908 lr=9.833e-06
[train] step=8265 loss=0.011774 lr=9.833e-06
[train] step=8266 loss=0.015060 lr=9.833e-06
[train] step=8267 loss=0.006773 lr=9.833e-06
[train] step=8268 loss=0.004166 lr=9.832e-06
[train] step=8269 loss=0.006393 lr=9.832e-06
[train] step=8270 loss=0.009775 lr=9.832e-06
[train] step=8271 loss=0.013391 lr=9.832e-06
[train] step=8272 loss=0.013376 lr=9.832e-06
[train] step=8273 loss=0.036435 lr=9.832e-06
[train] step=8274 loss=0.063403 lr=9.832e-06
[train] step=8275 loss=0.008620 lr=9.832e-06
[train] step=8276 loss=0.020551 lr=9.832e-06
[train] step=8277 loss=0.005335 lr=9.832e-06
[train] step=8278 loss=0.006973 lr=9.832e-06
[train] step=8279 loss=0.026265 lr=9.832e-06
[train] step=8280 loss=0.008327 lr=9.832e-06
[train] step=8281 loss=0.013784 lr=9.832e-06
[train] step=8282 loss=0.011108 lr=9.832e-06
[train] step=8283 loss=0.018703 lr=9.832e-06
[train] step=8284 loss=0.006234 lr=9.832e-06
[train] step=8285 loss=0.012592 lr=9.832e-06
[train] step=8286 loss=0.008385 lr=9.832e-06
[train] step=8287 loss=0.007860 lr=9.832e-06
[train] step=8288 loss=0.011189 lr=9.832e-06
[train] step=8289 loss=0.006691 lr=9.832e-06
[train] step=8290 loss=0.015580 lr=9.832e-06
[train] step=8291 loss=0.008033 lr=9.832e-06
[train] step=8292 loss=0.010145 lr=9.832e-06
[train] step=8293 loss=0.011332 lr=9.831e-06
[train] step=8294 loss=0.011991 lr=9.831e-06
[train] step=8295 loss=0.023967 lr=9.831e-06
[train] step=8296 loss=0.006123 lr=9.831e-06
[train] step=8297 loss=0.006039 lr=9.831e-06
[train] step=8298 loss=0.012410 lr=9.831e-06
[train] step=8299 loss=0.007241 lr=9.831e-06
[train] step=8300 loss=0.008747 lr=9.831e-06
[train] step=8301 loss=0.007300 lr=9.831e-06
[train] step=8302 loss=0.005765 lr=9.831e-06
[train] step=8303 loss=0.006848 lr=9.831e-06
[train] step=8304 loss=0.009088 lr=9.831e-06
[train] step=8305 loss=0.027609 lr=9.831e-06
[train] step=8306 loss=0.007213 lr=9.831e-06
[train] step=8307 loss=0.006392 lr=9.831e-06
[train] step=8308 loss=0.010304 lr=9.831e-06
[train] step=8309 loss=0.011361 lr=9.831e-06
[train] step=8310 loss=0.007933 lr=9.831e-06
[train] step=8311 loss=0.010927 lr=9.831e-06
[train] step=8312 loss=0.004601 lr=9.831e-06
[train] step=8313 loss=0.008524 lr=9.831e-06
[train] step=8314 loss=0.008093 lr=9.831e-06
[train] step=8315 loss=0.007865 lr=9.831e-06
[train] step=8316 loss=0.013708 lr=9.831e-06
[train] step=8317 loss=0.004171 lr=9.831e-06
[train] step=8318 loss=0.010860 lr=9.830e-06
[train] step=8319 loss=0.008848 lr=9.830e-06
[train] step=8320 loss=0.005136 lr=9.830e-06
[train] step=8321 loss=0.008341 lr=9.830e-06
[train] step=8322 loss=0.084911 lr=9.830e-06
[train] step=8323 loss=0.008001 lr=9.830e-06
[train] step=8324 loss=0.194268 lr=9.830e-06
[train] step=8325 loss=0.006000 lr=9.830e-06
[train] step=8326 loss=0.016731 lr=9.830e-06
[train] step=8327 loss=0.009522 lr=9.830e-06
[train] step=8328 loss=0.006315 lr=9.830e-06
[train] step=8329 loss=0.012026 lr=9.830e-06
[train] step=8330 loss=0.018684 lr=9.830e-06
[train] step=8331 loss=0.006880 lr=9.830e-06
[train] step=8332 loss=0.055262 lr=9.830e-06
[train] step=8333 loss=0.006720 lr=9.830e-06
[train] step=8334 loss=0.003733 lr=9.830e-06
[train] step=8335 loss=0.007207 lr=9.830e-06
[train] step=8336 loss=0.006121 lr=9.830e-06
[train] step=8337 loss=0.011560 lr=9.830e-06
[train] step=8338 loss=0.006907 lr=9.830e-06
[train] step=8339 loss=0.006212 lr=9.830e-06
[train] step=8340 loss=0.010231 lr=9.830e-06
[train] step=8341 loss=0.005423 lr=9.830e-06
[train] step=8342 loss=0.017319 lr=9.829e-06
[train] step=8343 loss=0.004483 lr=9.829e-06
[train] step=8344 loss=0.012957 lr=9.829e-06
[train] step=8345 loss=0.026626 lr=9.829e-06
[train] step=8346 loss=0.037158 lr=9.829e-06
[train] step=8347 loss=0.042695 lr=9.829e-06
[train] step=8348 loss=0.028954 lr=9.829e-06
[train] step=8349 loss=0.051037 lr=9.829e-06
[train] step=8350 loss=0.006567 lr=9.829e-06
[train] step=8351 loss=0.012048 lr=9.829e-06
[train] step=8352 loss=0.008327 lr=9.829e-06
[train] step=8353 loss=0.005074 lr=9.829e-06
[train] step=8354 loss=0.018799 lr=9.829e-06
[train] step=8355 loss=0.015777 lr=9.829e-06
[train] step=8356 loss=0.007862 lr=9.829e-06
[train] step=8357 loss=0.017510 lr=9.829e-06
[train] step=8358 loss=0.006077 lr=9.829e-06
[train] step=8359 loss=0.012741 lr=9.829e-06
[train] step=8360 loss=0.008055 lr=9.829e-06
[train] step=8361 loss=0.004361 lr=9.829e-06
[train] step=8362 loss=0.016314 lr=9.829e-06
[train] step=8363 loss=0.007786 lr=9.829e-06
[train] step=8364 loss=0.059687 lr=9.829e-06
[train] step=8365 loss=0.007551 lr=9.829e-06
[train] step=8366 loss=0.016745 lr=9.829e-06
[train] step=8367 loss=0.007068 lr=9.828e-06
[train] step=8368 loss=0.009630 lr=9.828e-06
[train] step=8369 loss=0.008890 lr=9.828e-06
[train] step=8370 loss=0.010277 lr=9.828e-06
[train] step=8371 loss=0.007667 lr=9.828e-06
[train] step=8372 loss=0.004853 lr=9.828e-06
[train] step=8373 loss=0.012214 lr=9.828e-06
[train] step=8374 loss=0.008214 lr=9.828e-06
[train] step=8375 loss=0.009279 lr=9.828e-06
[train] step=8376 loss=0.013283 lr=9.828e-06
[train] step=8377 loss=0.012799 lr=9.828e-06
[train] step=8378 loss=0.006294 lr=9.828e-06
[train] step=8379 loss=0.011069 lr=9.828e-06
[train] step=8380 loss=0.008318 lr=9.828e-06
[train] step=8381 loss=0.004672 lr=9.828e-06
[train] step=8382 loss=0.006478 lr=9.828e-06
[train] step=8383 loss=0.019460 lr=9.828e-06
[train] step=8384 loss=0.007670 lr=9.828e-06
[train] step=8385 loss=0.006817 lr=9.828e-06
[train] step=8386 loss=0.008806 lr=9.828e-06
[train] step=8387 loss=0.013072 lr=9.828e-06
[train] step=8388 loss=0.007903 lr=9.828e-06
[train] step=8389 loss=0.013547 lr=9.828e-06
[train] step=8390 loss=0.006880 lr=9.828e-06
[train] step=8391 loss=0.005908 lr=9.827e-06
[train] step=8392 loss=0.004488 lr=9.827e-06
[train] step=8393 loss=0.004836 lr=9.827e-06
[train] step=8394 loss=0.004218 lr=9.827e-06
[train] step=8395 loss=0.006323 lr=9.827e-06
[train] step=8396 loss=0.007806 lr=9.827e-06
[train] step=8397 loss=0.045211 lr=9.827e-06
[train] step=8398 loss=0.016185 lr=9.827e-06
[train] step=8399 loss=0.006572 lr=9.827e-06
[train] step=8400 loss=0.031428 lr=9.827e-06
[train] step=8401 loss=0.005917 lr=9.827e-06
[train] step=8402 loss=0.006502 lr=9.827e-06
[train] step=8403 loss=0.017648 lr=9.827e-06
[train] step=8404 loss=0.009077 lr=9.827e-06
[train] step=8405 loss=0.014195 lr=9.827e-06
[train] step=8406 loss=0.090881 lr=9.827e-06
[train] step=8407 loss=0.004336 lr=9.827e-06
[train] step=8408 loss=0.007544 lr=9.827e-06
[train] step=8409 loss=0.012479 lr=9.827e-06
[train] step=8410 loss=0.006348 lr=9.827e-06
[train] step=8411 loss=0.007419 lr=9.827e-06
[train] step=8412 loss=0.039842 lr=9.827e-06
[train] step=8413 loss=0.008604 lr=9.827e-06
[train] step=8414 loss=0.008661 lr=9.827e-06
[train] step=8415 loss=0.028276 lr=9.827e-06
[train] step=8416 loss=0.006168 lr=9.826e-06
[train] step=8417 loss=0.007727 lr=9.826e-06
[train] step=8418 loss=0.011330 lr=9.826e-06
[train] step=8419 loss=0.007175 lr=9.826e-06
[train] step=8420 loss=0.007495 lr=9.826e-06
[train] step=8421 loss=0.005821 lr=9.826e-06
[train] step=8422 loss=0.006695 lr=9.826e-06
[train] step=8423 loss=0.013312 lr=9.826e-06
[train] step=8424 loss=0.008589 lr=9.826e-06
[train] step=8425 loss=0.012837 lr=9.826e-06
[train] step=8426 loss=0.013086 lr=9.826e-06
[train] step=8427 loss=0.007644 lr=9.826e-06
[train] step=8428 loss=0.007587 lr=9.826e-06
[train] step=8429 loss=0.003882 lr=9.826e-06
[train] step=8430 loss=0.007799 lr=9.826e-06
[train] step=8431 loss=0.012793 lr=9.826e-06
[train] step=8432 loss=0.004950 lr=9.826e-06
[train] step=8433 loss=0.006287 lr=9.826e-06
[train] step=8434 loss=0.011210 lr=9.826e-06
[train] step=8435 loss=0.074987 lr=9.826e-06
[train] step=8436 loss=0.022327 lr=9.826e-06
[train] step=8437 loss=0.005955 lr=9.826e-06
[train] step=8438 loss=0.161895 lr=9.826e-06
[train] step=8439 loss=0.011896 lr=9.826e-06
[train] step=8440 loss=0.009193 lr=9.825e-06
[train] step=8441 loss=0.003806 lr=9.825e-06
[train] step=8442 loss=0.008263 lr=9.825e-06
[train] step=8443 loss=0.006426 lr=9.825e-06
[train] step=8444 loss=0.010639 lr=9.825e-06
[train] step=8445 loss=0.007258 lr=9.825e-06
[train] step=8446 loss=0.007718 lr=9.825e-06
[train] step=8447 loss=0.005809 lr=9.825e-06
[train] step=8448 loss=0.009458 lr=9.825e-06
[train] step=8449 loss=0.008353 lr=9.825e-06
[train] step=8450 loss=0.006220 lr=9.825e-06
[train] step=8451 loss=0.036236 lr=9.825e-06
[train] step=8452 loss=0.006775 lr=9.825e-06
[train] step=8453 loss=0.005670 lr=9.825e-06
[train] step=8454 loss=0.008343 lr=9.825e-06
[train] step=8455 loss=0.019252 lr=9.825e-06
[train] step=8456 loss=0.007229 lr=9.825e-06
[train] step=8457 loss=0.008230 lr=9.825e-06
[train] step=8458 loss=0.015724 lr=9.825e-06
[train] step=8459 loss=0.007168 lr=9.825e-06
[train] step=8460 loss=0.005847 lr=9.825e-06
[train] step=8461 loss=0.006700 lr=9.825e-06
[train] step=8462 loss=0.068200 lr=9.825e-06
[train] step=8463 loss=0.017893 lr=9.825e-06
[train] step=8464 loss=0.004387 lr=9.824e-06
[train] step=8465 loss=0.004976 lr=9.824e-06
[train] step=8466 loss=0.007764 lr=9.824e-06
[train] step=8467 loss=0.018116 lr=9.824e-06
[train] step=8468 loss=0.007830 lr=9.824e-06
[train] step=8469 loss=0.009598 lr=9.824e-06
[train] step=8470 loss=0.009487 lr=9.824e-06
[train] step=8471 loss=0.012162 lr=9.824e-06
[train] step=8472 loss=0.023836 lr=9.824e-06
[train] step=8473 loss=0.004816 lr=9.824e-06
[train] step=8474 loss=0.006520 lr=9.824e-06
[train] step=8475 loss=0.006796 lr=9.824e-06
[train] step=8476 loss=0.008307 lr=9.824e-06
[train] step=8477 loss=0.012114 lr=9.824e-06
[train] step=8478 loss=0.009250 lr=9.824e-06
[train] step=8479 loss=0.013809 lr=9.824e-06
[train] step=8480 loss=0.005348 lr=9.824e-06
[train] step=8481 loss=0.008088 lr=9.824e-06
[train] step=8482 loss=0.011582 lr=9.824e-06
[train] step=8483 loss=0.010573 lr=9.824e-06
[train] step=8484 loss=0.014291 lr=9.824e-06
[train] step=8485 loss=0.007870 lr=9.824e-06
[train] step=8486 loss=0.006045 lr=9.824e-06
[train] step=8487 loss=0.010336 lr=9.824e-06
[train] step=8488 loss=0.011514 lr=9.824e-06
[train] step=8489 loss=0.031889 lr=9.823e-06
[train] step=8490 loss=0.008415 lr=9.823e-06
[train] step=8491 loss=0.011460 lr=9.823e-06
[train] step=8492 loss=0.013894 lr=9.823e-06
[train] step=8493 loss=0.008557 lr=9.823e-06
[train] step=8494 loss=0.008822 lr=9.823e-06
[train] step=8495 loss=0.007034 lr=9.823e-06
[train] step=8496 loss=0.009471 lr=9.823e-06
[train] step=8497 loss=0.045051 lr=9.823e-06
[train] step=8498 loss=0.005878 lr=9.823e-06
[train] step=8499 loss=0.005020 lr=9.823e-06
[train] step=8500 loss=0.008775 lr=9.823e-06
INFO     [rank 0] Model weights for step 8500 saved in       dit_trainer.py:1085
         checkpoints/model_weights_step_08500.safetensors                       
INFO     [rank 0] Scalar embedding weights for step 8500     dit_trainer.py:1092
         saved                                                                  
INFO     [rank 0] Training state saved:                      dit_trainer.py:1123
         checkpoints/model_weights_step_08500.state.pt                          
DEBUG    [rank 0] Removed old checkpoint:                    dit_trainer.py:1136
         /local/disk/hramachandran/work/wh_work/windinet/dit                    
         _throughput_sweep_bs2/checkpoints/model_weights_ste                    
         p_08000.safetensors                                                    
DEBUG    [rank 0] Removed old checkpoint:                    dit_trainer.py:1136
         /local/disk/hramachandran/work/wh_work/windinet/dit                    
         _throughput_sweep_bs2/checkpoints/model_weights_ste                    
         p_08000.state.pt                                                       
DEBUG    [rank 0] Removed old checkpoint:                    dit_trainer.py:1136
         /local/disk/hramachandran/work/wh_work/windinet/dit                    
         _throughput_sweep_bs2/checkpoints/scalar_embedding_                    
         step_08000.safetensors                                                 
[epoch 17] step=8500 train_loss=0.013531
[train] step=8501 loss=0.007219 lr=9.823e-06
[train] step=8502 loss=0.041894 lr=9.823e-06
[train] step=8503 loss=0.008119 lr=9.823e-06
[train] step=8504 loss=0.005518 lr=9.823e-06
[train] step=8505 loss=0.006119 lr=9.823e-06
[train] step=8506 loss=0.008581 lr=9.823e-06
[train] step=8507 loss=0.011021 lr=9.823e-06
[train] step=8508 loss=0.016961 lr=9.823e-06
[train] step=8509 loss=0.012748 lr=9.823e-06
[train] step=8510 loss=0.010285 lr=9.823e-06
[train] step=8511 loss=0.006276 lr=9.823e-06
[train] step=8512 loss=0.016660 lr=9.823e-06
[train] step=8513 loss=0.008818 lr=9.822e-06
[train] step=8514 loss=0.017028 lr=9.822e-06
[train] step=8515 loss=0.008332 lr=9.822e-06
[train] step=8516 loss=0.008658 lr=9.822e-06
[train] step=8517 loss=0.006697 lr=9.822e-06
[train] step=8518 loss=0.010239 lr=9.822e-06
[train] step=8519 loss=0.008124 lr=9.822e-06
[train] step=8520 loss=0.008269 lr=9.822e-06
[train] step=8521 loss=0.031366 lr=9.822e-06
[train] step=8522 loss=0.008515 lr=9.822e-06
[train] step=8523 loss=0.009647 lr=9.822e-06
[train] step=8524 loss=0.012668 lr=9.822e-06
[train] step=8525 loss=0.008189 lr=9.822e-06
[train] step=8526 loss=0.028260 lr=9.822e-06
[train] step=8527 loss=0.011400 lr=9.822e-06
[train] step=8528 loss=0.017282 lr=9.822e-06
[train] step=8529 loss=0.036628 lr=9.822e-06
[train] step=8530 loss=0.008959 lr=9.822e-06
[train] step=8531 loss=0.009264 lr=9.822e-06
[train] step=8532 loss=0.011216 lr=9.822e-06
[train] step=8533 loss=0.006288 lr=9.822e-06
[train] step=8534 loss=0.017772 lr=9.822e-06
[train] step=8535 loss=0.016659 lr=9.822e-06
[train] step=8536 loss=0.007763 lr=9.822e-06
[train] step=8537 loss=0.014799 lr=9.821e-06
[train] step=8538 loss=0.007180 lr=9.821e-06
[train] step=8539 loss=0.007919 lr=9.821e-06
[train] step=8540 loss=0.011057 lr=9.821e-06
[train] step=8541 loss=0.008838 lr=9.821e-06
[train] step=8542 loss=0.013738 lr=9.821e-06
[train] step=8543 loss=0.009112 lr=9.821e-06
[train] step=8544 loss=0.008947 lr=9.821e-06
[train] step=8545 loss=0.007358 lr=9.821e-06
[train] step=8546 loss=0.007282 lr=9.821e-06
[train] step=8547 loss=0.011738 lr=9.821e-06
[train] step=8548 loss=0.009941 lr=9.821e-06
[train] step=8549 loss=0.012106 lr=9.821e-06
[train] step=8550 loss=0.033288 lr=9.821e-06
[train] step=8551 loss=0.015891 lr=9.821e-06
[train] step=8552 loss=0.007895 lr=9.821e-06
[train] step=8553 loss=0.013590 lr=9.821e-06
[train] step=8554 loss=0.007763 lr=9.821e-06
[train] step=8555 loss=0.006133 lr=9.821e-06
[train] step=8556 loss=0.014084 lr=9.821e-06
[train] step=8557 loss=0.008345 lr=9.821e-06
[train] step=8558 loss=0.030996 lr=9.821e-06
[train] step=8559 loss=0.014329 lr=9.821e-06
[train] step=8560 loss=0.010258 lr=9.821e-06
[train] step=8561 loss=0.013320 lr=9.820e-06
[train] step=8562 loss=0.006693 lr=9.820e-06
[train] step=8563 loss=0.008093 lr=9.820e-06
[train] step=8564 loss=0.007050 lr=9.820e-06
[train] step=8565 loss=0.009433 lr=9.820e-06
[train] step=8566 loss=0.008551 lr=9.820e-06
[train] step=8567 loss=0.005426 lr=9.820e-06
[train] step=8568 loss=0.012858 lr=9.820e-06
[train] step=8569 loss=0.005085 lr=9.820e-06
[train] step=8570 loss=0.012178 lr=9.820e-06
[train] step=8571 loss=0.051987 lr=9.820e-06
[train] step=8572 loss=0.026663 lr=9.820e-06
[train] step=8573 loss=0.008974 lr=9.820e-06
[train] step=8574 loss=0.007553 lr=9.820e-06
[train] step=8575 loss=0.008761 lr=9.820e-06
[train] step=8576 loss=0.011215 lr=9.820e-06
[train] step=8577 loss=0.006376 lr=9.820e-06
[train] step=8578 loss=0.010270 lr=9.820e-06
[train] step=8579 loss=0.008533 lr=9.820e-06
[train] step=8580 loss=0.008827 lr=9.820e-06
[train] step=8581 loss=0.015746 lr=9.820e-06
[train] step=8582 loss=0.008198 lr=9.820e-06
[train] step=8583 loss=0.023557 lr=9.820e-06
[train] step=8584 loss=0.004628 lr=9.820e-06
[train] step=8585 loss=0.006586 lr=9.819e-06
[train] step=8586 loss=0.129438 lr=9.819e-06
[train] step=8587 loss=0.035949 lr=9.819e-06
[train] step=8588 loss=0.008694 lr=9.819e-06
[train] step=8589 loss=0.009988 lr=9.819e-06
[train] step=8590 loss=0.007587 lr=9.819e-06
[train] step=8591 loss=0.010888 lr=9.819e-06
[train] step=8592 loss=0.006189 lr=9.819e-06
[train] step=8593 loss=0.007840 lr=9.819e-06
[train] step=8594 loss=0.012018 lr=9.819e-06
[train] step=8595 loss=0.008370 lr=9.819e-06
[train] step=8596 loss=0.004446 lr=9.819e-06
[train] step=8597 loss=0.006834 lr=9.819e-06
[train] step=8598 loss=0.025604 lr=9.819e-06
[train] step=8599 loss=0.025263 lr=9.819e-06
[train] step=8600 loss=0.011199 lr=9.819e-06
[train] step=8601 loss=0.008316 lr=9.819e-06
[train] step=8602 loss=0.008444 lr=9.819e-06
[train] step=8603 loss=0.049426 lr=9.819e-06
[train] step=8604 loss=0.028303 lr=9.819e-06
[train] step=8605 loss=0.004813 lr=9.819e-06
[train] step=8606 loss=0.016051 lr=9.819e-06
[train] step=8607 loss=0.006383 lr=9.819e-06
[train] step=8608 loss=0.009923 lr=9.819e-06
[train] step=8609 loss=0.007227 lr=9.818e-06
[train] step=8610 loss=0.023037 lr=9.818e-06
[train] step=8611 loss=0.005053 lr=9.818e-06
[train] step=8612 loss=0.008163 lr=9.818e-06
[train] step=8613 loss=0.006349 lr=9.818e-06
[train] step=8614 loss=0.015222 lr=9.818e-06
[train] step=8615 loss=0.006901 lr=9.818e-06
[train] step=8616 loss=0.008988 lr=9.818e-06
[train] step=8617 loss=0.007148 lr=9.818e-06
[train] step=8618 loss=0.046342 lr=9.818e-06
[train] step=8619 loss=0.012419 lr=9.818e-06
[train] step=8620 loss=0.011256 lr=9.818e-06
[train] step=8621 loss=0.010645 lr=9.818e-06
[train] step=8622 loss=0.010565 lr=9.818e-06
[train] step=8623 loss=0.006090 lr=9.818e-06
[train] step=8624 loss=0.008816 lr=9.818e-06
[train] step=8625 loss=0.008959 lr=9.818e-06
[train] step=8626 loss=0.023143 lr=9.818e-06
[train] step=8627 loss=0.004671 lr=9.818e-06
[train] step=8628 loss=0.018200 lr=9.818e-06
[train] step=8629 loss=0.008917 lr=9.818e-06
[train] step=8630 loss=0.005778 lr=9.818e-06
[train] step=8631 loss=0.009306 lr=9.818e-06
[train] step=8632 loss=0.006887 lr=9.817e-06
[train] step=8633 loss=0.006443 lr=9.817e-06
[train] step=8634 loss=0.015136 lr=9.817e-06
[train] step=8635 loss=0.090033 lr=9.817e-06
[train] step=8636 loss=0.009662 lr=9.817e-06
[train] step=8637 loss=0.008493 lr=9.817e-06
[train] step=8638 loss=0.012553 lr=9.817e-06
[train] step=8639 loss=0.015399 lr=9.817e-06
[train] step=8640 loss=0.013962 lr=9.817e-06
[train] step=8641 loss=0.005382 lr=9.817e-06
[train] step=8642 loss=0.004145 lr=9.817e-06
[train] step=8643 loss=0.011700 lr=9.817e-06
[train] step=8644 loss=0.015770 lr=9.817e-06
[train] step=8645 loss=0.020502 lr=9.817e-06
[train] step=8646 loss=0.007353 lr=9.817e-06
[train] step=8647 loss=0.008666 lr=9.817e-06
[train] step=8648 loss=0.008894 lr=9.817e-06
[train] step=8649 loss=0.012637 lr=9.817e-06
[train] step=8650 loss=0.011885 lr=9.817e-06
[train] step=8651 loss=0.021828 lr=9.817e-06
[train] step=8652 loss=0.008434 lr=9.817e-06
[train] step=8653 loss=0.018081 lr=9.817e-06
[train] step=8654 loss=0.006906 lr=9.817e-06
[train] step=8655 loss=0.007327 lr=9.817e-06
[train] step=8656 loss=0.009209 lr=9.816e-06
[train] step=8657 loss=0.061268 lr=9.816e-06
[train] step=8658 loss=0.013283 lr=9.816e-06
[train] step=8659 loss=0.006493 lr=9.816e-06
[train] step=8660 loss=0.005253 lr=9.816e-06
[train] step=8661 loss=0.010293 lr=9.816e-06
[train] step=8662 loss=0.010179 lr=9.816e-06
[train] step=8663 loss=0.009823 lr=9.816e-06
[train] step=8664 loss=0.007268 lr=9.816e-06
[train] step=8665 loss=0.013997 lr=9.816e-06
[train] step=8666 loss=0.005855 lr=9.816e-06
[train] step=8667 loss=0.005527 lr=9.816e-06
[train] step=8668 loss=0.006720 lr=9.816e-06
[train] step=8669 loss=0.010138 lr=9.816e-06
[train] step=8670 loss=0.009959 lr=9.816e-06
[train] step=8671 loss=0.009055 lr=9.816e-06
[train] step=8672 loss=0.003895 lr=9.816e-06
[train] step=8673 loss=0.023671 lr=9.816e-06
[train] step=8674 loss=0.012604 lr=9.816e-06
[train] step=8675 loss=0.004884 lr=9.816e-06
[train] step=8676 loss=0.009564 lr=9.816e-06
[train] step=8677 loss=0.008641 lr=9.816e-06
[train] step=8678 loss=0.014900 lr=9.816e-06
[train] step=8679 loss=0.009630 lr=9.816e-06
[train] step=8680 loss=0.007788 lr=9.815e-06
[train] step=8681 loss=0.007223 lr=9.815e-06
[train] step=8682 loss=0.023938 lr=9.815e-06
[train] step=8683 loss=0.003686 lr=9.815e-06
[train] step=8684 loss=0.010187 lr=9.815e-06
[train] step=8685 loss=0.005297 lr=9.815e-06
[train] step=8686 loss=0.005404 lr=9.815e-06
[train] step=8687 loss=0.008004 lr=9.815e-06
[train] step=8688 loss=0.005865 lr=9.815e-06
[train] step=8689 loss=0.007596 lr=9.815e-06
[train] step=8690 loss=0.004483 lr=9.815e-06
[train] step=8691 loss=0.006591 lr=9.815e-06
[train] step=8692 loss=0.009873 lr=9.815e-06
[train] step=8693 loss=0.004643 lr=9.815e-06
[train] step=8694 loss=0.005360 lr=9.815e-06
[train] step=8695 loss=0.007198 lr=9.815e-06
[train] step=8696 loss=0.006608 lr=9.815e-06
[train] step=8697 loss=0.021092 lr=9.815e-06
[train] step=8698 loss=0.005959 lr=9.815e-06
[train] step=8699 loss=0.004226 lr=9.815e-06
[train] step=8700 loss=0.038513 lr=9.815e-06
[train] step=8701 loss=0.007857 lr=9.815e-06
[train] step=8702 loss=0.009345 lr=9.815e-06
[train] step=8703 loss=0.019027 lr=9.815e-06
[train] step=8704 loss=0.005768 lr=9.814e-06
[train] step=8705 loss=0.023043 lr=9.814e-06
[train] step=8706 loss=0.004418 lr=9.814e-06
[train] step=8707 loss=0.083288 lr=9.814e-06
[train] step=8708 loss=0.008612 lr=9.814e-06
[train] step=8709 loss=0.006422 lr=9.814e-06
[train] step=8710 loss=0.006367 lr=9.814e-06
[train] step=8711 loss=0.024454 lr=9.814e-06
[train] step=8712 loss=0.005485 lr=9.814e-06
[train] step=8713 loss=0.004121 lr=9.814e-06
[train] step=8714 loss=0.023386 lr=9.814e-06
[train] step=8715 loss=0.052098 lr=9.814e-06
[train] step=8716 loss=0.007700 lr=9.814e-06
[train] step=8717 loss=0.159294 lr=9.814e-06
[train] step=8718 loss=0.006464 lr=9.814e-06
[train] step=8719 loss=0.025588 lr=9.814e-06
[train] step=8720 loss=0.018905 lr=9.814e-06
[train] step=8721 loss=0.009634 lr=9.814e-06
[train] step=8722 loss=0.010266 lr=9.814e-06
[train] step=8723 loss=0.008383 lr=9.814e-06
[train] step=8724 loss=0.009241 lr=9.814e-06
[train] step=8725 loss=0.015797 lr=9.814e-06
[train] step=8726 loss=0.039723 lr=9.814e-06
[train] step=8727 loss=0.004795 lr=9.813e-06
[train] step=8728 loss=0.008514 lr=9.813e-06
[train] step=8729 loss=0.006114 lr=9.813e-06
[train] step=8730 loss=0.014647 lr=9.813e-06
[train] step=8731 loss=0.128494 lr=9.813e-06
[train] step=8732 loss=0.036939 lr=9.813e-06
[train] step=8733 loss=0.009341 lr=9.813e-06
[train] step=8734 loss=0.039831 lr=9.813e-06
[train] step=8735 loss=0.007413 lr=9.813e-06
[train] step=8736 loss=0.016040 lr=9.813e-06
[train] step=8737 loss=0.007010 lr=9.813e-06
[train] step=8738 loss=0.007839 lr=9.813e-06
[train] step=8739 loss=0.013686 lr=9.813e-06
[train] step=8740 loss=0.014177 lr=9.813e-06
[train] step=8741 loss=0.012597 lr=9.813e-06
[train] step=8742 loss=0.015546 lr=9.813e-06
[train] step=8743 loss=0.006339 lr=9.813e-06
[train] step=8744 loss=0.014646 lr=9.813e-06
[train] step=8745 loss=0.007535 lr=9.813e-06
[train] step=8746 loss=0.067943 lr=9.813e-06
[train] step=8747 loss=0.037560 lr=9.813e-06
[train] step=8748 loss=0.005164 lr=9.813e-06
[train] step=8749 loss=0.010552 lr=9.813e-06
[train] step=8750 loss=0.012252 lr=9.813e-06
[train] step=8751 loss=0.013109 lr=9.812e-06
[train] step=8752 loss=0.010483 lr=9.812e-06
[train] step=8753 loss=0.004957 lr=9.812e-06
[train] step=8754 loss=0.010520 lr=9.812e-06
[train] step=8755 loss=0.008058 lr=9.812e-06
[train] step=8756 loss=0.081813 lr=9.812e-06
[train] step=8757 loss=0.009964 lr=9.812e-06
[train] step=8758 loss=0.034372 lr=9.812e-06
[train] step=8759 loss=0.029487 lr=9.812e-06
[train] step=8760 loss=0.013670 lr=9.812e-06
[train] step=8761 loss=0.014765 lr=9.812e-06
[train] step=8762 loss=0.041187 lr=9.812e-06
[train] step=8763 loss=0.008328 lr=9.812e-06
[train] step=8764 loss=0.004923 lr=9.812e-06
[train] step=8765 loss=0.007539 lr=9.812e-06
[train] step=8766 loss=0.012826 lr=9.812e-06
[train] step=8767 loss=0.008248 lr=9.812e-06
[train] step=8768 loss=0.008101 lr=9.812e-06
[train] step=8769 loss=0.016558 lr=9.812e-06
[train] step=8770 loss=0.012091 lr=9.812e-06
[train] step=8771 loss=0.008150 lr=9.812e-06
[train] step=8772 loss=0.004472 lr=9.812e-06
[train] step=8773 loss=0.007279 lr=9.812e-06
[train] step=8774 loss=0.005456 lr=9.811e-06
[train] step=8775 loss=0.004508 lr=9.811e-06
[train] step=8776 loss=0.017578 lr=9.811e-06
[train] step=8777 loss=0.012706 lr=9.811e-06
[train] step=8778 loss=0.004759 lr=9.811e-06
[train] step=8779 loss=0.005456 lr=9.811e-06
[train] step=8780 loss=0.006401 lr=9.811e-06
[train] step=8781 loss=0.014989 lr=9.811e-06
[train] step=8782 loss=0.005765 lr=9.811e-06
[train] step=8783 loss=0.007064 lr=9.811e-06
[train] step=8784 loss=0.006349 lr=9.811e-06
[train] step=8785 loss=0.005910 lr=9.811e-06
[train] step=8786 loss=0.004776 lr=9.811e-06
[train] step=8787 loss=0.027809 lr=9.811e-06
[train] step=8788 loss=0.005232 lr=9.811e-06
[train] step=8789 loss=0.007561 lr=9.811e-06
[train] step=8790 loss=0.016513 lr=9.811e-06
[train] step=8791 loss=0.005961 lr=9.811e-06
[train] step=8792 loss=0.006723 lr=9.811e-06
[train] step=8793 loss=0.004912 lr=9.811e-06
[train] step=8794 loss=0.006303 lr=9.811e-06
[train] step=8795 loss=0.011573 lr=9.811e-06
[train] step=8796 loss=0.014418 lr=9.811e-06
[train] step=8797 loss=0.005804 lr=9.810e-06
[train] step=8798 loss=0.006961 lr=9.810e-06
[train] step=8799 loss=0.003625 lr=9.810e-06
[train] step=8800 loss=0.005947 lr=9.810e-06
[train] step=8801 loss=0.013389 lr=9.810e-06
[train] step=8802 loss=0.005619 lr=9.810e-06
[train] step=8803 loss=0.003872 lr=9.810e-06
[train] step=8804 loss=0.003036 lr=9.810e-06
[train] step=8805 loss=0.006973 lr=9.810e-06
[train] step=8806 loss=0.015114 lr=9.810e-06
[train] step=8807 loss=0.012589 lr=9.810e-06
[train] step=8808 loss=0.006218 lr=9.810e-06
[train] step=8809 loss=0.004427 lr=9.810e-06
[train] step=8810 loss=0.008288 lr=9.810e-06
[train] step=8811 loss=0.004868 lr=9.810e-06
[train] step=8812 loss=0.122313 lr=9.810e-06
[train] step=8813 loss=0.004926 lr=9.810e-06
[train] step=8814 loss=0.012090 lr=9.810e-06
[train] step=8815 loss=0.007555 lr=9.810e-06
[train] step=8816 loss=0.013916 lr=9.810e-06
[train] step=8817 loss=0.007060 lr=9.810e-06
[train] step=8818 loss=0.026684 lr=9.810e-06
[train] step=8819 loss=0.003599 lr=9.810e-06
[train] step=8820 loss=0.008822 lr=9.810e-06
[train] step=8821 loss=0.013247 lr=9.809e-06
[train] step=8822 loss=0.020704 lr=9.809e-06
[train] step=8823 loss=0.009850 lr=9.809e-06
[train] step=8824 loss=0.008549 lr=9.809e-06
[train] step=8825 loss=0.019241 lr=9.809e-06
[train] step=8826 loss=0.006268 lr=9.809e-06
[train] step=8827 loss=0.007667 lr=9.809e-06
[train] step=8828 loss=0.004650 lr=9.809e-06
[train] step=8829 loss=0.007624 lr=9.809e-06
[train] step=8830 loss=0.007149 lr=9.809e-06
[train] step=8831 loss=0.005445 lr=9.809e-06
[train] step=8832 loss=0.008375 lr=9.809e-06
[train] step=8833 loss=0.007489 lr=9.809e-06
[train] step=8834 loss=0.005897 lr=9.809e-06
[train] step=8835 loss=0.036705 lr=9.809e-06
[train] step=8836 loss=0.005171 lr=9.809e-06
[train] step=8837 loss=0.024010 lr=9.809e-06
[train] step=8838 loss=0.010540 lr=9.809e-06
[train] step=8839 loss=0.008366 lr=9.809e-06
[train] step=8840 loss=0.011360 lr=9.809e-06
[train] step=8841 loss=0.006510 lr=9.809e-06
[train] step=8842 loss=0.060330 lr=9.809e-06
[train] step=8843 loss=0.012710 lr=9.809e-06
[train] step=8844 loss=0.010519 lr=9.808e-06
[train] step=8845 loss=0.005634 lr=9.808e-06
[train] step=8846 loss=0.009517 lr=9.808e-06
[train] step=8847 loss=0.005312 lr=9.808e-06
[train] step=8848 loss=0.009003 lr=9.808e-06
[train] step=8849 loss=0.042037 lr=9.808e-06
[train] step=8850 loss=0.014524 lr=9.808e-06
[train] step=8851 loss=0.004500 lr=9.808e-06
[train] step=8852 loss=0.008259 lr=9.808e-06
[train] step=8853 loss=0.007782 lr=9.808e-06
[train] step=8854 loss=0.006142 lr=9.808e-06
[train] step=8855 loss=0.031621 lr=9.808e-06
[train] step=8856 loss=0.005787 lr=9.808e-06
[train] step=8857 loss=0.007538 lr=9.808e-06
[train] step=8858 loss=0.005162 lr=9.808e-06
[train] step=8859 loss=0.012894 lr=9.808e-06
[train] step=8860 loss=0.009136 lr=9.808e-06
[train] step=8861 loss=0.021596 lr=9.808e-06
[train] step=8862 loss=0.006889 lr=9.808e-06
[train] step=8863 loss=0.005319 lr=9.808e-06
[train] step=8864 loss=0.006173 lr=9.808e-06
[train] step=8865 loss=0.005851 lr=9.808e-06
[train] step=8866 loss=0.013482 lr=9.808e-06
[train] step=8867 loss=0.011728 lr=9.807e-06
[train] step=8868 loss=0.011905 lr=9.807e-06
[train] step=8869 loss=0.005103 lr=9.807e-06
[train] step=8870 loss=0.007677 lr=9.807e-06
[train] step=8871 loss=0.004643 lr=9.807e-06
[train] step=8872 loss=0.014720 lr=9.807e-06
[train] step=8873 loss=0.004663 lr=9.807e-06
[train] step=8874 loss=0.007827 lr=9.807e-06
[train] step=8875 loss=0.135934 lr=9.807e-06
[train] step=8876 loss=0.050824 lr=9.807e-06
[train] step=8877 loss=0.005037 lr=9.807e-06
[train] step=8878 loss=0.005827 lr=9.807e-06
[train] step=8879 loss=0.009560 lr=9.807e-06
[train] step=8880 loss=0.010254 lr=9.807e-06
[train] step=8881 loss=0.021881 lr=9.807e-06
[train] step=8882 loss=0.019370 lr=9.807e-06
[train] step=8883 loss=0.071897 lr=9.807e-06
[train] step=8884 loss=0.020441 lr=9.807e-06
[train] step=8885 loss=0.006295 lr=9.807e-06
[train] step=8886 loss=0.148602 lr=9.807e-06
[train] step=8887 loss=0.013150 lr=9.807e-06
[train] step=8888 loss=0.018228 lr=9.807e-06
[train] step=8889 loss=0.018230 lr=9.807e-06
[train] step=8890 loss=0.056711 lr=9.806e-06
[train] step=8891 loss=0.008691 lr=9.806e-06
[train] step=8892 loss=0.015058 lr=9.806e-06
[train] step=8893 loss=0.006793 lr=9.806e-06
[train] step=8894 loss=0.009623 lr=9.806e-06
[train] step=8895 loss=0.059788 lr=9.806e-06
[train] step=8896 loss=0.015660 lr=9.806e-06
[train] step=8897 loss=0.051883 lr=9.806e-06
[train] step=8898 loss=0.009667 lr=9.806e-06
[train] step=8899 loss=0.059474 lr=9.806e-06
[train] step=8900 loss=0.046661 lr=9.806e-06
[train] step=8901 loss=0.015809 lr=9.806e-06
[train] step=8902 loss=0.013747 lr=9.806e-06
[train] step=8903 loss=0.015010 lr=9.806e-06
[train] step=8904 loss=0.022727 lr=9.806e-06
[train] step=8905 loss=0.023992 lr=9.806e-06
[train] step=8906 loss=0.011822 lr=9.806e-06
[train] step=8907 loss=0.010953 lr=9.806e-06
[train] step=8908 loss=0.006634 lr=9.806e-06
[train] step=8909 loss=0.011217 lr=9.806e-06
[train] step=8910 loss=0.020518 lr=9.806e-06
[train] step=8911 loss=0.019674 lr=9.806e-06
[train] step=8912 loss=0.007515 lr=9.806e-06
[train] step=8913 loss=0.004816 lr=9.806e-06
[train] step=8914 loss=0.009852 lr=9.805e-06
[train] step=8915 loss=0.058606 lr=9.805e-06
[train] step=8916 loss=0.016782 lr=9.805e-06
[train] step=8917 loss=0.043959 lr=9.805e-06
[train] step=8918 loss=0.014517 lr=9.805e-06
[train] step=8919 loss=0.011433 lr=9.805e-06
[train] step=8920 loss=0.012527 lr=9.805e-06
[train] step=8921 loss=0.012982 lr=9.805e-06
[train] step=8922 loss=0.025181 lr=9.805e-06
[train] step=8923 loss=0.007175 lr=9.805e-06
[train] step=8924 loss=0.015976 lr=9.805e-06
[train] step=8925 loss=0.009278 lr=9.805e-06
[train] step=8926 loss=0.017507 lr=9.805e-06
[train] step=8927 loss=0.033380 lr=9.805e-06
[train] step=8928 loss=0.043215 lr=9.805e-06
[train] step=8929 loss=0.011507 lr=9.805e-06
[train] step=8930 loss=0.021543 lr=9.805e-06
[train] step=8931 loss=0.004934 lr=9.805e-06
[train] step=8932 loss=0.006698 lr=9.805e-06
[train] step=8933 loss=0.020427 lr=9.805e-06
[train] step=8934 loss=0.008445 lr=9.805e-06
[train] step=8935 loss=0.013873 lr=9.805e-06
[train] step=8936 loss=0.012777 lr=9.805e-06
[train] step=8937 loss=0.025982 lr=9.804e-06
[train] step=8938 loss=0.007897 lr=9.804e-06
[train] step=8939 loss=0.032212 lr=9.804e-06
[train] step=8940 loss=0.008562 lr=9.804e-06
[train] step=8941 loss=0.015357 lr=9.804e-06
[train] step=8942 loss=0.006808 lr=9.804e-06
[train] step=8943 loss=0.007536 lr=9.804e-06
[train] step=8944 loss=0.014245 lr=9.804e-06
[train] step=8945 loss=0.028075 lr=9.804e-06
[train] step=8946 loss=0.007749 lr=9.804e-06
[train] step=8947 loss=0.005527 lr=9.804e-06
[train] step=8948 loss=0.007225 lr=9.804e-06
[train] step=8949 loss=0.014050 lr=9.804e-06
[train] step=8950 loss=0.014445 lr=9.804e-06
[train] step=8951 loss=0.008705 lr=9.804e-06
[train] step=8952 loss=0.009500 lr=9.804e-06
[train] step=8953 loss=0.007332 lr=9.804e-06
[train] step=8954 loss=0.004819 lr=9.804e-06
[train] step=8955 loss=0.007592 lr=9.804e-06
[train] step=8956 loss=0.010039 lr=9.804e-06
[train] step=8957 loss=0.013442 lr=9.804e-06
[train] step=8958 loss=0.006227 lr=9.804e-06
[train] step=8959 loss=0.005949 lr=9.804e-06
[train] step=8960 loss=0.005670 lr=9.803e-06
[train] step=8961 loss=0.012265 lr=9.803e-06
[train] step=8962 loss=0.006450 lr=9.803e-06
[train] step=8963 loss=0.013177 lr=9.803e-06
[train] step=8964 loss=0.007528 lr=9.803e-06
[train] step=8965 loss=0.008985 lr=9.803e-06
[train] step=8966 loss=0.007266 lr=9.803e-06
[train] step=8967 loss=0.011534 lr=9.803e-06
[train] step=8968 loss=0.014823 lr=9.803e-06
[train] step=8969 loss=0.006222 lr=9.803e-06
[train] step=8970 loss=0.006287 lr=9.803e-06
[train] step=8971 loss=0.012145 lr=9.803e-06
[train] step=8972 loss=0.107096 lr=9.803e-06
[train] step=8973 loss=0.074832 lr=9.803e-06
[train] step=8974 loss=0.039800 lr=9.803e-06
[train] step=8975 loss=0.004858 lr=9.803e-06
[train] step=8976 loss=0.006976 lr=9.803e-06
[train] step=8977 loss=0.004341 lr=9.803e-06
[train] step=8978 loss=0.006030 lr=9.803e-06
[train] step=8979 loss=0.033061 lr=9.803e-06
[train] step=8980 loss=0.027104 lr=9.803e-06
[train] step=8981 loss=0.035414 lr=9.803e-06
[train] step=8982 loss=0.007574 lr=9.802e-06
[train] step=8983 loss=0.027017 lr=9.802e-06
[train] step=8984 loss=0.010312 lr=9.802e-06
[train] step=8985 loss=0.066991 lr=9.802e-06
[train] step=8986 loss=0.014979 lr=9.802e-06
[train] step=8987 loss=0.040418 lr=9.802e-06
[train] step=8988 loss=0.016310 lr=9.802e-06
[train] step=8989 loss=0.136535 lr=9.802e-06
[train] step=8990 loss=0.010453 lr=9.802e-06
[train] step=8991 loss=0.010136 lr=9.802e-06
[train] step=8992 loss=0.012308 lr=9.802e-06
[train] step=8993 loss=0.006508 lr=9.802e-06
[train] step=8994 loss=0.024200 lr=9.802e-06
[train] step=8995 loss=0.033120 lr=9.802e-06
[train] step=8996 loss=0.036512 lr=9.802e-06
[train] step=8997 loss=0.019581 lr=9.802e-06
[train] step=8998 loss=0.011777 lr=9.802e-06
[train] step=8999 loss=0.015999 lr=9.802e-06
[train] step=9000 loss=0.004659 lr=9.802e-06
INFO     [rank 0] Model weights for step 9000 saved in       dit_trainer.py:1085
         checkpoints/model_weights_step_09000.safetensors                       
INFO     [rank 0] Scalar embedding weights for step 9000     dit_trainer.py:1092
         saved                                                                  
INFO     [rank 0] Training state saved:                      dit_trainer.py:1123
         checkpoints/model_weights_step_09000.state.pt                          
DEBUG    [rank 0] Removed old checkpoint:                    dit_trainer.py:1136
         /local/disk/hramachandran/work/wh_work/windinet/dit                    
         _throughput_sweep_bs2/checkpoints/model_weights_ste                    
         p_08500.safetensors                                                    
DEBUG    [rank 0] Removed old checkpoint:                    dit_trainer.py:1136
         /local/disk/hramachandran/work/wh_work/windinet/dit                    
         _throughput_sweep_bs2/checkpoints/model_weights_ste                    
         p_08500.state.pt                                                       
DEBUG    [rank 0] Removed old checkpoint:                    dit_trainer.py:1136
         /local/disk/hramachandran/work/wh_work/windinet/dit                    
         _throughput_sweep_bs2/checkpoints/scalar_embedding_                    
         step_08500.safetensors                                                 
[epoch 18] step=9000 train_loss=0.015941
[train] step=9001 loss=0.014727 lr=9.802e-06
[train] step=9002 loss=0.027057 lr=9.802e-06
[train] step=9003 loss=0.029931 lr=9.802e-06
[train] step=9004 loss=0.006173 lr=9.802e-06
[train] step=9005 loss=0.013172 lr=9.801e-06
[train] step=9006 loss=0.010576 lr=9.801e-06
[train] step=9007 loss=0.009297 lr=9.801e-06
[train] step=9008 loss=0.008398 lr=9.801e-06
[train] step=9009 loss=0.010916 lr=9.801e-06
[train] step=9010 loss=0.008488 lr=9.801e-06
[train] step=9011 loss=0.020077 lr=9.801e-06
[train] step=9012 loss=0.014108 lr=9.801e-06
[train] step=9013 loss=0.012242 lr=9.801e-06
[train] step=9014 loss=0.026408 lr=9.801e-06
[train] step=9015 loss=0.006244 lr=9.801e-06
[train] step=9016 loss=0.033882 lr=9.801e-06
[train] step=9017 loss=0.008143 lr=9.801e-06
[train] step=9018 loss=0.018160 lr=9.801e-06
[train] step=9019 loss=0.011995 lr=9.801e-06
[train] step=9020 loss=0.007135 lr=9.801e-06
[train] step=9021 loss=0.011335 lr=9.801e-06
[train] step=9022 loss=0.014642 lr=9.801e-06
[train] step=9023 loss=0.006921 lr=9.801e-06
[train] step=9024 loss=0.023929 lr=9.801e-06
[train] step=9025 loss=0.007293 lr=9.801e-06
[train] step=9026 loss=0.004660 lr=9.801e-06
[train] step=9027 loss=0.015488 lr=9.801e-06
[train] step=9028 loss=0.020283 lr=9.800e-06
[train] step=9029 loss=0.016095 lr=9.800e-06
[train] step=9030 loss=0.008231 lr=9.800e-06
[train] step=9031 loss=0.012310 lr=9.800e-06
[train] step=9032 loss=0.017077 lr=9.800e-06
[train] step=9033 loss=0.007188 lr=9.800e-06
[train] step=9034 loss=0.007579 lr=9.800e-06
[train] step=9035 loss=0.025711 lr=9.800e-06
[train] step=9036 loss=0.009976 lr=9.800e-06
[train] step=9037 loss=0.017305 lr=9.800e-06
[train] step=9038 loss=0.008598 lr=9.800e-06
[train] step=9039 loss=0.017894 lr=9.800e-06
[train] step=9040 loss=0.010904 lr=9.800e-06
[train] step=9041 loss=0.006586 lr=9.800e-06
[train] step=9042 loss=0.146023 lr=9.800e-06
[train] step=9043 loss=0.005400 lr=9.800e-06
[train] step=9044 loss=0.005555 lr=9.800e-06
[train] step=9045 loss=0.008764 lr=9.800e-06
[train] step=9046 loss=0.011915 lr=9.800e-06
[train] step=9047 loss=0.005172 lr=9.800e-06
[train] step=9048 loss=0.013353 lr=9.800e-06
[train] step=9049 loss=0.004000 lr=9.800e-06
[train] step=9050 loss=0.008874 lr=9.800e-06
[train] step=9051 loss=0.008694 lr=9.799e-06
[train] step=9052 loss=0.006503 lr=9.799e-06
[train] step=9053 loss=0.007505 lr=9.799e-06
[train] step=9054 loss=0.006058 lr=9.799e-06
[train] step=9055 loss=0.006301 lr=9.799e-06
[train] step=9056 loss=0.008308 lr=9.799e-06
[train] step=9057 loss=0.009234 lr=9.799e-06
[train] step=9058 loss=0.011037 lr=9.799e-06
[train] step=9059 loss=0.007819 lr=9.799e-06
[train] step=9060 loss=0.004715 lr=9.799e-06
[train] step=9061 loss=0.041281 lr=9.799e-06
[train] step=9062 loss=0.033610 lr=9.799e-06
[train] step=9063 loss=0.006147 lr=9.799e-06
[train] step=9064 loss=0.008744 lr=9.799e-06
[train] step=9065 loss=0.008041 lr=9.799e-06
[train] step=9066 loss=0.015185 lr=9.799e-06
[train] step=9067 loss=0.175211 lr=9.799e-06
[train] step=9068 loss=0.048089 lr=9.799e-06
[train] step=9069 loss=0.021535 lr=9.799e-06
[train] step=9070 loss=0.014572 lr=9.799e-06
[train] step=9071 loss=0.025536 lr=9.799e-06
[train] step=9072 loss=0.006910 lr=9.799e-06
[train] step=9073 loss=0.008037 lr=9.799e-06
[train] step=9074 loss=0.007291 lr=9.798e-06
[train] step=9075 loss=0.012733 lr=9.798e-06
[train] step=9076 loss=0.009121 lr=9.798e-06
[train] step=9077 loss=0.021326 lr=9.798e-06
[train] step=9078 loss=0.015934 lr=9.798e-06
[train] step=9079 loss=0.009786 lr=9.798e-06
[train] step=9080 loss=0.313828 lr=9.798e-06
[train] step=9081 loss=0.006467 lr=9.798e-06
[train] step=9082 loss=0.010634 lr=9.798e-06
[train] step=9083 loss=0.007381 lr=9.798e-06
[train] step=9084 loss=0.021184 lr=9.798e-06
[train] step=9085 loss=0.006151 lr=9.798e-06
[train] step=9086 loss=0.066530 lr=9.798e-06
[train] step=9087 loss=0.009073 lr=9.798e-06
[train] step=9088 loss=0.005888 lr=9.798e-06
[train] step=9089 loss=0.010121 lr=9.798e-06
[train] step=9090 loss=0.005300 lr=9.798e-06
[train] step=9091 loss=0.045733 lr=9.798e-06
[train] step=9092 loss=0.011987 lr=9.798e-06
[train] step=9093 loss=0.021152 lr=9.798e-06
[train] step=9094 loss=0.009167 lr=9.798e-06
[train] step=9095 loss=0.009084 lr=9.798e-06
[train] step=9096 loss=0.011002 lr=9.797e-06
[train] step=9097 loss=0.006870 lr=9.797e-06
[train] step=9098 loss=0.010902 lr=9.797e-06
[train] step=9099 loss=0.008762 lr=9.797e-06
[train] step=9100 loss=0.025607 lr=9.797e-06
[train] step=9101 loss=0.017075 lr=9.797e-06
[train] step=9102 loss=0.016195 lr=9.797e-06
[train] step=9103 loss=0.069857 lr=9.797e-06
[train] step=9104 loss=0.007654 lr=9.797e-06
[train] step=9105 loss=0.004755 lr=9.797e-06
[train] step=9106 loss=0.016951 lr=9.797e-06
[train] step=9107 loss=0.008749 lr=9.797e-06
[train] step=9108 loss=0.009769 lr=9.797e-06
[train] step=9109 loss=0.007851 lr=9.797e-06
[train] step=9110 loss=0.008518 lr=9.797e-06
[train] step=9111 loss=0.019324 lr=9.797e-06
[train] step=9112 loss=0.012423 lr=9.797e-06
[train] step=9113 loss=0.013275 lr=9.797e-06
[train] step=9114 loss=0.009905 lr=9.797e-06
[train] step=9115 loss=0.006672 lr=9.797e-06
[train] step=9116 loss=0.008425 lr=9.797e-06
[train] step=9117 loss=0.017983 lr=9.797e-06
[train] step=9118 loss=0.014647 lr=9.797e-06
[train] step=9119 loss=0.012498 lr=9.796e-06
[train] step=9120 loss=0.020535 lr=9.796e-06
[train] step=9121 loss=0.007154 lr=9.796e-06
[train] step=9122 loss=0.006025 lr=9.796e-06
[train] step=9123 loss=0.006229 lr=9.796e-06
[train] step=9124 loss=0.007801 lr=9.796e-06
[train] step=9125 loss=0.006127 lr=9.796e-06
[train] step=9126 loss=0.005916 lr=9.796e-06
[train] step=9127 loss=0.005392 lr=9.796e-06
[train] step=9128 loss=0.033245 lr=9.796e-06
[train] step=9129 loss=0.012836 lr=9.796e-06
[train] step=9130 loss=0.005820 lr=9.796e-06
[train] step=9131 loss=0.018739 lr=9.796e-06
[train] step=9132 loss=0.006503 lr=9.796e-06
[train] step=9133 loss=0.004543 lr=9.796e-06
[train] step=9134 loss=0.012797 lr=9.796e-06
[train] step=9135 loss=0.008303 lr=9.796e-06
[train] step=9136 loss=0.007279 lr=9.796e-06
[train] step=9137 loss=0.008068 lr=9.796e-06
[train] step=9138 loss=0.032334 lr=9.796e-06
[train] step=9139 loss=0.005286 lr=9.796e-06
[train] step=9140 loss=0.014502 lr=9.796e-06
[train] step=9141 loss=0.004949 lr=9.795e-06
[train] step=9142 loss=0.006035 lr=9.795e-06
[train] step=9143 loss=0.007580 lr=9.795e-06
[train] step=9144 loss=0.006151 lr=9.795e-06
[train] step=9145 loss=0.132653 lr=9.795e-06
[train] step=9146 loss=0.006263 lr=9.795e-06
[train] step=9147 loss=0.005180 lr=9.795e-06
[train] step=9148 loss=0.012203 lr=9.795e-06
[train] step=9149 loss=0.015024 lr=9.795e-06
[train] step=9150 loss=0.007236 lr=9.795e-06
[train] step=9151 loss=0.005094 lr=9.795e-06
[train] step=9152 loss=0.006070 lr=9.795e-06
[train] step=9153 loss=0.066106 lr=9.795e-06
[train] step=9154 loss=0.010466 lr=9.795e-06
[train] step=9155 loss=0.018161 lr=9.795e-06
[train] step=9156 loss=0.008608 lr=9.795e-06
[train] step=9157 loss=0.007365 lr=9.795e-06
[train] step=9158 loss=0.019072 lr=9.795e-06
[train] step=9159 loss=0.008181 lr=9.795e-06
[train] step=9160 loss=0.022109 lr=9.795e-06
[train] step=9161 loss=0.005455 lr=9.795e-06
[train] step=9162 loss=0.007652 lr=9.795e-06
[train] step=9163 loss=0.016825 lr=9.795e-06
[train] step=9164 loss=0.013611 lr=9.794e-06
[train] step=9165 loss=0.009278 lr=9.794e-06
[train] step=9166 loss=0.022412 lr=9.794e-06
[train] step=9167 loss=0.007843 lr=9.794e-06
[train] step=9168 loss=0.004959 lr=9.794e-06
[train] step=9169 loss=0.008395 lr=9.794e-06
[train] step=9170 loss=0.020051 lr=9.794e-06
[train] step=9171 loss=0.013592 lr=9.794e-06
[train] step=9172 loss=0.004611 lr=9.794e-06
[train] step=9173 loss=0.187929 lr=9.794e-06
[train] step=9174 loss=0.008226 lr=9.794e-06
[train] step=9175 loss=0.039082 lr=9.794e-06
[train] step=9176 loss=0.012193 lr=9.794e-06
[train] step=9177 loss=0.007498 lr=9.794e-06
[train] step=9178 loss=0.010129 lr=9.794e-06
[train] step=9179 loss=0.005118 lr=9.794e-06
[train] step=9180 loss=0.023943 lr=9.794e-06
[train] step=9181 loss=0.005579 lr=9.794e-06
[train] step=9182 loss=0.010541 lr=9.794e-06
[train] step=9183 loss=0.006763 lr=9.794e-06
[train] step=9184 loss=0.020230 lr=9.794e-06
[train] step=9185 loss=0.009017 lr=9.794e-06
[train] step=9186 loss=0.008834 lr=9.793e-06
[train] step=9187 loss=0.023988 lr=9.793e-06
[train] step=9188 loss=0.014639 lr=9.793e-06
[train] step=9189 loss=0.007849 lr=9.793e-06
[train] step=9190 loss=0.010113 lr=9.793e-06
[train] step=9191 loss=0.045885 lr=9.793e-06
[train] step=9192 loss=0.012982 lr=9.793e-06
[train] step=9193 loss=0.004821 lr=9.793e-06
[train] step=9194 loss=0.006315 lr=9.793e-06
[train] step=9195 loss=0.019656 lr=9.793e-06
[train] step=9196 loss=0.018891 lr=9.793e-06
[train] step=9197 loss=0.009371 lr=9.793e-06
[train] step=9198 loss=0.009949 lr=9.793e-06
[train] step=9199 loss=0.008835 lr=9.793e-06
[train] step=9200 loss=0.015592 lr=9.793e-06
[train] step=9201 loss=0.015369 lr=9.793e-06
[train] step=9202 loss=0.019828 lr=9.793e-06
[train] step=9203 loss=0.006863 lr=9.793e-06
[train] step=9204 loss=0.006989 lr=9.793e-06
[train] step=9205 loss=0.019150 lr=9.793e-06
[train] step=9206 loss=0.006281 lr=9.793e-06
[train] step=9207 loss=0.012879 lr=9.793e-06
[train] step=9208 loss=0.006344 lr=9.793e-06
[train] step=9209 loss=0.005491 lr=9.792e-06
[train] step=9210 loss=0.017418 lr=9.792e-06
[train] step=9211 loss=0.004304 lr=9.792e-06
[train] step=9212 loss=0.119984 lr=9.792e-06
[train] step=9213 loss=0.010141 lr=9.792e-06
[train] step=9214 loss=0.011612 lr=9.792e-06
[train] step=9215 loss=0.014318 lr=9.792e-06
[train] step=9216 loss=0.006522 lr=9.792e-06
[train] step=9217 loss=0.013314 lr=9.792e-06
[train] step=9218 loss=0.006071 lr=9.792e-06
[train] step=9219 loss=0.013743 lr=9.792e-06
[train] step=9220 loss=0.010333 lr=9.792e-06
[train] step=9221 loss=0.004980 lr=9.792e-06
[train] step=9222 loss=0.005323 lr=9.792e-06
[train] step=9223 loss=0.016462 lr=9.792e-06
[train] step=9224 loss=0.139461 lr=9.792e-06
[train] step=9225 loss=0.004666 lr=9.792e-06
[train] step=9226 loss=0.008850 lr=9.792e-06
[train] step=9227 loss=0.026005 lr=9.792e-06
[train] step=9228 loss=0.009890 lr=9.792e-06
[train] step=9229 loss=0.009936 lr=9.792e-06
[train] step=9230 loss=0.008687 lr=9.792e-06
[train] step=9231 loss=0.005577 lr=9.791e-06
[train] step=9232 loss=0.004958 lr=9.791e-06
[train] step=9233 loss=0.004009 lr=9.791e-06
[train] step=9234 loss=0.021115 lr=9.791e-06
[train] step=9235 loss=0.005478 lr=9.791e-06
[train] step=9236 loss=0.011775 lr=9.791e-06
[train] step=9237 loss=0.101368 lr=9.791e-06
[train] step=9238 loss=0.006042 lr=9.791e-06
[train] step=9239 loss=0.018144 lr=9.791e-06
[train] step=9240 loss=0.014760 lr=9.791e-06
[train] step=9241 loss=0.010370 lr=9.791e-06
[train] step=9242 loss=0.007857 lr=9.791e-06
[train] step=9243 loss=0.006138 lr=9.791e-06
[train] step=9244 loss=0.023900 lr=9.791e-06
[train] step=9245 loss=0.004036 lr=9.791e-06
[train] step=9246 loss=0.010812 lr=9.791e-06
[train] step=9247 loss=0.005923 lr=9.791e-06
[train] step=9248 loss=0.004020 lr=9.791e-06
[train] step=9249 loss=0.007678 lr=9.791e-06
[train] step=9250 loss=0.010249 lr=9.791e-06
[train] step=9251 loss=0.006788 lr=9.791e-06
[train] step=9252 loss=0.010758 lr=9.791e-06
[train] step=9253 loss=0.011395 lr=9.790e-06
[train] step=9254 loss=0.004445 lr=9.790e-06
[train] step=9255 loss=0.008006 lr=9.790e-06
[train] step=9256 loss=0.007900 lr=9.790e-06
[train] step=9257 loss=0.037262 lr=9.790e-06
[train] step=9258 loss=0.005930 lr=9.790e-06
[train] step=9259 loss=0.008131 lr=9.790e-06
[train] step=9260 loss=0.004579 lr=9.790e-06
[train] step=9261 loss=0.017534 lr=9.790e-06
[train] step=9262 loss=0.005007 lr=9.790e-06
[train] step=9263 loss=0.008223 lr=9.790e-06
[train] step=9264 loss=0.003831 lr=9.790e-06
[train] step=9265 loss=0.007443 lr=9.790e-06
[train] step=9266 loss=0.005150 lr=9.790e-06
[train] step=9267 loss=0.004662 lr=9.790e-06
[train] step=9268 loss=0.007890 lr=9.790e-06
[train] step=9269 loss=0.007285 lr=9.790e-06
[train] step=9270 loss=0.004906 lr=9.790e-06
[train] step=9271 loss=0.002896 lr=9.790e-06
[train] step=9272 loss=0.003287 lr=9.790e-06
[train] step=9273 loss=0.023880 lr=9.790e-06
[train] step=9274 loss=0.014925 lr=9.790e-06
[train] step=9275 loss=0.005050 lr=9.789e-06
[train] step=9276 loss=0.013536 lr=9.789e-06
[train] step=9277 loss=0.006691 lr=9.789e-06
[train] step=9278 loss=0.016108 lr=9.789e-06
[train] step=9279 loss=0.005149 lr=9.789e-06
[train] step=9280 loss=0.005472 lr=9.789e-06
[train] step=9281 loss=0.017192 lr=9.789e-06
[train] step=9282 loss=0.003467 lr=9.789e-06
[train] step=9283 loss=0.006153 lr=9.789e-06
[train] step=9284 loss=0.005260 lr=9.789e-06
[train] step=9285 loss=0.004434 lr=9.789e-06
[train] step=9286 loss=0.003829 lr=9.789e-06
[train] step=9287 loss=0.004731 lr=9.789e-06
[train] step=9288 loss=0.003021 lr=9.789e-06
[train] step=9289 loss=0.006006 lr=9.789e-06
[train] step=9290 loss=0.008290 lr=9.789e-06
[train] step=9291 loss=0.004188 lr=9.789e-06
[train] step=9292 loss=0.002753 lr=9.789e-06
[train] step=9293 loss=0.004839 lr=9.789e-06
[train] step=9294 loss=0.006613 lr=9.789e-06
[train] step=9295 loss=0.020279 lr=9.789e-06
[train] step=9296 loss=0.005417 lr=9.789e-06
[train] step=9297 loss=0.007056 lr=9.789e-06
[train] step=9298 loss=0.005992 lr=9.788e-06
[train] step=9299 loss=0.020245 lr=9.788e-06
[train] step=9300 loss=0.003773 lr=9.788e-06
[train] step=9301 loss=0.005290 lr=9.788e-06
[train] step=9302 loss=0.005187 lr=9.788e-06
[train] step=9303 loss=0.004544 lr=9.788e-06
[train] step=9304 loss=0.004704 lr=9.788e-06
[train] step=9305 loss=0.009745 lr=9.788e-06
[train] step=9306 loss=0.005366 lr=9.788e-06
[train] step=9307 loss=0.006359 lr=9.788e-06
[train] step=9308 loss=0.004872 lr=9.788e-06
[train] step=9309 loss=0.010734 lr=9.788e-06
[train] step=9310 loss=0.011217 lr=9.788e-06
[train] step=9311 loss=0.006404 lr=9.788e-06
[train] step=9312 loss=0.003414 lr=9.788e-06
[train] step=9313 loss=0.015907 lr=9.788e-06
[train] step=9314 loss=0.004564 lr=9.788e-06
[train] step=9315 loss=0.005981 lr=9.788e-06
[train] step=9316 loss=0.006165 lr=9.788e-06
[train] step=9317 loss=0.007641 lr=9.788e-06
[train] step=9318 loss=0.011649 lr=9.788e-06
[train] step=9319 loss=0.005567 lr=9.788e-06
[train] step=9320 loss=0.014876 lr=9.787e-06
[train] step=9321 loss=0.003141 lr=9.787e-06
[train] step=9322 loss=0.004106 lr=9.787e-06
[train] step=9323 loss=0.005240 lr=9.787e-06
[train] step=9324 loss=0.008993 lr=9.787e-06
[train] step=9325 loss=0.005661 lr=9.787e-06
[train] step=9326 loss=0.004784 lr=9.787e-06
[train] step=9327 loss=0.005180 lr=9.787e-06
[train] step=9328 loss=0.006474 lr=9.787e-06
[train] step=9329 loss=0.003803 lr=9.787e-06
[train] step=9330 loss=0.010092 lr=9.787e-06
[train] step=9331 loss=0.004343 lr=9.787e-06
[train] step=9332 loss=0.003664 lr=9.787e-06
[train] step=9333 loss=0.002933 lr=9.787e-06
[train] step=9334 loss=0.017288 lr=9.787e-06
[train] step=9335 loss=0.005364 lr=9.787e-06
[train] step=9336 loss=0.011532 lr=9.787e-06
[train] step=9337 loss=0.003505 lr=9.787e-06
[train] step=9338 loss=0.006230 lr=9.787e-06
[train] step=9339 loss=0.029641 lr=9.787e-06
[train] step=9340 loss=0.011074 lr=9.787e-06
[train] step=9341 loss=0.004684 lr=9.787e-06
[train] step=9342 loss=0.007600 lr=9.786e-06
[train] step=9343 loss=0.004112 lr=9.786e-06
[train] step=9344 loss=0.003645 lr=9.786e-06
[train] step=9345 loss=0.007542 lr=9.786e-06
[train] step=9346 loss=0.007858 lr=9.786e-06
[train] step=9347 loss=0.003916 lr=9.786e-06
[train] step=9348 loss=0.004382 lr=9.786e-06
[train] step=9349 loss=0.003630 lr=9.786e-06
[train] step=9350 loss=0.061861 lr=9.786e-06
[train] step=9351 loss=0.007058 lr=9.786e-06
[train] step=9352 loss=0.005241 lr=9.786e-06
[train] step=9353 loss=0.024742 lr=9.786e-06
[train] step=9354 loss=0.007459 lr=9.786e-06
[train] step=9355 loss=0.010985 lr=9.786e-06
[train] step=9356 loss=0.025153 lr=9.786e-06
[train] step=9357 loss=0.007542 lr=9.786e-06
[train] step=9358 loss=0.004523 lr=9.786e-06
[train] step=9359 loss=0.005265 lr=9.786e-06
[train] step=9360 loss=0.076329 lr=9.786e-06
[train] step=9361 loss=0.004291 lr=9.786e-06
[train] step=9362 loss=0.005521 lr=9.786e-06
[train] step=9363 loss=0.009851 lr=9.786e-06
[train] step=9364 loss=0.005301 lr=9.785e-06
[train] step=9365 loss=0.005812 lr=9.785e-06
[train] step=9366 loss=0.011356 lr=9.785e-06
[train] step=9367 loss=0.012694 lr=9.785e-06
[train] step=9368 loss=0.006975 lr=9.785e-06
[train] step=9369 loss=0.010565 lr=9.785e-06
[train] step=9370 loss=0.008596 lr=9.785e-06
[train] step=9371 loss=0.031633 lr=9.785e-06
[train] step=9372 loss=0.010394 lr=9.785e-06
[train] step=9373 loss=0.004610 lr=9.785e-06
[train] step=9374 loss=0.006241 lr=9.785e-06
[train] step=9375 loss=0.010279 lr=9.785e-06
[train] step=9376 loss=0.008747 lr=9.785e-06
[train] step=9377 loss=0.004693 lr=9.785e-06
[train] step=9378 loss=0.005189 lr=9.785e-06
[train] step=9379 loss=0.014616 lr=9.785e-06
[train] step=9380 loss=0.043150 lr=9.785e-06
[train] step=9381 loss=0.005864 lr=9.785e-06
[train] step=9382 loss=0.007065 lr=9.785e-06
[train] step=9383 loss=0.006822 lr=9.785e-06
[train] step=9384 loss=0.007416 lr=9.785e-06
[train] step=9385 loss=0.005182 lr=9.785e-06
[train] step=9386 loss=0.006409 lr=9.784e-06
[train] step=9387 loss=0.006866 lr=9.784e-06
[train] step=9388 loss=0.004324 lr=9.784e-06
[train] step=9389 loss=0.006810 lr=9.784e-06
[train] step=9390 loss=0.004386 lr=9.784e-06
[train] step=9391 loss=0.006372 lr=9.784e-06
[train] step=9392 loss=0.038372 lr=9.784e-06
[train] step=9393 loss=0.007833 lr=9.784e-06
[train] step=9394 loss=0.004773 lr=9.784e-06
[train] step=9395 loss=0.008715 lr=9.784e-06
[train] step=9396 loss=0.004212 lr=9.784e-06
[train] step=9397 loss=0.010846 lr=9.784e-06
[train] step=9398 loss=0.004513 lr=9.784e-06
[train] step=9399 loss=0.005783 lr=9.784e-06
[train] step=9400 loss=0.005024 lr=9.784e-06
[train] step=9401 loss=0.013131 lr=9.784e-06
[train] step=9402 loss=0.004984 lr=9.784e-06
[train] step=9403 loss=0.005060 lr=9.784e-06
[train] step=9404 loss=0.020074 lr=9.784e-06
[train] step=9405 loss=0.029397 lr=9.784e-06
[train] step=9406 loss=0.004026 lr=9.784e-06
[train] step=9407 loss=0.005377 lr=9.784e-06
[train] step=9408 loss=0.006371 lr=9.783e-06
[train] step=9409 loss=0.006517 lr=9.783e-06
[train] step=9410 loss=0.008621 lr=9.783e-06
[train] step=9411 loss=0.004782 lr=9.783e-06
[train] step=9412 loss=0.005360 lr=9.783e-06
[train] step=9413 loss=0.027129 lr=9.783e-06
[train] step=9414 loss=0.006068 lr=9.783e-06
[train] step=9415 loss=0.006795 lr=9.783e-06
[train] step=9416 loss=0.007350 lr=9.783e-06
[train] step=9417 loss=0.005769 lr=9.783e-06
[train] step=9418 loss=0.018693 lr=9.783e-06
[train] step=9419 loss=0.008379 lr=9.783e-06
[train] step=9420 loss=0.008842 lr=9.783e-06
[train] step=9421 loss=0.003236 lr=9.783e-06
[train] step=9422 loss=0.005074 lr=9.783e-06
[train] step=9423 loss=0.015928 lr=9.783e-06
[train] step=9424 loss=0.005644 lr=9.783e-06
[train] step=9425 loss=0.004882 lr=9.783e-06
[train] step=9426 loss=0.005019 lr=9.783e-06
[train] step=9427 loss=0.005440 lr=9.783e-06
[train] step=9428 loss=0.003008 lr=9.783e-06
[train] step=9429 loss=0.007451 lr=9.782e-06
[train] step=9430 loss=0.009021 lr=9.782e-06
[train] step=9431 loss=0.004207 lr=9.782e-06
[train] step=9432 loss=0.013920 lr=9.782e-06
[train] step=9433 loss=0.004477 lr=9.782e-06
[train] step=9434 loss=0.015089 lr=9.782e-06
[train] step=9435 loss=0.004486 lr=9.782e-06
[train] step=9436 loss=0.005430 lr=9.782e-06
[train] step=9437 loss=0.003331 lr=9.782e-06
[train] step=9438 loss=0.007679 lr=9.782e-06
[train] step=9439 loss=0.004809 lr=9.782e-06
[train] step=9440 loss=0.010583 lr=9.782e-06
[train] step=9441 loss=0.002839 lr=9.782e-06
[train] step=9442 loss=0.009203 lr=9.782e-06
[train] step=9443 loss=0.006716 lr=9.782e-06
[train] step=9444 loss=0.015159 lr=9.782e-06
[train] step=9445 loss=0.003782 lr=9.782e-06
[train] step=9446 loss=0.003269 lr=9.782e-06
[train] step=9447 loss=0.006564 lr=9.782e-06
[train] step=9448 loss=0.003807 lr=9.782e-06
[train] step=9449 loss=0.011311 lr=9.782e-06
[train] step=9450 loss=0.005582 lr=9.782e-06
[train] step=9451 loss=0.003071 lr=9.781e-06
[train] step=9452 loss=0.004475 lr=9.781e-06
[train] step=9453 loss=0.006556 lr=9.781e-06
[train] step=9454 loss=0.005017 lr=9.781e-06
[train] step=9455 loss=0.004990 lr=9.781e-06
[train] step=9456 loss=0.005025 lr=9.781e-06
[train] step=9457 loss=0.004111 lr=9.781e-06
[train] step=9458 loss=0.004554 lr=9.781e-06
[train] step=9459 loss=0.013366 lr=9.781e-06
[train] step=9460 loss=0.019062 lr=9.781e-06
[train] step=9461 loss=0.003163 lr=9.781e-06
[train] step=9462 loss=0.011580 lr=9.781e-06
[train] step=9463 loss=0.026153 lr=9.781e-06
[train] step=9464 loss=0.003154 lr=9.781e-06
[train] step=9465 loss=0.007545 lr=9.781e-06
[train] step=9466 loss=0.010567 lr=9.781e-06
[train] step=9467 loss=0.004693 lr=9.781e-06
[train] step=9468 loss=0.005664 lr=9.781e-06
[train] step=9469 loss=0.005093 lr=9.781e-06
[train] step=9470 loss=0.003843 lr=9.781e-06
[train] step=9471 loss=0.005201 lr=9.781e-06
[train] step=9472 loss=0.006183 lr=9.781e-06
[train] step=9473 loss=0.010313 lr=9.780e-06
[train] step=9474 loss=0.013446 lr=9.780e-06
[train] step=9475 loss=0.003480 lr=9.780e-06
[train] step=9476 loss=0.006218 lr=9.780e-06
[train] step=9477 loss=0.007984 lr=9.780e-06
[train] step=9478 loss=0.004800 lr=9.780e-06
[train] step=9479 loss=0.006002 lr=9.780e-06
[train] step=9480 loss=0.003685 lr=9.780e-06
[train] step=9481 loss=0.006138 lr=9.780e-06
[train] step=9482 loss=0.005898 lr=9.780e-06
[train] step=9483 loss=0.003469 lr=9.780e-06
[train] step=9484 loss=0.003606 lr=9.780e-06
[train] step=9485 loss=0.005884 lr=9.780e-06
[train] step=9486 loss=0.008200 lr=9.780e-06
[train] step=9487 loss=0.005434 lr=9.780e-06
[train] step=9488 loss=0.008412 lr=9.780e-06
[train] step=9489 loss=0.013753 lr=9.780e-06
[train] step=9490 loss=0.004679 lr=9.780e-06
[train] step=9491 loss=0.008844 lr=9.780e-06
slurmstepd: error: *** JOB 22514 ON localhost CANCELLED AT 2026-08-30T12:15:29 DUE TO TIME LIMIT ***
permission denied while trying to connect to the Docker daemon socket at unix:///var/run/docker.sock: Get "http://%2Fvar%2Frun%2Fdocker.sock/v1.24/containers/json?filters=%7B%22label%22%3A%7B%22slurm_job_id%3D22514%22%3Atrue%7D%7D": dial unix /var/run/docker.sock: connect: permission denied
