Directory where err and out file are logged: /dss/dsshome1/09/ge26qux3/work_wh/windinet
PREPROCESSED_NAME: finetune_vae_whole_structure_baseline_ep30_256res
BASE_CONFIG: configs/shockwavenet_lrz_ai_baseline.yaml
MASTER_ADDR: lrz-hgx-h100-003
MASTER_PORT: 33393
SLURM_GPUS_PER_NODE: 2
Job started at: Fri Aug 28 05:46:09 PM CEST 2026
preprocessed_data_root=/mnt/result/dit_preprocessed/finetune_vae_whole_structure_baseline_ep30_256res output_dir=/mnt/result/shockwave_dit_baseline
                             Training Configuration                             
┏━━━━━━━━━━━━━━━━━━━━━━━━━━━━━━━━━━━━━━┳━━━━━━━━━━━━━━━━━━━━━━━━━━━━━━━━━━━━━━━┓
┃ Parameter                            ┃ Value                                 ┃
┡━━━━━━━━━━━━━━━━━━━━━━━━━━━━━━━━━━━━━━╇━━━━━━━━━━━━━━━━━━━━━━━━━━━━━━━━━━━━━━━┩
│ model.model_source                   │ LTXV_2B_0.9.6_DEV                     │
│ model.load_checkpoint                │ None                                  │
│ conditioning.first_frame_conditioni… │ 1.0                                   │
│ scalar_conditioning.enabled          │ True                                  │
│ scalar_conditioning.scalar_names     │ gamma                                 │
│ scalar_conditioning.scalar_ranges    │ {'gamma': (1.0, 2.0)}                 │
│ scalar_conditioning.embedding_dim    │ 4096                                  │
│ scalar_conditioning.num_tokens_per_… │ 4                                     │
│ scalar_conditioning.fourier_features │ 64                                    │
│ scalar_conditioning.mlp_hidden_dim   │ 256                                   │
│ scalar_conditioning.dropout          │ 0.1                                   │
│ optimization.learning_rate           │ 1e-05                                 │
│ optimization.steps                   │ 10000                                 │
│ optimization.batch_size              │ 1                                     │
│ optimization.gradient_accumulation_… │ 16                                    │
│ optimization.max_grad_norm           │ 1.0                                   │
│ optimization.optimizer_type          │ adamw                                 │
│ optimization.scheduler_type          │ cosine                                │
│ optimization.scheduler_params        │ {'eta_min': 1e-08}                    │
│ optimization.enable_gradient_checkp… │ True                                  │
│ acceleration.mixed_precision_mode    │ bf16                                  │
│ acceleration.compile_with_inductor   │ False                                 │
│ acceleration.compilation_mode        │ reduce-overhead                       │
│ data.preprocessed_data_root          │ /mnt/result/dit_preprocessed/finetun… │
│ data.num_dataloader_workers          │ 4                                     │
│ validation.data_root                 │ /mnt/result/dit_preprocessed/finetun… │
│ validation.interval                  │ 600                                   │
│ validation.max_samples               │ 0                                     │
│ checkpoints.interval                 │ 120                                   │
│ checkpoints.keep_last_n              │ 5                                     │
│ checkpoints.save_best_only           │ False                                 │
│ checkpoints.best_metric              │ val_total_loss                        │
│ checkpoints.save_last_state          │ True                                  │
│ checkpoints.save_epochs              │                                       │
│ flow_matching.timestep_sampling_mode │ shifted_logit_normal                  │
│ flow_matching.timestep_sampling_par… │ {}                                    │
│ wandb.enabled                        │ False                                 │
│ wandb.project                        │ shockwavenet                          │
│ wandb.entity                         │ None                                  │
│ wandb.tags                           │ cfd, full, 2b, scalar-only, lrz_ai,   │
│                                      │ 256res, baseline                      │
│ seed                                 │ 42                                    │
│ output_dir                           │ /mnt/result/shockwave_dit_baseline    │
│ resume_weights_only                  │ False                                 │
└──────────────────────────────────────┴───────────────────────────────────────┘
INFO     [rank 0] Distributed training enabled with 2        dit_trainer.py:1161
         processes                                                              
INFO     [rank 0] Global batch size: 32                      dit_trainer.py:1167
INFO     [rank 1] HTTP Request: HEAD                             _client.py:1025
         https://huggingface.co/Lightricks/LTX-Video-0.9.5/resol                
         ve/main/vae/config.json "HTTP/1.1 307 Temporary                        
         Redirect"                                                              
INFO     [rank 1] HTTP Request: HEAD                             _client.py:1025
         https://huggingface.co/api/resolve-cache/models/Lightri                
         cks/LTX-Video-0.9.5/e58e28c39631af4d1468ee57a853764e11c                
         1d37e/vae%2Fconfig.json "HTTP/1.1 200 OK"                              
INFO     [rank 0] HTTP Request: HEAD                             _client.py:1025
         https://huggingface.co/Lightricks/LTX-Video-0.9.5/resol                
         ve/main/vae/config.json "HTTP/1.1 307 Temporary                        
         Redirect"                                                              
WARNING  [rank 0] Warning: You are sending unauthenticated requests _http.py:951
         to the HF Hub. Please set a HF_TOKEN to enable higher rate             
         limits and faster downloads.                                           
INFO     [rank 0] HTTP Request: HEAD                             _client.py:1025
         https://huggingface.co/api/resolve-cache/models/Lightri                
         cks/LTX-Video-0.9.5/e58e28c39631af4d1468ee57a853764e11c                
         1d37e/vae%2Fconfig.json "HTTP/1.1 200 OK"                              
INFO     [rank 1] HTTP Request: HEAD                             _client.py:1025
         https://huggingface.co/Lightricks/LTX-Video-0.9.5/resol                
         ve/e58e28c39631af4d1468ee57a853764e11c1d37e/vae/diffusi                
         on_pytorch_model.safetensors.index.json "HTTP/1.1 404                  
         Not Found"                                                             
WARNING  [rank 1] Warning: You are sending unauthenticated requests _http.py:951
         to the HF Hub. Please set a HF_TOKEN to enable higher rate             
         limits and faster downloads.                                           
INFO     [rank 0] HTTP Request: HEAD                             _client.py:1025
         https://huggingface.co/Lightricks/LTX-Video-0.9.5/resol                
         ve/e58e28c39631af4d1468ee57a853764e11c1d37e/vae/diffusi                
         on_pytorch_model.safetensors.index.json "HTTP/1.1 404                  
         Not Found"                                                             
INFO     [rank 1] HTTP Request: HEAD                             _client.py:1025
         https://huggingface.co/Lightricks/LTX-Video-0.9.7-dev/r                
         esolve/main/scheduler/scheduler_config.json "HTTP/1.1                  
         307 Temporary Redirect"                                                
INFO     [rank 1] HTTP Request: HEAD                             _client.py:1025
         https://huggingface.co/api/resolve-cache/models/Lightri                
         cks/LTX-Video-0.9.7-dev/2101082f5eb5540770a2df43747fead                
         b6f69b889/scheduler%2Fscheduler_config.json "HTTP/1.1                  
         200 OK"                                                                
INFO     [rank 0] HTTP Request: HEAD                             _client.py:1025
         https://huggingface.co/Lightricks/LTX-Video-0.9.7-dev/r                
         esolve/main/scheduler/scheduler_config.json "HTTP/1.1                  
         307 Temporary Redirect"                                                
INFO     [rank 0] HTTP Request: HEAD                             _client.py:1025
         https://huggingface.co/api/resolve-cache/models/Lightri                
         cks/LTX-Video-0.9.7-dev/2101082f5eb5540770a2df43747fead                
         b6f69b889/scheduler%2Fscheduler_config.json "HTTP/1.1                  
         200 OK"                                                                
INFO     [rank 1] HTTP Request: HEAD                             _client.py:1025
         https://huggingface.co/Lightricks/LTX-Video/resolve/mai                
         n/ltxv-2b-0.9.6-dev-04-25.safetensors "HTTP/1.1 302                    
         Found"                                                                 
INFO     [rank 0] HTTP Request: HEAD                             _client.py:1025
         https://huggingface.co/Lightricks/LTX-Video/resolve/mai                
         n/ltxv-2b-0.9.6-dev-04-25.safetensors "HTTP/1.1 302                    
         Found"                                                                 
INFO     [rank 0] HTTP Request: HEAD                             _client.py:1025
         https://huggingface.co/Lightricks/LTX-Video-0.9.5/resol                
         ve/main/transformer/config.json "HTTP/1.1 307 Temporary                
         Redirect"                                                              
INFO     [rank 1] HTTP Request: HEAD                             _client.py:1025
         https://huggingface.co/Lightricks/LTX-Video-0.9.5/resol                
         ve/main/transformer/config.json "HTTP/1.1 307 Temporary                
         Redirect"                                                              
INFO     [rank 0] HTTP Request: HEAD                             _client.py:1025
         https://huggingface.co/api/resolve-cache/models/Lightri                
         cks/LTX-Video-0.9.5/e58e28c39631af4d1468ee57a853764e11c                
         1d37e/transformer%2Fconfig.json "HTTP/1.1 200 OK"                      
INFO     [rank 1] HTTP Request: HEAD                             _client.py:1025
         https://huggingface.co/api/resolve-cache/models/Lightri                
         cks/LTX-Video-0.9.5/e58e28c39631af4d1468ee57a853764e11c                
         1d37e/transformer%2Fconfig.json "HTTP/1.1 200 OK"                      
INFO     [rank 0] Initializing scalar embeddings for:         dit_trainer.py:695
         ['gamma']                                                              
DEBUG    [rank 0] Scalar embedding params: 4,310,528          dit_trainer.py:718
DEBUG    [rank 0] Total trainable params count: 1,927,696,000 dit_trainer.py:722
DEBUG    [rank 0] Process 0 using seed: 42                    dit_trainer.py:309
DEBUG    [rank 0] Loaded dataset with 3,825 samples from      dit_trainer.py:917
         sources: ['latents', 'scalars']                                        
INFO     [rank 0] Validation split: 675 samples from         dit_trainer.py:1000
         /mnt/result/dit_preprocessed/finetune_vae_whole_str                    
         ucture_baseline_ep30_256res/val                                        
INFO     [rank 0] Training configuration saved to:           dit_trainer.py:1153
         training_config.yaml                                                   
INFO     [rank 0] Training on latents from VAE                dit_trainer.py:961
         /mnt/result/finetune_vae_whole_structure_baseline_ep                   
         30_256res/checkpoints/vae_shockwave_best.safetensors                   
          (fingerprint 72216f0948349fe1); recorded in                           
         latent_provenance.json                                                 
INFO     [rank 0] Starting training...                        dit_trainer.py:328
[train] step=1 loss=0.911523 lr=1.000e-05
[train] step=2 loss=0.481532 lr=1.000e-05
[train] step=3 loss=0.333382 lr=1.000e-05
[train] step=4 loss=0.555975 lr=1.000e-05
[train] step=5 loss=0.469032 lr=1.000e-05
[train] step=6 loss=0.893964 lr=1.000e-05
[train] step=7 loss=0.912755 lr=1.000e-05
[train] step=8 loss=0.582293 lr=1.000e-05
[train] step=9 loss=0.640934 lr=1.000e-05
[train] step=10 loss=1.040449 lr=1.000e-05
[train] step=11 loss=0.773633 lr=1.000e-05
[train] step=12 loss=0.864583 lr=1.000e-05
[train] step=13 loss=0.186296 lr=1.000e-05
[train] step=14 loss=0.251907 lr=1.000e-05
[train] step=15 loss=0.657856 lr=1.000e-05
[train] step=16 loss=1.038576 lr=1.000e-05
[train] step=17 loss=0.702216 lr=1.000e-05
[train] step=18 loss=0.479706 lr=1.000e-05
[train] step=19 loss=0.261318 lr=1.000e-05
[train] step=20 loss=0.474634 lr=1.000e-05
[train] step=21 loss=0.491374 lr=1.000e-05
[train] step=22 loss=0.971193 lr=1.000e-05
[train] step=23 loss=0.507114 lr=1.000e-05
[train] step=24 loss=0.082576 lr=1.000e-05
[train] step=25 loss=0.058442 lr=1.000e-05
[train] step=26 loss=0.536546 lr=1.000e-05
[train] step=27 loss=0.456725 lr=1.000e-05
[train] step=28 loss=0.356298 lr=1.000e-05
[train] step=29 loss=0.919995 lr=1.000e-05
[train] step=30 loss=0.253034 lr=1.000e-05
[train] step=31 loss=0.641787 lr=1.000e-05
[train] step=32 loss=0.668362 lr=1.000e-05
[train] step=33 loss=0.769117 lr=1.000e-05
[train] step=34 loss=0.506281 lr=1.000e-05
[train] step=35 loss=0.642719 lr=1.000e-05
[train] step=36 loss=0.600998 lr=1.000e-05
[train] step=37 loss=0.332024 lr=1.000e-05
[train] step=38 loss=0.220222 lr=1.000e-05
[train] step=39 loss=0.682579 lr=1.000e-05
[train] step=40 loss=0.469072 lr=1.000e-05
[train] step=41 loss=0.279464 lr=1.000e-05
[train] step=42 loss=0.869677 lr=1.000e-05
[train] step=43 loss=0.330244 lr=1.000e-05
[train] step=44 loss=0.226816 lr=1.000e-05
[train] step=45 loss=0.780245 lr=1.000e-05
[train] step=46 loss=0.769777 lr=1.000e-05
[train] step=47 loss=0.087845 lr=9.999e-06
[train] step=48 loss=0.679289 lr=9.999e-06
[train] step=49 loss=0.342155 lr=9.999e-06
[train] step=50 loss=0.361340 lr=9.999e-06
[train] step=51 loss=0.680971 lr=9.999e-06
[train] step=52 loss=0.327401 lr=9.999e-06
[train] step=53 loss=0.321982 lr=9.999e-06
[train] step=54 loss=0.468119 lr=9.999e-06
[train] step=55 loss=0.711900 lr=9.999e-06
[train] step=56 loss=1.245270 lr=9.999e-06
[train] step=57 loss=0.193474 lr=9.999e-06
[train] step=58 loss=0.264570 lr=9.999e-06
[train] step=59 loss=0.522706 lr=9.999e-06
[train] step=60 loss=0.445256 lr=9.999e-06
[train] step=61 loss=1.396511 lr=9.999e-06
[train] step=62 loss=0.388252 lr=9.999e-06
[train] step=63 loss=0.574423 lr=9.999e-06
[train] step=64 loss=0.122555 lr=9.999e-06
[train] step=65 loss=1.062047 lr=9.999e-06
[train] step=66 loss=0.291315 lr=9.999e-06
[train] step=67 loss=0.483973 lr=9.999e-06
[train] step=68 loss=0.730749 lr=9.999e-06
[train] step=69 loss=0.516449 lr=9.999e-06
[train] step=70 loss=0.323764 lr=9.999e-06
[train] step=71 loss=0.266256 lr=9.999e-06
[train] step=72 loss=0.492703 lr=9.999e-06
[train] step=73 loss=0.539921 lr=9.999e-06
[train] step=74 loss=0.147707 lr=9.999e-06
[train] step=75 loss=0.148880 lr=9.999e-06
[train] step=76 loss=0.789848 lr=9.999e-06
[train] step=77 loss=0.310696 lr=9.999e-06
[train] step=78 loss=0.723440 lr=9.999e-06
[train] step=79 loss=0.744666 lr=9.999e-06
[train] step=80 loss=0.451882 lr=9.998e-06
[train] step=81 loss=0.287104 lr=9.998e-06
[train] step=82 loss=0.242811 lr=9.998e-06
[train] step=83 loss=0.302198 lr=9.998e-06
[train] step=84 loss=0.303390 lr=9.998e-06
[train] step=85 loss=0.587471 lr=9.998e-06
[train] step=86 loss=0.760571 lr=9.998e-06
[train] step=87 loss=0.441419 lr=9.998e-06
[train] step=88 loss=0.647869 lr=9.998e-06
[train] step=89 loss=0.476192 lr=9.998e-06
[train] step=90 loss=0.551943 lr=9.998e-06
[train] step=91 loss=0.862387 lr=9.998e-06
[train] step=92 loss=0.263487 lr=9.998e-06
[train] step=93 loss=0.451657 lr=9.998e-06
[train] step=94 loss=0.150769 lr=9.998e-06
[train] step=95 loss=0.283001 lr=9.998e-06
[train] step=96 loss=0.450172 lr=9.998e-06
[train] step=97 loss=0.363838 lr=9.998e-06
[train] step=98 loss=0.736695 lr=9.998e-06
[train] step=99 loss=0.243375 lr=9.998e-06
[train] step=100 loss=0.488463 lr=9.998e-06
[train] step=101 loss=0.178758 lr=9.998e-06
[train] step=102 loss=0.626001 lr=9.997e-06
[train] step=103 loss=0.315184 lr=9.997e-06
[train] step=104 loss=0.472368 lr=9.997e-06
[train] step=105 loss=0.434290 lr=9.997e-06
[train] step=106 loss=0.161491 lr=9.997e-06
[train] step=107 loss=0.494703 lr=9.997e-06
[train] step=108 loss=0.513069 lr=9.997e-06
[train] step=109 loss=0.140676 lr=9.997e-06
[train] step=110 loss=0.161112 lr=9.997e-06
[train] step=111 loss=0.675340 lr=9.997e-06
[train] step=112 loss=0.372207 lr=9.997e-06
[train] step=113 loss=0.479149 lr=9.997e-06
[train] step=114 loss=0.824093 lr=9.997e-06
[train] step=115 loss=0.383938 lr=9.997e-06
[train] step=116 loss=0.221260 lr=9.997e-06
[train] step=117 loss=0.530479 lr=9.997e-06
[train] step=118 loss=0.449690 lr=9.997e-06
[train] step=119 loss=0.764377 lr=9.997e-06
[train] step=120 loss=0.264545 lr=9.997e-06
INFO     [rank 0] Model weights for step 120 saved in        dit_trainer.py:1085
         checkpoints/model_weights_step_00120.safetensors                       
INFO     [rank 0] Scalar embedding weights for step 120      dit_trainer.py:1092
         saved                                                                  
INFO     [rank 0] Training state saved:                      dit_trainer.py:1123
         checkpoints/model_weights_step_00120.state.pt                          
[epoch 1] step=120 train_loss=0.505769
[train] step=121 loss=0.411169 lr=9.996e-06
[train] step=122 loss=0.345303 lr=9.996e-06
[train] step=123 loss=0.599414 lr=9.996e-06
[train] step=124 loss=0.392960 lr=9.996e-06
[train] step=125 loss=0.362094 lr=9.996e-06
[train] step=126 loss=0.418221 lr=9.996e-06
[train] step=127 loss=0.193838 lr=9.996e-06
[train] step=128 loss=0.627640 lr=9.996e-06
[train] step=129 loss=0.597692 lr=9.996e-06
[train] step=130 loss=0.359451 lr=9.996e-06
[train] step=131 loss=0.254937 lr=9.996e-06
[train] step=132 loss=0.990453 lr=9.996e-06
[train] step=133 loss=0.367340 lr=9.996e-06
[train] step=134 loss=0.406006 lr=9.996e-06
[train] step=135 loss=0.143280 lr=9.996e-06
[train] step=136 loss=0.421863 lr=9.996e-06
[train] step=137 loss=0.416083 lr=9.995e-06
[train] step=138 loss=0.234444 lr=9.995e-06
[train] step=139 loss=0.561532 lr=9.995e-06
[train] step=140 loss=0.466614 lr=9.995e-06
[train] step=141 loss=0.193998 lr=9.995e-06
[train] step=142 loss=0.477564 lr=9.995e-06
[train] step=143 loss=0.437217 lr=9.995e-06
[train] step=144 loss=0.553992 lr=9.995e-06
[train] step=145 loss=0.779754 lr=9.995e-06
[train] step=146 loss=0.679669 lr=9.995e-06
[train] step=147 loss=0.381436 lr=9.995e-06
[train] step=148 loss=0.419796 lr=9.995e-06
[train] step=149 loss=0.642018 lr=9.995e-06
[train] step=150 loss=0.285298 lr=9.995e-06
[train] step=151 loss=0.510117 lr=9.994e-06
[train] step=152 loss=0.152981 lr=9.994e-06
[train] step=153 loss=0.407563 lr=9.994e-06
[train] step=154 loss=0.237586 lr=9.994e-06
[train] step=155 loss=0.642337 lr=9.994e-06
[train] step=156 loss=0.329408 lr=9.994e-06
[train] step=157 loss=0.700684 lr=9.994e-06
[train] step=158 loss=0.390768 lr=9.994e-06
[train] step=159 loss=0.677143 lr=9.994e-06
[train] step=160 loss=0.466016 lr=9.994e-06
[train] step=161 loss=0.379007 lr=9.994e-06
[train] step=162 loss=0.201380 lr=9.994e-06
[train] step=163 loss=0.218404 lr=9.994e-06
[train] step=164 loss=0.645004 lr=9.993e-06
[train] step=165 loss=0.303253 lr=9.993e-06
[train] step=166 loss=0.741942 lr=9.993e-06
[train] step=167 loss=0.354062 lr=9.993e-06
[train] step=168 loss=0.474847 lr=9.993e-06
[train] step=169 loss=0.313137 lr=9.993e-06
[train] step=170 loss=0.317064 lr=9.993e-06
[train] step=171 loss=0.182927 lr=9.993e-06
[train] step=172 loss=0.548171 lr=9.993e-06
[train] step=173 loss=0.286936 lr=9.993e-06
[train] step=174 loss=0.238942 lr=9.993e-06
[train] step=175 loss=0.577293 lr=9.993e-06
[train] step=176 loss=0.190208 lr=9.992e-06
[train] step=177 loss=0.169451 lr=9.992e-06
[train] step=178 loss=0.341955 lr=9.992e-06
[train] step=179 loss=0.210852 lr=9.992e-06
[train] step=180 loss=0.493109 lr=9.992e-06
[train] step=181 loss=0.307730 lr=9.992e-06
[train] step=182 loss=0.413889 lr=9.992e-06
[train] step=183 loss=0.847487 lr=9.992e-06
[train] step=184 loss=0.437399 lr=9.992e-06
[train] step=185 loss=0.614443 lr=9.992e-06
[train] step=186 loss=0.223673 lr=9.992e-06
[train] step=187 loss=0.791342 lr=9.991e-06
[train] step=188 loss=0.418479 lr=9.991e-06
[train] step=189 loss=0.100473 lr=9.991e-06
[train] step=190 loss=0.488698 lr=9.991e-06
[train] step=191 loss=0.897359 lr=9.991e-06
[train] step=192 loss=0.523787 lr=9.991e-06
[train] step=193 loss=0.644443 lr=9.991e-06
[train] step=194 loss=0.238697 lr=9.991e-06
[train] step=195 loss=0.261998 lr=9.991e-06
[train] step=196 loss=0.268070 lr=9.991e-06
[train] step=197 loss=0.317836 lr=9.991e-06
[train] step=198 loss=0.683868 lr=9.990e-06
[train] step=199 loss=0.147499 lr=9.990e-06
[train] step=200 loss=0.119299 lr=9.990e-06
[train] step=201 loss=0.150956 lr=9.990e-06
[train] step=202 loss=0.294980 lr=9.990e-06
[train] step=203 loss=0.451746 lr=9.990e-06
[train] step=204 loss=0.276846 lr=9.990e-06
[train] step=205 loss=0.350888 lr=9.990e-06
[train] step=206 loss=1.076434 lr=9.990e-06
[train] step=207 loss=0.635187 lr=9.990e-06
[train] step=208 loss=0.371232 lr=9.989e-06
[train] step=209 loss=0.307185 lr=9.989e-06
[train] step=210 loss=0.390138 lr=9.989e-06
[train] step=211 loss=0.189860 lr=9.989e-06
[train] step=212 loss=0.409785 lr=9.989e-06
[train] step=213 loss=0.171694 lr=9.989e-06
[train] step=214 loss=0.552156 lr=9.989e-06
[train] step=215 loss=0.290774 lr=9.989e-06
[train] step=216 loss=0.093439 lr=9.989e-06
[train] step=217 loss=0.461622 lr=9.989e-06
[train] step=218 loss=0.210755 lr=9.988e-06
[train] step=219 loss=0.453047 lr=9.988e-06
[train] step=220 loss=0.282939 lr=9.988e-06
[train] step=221 loss=0.265008 lr=9.988e-06
[train] step=222 loss=0.245178 lr=9.988e-06
[train] step=223 loss=0.298394 lr=9.988e-06
[train] step=224 loss=0.189015 lr=9.988e-06
[train] step=225 loss=0.299857 lr=9.988e-06
[train] step=226 loss=0.393057 lr=9.988e-06
[train] step=227 loss=0.230564 lr=9.987e-06
[train] step=228 loss=0.251153 lr=9.987e-06
[train] step=229 loss=0.338916 lr=9.987e-06
[train] step=230 loss=0.353986 lr=9.987e-06
[train] step=231 loss=0.575036 lr=9.987e-06
[train] step=232 loss=0.262141 lr=9.987e-06
[train] step=233 loss=0.635555 lr=9.987e-06
[train] step=234 loss=0.639773 lr=9.987e-06
[train] step=235 loss=0.438096 lr=9.987e-06
[train] step=236 loss=0.481751 lr=9.986e-06
[train] step=237 loss=0.384856 lr=9.986e-06
[train] step=238 loss=0.356151 lr=9.986e-06
[train] step=239 loss=0.251201 lr=9.986e-06
[train] step=240 loss=0.620171 lr=9.986e-06
INFO     [rank 0] Model weights for step 240 saved in        dit_trainer.py:1085
         checkpoints/model_weights_step_00240.safetensors                       
INFO     [rank 0] Scalar embedding weights for step 240      dit_trainer.py:1092
         saved                                                                  
INFO     [rank 0] Training state saved:                      dit_trainer.py:1123
         checkpoints/model_weights_step_00240.state.pt                          
[epoch 2] step=240 train_loss=0.403717
[train] step=241 loss=0.142307 lr=9.986e-06
[train] step=242 loss=0.280752 lr=9.986e-06
[train] step=243 loss=0.424431 lr=9.986e-06
[train] step=244 loss=0.150910 lr=9.985e-06
[train] step=245 loss=0.399175 lr=9.985e-06
[train] step=246 loss=0.185449 lr=9.985e-06
[train] step=247 loss=0.232942 lr=9.985e-06
[train] step=248 loss=0.289553 lr=9.985e-06
[train] step=249 loss=0.424542 lr=9.985e-06
[train] step=250 loss=0.141471 lr=9.985e-06
[train] step=251 loss=0.182722 lr=9.985e-06
[train] step=252 loss=0.396721 lr=9.984e-06
[train] step=253 loss=0.309907 lr=9.984e-06
[train] step=254 loss=0.834437 lr=9.984e-06
[train] step=255 loss=0.603375 lr=9.984e-06
[train] step=256 loss=0.764826 lr=9.984e-06
[train] step=257 loss=0.534594 lr=9.984e-06
[train] step=258 loss=0.713131 lr=9.984e-06
[train] step=259 loss=0.376227 lr=9.984e-06
[train] step=260 loss=0.480861 lr=9.983e-06
[train] step=261 loss=0.478980 lr=9.983e-06
[train] step=262 loss=0.287129 lr=9.983e-06
[train] step=263 loss=0.361335 lr=9.983e-06
[train] step=264 loss=0.218681 lr=9.983e-06
[train] step=265 loss=0.532071 lr=9.983e-06
[train] step=266 loss=0.310851 lr=9.983e-06
[train] step=267 loss=0.175535 lr=9.983e-06
[train] step=268 loss=0.455314 lr=9.982e-06
[train] step=269 loss=0.352810 lr=9.982e-06
[train] step=270 loss=0.485443 lr=9.982e-06
[train] step=271 loss=0.442378 lr=9.982e-06
[train] step=272 loss=0.474788 lr=9.982e-06
[train] step=273 loss=0.586091 lr=9.982e-06
[train] step=274 loss=0.594899 lr=9.982e-06
[train] step=275 loss=0.235570 lr=9.982e-06
[train] step=276 loss=0.141815 lr=9.981e-06
[train] step=277 loss=0.950073 lr=9.981e-06
[train] step=278 loss=0.777476 lr=9.981e-06
[train] step=279 loss=0.639644 lr=9.981e-06
[train] step=280 loss=0.054155 lr=9.981e-06
[train] step=281 loss=0.650037 lr=9.981e-06
[train] step=282 loss=0.506798 lr=9.981e-06
[train] step=283 loss=0.120099 lr=9.980e-06
[train] step=284 loss=0.332450 lr=9.980e-06
[train] step=285 loss=0.215264 lr=9.980e-06
[train] step=286 loss=0.560030 lr=9.980e-06
[train] step=287 loss=0.062946 lr=9.980e-06
[train] step=288 loss=1.189967 lr=9.980e-06
[train] step=289 loss=0.158286 lr=9.980e-06
[train] step=290 loss=0.369460 lr=9.979e-06
[train] step=291 loss=0.109258 lr=9.979e-06
[train] step=292 loss=0.464561 lr=9.979e-06
[train] step=293 loss=0.446600 lr=9.979e-06
[train] step=294 loss=0.482558 lr=9.979e-06
[train] step=295 loss=0.220966 lr=9.979e-06
[train] step=296 loss=0.204543 lr=9.979e-06
[train] step=297 loss=0.603315 lr=9.978e-06
[train] step=298 loss=0.323347 lr=9.978e-06
[train] step=299 loss=0.145182 lr=9.978e-06
[train] step=300 loss=0.106657 lr=9.978e-06
[train] step=301 loss=0.134525 lr=9.978e-06
[train] step=302 loss=0.196014 lr=9.978e-06
[train] step=303 loss=0.548999 lr=9.978e-06
[train] step=304 loss=0.307359 lr=9.977e-06
[train] step=305 loss=0.663200 lr=9.977e-06
[train] step=306 loss=0.480004 lr=9.977e-06
[train] step=307 loss=0.337133 lr=9.977e-06
[train] step=308 loss=0.456089 lr=9.977e-06
[train] step=309 loss=0.619148 lr=9.977e-06
[train] step=310 loss=0.695873 lr=9.976e-06
[train] step=311 loss=0.499712 lr=9.976e-06
[train] step=312 loss=0.442061 lr=9.976e-06
[train] step=313 loss=0.472931 lr=9.976e-06
[train] step=314 loss=0.393730 lr=9.976e-06
[train] step=315 loss=0.273024 lr=9.976e-06
[train] step=316 loss=0.370961 lr=9.976e-06
[train] step=317 loss=0.756794 lr=9.975e-06
[train] step=318 loss=0.194578 lr=9.975e-06
[train] step=319 loss=0.176071 lr=9.975e-06
[train] step=320 loss=0.178816 lr=9.975e-06
[train] step=321 loss=0.731017 lr=9.975e-06
[train] step=322 loss=0.549161 lr=9.975e-06
[train] step=323 loss=0.149271 lr=9.974e-06
[train] step=324 loss=0.374992 lr=9.974e-06
[train] step=325 loss=0.593453 lr=9.974e-06
[train] step=326 loss=0.370500 lr=9.974e-06
[train] step=327 loss=0.582667 lr=9.974e-06
[train] step=328 loss=0.223597 lr=9.974e-06
[train] step=329 loss=0.364578 lr=9.974e-06
[train] step=330 loss=0.244307 lr=9.973e-06
[train] step=331 loss=0.693335 lr=9.973e-06
[train] step=332 loss=0.360752 lr=9.973e-06
[train] step=333 loss=0.370735 lr=9.973e-06
[train] step=334 loss=0.476716 lr=9.973e-06
[train] step=335 loss=0.695530 lr=9.973e-06
[train] step=336 loss=0.925350 lr=9.972e-06
[train] step=337 loss=0.325327 lr=9.972e-06
[train] step=338 loss=0.174324 lr=9.972e-06
[train] step=339 loss=0.540482 lr=9.972e-06
[train] step=340 loss=0.292068 lr=9.972e-06
[train] step=341 loss=0.179620 lr=9.972e-06
[train] step=342 loss=0.536513 lr=9.971e-06
[train] step=343 loss=0.068885 lr=9.971e-06
[train] step=344 loss=0.501097 lr=9.971e-06
[train] step=345 loss=0.295158 lr=9.971e-06
[train] step=346 loss=0.214451 lr=9.971e-06
[train] step=347 loss=0.184347 lr=9.971e-06
[train] step=348 loss=0.342449 lr=9.970e-06
[train] step=349 loss=0.208513 lr=9.970e-06
[train] step=350 loss=0.228845 lr=9.970e-06
[train] step=351 loss=0.355006 lr=9.970e-06
[train] step=352 loss=0.310707 lr=9.970e-06
[train] step=353 loss=0.414848 lr=9.969e-06
[train] step=354 loss=0.724969 lr=9.969e-06
[train] step=355 loss=0.477643 lr=9.969e-06
[train] step=356 loss=0.170554 lr=9.969e-06
[train] step=357 loss=0.139738 lr=9.969e-06
[train] step=358 loss=0.233093 lr=9.969e-06
[train] step=359 loss=0.516829 lr=9.968e-06
[train] step=360 loss=0.273623 lr=9.968e-06
INFO     [rank 0] Model weights for step 360 saved in        dit_trainer.py:1085
         checkpoints/model_weights_step_00360.safetensors                       
INFO     [rank 0] Scalar embedding weights for step 360      dit_trainer.py:1092
         saved                                                                  
INFO     [rank 0] Training state saved:                      dit_trainer.py:1123
         checkpoints/model_weights_step_00360.state.pt                          
[epoch 3] step=360 train_loss=0.397119
[train] step=361 loss=0.549167 lr=9.968e-06
[train] step=362 loss=0.316733 lr=9.968e-06
[train] step=363 loss=0.337261 lr=9.968e-06
[train] step=364 loss=0.528481 lr=9.968e-06
[train] step=365 loss=0.320171 lr=9.967e-06
[train] step=366 loss=0.102953 lr=9.967e-06
[train] step=367 loss=0.173295 lr=9.967e-06
[train] step=368 loss=0.345421 lr=9.967e-06
[train] step=369 loss=0.443770 lr=9.967e-06
[train] step=370 loss=0.545885 lr=9.966e-06
[train] step=371 loss=0.657316 lr=9.966e-06
[train] step=372 loss=0.569013 lr=9.966e-06
[train] step=373 loss=0.182973 lr=9.966e-06
[train] step=374 loss=0.640079 lr=9.966e-06
[train] step=375 loss=0.122459 lr=9.966e-06
[train] step=376 loss=0.400848 lr=9.965e-06
[train] step=377 loss=0.478810 lr=9.965e-06
[train] step=378 loss=0.610452 lr=9.965e-06
[train] step=379 loss=0.516903 lr=9.965e-06
[train] step=380 loss=0.365323 lr=9.965e-06
[train] step=381 loss=0.242009 lr=9.964e-06
[train] step=382 loss=0.540214 lr=9.964e-06
[train] step=383 loss=0.653559 lr=9.964e-06
[train] step=384 loss=0.303074 lr=9.964e-06
[train] step=385 loss=0.403563 lr=9.964e-06
[train] step=386 loss=0.782665 lr=9.964e-06
[train] step=387 loss=0.285973 lr=9.963e-06
[train] step=388 loss=0.327207 lr=9.963e-06
[train] step=389 loss=0.307042 lr=9.963e-06
[train] step=390 loss=0.365598 lr=9.963e-06
[train] step=391 loss=0.493700 lr=9.963e-06
[train] step=392 loss=0.302808 lr=9.962e-06
[train] step=393 loss=0.264548 lr=9.962e-06
[train] step=394 loss=0.467412 lr=9.962e-06
[train] step=395 loss=0.388617 lr=9.962e-06
[train] step=396 loss=0.232858 lr=9.962e-06
[train] step=397 loss=0.419875 lr=9.961e-06
[train] step=398 loss=0.165081 lr=9.961e-06
[train] step=399 loss=0.635394 lr=9.961e-06
[train] step=400 loss=0.443144 lr=9.961e-06
[train] step=401 loss=0.189104 lr=9.961e-06
[train] step=402 loss=0.159515 lr=9.960e-06
[train] step=403 loss=0.690060 lr=9.960e-06
[train] step=404 loss=0.512099 lr=9.960e-06
[train] step=405 loss=0.346205 lr=9.960e-06
[train] step=406 loss=0.419662 lr=9.960e-06
[train] step=407 loss=0.546892 lr=9.959e-06
[train] step=408 loss=0.410360 lr=9.959e-06
[train] step=409 loss=0.483134 lr=9.959e-06
[train] step=410 loss=0.124939 lr=9.959e-06
[train] step=411 loss=0.285009 lr=9.959e-06
[train] step=412 loss=0.844977 lr=9.958e-06
[train] step=413 loss=0.476636 lr=9.958e-06
[train] step=414 loss=0.640393 lr=9.958e-06
[train] step=415 loss=0.528462 lr=9.958e-06
[train] step=416 loss=0.368993 lr=9.958e-06
[train] step=417 loss=0.353710 lr=9.957e-06
[train] step=418 loss=0.315283 lr=9.957e-06
[train] step=419 loss=0.336530 lr=9.957e-06
[train] step=420 loss=0.141553 lr=9.957e-06
[train] step=421 loss=0.310396 lr=9.957e-06
[train] step=422 loss=0.204968 lr=9.956e-06
[train] step=423 loss=0.432864 lr=9.956e-06
[train] step=424 loss=0.446914 lr=9.956e-06
[train] step=425 loss=0.278304 lr=9.956e-06
[train] step=426 loss=0.317741 lr=9.956e-06
[train] step=427 loss=0.119872 lr=9.955e-06
[train] step=428 loss=0.295967 lr=9.955e-06
[train] step=429 loss=0.521427 lr=9.955e-06
[train] step=430 loss=0.401542 lr=9.955e-06
[train] step=431 loss=0.690277 lr=9.954e-06
[train] step=432 loss=0.331151 lr=9.954e-06
[train] step=433 loss=0.525482 lr=9.954e-06
[train] step=434 loss=0.310114 lr=9.954e-06
[train] step=435 loss=0.569313 lr=9.954e-06
[train] step=436 loss=0.174414 lr=9.953e-06
[train] step=437 loss=0.257325 lr=9.953e-06
[train] step=438 loss=0.357659 lr=9.953e-06
[train] step=439 loss=0.223707 lr=9.953e-06
[train] step=440 loss=0.437392 lr=9.953e-06
[train] step=441 loss=0.326223 lr=9.952e-06
[train] step=442 loss=0.285246 lr=9.952e-06
[train] step=443 loss=0.486639 lr=9.952e-06
[train] step=444 loss=0.300334 lr=9.952e-06
[train] step=445 loss=0.335371 lr=9.951e-06
[train] step=446 loss=0.489552 lr=9.951e-06
[train] step=447 loss=0.053173 lr=9.951e-06
[train] step=448 loss=0.229194 lr=9.951e-06
[train] step=449 loss=1.036845 lr=9.951e-06
[train] step=450 loss=0.498997 lr=9.950e-06
[train] step=451 loss=0.189100 lr=9.950e-06
[train] step=452 loss=0.441991 lr=9.950e-06
[train] step=453 loss=0.249320 lr=9.950e-06
[train] step=454 loss=0.320824 lr=9.950e-06
[train] step=455 loss=0.245699 lr=9.949e-06
[train] step=456 loss=0.359188 lr=9.949e-06
[train] step=457 loss=0.184576 lr=9.949e-06
[train] step=458 loss=1.026468 lr=9.949e-06
[train] step=459 loss=0.379132 lr=9.948e-06
[train] step=460 loss=0.518693 lr=9.948e-06
[train] step=461 loss=0.358280 lr=9.948e-06
[train] step=462 loss=0.275114 lr=9.948e-06
[train] step=463 loss=0.778604 lr=9.947e-06
[train] step=464 loss=0.442860 lr=9.947e-06
[train] step=465 loss=0.303338 lr=9.947e-06
[train] step=466 loss=0.344164 lr=9.947e-06
[train] step=467 loss=0.155565 lr=9.947e-06
[train] step=468 loss=0.357349 lr=9.946e-06
[train] step=469 loss=0.229356 lr=9.946e-06
[train] step=470 loss=0.335445 lr=9.946e-06
[train] step=471 loss=0.245521 lr=9.946e-06
[train] step=472 loss=0.671314 lr=9.945e-06
[train] step=473 loss=0.479510 lr=9.945e-06
[train] step=474 loss=0.409901 lr=9.945e-06
[train] step=475 loss=0.189491 lr=9.945e-06
[train] step=476 loss=0.706539 lr=9.944e-06
[train] step=477 loss=0.115459 lr=9.944e-06
[train] step=478 loss=0.481537 lr=9.944e-06
[train] step=479 loss=0.121649 lr=9.944e-06
[train] step=480 loss=0.282164 lr=9.944e-06
INFO     [rank 0] Model weights for step 480 saved in        dit_trainer.py:1085
         checkpoints/model_weights_step_00480.safetensors                       
INFO     [rank 0] Scalar embedding weights for step 480      dit_trainer.py:1092
         saved                                                                  
INFO     [rank 0] Training state saved:                      dit_trainer.py:1123
         checkpoints/model_weights_step_00480.state.pt                          
[epoch 4] step=480 train_loss=0.390360
[train] step=481 loss=0.446481 lr=9.943e-06
[train] step=482 loss=0.531632 lr=9.943e-06
[train] step=483 loss=0.314988 lr=9.943e-06
[train] step=484 loss=0.428888 lr=9.943e-06
[train] step=485 loss=0.311956 lr=9.942e-06
[train] step=486 loss=0.251343 lr=9.942e-06
[train] step=487 loss=0.154929 lr=9.942e-06
[train] step=488 loss=0.443625 lr=9.942e-06
[train] step=489 loss=0.639612 lr=9.941e-06
[train] step=490 loss=0.282986 lr=9.941e-06
[train] step=491 loss=0.223215 lr=9.941e-06
[train] step=492 loss=0.361510 lr=9.941e-06
[train] step=493 loss=0.144498 lr=9.940e-06
[train] step=494 loss=0.370156 lr=9.940e-06
[train] step=495 loss=0.380329 lr=9.940e-06
[train] step=496 loss=0.198177 lr=9.940e-06
[train] step=497 loss=0.600823 lr=9.939e-06
[train] step=498 loss=0.312930 lr=9.939e-06
[train] step=499 loss=0.226358 lr=9.939e-06
[train] step=500 loss=0.509026 lr=9.939e-06
[train] step=501 loss=0.693333 lr=9.939e-06
[train] step=502 loss=0.443698 lr=9.938e-06
[train] step=503 loss=0.113984 lr=9.938e-06
[train] step=504 loss=0.436537 lr=9.938e-06
[train] step=505 loss=0.343391 lr=9.938e-06
[train] step=506 loss=0.402188 lr=9.937e-06
[train] step=507 loss=0.197416 lr=9.937e-06
[train] step=508 loss=0.336265 lr=9.937e-06
[train] step=509 loss=0.416363 lr=9.937e-06
[train] step=510 loss=0.333088 lr=9.936e-06
[train] step=511 loss=0.432999 lr=9.936e-06
[train] step=512 loss=0.159946 lr=9.936e-06
[train] step=513 loss=0.108292 lr=9.936e-06
[train] step=514 loss=0.761169 lr=9.935e-06
[train] step=515 loss=0.638108 lr=9.935e-06
[train] step=516 loss=0.431419 lr=9.935e-06
[train] step=517 loss=0.421407 lr=9.935e-06
[train] step=518 loss=0.504978 lr=9.934e-06
[train] step=519 loss=0.340771 lr=9.934e-06
[train] step=520 loss=0.434397 lr=9.934e-06
[train] step=521 loss=0.442572 lr=9.933e-06
[train] step=522 loss=0.311505 lr=9.933e-06
[train] step=523 loss=0.210736 lr=9.933e-06
[train] step=524 loss=0.143230 lr=9.933e-06
[train] step=525 loss=0.341557 lr=9.932e-06
[train] step=526 loss=0.212254 lr=9.932e-06
[train] step=527 loss=0.228347 lr=9.932e-06
[train] step=528 loss=0.277161 lr=9.932e-06
[train] step=529 loss=0.401518 lr=9.931e-06
[train] step=530 loss=0.144241 lr=9.931e-06
[train] step=531 loss=0.216938 lr=9.931e-06
[train] step=532 loss=0.480981 lr=9.931e-06
[train] step=533 loss=0.236626 lr=9.930e-06
[train] step=534 loss=0.281851 lr=9.930e-06
[train] step=535 loss=0.400486 lr=9.930e-06
[train] step=536 loss=0.648944 lr=9.930e-06
[train] step=537 loss=0.414271 lr=9.929e-06
[train] step=538 loss=0.384451 lr=9.929e-06
[train] step=539 loss=0.144548 lr=9.929e-06
[train] step=540 loss=0.466703 lr=9.929e-06
[train] step=541 loss=0.357461 lr=9.928e-06
[train] step=542 loss=0.490127 lr=9.928e-06
[train] step=543 loss=0.492827 lr=9.928e-06
[train] step=544 loss=0.319491 lr=9.927e-06
[train] step=545 loss=0.423353 lr=9.927e-06
[train] step=546 loss=0.378133 lr=9.927e-06
[train] step=547 loss=0.145222 lr=9.927e-06
[train] step=548 loss=0.747304 lr=9.926e-06
[train] step=549 loss=0.206164 lr=9.926e-06
[train] step=550 loss=0.612845 lr=9.926e-06
[train] step=551 loss=0.387009 lr=9.926e-06
[train] step=552 loss=0.323566 lr=9.925e-06
[train] step=553 loss=0.581238 lr=9.925e-06
[train] step=554 loss=0.160044 lr=9.925e-06
[train] step=555 loss=1.055528 lr=9.925e-06
[train] step=556 loss=0.533308 lr=9.924e-06
[train] step=557 loss=0.335477 lr=9.924e-06
[train] step=558 loss=0.346373 lr=9.924e-06
[train] step=559 loss=0.192429 lr=9.923e-06
[train] step=560 loss=0.442446 lr=9.923e-06
[train] step=561 loss=0.287769 lr=9.923e-06
[train] step=562 loss=0.171284 lr=9.923e-06
[train] step=563 loss=0.360535 lr=9.922e-06
[train] step=564 loss=0.633883 lr=9.922e-06
[train] step=565 loss=0.269091 lr=9.922e-06
[train] step=566 loss=0.575880 lr=9.922e-06
[train] step=567 loss=0.391888 lr=9.921e-06
[train] step=568 loss=0.501287 lr=9.921e-06
[train] step=569 loss=0.280360 lr=9.921e-06
[train] step=570 loss=0.597936 lr=9.920e-06
[train] step=571 loss=0.390451 lr=9.920e-06
[train] step=572 loss=0.322015 lr=9.920e-06
[train] step=573 loss=0.225988 lr=9.920e-06
[train] step=574 loss=0.432579 lr=9.919e-06
[train] step=575 loss=0.412839 lr=9.919e-06
[train] step=576 loss=0.552145 lr=9.919e-06
[train] step=577 loss=0.250830 lr=9.918e-06
[train] step=578 loss=0.180481 lr=9.918e-06
[train] step=579 loss=0.413877 lr=9.918e-06
[train] step=580 loss=0.304806 lr=9.918e-06
[train] step=581 loss=0.429972 lr=9.917e-06
[train] step=582 loss=0.491822 lr=9.917e-06
[train] step=583 loss=0.836399 lr=9.917e-06
[train] step=584 loss=0.207390 lr=9.916e-06
[train] step=585 loss=0.466163 lr=9.916e-06
[train] step=586 loss=0.295972 lr=9.916e-06
[train] step=587 loss=0.670511 lr=9.916e-06
[train] step=588 loss=0.124780 lr=9.915e-06
[train] step=589 loss=0.256581 lr=9.915e-06
[train] step=590 loss=0.366698 lr=9.915e-06
[train] step=591 loss=0.469149 lr=9.914e-06
[train] step=592 loss=0.213146 lr=9.914e-06
[train] step=593 loss=0.471748 lr=9.914e-06
[train] step=594 loss=0.271267 lr=9.914e-06
[train] step=595 loss=0.503463 lr=9.913e-06
[train] step=596 loss=0.183647 lr=9.913e-06
[train] step=597 loss=0.433290 lr=9.913e-06
[train] step=598 loss=0.513046 lr=9.912e-06
[train] step=599 loss=0.563372 lr=9.912e-06
[train] step=600 loss=0.140505 lr=9.912e-06
[val] step=600 val_loss=0.363662
INFO     [rank 0] Model weights for step 600 saved in        dit_trainer.py:1085
         checkpoints/model_weights_step_00600.safetensors                       
INFO     [rank 0] Scalar embedding weights for step 600      dit_trainer.py:1092
         saved                                                                  
INFO     [rank 0] Training state saved:                      dit_trainer.py:1123
         checkpoints/model_weights_step_00600.state.pt                          
[epoch 5] step=600 train_loss=0.380075 val_loss=0.363662
[train] step=601 loss=0.155847 lr=9.912e-06
[train] step=602 loss=0.269590 lr=9.911e-06
[train] step=603 loss=0.407047 lr=9.911e-06
[train] step=604 loss=0.298500 lr=9.911e-06
[train] step=605 loss=0.431784 lr=9.910e-06
[train] step=606 loss=0.432489 lr=9.910e-06
[train] step=607 loss=0.258522 lr=9.910e-06
[train] step=608 loss=0.097386 lr=9.909e-06
[train] step=609 loss=0.412350 lr=9.909e-06
[train] step=610 loss=0.718177 lr=9.909e-06
[train] step=611 loss=0.204679 lr=9.909e-06
[train] step=612 loss=0.286448 lr=9.908e-06
[train] step=613 loss=0.561619 lr=9.908e-06
[train] step=614 loss=0.249640 lr=9.908e-06
[train] step=615 loss=0.069265 lr=9.907e-06
[train] step=616 loss=0.320989 lr=9.907e-06
[train] step=617 loss=0.400058 lr=9.907e-06
[train] step=618 loss=0.258766 lr=9.906e-06
[train] step=619 loss=0.164201 lr=9.906e-06
[train] step=620 loss=0.163806 lr=9.906e-06
[train] step=621 loss=0.352546 lr=9.906e-06
[train] step=622 loss=0.161571 lr=9.905e-06
[train] step=623 loss=0.370543 lr=9.905e-06
[train] step=624 loss=0.613506 lr=9.905e-06
[train] step=625 loss=0.185963 lr=9.904e-06
[train] step=626 loss=0.097031 lr=9.904e-06
[train] step=627 loss=0.417817 lr=9.904e-06
[train] step=628 loss=0.359643 lr=9.903e-06
[train] step=629 loss=0.145706 lr=9.903e-06
[train] step=630 loss=0.360901 lr=9.903e-06
[train] step=631 loss=0.337264 lr=9.902e-06
[train] step=632 loss=0.241046 lr=9.902e-06
[train] step=633 loss=0.370500 lr=9.902e-06
[train] step=634 loss=0.095440 lr=9.902e-06
[train] step=635 loss=0.206535 lr=9.901e-06
[train] step=636 loss=0.358692 lr=9.901e-06
[train] step=637 loss=0.381632 lr=9.901e-06
[train] step=638 loss=0.676332 lr=9.900e-06
[train] step=639 loss=0.232937 lr=9.900e-06
[train] step=640 loss=0.523244 lr=9.900e-06
[train] step=641 loss=0.498224 lr=9.899e-06
[train] step=642 loss=0.274174 lr=9.899e-06
[train] step=643 loss=0.313096 lr=9.899e-06
[train] step=644 loss=0.351928 lr=9.898e-06
[train] step=645 loss=0.731617 lr=9.898e-06
[train] step=646 loss=0.608941 lr=9.898e-06
[train] step=647 loss=0.583608 lr=9.897e-06
[train] step=648 loss=0.056711 lr=9.897e-06
[train] step=649 loss=0.101161 lr=9.897e-06
[train] step=650 loss=0.115771 lr=9.897e-06
[train] step=651 loss=0.422367 lr=9.896e-06
[train] step=652 loss=0.364956 lr=9.896e-06
[train] step=653 loss=0.382332 lr=9.896e-06
[train] step=654 loss=0.548185 lr=9.895e-06
[train] step=655 loss=0.297038 lr=9.895e-06
[train] step=656 loss=0.195065 lr=9.895e-06
[train] step=657 loss=0.161650 lr=9.894e-06
[train] step=658 loss=0.260759 lr=9.894e-06
[train] step=659 loss=0.080287 lr=9.894e-06
[train] step=660 loss=0.233017 lr=9.893e-06
[train] step=661 loss=0.052709 lr=9.893e-06
[train] step=662 loss=0.751065 lr=9.893e-06
[train] step=663 loss=0.188587 lr=9.892e-06
[train] step=664 loss=0.124692 lr=9.892e-06
[train] step=665 loss=0.160766 lr=9.892e-06
[train] step=666 loss=0.198310 lr=9.891e-06
[train] step=667 loss=0.520556 lr=9.891e-06
[train] step=668 loss=0.257057 lr=9.891e-06
[train] step=669 loss=0.343726 lr=9.890e-06
[train] step=670 loss=0.204162 lr=9.890e-06
[train] step=671 loss=0.375281 lr=9.890e-06
[train] step=672 loss=0.591792 lr=9.889e-06
[train] step=673 loss=0.234690 lr=9.889e-06
[train] step=674 loss=0.248946 lr=9.889e-06
[train] step=675 loss=0.416434 lr=9.888e-06
[train] step=676 loss=0.447776 lr=9.888e-06
[train] step=677 loss=0.082453 lr=9.888e-06
[train] step=678 loss=0.240269 lr=9.887e-06
[train] step=679 loss=0.426198 lr=9.887e-06
[train] step=680 loss=0.191667 lr=9.887e-06
[train] step=681 loss=0.316500 lr=9.886e-06
[train] step=682 loss=0.355995 lr=9.886e-06
[train] step=683 loss=0.300114 lr=9.886e-06
[train] step=684 loss=0.417219 lr=9.885e-06
[train] step=685 loss=0.327495 lr=9.885e-06
[train] step=686 loss=0.718559 lr=9.885e-06
[train] step=687 loss=0.398166 lr=9.884e-06
[train] step=688 loss=0.309470 lr=9.884e-06
[train] step=689 loss=0.622457 lr=9.884e-06
[train] step=690 loss=0.374990 lr=9.883e-06
[train] step=691 loss=0.359484 lr=9.883e-06
[train] step=692 loss=0.818086 lr=9.883e-06
[train] step=693 loss=0.330803 lr=9.882e-06
[train] step=694 loss=0.112313 lr=9.882e-06
[train] step=695 loss=0.720546 lr=9.882e-06
[train] step=696 loss=0.164575 lr=9.881e-06
[train] step=697 loss=0.464646 lr=9.881e-06
[train] step=698 loss=0.415731 lr=9.881e-06
[train] step=699 loss=0.211570 lr=9.880e-06
[train] step=700 loss=0.211953 lr=9.880e-06
[train] step=701 loss=0.207360 lr=9.880e-06
[train] step=702 loss=0.322002 lr=9.879e-06
[train] step=703 loss=0.342497 lr=9.879e-06
[train] step=704 loss=0.368601 lr=9.879e-06
[train] step=705 loss=0.202848 lr=9.878e-06
[train] step=706 loss=0.293932 lr=9.878e-06
[train] step=707 loss=0.519501 lr=9.878e-06
[train] step=708 loss=0.146058 lr=9.877e-06
[train] step=709 loss=0.361009 lr=9.877e-06
[train] step=710 loss=0.373988 lr=9.877e-06
[train] step=711 loss=0.477641 lr=9.876e-06
[train] step=712 loss=0.554616 lr=9.876e-06
[train] step=713 loss=0.537206 lr=9.876e-06
[train] step=714 loss=0.585916 lr=9.875e-06
[train] step=715 loss=0.394622 lr=9.875e-06
[train] step=716 loss=0.232610 lr=9.875e-06
[train] step=717 loss=0.538670 lr=9.874e-06
[train] step=718 loss=1.122401 lr=9.874e-06
[train] step=719 loss=0.415139 lr=9.873e-06
[train] step=720 loss=0.151330 lr=9.873e-06
INFO     [rank 0] Model weights for step 720 saved in        dit_trainer.py:1085
         checkpoints/model_weights_step_00720.safetensors                       
INFO     [rank 0] Scalar embedding weights for step 720      dit_trainer.py:1092
         saved                                                                  
INFO     [rank 0] Training state saved:                      dit_trainer.py:1123
         checkpoints/model_weights_step_00720.state.pt                          
DEBUG    [rank 0] Removed old checkpoint:                    dit_trainer.py:1132
         /mnt/result/shockwave_dit_baseline/checkpoints/mode                    
         l_weights_step_00120.safetensors                                       
DEBUG    [rank 0] Removed old checkpoint:                    dit_trainer.py:1132
         /mnt/result/shockwave_dit_baseline/checkpoints/mode                    
         l_weights_step_00120.state.pt                                          
[epoch 6] step=720 train_loss=0.344799
[train] step=721 loss=0.586982 lr=9.873e-06
[train] step=722 loss=0.404099 lr=9.872e-06
[train] step=723 loss=0.307355 lr=9.872e-06
[train] step=724 loss=0.250224 lr=9.872e-06
[train] step=725 loss=0.380362 lr=9.871e-06
[train] step=726 loss=0.379564 lr=9.871e-06
[train] step=727 loss=0.438614 lr=9.871e-06
[train] step=728 loss=0.194218 lr=9.870e-06
[train] step=729 loss=0.341869 lr=9.870e-06
[train] step=730 loss=0.139706 lr=9.870e-06
[train] step=731 loss=0.172910 lr=9.869e-06
[train] step=732 loss=0.348001 lr=9.869e-06
[train] step=733 loss=0.197194 lr=9.869e-06
[train] step=734 loss=0.319458 lr=9.868e-06
[train] step=735 loss=0.100255 lr=9.868e-06
[train] step=736 loss=0.501245 lr=9.867e-06
[train] step=737 loss=0.323841 lr=9.867e-06
[train] step=738 loss=0.301557 lr=9.867e-06
[train] step=739 loss=0.397347 lr=9.866e-06
[train] step=740 loss=0.157687 lr=9.866e-06
[train] step=741 loss=0.224267 lr=9.866e-06
[train] step=742 loss=0.489108 lr=9.865e-06
[train] step=743 loss=0.176464 lr=9.865e-06
[train] step=744 loss=0.146629 lr=9.865e-06
[train] step=745 loss=0.358736 lr=9.864e-06
[train] step=746 loss=0.535944 lr=9.864e-06
[train] step=747 loss=0.536455 lr=9.863e-06
[train] step=748 loss=0.268676 lr=9.863e-06
[train] step=749 loss=0.318917 lr=9.863e-06
[train] step=750 loss=0.358514 lr=9.862e-06
[train] step=751 loss=0.237386 lr=9.862e-06
[train] step=752 loss=0.064046 lr=9.862e-06
[train] step=753 loss=0.303913 lr=9.861e-06
[train] step=754 loss=0.761462 lr=9.861e-06
[train] step=755 loss=0.452060 lr=9.861e-06
[train] step=756 loss=0.454353 lr=9.860e-06
[train] step=757 loss=0.472220 lr=9.860e-06
[train] step=758 loss=0.191440 lr=9.859e-06
[train] step=759 loss=0.374500 lr=9.859e-06
[train] step=760 loss=0.308712 lr=9.859e-06
[train] step=761 loss=0.313722 lr=9.858e-06
[train] step=762 loss=0.106761 lr=9.858e-06
[train] step=763 loss=0.417131 lr=9.858e-06
[train] step=764 loss=0.326107 lr=9.857e-06
[train] step=765 loss=0.445896 lr=9.857e-06
[train] step=766 loss=0.495628 lr=9.856e-06
[train] step=767 loss=0.669936 lr=9.856e-06
[train] step=768 loss=0.123139 lr=9.856e-06
[train] step=769 loss=0.269582 lr=9.855e-06
[train] step=770 loss=0.337053 lr=9.855e-06
[train] step=771 loss=0.434458 lr=9.855e-06
[train] step=772 loss=0.369085 lr=9.854e-06
[train] step=773 loss=0.385450 lr=9.854e-06
[train] step=774 loss=0.386258 lr=9.853e-06
[train] step=775 loss=0.557822 lr=9.853e-06
[train] step=776 loss=0.137473 lr=9.853e-06
[train] step=777 loss=0.510874 lr=9.852e-06
[train] step=778 loss=0.906100 lr=9.852e-06
[train] step=779 loss=0.795891 lr=9.852e-06
[train] step=780 loss=0.241126 lr=9.851e-06
[train] step=781 loss=0.169994 lr=9.851e-06
[train] step=782 loss=0.489097 lr=9.850e-06
[train] step=783 loss=0.383674 lr=9.850e-06
[train] step=784 loss=0.560859 lr=9.850e-06
[train] step=785 loss=0.418339 lr=9.849e-06
[train] step=786 loss=0.230418 lr=9.849e-06
[train] step=787 loss=0.462290 lr=9.848e-06
[train] step=788 loss=0.394273 lr=9.848e-06
[train] step=789 loss=0.297433 lr=9.848e-06
[train] step=790 loss=0.430035 lr=9.847e-06
[train] step=791 loss=0.407814 lr=9.847e-06
[train] step=792 loss=0.243794 lr=9.847e-06
[train] step=793 loss=0.211627 lr=9.846e-06
[train] step=794 loss=0.956132 lr=9.846e-06
[train] step=795 loss=0.748200 lr=9.845e-06
[train] step=796 loss=0.158945 lr=9.845e-06
[train] step=797 loss=0.060401 lr=9.845e-06
[train] step=798 loss=0.509873 lr=9.844e-06
[train] step=799 loss=0.292432 lr=9.844e-06
[train] step=800 loss=0.355203 lr=9.843e-06
[train] step=801 loss=0.112347 lr=9.843e-06
[train] step=802 loss=0.433977 lr=9.843e-06
[train] step=803 loss=0.272973 lr=9.842e-06
[train] step=804 loss=0.495634 lr=9.842e-06
[train] step=805 loss=0.212108 lr=9.842e-06
[train] step=806 loss=0.342334 lr=9.841e-06
[train] step=807 loss=0.187504 lr=9.841e-06
[train] step=808 loss=0.296309 lr=9.840e-06
[train] step=809 loss=0.210828 lr=9.840e-06
[train] step=810 loss=0.207269 lr=9.840e-06
[train] step=811 loss=0.363385 lr=9.839e-06
[train] step=812 loss=0.109408 lr=9.839e-06
[train] step=813 loss=0.353036 lr=9.838e-06
[train] step=814 loss=0.611825 lr=9.838e-06
[train] step=815 loss=0.733334 lr=9.838e-06
[train] step=816 loss=0.357544 lr=9.837e-06
[train] step=817 loss=0.585839 lr=9.837e-06
[train] step=818 loss=0.408307 lr=9.836e-06
[train] step=819 loss=0.746149 lr=9.836e-06
[train] step=820 loss=0.172100 lr=9.836e-06
[train] step=821 loss=0.126114 lr=9.835e-06
[train] step=822 loss=0.556379 lr=9.835e-06
[train] step=823 loss=0.531286 lr=9.834e-06
[train] step=824 loss=0.067443 lr=9.834e-06
[train] step=825 loss=0.320406 lr=9.834e-06
[train] step=826 loss=0.222669 lr=9.833e-06
[train] step=827 loss=0.173594 lr=9.833e-06
[train] step=828 loss=0.456827 lr=9.832e-06
[train] step=829 loss=0.401649 lr=9.832e-06
[train] step=830 loss=0.361948 lr=9.832e-06
[train] step=831 loss=0.878724 lr=9.831e-06
[train] step=832 loss=0.343541 lr=9.831e-06
[train] step=833 loss=0.548181 lr=9.830e-06
[train] step=834 loss=0.243092 lr=9.830e-06
[train] step=835 loss=0.262207 lr=9.830e-06
[train] step=836 loss=0.547607 lr=9.829e-06
[train] step=837 loss=0.631815 lr=9.829e-06
[train] step=838 loss=0.425037 lr=9.828e-06
[train] step=839 loss=0.207339 lr=9.828e-06
[train] step=840 loss=0.668369 lr=9.827e-06
INFO     [rank 0] Model weights for step 840 saved in        dit_trainer.py:1085
         checkpoints/model_weights_step_00840.safetensors                       
INFO     [rank 0] Scalar embedding weights for step 840      dit_trainer.py:1092
         saved                                                                  
INFO     [rank 0] Training state saved:                      dit_trainer.py:1123
         checkpoints/model_weights_step_00840.state.pt                          
DEBUG    [rank 0] Removed old checkpoint:                    dit_trainer.py:1132
         /mnt/result/shockwave_dit_baseline/checkpoints/mode                    
         l_weights_step_00240.safetensors                                       
DEBUG    [rank 0] Removed old checkpoint:                    dit_trainer.py:1132
         /mnt/result/shockwave_dit_baseline/checkpoints/mode                    
         l_weights_step_00240.state.pt                                          
[epoch 7] step=840 train_loss=0.366300
[train] step=841 loss=0.463518 lr=9.827e-06
[train] step=842 loss=0.484748 lr=9.827e-06
[train] step=843 loss=0.310738 lr=9.826e-06
[train] step=844 loss=0.546068 lr=9.826e-06
[train] step=845 loss=0.116880 lr=9.825e-06
[train] step=846 loss=0.320385 lr=9.825e-06
[train] step=847 loss=0.566525 lr=9.825e-06
[train] step=848 loss=0.189311 lr=9.824e-06
[train] step=849 loss=0.531263 lr=9.824e-06
[train] step=850 loss=0.181997 lr=9.823e-06
[train] step=851 loss=0.613765 lr=9.823e-06
[train] step=852 loss=0.375224 lr=9.823e-06
[train] step=853 loss=0.268173 lr=9.822e-06
[train] step=854 loss=0.562643 lr=9.822e-06
[train] step=855 loss=0.203495 lr=9.821e-06
[train] step=856 loss=0.386496 lr=9.821e-06
[train] step=857 loss=0.114576 lr=9.820e-06
[train] step=858 loss=0.562963 lr=9.820e-06
[train] step=859 loss=0.440911 lr=9.820e-06
[train] step=860 loss=0.294051 lr=9.819e-06
[train] step=861 loss=0.390250 lr=9.819e-06
[train] step=862 loss=0.125538 lr=9.818e-06
[train] step=863 loss=0.410460 lr=9.818e-06
[train] step=864 loss=0.484485 lr=9.818e-06
[train] step=865 loss=0.761333 lr=9.817e-06
[train] step=866 loss=0.275704 lr=9.817e-06
[train] step=867 loss=0.463213 lr=9.816e-06
[train] step=868 loss=0.677358 lr=9.816e-06
[train] step=869 loss=0.470028 lr=9.815e-06
[train] step=870 loss=0.299892 lr=9.815e-06
[train] step=871 loss=0.202681 lr=9.815e-06
[train] step=872 loss=0.625630 lr=9.814e-06
[train] step=873 loss=0.265163 lr=9.814e-06
[train] step=874 loss=0.514978 lr=9.813e-06
[train] step=875 loss=0.284805 lr=9.813e-06
[train] step=876 loss=0.474957 lr=9.812e-06
[train] step=877 loss=0.701241 lr=9.812e-06
[train] step=878 loss=0.341928 lr=9.812e-06
[train] step=879 loss=0.234039 lr=9.811e-06
[train] step=880 loss=0.318195 lr=9.811e-06
[train] step=881 loss=0.397760 lr=9.810e-06
[train] step=882 loss=0.437761 lr=9.810e-06
[train] step=883 loss=0.267498 lr=9.809e-06
[train] step=884 loss=0.325773 lr=9.809e-06
[train] step=885 loss=0.267492 lr=9.809e-06
[train] step=886 loss=0.099871 lr=9.808e-06
[train] step=887 loss=0.353724 lr=9.808e-06
[train] step=888 loss=0.224999 lr=9.807e-06
[train] step=889 loss=0.226562 lr=9.807e-06
[train] step=890 loss=0.210457 lr=9.806e-06
[train] step=891 loss=0.205297 lr=9.806e-06
[train] step=892 loss=0.466423 lr=9.806e-06
[train] step=893 loss=0.457963 lr=9.805e-06
[train] step=894 loss=0.146134 lr=9.805e-06
[train] step=895 loss=0.635608 lr=9.804e-06
[train] step=896 loss=0.208919 lr=9.804e-06
[train] step=897 loss=0.264203 lr=9.803e-06
[train] step=898 loss=0.511324 lr=9.803e-06
[train] step=899 loss=0.361811 lr=9.803e-06
[train] step=900 loss=0.182267 lr=9.802e-06
[train] step=901 loss=0.422973 lr=9.802e-06
[train] step=902 loss=0.544834 lr=9.801e-06
[train] step=903 loss=0.303853 lr=9.801e-06
[train] step=904 loss=0.346763 lr=9.800e-06
[train] step=905 loss=0.330302 lr=9.800e-06
[train] step=906 loss=0.160624 lr=9.799e-06
[train] step=907 loss=0.244512 lr=9.799e-06
[train] step=908 loss=0.420249 lr=9.799e-06
[train] step=909 loss=0.305535 lr=9.798e-06
[train] step=910 loss=0.300374 lr=9.798e-06
[train] step=911 loss=0.418111 lr=9.797e-06
[train] step=912 loss=0.188344 lr=9.797e-06
[train] step=913 loss=0.421129 lr=9.796e-06
[train] step=914 loss=0.040022 lr=9.796e-06
[train] step=915 loss=0.075041 lr=9.795e-06
[train] step=916 loss=0.368634 lr=9.795e-06
[train] step=917 loss=0.357066 lr=9.795e-06
[train] step=918 loss=0.215979 lr=9.794e-06
[train] step=919 loss=0.163012 lr=9.794e-06
[train] step=920 loss=0.265937 lr=9.793e-06
[train] step=921 loss=0.456115 lr=9.793e-06
[train] step=922 loss=0.158826 lr=9.792e-06
[train] step=923 loss=0.226648 lr=9.792e-06
[train] step=924 loss=0.268935 lr=9.791e-06
[train] step=925 loss=0.410863 lr=9.791e-06
[train] step=926 loss=0.562496 lr=9.791e-06
[train] step=927 loss=0.528644 lr=9.790e-06
[train] step=928 loss=0.461492 lr=9.790e-06
[train] step=929 loss=0.565281 lr=9.789e-06
[train] step=930 loss=0.211951 lr=9.789e-06
[train] step=931 loss=0.341351 lr=9.788e-06
[train] step=932 loss=0.267486 lr=9.788e-06
[train] step=933 loss=0.313616 lr=9.787e-06
[train] step=934 loss=0.218980 lr=9.787e-06
[train] step=935 loss=0.164737 lr=9.787e-06
[train] step=936 loss=0.415157 lr=9.786e-06
[train] step=937 loss=0.530751 lr=9.786e-06
[train] step=938 loss=0.234704 lr=9.785e-06
[train] step=939 loss=0.539656 lr=9.785e-06
[train] step=940 loss=0.305951 lr=9.784e-06
[train] step=941 loss=0.140543 lr=9.784e-06
[train] step=942 loss=0.256436 lr=9.783e-06
[train] step=943 loss=0.320515 lr=9.783e-06
[train] step=944 loss=0.157954 lr=9.782e-06
[train] step=945 loss=0.279002 lr=9.782e-06
[train] step=946 loss=0.391052 lr=9.781e-06
[train] step=947 loss=0.457982 lr=9.781e-06
[train] step=948 loss=0.285921 lr=9.781e-06
[train] step=949 loss=0.251846 lr=9.780e-06
[train] step=950 loss=0.448784 lr=9.780e-06
[train] step=951 loss=0.114014 lr=9.779e-06
[train] step=952 loss=0.232640 lr=9.779e-06
[train] step=953 loss=0.388432 lr=9.778e-06
[train] step=954 loss=0.334935 lr=9.778e-06
[train] step=955 loss=0.116123 lr=9.777e-06
[train] step=956 loss=0.422704 lr=9.777e-06
[train] step=957 loss=0.425962 lr=9.776e-06
[train] step=958 loss=0.282883 lr=9.776e-06
[train] step=959 loss=0.333086 lr=9.775e-06
[train] step=960 loss=0.277175 lr=9.775e-06
INFO     [rank 0] Model weights for step 960 saved in        dit_trainer.py:1085
         checkpoints/model_weights_step_00960.safetensors                       
INFO     [rank 0] Scalar embedding weights for step 960      dit_trainer.py:1092
         saved                                                                  
INFO     [rank 0] Training state saved:                      dit_trainer.py:1123
         checkpoints/model_weights_step_00960.state.pt                          
DEBUG    [rank 0] Removed old checkpoint:                    dit_trainer.py:1132
         /mnt/result/shockwave_dit_baseline/checkpoints/mode                    
         l_weights_step_00360.safetensors                                       
DEBUG    [rank 0] Removed old checkpoint:                    dit_trainer.py:1132
         /mnt/result/shockwave_dit_baseline/checkpoints/mode                    
         l_weights_step_00360.state.pt                                          
[epoch 8] step=960 train_loss=0.345780
[train] step=961 loss=0.293360 lr=9.775e-06
[train] step=962 loss=0.383948 lr=9.774e-06
[train] step=963 loss=0.636488 lr=9.774e-06
[train] step=964 loss=0.128797 lr=9.773e-06
[train] step=965 loss=0.149811 lr=9.773e-06
[train] step=966 loss=0.208957 lr=9.772e-06
[train] step=967 loss=0.215682 lr=9.772e-06
[train] step=968 loss=0.098751 lr=9.771e-06
[train] step=969 loss=0.173163 lr=9.771e-06
[train] step=970 loss=0.179115 lr=9.770e-06
[train] step=971 loss=0.595744 lr=9.770e-06
[train] step=972 loss=0.270754 lr=9.769e-06
[train] step=973 loss=0.384386 lr=9.769e-06
[train] step=974 loss=0.455057 lr=9.768e-06
[train] step=975 loss=0.500073 lr=9.768e-06
[train] step=976 loss=0.323235 lr=9.768e-06
[train] step=977 loss=0.411788 lr=9.767e-06
[train] step=978 loss=0.253049 lr=9.767e-06
[train] step=979 loss=0.363239 lr=9.766e-06
[train] step=980 loss=0.339303 lr=9.766e-06
[train] step=981 loss=0.459916 lr=9.765e-06
[train] step=982 loss=0.302829 lr=9.765e-06
[train] step=983 loss=0.374885 lr=9.764e-06
[train] step=984 loss=0.143599 lr=9.764e-06
[train] step=985 loss=0.426784 lr=9.763e-06
[train] step=986 loss=0.411558 lr=9.763e-06
[train] step=987 loss=0.320880 lr=9.762e-06
[train] step=988 loss=0.226277 lr=9.762e-06
[train] step=989 loss=0.218445 lr=9.761e-06
[train] step=990 loss=0.355783 lr=9.761e-06
[train] step=991 loss=0.523072 lr=9.760e-06
[train] step=992 loss=0.491016 lr=9.760e-06
[train] step=993 loss=0.386311 lr=9.759e-06
[train] step=994 loss=0.309304 lr=9.759e-06
[train] step=995 loss=0.480687 lr=9.758e-06
[train] step=996 loss=0.362126 lr=9.758e-06
[train] step=997 loss=0.127477 lr=9.757e-06
[train] step=998 loss=0.393285 lr=9.757e-06
[train] step=999 loss=0.427535 lr=9.756e-06
[train] step=1000 loss=0.465183 lr=9.756e-06
[train] step=1001 loss=0.306692 lr=9.756e-06
[train] step=1002 loss=0.369061 lr=9.755e-06
[train] step=1003 loss=0.105067 lr=9.755e-06
[train] step=1004 loss=0.473044 lr=9.754e-06
[train] step=1005 loss=0.198270 lr=9.754e-06
[train] step=1006 loss=0.116942 lr=9.753e-06
[train] step=1007 loss=0.329037 lr=9.753e-06
[train] step=1008 loss=0.272653 lr=9.752e-06
[train] step=1009 loss=0.423903 lr=9.752e-06
[train] step=1010 loss=0.552635 lr=9.751e-06
[train] step=1011 loss=0.315541 lr=9.751e-06
[train] step=1012 loss=0.298879 lr=9.750e-06
[train] step=1013 loss=0.698121 lr=9.750e-06
[train] step=1014 loss=0.586323 lr=9.749e-06
[train] step=1015 loss=0.623783 lr=9.749e-06
[train] step=1016 loss=0.435885 lr=9.748e-06
[train] step=1017 loss=0.445961 lr=9.748e-06
[train] step=1018 loss=0.262542 lr=9.747e-06
[train] step=1019 loss=0.516351 lr=9.747e-06
[train] step=1020 loss=0.255926 lr=9.746e-06
[train] step=1021 loss=0.388360 lr=9.746e-06
[train] step=1022 loss=0.801039 lr=9.745e-06
[train] step=1023 loss=0.722859 lr=9.745e-06
[train] step=1024 loss=0.415848 lr=9.744e-06
[train] step=1025 loss=0.356826 lr=9.744e-06
[train] step=1026 loss=0.194712 lr=9.743e-06
[train] step=1027 loss=0.401072 lr=9.743e-06
[train] step=1028 loss=0.323500 lr=9.742e-06
[train] step=1029 loss=0.140039 lr=9.742e-06
[train] step=1030 loss=0.144256 lr=9.741e-06
[train] step=1031 loss=0.942392 lr=9.741e-06
[train] step=1032 loss=0.326848 lr=9.740e-06
[train] step=1033 loss=0.562912 lr=9.740e-06
[train] step=1034 loss=0.140611 lr=9.739e-06
[train] step=1035 loss=0.366802 lr=9.739e-06
[train] step=1036 loss=0.404022 lr=9.738e-06
[train] step=1037 loss=0.643068 lr=9.738e-06
[train] step=1038 loss=0.329869 lr=9.737e-06
[train] step=1039 loss=0.452485 lr=9.737e-06
[train] step=1040 loss=0.477029 lr=9.736e-06
[train] step=1041 loss=0.254276 lr=9.736e-06
[train] step=1042 loss=0.642795 lr=9.735e-06
[train] step=1043 loss=0.429994 lr=9.735e-06
[train] step=1044 loss=0.503390 lr=9.734e-06
[train] step=1045 loss=0.213951 lr=9.734e-06
[train] step=1046 loss=0.297519 lr=9.733e-06
[train] step=1047 loss=0.292605 lr=9.733e-06
[train] step=1048 loss=0.326818 lr=9.732e-06
[train] step=1049 loss=0.150634 lr=9.732e-06
[train] step=1050 loss=0.618841 lr=9.731e-06
[train] step=1051 loss=0.165448 lr=9.731e-06
[train] step=1052 loss=0.267809 lr=9.730e-06
[train] step=1053 loss=0.244635 lr=9.730e-06
[train] step=1054 loss=0.396334 lr=9.729e-06
[train] step=1055 loss=0.246124 lr=9.729e-06
[train] step=1056 loss=0.317000 lr=9.728e-06
[train] step=1057 loss=0.184257 lr=9.728e-06
[train] step=1058 loss=0.181759 lr=9.727e-06
[train] step=1059 loss=0.614712 lr=9.727e-06
[train] step=1060 loss=0.131621 lr=9.726e-06
[train] step=1061 loss=0.360503 lr=9.726e-06
[train] step=1062 loss=0.320680 lr=9.725e-06
[train] step=1063 loss=0.500528 lr=9.725e-06
[train] step=1064 loss=0.092194 lr=9.724e-06
[train] step=1065 loss=0.274931 lr=9.724e-06
[train] step=1066 loss=0.450728 lr=9.723e-06
[train] step=1067 loss=0.320862 lr=9.723e-06
[train] step=1068 loss=0.518739 lr=9.722e-06
[train] step=1069 loss=0.444662 lr=9.721e-06
[train] step=1070 loss=0.341494 lr=9.721e-06
[train] step=1071 loss=0.291906 lr=9.720e-06
[train] step=1072 loss=0.346175 lr=9.720e-06
[train] step=1073 loss=0.447739 lr=9.719e-06
[train] step=1074 loss=0.199239 lr=9.719e-06
[train] step=1075 loss=0.130183 lr=9.718e-06
[train] step=1076 loss=0.228405 lr=9.718e-06
[train] step=1077 loss=0.392744 lr=9.717e-06
[train] step=1078 loss=0.691749 lr=9.717e-06
[train] step=1079 loss=0.245140 lr=9.716e-06
[train] step=1080 loss=0.524383 lr=9.716e-06
INFO     [rank 0] Model weights for step 1080 saved in       dit_trainer.py:1085
         checkpoints/model_weights_step_01080.safetensors                       
INFO     [rank 0] Scalar embedding weights for step 1080     dit_trainer.py:1092
         saved                                                                  
INFO     [rank 0] Training state saved:                      dit_trainer.py:1123
         checkpoints/model_weights_step_01080.state.pt                          
DEBUG    [rank 0] Removed old checkpoint:                    dit_trainer.py:1132
         /mnt/result/shockwave_dit_baseline/checkpoints/mode                    
         l_weights_step_00480.safetensors                                       
DEBUG    [rank 0] Removed old checkpoint:                    dit_trainer.py:1132
         /mnt/result/shockwave_dit_baseline/checkpoints/mode                    
         l_weights_step_00480.state.pt                                          
[epoch 9] step=1080 train_loss=0.358743
[train] step=1081 loss=0.587682 lr=9.715e-06
[train] step=1082 loss=0.666086 lr=9.715e-06
[train] step=1083 loss=0.093316 lr=9.714e-06
[train] step=1084 loss=0.241472 lr=9.714e-06
[train] step=1085 loss=0.353171 lr=9.713e-06
[train] step=1086 loss=0.114636 lr=9.713e-06
[train] step=1087 loss=0.311566 lr=9.712e-06
[train] step=1088 loss=0.276424 lr=9.712e-06
[train] step=1089 loss=0.503055 lr=9.711e-06
[train] step=1090 loss=0.322301 lr=9.711e-06
[train] step=1091 loss=0.548006 lr=9.710e-06
[train] step=1092 loss=0.263847 lr=9.709e-06
[train] step=1093 loss=0.094392 lr=9.709e-06
[train] step=1094 loss=0.275674 lr=9.708e-06
[train] step=1095 loss=0.353675 lr=9.708e-06
[train] step=1096 loss=0.137686 lr=9.707e-06
[train] step=1097 loss=0.477480 lr=9.707e-06
[train] step=1098 loss=0.122515 lr=9.706e-06
[train] step=1099 loss=0.394139 lr=9.706e-06
[train] step=1100 loss=0.149482 lr=9.705e-06
[train] step=1101 loss=0.158764 lr=9.705e-06
[train] step=1102 loss=0.254580 lr=9.704e-06
[train] step=1103 loss=0.692118 lr=9.704e-06
[train] step=1104 loss=0.346276 lr=9.703e-06
[train] step=1105 loss=0.159832 lr=9.703e-06
[train] step=1106 loss=0.505810 lr=9.702e-06
[train] step=1107 loss=0.329480 lr=9.702e-06
[train] step=1108 loss=0.209808 lr=9.701e-06
[train] step=1109 loss=0.084939 lr=9.700e-06
[train] step=1110 loss=0.736044 lr=9.700e-06
[train] step=1111 loss=0.450191 lr=9.699e-06
[train] step=1112 loss=0.453190 lr=9.699e-06
[train] step=1113 loss=0.396028 lr=9.698e-06
[train] step=1114 loss=0.273109 lr=9.698e-06
[train] step=1115 loss=0.630206 lr=9.697e-06
[train] step=1116 loss=0.552709 lr=9.697e-06
[train] step=1117 loss=0.197571 lr=9.696e-06
[train] step=1118 loss=0.172335 lr=9.696e-06
[train] step=1119 loss=0.374890 lr=9.695e-06
[train] step=1120 loss=0.586261 lr=9.695e-06
[train] step=1121 loss=0.235817 lr=9.694e-06
[train] step=1122 loss=0.547503 lr=9.693e-06
[train] step=1123 loss=0.197213 lr=9.693e-06
[train] step=1124 loss=0.367692 lr=9.692e-06
[train] step=1125 loss=0.476200 lr=9.692e-06
[train] step=1126 loss=0.541630 lr=9.691e-06
[train] step=1127 loss=0.282475 lr=9.691e-06
[train] step=1128 loss=0.202405 lr=9.690e-06
[train] step=1129 loss=0.213459 lr=9.690e-06
[train] step=1130 loss=0.185720 lr=9.689e-06
[train] step=1131 loss=0.292249 lr=9.689e-06
[train] step=1132 loss=0.377471 lr=9.688e-06
[train] step=1133 loss=0.325298 lr=9.687e-06
[train] step=1134 loss=0.148795 lr=9.687e-06
[train] step=1135 loss=0.141635 lr=9.686e-06
[train] step=1136 loss=0.517402 lr=9.686e-06
[train] step=1137 loss=0.121078 lr=9.685e-06
[train] step=1138 loss=0.392947 lr=9.685e-06
[train] step=1139 loss=0.173166 lr=9.684e-06
[train] step=1140 loss=0.153471 lr=9.684e-06
[train] step=1141 loss=0.152297 lr=9.683e-06
[train] step=1142 loss=0.273703 lr=9.683e-06
[train] step=1143 loss=0.121928 lr=9.682e-06
[train] step=1144 loss=0.173670 lr=9.681e-06
[train] step=1145 loss=0.240810 lr=9.681e-06
[train] step=1146 loss=0.373693 lr=9.680e-06
[train] step=1147 loss=0.225401 lr=9.680e-06
[train] step=1148 loss=0.153232 lr=9.679e-06
[train] step=1149 loss=0.230587 lr=9.679e-06
[train] step=1150 loss=0.188031 lr=9.678e-06
[train] step=1151 loss=0.222374 lr=9.678e-06
[train] step=1152 loss=0.629809 lr=9.677e-06
[train] step=1153 loss=0.292554 lr=9.676e-06
[train] step=1154 loss=0.245271 lr=9.676e-06
[train] step=1155 loss=0.683894 lr=9.675e-06
[train] step=1156 loss=0.504008 lr=9.675e-06
[train] step=1157 loss=0.620955 lr=9.674e-06
[train] step=1158 loss=0.324062 lr=9.674e-06
[train] step=1159 loss=0.432991 lr=9.673e-06
[train] step=1160 loss=0.166091 lr=9.673e-06
[train] step=1161 loss=0.704394 lr=9.672e-06
[train] step=1162 loss=0.429823 lr=9.671e-06
[train] step=1163 loss=0.482383 lr=9.671e-06
[train] step=1164 loss=0.144543 lr=9.670e-06
[train] step=1165 loss=0.291100 lr=9.670e-06
[train] step=1166 loss=0.140231 lr=9.669e-06
[train] step=1167 loss=0.787308 lr=9.669e-06
[train] step=1168 loss=0.146934 lr=9.668e-06
[train] step=1169 loss=0.457153 lr=9.667e-06
[train] step=1170 loss=0.470115 lr=9.667e-06
[train] step=1171 loss=0.461824 lr=9.666e-06
[train] step=1172 loss=0.140730 lr=9.666e-06
[train] step=1173 loss=0.273610 lr=9.665e-06
[train] step=1174 loss=0.239246 lr=9.665e-06
[train] step=1175 loss=0.531131 lr=9.664e-06
[train] step=1176 loss=0.438822 lr=9.664e-06
[train] step=1177 loss=0.351768 lr=9.663e-06
[train] step=1178 loss=0.207163 lr=9.662e-06
[train] step=1179 loss=0.715310 lr=9.662e-06
[train] step=1180 loss=0.157207 lr=9.661e-06
[train] step=1181 loss=0.213870 lr=9.661e-06
[train] step=1182 loss=0.458478 lr=9.660e-06
[train] step=1183 loss=0.307840 lr=9.660e-06
[train] step=1184 loss=0.435479 lr=9.659e-06
[train] step=1185 loss=0.558941 lr=9.658e-06
[train] step=1186 loss=0.479742 lr=9.658e-06
[train] step=1187 loss=0.324193 lr=9.657e-06
[train] step=1188 loss=0.537232 lr=9.657e-06
[train] step=1189 loss=0.396213 lr=9.656e-06
[train] step=1190 loss=0.528343 lr=9.656e-06
[train] step=1191 loss=0.333681 lr=9.655e-06
[train] step=1192 loss=0.222894 lr=9.654e-06
[train] step=1193 loss=0.454615 lr=9.654e-06
[train] step=1194 loss=0.296205 lr=9.653e-06
[train] step=1195 loss=0.299892 lr=9.653e-06
[train] step=1196 loss=0.436638 lr=9.652e-06
[train] step=1197 loss=0.355688 lr=9.652e-06
[train] step=1198 loss=0.462234 lr=9.651e-06
[train] step=1199 loss=0.407554 lr=9.650e-06
[train] step=1200 loss=0.458375 lr=9.650e-06
[val] step=1200 val_loss=0.335736
INFO     [rank 0] Model weights for step 1200 saved in       dit_trainer.py:1085
         checkpoints/model_weights_step_01200.safetensors                       
INFO     [rank 0] Scalar embedding weights for step 1200     dit_trainer.py:1092
         saved                                                                  
INFO     [rank 0] Training state saved:                      dit_trainer.py:1123
         checkpoints/model_weights_step_01200.state.pt                          
DEBUG    [rank 0] Removed old checkpoint:                    dit_trainer.py:1132
         /mnt/result/shockwave_dit_baseline/checkpoints/mode                    
         l_weights_step_00600.safetensors                                       
DEBUG    [rank 0] Removed old checkpoint:                    dit_trainer.py:1132
         /mnt/result/shockwave_dit_baseline/checkpoints/mode                    
         l_weights_step_00600.state.pt                                          
[epoch 10] step=1200 train_loss=0.346705 val_loss=0.335736
[train] step=1201 loss=0.482917 lr=9.649e-06
[train] step=1202 loss=0.218691 lr=9.649e-06
[train] step=1203 loss=0.546774 lr=9.648e-06
[train] step=1204 loss=0.302823 lr=9.647e-06
[train] step=1205 loss=0.203253 lr=9.647e-06
[train] step=1206 loss=0.337687 lr=9.646e-06
[train] step=1207 loss=0.521219 lr=9.646e-06
[train] step=1208 loss=0.386785 lr=9.645e-06
[train] step=1209 loss=0.071554 lr=9.645e-06
[train] step=1210 loss=0.269988 lr=9.644e-06
[train] step=1211 loss=0.287633 lr=9.643e-06
[train] step=1212 loss=0.166508 lr=9.643e-06
[train] step=1213 loss=0.550754 lr=9.642e-06
[train] step=1214 loss=0.227030 lr=9.642e-06
[train] step=1215 loss=0.320881 lr=9.641e-06
[train] step=1216 loss=0.445519 lr=9.641e-06
[train] step=1217 loss=0.200461 lr=9.640e-06
[train] step=1218 loss=0.435893 lr=9.639e-06
[train] step=1219 loss=0.336264 lr=9.639e-06
[train] step=1220 loss=0.205951 lr=9.638e-06
[train] step=1221 loss=0.416567 lr=9.638e-06
[train] step=1222 loss=0.334166 lr=9.637e-06
[train] step=1223 loss=0.306079 lr=9.636e-06
[train] step=1224 loss=0.321668 lr=9.636e-06
[train] step=1225 loss=0.608270 lr=9.635e-06
[train] step=1226 loss=0.379011 lr=9.635e-06
[train] step=1227 loss=0.140920 lr=9.634e-06
[train] step=1228 loss=0.269716 lr=9.633e-06
[train] step=1229 loss=0.622464 lr=9.633e-06
[train] step=1230 loss=0.399540 lr=9.632e-06
[train] step=1231 loss=0.225984 lr=9.632e-06
[train] step=1232 loss=0.142687 lr=9.631e-06
[train] step=1233 loss=0.594636 lr=9.631e-06
[train] step=1234 loss=0.276038 lr=9.630e-06
[train] step=1235 loss=0.374399 lr=9.629e-06
[train] step=1236 loss=0.461126 lr=9.629e-06
[train] step=1237 loss=0.653396 lr=9.628e-06
[train] step=1238 loss=0.118594 lr=9.628e-06
[train] step=1239 loss=0.708054 lr=9.627e-06
[train] step=1240 loss=0.144700 lr=9.626e-06
[train] step=1241 loss=0.356777 lr=9.626e-06
[train] step=1242 loss=0.351103 lr=9.625e-06
[train] step=1243 loss=0.125101 lr=9.625e-06
[train] step=1244 loss=0.550415 lr=9.624e-06
[train] step=1245 loss=0.268263 lr=9.623e-06
[train] step=1246 loss=0.384089 lr=9.623e-06
[train] step=1247 loss=0.235506 lr=9.622e-06
[train] step=1248 loss=0.267692 lr=9.622e-06
[train] step=1249 loss=0.437378 lr=9.621e-06
[train] step=1250 loss=0.410799 lr=9.620e-06
[train] step=1251 loss=0.268666 lr=9.620e-06
[train] step=1252 loss=0.287041 lr=9.619e-06
[train] step=1253 loss=0.054583 lr=9.619e-06
[train] step=1254 loss=0.688484 lr=9.618e-06
[train] step=1255 loss=0.346586 lr=9.617e-06
[train] step=1256 loss=0.290575 lr=9.617e-06
[train] step=1257 loss=0.257849 lr=9.616e-06
[train] step=1258 loss=0.064047 lr=9.616e-06
[train] step=1259 loss=0.323248 lr=9.615e-06
[train] step=1260 loss=0.420052 lr=9.614e-06
[train] step=1261 loss=0.497238 lr=9.614e-06
[train] step=1262 loss=0.183152 lr=9.613e-06
[train] step=1263 loss=0.301459 lr=9.613e-06
[train] step=1264 loss=0.356263 lr=9.612e-06
[train] step=1265 loss=0.502060 lr=9.611e-06
[train] step=1266 loss=0.306739 lr=9.611e-06
[train] step=1267 loss=0.432391 lr=9.610e-06
[train] step=1268 loss=0.469060 lr=9.610e-06
[train] step=1269 loss=0.276863 lr=9.609e-06
[train] step=1270 loss=0.275541 lr=9.608e-06
[train] step=1271 loss=0.209648 lr=9.608e-06
[train] step=1272 loss=0.113690 lr=9.607e-06
[train] step=1273 loss=0.283779 lr=9.606e-06
[train] step=1274 loss=0.100688 lr=9.606e-06
[train] step=1275 loss=0.403999 lr=9.605e-06
[train] step=1276 loss=0.340609 lr=9.605e-06
[train] step=1277 loss=0.393405 lr=9.604e-06
[train] step=1278 loss=0.372865 lr=9.603e-06
[train] step=1279 loss=0.085289 lr=9.603e-06
[train] step=1280 loss=0.544510 lr=9.602e-06
[train] step=1281 loss=0.350806 lr=9.602e-06
[train] step=1282 loss=0.133283 lr=9.601e-06
[train] step=1283 loss=0.199536 lr=9.600e-06
[train] step=1284 loss=0.470605 lr=9.600e-06
[train] step=1285 loss=0.494974 lr=9.599e-06
[train] step=1286 loss=0.152997 lr=9.598e-06
[train] step=1287 loss=0.400531 lr=9.598e-06
[train] step=1288 loss=0.302075 lr=9.597e-06
[train] step=1289 loss=0.092638 lr=9.597e-06
[train] step=1290 loss=0.105522 lr=9.596e-06
[train] step=1291 loss=0.236577 lr=9.595e-06
[train] step=1292 loss=0.525057 lr=9.595e-06
[train] step=1293 loss=0.474539 lr=9.594e-06
[train] step=1294 loss=0.469889 lr=9.594e-06
[train] step=1295 loss=0.408332 lr=9.593e-06
[train] step=1296 loss=0.106552 lr=9.592e-06
[train] step=1297 loss=0.063987 lr=9.592e-06
[train] step=1298 loss=0.247780 lr=9.591e-06
[train] step=1299 loss=0.289145 lr=9.590e-06
[train] step=1300 loss=0.203680 lr=9.590e-06
[train] step=1301 loss=0.230063 lr=9.589e-06
[train] step=1302 loss=0.352846 lr=9.589e-06
[train] step=1303 loss=0.321733 lr=9.588e-06
[train] step=1304 loss=0.120038 lr=9.587e-06
[train] step=1305 loss=0.221546 lr=9.587e-06
[train] step=1306 loss=0.231851 lr=9.586e-06
[train] step=1307 loss=0.120527 lr=9.585e-06
[train] step=1308 loss=0.287706 lr=9.585e-06
[train] step=1309 loss=0.132416 lr=9.584e-06
[train] step=1310 loss=0.103249 lr=9.584e-06
[train] step=1311 loss=0.378487 lr=9.583e-06
[train] step=1312 loss=0.030783 lr=9.582e-06
[train] step=1313 loss=0.437033 lr=9.582e-06
[train] step=1314 loss=0.223399 lr=9.581e-06
[train] step=1315 loss=0.549940 lr=9.580e-06
[train] step=1316 loss=0.454010 lr=9.580e-06
[train] step=1317 loss=0.210824 lr=9.579e-06
[train] step=1318 loss=0.181284 lr=9.579e-06
[train] step=1319 loss=0.374855 lr=9.578e-06
[train] step=1320 loss=0.446703 lr=9.577e-06
INFO     [rank 0] Model weights for step 1320 saved in       dit_trainer.py:1085
         checkpoints/model_weights_step_01320.safetensors                       
INFO     [rank 0] Scalar embedding weights for step 1320     dit_trainer.py:1092
         saved                                                                  
INFO     [rank 0] Training state saved:                      dit_trainer.py:1123
         checkpoints/model_weights_step_01320.state.pt                          
DEBUG    [rank 0] Removed old checkpoint:                    dit_trainer.py:1132
         /mnt/result/shockwave_dit_baseline/checkpoints/mode                    
         l_weights_step_00720.safetensors                                       
DEBUG    [rank 0] Removed old checkpoint:                    dit_trainer.py:1132
         /mnt/result/shockwave_dit_baseline/checkpoints/mode                    
         l_weights_step_00720.state.pt                                          
[epoch 11] step=1320 train_loss=0.316696
[train] step=1321 loss=0.664608 lr=9.577e-06
[train] step=1322 loss=0.272074 lr=9.576e-06
[train] step=1323 loss=0.490964 lr=9.575e-06
[train] step=1324 loss=0.201395 lr=9.575e-06
[train] step=1325 loss=0.320163 lr=9.574e-06
[train] step=1326 loss=0.106884 lr=9.573e-06
[train] step=1327 loss=0.642626 lr=9.573e-06
[train] step=1328 loss=0.500177 lr=9.572e-06
[train] step=1329 loss=0.183403 lr=9.572e-06
[train] step=1330 loss=0.236402 lr=9.571e-06
[train] step=1331 loss=0.503878 lr=9.570e-06
[train] step=1332 loss=0.209183 lr=9.570e-06
[train] step=1333 loss=0.468517 lr=9.569e-06
[train] step=1334 loss=0.543338 lr=9.568e-06
[train] step=1335 loss=0.297071 lr=9.568e-06
[train] step=1336 loss=0.321522 lr=9.567e-06
[train] step=1337 loss=0.733805 lr=9.566e-06
[train] step=1338 loss=0.330537 lr=9.566e-06
[train] step=1339 loss=0.162203 lr=9.565e-06
[train] step=1340 loss=0.475764 lr=9.565e-06
[train] step=1341 loss=0.674318 lr=9.564e-06
[train] step=1342 loss=0.427202 lr=9.563e-06
[train] step=1343 loss=0.248245 lr=9.563e-06
[train] step=1344 loss=0.204719 lr=9.562e-06
[train] step=1345 loss=0.482655 lr=9.561e-06
[train] step=1346 loss=0.196894 lr=9.561e-06
[train] step=1347 loss=0.392066 lr=9.560e-06
[train] step=1348 loss=0.264245 lr=9.559e-06
[train] step=1349 loss=0.159646 lr=9.559e-06
[train] step=1350 loss=0.325362 lr=9.558e-06
[train] step=1351 loss=0.453408 lr=9.557e-06
[train] step=1352 loss=0.712118 lr=9.557e-06
[train] step=1353 loss=0.402521 lr=9.556e-06
[train] step=1354 loss=0.087107 lr=9.556e-06
[train] step=1355 loss=0.269293 lr=9.555e-06
[train] step=1356 loss=0.323245 lr=9.554e-06
[train] step=1357 loss=0.359457 lr=9.554e-06
[train] step=1358 loss=0.253162 lr=9.553e-06
[train] step=1359 loss=0.635284 lr=9.552e-06
[train] step=1360 loss=0.420732 lr=9.552e-06
[train] step=1361 loss=0.105056 lr=9.551e-06
[train] step=1362 loss=0.088060 lr=9.550e-06
[train] step=1363 loss=0.194973 lr=9.550e-06
[train] step=1364 loss=0.293400 lr=9.549e-06
[train] step=1365 loss=0.102888 lr=9.548e-06
[train] step=1366 loss=0.255256 lr=9.548e-06
[train] step=1367 loss=0.224312 lr=9.547e-06
[train] step=1368 loss=0.283284 lr=9.546e-06
[train] step=1369 loss=0.265850 lr=9.546e-06
[train] step=1370 loss=0.219541 lr=9.545e-06
[train] step=1371 loss=0.465555 lr=9.544e-06
[train] step=1372 loss=0.378995 lr=9.544e-06
[train] step=1373 loss=0.289494 lr=9.543e-06
[train] step=1374 loss=0.214959 lr=9.542e-06
[train] step=1375 loss=0.240971 lr=9.542e-06
[train] step=1376 loss=0.079138 lr=9.541e-06
[train] step=1377 loss=0.368574 lr=9.541e-06
[train] step=1378 loss=0.290604 lr=9.540e-06
[train] step=1379 loss=0.486814 lr=9.539e-06
[train] step=1380 loss=0.634147 lr=9.539e-06
[train] step=1381 loss=0.388192 lr=9.538e-06
[train] step=1382 loss=0.034028 lr=9.537e-06
[train] step=1383 loss=0.472831 lr=9.537e-06
[train] step=1384 loss=0.658236 lr=9.536e-06
[train] step=1385 loss=0.199813 lr=9.535e-06
[train] step=1386 loss=0.337990 lr=9.535e-06
[train] step=1387 loss=0.576383 lr=9.534e-06
[train] step=1388 loss=0.289404 lr=9.533e-06
[train] step=1389 loss=0.100615 lr=9.533e-06
[train] step=1390 loss=0.267062 lr=9.532e-06
[train] step=1391 loss=0.359384 lr=9.531e-06
[train] step=1392 loss=0.282343 lr=9.531e-06
[train] step=1393 loss=0.425966 lr=9.530e-06
[train] step=1394 loss=0.546978 lr=9.529e-06
[train] step=1395 loss=0.111660 lr=9.529e-06
[train] step=1396 loss=0.506296 lr=9.528e-06
[train] step=1397 loss=0.300959 lr=9.527e-06
[train] step=1398 loss=0.127799 lr=9.527e-06
[train] step=1399 loss=0.140232 lr=9.526e-06
[train] step=1400 loss=0.184957 lr=9.525e-06
[train] step=1401 loss=0.476687 lr=9.525e-06
[train] step=1402 loss=0.410003 lr=9.524e-06
[train] step=1403 loss=0.551789 lr=9.523e-06
[train] step=1404 loss=0.328265 lr=9.523e-06
[train] step=1405 loss=0.382950 lr=9.522e-06
[train] step=1406 loss=0.301350 lr=9.521e-06
[train] step=1407 loss=0.508905 lr=9.521e-06
[train] step=1408 loss=0.430990 lr=9.520e-06
[train] step=1409 loss=0.446405 lr=9.519e-06
[train] step=1410 loss=0.214245 lr=9.519e-06
[train] step=1411 loss=0.342600 lr=9.518e-06
[train] step=1412 loss=0.456036 lr=9.517e-06
[train] step=1413 loss=0.337604 lr=9.517e-06
[train] step=1414 loss=0.513964 lr=9.516e-06
[train] step=1415 loss=0.175701 lr=9.515e-06
[train] step=1416 loss=0.757742 lr=9.515e-06
[train] step=1417 loss=0.098676 lr=9.514e-06
[train] step=1418 loss=0.224144 lr=9.513e-06
[train] step=1419 loss=0.135293 lr=9.513e-06
[train] step=1420 loss=0.169750 lr=9.512e-06
[train] step=1421 loss=0.150040 lr=9.511e-06
[train] step=1422 loss=0.326058 lr=9.510e-06
[train] step=1423 loss=0.209821 lr=9.510e-06
[train] step=1424 loss=0.070042 lr=9.509e-06
[train] step=1425 loss=0.464598 lr=9.508e-06
[train] step=1426 loss=0.316532 lr=9.508e-06
[train] step=1427 loss=0.268263 lr=9.507e-06
[train] step=1428 loss=0.510210 lr=9.506e-06
[train] step=1429 loss=0.549944 lr=9.506e-06
[train] step=1430 loss=0.318974 lr=9.505e-06
[train] step=1431 loss=0.486152 lr=9.504e-06
[train] step=1432 loss=0.083749 lr=9.504e-06
[train] step=1433 loss=0.116571 lr=9.503e-06
[train] step=1434 loss=0.356837 lr=9.502e-06
[train] step=1435 loss=0.495476 lr=9.502e-06
[train] step=1436 loss=0.028480 lr=9.501e-06
[train] step=1437 loss=0.096510 lr=9.500e-06
[train] step=1438 loss=0.355456 lr=9.500e-06
[train] step=1439 loss=0.276168 lr=9.499e-06
[train] step=1440 loss=0.358461 lr=9.498e-06
INFO     [rank 0] Model weights for step 1440 saved in       dit_trainer.py:1085
         checkpoints/model_weights_step_01440.safetensors                       
INFO     [rank 0] Scalar embedding weights for step 1440     dit_trainer.py:1092
         saved                                                                  
INFO     [rank 0] Training state saved:                      dit_trainer.py:1123
         checkpoints/model_weights_step_01440.state.pt                          
DEBUG    [rank 0] Removed old checkpoint:                    dit_trainer.py:1132
         /mnt/result/shockwave_dit_baseline/checkpoints/mode                    
         l_weights_step_00840.safetensors                                       
DEBUG    [rank 0] Removed old checkpoint:                    dit_trainer.py:1132
         /mnt/result/shockwave_dit_baseline/checkpoints/mode                    
         l_weights_step_00840.state.pt                                          
[epoch 12] step=1440 train_loss=0.332824
[train] step=1441 loss=0.342492 lr=9.498e-06
[train] step=1442 loss=0.235781 lr=9.497e-06
[train] step=1443 loss=0.314438 lr=9.496e-06
[train] step=1444 loss=0.577872 lr=9.495e-06
[train] step=1445 loss=0.251577 lr=9.495e-06
[train] step=1446 loss=0.728652 lr=9.494e-06
[train] step=1447 loss=0.063640 lr=9.493e-06
[train] step=1448 loss=0.287782 lr=9.493e-06
[train] step=1449 loss=0.306874 lr=9.492e-06
[train] step=1450 loss=0.160230 lr=9.491e-06
[train] step=1451 loss=0.149564 lr=9.491e-06
[train] step=1452 loss=0.640710 lr=9.490e-06
[train] step=1453 loss=0.561310 lr=9.489e-06
[train] step=1454 loss=0.397123 lr=9.489e-06
[train] step=1455 loss=0.217978 lr=9.488e-06
[train] step=1456 loss=0.207797 lr=9.487e-06
[train] step=1457 loss=0.199745 lr=9.486e-06
[train] step=1458 loss=0.260913 lr=9.486e-06
[train] step=1459 loss=0.300754 lr=9.485e-06
[train] step=1460 loss=0.203325 lr=9.484e-06
[train] step=1461 loss=0.558346 lr=9.484e-06
[train] step=1462 loss=0.497409 lr=9.483e-06
[train] step=1463 loss=0.323903 lr=9.482e-06
[train] step=1464 loss=0.419817 lr=9.482e-06
[train] step=1465 loss=0.440935 lr=9.481e-06
[train] step=1466 loss=0.587193 lr=9.480e-06
[train] step=1467 loss=0.336472 lr=9.480e-06
[train] step=1468 loss=0.534687 lr=9.479e-06
[train] step=1469 loss=0.130224 lr=9.478e-06
[train] step=1470 loss=0.542733 lr=9.477e-06
[train] step=1471 loss=0.358707 lr=9.477e-06
[train] step=1472 loss=0.258058 lr=9.476e-06
[train] step=1473 loss=0.409825 lr=9.475e-06
[train] step=1474 loss=0.267958 lr=9.475e-06
[train] step=1475 loss=0.354352 lr=9.474e-06
[train] step=1476 loss=0.160094 lr=9.473e-06
[train] step=1477 loss=0.353452 lr=9.473e-06
[train] step=1478 loss=0.624110 lr=9.472e-06
[train] step=1479 loss=0.386601 lr=9.471e-06
[train] step=1480 loss=0.138077 lr=9.470e-06
[train] step=1481 loss=0.218543 lr=9.470e-06
[train] step=1482 loss=0.190978 lr=9.469e-06
[train] step=1483 loss=0.337539 lr=9.468e-06
[train] step=1484 loss=0.401450 lr=9.468e-06
[train] step=1485 loss=0.238927 lr=9.467e-06
[train] step=1486 loss=0.093168 lr=9.466e-06
[train] step=1487 loss=0.514470 lr=9.466e-06
[train] step=1488 loss=0.304821 lr=9.465e-06
[train] step=1489 loss=0.370424 lr=9.464e-06
[train] step=1490 loss=0.307921 lr=9.463e-06
[train] step=1491 loss=0.573527 lr=9.463e-06
[train] step=1492 loss=0.146833 lr=9.462e-06
[train] step=1493 loss=0.767976 lr=9.461e-06
[train] step=1494 loss=0.183986 lr=9.461e-06
[train] step=1495 loss=0.184271 lr=9.460e-06
[train] step=1496 loss=0.238252 lr=9.459e-06
[train] step=1497 loss=0.252921 lr=9.458e-06
[train] step=1498 loss=0.343901 lr=9.458e-06
[train] step=1499 loss=0.210892 lr=9.457e-06
[train] step=1500 loss=0.294745 lr=9.456e-06
[train] step=1501 loss=0.082226 lr=9.456e-06
[train] step=1502 loss=0.414583 lr=9.455e-06
[train] step=1503 loss=0.608952 lr=9.454e-06
[train] step=1504 loss=0.438113 lr=9.453e-06
[train] step=1505 loss=0.115451 lr=9.453e-06
[train] step=1506 loss=0.356436 lr=9.452e-06
[train] step=1507 loss=0.159365 lr=9.451e-06
[train] step=1508 loss=0.535738 lr=9.451e-06
[train] step=1509 loss=0.242404 lr=9.450e-06
[train] step=1510 loss=0.136711 lr=9.449e-06
[train] step=1511 loss=0.192376 lr=9.448e-06
[train] step=1512 loss=0.058231 lr=9.448e-06
[train] step=1513 loss=0.283939 lr=9.447e-06
[train] step=1514 loss=0.400532 lr=9.446e-06
[train] step=1515 loss=0.323092 lr=9.446e-06
[train] step=1516 loss=0.599851 lr=9.445e-06
[train] step=1517 loss=0.219320 lr=9.444e-06
[train] step=1518 loss=0.493823 lr=9.443e-06
[train] step=1519 loss=0.079100 lr=9.443e-06
[train] step=1520 loss=0.466184 lr=9.442e-06
[train] step=1521 loss=0.090176 lr=9.441e-06
[train] step=1522 loss=0.400869 lr=9.441e-06
[train] step=1523 loss=0.388378 lr=9.440e-06
[train] step=1524 loss=0.244839 lr=9.439e-06
[train] step=1525 loss=0.199213 lr=9.438e-06
[train] step=1526 loss=0.071426 lr=9.438e-06
[train] step=1527 loss=0.423225 lr=9.437e-06
[train] step=1528 loss=0.794121 lr=9.436e-06
[train] step=1529 loss=0.513866 lr=9.435e-06
[train] step=1530 loss=0.377210 lr=9.435e-06
[train] step=1531 loss=0.306813 lr=9.434e-06
[train] step=1532 loss=0.250830 lr=9.433e-06
[train] step=1533 loss=0.540341 lr=9.433e-06
[train] step=1534 loss=0.323471 lr=9.432e-06
[train] step=1535 loss=0.105622 lr=9.431e-06
[train] step=1536 loss=0.280244 lr=9.430e-06
[train] step=1537 loss=0.353657 lr=9.430e-06
[train] step=1538 loss=0.122087 lr=9.429e-06
[train] step=1539 loss=0.161694 lr=9.428e-06
[train] step=1540 loss=0.400235 lr=9.427e-06
[train] step=1541 loss=0.505318 lr=9.427e-06
[train] step=1542 loss=0.465849 lr=9.426e-06
[train] step=1543 loss=0.482363 lr=9.425e-06
[train] step=1544 loss=0.128268 lr=9.425e-06
[train] step=1545 loss=0.153016 lr=9.424e-06
[train] step=1546 loss=0.177922 lr=9.423e-06
[train] step=1547 loss=0.504938 lr=9.422e-06
[train] step=1548 loss=0.215172 lr=9.422e-06
[train] step=1549 loss=0.141118 lr=9.421e-06
[train] step=1550 loss=0.260306 lr=9.420e-06
[train] step=1551 loss=0.511652 lr=9.419e-06
[train] step=1552 loss=0.533872 lr=9.419e-06
[train] step=1553 loss=0.408206 lr=9.418e-06
[train] step=1554 loss=0.323168 lr=9.417e-06
[train] step=1555 loss=0.373963 lr=9.416e-06
[train] step=1556 loss=0.334100 lr=9.416e-06
[train] step=1557 loss=0.143468 lr=9.415e-06
[train] step=1558 loss=0.431083 lr=9.414e-06
[train] step=1559 loss=0.646554 lr=9.414e-06
[train] step=1560 loss=0.253301 lr=9.413e-06
INFO     [rank 0] Model weights for step 1560 saved in       dit_trainer.py:1085
         checkpoints/model_weights_step_01560.safetensors                       
INFO     [rank 0] Scalar embedding weights for step 1560     dit_trainer.py:1092
         saved                                                                  
INFO     [rank 0] Training state saved:                      dit_trainer.py:1123
         checkpoints/model_weights_step_01560.state.pt                          
DEBUG    [rank 0] Removed old checkpoint:                    dit_trainer.py:1132
         /mnt/result/shockwave_dit_baseline/checkpoints/mode                    
         l_weights_step_00960.safetensors                                       
DEBUG    [rank 0] Removed old checkpoint:                    dit_trainer.py:1132
         /mnt/result/shockwave_dit_baseline/checkpoints/mode                    
         l_weights_step_00960.state.pt                                          
[epoch 13] step=1560 train_loss=0.332672
[train] step=1561 loss=0.445948 lr=9.412e-06
[train] step=1562 loss=0.459881 lr=9.411e-06
[train] step=1563 loss=0.537470 lr=9.411e-06
[train] step=1564 loss=0.290188 lr=9.410e-06
[train] step=1565 loss=0.427240 lr=9.409e-06
[train] step=1566 loss=0.092298 lr=9.408e-06
[train] step=1567 loss=0.284708 lr=9.408e-06
[train] step=1568 loss=0.492054 lr=9.407e-06
[train] step=1569 loss=0.133438 lr=9.406e-06
[train] step=1570 loss=0.353774 lr=9.405e-06
[train] step=1571 loss=0.410919 lr=9.405e-06
[train] step=1572 loss=0.239704 lr=9.404e-06
[train] step=1573 loss=0.156730 lr=9.403e-06
[train] step=1574 loss=0.178174 lr=9.402e-06
[train] step=1575 loss=0.515209 lr=9.402e-06
[train] step=1576 loss=0.293104 lr=9.401e-06
[train] step=1577 loss=0.084197 lr=9.400e-06
[train] step=1578 loss=0.198068 lr=9.399e-06
[train] step=1579 loss=0.123466 lr=9.399e-06
[train] step=1580 loss=0.191445 lr=9.398e-06
[train] step=1581 loss=0.239051 lr=9.397e-06
[train] step=1582 loss=0.374147 lr=9.396e-06
[train] step=1583 loss=0.201738 lr=9.396e-06
[train] step=1584 loss=0.571505 lr=9.395e-06
[train] step=1585 loss=0.188747 lr=9.394e-06
[train] step=1586 loss=0.349045 lr=9.393e-06
[train] step=1587 loss=0.299319 lr=9.393e-06
[train] step=1588 loss=0.202009 lr=9.392e-06
[train] step=1589 loss=0.376074 lr=9.391e-06
[train] step=1590 loss=0.193217 lr=9.390e-06
[train] step=1591 loss=0.445890 lr=9.390e-06
[train] step=1592 loss=0.253337 lr=9.389e-06
[train] step=1593 loss=0.423616 lr=9.388e-06
[train] step=1594 loss=0.388688 lr=9.387e-06
[train] step=1595 loss=0.122736 lr=9.387e-06
[train] step=1596 loss=0.318700 lr=9.386e-06
[train] step=1597 loss=0.142780 lr=9.385e-06
[train] step=1598 loss=0.260438 lr=9.384e-06
[train] step=1599 loss=0.205742 lr=9.384e-06
[train] step=1600 loss=0.193326 lr=9.383e-06
[train] step=1601 loss=0.350911 lr=9.382e-06
[train] step=1602 loss=0.371581 lr=9.381e-06
[train] step=1603 loss=0.525699 lr=9.381e-06
[train] step=1604 loss=0.569110 lr=9.380e-06
[train] step=1605 loss=0.187055 lr=9.379e-06
[train] step=1606 loss=0.238185 lr=9.378e-06
[train] step=1607 loss=0.417509 lr=9.378e-06
[train] step=1608 loss=0.319485 lr=9.377e-06
[train] step=1609 loss=0.608415 lr=9.376e-06
[train] step=1610 loss=0.329674 lr=9.375e-06
[train] step=1611 loss=0.213198 lr=9.375e-06
[train] step=1612 loss=0.395400 lr=9.374e-06
[train] step=1613 loss=0.398810 lr=9.373e-06
[train] step=1614 loss=0.179882 lr=9.372e-06
[train] step=1615 loss=0.575960 lr=9.372e-06
[train] step=1616 loss=0.291179 lr=9.371e-06
[train] step=1617 loss=0.069695 lr=9.370e-06
[train] step=1618 loss=0.394132 lr=9.369e-06
[train] step=1619 loss=0.059339 lr=9.368e-06
[train] step=1620 loss=0.589512 lr=9.368e-06
[train] step=1621 loss=0.148156 lr=9.367e-06
[train] step=1622 loss=0.330357 lr=9.366e-06
[train] step=1623 loss=0.283452 lr=9.365e-06
[train] step=1624 loss=0.636779 lr=9.365e-06
[train] step=1625 loss=0.660570 lr=9.364e-06
[train] step=1626 loss=0.413900 lr=9.363e-06
[train] step=1627 loss=0.425363 lr=9.362e-06
[train] step=1628 loss=0.239203 lr=9.362e-06
[train] step=1629 loss=0.484636 lr=9.361e-06
[train] step=1630 loss=0.375038 lr=9.360e-06
[train] step=1631 loss=0.267429 lr=9.359e-06
[train] step=1632 loss=0.428447 lr=9.359e-06
[train] step=1633 loss=0.459025 lr=9.358e-06
[train] step=1634 loss=0.463588 lr=9.357e-06
[train] step=1635 loss=0.291446 lr=9.356e-06
[train] step=1636 loss=0.245436 lr=9.355e-06
[train] step=1637 loss=0.160428 lr=9.355e-06
[train] step=1638 loss=0.391365 lr=9.354e-06
[train] step=1639 loss=0.359902 lr=9.353e-06
[train] step=1640 loss=0.249656 lr=9.352e-06
[train] step=1641 loss=0.262767 lr=9.352e-06
[train] step=1642 loss=0.336285 lr=9.351e-06
[train] step=1643 loss=0.217149 lr=9.350e-06
[train] step=1644 loss=0.312726 lr=9.349e-06
[train] step=1645 loss=0.089622 lr=9.348e-06
[train] step=1646 loss=0.244766 lr=9.348e-06
[train] step=1647 loss=0.600671 lr=9.347e-06
[train] step=1648 loss=0.333361 lr=9.346e-06
[train] step=1649 loss=0.337153 lr=9.345e-06
[train] step=1650 loss=0.312279 lr=9.345e-06
[train] step=1651 loss=0.389514 lr=9.344e-06
[train] step=1652 loss=0.219942 lr=9.343e-06
[train] step=1653 loss=0.336785 lr=9.342e-06
[train] step=1654 loss=0.295744 lr=9.341e-06
[train] step=1655 loss=0.114998 lr=9.341e-06
[train] step=1656 loss=0.165259 lr=9.340e-06
[train] step=1657 loss=0.189607 lr=9.339e-06
[train] step=1658 loss=0.495067 lr=9.338e-06
[train] step=1659 loss=0.392974 lr=9.338e-06
[train] step=1660 loss=0.390996 lr=9.337e-06
[train] step=1661 loss=0.418415 lr=9.336e-06
[train] step=1662 loss=0.247197 lr=9.335e-06
[train] step=1663 loss=0.349178 lr=9.334e-06
[train] step=1664 loss=0.355346 lr=9.334e-06
[train] step=1665 loss=0.217179 lr=9.333e-06
[train] step=1666 loss=0.284567 lr=9.332e-06
[train] step=1667 loss=0.573023 lr=9.331e-06
[train] step=1668 loss=0.274661 lr=9.331e-06
[train] step=1669 loss=0.405969 lr=9.330e-06
[train] step=1670 loss=0.349271 lr=9.329e-06
[train] step=1671 loss=0.561771 lr=9.328e-06
[train] step=1672 loss=0.195553 lr=9.327e-06
[train] step=1673 loss=0.578535 lr=9.327e-06
[train] step=1674 loss=0.625759 lr=9.326e-06
[train] step=1675 loss=0.089966 lr=9.325e-06
[train] step=1676 loss=0.271734 lr=9.324e-06
[train] step=1677 loss=0.292810 lr=9.323e-06
[train] step=1678 loss=0.191105 lr=9.323e-06
[train] step=1679 loss=0.369954 lr=9.322e-06
[train] step=1680 loss=0.050667 lr=9.321e-06
INFO     [rank 0] Model weights for step 1680 saved in       dit_trainer.py:1085
         checkpoints/model_weights_step_01680.safetensors                       
INFO     [rank 0] Scalar embedding weights for step 1680     dit_trainer.py:1092
         saved                                                                  
INFO     [rank 0] Training state saved:                      dit_trainer.py:1123
         checkpoints/model_weights_step_01680.state.pt                          
DEBUG    [rank 0] Removed old checkpoint:                    dit_trainer.py:1132
         /mnt/result/shockwave_dit_baseline/checkpoints/mode                    
         l_weights_step_01080.safetensors                                       
DEBUG    [rank 0] Removed old checkpoint:                    dit_trainer.py:1132
         /mnt/result/shockwave_dit_baseline/checkpoints/mode                    
         l_weights_step_01080.state.pt                                          
[epoch 14] step=1680 train_loss=0.325000
[train] step=1681 loss=0.403309 lr=9.320e-06
[train] step=1682 loss=0.234434 lr=9.320e-06
[train] step=1683 loss=0.297679 lr=9.319e-06
[train] step=1684 loss=0.408921 lr=9.318e-06
[train] step=1685 loss=0.246068 lr=9.317e-06
[train] step=1686 loss=0.388587 lr=9.316e-06
[train] step=1687 loss=0.546123 lr=9.316e-06
[train] step=1688 loss=0.207026 lr=9.315e-06
[train] step=1689 loss=0.540717 lr=9.314e-06
[train] step=1690 loss=0.325284 lr=9.313e-06
[train] step=1691 loss=0.307222 lr=9.312e-06
[train] step=1692 loss=0.212734 lr=9.312e-06
[train] step=1693 loss=0.370256 lr=9.311e-06
[train] step=1694 loss=0.058441 lr=9.310e-06
[train] step=1695 loss=0.195479 lr=9.309e-06
[train] step=1696 loss=0.209532 lr=9.308e-06
[train] step=1697 loss=0.366793 lr=9.308e-06
[train] step=1698 loss=0.286901 lr=9.307e-06
[train] step=1699 loss=0.269891 lr=9.306e-06
[train] step=1700 loss=0.576960 lr=9.305e-06
[train] step=1701 loss=0.422682 lr=9.304e-06
[train] step=1702 loss=0.203433 lr=9.304e-06
[train] step=1703 loss=0.217075 lr=9.303e-06
[train] step=1704 loss=0.270127 lr=9.302e-06
[train] step=1705 loss=0.476683 lr=9.301e-06
[train] step=1706 loss=0.266851 lr=9.300e-06
[train] step=1707 loss=0.062867 lr=9.300e-06
[train] step=1708 loss=0.652725 lr=9.299e-06
[train] step=1709 loss=0.191359 lr=9.298e-06
[train] step=1710 loss=0.330781 lr=9.297e-06
[train] step=1711 loss=0.359830 lr=9.296e-06
[train] step=1712 loss=0.165163 lr=9.296e-06
[train] step=1713 loss=0.429044 lr=9.295e-06
[train] step=1714 loss=0.428104 lr=9.294e-06
[train] step=1715 loss=0.569117 lr=9.293e-06
[train] step=1716 loss=0.404430 lr=9.292e-06
[train] step=1717 loss=0.589554 lr=9.292e-06
[train] step=1718 loss=0.226188 lr=9.291e-06
[train] step=1719 loss=0.326999 lr=9.290e-06
[train] step=1720 loss=0.187012 lr=9.289e-06
[train] step=1721 loss=0.472796 lr=9.288e-06
[train] step=1722 loss=0.485612 lr=9.288e-06
[train] step=1723 loss=0.189335 lr=9.287e-06
[train] step=1724 loss=0.324675 lr=9.286e-06
[train] step=1725 loss=0.520372 lr=9.285e-06
[train] step=1726 loss=0.218753 lr=9.284e-06
[train] step=1727 loss=0.386661 lr=9.283e-06
[train] step=1728 loss=0.274569 lr=9.283e-06
[train] step=1729 loss=0.114596 lr=9.282e-06
[train] step=1730 loss=0.409176 lr=9.281e-06
[train] step=1731 loss=0.191363 lr=9.280e-06
[train] step=1732 loss=0.167029 lr=9.279e-06
[train] step=1733 loss=0.363261 lr=9.279e-06
[train] step=1734 loss=0.379224 lr=9.278e-06
[train] step=1735 loss=0.893078 lr=9.277e-06
[train] step=1736 loss=0.508700 lr=9.276e-06
[train] step=1737 loss=0.229694 lr=9.275e-06
[train] step=1738 loss=0.511503 lr=9.275e-06
[train] step=1739 loss=0.397515 lr=9.274e-06
[train] step=1740 loss=0.215500 lr=9.273e-06
[train] step=1741 loss=0.385753 lr=9.272e-06
[train] step=1742 loss=0.443922 lr=9.271e-06
[train] step=1743 loss=0.233579 lr=9.270e-06
[train] step=1744 loss=0.112158 lr=9.270e-06
[train] step=1745 loss=0.425602 lr=9.269e-06
[train] step=1746 loss=0.495283 lr=9.268e-06
[train] step=1747 loss=0.206510 lr=9.267e-06
[train] step=1748 loss=0.454829 lr=9.266e-06
[train] step=1749 loss=0.482260 lr=9.266e-06
[train] step=1750 loss=0.592145 lr=9.265e-06
[train] step=1751 loss=0.106654 lr=9.264e-06
[train] step=1752 loss=0.825419 lr=9.263e-06
[train] step=1753 loss=0.483533 lr=9.262e-06
[train] step=1754 loss=0.406619 lr=9.261e-06
[train] step=1755 loss=0.225720 lr=9.261e-06
[train] step=1756 loss=0.085806 lr=9.260e-06
[train] step=1757 loss=0.136135 lr=9.259e-06
[train] step=1758 loss=0.239159 lr=9.258e-06
[train] step=1759 loss=0.498685 lr=9.257e-06
[train] step=1760 loss=0.177351 lr=9.257e-06
[train] step=1761 loss=0.420157 lr=9.256e-06
[train] step=1762 loss=0.487374 lr=9.255e-06
[train] step=1763 loss=0.535473 lr=9.254e-06
[train] step=1764 loss=0.038880 lr=9.253e-06
[train] step=1765 loss=0.471181 lr=9.252e-06
[train] step=1766 loss=0.269886 lr=9.252e-06
[train] step=1767 loss=0.476391 lr=9.251e-06
[train] step=1768 loss=0.522777 lr=9.250e-06
[train] step=1769 loss=0.266326 lr=9.249e-06
[train] step=1770 loss=0.426535 lr=9.248e-06
[train] step=1771 loss=0.297124 lr=9.247e-06
[train] step=1772 loss=0.112488 lr=9.247e-06
[train] step=1773 loss=0.374691 lr=9.246e-06
[train] step=1774 loss=0.358292 lr=9.245e-06
[train] step=1775 loss=0.220066 lr=9.244e-06
[train] step=1776 loss=0.371550 lr=9.243e-06
[train] step=1777 loss=0.210225 lr=9.242e-06
[train] step=1778 loss=0.364182 lr=9.242e-06
[train] step=1779 loss=0.084337 lr=9.241e-06
[train] step=1780 loss=0.301571 lr=9.240e-06
[train] step=1781 loss=0.347927 lr=9.239e-06
[train] step=1782 loss=0.209062 lr=9.238e-06
[train] step=1783 loss=0.135266 lr=9.237e-06
[train] step=1784 loss=0.284676 lr=9.237e-06
[train] step=1785 loss=0.813070 lr=9.236e-06
[train] step=1786 loss=0.280821 lr=9.235e-06
[train] step=1787 loss=0.138918 lr=9.234e-06
[train] step=1788 loss=0.144113 lr=9.233e-06
[train] step=1789 loss=0.177555 lr=9.232e-06
[train] step=1790 loss=0.166027 lr=9.232e-06
[train] step=1791 loss=0.250326 lr=9.231e-06
[train] step=1792 loss=0.432086 lr=9.230e-06
[train] step=1793 loss=0.110637 lr=9.229e-06
[train] step=1794 loss=0.327353 lr=9.228e-06
[train] step=1795 loss=0.410661 lr=9.227e-06
[train] step=1796 loss=0.258101 lr=9.227e-06
[train] step=1797 loss=0.186983 lr=9.226e-06
[train] step=1798 loss=0.431565 lr=9.225e-06
[train] step=1799 loss=0.568094 lr=9.224e-06
[train] step=1800 loss=0.338535 lr=9.223e-06
[val] step=1800 val_loss=0.320258
INFO     [rank 0] Model weights for step 1800 saved in       dit_trainer.py:1085
         checkpoints/model_weights_step_01800.safetensors                       
INFO     [rank 0] Scalar embedding weights for step 1800     dit_trainer.py:1092
         saved                                                                  
INFO     [rank 0] Training state saved:                      dit_trainer.py:1123
         checkpoints/model_weights_step_01800.state.pt                          
DEBUG    [rank 0] Removed old checkpoint:                    dit_trainer.py:1132
         /mnt/result/shockwave_dit_baseline/checkpoints/mode                    
         l_weights_step_01200.safetensors                                       
DEBUG    [rank 0] Removed old checkpoint:                    dit_trainer.py:1132
         /mnt/result/shockwave_dit_baseline/checkpoints/mode                    
         l_weights_step_01200.state.pt                                          
[epoch 15] step=1800 train_loss=0.331969 val_loss=0.320258
[train] step=1801 loss=0.156673 lr=9.222e-06
[train] step=1802 loss=0.434561 lr=9.222e-06
[train] step=1803 loss=0.171918 lr=9.221e-06
[train] step=1804 loss=0.704921 lr=9.220e-06
[train] step=1805 loss=0.374041 lr=9.219e-06
[train] step=1806 loss=0.562795 lr=9.218e-06
[train] step=1807 loss=0.228817 lr=9.217e-06
[train] step=1808 loss=0.382015 lr=9.217e-06
[train] step=1809 loss=0.170702 lr=9.216e-06
[train] step=1810 loss=0.581626 lr=9.215e-06
[train] step=1811 loss=0.136158 lr=9.214e-06
[train] step=1812 loss=0.158176 lr=9.213e-06
[train] step=1813 loss=0.423924 lr=9.212e-06
[train] step=1814 loss=0.461395 lr=9.211e-06
[train] step=1815 loss=0.317020 lr=9.211e-06
[train] step=1816 loss=0.301142 lr=9.210e-06
[train] step=1817 loss=0.178983 lr=9.209e-06
[train] step=1818 loss=0.243008 lr=9.208e-06
[train] step=1819 loss=0.274565 lr=9.207e-06
[train] step=1820 loss=0.401433 lr=9.206e-06
[train] step=1821 loss=0.485479 lr=9.206e-06
[train] step=1822 loss=0.180265 lr=9.205e-06
[train] step=1823 loss=0.163287 lr=9.204e-06
[train] step=1824 loss=0.456217 lr=9.203e-06
[train] step=1825 loss=0.442340 lr=9.202e-06
[train] step=1826 loss=0.084755 lr=9.201e-06
[train] step=1827 loss=0.271309 lr=9.200e-06
[train] step=1828 loss=0.123140 lr=9.200e-06
[train] step=1829 loss=0.442125 lr=9.199e-06
[train] step=1830 loss=0.436368 lr=9.198e-06
[train] step=1831 loss=0.165867 lr=9.197e-06
[train] step=1832 loss=0.415240 lr=9.196e-06
[train] step=1833 loss=0.389387 lr=9.195e-06
[train] step=1834 loss=0.281015 lr=9.194e-06
[train] step=1835 loss=0.394374 lr=9.194e-06
[train] step=1836 loss=0.253900 lr=9.193e-06
[train] step=1837 loss=0.179017 lr=9.192e-06
[train] step=1838 loss=0.178673 lr=9.191e-06
[train] step=1839 loss=0.242367 lr=9.190e-06
[train] step=1840 loss=0.162316 lr=9.189e-06
[train] step=1841 loss=0.252657 lr=9.188e-06
[train] step=1842 loss=0.113040 lr=9.188e-06
[train] step=1843 loss=0.229409 lr=9.187e-06
[train] step=1844 loss=0.207008 lr=9.186e-06
[train] step=1845 loss=0.536512 lr=9.185e-06
[train] step=1846 loss=0.240546 lr=9.184e-06
[train] step=1847 loss=0.470931 lr=9.183e-06
[train] step=1848 loss=0.061623 lr=9.182e-06
[train] step=1849 loss=0.570485 lr=9.182e-06
[train] step=1850 loss=0.240686 lr=9.181e-06
[train] step=1851 loss=0.238373 lr=9.180e-06
[train] step=1852 loss=0.685576 lr=9.179e-06
[train] step=1853 loss=0.569463 lr=9.178e-06
[train] step=1854 loss=0.140167 lr=9.177e-06
[train] step=1855 loss=0.343387 lr=9.176e-06
[train] step=1856 loss=0.353611 lr=9.176e-06
[train] step=1857 loss=0.088046 lr=9.175e-06
[train] step=1858 loss=0.321869 lr=9.174e-06
[train] step=1859 loss=0.340797 lr=9.173e-06
[train] step=1860 loss=0.288183 lr=9.172e-06
[train] step=1861 loss=0.301038 lr=9.171e-06
[train] step=1862 loss=0.339507 lr=9.170e-06
[train] step=1863 loss=0.320241 lr=9.169e-06
[train] step=1864 loss=0.451896 lr=9.169e-06
[train] step=1865 loss=0.332516 lr=9.168e-06
[train] step=1866 loss=0.588644 lr=9.167e-06
[train] step=1867 loss=0.491645 lr=9.166e-06
[train] step=1868 loss=0.393102 lr=9.165e-06
[train] step=1869 loss=0.367765 lr=9.164e-06
[train] step=1870 loss=0.368237 lr=9.163e-06
[train] step=1871 loss=0.332272 lr=9.163e-06
[train] step=1872 loss=0.217667 lr=9.162e-06
[train] step=1873 loss=0.162827 lr=9.161e-06
[train] step=1874 loss=0.393411 lr=9.160e-06
[train] step=1875 loss=0.461613 lr=9.159e-06
[train] step=1876 loss=0.477070 lr=9.158e-06
[train] step=1877 loss=0.439614 lr=9.157e-06
[train] step=1878 loss=0.262220 lr=9.156e-06
[train] step=1879 loss=0.382177 lr=9.156e-06
[train] step=1880 loss=0.136635 lr=9.155e-06
[train] step=1881 loss=0.271160 lr=9.154e-06
[train] step=1882 loss=0.412205 lr=9.153e-06
[train] step=1883 loss=0.316291 lr=9.152e-06
[train] step=1884 loss=0.051099 lr=9.151e-06
[train] step=1885 loss=0.180528 lr=9.150e-06
[train] step=1886 loss=0.074544 lr=9.149e-06
[train] step=1887 loss=0.139180 lr=9.149e-06
[train] step=1888 loss=0.331659 lr=9.148e-06
[train] step=1889 loss=0.320987 lr=9.147e-06
[train] step=1890 loss=0.258261 lr=9.146e-06
[train] step=1891 loss=0.264899 lr=9.145e-06
[train] step=1892 loss=0.361246 lr=9.144e-06
[train] step=1893 loss=0.099933 lr=9.143e-06
[train] step=1894 loss=0.089331 lr=9.142e-06
[train] step=1895 loss=0.187622 lr=9.142e-06
[train] step=1896 loss=0.381333 lr=9.141e-06
[train] step=1897 loss=0.240513 lr=9.140e-06
[train] step=1898 loss=0.258296 lr=9.139e-06
[train] step=1899 loss=0.351908 lr=9.138e-06
[train] step=1900 loss=0.213716 lr=9.137e-06
[train] step=1901 loss=0.401549 lr=9.136e-06
[train] step=1902 loss=0.145626 lr=9.135e-06
[train] step=1903 loss=0.238715 lr=9.135e-06
[train] step=1904 loss=0.627288 lr=9.134e-06
[train] step=1905 loss=0.726105 lr=9.133e-06
[train] step=1906 loss=0.339179 lr=9.132e-06
[train] step=1907 loss=0.207478 lr=9.131e-06
[train] step=1908 loss=0.370694 lr=9.130e-06
[train] step=1909 loss=0.228055 lr=9.129e-06
[train] step=1910 loss=0.377141 lr=9.128e-06
[train] step=1911 loss=0.565886 lr=9.127e-06
[train] step=1912 loss=0.187703 lr=9.127e-06
[train] step=1913 loss=0.145023 lr=9.126e-06
[train] step=1914 loss=0.683923 lr=9.125e-06
[train] step=1915 loss=0.082712 lr=9.124e-06
[train] step=1916 loss=0.830581 lr=9.123e-06
[train] step=1917 loss=0.167280 lr=9.122e-06
[train] step=1918 loss=0.312051 lr=9.121e-06
[train] step=1919 loss=0.325674 lr=9.120e-06
[train] step=1920 loss=0.327098 lr=9.119e-06
INFO     [rank 0] Model weights for step 1920 saved in       dit_trainer.py:1085
         checkpoints/model_weights_step_01920.safetensors                       
INFO     [rank 0] Scalar embedding weights for step 1920     dit_trainer.py:1092
         saved                                                                  
INFO     [rank 0] Training state saved:                      dit_trainer.py:1123
         checkpoints/model_weights_step_01920.state.pt                          
DEBUG    [rank 0] Removed old checkpoint:                    dit_trainer.py:1132
         /mnt/result/shockwave_dit_baseline/checkpoints/mode                    
         l_weights_step_01320.safetensors                                       
DEBUG    [rank 0] Removed old checkpoint:                    dit_trainer.py:1132
         /mnt/result/shockwave_dit_baseline/checkpoints/mode                    
         l_weights_step_01320.state.pt                                          
[epoch 16] step=1920 train_loss=0.316914
[train] step=1921 loss=0.137959 lr=9.119e-06
[train] step=1922 loss=0.123635 lr=9.118e-06
[train] step=1923 loss=0.109318 lr=9.117e-06
[train] step=1924 loss=0.172458 lr=9.116e-06
[train] step=1925 loss=0.273053 lr=9.115e-06
[train] step=1926 loss=0.368594 lr=9.114e-06
[train] step=1927 loss=0.290323 lr=9.113e-06
[train] step=1928 loss=0.373417 lr=9.112e-06
[train] step=1929 loss=0.306407 lr=9.111e-06
[train] step=1930 loss=0.101125 lr=9.111e-06
[train] step=1931 loss=0.435983 lr=9.110e-06
[train] step=1932 loss=0.433131 lr=9.109e-06
[train] step=1933 loss=0.078119 lr=9.108e-06
[train] step=1934 loss=0.464617 lr=9.107e-06
[train] step=1935 loss=0.192486 lr=9.106e-06
[train] step=1936 loss=0.224166 lr=9.105e-06
[train] step=1937 loss=0.354438 lr=9.104e-06
[train] step=1938 loss=0.200357 lr=9.103e-06
[train] step=1939 loss=0.321590 lr=9.102e-06
[train] step=1940 loss=0.371176 lr=9.102e-06
[train] step=1941 loss=0.711109 lr=9.101e-06
[train] step=1942 loss=0.083237 lr=9.100e-06
[train] step=1943 loss=0.445707 lr=9.099e-06
[train] step=1944 loss=0.289347 lr=9.098e-06
[train] step=1945 loss=0.165623 lr=9.097e-06
[train] step=1946 loss=0.360675 lr=9.096e-06
[train] step=1947 loss=0.435102 lr=9.095e-06
[train] step=1948 loss=0.712423 lr=9.094e-06
[train] step=1949 loss=0.151629 lr=9.093e-06
[train] step=1950 loss=0.377405 lr=9.093e-06
[train] step=1951 loss=0.192299 lr=9.092e-06
[train] step=1952 loss=0.294629 lr=9.091e-06
[train] step=1953 loss=0.383823 lr=9.090e-06
[train] step=1954 loss=0.145801 lr=9.089e-06
[train] step=1955 loss=0.305528 lr=9.088e-06
[train] step=1956 loss=0.250726 lr=9.087e-06
[train] step=1957 loss=0.430402 lr=9.086e-06
[train] step=1958 loss=0.388101 lr=9.085e-06
[train] step=1959 loss=0.105095 lr=9.084e-06
[train] step=1960 loss=0.327104 lr=9.084e-06
[train] step=1961 loss=0.294913 lr=9.083e-06
[train] step=1962 loss=0.209799 lr=9.082e-06
[train] step=1963 loss=0.409172 lr=9.081e-06
[train] step=1964 loss=0.309704 lr=9.080e-06
[train] step=1965 loss=0.078037 lr=9.079e-06
[train] step=1966 loss=0.152512 lr=9.078e-06
[train] step=1967 loss=0.327833 lr=9.077e-06
[train] step=1968 loss=0.237382 lr=9.076e-06
[train] step=1969 loss=0.270411 lr=9.075e-06
[train] step=1970 loss=0.354677 lr=9.074e-06
[train] step=1971 loss=0.220560 lr=9.074e-06
[train] step=1972 loss=0.122668 lr=9.073e-06
[train] step=1973 loss=0.203416 lr=9.072e-06
[train] step=1974 loss=0.681799 lr=9.071e-06
[train] step=1975 loss=0.273822 lr=9.070e-06
[train] step=1976 loss=0.377839 lr=9.069e-06
[train] step=1977 loss=0.420471 lr=9.068e-06
[train] step=1978 loss=0.382537 lr=9.067e-06
[train] step=1979 loss=0.271904 lr=9.066e-06
[train] step=1980 loss=0.521606 lr=9.065e-06
[train] step=1981 loss=0.279802 lr=9.064e-06
[train] step=1982 loss=0.313486 lr=9.063e-06
[train] step=1983 loss=0.871117 lr=9.063e-06
[train] step=1984 loss=0.199218 lr=9.062e-06
[train] step=1985 loss=0.206603 lr=9.061e-06
[train] step=1986 loss=0.376969 lr=9.060e-06
[train] step=1987 loss=0.449328 lr=9.059e-06
[train] step=1988 loss=0.382455 lr=9.058e-06
[train] step=1989 loss=0.180868 lr=9.057e-06
[train] step=1990 loss=0.218636 lr=9.056e-06
[train] step=1991 loss=0.094002 lr=9.055e-06
[train] step=1992 loss=0.264537 lr=9.054e-06
[train] step=1993 loss=0.238616 lr=9.053e-06
[train] step=1994 loss=0.074303 lr=9.052e-06
[train] step=1995 loss=0.421358 lr=9.052e-06
[train] step=1996 loss=0.168855 lr=9.051e-06
[train] step=1997 loss=0.858445 lr=9.050e-06
[train] step=1998 loss=0.074946 lr=9.049e-06
[train] step=1999 loss=0.580740 lr=9.048e-06
[train] step=2000 loss=0.171625 lr=9.047e-06
[train] step=2001 loss=0.341728 lr=9.046e-06
[train] step=2002 loss=0.430349 lr=9.045e-06
[train] step=2003 loss=0.280811 lr=9.044e-06
[train] step=2004 loss=0.380143 lr=9.043e-06
[train] step=2005 loss=0.308495 lr=9.042e-06
[train] step=2006 loss=0.495711 lr=9.041e-06
[train] step=2007 loss=0.115882 lr=9.040e-06
[train] step=2008 loss=0.136740 lr=9.040e-06
[train] step=2009 loss=0.383716 lr=9.039e-06
[train] step=2010 loss=0.144706 lr=9.038e-06
[train] step=2011 loss=0.356162 lr=9.037e-06
[train] step=2012 loss=0.217943 lr=9.036e-06
[train] step=2013 loss=0.270416 lr=9.035e-06
[train] step=2014 loss=0.525252 lr=9.034e-06
[train] step=2015 loss=0.390007 lr=9.033e-06
[train] step=2016 loss=0.274531 lr=9.032e-06
[train] step=2017 loss=0.322059 lr=9.031e-06
[train] step=2018 loss=0.236461 lr=9.030e-06
[train] step=2019 loss=0.234482 lr=9.029e-06
[train] step=2020 loss=0.307253 lr=9.028e-06
[train] step=2021 loss=0.268226 lr=9.028e-06
[train] step=2022 loss=0.530581 lr=9.027e-06
[train] step=2023 loss=0.402130 lr=9.026e-06
[train] step=2024 loss=0.393755 lr=9.025e-06
[train] step=2025 loss=0.225142 lr=9.024e-06
[train] step=2026 loss=0.257543 lr=9.023e-06
[train] step=2027 loss=0.277503 lr=9.022e-06
[train] step=2028 loss=0.307786 lr=9.021e-06
[train] step=2029 loss=0.485734 lr=9.020e-06
[train] step=2030 loss=0.453780 lr=9.019e-06
[train] step=2031 loss=0.223056 lr=9.018e-06
[train] step=2032 loss=0.502607 lr=9.017e-06
[train] step=2033 loss=0.614264 lr=9.016e-06
[train] step=2034 loss=0.538788 lr=9.015e-06
[train] step=2035 loss=0.593983 lr=9.014e-06
[train] step=2036 loss=0.290466 lr=9.014e-06
[train] step=2037 loss=0.283791 lr=9.013e-06
[train] step=2038 loss=0.434211 lr=9.012e-06
[train] step=2039 loss=0.361389 lr=9.011e-06
[train] step=2040 loss=0.094650 lr=9.010e-06
INFO     [rank 0] Model weights for step 2040 saved in       dit_trainer.py:1085
         checkpoints/model_weights_step_02040.safetensors                       
INFO     [rank 0] Scalar embedding weights for step 2040     dit_trainer.py:1092
         saved                                                                  
INFO     [rank 0] Training state saved:                      dit_trainer.py:1123
         checkpoints/model_weights_step_02040.state.pt                          
DEBUG    [rank 0] Removed old checkpoint:                    dit_trainer.py:1132
         /mnt/result/shockwave_dit_baseline/checkpoints/mode                    
         l_weights_step_01440.safetensors                                       
DEBUG    [rank 0] Removed old checkpoint:                    dit_trainer.py:1132
         /mnt/result/shockwave_dit_baseline/checkpoints/mode                    
         l_weights_step_01440.state.pt                                          
[epoch 17] step=2040 train_loss=0.319665
[train] step=2041 loss=0.454686 lr=9.009e-06
[train] step=2042 loss=0.175986 lr=9.008e-06
[train] step=2043 loss=0.355941 lr=9.007e-06
[train] step=2044 loss=0.352796 lr=9.006e-06
[train] step=2045 loss=0.266241 lr=9.005e-06
[train] step=2046 loss=0.550253 lr=9.004e-06
[train] step=2047 loss=0.521407 lr=9.003e-06
[train] step=2048 loss=0.107987 lr=9.002e-06
[train] step=2049 loss=0.428676 lr=9.001e-06
[train] step=2050 loss=0.160043 lr=9.000e-06
[train] step=2051 loss=0.188649 lr=8.999e-06
[train] step=2052 loss=0.248272 lr=8.998e-06
[train] step=2053 loss=0.507440 lr=8.998e-06
[train] step=2054 loss=0.134978 lr=8.997e-06
[train] step=2055 loss=0.111100 lr=8.996e-06
[train] step=2056 loss=0.266422 lr=8.995e-06
[train] step=2057 loss=0.467057 lr=8.994e-06
[train] step=2058 loss=0.208179 lr=8.993e-06
[train] step=2059 loss=0.558471 lr=8.992e-06
[train] step=2060 loss=0.216997 lr=8.991e-06
[train] step=2061 loss=0.301792 lr=8.990e-06
[train] step=2062 loss=0.349853 lr=8.989e-06
[train] step=2063 loss=0.067895 lr=8.988e-06
[train] step=2064 loss=0.356167 lr=8.987e-06
[train] step=2065 loss=0.503798 lr=8.986e-06
[train] step=2066 loss=0.251115 lr=8.985e-06
[train] step=2067 loss=0.171928 lr=8.984e-06
[train] step=2068 loss=0.251108 lr=8.983e-06
[train] step=2069 loss=0.147682 lr=8.982e-06
[train] step=2070 loss=0.364392 lr=8.981e-06
[train] step=2071 loss=0.361756 lr=8.981e-06
[train] step=2072 loss=0.408706 lr=8.980e-06
[train] step=2073 loss=0.024273 lr=8.979e-06
[train] step=2074 loss=0.242031 lr=8.978e-06
[train] step=2075 loss=0.485561 lr=8.977e-06
[train] step=2076 loss=0.550678 lr=8.976e-06
[train] step=2077 loss=0.690924 lr=8.975e-06
[train] step=2078 loss=0.443594 lr=8.974e-06
[train] step=2079 loss=0.568589 lr=8.973e-06
[train] step=2080 loss=0.190130 lr=8.972e-06
[train] step=2081 loss=0.295535 lr=8.971e-06
[train] step=2082 loss=0.186652 lr=8.970e-06
[train] step=2083 loss=0.285298 lr=8.969e-06
[train] step=2084 loss=0.432953 lr=8.968e-06
[train] step=2085 loss=0.345639 lr=8.967e-06
[train] step=2086 loss=0.265453 lr=8.966e-06
[train] step=2087 loss=0.206743 lr=8.965e-06
[train] step=2088 loss=0.638679 lr=8.964e-06
[train] step=2089 loss=0.346865 lr=8.963e-06
[train] step=2090 loss=0.413846 lr=8.962e-06
[train] step=2091 loss=0.371719 lr=8.961e-06
[train] step=2092 loss=0.312657 lr=8.960e-06
[train] step=2093 loss=0.451140 lr=8.960e-06
[train] step=2094 loss=0.456227 lr=8.959e-06
[train] step=2095 loss=0.203637 lr=8.958e-06
[train] step=2096 loss=0.194253 lr=8.957e-06
[train] step=2097 loss=0.325158 lr=8.956e-06
[train] step=2098 loss=0.482753 lr=8.955e-06
[train] step=2099 loss=0.194965 lr=8.954e-06
[train] step=2100 loss=0.255384 lr=8.953e-06
[train] step=2101 loss=0.611584 lr=8.952e-06
[train] step=2102 loss=0.439444 lr=8.951e-06
[train] step=2103 loss=0.479952 lr=8.950e-06
[train] step=2104 loss=0.618523 lr=8.949e-06
[train] step=2105 loss=0.314094 lr=8.948e-06
[train] step=2106 loss=0.321561 lr=8.947e-06
[train] step=2107 loss=0.140810 lr=8.946e-06
[train] step=2108 loss=0.272223 lr=8.945e-06
[train] step=2109 loss=0.515380 lr=8.944e-06
[train] step=2110 loss=0.176724 lr=8.943e-06
[train] step=2111 loss=0.391315 lr=8.942e-06
[train] step=2112 loss=0.496374 lr=8.941e-06
[train] step=2113 loss=0.124691 lr=8.940e-06
[train] step=2114 loss=0.213946 lr=8.939e-06
[train] step=2115 loss=0.318913 lr=8.938e-06
[train] step=2116 loss=0.319044 lr=8.937e-06
[train] step=2117 loss=0.346131 lr=8.936e-06
[train] step=2118 loss=0.391361 lr=8.935e-06
[train] step=2119 loss=0.148710 lr=8.934e-06
[train] step=2120 loss=0.097644 lr=8.933e-06
[train] step=2121 loss=0.256275 lr=8.933e-06
[train] step=2122 loss=0.126358 lr=8.932e-06
[train] step=2123 loss=0.497843 lr=8.931e-06
[train] step=2124 loss=0.320859 lr=8.930e-06
[train] step=2125 loss=0.222834 lr=8.929e-06
[train] step=2126 loss=0.342668 lr=8.928e-06
[train] step=2127 loss=0.074450 lr=8.927e-06
[train] step=2128 loss=0.861646 lr=8.926e-06
[train] step=2129 loss=0.100192 lr=8.925e-06
[train] step=2130 loss=0.155363 lr=8.924e-06
[train] step=2131 loss=0.257233 lr=8.923e-06
[train] step=2132 loss=0.249385 lr=8.922e-06
[train] step=2133 loss=0.153927 lr=8.921e-06
[train] step=2134 loss=0.253170 lr=8.920e-06
[train] step=2135 loss=0.237183 lr=8.919e-06
[train] step=2136 loss=0.396630 lr=8.918e-06
[train] step=2137 loss=0.144121 lr=8.917e-06
[train] step=2138 loss=0.175461 lr=8.916e-06
[train] step=2139 loss=0.250608 lr=8.915e-06
[train] step=2140 loss=0.293305 lr=8.914e-06
[train] step=2141 loss=0.275772 lr=8.913e-06
[train] step=2142 loss=0.291994 lr=8.912e-06
[train] step=2143 loss=0.445790 lr=8.911e-06
[train] step=2144 loss=0.249061 lr=8.910e-06
[train] step=2145 loss=0.285897 lr=8.909e-06
[train] step=2146 loss=0.101331 lr=8.908e-06
[train] step=2147 loss=0.398704 lr=8.907e-06
[train] step=2148 loss=0.143452 lr=8.906e-06
[train] step=2149 loss=0.507546 lr=8.905e-06
[train] step=2150 loss=0.334111 lr=8.904e-06
[train] step=2151 loss=0.130389 lr=8.903e-06
[train] step=2152 loss=0.204873 lr=8.902e-06
[train] step=2153 loss=0.547359 lr=8.901e-06
[train] step=2154 loss=0.313309 lr=8.900e-06
[train] step=2155 loss=0.142284 lr=8.899e-06
[train] step=2156 loss=0.307773 lr=8.898e-06
[train] step=2157 loss=0.721479 lr=8.897e-06
[train] step=2158 loss=0.137178 lr=8.896e-06
[train] step=2159 loss=0.193691 lr=8.895e-06
[train] step=2160 loss=0.362060 lr=8.894e-06
INFO     [rank 0] Model weights for step 2160 saved in       dit_trainer.py:1085
         checkpoints/model_weights_step_02160.safetensors                       
INFO     [rank 0] Scalar embedding weights for step 2160     dit_trainer.py:1092
         saved                                                                  
INFO     [rank 0] Training state saved:                      dit_trainer.py:1123
         checkpoints/model_weights_step_02160.state.pt                          
DEBUG    [rank 0] Removed old checkpoint:                    dit_trainer.py:1132
         /mnt/result/shockwave_dit_baseline/checkpoints/mode                    
         l_weights_step_01560.safetensors                                       
DEBUG    [rank 0] Removed old checkpoint:                    dit_trainer.py:1132
         /mnt/result/shockwave_dit_baseline/checkpoints/mode                    
         l_weights_step_01560.state.pt                                          
[epoch 18] step=2160 train_loss=0.313447
[train] step=2161 loss=0.477420 lr=8.893e-06
[train] step=2162 loss=0.081621 lr=8.892e-06
[train] step=2163 loss=0.216336 lr=8.891e-06
[train] step=2164 loss=0.311593 lr=8.890e-06
[train] step=2165 loss=0.622932 lr=8.889e-06
[train] step=2166 loss=0.153117 lr=8.888e-06
[train] step=2167 loss=0.258099 lr=8.888e-06
[train] step=2168 loss=0.311855 lr=8.887e-06
[train] step=2169 loss=0.369587 lr=8.886e-06
[train] step=2170 loss=0.188633 lr=8.885e-06
[train] step=2171 loss=0.242709 lr=8.884e-06
[train] step=2172 loss=0.244228 lr=8.883e-06
[train] step=2173 loss=0.248774 lr=8.882e-06
[train] step=2174 loss=0.415676 lr=8.881e-06
[train] step=2175 loss=0.190574 lr=8.880e-06
[train] step=2176 loss=0.287607 lr=8.879e-06
[train] step=2177 loss=0.183028 lr=8.878e-06
[train] step=2178 loss=0.369085 lr=8.877e-06
[train] step=2179 loss=0.154139 lr=8.876e-06
[train] step=2180 loss=0.325565 lr=8.875e-06
[train] step=2181 loss=0.301909 lr=8.874e-06
[train] step=2182 loss=0.292868 lr=8.873e-06
[train] step=2183 loss=0.298256 lr=8.872e-06
[train] step=2184 loss=0.286993 lr=8.871e-06
[train] step=2185 loss=0.158490 lr=8.870e-06
[train] step=2186 loss=0.310434 lr=8.869e-06
[train] step=2187 loss=0.652881 lr=8.868e-06
[train] step=2188 loss=0.171298 lr=8.867e-06
[train] step=2189 loss=0.484962 lr=8.866e-06
[train] step=2190 loss=0.285906 lr=8.865e-06
[train] step=2191 loss=0.230764 lr=8.864e-06
[train] step=2192 loss=0.299200 lr=8.863e-06
[train] step=2193 loss=0.078576 lr=8.862e-06
[train] step=2194 loss=0.419722 lr=8.861e-06
[train] step=2195 loss=0.478135 lr=8.860e-06
[train] step=2196 loss=0.329541 lr=8.859e-06
[train] step=2197 loss=0.240559 lr=8.858e-06
[train] step=2198 loss=0.282948 lr=8.857e-06
[train] step=2199 loss=0.346457 lr=8.856e-06
[train] step=2200 loss=0.360667 lr=8.855e-06
[train] step=2201 loss=0.451064 lr=8.854e-06
[train] step=2202 loss=0.706992 lr=8.853e-06
[train] step=2203 loss=0.351295 lr=8.852e-06
[train] step=2204 loss=0.113354 lr=8.851e-06
[train] step=2205 loss=0.332175 lr=8.850e-06
[train] step=2206 loss=0.373385 lr=8.849e-06
[train] step=2207 loss=0.721194 lr=8.848e-06
[train] step=2208 loss=0.090739 lr=8.847e-06
[train] step=2209 loss=0.454521 lr=8.846e-06
[train] step=2210 loss=0.276716 lr=8.845e-06
[train] step=2211 loss=0.135158 lr=8.844e-06
[train] step=2212 loss=0.256878 lr=8.843e-06
[train] step=2213 loss=0.372545 lr=8.842e-06
[train] step=2214 loss=0.190283 lr=8.841e-06
[train] step=2215 loss=0.153766 lr=8.840e-06
[train] step=2216 loss=0.302141 lr=8.839e-06
[train] step=2217 loss=0.323141 lr=8.838e-06
[train] step=2218 loss=0.138198 lr=8.837e-06
[train] step=2219 loss=0.538456 lr=8.836e-06
[train] step=2220 loss=0.151221 lr=8.835e-06
[train] step=2221 loss=0.584860 lr=8.834e-06
[train] step=2222 loss=0.297019 lr=8.833e-06
[train] step=2223 loss=0.143441 lr=8.832e-06
[train] step=2224 loss=0.093905 lr=8.831e-06
[train] step=2225 loss=0.328766 lr=8.830e-06
[train] step=2226 loss=0.264467 lr=8.829e-06
[train] step=2227 loss=0.268289 lr=8.828e-06
[train] step=2228 loss=0.140710 lr=8.827e-06
[train] step=2229 loss=0.236055 lr=8.826e-06
[train] step=2230 loss=0.156142 lr=8.825e-06
[train] step=2231 loss=0.379217 lr=8.824e-06
[train] step=2232 loss=0.637594 lr=8.823e-06
[train] step=2233 loss=0.509220 lr=8.822e-06
[train] step=2234 loss=0.324863 lr=8.820e-06
[train] step=2235 loss=0.459314 lr=8.819e-06
[train] step=2236 loss=0.172862 lr=8.818e-06
[train] step=2237 loss=0.261684 lr=8.817e-06
[train] step=2238 loss=0.497797 lr=8.816e-06
[train] step=2239 loss=0.420937 lr=8.815e-06
[train] step=2240 loss=0.133931 lr=8.814e-06
[train] step=2241 loss=0.191265 lr=8.813e-06
[train] step=2242 loss=0.260636 lr=8.812e-06
[train] step=2243 loss=0.487402 lr=8.811e-06
[train] step=2244 loss=0.523096 lr=8.810e-06
[train] step=2245 loss=0.248423 lr=8.809e-06
[train] step=2246 loss=0.290800 lr=8.808e-06
[train] step=2247 loss=0.576838 lr=8.807e-06
[train] step=2248 loss=0.195668 lr=8.806e-06
[train] step=2249 loss=0.257911 lr=8.805e-06
[train] step=2250 loss=0.533096 lr=8.804e-06
[train] step=2251 loss=0.775647 lr=8.803e-06
[train] step=2252 loss=0.330784 lr=8.802e-06
[train] step=2253 loss=0.630934 lr=8.801e-06
[train] step=2254 loss=0.227662 lr=8.800e-06
[train] step=2255 loss=0.335006 lr=8.799e-06
[train] step=2256 loss=0.247709 lr=8.798e-06
[train] step=2257 loss=0.446778 lr=8.797e-06
[train] step=2258 loss=0.220603 lr=8.796e-06
[train] step=2259 loss=0.238467 lr=8.795e-06
[train] step=2260 loss=0.192519 lr=8.794e-06
[train] step=2261 loss=0.453704 lr=8.793e-06
[train] step=2262 loss=0.131544 lr=8.792e-06
[train] step=2263 loss=0.277254 lr=8.791e-06
[train] step=2264 loss=0.171936 lr=8.790e-06
[train] step=2265 loss=0.198986 lr=8.789e-06
[train] step=2266 loss=0.416619 lr=8.788e-06
[train] step=2267 loss=0.148983 lr=8.787e-06
[train] step=2268 loss=0.405259 lr=8.786e-06
[train] step=2269 loss=0.304197 lr=8.785e-06
[train] step=2270 loss=0.218713 lr=8.784e-06
[train] step=2271 loss=0.150099 lr=8.783e-06
[train] step=2272 loss=0.425720 lr=8.782e-06
[train] step=2273 loss=0.238696 lr=8.781e-06
[train] step=2274 loss=0.283391 lr=8.780e-06
[train] step=2275 loss=0.117669 lr=8.779e-06
[train] step=2276 loss=0.282804 lr=8.778e-06
[train] step=2277 loss=0.352163 lr=8.777e-06
[train] step=2278 loss=0.498747 lr=8.776e-06
[train] step=2279 loss=0.126606 lr=8.775e-06
[train] step=2280 loss=0.182099 lr=8.774e-06
INFO     [rank 0] Model weights for step 2280 saved in       dit_trainer.py:1085
         checkpoints/model_weights_step_02280.safetensors                       
INFO     [rank 0] Scalar embedding weights for step 2280     dit_trainer.py:1092
         saved                                                                  
INFO     [rank 0] Training state saved:                      dit_trainer.py:1123
         checkpoints/model_weights_step_02280.state.pt                          
DEBUG    [rank 0] Removed old checkpoint:                    dit_trainer.py:1132
         /mnt/result/shockwave_dit_baseline/checkpoints/mode                    
         l_weights_step_01680.safetensors                                       
DEBUG    [rank 0] Removed old checkpoint:                    dit_trainer.py:1132
         /mnt/result/shockwave_dit_baseline/checkpoints/mode                    
         l_weights_step_01680.state.pt                                          
[epoch 19] step=2280 train_loss=0.312365
[train] step=2281 loss=0.229443 lr=8.772e-06
[train] step=2282 loss=0.288884 lr=8.771e-06
[train] step=2283 loss=0.222536 lr=8.770e-06
[train] step=2284 loss=0.348195 lr=8.769e-06
[train] step=2285 loss=0.201093 lr=8.768e-06
[train] step=2286 loss=0.385342 lr=8.767e-06
[train] step=2287 loss=0.177799 lr=8.766e-06
[train] step=2288 loss=0.385929 lr=8.765e-06
[train] step=2289 loss=0.210498 lr=8.764e-06
[train] step=2290 loss=0.468853 lr=8.763e-06
[train] step=2291 loss=0.378450 lr=8.762e-06
[train] step=2292 loss=0.300823 lr=8.761e-06
[train] step=2293 loss=0.346043 lr=8.760e-06
[train] step=2294 loss=0.314862 lr=8.759e-06
[train] step=2295 loss=0.312735 lr=8.758e-06
[train] step=2296 loss=0.613263 lr=8.757e-06
[train] step=2297 loss=0.293489 lr=8.756e-06
[train] step=2298 loss=0.309784 lr=8.755e-06
[train] step=2299 loss=0.081560 lr=8.754e-06
[train] step=2300 loss=0.107413 lr=8.753e-06
[train] step=2301 loss=0.246738 lr=8.752e-06
[train] step=2302 loss=0.177718 lr=8.751e-06
[train] step=2303 loss=0.230632 lr=8.750e-06
[train] step=2304 loss=0.105790 lr=8.749e-06
[train] step=2305 loss=0.304669 lr=8.748e-06
[train] step=2306 loss=0.345500 lr=8.747e-06
[train] step=2307 loss=0.862146 lr=8.746e-06
[train] step=2308 loss=0.412486 lr=8.745e-06
[train] step=2309 loss=0.132710 lr=8.743e-06
[train] step=2310 loss=0.290921 lr=8.742e-06
[train] step=2311 loss=0.452402 lr=8.741e-06
[train] step=2312 loss=0.461374 lr=8.740e-06
[train] step=2313 loss=0.389760 lr=8.739e-06
[train] step=2314 loss=0.137800 lr=8.738e-06
[train] step=2315 loss=0.394714 lr=8.737e-06
[train] step=2316 loss=0.120940 lr=8.736e-06
[train] step=2317 loss=0.464753 lr=8.735e-06
[train] step=2318 loss=0.192271 lr=8.734e-06
[train] step=2319 loss=0.186579 lr=8.733e-06
[train] step=2320 loss=0.278638 lr=8.732e-06
[train] step=2321 loss=0.315417 lr=8.731e-06
[train] step=2322 loss=0.610314 lr=8.730e-06
[train] step=2323 loss=0.055978 lr=8.729e-06
[train] step=2324 loss=0.534810 lr=8.728e-06
[train] step=2325 loss=0.141475 lr=8.727e-06
[train] step=2326 loss=0.099954 lr=8.726e-06
[train] step=2327 loss=0.227770 lr=8.725e-06
[train] step=2328 loss=0.256670 lr=8.724e-06
[train] step=2329 loss=0.306529 lr=8.723e-06
[train] step=2330 loss=0.694695 lr=8.722e-06
[train] step=2331 loss=0.504953 lr=8.721e-06
[train] step=2332 loss=0.520300 lr=8.719e-06
[train] step=2333 loss=0.185080 lr=8.718e-06
[train] step=2334 loss=0.191369 lr=8.717e-06
[train] step=2335 loss=0.179206 lr=8.716e-06
[train] step=2336 loss=0.154147 lr=8.715e-06
[train] step=2337 loss=0.136920 lr=8.714e-06
[train] step=2338 loss=0.259350 lr=8.713e-06
[train] step=2339 loss=0.142980 lr=8.712e-06
[train] step=2340 loss=0.403381 lr=8.711e-06
[train] step=2341 loss=0.446920 lr=8.710e-06
[train] step=2342 loss=0.248926 lr=8.709e-06
[train] step=2343 loss=0.139591 lr=8.708e-06
[train] step=2344 loss=0.317942 lr=8.707e-06
[train] step=2345 loss=0.346300 lr=8.706e-06
[train] step=2346 loss=0.227710 lr=8.705e-06
[train] step=2347 loss=0.209135 lr=8.704e-06
[train] step=2348 loss=0.220091 lr=8.703e-06
[train] step=2349 loss=0.334672 lr=8.702e-06
[train] step=2350 loss=0.352682 lr=8.701e-06
[train] step=2351 loss=0.245931 lr=8.699e-06
[train] step=2352 loss=0.142938 lr=8.698e-06
[train] step=2353 loss=0.185864 lr=8.697e-06
[train] step=2354 loss=0.154139 lr=8.696e-06
[train] step=2355 loss=0.390641 lr=8.695e-06
[train] step=2356 loss=0.523345 lr=8.694e-06
[train] step=2357 loss=0.280398 lr=8.693e-06
[train] step=2358 loss=0.146545 lr=8.692e-06
[train] step=2359 loss=0.051323 lr=8.691e-06
[train] step=2360 loss=0.462958 lr=8.690e-06
[train] step=2361 loss=0.717710 lr=8.689e-06
[train] step=2362 loss=0.242386 lr=8.688e-06
[train] step=2363 loss=0.343417 lr=8.687e-06
[train] step=2364 loss=0.160152 lr=8.686e-06
[train] step=2365 loss=0.582589 lr=8.685e-06
[train] step=2366 loss=0.189491 lr=8.684e-06
[train] step=2367 loss=0.402962 lr=8.683e-06
[train] step=2368 loss=0.389783 lr=8.681e-06
[train] step=2369 loss=0.255446 lr=8.680e-06
[train] step=2370 loss=0.355829 lr=8.679e-06
[train] step=2371 loss=0.095973 lr=8.678e-06
[train] step=2372 loss=0.076570 lr=8.677e-06
[train] step=2373 loss=0.364442 lr=8.676e-06
[train] step=2374 loss=0.050149 lr=8.675e-06
[train] step=2375 loss=0.211098 lr=8.674e-06
[train] step=2376 loss=0.048333 lr=8.673e-06
[train] step=2377 loss=0.386658 lr=8.672e-06
[train] step=2378 loss=0.486525 lr=8.671e-06
[train] step=2379 loss=0.340179 lr=8.670e-06
[train] step=2380 loss=0.486032 lr=8.669e-06
[train] step=2381 loss=0.065791 lr=8.668e-06
[train] step=2382 loss=0.430736 lr=8.667e-06
[train] step=2383 loss=0.305415 lr=8.665e-06
[train] step=2384 loss=0.487784 lr=8.664e-06
[train] step=2385 loss=0.232848 lr=8.663e-06
[train] step=2386 loss=0.180233 lr=8.662e-06
[train] step=2387 loss=0.399105 lr=8.661e-06
[train] step=2388 loss=0.579517 lr=8.660e-06
[train] step=2389 loss=0.142150 lr=8.659e-06
[train] step=2390 loss=0.215269 lr=8.658e-06
[train] step=2391 loss=0.245503 lr=8.657e-06
[train] step=2392 loss=0.420669 lr=8.656e-06
[train] step=2393 loss=0.132463 lr=8.655e-06
[train] step=2394 loss=0.142928 lr=8.654e-06
[train] step=2395 loss=0.072063 lr=8.653e-06
[train] step=2396 loss=0.223891 lr=8.652e-06
[train] step=2397 loss=0.358365 lr=8.650e-06
[train] step=2398 loss=0.112158 lr=8.649e-06
[train] step=2399 loss=0.483451 lr=8.648e-06
[train] step=2400 loss=0.292646 lr=8.647e-06
[val] step=2400 val_loss=0.310941
INFO     [rank 0] Model weights for step 2400 saved in       dit_trainer.py:1085
         checkpoints/model_weights_step_02400.safetensors                       
INFO     [rank 0] Scalar embedding weights for step 2400     dit_trainer.py:1092
         saved                                                                  
INFO     [rank 0] Training state saved:                      dit_trainer.py:1123
         checkpoints/model_weights_step_02400.state.pt                          
DEBUG    [rank 0] Removed old checkpoint:                    dit_trainer.py:1132
         /mnt/result/shockwave_dit_baseline/checkpoints/mode                    
         l_weights_step_01800.safetensors                                       
DEBUG    [rank 0] Removed old checkpoint:                    dit_trainer.py:1132
         /mnt/result/shockwave_dit_baseline/checkpoints/mode                    
         l_weights_step_01800.state.pt                                          
[epoch 20] step=2400 train_loss=0.292609 val_loss=0.310941
[train] step=2401 loss=0.310695 lr=8.646e-06
[train] step=2402 loss=0.488806 lr=8.645e-06
[train] step=2403 loss=0.242694 lr=8.644e-06
[train] step=2404 loss=0.289602 lr=8.643e-06
[train] step=2405 loss=0.239129 lr=8.642e-06
[train] step=2406 loss=0.142553 lr=8.641e-06
[train] step=2407 loss=0.281743 lr=8.640e-06
[train] step=2408 loss=0.082743 lr=8.639e-06
[train] step=2409 loss=0.245479 lr=8.638e-06
[train] step=2410 loss=0.045205 lr=8.637e-06
[train] step=2411 loss=0.221882 lr=8.635e-06
[train] step=2412 loss=0.205293 lr=8.634e-06
[train] step=2413 loss=0.136516 lr=8.633e-06
[train] step=2414 loss=0.237556 lr=8.632e-06
[train] step=2415 loss=0.126493 lr=8.631e-06
[train] step=2416 loss=0.487270 lr=8.630e-06
[train] step=2417 loss=0.319960 lr=8.629e-06
[train] step=2418 loss=0.192520 lr=8.628e-06
[train] step=2419 loss=0.463953 lr=8.627e-06
[train] step=2420 loss=0.276412 lr=8.626e-06
[train] step=2421 loss=0.220914 lr=8.625e-06
[train] step=2422 loss=0.214039 lr=8.624e-06
[train] step=2423 loss=0.273957 lr=8.622e-06
[train] step=2424 loss=0.304452 lr=8.621e-06
[train] step=2425 loss=0.609941 lr=8.620e-06
[train] step=2426 loss=0.399758 lr=8.619e-06
[train] step=2427 loss=0.582643 lr=8.618e-06
[train] step=2428 loss=0.256698 lr=8.617e-06
[train] step=2429 loss=0.469439 lr=8.616e-06
[train] step=2430 loss=0.342431 lr=8.615e-06
[train] step=2431 loss=0.133401 lr=8.614e-06
[train] step=2432 loss=0.454393 lr=8.613e-06
[train] step=2433 loss=0.538760 lr=8.612e-06
[train] step=2434 loss=0.287592 lr=8.611e-06
[train] step=2435 loss=0.445462 lr=8.609e-06
[train] step=2436 loss=0.362722 lr=8.608e-06
[train] step=2437 loss=0.258574 lr=8.607e-06
[train] step=2438 loss=0.295373 lr=8.606e-06
[train] step=2439 loss=0.222908 lr=8.605e-06
[train] step=2440 loss=0.260300 lr=8.604e-06
[train] step=2441 loss=0.240037 lr=8.603e-06
[train] step=2442 loss=0.379825 lr=8.602e-06
[train] step=2443 loss=0.124085 lr=8.601e-06
[train] step=2444 loss=0.406557 lr=8.600e-06
[train] step=2445 loss=0.301429 lr=8.599e-06
[train] step=2446 loss=0.215777 lr=8.597e-06
[train] step=2447 loss=0.410431 lr=8.596e-06
[train] step=2448 loss=0.333583 lr=8.595e-06
[train] step=2449 loss=0.364346 lr=8.594e-06
[train] step=2450 loss=0.150448 lr=8.593e-06
[train] step=2451 loss=0.337554 lr=8.592e-06
[train] step=2452 loss=0.238986 lr=8.591e-06
[train] step=2453 loss=0.303876 lr=8.590e-06
[train] step=2454 loss=0.385283 lr=8.589e-06
[train] step=2455 loss=0.152572 lr=8.588e-06
[train] step=2456 loss=0.282053 lr=8.587e-06
[train] step=2457 loss=0.174186 lr=8.585e-06
[train] step=2458 loss=0.346914 lr=8.584e-06
[train] step=2459 loss=0.088493 lr=8.583e-06
[train] step=2460 loss=0.166285 lr=8.582e-06
[train] step=2461 loss=0.291032 lr=8.581e-06
[train] step=2462 loss=0.462429 lr=8.580e-06
[train] step=2463 loss=0.278165 lr=8.579e-06
[train] step=2464 loss=0.174354 lr=8.578e-06
[train] step=2465 loss=0.555847 lr=8.577e-06
[train] step=2466 loss=0.198754 lr=8.576e-06
[train] step=2467 loss=0.596781 lr=8.575e-06
[train] step=2468 loss=0.367735 lr=8.573e-06
[train] step=2469 loss=0.360209 lr=8.572e-06
[train] step=2470 loss=0.114875 lr=8.571e-06
[train] step=2471 loss=0.486803 lr=8.570e-06
[train] step=2472 loss=0.449468 lr=8.569e-06
[train] step=2473 loss=0.299338 lr=8.568e-06
[train] step=2474 loss=0.161324 lr=8.567e-06
[train] step=2475 loss=0.085511 lr=8.566e-06
[train] step=2476 loss=0.249498 lr=8.565e-06
[train] step=2477 loss=0.522844 lr=8.564e-06
[train] step=2478 loss=0.208079 lr=8.562e-06
[train] step=2479 loss=0.264980 lr=8.561e-06
[train] step=2480 loss=0.378257 lr=8.560e-06
[train] step=2481 loss=0.396425 lr=8.559e-06
[train] step=2482 loss=0.102837 lr=8.558e-06
[train] step=2483 loss=0.170221 lr=8.557e-06
[train] step=2484 loss=0.117493 lr=8.556e-06
[train] step=2485 loss=0.509168 lr=8.555e-06
[train] step=2486 loss=0.082555 lr=8.554e-06
[train] step=2487 loss=0.159281 lr=8.552e-06
[train] step=2488 loss=0.310491 lr=8.551e-06
[train] step=2489 loss=0.260650 lr=8.550e-06
[train] step=2490 loss=0.259538 lr=8.549e-06
[train] step=2491 loss=0.121367 lr=8.548e-06
[train] step=2492 loss=0.363330 lr=8.547e-06
[train] step=2493 loss=0.156771 lr=8.546e-06
[train] step=2494 loss=0.581865 lr=8.545e-06
[train] step=2495 loss=0.283681 lr=8.544e-06
[train] step=2496 loss=0.274557 lr=8.543e-06
[train] step=2497 loss=0.162333 lr=8.541e-06
[train] step=2498 loss=0.079834 lr=8.540e-06
[train] step=2499 loss=0.277679 lr=8.539e-06
[train] step=2500 loss=0.372160 lr=8.538e-06
[train] step=2501 loss=0.138780 lr=8.537e-06
[train] step=2502 loss=0.264181 lr=8.536e-06
[train] step=2503 loss=0.215742 lr=8.535e-06
[train] step=2504 loss=0.269689 lr=8.534e-06
[train] step=2505 loss=0.213158 lr=8.533e-06
[train] step=2506 loss=0.106008 lr=8.531e-06
[train] step=2507 loss=0.055655 lr=8.530e-06
[train] step=2508 loss=0.233269 lr=8.529e-06
[train] step=2509 loss=0.359410 lr=8.528e-06
[train] step=2510 loss=0.593530 lr=8.527e-06
[train] step=2511 loss=0.143771 lr=8.526e-06
[train] step=2512 loss=0.399591 lr=8.525e-06
[train] step=2513 loss=0.198852 lr=8.524e-06
[train] step=2514 loss=0.134236 lr=8.523e-06
[train] step=2515 loss=0.625529 lr=8.521e-06
[train] step=2516 loss=0.485031 lr=8.520e-06
[train] step=2517 loss=0.556625 lr=8.519e-06
[train] step=2518 loss=0.586516 lr=8.518e-06
[train] step=2519 loss=0.332884 lr=8.517e-06
[train] step=2520 loss=0.342243 lr=8.516e-06
INFO     [rank 0] Model weights for step 2520 saved in       dit_trainer.py:1085
         checkpoints/model_weights_step_02520.safetensors                       
INFO     [rank 0] Scalar embedding weights for step 2520     dit_trainer.py:1092
         saved                                                                  
INFO     [rank 0] Training state saved:                      dit_trainer.py:1123
         checkpoints/model_weights_step_02520.state.pt                          
DEBUG    [rank 0] Removed old checkpoint:                    dit_trainer.py:1132
         /mnt/result/shockwave_dit_baseline/checkpoints/mode                    
         l_weights_step_01920.safetensors                                       
DEBUG    [rank 0] Removed old checkpoint:                    dit_trainer.py:1132
         /mnt/result/shockwave_dit_baseline/checkpoints/mode                    
         l_weights_step_01920.state.pt                                          
[epoch 21] step=2520 train_loss=0.292722
[train] step=2521 loss=0.516689 lr=8.515e-06
[train] step=2522 loss=0.381889 lr=8.514e-06
[train] step=2523 loss=0.212728 lr=8.513e-06
[train] step=2524 loss=0.336145 lr=8.511e-06
[train] step=2525 loss=0.167869 lr=8.510e-06
[train] step=2526 loss=0.453964 lr=8.509e-06
[train] step=2527 loss=0.319711 lr=8.508e-06
[train] step=2528 loss=0.501754 lr=8.507e-06
[train] step=2529 loss=0.468857 lr=8.506e-06
[train] step=2530 loss=0.316510 lr=8.505e-06
[train] step=2531 loss=0.307058 lr=8.504e-06
[train] step=2532 loss=0.162121 lr=8.502e-06
[train] step=2533 loss=0.342241 lr=8.501e-06
[train] step=2534 loss=0.255052 lr=8.500e-06
[train] step=2535 loss=0.435103 lr=8.499e-06
[train] step=2536 loss=0.101209 lr=8.498e-06
[train] step=2537 loss=0.172896 lr=8.497e-06
[train] step=2538 loss=0.220192 lr=8.496e-06
[train] step=2539 loss=0.544948 lr=8.495e-06
[train] step=2540 loss=0.227811 lr=8.493e-06
[train] step=2541 loss=0.291004 lr=8.492e-06
[train] step=2542 loss=0.373371 lr=8.491e-06
[train] step=2543 loss=0.265150 lr=8.490e-06
[train] step=2544 loss=0.235887 lr=8.489e-06
[train] step=2545 loss=0.171981 lr=8.488e-06
[train] step=2546 loss=0.786311 lr=8.487e-06
[train] step=2547 loss=0.314098 lr=8.486e-06
[train] step=2548 loss=0.405999 lr=8.484e-06
[train] step=2549 loss=0.556004 lr=8.483e-06
[train] step=2550 loss=0.137729 lr=8.482e-06
[train] step=2551 loss=0.247562 lr=8.481e-06
[train] step=2552 loss=0.340224 lr=8.480e-06
[train] step=2553 loss=0.256515 lr=8.479e-06
[train] step=2554 loss=0.315742 lr=8.478e-06
[train] step=2555 loss=0.347256 lr=8.477e-06
[train] step=2556 loss=0.292310 lr=8.475e-06
[train] step=2557 loss=0.166391 lr=8.474e-06
[train] step=2558 loss=0.239821 lr=8.473e-06
[train] step=2559 loss=0.035165 lr=8.472e-06
[train] step=2560 loss=0.165021 lr=8.471e-06
[train] step=2561 loss=0.470522 lr=8.470e-06
[train] step=2562 loss=0.350175 lr=8.469e-06
[train] step=2563 loss=0.341682 lr=8.468e-06
[train] step=2564 loss=0.152191 lr=8.466e-06
[train] step=2565 loss=0.141896 lr=8.465e-06
[train] step=2566 loss=0.447942 lr=8.464e-06
[train] step=2567 loss=0.227675 lr=8.463e-06
[train] step=2568 loss=0.269503 lr=8.462e-06
[train] step=2569 loss=0.153443 lr=8.461e-06
[train] step=2570 loss=0.310271 lr=8.460e-06
[train] step=2571 loss=0.251474 lr=8.458e-06
[train] step=2572 loss=0.331060 lr=8.457e-06
[train] step=2573 loss=0.471699 lr=8.456e-06
[train] step=2574 loss=0.184404 lr=8.455e-06
[train] step=2575 loss=0.086068 lr=8.454e-06
[train] step=2576 loss=0.165615 lr=8.453e-06
[train] step=2577 loss=0.066798 lr=8.452e-06
[train] step=2578 loss=0.351165 lr=8.451e-06
[train] step=2579 loss=0.172129 lr=8.449e-06
[train] step=2580 loss=0.111620 lr=8.448e-06
[train] step=2581 loss=0.109994 lr=8.447e-06
[train] step=2582 loss=0.648061 lr=8.446e-06
[train] step=2583 loss=0.359067 lr=8.445e-06
[train] step=2584 loss=0.299375 lr=8.444e-06
[train] step=2585 loss=0.084460 lr=8.443e-06
[train] step=2586 loss=0.592115 lr=8.441e-06
[train] step=2587 loss=0.434914 lr=8.440e-06
[train] step=2588 loss=0.402218 lr=8.439e-06
[train] step=2589 loss=0.150881 lr=8.438e-06
[train] step=2590 loss=0.235752 lr=8.437e-06
[train] step=2591 loss=0.257846 lr=8.436e-06
[train] step=2592 loss=0.177236 lr=8.435e-06
[train] step=2593 loss=0.610763 lr=8.433e-06
[train] step=2594 loss=0.093050 lr=8.432e-06
[train] step=2595 loss=0.647975 lr=8.431e-06
[train] step=2596 loss=0.204630 lr=8.430e-06
[train] step=2597 loss=0.331679 lr=8.429e-06
[train] step=2598 loss=0.352691 lr=8.428e-06
[train] step=2599 loss=0.411580 lr=8.427e-06
[train] step=2600 loss=0.346581 lr=8.425e-06
[train] step=2601 loss=0.882386 lr=8.424e-06
[train] step=2602 loss=0.181553 lr=8.423e-06
[train] step=2603 loss=0.291758 lr=8.422e-06
[train] step=2604 loss=0.416478 lr=8.421e-06
[train] step=2605 loss=0.424824 lr=8.420e-06
[train] step=2606 loss=0.205302 lr=8.419e-06
[train] step=2607 loss=0.346711 lr=8.417e-06
[train] step=2608 loss=0.554642 lr=8.416e-06
[train] step=2609 loss=0.163775 lr=8.415e-06
[train] step=2610 loss=0.315104 lr=8.414e-06
[train] step=2611 loss=0.164592 lr=8.413e-06
[train] step=2612 loss=0.296735 lr=8.412e-06
[train] step=2613 loss=0.204784 lr=8.411e-06
[train] step=2614 loss=0.101462 lr=8.409e-06
[train] step=2615 loss=0.230913 lr=8.408e-06
[train] step=2616 loss=0.400629 lr=8.407e-06
[train] step=2617 loss=0.475359 lr=8.406e-06
[train] step=2618 loss=0.102640 lr=8.405e-06
[train] step=2619 loss=0.310595 lr=8.404e-06
[train] step=2620 loss=0.507806 lr=8.403e-06
[train] step=2621 loss=0.777781 lr=8.401e-06
[train] step=2622 loss=0.210289 lr=8.400e-06
[train] step=2623 loss=0.261808 lr=8.399e-06
[train] step=2624 loss=0.222960 lr=8.398e-06
[train] step=2625 loss=0.277892 lr=8.397e-06
[train] step=2626 loss=0.355253 lr=8.396e-06
[train] step=2627 loss=0.297658 lr=8.394e-06
[train] step=2628 loss=0.310161 lr=8.393e-06
[train] step=2629 loss=0.147659 lr=8.392e-06
[train] step=2630 loss=0.287046 lr=8.391e-06
[train] step=2631 loss=0.117897 lr=8.390e-06
[train] step=2632 loss=0.312990 lr=8.389e-06
[train] step=2633 loss=0.307399 lr=8.388e-06
[train] step=2634 loss=0.510857 lr=8.386e-06
[train] step=2635 loss=0.193782 lr=8.385e-06
[train] step=2636 loss=0.089581 lr=8.384e-06
[train] step=2637 loss=0.644550 lr=8.383e-06
[train] step=2638 loss=0.542132 lr=8.382e-06
[train] step=2639 loss=0.464568 lr=8.381e-06
[train] step=2640 loss=0.310789 lr=8.379e-06
INFO     [rank 0] Model weights for step 2640 saved in       dit_trainer.py:1085
         checkpoints/model_weights_step_02640.safetensors                       
INFO     [rank 0] Scalar embedding weights for step 2640     dit_trainer.py:1092
         saved                                                                  
INFO     [rank 0] Training state saved:                      dit_trainer.py:1123
         checkpoints/model_weights_step_02640.state.pt                          
DEBUG    [rank 0] Removed old checkpoint:                    dit_trainer.py:1132
         /mnt/result/shockwave_dit_baseline/checkpoints/mode                    
         l_weights_step_02040.safetensors                                       
DEBUG    [rank 0] Removed old checkpoint:                    dit_trainer.py:1132
         /mnt/result/shockwave_dit_baseline/checkpoints/mode                    
         l_weights_step_02040.state.pt                                          
[epoch 22] step=2640 train_loss=0.312075
[train] step=2641 loss=0.247673 lr=8.378e-06
[train] step=2642 loss=0.072848 lr=8.377e-06
[train] step=2643 loss=0.184256 lr=8.376e-06
[train] step=2644 loss=0.181326 lr=8.375e-06
[train] step=2645 loss=0.166334 lr=8.374e-06
[train] step=2646 loss=0.323547 lr=8.372e-06
[train] step=2647 loss=0.443991 lr=8.371e-06
[train] step=2648 loss=0.290758 lr=8.370e-06
[train] step=2649 loss=0.318321 lr=8.369e-06
[train] step=2650 loss=0.159342 lr=8.368e-06
[train] step=2651 loss=0.270268 lr=8.367e-06
[train] step=2652 loss=0.380472 lr=8.366e-06
[train] step=2653 loss=0.238653 lr=8.364e-06
[train] step=2654 loss=0.100082 lr=8.363e-06
[train] step=2655 loss=0.359200 lr=8.362e-06
[train] step=2656 loss=0.334419 lr=8.361e-06
[train] step=2657 loss=0.448358 lr=8.360e-06
[train] step=2658 loss=0.383117 lr=8.359e-06
[train] step=2659 loss=0.562779 lr=8.357e-06
[train] step=2660 loss=0.281030 lr=8.356e-06
[train] step=2661 loss=0.303364 lr=8.355e-06
[train] step=2662 loss=0.406042 lr=8.354e-06
[train] step=2663 loss=0.641022 lr=8.353e-06
[train] step=2664 loss=0.264406 lr=8.352e-06
[train] step=2665 loss=0.317313 lr=8.350e-06
[train] step=2666 loss=0.233929 lr=8.349e-06
[train] step=2667 loss=0.251102 lr=8.348e-06
[train] step=2668 loss=0.462709 lr=8.347e-06
[train] step=2669 loss=0.379639 lr=8.346e-06
[train] step=2670 loss=0.512410 lr=8.345e-06
[train] step=2671 loss=0.337280 lr=8.343e-06
[train] step=2672 loss=0.164984 lr=8.342e-06
[train] step=2673 loss=0.168407 lr=8.341e-06
[train] step=2674 loss=0.310213 lr=8.340e-06
[train] step=2675 loss=0.565544 lr=8.339e-06
[train] step=2676 loss=0.197753 lr=8.338e-06
[train] step=2677 loss=0.590515 lr=8.336e-06
[train] step=2678 loss=0.147587 lr=8.335e-06
[train] step=2679 loss=0.432733 lr=8.334e-06
[train] step=2680 loss=0.297991 lr=8.333e-06
[train] step=2681 loss=0.235627 lr=8.332e-06
[train] step=2682 loss=0.429532 lr=8.331e-06
[train] step=2683 loss=0.177014 lr=8.329e-06
[train] step=2684 loss=0.299190 lr=8.328e-06
[train] step=2685 loss=0.202795 lr=8.327e-06
[train] step=2686 loss=0.280764 lr=8.326e-06
[train] step=2687 loss=0.689088 lr=8.325e-06
[train] step=2688 loss=0.134678 lr=8.324e-06
[train] step=2689 loss=0.475633 lr=8.322e-06
[train] step=2690 loss=0.242928 lr=8.321e-06
[train] step=2691 loss=0.236977 lr=8.320e-06
[train] step=2692 loss=0.753125 lr=8.319e-06
[train] step=2693 loss=0.239870 lr=8.318e-06
[train] step=2694 loss=0.934491 lr=8.316e-06
[train] step=2695 loss=0.343857 lr=8.315e-06
[train] step=2696 loss=0.237711 lr=8.314e-06
[train] step=2697 loss=0.217684 lr=8.313e-06
[train] step=2698 loss=0.293509 lr=8.312e-06
[train] step=2699 loss=0.399771 lr=8.311e-06
[train] step=2700 loss=0.160751 lr=8.309e-06
[train] step=2701 loss=0.184541 lr=8.308e-06
[train] step=2702 loss=0.734197 lr=8.307e-06
[train] step=2703 loss=0.492434 lr=8.306e-06
[train] step=2704 loss=0.390366 lr=8.305e-06
[train] step=2705 loss=0.277639 lr=8.304e-06
[train] step=2706 loss=0.153884 lr=8.302e-06
[train] step=2707 loss=0.191515 lr=8.301e-06
[train] step=2708 loss=0.074641 lr=8.300e-06
[train] step=2709 loss=0.262463 lr=8.299e-06
[train] step=2710 loss=0.444542 lr=8.298e-06
[train] step=2711 loss=0.213771 lr=8.296e-06
[train] step=2712 loss=0.319616 lr=8.295e-06
[train] step=2713 loss=0.164300 lr=8.294e-06
[train] step=2714 loss=0.375981 lr=8.293e-06
[train] step=2715 loss=0.301200 lr=8.292e-06
[train] step=2716 loss=0.054156 lr=8.291e-06
[train] step=2717 loss=0.574479 lr=8.289e-06
[train] step=2718 loss=0.410573 lr=8.288e-06
[train] step=2719 loss=0.472021 lr=8.287e-06
[train] step=2720 loss=0.279543 lr=8.286e-06
[train] step=2721 loss=0.123995 lr=8.285e-06
[train] step=2722 loss=0.581060 lr=8.283e-06
[train] step=2723 loss=0.411863 lr=8.282e-06
[train] step=2724 loss=0.345107 lr=8.281e-06
[train] step=2725 loss=0.103662 lr=8.280e-06
[train] step=2726 loss=0.551733 lr=8.279e-06
[train] step=2727 loss=0.309371 lr=8.278e-06
[train] step=2728 loss=0.367984 lr=8.276e-06
[train] step=2729 loss=0.557929 lr=8.275e-06
[train] step=2730 loss=0.123894 lr=8.274e-06
[train] step=2731 loss=0.319629 lr=8.273e-06
[train] step=2732 loss=0.177651 lr=8.272e-06
[train] step=2733 loss=0.247135 lr=8.270e-06
[train] step=2734 loss=0.626122 lr=8.269e-06
[train] step=2735 loss=0.349499 lr=8.268e-06
[train] step=2736 loss=0.496570 lr=8.267e-06
[train] step=2737 loss=0.318253 lr=8.266e-06
[train] step=2738 loss=0.207257 lr=8.264e-06
[train] step=2739 loss=0.222452 lr=8.263e-06
[train] step=2740 loss=0.632067 lr=8.262e-06
[train] step=2741 loss=0.495102 lr=8.261e-06
[train] step=2742 loss=0.094028 lr=8.260e-06
[train] step=2743 loss=0.698459 lr=8.259e-06
[train] step=2744 loss=0.634265 lr=8.257e-06
[train] step=2745 loss=0.308497 lr=8.256e-06
[train] step=2746 loss=0.294976 lr=8.255e-06
[train] step=2747 loss=0.306608 lr=8.254e-06
[train] step=2748 loss=0.322677 lr=8.253e-06
[train] step=2749 loss=0.079495 lr=8.251e-06
[train] step=2750 loss=0.280786 lr=8.250e-06
[train] step=2751 loss=0.304297 lr=8.249e-06
[train] step=2752 loss=0.134641 lr=8.248e-06
[train] step=2753 loss=0.136020 lr=8.247e-06
[train] step=2754 loss=0.272880 lr=8.245e-06
[train] step=2755 loss=0.353686 lr=8.244e-06
[train] step=2756 loss=0.104656 lr=8.243e-06
[train] step=2757 loss=0.258365 lr=8.242e-06
[train] step=2758 loss=0.281470 lr=8.241e-06
[train] step=2759 loss=0.596125 lr=8.239e-06
[train] step=2760 loss=0.269704 lr=8.238e-06
INFO     [rank 0] Model weights for step 2760 saved in       dit_trainer.py:1085
         checkpoints/model_weights_step_02760.safetensors                       
INFO     [rank 0] Scalar embedding weights for step 2760     dit_trainer.py:1092
         saved                                                                  
INFO     [rank 0] Training state saved:                      dit_trainer.py:1123
         checkpoints/model_weights_step_02760.state.pt                          
DEBUG    [rank 0] Removed old checkpoint:                    dit_trainer.py:1132
         /mnt/result/shockwave_dit_baseline/checkpoints/mode                    
         l_weights_step_02160.safetensors                                       
DEBUG    [rank 0] Removed old checkpoint:                    dit_trainer.py:1132
         /mnt/result/shockwave_dit_baseline/checkpoints/mode                    
         l_weights_step_02160.state.pt                                          
[epoch 23] step=2760 train_loss=0.328580
[train] step=2761 loss=0.125160 lr=8.237e-06
[train] step=2762 loss=0.268913 lr=8.236e-06
[train] step=2763 loss=0.500510 lr=8.235e-06
[train] step=2764 loss=0.214169 lr=8.233e-06
[train] step=2765 loss=0.410139 lr=8.232e-06
[train] step=2766 loss=0.277270 lr=8.231e-06
[train] step=2767 loss=0.310727 lr=8.230e-06
[train] step=2768 loss=0.248473 lr=8.229e-06
[train] step=2769 loss=0.237446 lr=8.227e-06
[train] step=2770 loss=0.340892 lr=8.226e-06
[train] step=2771 loss=0.332089 lr=8.225e-06
[train] step=2772 loss=0.367678 lr=8.224e-06
[train] step=2773 loss=0.368699 lr=8.223e-06
[train] step=2774 loss=0.282366 lr=8.221e-06
[train] step=2775 loss=0.451619 lr=8.220e-06
[train] step=2776 loss=0.087837 lr=8.219e-06
[train] step=2777 loss=0.124890 lr=8.218e-06
[train] step=2778 loss=0.226683 lr=8.217e-06
[train] step=2779 loss=0.275132 lr=8.215e-06
[train] step=2780 loss=0.322283 lr=8.214e-06
[train] step=2781 loss=0.374276 lr=8.213e-06
[train] step=2782 loss=0.577279 lr=8.212e-06
[train] step=2783 loss=0.397054 lr=8.211e-06
[train] step=2784 loss=0.256295 lr=8.209e-06
[train] step=2785 loss=0.183264 lr=8.208e-06
[train] step=2786 loss=0.081941 lr=8.207e-06
[train] step=2787 loss=0.392301 lr=8.206e-06
[train] step=2788 loss=0.528937 lr=8.205e-06
[train] step=2789 loss=0.166949 lr=8.203e-06
[train] step=2790 loss=0.326380 lr=8.202e-06
[train] step=2791 loss=0.430801 lr=8.201e-06
[train] step=2792 loss=0.238589 lr=8.200e-06
[train] step=2793 loss=0.187775 lr=8.199e-06
[train] step=2794 loss=0.162315 lr=8.197e-06
[train] step=2795 loss=0.328937 lr=8.196e-06
[train] step=2796 loss=0.661373 lr=8.195e-06
[train] step=2797 loss=0.168911 lr=8.194e-06
[train] step=2798 loss=0.175267 lr=8.193e-06
[train] step=2799 loss=0.424238 lr=8.191e-06
[train] step=2800 loss=0.337767 lr=8.190e-06
[train] step=2801 loss=0.172002 lr=8.189e-06
[train] step=2802 loss=0.370361 lr=8.188e-06
[train] step=2803 loss=0.178684 lr=8.187e-06
[train] step=2804 loss=0.332625 lr=8.185e-06
[train] step=2805 loss=0.184875 lr=8.184e-06
[train] step=2806 loss=0.174258 lr=8.183e-06
[train] step=2807 loss=0.626408 lr=8.182e-06
[train] step=2808 loss=0.214079 lr=8.180e-06
[train] step=2809 loss=0.481252 lr=8.179e-06
[train] step=2810 loss=0.064957 lr=8.178e-06
[train] step=2811 loss=0.678597 lr=8.177e-06
[train] step=2812 loss=0.046588 lr=8.176e-06
[train] step=2813 loss=0.217724 lr=8.174e-06
[train] step=2814 loss=0.371775 lr=8.173e-06
[train] step=2815 loss=0.215298 lr=8.172e-06
[train] step=2816 loss=0.464476 lr=8.171e-06
[train] step=2817 loss=0.415567 lr=8.170e-06
[train] step=2818 loss=0.283964 lr=8.168e-06
[train] step=2819 loss=0.074311 lr=8.167e-06
[train] step=2820 loss=0.269172 lr=8.166e-06
[train] step=2821 loss=0.194549 lr=8.165e-06
[train] step=2822 loss=0.061058 lr=8.163e-06
[train] step=2823 loss=0.306386 lr=8.162e-06
[train] step=2824 loss=0.150223 lr=8.161e-06
[train] step=2825 loss=0.644081 lr=8.160e-06
[train] step=2826 loss=0.383366 lr=8.159e-06
[train] step=2827 loss=0.087695 lr=8.157e-06
[train] step=2828 loss=0.573018 lr=8.156e-06
[train] step=2829 loss=0.184991 lr=8.155e-06
[train] step=2830 loss=0.433284 lr=8.154e-06
[train] step=2831 loss=0.253630 lr=8.153e-06
[train] step=2832 loss=0.761353 lr=8.151e-06
[train] step=2833 loss=0.448846 lr=8.150e-06
[train] step=2834 loss=0.194513 lr=8.149e-06
[train] step=2835 loss=0.205297 lr=8.148e-06
[train] step=2836 loss=0.124454 lr=8.146e-06
[train] step=2837 loss=0.227734 lr=8.145e-06
[train] step=2838 loss=0.622828 lr=8.144e-06
[train] step=2839 loss=0.271461 lr=8.143e-06
[train] step=2840 loss=0.266711 lr=8.142e-06
[train] step=2841 loss=0.153269 lr=8.140e-06
[train] step=2842 loss=0.143366 lr=8.139e-06
[train] step=2843 loss=0.188148 lr=8.138e-06
[train] step=2844 loss=0.291789 lr=8.137e-06
[train] step=2845 loss=0.300294 lr=8.135e-06
[train] step=2846 loss=0.457877 lr=8.134e-06
[train] step=2847 loss=0.154145 lr=8.133e-06
[train] step=2848 loss=0.297184 lr=8.132e-06
[train] step=2849 loss=0.232612 lr=8.131e-06
[train] step=2850 loss=0.601832 lr=8.129e-06
[train] step=2851 loss=0.127595 lr=8.128e-06
[train] step=2852 loss=0.190965 lr=8.127e-06
[train] step=2853 loss=0.072200 lr=8.126e-06
[train] step=2854 loss=0.566516 lr=8.124e-06
[train] step=2855 loss=0.206922 lr=8.123e-06
[train] step=2856 loss=0.423657 lr=8.122e-06
[train] step=2857 loss=0.275067 lr=8.121e-06
[train] step=2858 loss=0.181447 lr=8.120e-06
[train] step=2859 loss=0.240730 lr=8.118e-06
[train] step=2860 loss=0.165900 lr=8.117e-06
[train] step=2861 loss=0.273937 lr=8.116e-06
[train] step=2862 loss=0.195457 lr=8.115e-06
[train] step=2863 loss=0.259571 lr=8.113e-06
[train] step=2864 loss=0.279188 lr=8.112e-06
[train] step=2865 loss=0.234299 lr=8.111e-06
[train] step=2866 loss=0.156433 lr=8.110e-06
[train] step=2867 loss=0.280238 lr=8.108e-06
[train] step=2868 loss=0.322391 lr=8.107e-06
[train] step=2869 loss=0.565185 lr=8.106e-06
[train] step=2870 loss=0.220867 lr=8.105e-06
[train] step=2871 loss=0.250720 lr=8.104e-06
[train] step=2872 loss=0.693127 lr=8.102e-06
[train] step=2873 loss=0.180505 lr=8.101e-06
[train] step=2874 loss=0.552324 lr=8.100e-06
[train] step=2875 loss=0.301285 lr=8.099e-06
[train] step=2876 loss=0.302280 lr=8.097e-06
[train] step=2877 loss=0.185146 lr=8.096e-06
[train] step=2878 loss=0.491408 lr=8.095e-06
[train] step=2879 loss=0.618157 lr=8.094e-06
[train] step=2880 loss=0.122492 lr=8.092e-06
INFO     [rank 0] Model weights for step 2880 saved in       dit_trainer.py:1085
         checkpoints/model_weights_step_02880.safetensors                       
INFO     [rank 0] Scalar embedding weights for step 2880     dit_trainer.py:1092
         saved                                                                  
INFO     [rank 0] Training state saved:                      dit_trainer.py:1123
         checkpoints/model_weights_step_02880.state.pt                          
DEBUG    [rank 0] Removed old checkpoint:                    dit_trainer.py:1132
         /mnt/result/shockwave_dit_baseline/checkpoints/mode                    
         l_weights_step_02280.safetensors                                       
DEBUG    [rank 0] Removed old checkpoint:                    dit_trainer.py:1132
         /mnt/result/shockwave_dit_baseline/checkpoints/mode                    
         l_weights_step_02280.state.pt                                          
[epoch 24] step=2880 train_loss=0.302582
[train] step=2881 loss=0.432109 lr=8.091e-06
[train] step=2882 loss=0.307521 lr=8.090e-06
[train] step=2883 loss=0.573796 lr=8.089e-06
[train] step=2884 loss=0.472201 lr=8.088e-06
[train] step=2885 loss=0.163773 lr=8.086e-06
[train] step=2886 loss=0.223274 lr=8.085e-06
[train] step=2887 loss=0.349453 lr=8.084e-06
[train] step=2888 loss=0.320985 lr=8.083e-06
[train] step=2889 loss=0.205672 lr=8.081e-06
[train] step=2890 loss=0.277306 lr=8.080e-06
[train] step=2891 loss=0.122449 lr=8.079e-06
[train] step=2892 loss=0.808534 lr=8.078e-06
[train] step=2893 loss=0.419211 lr=8.076e-06
[train] step=2894 loss=0.174474 lr=8.075e-06
[train] step=2895 loss=0.243254 lr=8.074e-06
[train] step=2896 loss=0.279772 lr=8.073e-06
[train] step=2897 loss=0.311529 lr=8.071e-06
[train] step=2898 loss=0.328520 lr=8.070e-06
[train] step=2899 loss=0.101956 lr=8.069e-06
[train] step=2900 loss=0.205542 lr=8.068e-06
[train] step=2901 loss=0.127280 lr=8.066e-06
[train] step=2902 loss=0.303694 lr=8.065e-06
[train] step=2903 loss=0.422088 lr=8.064e-06
[train] step=2904 loss=0.284700 lr=8.063e-06
[train] step=2905 loss=0.332998 lr=8.062e-06
[train] step=2906 loss=0.253743 lr=8.060e-06
[train] step=2907 loss=0.307857 lr=8.059e-06
[train] step=2908 loss=0.143772 lr=8.058e-06
[train] step=2909 loss=0.253928 lr=8.057e-06
[train] step=2910 loss=0.657124 lr=8.055e-06
[train] step=2911 loss=0.173611 lr=8.054e-06
[train] step=2912 loss=0.378080 lr=8.053e-06
[train] step=2913 loss=0.437084 lr=8.052e-06
[train] step=2914 loss=0.259484 lr=8.050e-06
[train] step=2915 loss=0.113140 lr=8.049e-06
[train] step=2916 loss=0.378502 lr=8.048e-06
[train] step=2917 loss=0.669832 lr=8.047e-06
[train] step=2918 loss=0.348612 lr=8.045e-06
[train] step=2919 loss=0.165410 lr=8.044e-06
[train] step=2920 loss=0.340654 lr=8.043e-06
[train] step=2921 loss=0.501505 lr=8.042e-06
[train] step=2922 loss=0.281424 lr=8.040e-06
[train] step=2923 loss=0.372178 lr=8.039e-06
[train] step=2924 loss=0.344643 lr=8.038e-06
[train] step=2925 loss=0.243762 lr=8.037e-06
[train] step=2926 loss=0.264622 lr=8.035e-06
[train] step=2927 loss=0.270288 lr=8.034e-06
[train] step=2928 loss=0.307131 lr=8.033e-06
[train] step=2929 loss=0.443214 lr=8.032e-06
[train] step=2930 loss=0.349938 lr=8.030e-06
[train] step=2931 loss=0.252414 lr=8.029e-06
[train] step=2932 loss=0.248202 lr=8.028e-06
[train] step=2933 loss=0.316627 lr=8.027e-06
[train] step=2934 loss=0.216012 lr=8.025e-06
[train] step=2935 loss=0.290170 lr=8.024e-06
[train] step=2936 loss=0.140476 lr=8.023e-06
[train] step=2937 loss=0.289060 lr=8.022e-06
[train] step=2938 loss=0.183396 lr=8.020e-06
[train] step=2939 loss=0.885008 lr=8.019e-06
[train] step=2940 loss=0.120990 lr=8.018e-06
[train] step=2941 loss=0.409709 lr=8.017e-06
[train] step=2942 loss=0.453603 lr=8.015e-06
[train] step=2943 loss=0.359665 lr=8.014e-06
[train] step=2944 loss=0.308281 lr=8.013e-06
[train] step=2945 loss=0.078994 lr=8.012e-06
[train] step=2946 loss=0.494460 lr=8.010e-06
[train] step=2947 loss=0.409787 lr=8.009e-06
[train] step=2948 loss=0.314994 lr=8.008e-06
[train] step=2949 loss=0.448931 lr=8.007e-06
[train] step=2950 loss=0.224509 lr=8.005e-06
[train] step=2951 loss=0.183131 lr=8.004e-06
[train] step=2952 loss=0.436811 lr=8.003e-06
[train] step=2953 loss=0.128920 lr=8.002e-06
[train] step=2954 loss=0.249291 lr=8.000e-06
[train] step=2955 loss=0.291114 lr=7.999e-06
[train] step=2956 loss=0.128419 lr=7.998e-06
[train] step=2957 loss=0.173039 lr=7.997e-06
[train] step=2958 loss=0.424994 lr=7.995e-06
[train] step=2959 loss=0.233316 lr=7.994e-06
[train] step=2960 loss=0.576737 lr=7.993e-06
[train] step=2961 loss=0.093893 lr=7.992e-06
[train] step=2962 loss=0.535239 lr=7.990e-06
[train] step=2963 loss=0.060182 lr=7.989e-06
[train] step=2964 loss=0.143342 lr=7.988e-06
[train] step=2965 loss=0.197082 lr=7.987e-06
[train] step=2966 loss=0.066554 lr=7.985e-06
[train] step=2967 loss=0.231930 lr=7.984e-06
[train] step=2968 loss=0.293296 lr=7.983e-06
[train] step=2969 loss=0.449766 lr=7.981e-06
[train] step=2970 loss=0.245761 lr=7.980e-06
[train] step=2971 loss=0.394844 lr=7.979e-06
[train] step=2972 loss=0.243029 lr=7.978e-06
[train] step=2973 loss=0.337435 lr=7.976e-06
[train] step=2974 loss=0.098611 lr=7.975e-06
[train] step=2975 loss=0.326589 lr=7.974e-06
[train] step=2976 loss=0.389339 lr=7.973e-06
[train] step=2977 loss=0.363229 lr=7.971e-06
[train] step=2978 loss=0.221423 lr=7.970e-06
[train] step=2979 loss=0.270137 lr=7.969e-06
[train] step=2980 loss=0.665795 lr=7.968e-06
[train] step=2981 loss=0.134718 lr=7.966e-06
[train] step=2982 loss=0.245369 lr=7.965e-06
[train] step=2983 loss=0.611334 lr=7.964e-06
[train] step=2984 loss=0.174433 lr=7.963e-06
[train] step=2985 loss=0.440074 lr=7.961e-06
[train] step=2986 loss=0.248925 lr=7.960e-06
[train] step=2987 loss=0.343332 lr=7.959e-06
[train] step=2988 loss=0.317592 lr=7.957e-06
[train] step=2989 loss=0.606793 lr=7.956e-06
[train] step=2990 loss=0.424567 lr=7.955e-06
[train] step=2991 loss=0.097411 lr=7.954e-06
[train] step=2992 loss=0.160240 lr=7.952e-06
[train] step=2993 loss=0.370970 lr=7.951e-06
[train] step=2994 loss=0.481263 lr=7.950e-06
[train] step=2995 loss=0.293560 lr=7.949e-06
[train] step=2996 loss=0.325317 lr=7.947e-06
[train] step=2997 loss=0.341135 lr=7.946e-06
[train] step=2998 loss=0.545473 lr=7.945e-06
[train] step=2999 loss=0.218117 lr=7.944e-06
[train] step=3000 loss=0.252513 lr=7.942e-06
[val] step=3000 val_loss=0.303204
INFO     [rank 0] Model weights for step 3000 saved in       dit_trainer.py:1085
         checkpoints/model_weights_step_03000.safetensors                       
INFO     [rank 0] Scalar embedding weights for step 3000     dit_trainer.py:1092
         saved                                                                  
INFO     [rank 0] Training state saved:                      dit_trainer.py:1123
         checkpoints/model_weights_step_03000.state.pt                          
DEBUG    [rank 0] Removed old checkpoint:                    dit_trainer.py:1132
         /mnt/result/shockwave_dit_baseline/checkpoints/mode                    
         l_weights_step_02400.safetensors                                       
DEBUG    [rank 0] Removed old checkpoint:                    dit_trainer.py:1132
         /mnt/result/shockwave_dit_baseline/checkpoints/mode                    
         l_weights_step_02400.state.pt                                          
[epoch 25] step=3000 train_loss=0.312111 val_loss=0.303204
[train] step=3001 loss=0.562636 lr=7.941e-06
[train] step=3002 loss=0.344017 lr=7.940e-06
[train] step=3003 loss=0.233369 lr=7.938e-06
[train] step=3004 loss=0.425740 lr=7.937e-06
[train] step=3005 loss=0.047353 lr=7.936e-06
[train] step=3006 loss=0.400063 lr=7.935e-06
[train] step=3007 loss=0.194426 lr=7.933e-06
[train] step=3008 loss=0.603731 lr=7.932e-06
[train] step=3009 loss=0.049769 lr=7.931e-06
[train] step=3010 loss=0.427327 lr=7.930e-06
[train] step=3011 loss=0.223995 lr=7.928e-06
[train] step=3012 loss=0.152419 lr=7.927e-06
[train] step=3013 loss=0.192789 lr=7.926e-06
[train] step=3014 loss=0.487399 lr=7.924e-06
[train] step=3015 loss=0.172344 lr=7.923e-06
[train] step=3016 loss=0.116290 lr=7.922e-06
[train] step=3017 loss=0.290359 lr=7.921e-06
[train] step=3018 loss=0.339448 lr=7.919e-06
[train] step=3019 loss=0.409023 lr=7.918e-06
[train] step=3020 loss=0.206865 lr=7.917e-06
[train] step=3021 loss=0.076072 lr=7.916e-06
[train] step=3022 loss=0.161127 lr=7.914e-06
[train] step=3023 loss=0.686619 lr=7.913e-06
[train] step=3024 loss=0.253606 lr=7.912e-06
[train] step=3025 loss=0.063809 lr=7.910e-06
[train] step=3026 loss=0.271107 lr=7.909e-06
[train] step=3027 loss=0.196642 lr=7.908e-06
[train] step=3028 loss=0.153491 lr=7.907e-06
[train] step=3029 loss=0.453147 lr=7.905e-06
[train] step=3030 loss=0.227601 lr=7.904e-06
[train] step=3031 loss=0.337759 lr=7.903e-06
[train] step=3032 loss=0.430796 lr=7.901e-06
[train] step=3033 loss=0.254720 lr=7.900e-06
[train] step=3034 loss=0.567072 lr=7.899e-06
[train] step=3035 loss=0.183012 lr=7.898e-06
[train] step=3036 loss=0.175915 lr=7.896e-06
[train] step=3037 loss=0.172548 lr=7.895e-06
[train] step=3038 loss=0.241581 lr=7.894e-06
[train] step=3039 loss=0.324572 lr=7.893e-06
[train] step=3040 loss=0.312765 lr=7.891e-06
[train] step=3041 loss=0.500816 lr=7.890e-06
[train] step=3042 loss=0.446774 lr=7.889e-06
[train] step=3043 loss=0.147231 lr=7.887e-06
[train] step=3044 loss=0.303325 lr=7.886e-06
[train] step=3045 loss=0.604304 lr=7.885e-06
[train] step=3046 loss=0.195522 lr=7.884e-06
[train] step=3047 loss=0.155837 lr=7.882e-06
[train] step=3048 loss=0.457795 lr=7.881e-06
[train] step=3049 loss=0.540790 lr=7.880e-06
[train] step=3050 loss=0.093575 lr=7.878e-06
[train] step=3051 loss=0.518338 lr=7.877e-06
[train] step=3052 loss=0.828933 lr=7.876e-06
[train] step=3053 loss=0.074141 lr=7.875e-06
[train] step=3054 loss=0.243036 lr=7.873e-06
[train] step=3055 loss=0.131093 lr=7.872e-06
[train] step=3056 loss=0.250067 lr=7.871e-06
[train] step=3057 loss=0.282152 lr=7.869e-06
[train] step=3058 loss=0.391938 lr=7.868e-06
[train] step=3059 loss=0.155832 lr=7.867e-06
[train] step=3060 loss=0.616066 lr=7.866e-06
[train] step=3061 loss=0.134585 lr=7.864e-06
[train] step=3062 loss=0.421311 lr=7.863e-06
[train] step=3063 loss=0.353457 lr=7.862e-06
[train] step=3064 loss=0.297820 lr=7.860e-06
[train] step=3065 loss=0.190563 lr=7.859e-06
[train] step=3066 loss=0.364424 lr=7.858e-06
[train] step=3067 loss=0.366106 lr=7.857e-06
[train] step=3068 loss=0.138070 lr=7.855e-06
[train] step=3069 loss=0.733762 lr=7.854e-06
[train] step=3070 loss=0.204581 lr=7.853e-06
[train] step=3071 loss=0.448069 lr=7.851e-06
[train] step=3072 loss=0.371926 lr=7.850e-06
[train] step=3073 loss=0.314368 lr=7.849e-06
[train] step=3074 loss=0.305619 lr=7.848e-06
[train] step=3075 loss=0.186215 lr=7.846e-06
[train] step=3076 loss=0.051274 lr=7.845e-06
[train] step=3077 loss=0.670080 lr=7.844e-06
[train] step=3078 loss=0.267837 lr=7.842e-06
[train] step=3079 loss=0.277793 lr=7.841e-06
[train] step=3080 loss=0.590970 lr=7.840e-06
[train] step=3081 loss=0.044753 lr=7.839e-06
[train] step=3082 loss=0.238486 lr=7.837e-06
[train] step=3083 loss=0.251253 lr=7.836e-06
[train] step=3084 loss=0.055137 lr=7.835e-06
[train] step=3085 loss=0.207987 lr=7.833e-06
[train] step=3086 loss=0.046541 lr=7.832e-06
[train] step=3087 loss=0.313222 lr=7.831e-06
[train] step=3088 loss=0.157666 lr=7.829e-06
[train] step=3089 loss=0.286595 lr=7.828e-06
[train] step=3090 loss=0.229740 lr=7.827e-06
[train] step=3091 loss=0.478435 lr=7.826e-06
[train] step=3092 loss=0.144242 lr=7.824e-06
[train] step=3093 loss=0.472458 lr=7.823e-06
[train] step=3094 loss=0.333655 lr=7.822e-06
[train] step=3095 loss=0.372530 lr=7.820e-06
[train] step=3096 loss=0.195677 lr=7.819e-06
[train] step=3097 loss=0.084678 lr=7.818e-06
[train] step=3098 loss=0.193259 lr=7.816e-06
[train] step=3099 loss=0.284768 lr=7.815e-06
[train] step=3100 loss=0.712652 lr=7.814e-06
[train] step=3101 loss=0.116782 lr=7.813e-06
[train] step=3102 loss=0.220517 lr=7.811e-06
[train] step=3103 loss=0.339987 lr=7.810e-06
[train] step=3104 loss=0.310533 lr=7.809e-06
[train] step=3105 loss=0.161518 lr=7.807e-06
[train] step=3106 loss=0.490670 lr=7.806e-06
[train] step=3107 loss=0.198090 lr=7.805e-06
[train] step=3108 loss=0.325760 lr=7.804e-06
[train] step=3109 loss=0.522274 lr=7.802e-06
[train] step=3110 loss=0.199792 lr=7.801e-06
[train] step=3111 loss=0.234047 lr=7.800e-06
[train] step=3112 loss=0.535495 lr=7.798e-06
[train] step=3113 loss=0.218208 lr=7.797e-06
[train] step=3114 loss=0.542939 lr=7.796e-06
[train] step=3115 loss=0.283899 lr=7.794e-06
[train] step=3116 loss=0.438330 lr=7.793e-06
[train] step=3117 loss=0.176362 lr=7.792e-06
[train] step=3118 loss=0.295643 lr=7.791e-06
[train] step=3119 loss=0.306619 lr=7.789e-06
[train] step=3120 loss=0.319402 lr=7.788e-06
INFO     [rank 0] Model weights for step 3120 saved in       dit_trainer.py:1085
         checkpoints/model_weights_step_03120.safetensors                       
INFO     [rank 0] Scalar embedding weights for step 3120     dit_trainer.py:1092
         saved                                                                  
INFO     [rank 0] Training state saved:                      dit_trainer.py:1123
         checkpoints/model_weights_step_03120.state.pt                          
DEBUG    [rank 0] Removed old checkpoint:                    dit_trainer.py:1132
         /mnt/result/shockwave_dit_baseline/checkpoints/mode                    
         l_weights_step_02520.safetensors                                       
DEBUG    [rank 0] Removed old checkpoint:                    dit_trainer.py:1132
         /mnt/result/shockwave_dit_baseline/checkpoints/mode                    
         l_weights_step_02520.state.pt                                          
[epoch 26] step=3120 train_loss=0.302695
[train] step=3121 loss=0.306833 lr=7.787e-06
[train] step=3122 loss=0.202344 lr=7.785e-06
[train] step=3123 loss=0.267366 lr=7.784e-06
[train] step=3124 loss=0.391206 lr=7.783e-06
[train] step=3125 loss=0.670558 lr=7.781e-06
[train] step=3126 loss=0.569349 lr=7.780e-06
[train] step=3127 loss=0.117832 lr=7.779e-06
[train] step=3128 loss=0.193845 lr=7.777e-06
[train] step=3129 loss=0.444920 lr=7.776e-06
[train] step=3130 loss=0.142885 lr=7.775e-06
[train] step=3131 loss=0.421596 lr=7.774e-06
[train] step=3132 loss=0.116404 lr=7.772e-06
[train] step=3133 loss=0.361791 lr=7.771e-06
[train] step=3134 loss=0.097255 lr=7.770e-06
[train] step=3135 loss=0.200655 lr=7.768e-06
[train] step=3136 loss=0.250546 lr=7.767e-06
[train] step=3137 loss=0.384469 lr=7.766e-06
[train] step=3138 loss=0.359775 lr=7.764e-06
[train] step=3139 loss=0.248146 lr=7.763e-06
[train] step=3140 loss=0.506627 lr=7.762e-06
[train] step=3141 loss=0.269339 lr=7.760e-06
[train] step=3142 loss=0.215961 lr=7.759e-06
[train] step=3143 loss=0.299558 lr=7.758e-06
[train] step=3144 loss=0.364985 lr=7.757e-06
[train] step=3145 loss=0.192470 lr=7.755e-06
[train] step=3146 loss=0.492281 lr=7.754e-06
[train] step=3147 loss=0.353232 lr=7.753e-06
[train] step=3148 loss=0.653187 lr=7.751e-06
[train] step=3149 loss=0.390150 lr=7.750e-06
[train] step=3150 loss=0.147788 lr=7.749e-06
[train] step=3151 loss=0.335671 lr=7.747e-06
[train] step=3152 loss=0.424563 lr=7.746e-06
[train] step=3153 loss=0.275944 lr=7.745e-06
[train] step=3154 loss=0.330678 lr=7.743e-06
[train] step=3155 loss=0.373721 lr=7.742e-06
[train] step=3156 loss=0.280320 lr=7.741e-06
[train] step=3157 loss=0.323652 lr=7.739e-06
[train] step=3158 loss=0.284129 lr=7.738e-06
[train] step=3159 loss=0.728327 lr=7.737e-06
[train] step=3160 loss=0.211925 lr=7.736e-06
[train] step=3161 loss=0.219118 lr=7.734e-06
[train] step=3162 loss=0.220139 lr=7.733e-06
[train] step=3163 loss=0.489243 lr=7.732e-06
[train] step=3164 loss=0.569674 lr=7.730e-06
[train] step=3165 loss=0.533736 lr=7.729e-06
[train] step=3166 loss=0.268963 lr=7.728e-06
[train] step=3167 loss=0.203508 lr=7.726e-06
[train] step=3168 loss=0.202707 lr=7.725e-06
[train] step=3169 loss=0.220716 lr=7.724e-06
[train] step=3170 loss=0.116546 lr=7.722e-06
[train] step=3171 loss=0.353971 lr=7.721e-06
[train] step=3172 loss=0.149949 lr=7.720e-06
[train] step=3173 loss=0.258877 lr=7.718e-06
[train] step=3174 loss=0.200484 lr=7.717e-06
[train] step=3175 loss=0.190502 lr=7.716e-06
[train] step=3176 loss=0.205345 lr=7.714e-06
[train] step=3177 loss=0.485627 lr=7.713e-06
[train] step=3178 loss=0.222170 lr=7.712e-06
[train] step=3179 loss=0.267779 lr=7.711e-06
[train] step=3180 loss=0.361945 lr=7.709e-06
[train] step=3181 loss=0.291765 lr=7.708e-06
[train] step=3182 loss=0.329083 lr=7.707e-06
[train] step=3183 loss=0.346401 lr=7.705e-06
[train] step=3184 loss=0.041130 lr=7.704e-06
[train] step=3185 loss=0.284296 lr=7.703e-06
[train] step=3186 loss=0.099152 lr=7.701e-06
[train] step=3187 loss=0.489716 lr=7.700e-06
[train] step=3188 loss=0.376716 lr=7.699e-06
[train] step=3189 loss=0.032736 lr=7.697e-06
[train] step=3190 loss=0.281805 lr=7.696e-06
[train] step=3191 loss=0.320963 lr=7.695e-06
[train] step=3192 loss=0.335914 lr=7.693e-06
[train] step=3193 loss=0.088980 lr=7.692e-06
[train] step=3194 loss=0.367338 lr=7.691e-06
[train] step=3195 loss=0.078411 lr=7.689e-06
[train] step=3196 loss=0.266971 lr=7.688e-06
[train] step=3197 loss=0.126367 lr=7.687e-06
[train] step=3198 loss=0.510092 lr=7.685e-06
[train] step=3199 loss=0.243538 lr=7.684e-06
[train] step=3200 loss=0.264821 lr=7.683e-06
[train] step=3201 loss=0.156165 lr=7.681e-06
[train] step=3202 loss=0.500977 lr=7.680e-06
[train] step=3203 loss=0.604708 lr=7.679e-06
[train] step=3204 loss=0.295205 lr=7.677e-06
[train] step=3205 loss=0.346747 lr=7.676e-06
[train] step=3206 loss=0.387572 lr=7.675e-06
[train] step=3207 loss=0.366796 lr=7.674e-06
[train] step=3208 loss=0.302801 lr=7.672e-06
[train] step=3209 loss=0.102586 lr=7.671e-06
[train] step=3210 loss=0.441122 lr=7.670e-06
[train] step=3211 loss=0.258946 lr=7.668e-06
[train] step=3212 loss=0.220023 lr=7.667e-06
[train] step=3213 loss=0.112195 lr=7.666e-06
[train] step=3214 loss=0.414795 lr=7.664e-06
[train] step=3215 loss=0.112821 lr=7.663e-06
[train] step=3216 loss=0.362340 lr=7.662e-06
[train] step=3217 loss=0.323434 lr=7.660e-06
[train] step=3218 loss=0.476965 lr=7.659e-06
[train] step=3219 loss=0.301890 lr=7.658e-06
[train] step=3220 loss=0.468724 lr=7.656e-06
[train] step=3221 loss=0.527659 lr=7.655e-06
[train] step=3222 loss=0.272931 lr=7.654e-06
[train] step=3223 loss=0.333865 lr=7.652e-06
[train] step=3224 loss=0.362202 lr=7.651e-06
[train] step=3225 loss=0.410952 lr=7.650e-06
[train] step=3226 loss=0.218858 lr=7.648e-06
[train] step=3227 loss=0.306789 lr=7.647e-06
[train] step=3228 loss=0.330913 lr=7.646e-06
[train] step=3229 loss=0.435392 lr=7.644e-06
[train] step=3230 loss=0.251879 lr=7.643e-06
[train] step=3231 loss=0.337685 lr=7.642e-06
[train] step=3232 loss=0.556622 lr=7.640e-06
[train] step=3233 loss=0.520958 lr=7.639e-06
[train] step=3234 loss=0.173215 lr=7.638e-06
[train] step=3235 loss=0.357993 lr=7.636e-06
[train] step=3236 loss=0.336523 lr=7.635e-06
[train] step=3237 loss=0.323085 lr=7.634e-06
[train] step=3238 loss=0.158979 lr=7.632e-06
[train] step=3239 loss=0.527850 lr=7.631e-06
[train] step=3240 loss=0.132006 lr=7.630e-06
INFO     [rank 0] Model weights for step 3240 saved in       dit_trainer.py:1085
         checkpoints/model_weights_step_03240.safetensors                       
INFO     [rank 0] Scalar embedding weights for step 3240     dit_trainer.py:1092
         saved                                                                  
INFO     [rank 0] Training state saved:                      dit_trainer.py:1123
         checkpoints/model_weights_step_03240.state.pt                          
DEBUG    [rank 0] Removed old checkpoint:                    dit_trainer.py:1132
         /mnt/result/shockwave_dit_baseline/checkpoints/mode                    
         l_weights_step_02640.safetensors                                       
DEBUG    [rank 0] Removed old checkpoint:                    dit_trainer.py:1132
         /mnt/result/shockwave_dit_baseline/checkpoints/mode                    
         l_weights_step_02640.state.pt                                          
[epoch 27] step=3240 train_loss=0.314500
[train] step=3241 loss=0.319053 lr=7.628e-06
[train] step=3242 loss=0.190688 lr=7.627e-06
[train] step=3243 loss=0.577238 lr=7.626e-06
[train] step=3244 loss=0.346042 lr=7.624e-06
[train] step=3245 loss=0.524433 lr=7.623e-06
[train] step=3246 loss=0.182392 lr=7.622e-06
[train] step=3247 loss=0.226752 lr=7.620e-06
[train] step=3248 loss=0.331737 lr=7.619e-06
[train] step=3249 loss=0.157696 lr=7.618e-06
[train] step=3250 loss=0.318969 lr=7.616e-06
[train] step=3251 loss=0.111890 lr=7.615e-06
[train] step=3252 loss=0.316330 lr=7.614e-06
[train] step=3253 loss=0.314378 lr=7.612e-06
[train] step=3254 loss=0.086002 lr=7.611e-06
[train] step=3255 loss=0.137339 lr=7.610e-06
[train] step=3256 loss=0.375965 lr=7.608e-06
[train] step=3257 loss=0.596254 lr=7.607e-06
[train] step=3258 loss=0.221175 lr=7.606e-06
[train] step=3259 loss=0.518686 lr=7.604e-06
[train] step=3260 loss=0.184655 lr=7.603e-06
[train] step=3261 loss=0.224686 lr=7.601e-06
[train] step=3262 loss=0.559523 lr=7.600e-06
[train] step=3263 loss=0.405225 lr=7.599e-06
[train] step=3264 loss=0.284647 lr=7.597e-06
[train] step=3265 loss=0.415283 lr=7.596e-06
[train] step=3266 loss=0.264694 lr=7.595e-06
[train] step=3267 loss=0.044881 lr=7.593e-06
[train] step=3268 loss=0.704736 lr=7.592e-06
[train] step=3269 loss=0.369797 lr=7.591e-06
[train] step=3270 loss=0.146284 lr=7.589e-06
[train] step=3271 loss=0.285211 lr=7.588e-06
[train] step=3272 loss=0.249205 lr=7.587e-06
[train] step=3273 loss=0.349286 lr=7.585e-06
[train] step=3274 loss=0.099790 lr=7.584e-06
[train] step=3275 loss=0.283840 lr=7.583e-06
[train] step=3276 loss=0.277521 lr=7.581e-06
[train] step=3277 loss=0.192293 lr=7.580e-06
[train] step=3278 loss=0.421161 lr=7.579e-06
[train] step=3279 loss=0.038365 lr=7.577e-06
[train] step=3280 loss=0.446310 lr=7.576e-06
[train] step=3281 loss=0.344416 lr=7.575e-06
[train] step=3282 loss=0.400615 lr=7.573e-06
[train] step=3283 loss=0.193043 lr=7.572e-06
[train] step=3284 loss=0.151858 lr=7.571e-06
[train] step=3285 loss=0.248674 lr=7.569e-06
[train] step=3286 loss=0.250686 lr=7.568e-06
[train] step=3287 loss=0.565007 lr=7.567e-06
[train] step=3288 loss=0.209308 lr=7.565e-06
[train] step=3289 loss=0.057888 lr=7.564e-06
[train] step=3290 loss=0.194210 lr=7.563e-06
[train] step=3291 loss=0.732311 lr=7.561e-06
[train] step=3292 loss=0.737689 lr=7.560e-06
[train] step=3293 loss=0.553948 lr=7.558e-06
[train] step=3294 loss=0.408472 lr=7.557e-06
[train] step=3295 loss=0.435412 lr=7.556e-06
[train] step=3296 loss=0.197089 lr=7.554e-06
[train] step=3297 loss=0.744952 lr=7.553e-06
[train] step=3298 loss=0.547682 lr=7.552e-06
[train] step=3299 loss=0.269976 lr=7.550e-06
[train] step=3300 loss=0.257472 lr=7.549e-06
[train] step=3301 loss=0.105103 lr=7.548e-06
[train] step=3302 loss=0.271533 lr=7.546e-06
[train] step=3303 loss=0.260828 lr=7.545e-06
[train] step=3304 loss=0.251556 lr=7.544e-06
[train] step=3305 loss=0.370342 lr=7.542e-06
[train] step=3306 loss=0.252812 lr=7.541e-06
[train] step=3307 loss=0.405708 lr=7.540e-06
[train] step=3308 loss=0.169304 lr=7.538e-06
[train] step=3309 loss=0.213422 lr=7.537e-06
[train] step=3310 loss=0.318357 lr=7.535e-06
[train] step=3311 loss=0.337537 lr=7.534e-06
[train] step=3312 loss=0.185848 lr=7.533e-06
[train] step=3313 loss=0.288285 lr=7.531e-06
[train] step=3314 loss=0.315120 lr=7.530e-06
[train] step=3315 loss=0.116537 lr=7.529e-06
[train] step=3316 loss=0.305334 lr=7.527e-06
[train] step=3317 loss=0.292347 lr=7.526e-06
[train] step=3318 loss=0.213378 lr=7.525e-06
[train] step=3319 loss=0.398896 lr=7.523e-06
[train] step=3320 loss=0.382272 lr=7.522e-06
[train] step=3321 loss=0.243414 lr=7.521e-06
[train] step=3322 loss=0.230211 lr=7.519e-06
[train] step=3323 loss=0.218225 lr=7.518e-06
[train] step=3324 loss=0.302070 lr=7.517e-06
[train] step=3325 loss=0.459364 lr=7.515e-06
[train] step=3326 loss=0.534244 lr=7.514e-06
[train] step=3327 loss=0.270599 lr=7.512e-06
[train] step=3328 loss=0.258386 lr=7.511e-06
[train] step=3329 loss=0.097677 lr=7.510e-06
[train] step=3330 loss=0.187735 lr=7.508e-06
[train] step=3331 loss=0.286175 lr=7.507e-06
[train] step=3332 loss=0.380282 lr=7.506e-06
[train] step=3333 loss=0.243883 lr=7.504e-06
[train] step=3334 loss=0.425909 lr=7.503e-06
[train] step=3335 loss=0.197649 lr=7.502e-06
[train] step=3336 loss=0.286970 lr=7.500e-06
[train] step=3337 loss=0.220520 lr=7.499e-06
[train] step=3338 loss=0.538154 lr=7.498e-06
[train] step=3339 loss=0.127360 lr=7.496e-06
[train] step=3340 loss=0.570194 lr=7.495e-06
[train] step=3341 loss=0.336415 lr=7.493e-06
[train] step=3342 loss=0.051590 lr=7.492e-06
[train] step=3343 loss=0.111248 lr=7.491e-06
[train] step=3344 loss=0.376809 lr=7.489e-06
[train] step=3345 loss=0.259931 lr=7.488e-06
[train] step=3346 loss=0.350565 lr=7.487e-06
[train] step=3347 loss=0.254008 lr=7.485e-06
[train] step=3348 loss=0.424794 lr=7.484e-06
[train] step=3349 loss=0.355019 lr=7.483e-06
[train] step=3350 loss=0.284980 lr=7.481e-06
[train] step=3351 loss=0.561632 lr=7.480e-06
[train] step=3352 loss=0.160017 lr=7.478e-06
[train] step=3353 loss=0.094949 lr=7.477e-06
[train] step=3354 loss=0.301400 lr=7.476e-06
[train] step=3355 loss=0.287385 lr=7.474e-06
[train] step=3356 loss=0.119188 lr=7.473e-06
[train] step=3357 loss=0.296993 lr=7.472e-06
[train] step=3358 loss=0.426718 lr=7.470e-06
[train] step=3359 loss=0.552010 lr=7.469e-06
[train] step=3360 loss=0.375433 lr=7.468e-06
INFO     [rank 0] Model weights for step 3360 saved in       dit_trainer.py:1085
         checkpoints/model_weights_step_03360.safetensors                       
INFO     [rank 0] Scalar embedding weights for step 3360     dit_trainer.py:1092
         saved                                                                  
INFO     [rank 0] Training state saved:                      dit_trainer.py:1123
         checkpoints/model_weights_step_03360.state.pt                          
DEBUG    [rank 0] Removed old checkpoint:                    dit_trainer.py:1132
         /mnt/result/shockwave_dit_baseline/checkpoints/mode                    
         l_weights_step_02760.safetensors                                       
DEBUG    [rank 0] Removed old checkpoint:                    dit_trainer.py:1132
         /mnt/result/shockwave_dit_baseline/checkpoints/mode                    
         l_weights_step_02760.state.pt                                          
[epoch 28] step=3360 train_loss=0.307269
[train] step=3361 loss=0.141019 lr=7.466e-06
[train] step=3362 loss=0.265084 lr=7.465e-06
[train] step=3363 loss=0.204850 lr=7.463e-06
[train] step=3364 loss=0.357709 lr=7.462e-06
[train] step=3365 loss=0.531556 lr=7.461e-06
[train] step=3366 loss=0.308526 lr=7.459e-06
[train] step=3367 loss=0.264102 lr=7.458e-06
[train] step=3368 loss=0.454004 lr=7.457e-06
[train] step=3369 loss=0.355879 lr=7.455e-06
[train] step=3370 loss=0.269549 lr=7.454e-06
[train] step=3371 loss=0.679203 lr=7.453e-06
[train] step=3372 loss=0.309974 lr=7.451e-06
[train] step=3373 loss=0.159656 lr=7.450e-06
[train] step=3374 loss=0.348876 lr=7.448e-06
[train] step=3375 loss=0.220960 lr=7.447e-06
[train] step=3376 loss=0.178678 lr=7.446e-06
[train] step=3377 loss=0.308298 lr=7.444e-06
[train] step=3378 loss=0.107997 lr=7.443e-06
[train] step=3379 loss=0.375484 lr=7.442e-06
[train] step=3380 loss=0.247181 lr=7.440e-06
[train] step=3381 loss=0.286541 lr=7.439e-06
[train] step=3382 loss=0.229249 lr=7.437e-06
[train] step=3383 loss=0.117950 lr=7.436e-06
[train] step=3384 loss=0.131884 lr=7.435e-06
[train] step=3385 loss=0.448575 lr=7.433e-06
[train] step=3386 loss=0.143561 lr=7.432e-06
[train] step=3387 loss=0.522841 lr=7.431e-06
[train] step=3388 loss=0.099543 lr=7.429e-06
[train] step=3389 loss=0.276995 lr=7.428e-06
[train] step=3390 loss=0.347446 lr=7.426e-06
[train] step=3391 loss=0.216548 lr=7.425e-06
[train] step=3392 loss=0.198840 lr=7.424e-06
[train] step=3393 loss=0.355767 lr=7.422e-06
[train] step=3394 loss=0.247762 lr=7.421e-06
[train] step=3395 loss=0.326757 lr=7.420e-06
[train] step=3396 loss=0.341718 lr=7.418e-06
[train] step=3397 loss=0.046512 lr=7.417e-06
[train] step=3398 loss=0.120308 lr=7.415e-06
[train] step=3399 loss=0.693278 lr=7.414e-06
[train] step=3400 loss=0.260715 lr=7.413e-06
[train] step=3401 loss=0.250036 lr=7.411e-06
[train] step=3402 loss=0.080625 lr=7.410e-06
[train] step=3403 loss=0.127417 lr=7.409e-06
[train] step=3404 loss=0.485635 lr=7.407e-06
[train] step=3405 loss=0.091440 lr=7.406e-06
[train] step=3406 loss=0.263653 lr=7.404e-06
[train] step=3407 loss=0.489387 lr=7.403e-06
[train] step=3408 loss=0.060604 lr=7.402e-06
[train] step=3409 loss=0.208600 lr=7.400e-06
[train] step=3410 loss=0.308876 lr=7.399e-06
[train] step=3411 loss=0.114483 lr=7.398e-06
[train] step=3412 loss=0.346384 lr=7.396e-06
[train] step=3413 loss=0.099423 lr=7.395e-06
[train] step=3414 loss=0.108588 lr=7.393e-06
[train] step=3415 loss=0.283402 lr=7.392e-06
[train] step=3416 loss=0.667931 lr=7.391e-06
[train] step=3417 loss=0.604140 lr=7.389e-06
[train] step=3418 loss=0.298503 lr=7.388e-06
[train] step=3419 loss=0.284933 lr=7.387e-06
[train] step=3420 loss=0.402445 lr=7.385e-06
[train] step=3421 loss=0.134047 lr=7.384e-06
[train] step=3422 loss=0.361083 lr=7.382e-06
[train] step=3423 loss=0.146068 lr=7.381e-06
[train] step=3424 loss=0.099636 lr=7.380e-06
[train] step=3425 loss=0.071706 lr=7.378e-06
[train] step=3426 loss=0.500124 lr=7.377e-06
[train] step=3427 loss=0.209855 lr=7.376e-06
[train] step=3428 loss=0.140356 lr=7.374e-06
[train] step=3429 loss=0.073275 lr=7.373e-06
[train] step=3430 loss=0.501651 lr=7.371e-06
[train] step=3431 loss=0.154175 lr=7.370e-06
[train] step=3432 loss=0.252413 lr=7.369e-06
[train] step=3433 loss=0.367672 lr=7.367e-06
[train] step=3434 loss=0.435951 lr=7.366e-06
[train] step=3435 loss=0.196301 lr=7.364e-06
[train] step=3436 loss=0.281765 lr=7.363e-06
[train] step=3437 loss=0.440827 lr=7.362e-06
[train] step=3438 loss=0.302429 lr=7.360e-06
[train] step=3439 loss=0.281082 lr=7.359e-06
[train] step=3440 loss=0.064620 lr=7.358e-06
[train] step=3441 loss=0.118985 lr=7.356e-06
[train] step=3442 loss=0.072722 lr=7.355e-06
[train] step=3443 loss=0.346040 lr=7.353e-06
[train] step=3444 loss=0.262955 lr=7.352e-06
[train] step=3445 loss=0.277428 lr=7.351e-06
[train] step=3446 loss=0.168556 lr=7.349e-06
[train] step=3447 loss=0.310489 lr=7.348e-06
[train] step=3448 loss=0.147639 lr=7.346e-06
[train] step=3449 loss=0.486033 lr=7.345e-06
[train] step=3450 loss=0.285193 lr=7.344e-06
[train] step=3451 loss=0.202213 lr=7.342e-06
[train] step=3452 loss=0.275589 lr=7.341e-06
[train] step=3453 loss=0.152936 lr=7.340e-06
[train] step=3454 loss=0.315176 lr=7.338e-06
[train] step=3455 loss=0.381518 lr=7.337e-06
[train] step=3456 loss=0.302532 lr=7.335e-06
[train] step=3457 loss=0.307746 lr=7.334e-06
[train] step=3458 loss=0.270362 lr=7.333e-06
[train] step=3459 loss=0.142473 lr=7.331e-06
[train] step=3460 loss=0.265264 lr=7.330e-06
[train] step=3461 loss=0.128395 lr=7.328e-06
[train] step=3462 loss=0.239804 lr=7.327e-06
[train] step=3463 loss=0.351627 lr=7.326e-06
[train] step=3464 loss=0.071614 lr=7.324e-06
[train] step=3465 loss=0.372688 lr=7.323e-06
[train] step=3466 loss=0.236056 lr=7.321e-06
[train] step=3467 loss=0.036615 lr=7.320e-06
[train] step=3468 loss=0.109230 lr=7.319e-06
[train] step=3469 loss=0.174257 lr=7.317e-06
[train] step=3470 loss=0.178143 lr=7.316e-06
[train] step=3471 loss=0.229031 lr=7.315e-06
[train] step=3472 loss=0.208978 lr=7.313e-06
[train] step=3473 loss=0.508663 lr=7.312e-06
[train] step=3474 loss=0.126695 lr=7.310e-06
[train] step=3475 loss=0.325246 lr=7.309e-06
[train] step=3476 loss=0.205080 lr=7.308e-06
[train] step=3477 loss=0.085028 lr=7.306e-06
[train] step=3478 loss=0.300066 lr=7.305e-06
[train] step=3479 loss=0.115543 lr=7.303e-06
[train] step=3480 loss=0.078983 lr=7.302e-06
INFO     [rank 0] Model weights for step 3480 saved in       dit_trainer.py:1085
         checkpoints/model_weights_step_03480.safetensors                       
INFO     [rank 0] Scalar embedding weights for step 3480     dit_trainer.py:1092
         saved                                                                  
INFO     [rank 0] Training state saved:                      dit_trainer.py:1123
         checkpoints/model_weights_step_03480.state.pt                          
DEBUG    [rank 0] Removed old checkpoint:                    dit_trainer.py:1132
         /mnt/result/shockwave_dit_baseline/checkpoints/mode                    
         l_weights_step_02880.safetensors                                       
DEBUG    [rank 0] Removed old checkpoint:                    dit_trainer.py:1132
         /mnt/result/shockwave_dit_baseline/checkpoints/mode                    
         l_weights_step_02880.state.pt                                          
[epoch 29] step=3480 train_loss=0.263025
[train] step=3481 loss=0.591798 lr=7.301e-06
[train] step=3482 loss=0.341023 lr=7.299e-06
[train] step=3483 loss=0.220727 lr=7.298e-06
[train] step=3484 loss=0.440640 lr=7.296e-06
[train] step=3485 loss=0.449120 lr=7.295e-06
[train] step=3486 loss=0.454987 lr=7.294e-06
[train] step=3487 loss=0.089978 lr=7.292e-06
[train] step=3488 loss=0.242458 lr=7.291e-06
[train] step=3489 loss=0.297820 lr=7.289e-06
[train] step=3490 loss=0.556041 lr=7.288e-06
[train] step=3491 loss=0.299367 lr=7.287e-06
[train] step=3492 loss=0.201336 lr=7.285e-06
[train] step=3493 loss=0.696041 lr=7.284e-06
[train] step=3494 loss=0.276055 lr=7.282e-06
[train] step=3495 loss=0.208591 lr=7.281e-06
[train] step=3496 loss=0.260404 lr=7.280e-06
[train] step=3497 loss=0.462852 lr=7.278e-06
[train] step=3498 loss=0.372623 lr=7.277e-06
[train] step=3499 loss=0.141057 lr=7.275e-06
[train] step=3500 loss=0.239849 lr=7.274e-06
[train] step=3501 loss=0.181770 lr=7.273e-06
[train] step=3502 loss=0.299084 lr=7.271e-06
[train] step=3503 loss=0.582065 lr=7.270e-06
[train] step=3504 loss=0.180465 lr=7.268e-06
[train] step=3505 loss=0.395273 lr=7.267e-06
[train] step=3506 loss=0.388097 lr=7.266e-06
[train] step=3507 loss=0.466485 lr=7.264e-06
[train] step=3508 loss=0.202316 lr=7.263e-06
[train] step=3509 loss=0.278655 lr=7.261e-06
[train] step=3510 loss=0.389446 lr=7.260e-06
[train] step=3511 loss=0.730666 lr=7.259e-06
[train] step=3512 loss=0.246564 lr=7.257e-06
[train] step=3513 loss=0.419185 lr=7.256e-06
[train] step=3514 loss=0.359859 lr=7.254e-06
[train] step=3515 loss=0.613581 lr=7.253e-06
[train] step=3516 loss=0.329702 lr=7.252e-06
[train] step=3517 loss=0.383553 lr=7.250e-06
[train] step=3518 loss=0.211315 lr=7.249e-06
[train] step=3519 loss=0.456278 lr=7.247e-06
[train] step=3520 loss=0.399768 lr=7.246e-06
[train] step=3521 loss=0.320700 lr=7.245e-06
[train] step=3522 loss=0.225997 lr=7.243e-06
[train] step=3523 loss=0.033358 lr=7.242e-06
[train] step=3524 loss=0.234301 lr=7.240e-06
[train] step=3525 loss=0.489379 lr=7.239e-06
[train] step=3526 loss=0.160024 lr=7.238e-06
[train] step=3527 loss=0.593956 lr=7.236e-06
[train] step=3528 loss=0.320526 lr=7.235e-06
[train] step=3529 loss=0.357948 lr=7.233e-06
[train] step=3530 loss=0.245181 lr=7.232e-06
[train] step=3531 loss=0.520556 lr=7.231e-06
[train] step=3532 loss=0.340549 lr=7.229e-06
[train] step=3533 loss=0.668907 lr=7.228e-06
[train] step=3534 loss=0.323745 lr=7.226e-06
[train] step=3535 loss=0.417486 lr=7.225e-06
[train] step=3536 loss=0.264849 lr=7.224e-06
[train] step=3537 loss=0.256021 lr=7.222e-06
[train] step=3538 loss=0.361344 lr=7.221e-06
[train] step=3539 loss=0.409592 lr=7.219e-06
[train] step=3540 loss=0.486884 lr=7.218e-06
[train] step=3541 loss=0.253466 lr=7.217e-06
[train] step=3542 loss=0.357670 lr=7.215e-06
[train] step=3543 loss=0.193283 lr=7.214e-06
[train] step=3544 loss=0.207909 lr=7.212e-06
[train] step=3545 loss=0.426379 lr=7.211e-06
[train] step=3546 loss=0.426359 lr=7.210e-06
[train] step=3547 loss=0.236060 lr=7.208e-06
[train] step=3548 loss=0.207196 lr=7.207e-06
[train] step=3549 loss=0.254097 lr=7.205e-06
[train] step=3550 loss=0.299506 lr=7.204e-06
[train] step=3551 loss=0.596942 lr=7.202e-06
[train] step=3552 loss=0.200543 lr=7.201e-06
[train] step=3553 loss=0.101443 lr=7.200e-06
[train] step=3554 loss=0.221588 lr=7.198e-06
[train] step=3555 loss=0.077370 lr=7.197e-06
[train] step=3556 loss=0.130917 lr=7.195e-06
[train] step=3557 loss=0.355051 lr=7.194e-06
[train] step=3558 loss=0.171691 lr=7.193e-06
[train] step=3559 loss=0.104654 lr=7.191e-06
[train] step=3560 loss=0.311766 lr=7.190e-06
[train] step=3561 loss=0.166551 lr=7.188e-06
[train] step=3562 loss=0.224827 lr=7.187e-06
[train] step=3563 loss=0.146712 lr=7.186e-06
[train] step=3564 loss=0.265159 lr=7.184e-06
[train] step=3565 loss=0.336301 lr=7.183e-06
[train] step=3566 loss=0.244948 lr=7.181e-06
[train] step=3567 loss=0.427694 lr=7.180e-06
[train] step=3568 loss=0.425086 lr=7.179e-06
[train] step=3569 loss=0.219460 lr=7.177e-06
[train] step=3570 loss=0.263249 lr=7.176e-06
[train] step=3571 loss=0.097619 lr=7.174e-06
[train] step=3572 loss=0.330034 lr=7.173e-06
[train] step=3573 loss=0.455995 lr=7.171e-06
[train] step=3574 loss=0.079651 lr=7.170e-06
[train] step=3575 loss=0.057383 lr=7.169e-06
[train] step=3576 loss=0.154127 lr=7.167e-06
[train] step=3577 loss=0.563040 lr=7.166e-06
[train] step=3578 loss=0.163079 lr=7.164e-06
[train] step=3579 loss=0.263092 lr=7.163e-06
[train] step=3580 loss=0.302808 lr=7.162e-06
[train] step=3581 loss=0.246993 lr=7.160e-06
[train] step=3582 loss=0.144079 lr=7.159e-06
[train] step=3583 loss=0.143817 lr=7.157e-06
[train] step=3584 loss=0.208018 lr=7.156e-06
[train] step=3585 loss=0.212423 lr=7.154e-06
[train] step=3586 loss=0.375140 lr=7.153e-06
[train] step=3587 loss=0.312392 lr=7.152e-06
[train] step=3588 loss=0.417077 lr=7.150e-06
[train] step=3589 loss=0.277886 lr=7.149e-06
[train] step=3590 loss=0.174735 lr=7.147e-06
[train] step=3591 loss=0.370753 lr=7.146e-06
[train] step=3592 loss=0.233962 lr=7.145e-06
[train] step=3593 loss=0.175759 lr=7.143e-06
[train] step=3594 loss=0.338957 lr=7.142e-06
[train] step=3595 loss=0.228486 lr=7.140e-06
[train] step=3596 loss=0.148310 lr=7.139e-06
[train] step=3597 loss=0.116821 lr=7.137e-06
[train] step=3598 loss=0.218989 lr=7.136e-06
[train] step=3599 loss=0.287710 lr=7.135e-06
[train] step=3600 loss=0.110012 lr=7.133e-06
[val] step=3600 val_loss=0.295467
INFO     [rank 0] Model weights for step 3600 saved in       dit_trainer.py:1085
         checkpoints/model_weights_step_03600.safetensors                       
INFO     [rank 0] Scalar embedding weights for step 3600     dit_trainer.py:1092
         saved                                                                  
INFO     [rank 0] Training state saved:                      dit_trainer.py:1123
         checkpoints/model_weights_step_03600.state.pt                          
DEBUG    [rank 0] Removed old checkpoint:                    dit_trainer.py:1132
         /mnt/result/shockwave_dit_baseline/checkpoints/mode                    
         l_weights_step_03000.safetensors                                       
DEBUG    [rank 0] Removed old checkpoint:                    dit_trainer.py:1132
         /mnt/result/shockwave_dit_baseline/checkpoints/mode                    
         l_weights_step_03000.state.pt                                          
[epoch 30] step=3600 train_loss=0.303502 val_loss=0.295467
[train] step=3601 loss=0.219813 lr=7.132e-06
[train] step=3602 loss=0.260127 lr=7.130e-06
[train] step=3603 loss=0.100722 lr=7.129e-06
[train] step=3604 loss=0.192521 lr=7.128e-06
[train] step=3605 loss=0.370911 lr=7.126e-06
[train] step=3606 loss=0.137174 lr=7.125e-06
[train] step=3607 loss=0.217726 lr=7.123e-06
[train] step=3608 loss=0.292981 lr=7.122e-06
[train] step=3609 loss=0.187830 lr=7.120e-06
[train] step=3610 loss=0.589862 lr=7.119e-06
[train] step=3611 loss=0.175537 lr=7.118e-06
[train] step=3612 loss=0.226079 lr=7.116e-06
[train] step=3613 loss=0.235036 lr=7.115e-06
[train] step=3614 loss=0.209779 lr=7.113e-06
[train] step=3615 loss=0.414811 lr=7.112e-06
[train] step=3616 loss=0.431306 lr=7.110e-06
[train] step=3617 loss=0.455596 lr=7.109e-06
[train] step=3618 loss=0.319536 lr=7.108e-06
[train] step=3619 loss=0.200294 lr=7.106e-06
[train] step=3620 loss=0.565305 lr=7.105e-06
[train] step=3621 loss=0.096062 lr=7.103e-06
[train] step=3622 loss=0.362556 lr=7.102e-06
[train] step=3623 loss=0.137225 lr=7.100e-06
[train] step=3624 loss=0.376694 lr=7.099e-06
[train] step=3625 loss=0.483013 lr=7.098e-06
[train] step=3626 loss=0.084062 lr=7.096e-06
[train] step=3627 loss=0.315837 lr=7.095e-06
[train] step=3628 loss=0.440627 lr=7.093e-06
[train] step=3629 loss=0.119231 lr=7.092e-06
[train] step=3630 loss=0.210703 lr=7.091e-06
[train] step=3631 loss=0.252458 lr=7.089e-06
[train] step=3632 loss=0.249005 lr=7.088e-06
[train] step=3633 loss=0.260979 lr=7.086e-06
[train] step=3634 loss=0.103211 lr=7.085e-06
[train] step=3635 loss=0.468487 lr=7.083e-06
[train] step=3636 loss=0.185178 lr=7.082e-06
[train] step=3637 loss=0.422521 lr=7.081e-06
[train] step=3638 loss=0.278287 lr=7.079e-06
[train] step=3639 loss=0.461133 lr=7.078e-06
[train] step=3640 loss=0.170561 lr=7.076e-06
[train] step=3641 loss=0.199331 lr=7.075e-06
[train] step=3642 loss=0.060805 lr=7.073e-06
[train] step=3643 loss=0.113791 lr=7.072e-06
[train] step=3644 loss=0.229773 lr=7.071e-06
[train] step=3645 loss=0.096707 lr=7.069e-06
[train] step=3646 loss=0.348932 lr=7.068e-06
[train] step=3647 loss=0.376196 lr=7.066e-06
[train] step=3648 loss=0.177754 lr=7.065e-06
[train] step=3649 loss=0.091425 lr=7.063e-06
[train] step=3650 loss=0.198194 lr=7.062e-06
[train] step=3651 loss=0.473119 lr=7.061e-06
[train] step=3652 loss=0.172460 lr=7.059e-06
[train] step=3653 loss=0.264099 lr=7.058e-06
[train] step=3654 loss=0.192049 lr=7.056e-06
[train] step=3655 loss=0.612547 lr=7.055e-06
[train] step=3656 loss=0.049560 lr=7.053e-06
[train] step=3657 loss=0.157885 lr=7.052e-06
[train] step=3658 loss=0.311789 lr=7.050e-06
[train] step=3659 loss=0.374102 lr=7.049e-06
[train] step=3660 loss=0.480970 lr=7.048e-06
[train] step=3661 loss=0.390182 lr=7.046e-06
[train] step=3662 loss=0.495664 lr=7.045e-06
[train] step=3663 loss=0.391880 lr=7.043e-06
[train] step=3664 loss=0.159350 lr=7.042e-06
[train] step=3665 loss=0.237371 lr=7.040e-06
[train] step=3666 loss=0.167928 lr=7.039e-06
[train] step=3667 loss=0.297729 lr=7.038e-06
[train] step=3668 loss=0.209144 lr=7.036e-06
[train] step=3669 loss=0.181269 lr=7.035e-06
[train] step=3670 loss=0.493593 lr=7.033e-06
[train] step=3671 loss=0.551575 lr=7.032e-06
[train] step=3672 loss=0.195159 lr=7.030e-06
[train] step=3673 loss=0.183212 lr=7.029e-06
[train] step=3674 loss=0.097913 lr=7.028e-06
[train] step=3675 loss=0.328076 lr=7.026e-06
[train] step=3676 loss=0.242853 lr=7.025e-06
[train] step=3677 loss=0.224381 lr=7.023e-06
[train] step=3678 loss=0.310250 lr=7.022e-06
[train] step=3679 loss=0.471412 lr=7.020e-06
[train] step=3680 loss=0.040737 lr=7.019e-06
[train] step=3681 loss=0.290422 lr=7.018e-06
[train] step=3682 loss=0.092430 lr=7.016e-06
[train] step=3683 loss=0.150954 lr=7.015e-06
[train] step=3684 loss=0.319519 lr=7.013e-06
[train] step=3685 loss=0.239197 lr=7.012e-06
[train] step=3686 loss=0.392922 lr=7.010e-06
[train] step=3687 loss=0.347314 lr=7.009e-06
[train] step=3688 loss=0.280100 lr=7.007e-06
[train] step=3689 loss=0.515547 lr=7.006e-06
[train] step=3690 loss=0.409789 lr=7.005e-06
[train] step=3691 loss=0.357648 lr=7.003e-06
[train] step=3692 loss=0.270667 lr=7.002e-06
[train] step=3693 loss=0.242463 lr=7.000e-06
[train] step=3694 loss=0.424710 lr=6.999e-06
[train] step=3695 loss=0.133550 lr=6.997e-06
[train] step=3696 loss=0.294476 lr=6.996e-06
[train] step=3697 loss=0.396976 lr=6.995e-06
[train] step=3698 loss=0.154890 lr=6.993e-06
[train] step=3699 loss=0.353491 lr=6.992e-06
[train] step=3700 loss=0.117378 lr=6.990e-06
[train] step=3701 loss=0.223010 lr=6.989e-06
[train] step=3702 loss=0.585434 lr=6.987e-06
[train] step=3703 loss=0.251413 lr=6.986e-06
[train] step=3704 loss=0.151172 lr=6.984e-06
[train] step=3705 loss=0.307626 lr=6.983e-06
[train] step=3706 loss=0.568992 lr=6.982e-06
[train] step=3707 loss=0.182858 lr=6.980e-06
[train] step=3708 loss=0.392762 lr=6.979e-06
[train] step=3709 loss=0.183608 lr=6.977e-06
[train] step=3710 loss=0.231942 lr=6.976e-06
[train] step=3711 loss=0.118529 lr=6.974e-06
[train] step=3712 loss=0.561632 lr=6.973e-06
[train] step=3713 loss=0.187879 lr=6.971e-06
[train] step=3714 loss=0.655883 lr=6.970e-06
[train] step=3715 loss=0.529619 lr=6.969e-06
[train] step=3716 loss=0.312984 lr=6.967e-06
[train] step=3717 loss=0.226864 lr=6.966e-06
[train] step=3718 loss=0.750607 lr=6.964e-06
[train] step=3719 loss=0.506263 lr=6.963e-06
[train] step=3720 loss=0.122671 lr=6.961e-06
INFO     [rank 0] Model weights for step 3720 saved in       dit_trainer.py:1085
         checkpoints/model_weights_step_03720.safetensors                       
INFO     [rank 0] Scalar embedding weights for step 3720     dit_trainer.py:1092
         saved                                                                  
INFO     [rank 0] Training state saved:                      dit_trainer.py:1123
         checkpoints/model_weights_step_03720.state.pt                          
DEBUG    [rank 0] Removed old checkpoint:                    dit_trainer.py:1132
         /mnt/result/shockwave_dit_baseline/checkpoints/mode                    
         l_weights_step_03120.safetensors                                       
DEBUG    [rank 0] Removed old checkpoint:                    dit_trainer.py:1132
         /mnt/result/shockwave_dit_baseline/checkpoints/mode                    
         l_weights_step_03120.state.pt                                          
[epoch 31] step=3720 train_loss=0.289629
[train] step=3721 loss=0.091505 lr=6.960e-06
[train] step=3722 loss=0.126206 lr=6.958e-06
[train] step=3723 loss=0.210873 lr=6.957e-06
[train] step=3724 loss=0.153153 lr=6.956e-06
[train] step=3725 loss=0.461250 lr=6.954e-06
[train] step=3726 loss=0.365722 lr=6.953e-06
[train] step=3727 loss=0.416367 lr=6.951e-06
[train] step=3728 loss=0.236602 lr=6.950e-06
[train] step=3729 loss=0.119681 lr=6.948e-06
[train] step=3730 loss=0.064722 lr=6.947e-06
[train] step=3731 loss=0.207799 lr=6.945e-06
[train] step=3732 loss=0.373582 lr=6.944e-06
[train] step=3733 loss=0.304613 lr=6.943e-06
[train] step=3734 loss=0.320752 lr=6.941e-06
[train] step=3735 loss=0.162412 lr=6.940e-06
[train] step=3736 loss=0.086483 lr=6.938e-06
[train] step=3737 loss=0.355684 lr=6.937e-06
[train] step=3738 loss=0.341469 lr=6.935e-06
[train] step=3739 loss=0.408040 lr=6.934e-06
[train] step=3740 loss=0.432590 lr=6.932e-06
[train] step=3741 loss=0.442063 lr=6.931e-06
[train] step=3742 loss=0.140516 lr=6.930e-06
[train] step=3743 loss=0.380271 lr=6.928e-06
[train] step=3744 loss=0.252798 lr=6.927e-06
[train] step=3745 loss=0.090127 lr=6.925e-06
[train] step=3746 loss=0.303890 lr=6.924e-06
[train] step=3747 loss=0.520040 lr=6.922e-06
[train] step=3748 loss=0.407544 lr=6.921e-06
[train] step=3749 loss=0.219480 lr=6.919e-06
[train] step=3750 loss=0.567000 lr=6.918e-06
[train] step=3751 loss=0.715773 lr=6.917e-06
[train] step=3752 loss=0.183789 lr=6.915e-06
[train] step=3753 loss=0.384764 lr=6.914e-06
[train] step=3754 loss=0.520778 lr=6.912e-06
[train] step=3755 loss=0.218377 lr=6.911e-06
[train] step=3756 loss=0.319159 lr=6.909e-06
[train] step=3757 loss=0.028790 lr=6.908e-06
[train] step=3758 loss=0.420002 lr=6.906e-06
[train] step=3759 loss=0.363979 lr=6.905e-06
[train] step=3760 loss=0.179744 lr=6.903e-06
[train] step=3761 loss=0.333643 lr=6.902e-06
[train] step=3762 loss=0.231897 lr=6.901e-06
[train] step=3763 loss=0.296248 lr=6.899e-06
[train] step=3764 loss=0.213444 lr=6.898e-06
[train] step=3765 loss=0.262777 lr=6.896e-06
[train] step=3766 loss=0.384406 lr=6.895e-06
[train] step=3767 loss=0.477568 lr=6.893e-06
[train] step=3768 loss=0.250690 lr=6.892e-06
[train] step=3769 loss=0.179373 lr=6.890e-06
[train] step=3770 loss=0.253059 lr=6.889e-06
[train] step=3771 loss=0.300500 lr=6.887e-06
[train] step=3772 loss=0.222013 lr=6.886e-06
[train] step=3773 loss=0.651281 lr=6.885e-06
[train] step=3774 loss=0.212400 lr=6.883e-06
[train] step=3775 loss=0.241728 lr=6.882e-06
[train] step=3776 loss=0.210675 lr=6.880e-06
[train] step=3777 loss=0.105043 lr=6.879e-06
[train] step=3778 loss=0.543872 lr=6.877e-06
[train] step=3779 loss=0.278251 lr=6.876e-06
[train] step=3780 loss=0.380004 lr=6.874e-06
[train] step=3781 loss=0.214386 lr=6.873e-06
[train] step=3782 loss=0.209246 lr=6.871e-06
[train] step=3783 loss=0.202445 lr=6.870e-06
[train] step=3784 loss=0.267010 lr=6.869e-06
[train] step=3785 loss=0.288388 lr=6.867e-06
[train] step=3786 loss=0.166949 lr=6.866e-06
[train] step=3787 loss=0.567924 lr=6.864e-06
[train] step=3788 loss=0.271698 lr=6.863e-06
[train] step=3789 loss=0.381863 lr=6.861e-06
[train] step=3790 loss=0.348732 lr=6.860e-06
[train] step=3791 loss=0.564999 lr=6.858e-06
[train] step=3792 loss=0.109803 lr=6.857e-06
[train] step=3793 loss=0.208106 lr=6.855e-06
[train] step=3794 loss=0.267516 lr=6.854e-06
[train] step=3795 loss=0.254989 lr=6.853e-06
[train] step=3796 loss=0.606477 lr=6.851e-06
[train] step=3797 loss=0.310665 lr=6.850e-06
[train] step=3798 loss=0.105193 lr=6.848e-06
[train] step=3799 loss=0.400246 lr=6.847e-06
[train] step=3800 loss=0.523937 lr=6.845e-06
[train] step=3801 loss=0.255976 lr=6.844e-06
[train] step=3802 loss=0.075666 lr=6.842e-06
[train] step=3803 loss=0.108000 lr=6.841e-06
[train] step=3804 loss=0.251373 lr=6.839e-06
[train] step=3805 loss=0.272628 lr=6.838e-06
[train] step=3806 loss=0.527380 lr=6.836e-06
[train] step=3807 loss=0.282884 lr=6.835e-06
[train] step=3808 loss=0.471101 lr=6.834e-06
[train] step=3809 loss=0.186233 lr=6.832e-06
[train] step=3810 loss=0.441255 lr=6.831e-06
[train] step=3811 loss=0.170244 lr=6.829e-06
[train] step=3812 loss=0.423894 lr=6.828e-06
[train] step=3813 loss=0.404685 lr=6.826e-06
[train] step=3814 loss=0.415701 lr=6.825e-06
[train] step=3815 loss=0.236799 lr=6.823e-06
[train] step=3816 loss=0.265623 lr=6.822e-06
[train] step=3817 loss=0.270677 lr=6.820e-06
[train] step=3818 loss=0.382030 lr=6.819e-06
[train] step=3819 loss=0.452930 lr=6.817e-06
[train] step=3820 loss=0.364963 lr=6.816e-06
[train] step=3821 loss=0.052476 lr=6.815e-06
[train] step=3822 loss=0.549695 lr=6.813e-06
[train] step=3823 loss=0.748770 lr=6.812e-06
[train] step=3824 loss=0.341352 lr=6.810e-06
[train] step=3825 loss=0.630638 lr=6.809e-06
[train] step=3826 loss=0.103604 lr=6.807e-06
[train] step=3827 loss=0.302106 lr=6.806e-06
[train] step=3828 loss=0.301236 lr=6.804e-06
[train] step=3829 loss=0.569880 lr=6.803e-06
[train] step=3830 loss=0.272050 lr=6.801e-06
[train] step=3831 loss=0.292237 lr=6.800e-06
[train] step=3832 loss=0.411647 lr=6.798e-06
[train] step=3833 loss=0.383686 lr=6.797e-06
[train] step=3834 loss=0.361706 lr=6.796e-06
[train] step=3835 loss=0.188556 lr=6.794e-06
[train] step=3836 loss=0.079323 lr=6.793e-06
[train] step=3837 loss=0.387472 lr=6.791e-06
[train] step=3838 loss=0.261139 lr=6.790e-06
[train] step=3839 loss=0.278174 lr=6.788e-06
[train] step=3840 loss=0.102591 lr=6.787e-06
INFO     [rank 0] Model weights for step 3840 saved in       dit_trainer.py:1085
         checkpoints/model_weights_step_03840.safetensors                       
INFO     [rank 0] Scalar embedding weights for step 3840     dit_trainer.py:1092
         saved                                                                  
INFO     [rank 0] Training state saved:                      dit_trainer.py:1123
         checkpoints/model_weights_step_03840.state.pt                          
DEBUG    [rank 0] Removed old checkpoint:                    dit_trainer.py:1132
         /mnt/result/shockwave_dit_baseline/checkpoints/mode                    
         l_weights_step_03240.safetensors                                       
DEBUG    [rank 0] Removed old checkpoint:                    dit_trainer.py:1132
         /mnt/result/shockwave_dit_baseline/checkpoints/mode                    
         l_weights_step_03240.state.pt                                          
[epoch 32] step=3840 train_loss=0.309136
[train] step=3841 loss=0.202700 lr=6.785e-06
[train] step=3842 loss=0.349073 lr=6.784e-06
[train] step=3843 loss=0.222357 lr=6.782e-06
[train] step=3844 loss=0.434026 lr=6.781e-06
[train] step=3845 loss=0.362319 lr=6.779e-06
[train] step=3846 loss=0.383028 lr=6.778e-06
[train] step=3847 loss=0.399425 lr=6.776e-06
[train] step=3848 loss=0.154972 lr=6.775e-06
[train] step=3849 loss=0.406378 lr=6.774e-06
[train] step=3850 loss=0.376272 lr=6.772e-06
[train] step=3851 loss=0.124073 lr=6.771e-06
[train] step=3852 loss=0.210298 lr=6.769e-06
[train] step=3853 loss=0.266875 lr=6.768e-06
[train] step=3854 loss=0.525724 lr=6.766e-06
[train] step=3855 loss=0.269249 lr=6.765e-06
[train] step=3856 loss=0.414553 lr=6.763e-06
[train] step=3857 loss=0.420401 lr=6.762e-06
[train] step=3858 loss=0.313538 lr=6.760e-06
[train] step=3859 loss=0.286317 lr=6.759e-06
[train] step=3860 loss=0.443498 lr=6.757e-06
[train] step=3861 loss=0.251468 lr=6.756e-06
[train] step=3862 loss=0.307125 lr=6.754e-06
[train] step=3863 loss=0.230473 lr=6.753e-06
[train] step=3864 loss=0.424335 lr=6.752e-06
[train] step=3865 loss=0.334778 lr=6.750e-06
[train] step=3866 loss=0.574511 lr=6.749e-06
[train] step=3867 loss=0.174976 lr=6.747e-06
[train] step=3868 loss=0.606282 lr=6.746e-06
[train] step=3869 loss=0.317281 lr=6.744e-06
[train] step=3870 loss=0.362284 lr=6.743e-06
[train] step=3871 loss=0.214872 lr=6.741e-06
[train] step=3872 loss=0.325669 lr=6.740e-06
[train] step=3873 loss=0.232214 lr=6.738e-06
[train] step=3874 loss=0.053190 lr=6.737e-06
[train] step=3875 loss=0.106768 lr=6.735e-06
[train] step=3876 loss=0.164992 lr=6.734e-06
[train] step=3877 loss=0.182231 lr=6.732e-06
[train] step=3878 loss=0.246738 lr=6.731e-06
[train] step=3879 loss=0.146524 lr=6.729e-06
[train] step=3880 loss=0.068269 lr=6.728e-06
[train] step=3881 loss=0.261615 lr=6.726e-06
[train] step=3882 loss=0.180415 lr=6.725e-06
[train] step=3883 loss=0.112851 lr=6.724e-06
[train] step=3884 loss=0.185365 lr=6.722e-06
[train] step=3885 loss=0.140747 lr=6.721e-06
[train] step=3886 loss=0.296817 lr=6.719e-06
[train] step=3887 loss=0.421609 lr=6.718e-06
[train] step=3888 loss=0.305681 lr=6.716e-06
[train] step=3889 loss=0.502200 lr=6.715e-06
[train] step=3890 loss=0.121756 lr=6.713e-06
[train] step=3891 loss=0.271981 lr=6.712e-06
[train] step=3892 loss=0.326048 lr=6.710e-06
[train] step=3893 loss=0.463250 lr=6.709e-06
[train] step=3894 loss=0.278606 lr=6.707e-06
[train] step=3895 loss=0.390663 lr=6.706e-06
[train] step=3896 loss=0.357827 lr=6.704e-06
[train] step=3897 loss=0.200883 lr=6.703e-06
[train] step=3898 loss=0.155837 lr=6.701e-06
[train] step=3899 loss=0.689365 lr=6.700e-06
[train] step=3900 loss=0.186250 lr=6.698e-06
[train] step=3901 loss=0.387676 lr=6.697e-06
[train] step=3902 loss=0.093480 lr=6.696e-06
[train] step=3903 loss=0.380747 lr=6.694e-06
[train] step=3904 loss=0.393047 lr=6.693e-06
[train] step=3905 loss=0.074171 lr=6.691e-06
[train] step=3906 loss=0.369131 lr=6.690e-06
[train] step=3907 loss=0.198506 lr=6.688e-06
[train] step=3908 loss=0.196749 lr=6.687e-06
[train] step=3909 loss=0.445356 lr=6.685e-06
[train] step=3910 loss=0.399827 lr=6.684e-06
[train] step=3911 loss=0.040796 lr=6.682e-06
[train] step=3912 loss=0.169896 lr=6.681e-06
[train] step=3913 loss=0.275237 lr=6.679e-06
[train] step=3914 loss=0.103380 lr=6.678e-06
[train] step=3915 loss=0.086116 lr=6.676e-06
[train] step=3916 loss=0.235249 lr=6.675e-06
[train] step=3917 loss=0.369317 lr=6.673e-06
[train] step=3918 loss=0.280505 lr=6.672e-06
[train] step=3919 loss=0.137261 lr=6.670e-06
[train] step=3920 loss=0.213753 lr=6.669e-06
[train] step=3921 loss=0.182220 lr=6.667e-06
[train] step=3922 loss=0.328778 lr=6.666e-06
[train] step=3923 loss=0.161988 lr=6.664e-06
[train] step=3924 loss=0.330107 lr=6.663e-06
[train] step=3925 loss=0.403156 lr=6.662e-06
[train] step=3926 loss=0.209694 lr=6.660e-06
[train] step=3927 loss=0.260375 lr=6.659e-06
[train] step=3928 loss=0.222596 lr=6.657e-06
[train] step=3929 loss=0.203660 lr=6.656e-06
[train] step=3930 loss=0.345901 lr=6.654e-06
[train] step=3931 loss=0.318854 lr=6.653e-06
[train] step=3932 loss=0.506058 lr=6.651e-06
[train] step=3933 loss=0.213840 lr=6.650e-06
[train] step=3934 loss=0.287779 lr=6.648e-06
[train] step=3935 loss=0.092670 lr=6.647e-06
[train] step=3936 loss=0.069661 lr=6.645e-06
[train] step=3937 loss=0.288905 lr=6.644e-06
[train] step=3938 loss=0.301631 lr=6.642e-06
[train] step=3939 loss=0.394051 lr=6.641e-06
[train] step=3940 loss=0.170362 lr=6.639e-06
[train] step=3941 loss=0.052868 lr=6.638e-06
[train] step=3942 loss=0.421004 lr=6.636e-06
[train] step=3943 loss=0.233210 lr=6.635e-06
[train] step=3944 loss=0.275806 lr=6.633e-06
[train] step=3945 loss=0.255093 lr=6.632e-06
[train] step=3946 loss=0.156999 lr=6.630e-06
[train] step=3947 loss=0.335578 lr=6.629e-06
[train] step=3948 loss=0.232190 lr=6.627e-06
[train] step=3949 loss=0.114654 lr=6.626e-06
[train] step=3950 loss=0.251547 lr=6.624e-06
[train] step=3951 loss=0.254873 lr=6.623e-06
[train] step=3952 loss=0.330725 lr=6.621e-06
[train] step=3953 loss=0.500264 lr=6.620e-06
[train] step=3954 loss=0.135149 lr=6.619e-06
[train] step=3955 loss=0.128243 lr=6.617e-06
[train] step=3956 loss=0.100678 lr=6.616e-06
[train] step=3957 loss=0.105326 lr=6.614e-06
[train] step=3958 loss=0.423581 lr=6.613e-06
[train] step=3959 loss=0.065843 lr=6.611e-06
[train] step=3960 loss=0.310116 lr=6.610e-06
INFO     [rank 0] Model weights for step 3960 saved in       dit_trainer.py:1085
         checkpoints/model_weights_step_03960.safetensors                       
INFO     [rank 0] Scalar embedding weights for step 3960     dit_trainer.py:1092
         saved                                                                  
INFO     [rank 0] Training state saved:                      dit_trainer.py:1123
         checkpoints/model_weights_step_03960.state.pt                          
DEBUG    [rank 0] Removed old checkpoint:                    dit_trainer.py:1132
         /mnt/result/shockwave_dit_baseline/checkpoints/mode                    
         l_weights_step_03360.safetensors                                       
DEBUG    [rank 0] Removed old checkpoint:                    dit_trainer.py:1132
         /mnt/result/shockwave_dit_baseline/checkpoints/mode                    
         l_weights_step_03360.state.pt                                          
[epoch 33] step=3960 train_loss=0.269654
[train] step=3961 loss=0.400203 lr=6.608e-06
[train] step=3962 loss=0.271850 lr=6.607e-06
[train] step=3963 loss=0.151634 lr=6.605e-06
[train] step=3964 loss=0.134626 lr=6.604e-06
[train] step=3965 loss=0.423384 lr=6.602e-06
[train] step=3966 loss=0.491714 lr=6.601e-06
[train] step=3967 loss=0.306497 lr=6.599e-06
[train] step=3968 loss=0.258823 lr=6.598e-06
[train] step=3969 loss=0.206025 lr=6.596e-06
[train] step=3970 loss=0.385432 lr=6.595e-06
[train] step=3971 loss=0.420176 lr=6.593e-06
[train] step=3972 loss=0.235299 lr=6.592e-06
[train] step=3973 loss=0.339148 lr=6.590e-06
[train] step=3974 loss=0.380433 lr=6.589e-06
[train] step=3975 loss=0.147386 lr=6.587e-06
[train] step=3976 loss=0.421108 lr=6.586e-06
[train] step=3977 loss=0.204820 lr=6.584e-06
[train] step=3978 loss=0.325918 lr=6.583e-06
[train] step=3979 loss=0.232147 lr=6.581e-06
[train] step=3980 loss=0.316267 lr=6.580e-06
[train] step=3981 loss=0.237991 lr=6.578e-06
[train] step=3982 loss=0.381568 lr=6.577e-06
[train] step=3983 loss=0.365563 lr=6.575e-06
[train] step=3984 loss=0.169806 lr=6.574e-06
[train] step=3985 loss=0.365276 lr=6.572e-06
[train] step=3986 loss=0.044493 lr=6.571e-06
[train] step=3987 loss=0.134932 lr=6.569e-06
[train] step=3988 loss=0.407107 lr=6.568e-06
[train] step=3989 loss=0.148280 lr=6.566e-06
[train] step=3990 loss=0.402282 lr=6.565e-06
[train] step=3991 loss=0.162831 lr=6.563e-06
[train] step=3992 loss=0.179544 lr=6.562e-06
[train] step=3993 loss=0.300196 lr=6.560e-06
[train] step=3994 loss=0.300878 lr=6.559e-06
[train] step=3995 loss=0.130423 lr=6.557e-06
[train] step=3996 loss=0.045140 lr=6.556e-06
[train] step=3997 loss=0.203585 lr=6.555e-06
[train] step=3998 loss=0.235200 lr=6.553e-06
[train] step=3999 loss=0.118355 lr=6.552e-06
[train] step=4000 loss=0.541663 lr=6.550e-06
[train] step=4001 loss=0.292525 lr=6.549e-06
[train] step=4002 loss=0.050553 lr=6.547e-06
[train] step=4003 loss=0.205099 lr=6.546e-06
[train] step=4004 loss=0.395472 lr=6.544e-06
[train] step=4005 loss=0.236166 lr=6.543e-06
[train] step=4006 loss=0.464769 lr=6.541e-06
[train] step=4007 loss=0.141218 lr=6.540e-06
[train] step=4008 loss=0.283357 lr=6.538e-06
[train] step=4009 loss=0.426762 lr=6.537e-06
[train] step=4010 loss=0.194723 lr=6.535e-06
[train] step=4011 loss=0.659883 lr=6.534e-06
[train] step=4012 loss=0.657888 lr=6.532e-06
[train] step=4013 loss=0.663761 lr=6.531e-06
[train] step=4014 loss=0.141882 lr=6.529e-06
[train] step=4015 loss=0.341231 lr=6.528e-06
[train] step=4016 loss=0.180568 lr=6.526e-06
[train] step=4017 loss=0.268416 lr=6.525e-06
[train] step=4018 loss=0.288476 lr=6.523e-06
[train] step=4019 loss=0.516993 lr=6.522e-06
[train] step=4020 loss=0.050132 lr=6.520e-06
[train] step=4021 loss=0.312352 lr=6.519e-06
[train] step=4022 loss=0.129700 lr=6.517e-06
[train] step=4023 loss=0.184001 lr=6.516e-06
[train] step=4024 loss=0.214295 lr=6.514e-06
[train] step=4025 loss=0.254352 lr=6.513e-06
[train] step=4026 loss=0.816820 lr=6.511e-06
[train] step=4027 loss=0.051492 lr=6.510e-06
[train] step=4028 loss=0.202566 lr=6.508e-06
[train] step=4029 loss=0.181800 lr=6.507e-06
[train] step=4030 loss=0.382011 lr=6.505e-06
[train] step=4031 loss=0.259218 lr=6.504e-06
[train] step=4032 loss=0.244799 lr=6.502e-06
[train] step=4033 loss=0.451575 lr=6.501e-06
[train] step=4034 loss=0.568919 lr=6.499e-06
[train] step=4035 loss=0.096203 lr=6.498e-06
[train] step=4036 loss=0.227740 lr=6.496e-06
[train] step=4037 loss=0.108900 lr=6.495e-06
[train] step=4038 loss=0.309722 lr=6.493e-06
[train] step=4039 loss=0.230578 lr=6.492e-06
[train] step=4040 loss=0.169312 lr=6.490e-06
[train] step=4041 loss=0.108927 lr=6.489e-06
[train] step=4042 loss=0.377759 lr=6.487e-06
[train] step=4043 loss=0.249345 lr=6.486e-06
[train] step=4044 loss=0.139121 lr=6.484e-06
[train] step=4045 loss=0.436176 lr=6.483e-06
[train] step=4046 loss=0.317576 lr=6.481e-06
[train] step=4047 loss=0.202827 lr=6.480e-06
[train] step=4048 loss=0.150896 lr=6.478e-06
[train] step=4049 loss=0.354439 lr=6.477e-06
[train] step=4050 loss=0.407406 lr=6.475e-06
[train] step=4051 loss=0.448668 lr=6.474e-06
[train] step=4052 loss=0.251207 lr=6.472e-06
[train] step=4053 loss=0.176237 lr=6.471e-06
[train] step=4054 loss=0.434092 lr=6.469e-06
[train] step=4055 loss=0.359001 lr=6.468e-06
[train] step=4056 loss=0.613414 lr=6.466e-06
[train] step=4057 loss=0.226393 lr=6.465e-06
[train] step=4058 loss=0.146343 lr=6.463e-06
[train] step=4059 loss=0.135085 lr=6.462e-06
[train] step=4060 loss=0.142467 lr=6.460e-06
[train] step=4061 loss=0.321209 lr=6.459e-06
[train] step=4062 loss=0.506949 lr=6.457e-06
[train] step=4063 loss=0.330135 lr=6.456e-06
[train] step=4064 loss=0.448886 lr=6.454e-06
[train] step=4065 loss=0.061864 lr=6.453e-06
[train] step=4066 loss=0.174386 lr=6.451e-06
[train] step=4067 loss=0.539806 lr=6.450e-06
[train] step=4068 loss=0.177088 lr=6.448e-06
[train] step=4069 loss=0.575598 lr=6.447e-06
[train] step=4070 loss=0.156155 lr=6.445e-06
[train] step=4071 loss=0.600441 lr=6.444e-06
[train] step=4072 loss=0.221389 lr=6.442e-06
[train] step=4073 loss=0.141708 lr=6.441e-06
[train] step=4074 loss=0.130098 lr=6.439e-06
[train] step=4075 loss=0.173589 lr=6.438e-06
[train] step=4076 loss=0.521847 lr=6.436e-06
[train] step=4077 loss=0.114718 lr=6.435e-06
[train] step=4078 loss=0.048767 lr=6.433e-06
[train] step=4079 loss=0.154223 lr=6.432e-06
[train] step=4080 loss=0.972833 lr=6.430e-06
INFO     [rank 0] Model weights for step 4080 saved in       dit_trainer.py:1085
         checkpoints/model_weights_step_04080.safetensors                       
INFO     [rank 0] Scalar embedding weights for step 4080     dit_trainer.py:1092
         saved                                                                  
INFO     [rank 0] Training state saved:                      dit_trainer.py:1123
         checkpoints/model_weights_step_04080.state.pt                          
DEBUG    [rank 0] Removed old checkpoint:                    dit_trainer.py:1132
         /mnt/result/shockwave_dit_baseline/checkpoints/mode                    
         l_weights_step_03480.safetensors                                       
DEBUG    [rank 0] Removed old checkpoint:                    dit_trainer.py:1132
         /mnt/result/shockwave_dit_baseline/checkpoints/mode                    
         l_weights_step_03480.state.pt                                          
[epoch 34] step=4080 train_loss=0.284755
[train] step=4081 loss=0.480988 lr=6.429e-06
[train] step=4082 loss=0.176321 lr=6.427e-06
[train] step=4083 loss=0.294293 lr=6.426e-06
[train] step=4084 loss=0.762487 lr=6.424e-06
[train] step=4085 loss=0.191299 lr=6.423e-06
[train] step=4086 loss=0.263708 lr=6.421e-06
[train] step=4087 loss=0.254991 lr=6.420e-06
[train] step=4088 loss=0.297690 lr=6.418e-06
[train] step=4089 loss=0.277870 lr=6.417e-06
[train] step=4090 loss=0.324963 lr=6.415e-06
[train] step=4091 loss=0.221053 lr=6.414e-06
[train] step=4092 loss=0.213891 lr=6.412e-06
[train] step=4093 loss=0.133732 lr=6.411e-06
[train] step=4094 loss=0.432503 lr=6.409e-06
[train] step=4095 loss=0.158354 lr=6.408e-06
[train] step=4096 loss=0.447173 lr=6.406e-06
[train] step=4097 loss=0.287557 lr=6.405e-06
[train] step=4098 loss=0.312260 lr=6.403e-06
[train] step=4099 loss=0.209622 lr=6.402e-06
[train] step=4100 loss=0.212331 lr=6.400e-06
[train] step=4101 loss=0.644348 lr=6.399e-06
[train] step=4102 loss=0.441291 lr=6.397e-06
[train] step=4103 loss=0.346105 lr=6.396e-06
[train] step=4104 loss=0.258574 lr=6.394e-06
[train] step=4105 loss=0.140292 lr=6.393e-06
[train] step=4106 loss=0.124399 lr=6.391e-06
[train] step=4107 loss=0.295248 lr=6.390e-06
[train] step=4108 loss=0.353947 lr=6.388e-06
[train] step=4109 loss=0.367408 lr=6.387e-06
[train] step=4110 loss=0.120370 lr=6.385e-06
[train] step=4111 loss=0.250923 lr=6.383e-06
[train] step=4112 loss=0.335358 lr=6.382e-06
[train] step=4113 loss=0.315553 lr=6.380e-06
[train] step=4114 loss=0.486775 lr=6.379e-06
[train] step=4115 loss=0.321495 lr=6.377e-06
[train] step=4116 loss=0.444461 lr=6.376e-06
[train] step=4117 loss=0.393189 lr=6.374e-06
[train] step=4118 loss=0.542930 lr=6.373e-06
[train] step=4119 loss=0.177260 lr=6.371e-06
[train] step=4120 loss=0.346099 lr=6.370e-06
[train] step=4121 loss=0.642386 lr=6.368e-06
[train] step=4122 loss=0.268662 lr=6.367e-06
[train] step=4123 loss=0.192894 lr=6.365e-06
[train] step=4124 loss=0.019950 lr=6.364e-06
[train] step=4125 loss=0.463637 lr=6.362e-06
[train] step=4126 loss=0.254491 lr=6.361e-06
[train] step=4127 loss=0.367105 lr=6.359e-06
[train] step=4128 loss=0.144158 lr=6.358e-06
[train] step=4129 loss=0.201757 lr=6.356e-06
[train] step=4130 loss=0.267756 lr=6.355e-06
[train] step=4131 loss=0.041106 lr=6.353e-06
[train] step=4132 loss=0.151802 lr=6.352e-06
[train] step=4133 loss=0.361497 lr=6.350e-06
[train] step=4134 loss=0.374041 lr=6.349e-06
[train] step=4135 loss=0.531596 lr=6.347e-06
[train] step=4136 loss=0.297751 lr=6.346e-06
[train] step=4137 loss=0.191381 lr=6.344e-06
[train] step=4138 loss=0.183351 lr=6.343e-06
[train] step=4139 loss=0.600439 lr=6.341e-06
[train] step=4140 loss=0.294432 lr=6.340e-06
[train] step=4141 loss=0.206434 lr=6.338e-06
[train] step=4142 loss=0.371813 lr=6.337e-06
[train] step=4143 loss=0.225071 lr=6.335e-06
[train] step=4144 loss=0.146032 lr=6.334e-06
[train] step=4145 loss=0.135432 lr=6.332e-06
[train] step=4146 loss=0.454658 lr=6.331e-06
[train] step=4147 loss=0.745335 lr=6.329e-06
[train] step=4148 loss=0.430535 lr=6.328e-06
[train] step=4149 loss=0.254730 lr=6.326e-06
[train] step=4150 loss=0.284807 lr=6.325e-06
[train] step=4151 loss=0.205003 lr=6.323e-06
[train] step=4152 loss=0.314132 lr=6.322e-06
[train] step=4153 loss=0.286057 lr=6.320e-06
[train] step=4154 loss=0.205359 lr=6.319e-06
[train] step=4155 loss=0.100830 lr=6.317e-06
[train] step=4156 loss=0.245001 lr=6.315e-06
[train] step=4157 loss=0.350478 lr=6.314e-06
[train] step=4158 loss=0.227228 lr=6.312e-06
[train] step=4159 loss=0.307652 lr=6.311e-06
[train] step=4160 loss=0.131812 lr=6.309e-06
[train] step=4161 loss=0.179047 lr=6.308e-06
[train] step=4162 loss=0.425584 lr=6.306e-06
[train] step=4163 loss=0.374119 lr=6.305e-06
[train] step=4164 loss=0.070276 lr=6.303e-06
[train] step=4165 loss=0.528838 lr=6.302e-06
[train] step=4166 loss=0.084490 lr=6.300e-06
[train] step=4167 loss=0.059188 lr=6.299e-06
[train] step=4168 loss=0.224668 lr=6.297e-06
[train] step=4169 loss=0.324404 lr=6.296e-06
[train] step=4170 loss=0.351017 lr=6.294e-06
[train] step=4171 loss=0.162701 lr=6.293e-06
[train] step=4172 loss=0.313602 lr=6.291e-06
[train] step=4173 loss=0.326670 lr=6.290e-06
[train] step=4174 loss=0.165008 lr=6.288e-06
[train] step=4175 loss=0.103368 lr=6.287e-06
[train] step=4176 loss=0.213166 lr=6.285e-06
[train] step=4177 loss=0.338193 lr=6.284e-06
[train] step=4178 loss=0.384632 lr=6.282e-06
[train] step=4179 loss=0.518414 lr=6.281e-06
[train] step=4180 loss=0.234384 lr=6.279e-06
[train] step=4181 loss=0.512944 lr=6.278e-06
[train] step=4182 loss=0.241592 lr=6.276e-06
[train] step=4183 loss=0.260893 lr=6.275e-06
[train] step=4184 loss=0.414133 lr=6.273e-06
[train] step=4185 loss=0.701998 lr=6.272e-06
[train] step=4186 loss=0.151553 lr=6.270e-06
[train] step=4187 loss=0.377991 lr=6.268e-06
[train] step=4188 loss=0.153257 lr=6.267e-06
[train] step=4189 loss=0.309471 lr=6.265e-06
[train] step=4190 loss=0.188541 lr=6.264e-06
[train] step=4191 loss=0.104424 lr=6.262e-06
[train] step=4192 loss=0.271499 lr=6.261e-06
[train] step=4193 loss=0.364481 lr=6.259e-06
[train] step=4194 loss=0.058114 lr=6.258e-06
[train] step=4195 loss=0.711756 lr=6.256e-06
[train] step=4196 loss=0.291188 lr=6.255e-06
[train] step=4197 loss=0.074796 lr=6.253e-06
[train] step=4198 loss=0.839644 lr=6.252e-06
[train] step=4199 loss=0.266170 lr=6.250e-06
[train] step=4200 loss=0.272180 lr=6.249e-06
[val] step=4200 val_loss=0.291588
INFO     [rank 0] Model weights for step 4200 saved in       dit_trainer.py:1085
         checkpoints/model_weights_step_04200.safetensors                       
INFO     [rank 0] Scalar embedding weights for step 4200     dit_trainer.py:1092
         saved                                                                  
INFO     [rank 0] Training state saved:                      dit_trainer.py:1123
         checkpoints/model_weights_step_04200.state.pt                          
DEBUG    [rank 0] Removed old checkpoint:                    dit_trainer.py:1132
         /mnt/result/shockwave_dit_baseline/checkpoints/mode                    
         l_weights_step_03600.safetensors                                       
DEBUG    [rank 0] Removed old checkpoint:                    dit_trainer.py:1132
         /mnt/result/shockwave_dit_baseline/checkpoints/mode                    
         l_weights_step_03600.state.pt                                          
[epoch 35] step=4200 train_loss=0.306556 val_loss=0.291588
[train] step=4201 loss=0.307298 lr=6.247e-06
[train] step=4202 loss=0.263939 lr=6.246e-06
[train] step=4203 loss=0.223528 lr=6.244e-06
[train] step=4204 loss=0.229625 lr=6.243e-06
[train] step=4205 loss=0.120742 lr=6.241e-06
[train] step=4206 loss=0.345740 lr=6.240e-06
[train] step=4207 loss=0.242770 lr=6.238e-06
[train] step=4208 loss=0.238723 lr=6.237e-06
[train] step=4209 loss=0.125834 lr=6.235e-06
[train] step=4210 loss=0.460077 lr=6.234e-06
[train] step=4211 loss=0.258887 lr=6.232e-06
[train] step=4212 loss=0.099296 lr=6.230e-06
[train] step=4213 loss=0.288403 lr=6.229e-06
[train] step=4214 loss=0.124614 lr=6.227e-06
[train] step=4215 loss=0.321173 lr=6.226e-06
[train] step=4216 loss=0.096026 lr=6.224e-06
[train] step=4217 loss=0.109691 lr=6.223e-06
[train] step=4218 loss=0.040750 lr=6.221e-06
[train] step=4219 loss=0.118606 lr=6.220e-06
[train] step=4220 loss=0.361136 lr=6.218e-06
[train] step=4221 loss=0.320238 lr=6.217e-06
[train] step=4222 loss=0.369415 lr=6.215e-06
[train] step=4223 loss=0.146692 lr=6.214e-06
[train] step=4224 loss=0.241762 lr=6.212e-06
[train] step=4225 loss=0.335090 lr=6.211e-06
[train] step=4226 loss=0.079441 lr=6.209e-06
[train] step=4227 loss=0.332834 lr=6.208e-06
[train] step=4228 loss=0.071744 lr=6.206e-06
[train] step=4229 loss=0.112667 lr=6.205e-06
[train] step=4230 loss=0.261423 lr=6.203e-06
[train] step=4231 loss=0.711913 lr=6.202e-06
[train] step=4232 loss=0.336862 lr=6.200e-06
[train] step=4233 loss=0.182059 lr=6.199e-06
[train] step=4234 loss=0.443510 lr=6.197e-06
[train] step=4235 loss=0.269138 lr=6.195e-06
[train] step=4236 loss=0.217110 lr=6.194e-06
[train] step=4237 loss=0.294968 lr=6.192e-06
[train] step=4238 loss=0.450312 lr=6.191e-06
[train] step=4239 loss=0.065005 lr=6.189e-06
[train] step=4240 loss=0.500066 lr=6.188e-06
[train] step=4241 loss=0.197503 lr=6.186e-06
[train] step=4242 loss=0.318664 lr=6.185e-06
[train] step=4243 loss=0.321278 lr=6.183e-06
[train] step=4244 loss=0.301989 lr=6.182e-06
[train] step=4245 loss=0.023786 lr=6.180e-06
[train] step=4246 loss=0.189790 lr=6.179e-06
[train] step=4247 loss=0.210315 lr=6.177e-06
[train] step=4248 loss=0.293222 lr=6.176e-06
[train] step=4249 loss=0.387448 lr=6.174e-06
[train] step=4250 loss=0.109443 lr=6.173e-06
[train] step=4251 loss=0.281630 lr=6.171e-06
[train] step=4252 loss=0.356932 lr=6.170e-06
[train] step=4253 loss=0.136912 lr=6.168e-06
[train] step=4254 loss=0.212407 lr=6.166e-06
[train] step=4255 loss=0.688757 lr=6.165e-06
[train] step=4256 loss=0.185588 lr=6.163e-06
[train] step=4257 loss=0.225937 lr=6.162e-06
[train] step=4258 loss=0.225076 lr=6.160e-06
[train] step=4259 loss=0.073081 lr=6.159e-06
[train] step=4260 loss=0.150080 lr=6.157e-06
[train] step=4261 loss=0.298626 lr=6.156e-06
[train] step=4262 loss=0.170365 lr=6.154e-06
[train] step=4263 loss=0.318687 lr=6.153e-06
[train] step=4264 loss=0.335293 lr=6.151e-06
[train] step=4265 loss=0.184943 lr=6.150e-06
[train] step=4266 loss=0.260365 lr=6.148e-06
[train] step=4267 loss=0.468630 lr=6.147e-06
[train] step=4268 loss=0.130301 lr=6.145e-06
[train] step=4269 loss=0.233065 lr=6.144e-06
[train] step=4270 loss=0.361168 lr=6.142e-06
[train] step=4271 loss=0.196530 lr=6.141e-06
[train] step=4272 loss=0.317079 lr=6.139e-06
[train] step=4273 loss=0.359447 lr=6.137e-06
[train] step=4274 loss=0.210431 lr=6.136e-06
[train] step=4275 loss=0.220954 lr=6.134e-06
[train] step=4276 loss=0.219700 lr=6.133e-06
[train] step=4277 loss=0.156509 lr=6.131e-06
[train] step=4278 loss=0.198177 lr=6.130e-06
[train] step=4279 loss=0.351029 lr=6.128e-06
[train] step=4280 loss=0.338323 lr=6.127e-06
[train] step=4281 loss=0.084961 lr=6.125e-06
[train] step=4282 loss=0.171172 lr=6.124e-06
[train] step=4283 loss=0.292672 lr=6.122e-06
[train] step=4284 loss=0.955992 lr=6.121e-06
[train] step=4285 loss=0.339266 lr=6.119e-06
[train] step=4286 loss=0.127259 lr=6.118e-06
[train] step=4287 loss=0.217977 lr=6.116e-06
[train] step=4288 loss=0.291049 lr=6.115e-06
[train] step=4289 loss=0.501763 lr=6.113e-06
[train] step=4290 loss=0.203655 lr=6.111e-06
[train] step=4291 loss=0.692807 lr=6.110e-06
[train] step=4292 loss=0.279858 lr=6.108e-06
[train] step=4293 loss=0.167362 lr=6.107e-06
[train] step=4294 loss=0.304912 lr=6.105e-06
[train] step=4295 loss=0.151137 lr=6.104e-06
[train] step=4296 loss=0.309082 lr=6.102e-06
[train] step=4297 loss=0.385962 lr=6.101e-06
[train] step=4298 loss=0.418114 lr=6.099e-06
[train] step=4299 loss=0.099105 lr=6.098e-06
[train] step=4300 loss=0.303442 lr=6.096e-06
[train] step=4301 loss=0.180213 lr=6.095e-06
[train] step=4302 loss=0.413181 lr=6.093e-06
[train] step=4303 loss=0.185272 lr=6.092e-06
[train] step=4304 loss=0.451586 lr=6.090e-06
[train] step=4305 loss=0.248939 lr=6.088e-06
[train] step=4306 loss=0.136521 lr=6.087e-06
[train] step=4307 loss=0.419738 lr=6.085e-06
[train] step=4308 loss=0.478390 lr=6.084e-06
[train] step=4309 loss=0.306171 lr=6.082e-06
[train] step=4310 loss=0.170602 lr=6.081e-06
[train] step=4311 loss=0.255455 lr=6.079e-06
[train] step=4312 loss=0.203645 lr=6.078e-06
[train] step=4313 loss=0.496993 lr=6.076e-06
[train] step=4314 loss=0.148524 lr=6.075e-06
[train] step=4315 loss=0.272965 lr=6.073e-06
[train] step=4316 loss=0.550834 lr=6.072e-06
[train] step=4317 loss=0.132353 lr=6.070e-06
[train] step=4318 loss=0.273398 lr=6.069e-06
[train] step=4319 loss=0.266837 lr=6.067e-06
[train] step=4320 loss=0.458110 lr=6.066e-06
INFO     [rank 0] Model weights for step 4320 saved in       dit_trainer.py:1085
         checkpoints/model_weights_step_04320.safetensors                       
INFO     [rank 0] Scalar embedding weights for step 4320     dit_trainer.py:1092
         saved                                                                  
INFO     [rank 0] Training state saved:                      dit_trainer.py:1123
         checkpoints/model_weights_step_04320.state.pt                          
DEBUG    [rank 0] Removed old checkpoint:                    dit_trainer.py:1132
         /mnt/result/shockwave_dit_baseline/checkpoints/mode                    
         l_weights_step_03720.safetensors                                       
DEBUG    [rank 0] Removed old checkpoint:                    dit_trainer.py:1132
         /mnt/result/shockwave_dit_baseline/checkpoints/mode                    
         l_weights_step_03720.state.pt                                          
[epoch 36] step=4320 train_loss=0.270833
[train] step=4321 loss=0.637593 lr=6.064e-06
[train] step=4322 loss=0.460782 lr=6.062e-06
[train] step=4323 loss=0.033465 lr=6.061e-06
[train] step=4324 loss=0.535719 lr=6.059e-06
[train] step=4325 loss=0.356449 lr=6.058e-06
[train] step=4326 loss=0.398892 lr=6.056e-06
[train] step=4327 loss=0.402129 lr=6.055e-06
[train] step=4328 loss=0.751651 lr=6.053e-06
[train] step=4329 loss=0.178670 lr=6.052e-06
[train] step=4330 loss=0.057902 lr=6.050e-06
[train] step=4331 loss=0.694366 lr=6.049e-06
[train] step=4332 loss=0.411877 lr=6.047e-06
[train] step=4333 loss=0.255691 lr=6.046e-06
[train] step=4334 loss=0.176611 lr=6.044e-06
[train] step=4335 loss=0.367950 lr=6.042e-06
[train] step=4336 loss=0.133557 lr=6.041e-06
[train] step=4337 loss=0.170090 lr=6.039e-06
[train] step=4338 loss=0.285563 lr=6.038e-06
[train] step=4339 loss=0.100181 lr=6.036e-06
[train] step=4340 loss=0.385223 lr=6.035e-06
[train] step=4341 loss=0.156289 lr=6.033e-06
[train] step=4342 loss=0.315763 lr=6.032e-06
[train] step=4343 loss=0.198482 lr=6.030e-06
[train] step=4344 loss=0.086822 lr=6.029e-06
[train] step=4345 loss=0.330032 lr=6.027e-06
[train] step=4346 loss=0.062268 lr=6.026e-06
[train] step=4347 loss=0.483974 lr=6.024e-06
[train] step=4348 loss=0.082130 lr=6.023e-06
[train] step=4349 loss=0.440549 lr=6.021e-06
[train] step=4350 loss=0.303111 lr=6.019e-06
[train] step=4351 loss=0.222215 lr=6.018e-06
[train] step=4352 loss=0.187346 lr=6.016e-06
[train] step=4353 loss=0.431181 lr=6.015e-06
[train] step=4354 loss=0.391153 lr=6.013e-06
[train] step=4355 loss=0.282577 lr=6.012e-06
[train] step=4356 loss=0.379562 lr=6.010e-06
[train] step=4357 loss=0.229561 lr=6.009e-06
[train] step=4358 loss=0.452854 lr=6.007e-06
[train] step=4359 loss=0.219708 lr=6.006e-06
[train] step=4360 loss=0.276799 lr=6.004e-06
[train] step=4361 loss=0.151325 lr=6.003e-06
[train] step=4362 loss=0.381408 lr=6.001e-06
[train] step=4363 loss=0.090030 lr=5.999e-06
[train] step=4364 loss=0.323261 lr=5.998e-06
[train] step=4365 loss=0.566215 lr=5.996e-06
[train] step=4366 loss=0.305239 lr=5.995e-06
[train] step=4367 loss=0.317951 lr=5.993e-06
[train] step=4368 loss=0.206006 lr=5.992e-06
[train] step=4369 loss=0.354368 lr=5.990e-06
[train] step=4370 loss=0.246446 lr=5.989e-06
[train] step=4371 loss=0.204880 lr=5.987e-06
[train] step=4372 loss=0.267786 lr=5.986e-06
[train] step=4373 loss=0.099760 lr=5.984e-06
[train] step=4374 loss=0.415241 lr=5.983e-06
[train] step=4375 loss=0.067819 lr=5.981e-06
[train] step=4376 loss=0.258655 lr=5.979e-06
[train] step=4377 loss=0.355569 lr=5.978e-06
[train] step=4378 loss=0.280991 lr=5.976e-06
[train] step=4379 loss=0.141423 lr=5.975e-06
[train] step=4380 loss=0.217439 lr=5.973e-06
[train] step=4381 loss=0.115817 lr=5.972e-06
[train] step=4382 loss=0.310537 lr=5.970e-06
[train] step=4383 loss=0.144179 lr=5.969e-06
[train] step=4384 loss=0.546549 lr=5.967e-06
[train] step=4385 loss=0.166821 lr=5.966e-06
[train] step=4386 loss=0.064695 lr=5.964e-06
[train] step=4387 loss=0.091793 lr=5.963e-06
[train] step=4388 loss=0.403796 lr=5.961e-06
[train] step=4389 loss=0.456646 lr=5.959e-06
[train] step=4390 loss=0.604161 lr=5.958e-06
[train] step=4391 loss=0.145657 lr=5.956e-06
[train] step=4392 loss=0.394706 lr=5.955e-06
[train] step=4393 loss=0.178235 lr=5.953e-06
[train] step=4394 loss=0.112545 lr=5.952e-06
[train] step=4395 loss=0.643652 lr=5.950e-06
[train] step=4396 loss=0.461996 lr=5.949e-06
[train] step=4397 loss=0.150195 lr=5.947e-06
[train] step=4398 loss=0.274802 lr=5.946e-06
[train] step=4399 loss=0.085768 lr=5.944e-06
[train] step=4400 loss=0.101003 lr=5.943e-06
[train] step=4401 loss=0.455072 lr=5.941e-06
[train] step=4402 loss=0.244057 lr=5.939e-06
[train] step=4403 loss=0.472299 lr=5.938e-06
[train] step=4404 loss=0.168038 lr=5.936e-06
[train] step=4405 loss=0.287606 lr=5.935e-06
[train] step=4406 loss=0.295876 lr=5.933e-06
[train] step=4407 loss=0.337390 lr=5.932e-06
[train] step=4408 loss=0.158988 lr=5.930e-06
[train] step=4409 loss=0.212811 lr=5.929e-06
[train] step=4410 loss=0.454816 lr=5.927e-06
[train] step=4411 loss=0.353105 lr=5.926e-06
[train] step=4412 loss=0.476204 lr=5.924e-06
[train] step=4413 loss=0.124385 lr=5.922e-06
[train] step=4414 loss=0.233572 lr=5.921e-06
[train] step=4415 loss=0.300559 lr=5.919e-06
[train] step=4416 loss=0.340816 lr=5.918e-06
[train] step=4417 loss=0.246264 lr=5.916e-06
[train] step=4418 loss=0.100668 lr=5.915e-06
[train] step=4419 loss=0.326942 lr=5.913e-06
[train] step=4420 loss=0.145208 lr=5.912e-06
[train] step=4421 loss=0.262338 lr=5.910e-06
[train] step=4422 loss=0.132694 lr=5.909e-06
[train] step=4423 loss=0.302619 lr=5.907e-06
[train] step=4424 loss=0.385047 lr=5.905e-06
[train] step=4425 loss=0.199829 lr=5.904e-06
[train] step=4426 loss=0.355810 lr=5.902e-06
[train] step=4427 loss=0.102782 lr=5.901e-06
[train] step=4428 loss=0.372833 lr=5.899e-06
[train] step=4429 loss=0.112807 lr=5.898e-06
[train] step=4430 loss=0.442334 lr=5.896e-06
[train] step=4431 loss=0.358689 lr=5.895e-06
[train] step=4432 loss=0.220548 lr=5.893e-06
[train] step=4433 loss=0.278281 lr=5.892e-06
[train] step=4434 loss=0.142310 lr=5.890e-06
[train] step=4435 loss=0.239924 lr=5.889e-06
[train] step=4436 loss=0.313479 lr=5.887e-06
[train] step=4437 loss=0.661268 lr=5.885e-06
[train] step=4438 loss=0.326557 lr=5.884e-06
[train] step=4439 loss=0.221514 lr=5.882e-06
[train] step=4440 loss=0.493420 lr=5.881e-06
INFO     [rank 0] Model weights for step 4440 saved in       dit_trainer.py:1085
         checkpoints/model_weights_step_04440.safetensors                       
INFO     [rank 0] Scalar embedding weights for step 4440     dit_trainer.py:1092
         saved                                                                  
INFO     [rank 0] Training state saved:                      dit_trainer.py:1123
         checkpoints/model_weights_step_04440.state.pt                          
DEBUG    [rank 0] Removed old checkpoint:                    dit_trainer.py:1132
         /mnt/result/shockwave_dit_baseline/checkpoints/mode                    
         l_weights_step_03840.safetensors                                       
DEBUG    [rank 0] Removed old checkpoint:                    dit_trainer.py:1132
         /mnt/result/shockwave_dit_baseline/checkpoints/mode                    
         l_weights_step_03840.state.pt                                          
[epoch 37] step=4440 train_loss=0.288805
[train] step=4441 loss=0.384382 lr=5.879e-06
[train] step=4442 loss=0.236039 lr=5.878e-06
[train] step=4443 loss=0.294403 lr=5.876e-06
[train] step=4444 loss=0.382372 lr=5.875e-06
[train] step=4445 loss=0.537006 lr=5.873e-06
[train] step=4446 loss=0.316209 lr=5.872e-06
[train] step=4447 loss=0.220160 lr=5.870e-06
[train] step=4448 loss=0.259908 lr=5.868e-06
[train] step=4449 loss=0.409201 lr=5.867e-06
[train] step=4450 loss=0.284954 lr=5.865e-06
[train] step=4451 loss=0.124508 lr=5.864e-06
[train] step=4452 loss=0.095674 lr=5.862e-06
[train] step=4453 loss=0.256252 lr=5.861e-06
[train] step=4454 loss=0.154144 lr=5.859e-06
[train] step=4455 loss=0.161109 lr=5.858e-06
[train] step=4456 loss=0.235146 lr=5.856e-06
[train] step=4457 loss=0.434697 lr=5.855e-06
[train] step=4458 loss=0.108273 lr=5.853e-06
[train] step=4459 loss=0.188717 lr=5.851e-06
[train] step=4460 loss=0.356509 lr=5.850e-06
[train] step=4461 loss=0.125277 lr=5.848e-06
[train] step=4462 loss=0.081725 lr=5.847e-06
[train] step=4463 loss=0.176902 lr=5.845e-06
[train] step=4464 loss=0.368691 lr=5.844e-06
[train] step=4465 loss=0.457636 lr=5.842e-06
[train] step=4466 loss=0.306038 lr=5.841e-06
[train] step=4467 loss=0.234240 lr=5.839e-06
[train] step=4468 loss=0.285097 lr=5.837e-06
[train] step=4469 loss=0.178960 lr=5.836e-06
[train] step=4470 loss=0.187370 lr=5.834e-06
[train] step=4471 loss=0.309748 lr=5.833e-06
[train] step=4472 loss=0.243663 lr=5.831e-06
[train] step=4473 loss=0.440523 lr=5.830e-06
[train] step=4474 loss=0.066606 lr=5.828e-06
[train] step=4475 loss=0.325752 lr=5.827e-06
[train] step=4476 loss=0.383654 lr=5.825e-06
[train] step=4477 loss=0.120078 lr=5.824e-06
[train] step=4478 loss=0.175817 lr=5.822e-06
[train] step=4479 loss=0.447122 lr=5.820e-06
[train] step=4480 loss=0.345381 lr=5.819e-06
[train] step=4481 loss=0.330848 lr=5.817e-06
[train] step=4482 loss=0.117443 lr=5.816e-06
[train] step=4483 loss=0.156340 lr=5.814e-06
[train] step=4484 loss=0.442815 lr=5.813e-06
[train] step=4485 loss=0.273771 lr=5.811e-06
[train] step=4486 loss=0.257510 lr=5.810e-06
[train] step=4487 loss=0.253915 lr=5.808e-06
[train] step=4488 loss=0.287619 lr=5.807e-06
[train] step=4489 loss=0.252301 lr=5.805e-06
[train] step=4490 loss=0.248015 lr=5.803e-06
[train] step=4491 loss=0.319153 lr=5.802e-06
[train] step=4492 loss=0.206912 lr=5.800e-06
[train] step=4493 loss=0.109844 lr=5.799e-06
[train] step=4494 loss=0.213545 lr=5.797e-06
[train] step=4495 loss=0.301392 lr=5.796e-06
[train] step=4496 loss=0.280610 lr=5.794e-06
[train] step=4497 loss=0.137955 lr=5.793e-06
[train] step=4498 loss=0.117402 lr=5.791e-06
[train] step=4499 loss=0.336452 lr=5.789e-06
[train] step=4500 loss=0.121086 lr=5.788e-06
[train] step=4501 loss=0.134477 lr=5.786e-06
[train] step=4502 loss=0.298535 lr=5.785e-06
[train] step=4503 loss=0.885538 lr=5.783e-06
[train] step=4504 loss=0.084114 lr=5.782e-06
[train] step=4505 loss=0.379023 lr=5.780e-06
[train] step=4506 loss=0.155978 lr=5.779e-06
[train] step=4507 loss=0.566277 lr=5.777e-06
[train] step=4508 loss=0.347782 lr=5.776e-06
[train] step=4509 loss=0.392846 lr=5.774e-06
[train] step=4510 loss=0.069551 lr=5.772e-06
[train] step=4511 loss=0.253917 lr=5.771e-06
[train] step=4512 loss=0.421639 lr=5.769e-06
[train] step=4513 loss=0.188296 lr=5.768e-06
[train] step=4514 loss=0.402623 lr=5.766e-06
[train] step=4515 loss=0.236875 lr=5.765e-06
[train] step=4516 loss=0.306504 lr=5.763e-06
[train] step=4517 loss=0.120933 lr=5.762e-06
[train] step=4518 loss=0.145296 lr=5.760e-06
[train] step=4519 loss=0.278975 lr=5.758e-06
[train] step=4520 loss=0.241891 lr=5.757e-06
[train] step=4521 loss=0.369105 lr=5.755e-06
[train] step=4522 loss=0.257253 lr=5.754e-06
[train] step=4523 loss=0.082010 lr=5.752e-06
[train] step=4524 loss=0.256281 lr=5.751e-06
[train] step=4525 loss=0.111779 lr=5.749e-06
[train] step=4526 loss=0.484428 lr=5.748e-06
[train] step=4527 loss=0.117095 lr=5.746e-06
[train] step=4528 loss=0.041218 lr=5.745e-06
[train] step=4529 loss=0.331569 lr=5.743e-06
[train] step=4530 loss=0.334743 lr=5.741e-06
[train] step=4531 loss=0.570792 lr=5.740e-06
[train] step=4532 loss=0.657815 lr=5.738e-06
[train] step=4533 loss=0.245212 lr=5.737e-06
[train] step=4534 loss=0.358612 lr=5.735e-06
[train] step=4535 loss=0.338080 lr=5.734e-06
[train] step=4536 loss=0.375071 lr=5.732e-06
[train] step=4537 loss=0.181931 lr=5.731e-06
[train] step=4538 loss=0.113190 lr=5.729e-06
[train] step=4539 loss=0.437105 lr=5.727e-06
[train] step=4540 loss=0.355240 lr=5.726e-06
[train] step=4541 loss=0.227137 lr=5.724e-06
[train] step=4542 loss=0.436800 lr=5.723e-06
[train] step=4543 loss=0.361068 lr=5.721e-06
[train] step=4544 loss=0.471820 lr=5.720e-06
[train] step=4545 loss=0.348732 lr=5.718e-06
[train] step=4546 loss=0.344208 lr=5.717e-06
[train] step=4547 loss=0.301299 lr=5.715e-06
[train] step=4548 loss=0.190038 lr=5.713e-06
[train] step=4549 loss=0.088343 lr=5.712e-06
[train] step=4550 loss=0.220212 lr=5.710e-06
[train] step=4551 loss=0.339637 lr=5.709e-06
[train] step=4552 loss=0.550517 lr=5.707e-06
[train] step=4553 loss=0.212839 lr=5.706e-06
[train] step=4554 loss=0.340226 lr=5.704e-06
[train] step=4555 loss=0.232944 lr=5.703e-06
[train] step=4556 loss=0.132050 lr=5.701e-06
[train] step=4557 loss=0.156164 lr=5.699e-06
[train] step=4558 loss=0.305783 lr=5.698e-06
[train] step=4559 loss=0.550262 lr=5.696e-06
[train] step=4560 loss=0.367513 lr=5.695e-06
INFO     [rank 0] Model weights for step 4560 saved in       dit_trainer.py:1085
         checkpoints/model_weights_step_04560.safetensors                       
INFO     [rank 0] Scalar embedding weights for step 4560     dit_trainer.py:1092
         saved                                                                  
INFO     [rank 0] Training state saved:                      dit_trainer.py:1123
         checkpoints/model_weights_step_04560.state.pt                          
DEBUG    [rank 0] Removed old checkpoint:                    dit_trainer.py:1132
         /mnt/result/shockwave_dit_baseline/checkpoints/mode                    
         l_weights_step_03960.safetensors                                       
DEBUG    [rank 0] Removed old checkpoint:                    dit_trainer.py:1132
         /mnt/result/shockwave_dit_baseline/checkpoints/mode                    
         l_weights_step_03960.state.pt                                          
[epoch 38] step=4560 train_loss=0.280816
[train] step=4561 loss=0.151665 lr=5.693e-06
[train] step=4562 loss=0.137133 lr=5.692e-06
[train] step=4563 loss=0.111373 lr=5.690e-06
[train] step=4564 loss=0.288152 lr=5.689e-06
[train] step=4565 loss=0.428541 lr=5.687e-06
[train] step=4566 loss=0.278214 lr=5.685e-06
[train] step=4567 loss=0.254912 lr=5.684e-06
[train] step=4568 loss=0.308784 lr=5.682e-06
[train] step=4569 loss=0.108585 lr=5.681e-06
[train] step=4570 loss=0.408289 lr=5.679e-06
[train] step=4571 loss=0.258739 lr=5.678e-06
[train] step=4572 loss=0.329653 lr=5.676e-06
[train] step=4573 loss=0.202972 lr=5.675e-06
[train] step=4574 loss=0.095821 lr=5.673e-06
[train] step=4575 loss=0.367348 lr=5.671e-06
[train] step=4576 loss=0.341726 lr=5.670e-06
[train] step=4577 loss=0.138287 lr=5.668e-06
[train] step=4578 loss=0.194017 lr=5.667e-06
[train] step=4579 loss=0.065620 lr=5.665e-06
[train] step=4580 loss=0.585490 lr=5.664e-06
[train] step=4581 loss=0.488272 lr=5.662e-06
[train] step=4582 loss=0.102571 lr=5.661e-06
[train] step=4583 loss=0.373842 lr=5.659e-06
[train] step=4584 loss=0.399321 lr=5.657e-06
[train] step=4585 loss=0.218915 lr=5.656e-06
[train] step=4586 loss=0.285021 lr=5.654e-06
[train] step=4587 loss=0.527090 lr=5.653e-06
[train] step=4588 loss=0.134077 lr=5.651e-06
[train] step=4589 loss=0.165321 lr=5.650e-06
[train] step=4590 loss=0.661713 lr=5.648e-06
[train] step=4591 loss=0.195713 lr=5.647e-06
[train] step=4592 loss=0.511040 lr=5.645e-06
[train] step=4593 loss=0.637549 lr=5.643e-06
[train] step=4594 loss=0.559608 lr=5.642e-06
[train] step=4595 loss=0.361950 lr=5.640e-06
[train] step=4596 loss=0.350061 lr=5.639e-06
[train] step=4597 loss=0.195970 lr=5.637e-06
[train] step=4598 loss=0.444959 lr=5.636e-06
[train] step=4599 loss=0.064354 lr=5.634e-06
[train] step=4600 loss=0.319892 lr=5.633e-06
[train] step=4601 loss=0.065163 lr=5.631e-06
[train] step=4602 loss=0.417025 lr=5.629e-06
[train] step=4603 loss=0.112251 lr=5.628e-06
[train] step=4604 loss=0.177296 lr=5.626e-06
[train] step=4605 loss=0.124873 lr=5.625e-06
[train] step=4606 loss=0.225293 lr=5.623e-06
[train] step=4607 loss=0.308298 lr=5.622e-06
[train] step=4608 loss=0.115051 lr=5.620e-06
[train] step=4609 loss=0.102179 lr=5.619e-06
[train] step=4610 loss=0.165349 lr=5.617e-06
[train] step=4611 loss=0.184954 lr=5.615e-06
[train] step=4612 loss=0.168393 lr=5.614e-06
[train] step=4613 loss=0.149397 lr=5.612e-06
[train] step=4614 loss=0.181002 lr=5.611e-06
[train] step=4615 loss=0.343231 lr=5.609e-06
[train] step=4616 loss=0.392953 lr=5.608e-06
[train] step=4617 loss=0.407594 lr=5.606e-06
[train] step=4618 loss=0.111268 lr=5.605e-06
[train] step=4619 loss=0.249603 lr=5.603e-06
[train] step=4620 loss=0.362550 lr=5.601e-06
[train] step=4621 loss=0.255558 lr=5.600e-06
[train] step=4622 loss=0.434954 lr=5.598e-06
[train] step=4623 loss=0.407544 lr=5.597e-06
[train] step=4624 loss=0.362978 lr=5.595e-06
[train] step=4625 loss=0.188919 lr=5.594e-06
[train] step=4626 loss=0.118790 lr=5.592e-06
[train] step=4627 loss=0.174212 lr=5.591e-06
[train] step=4628 loss=0.118350 lr=5.589e-06
[train] step=4629 loss=0.456986 lr=5.587e-06
[train] step=4630 loss=0.300080 lr=5.586e-06
[train] step=4631 loss=0.226816 lr=5.584e-06
[train] step=4632 loss=0.407986 lr=5.583e-06
[train] step=4633 loss=0.214042 lr=5.581e-06
[train] step=4634 loss=0.194591 lr=5.580e-06
[train] step=4635 loss=0.454145 lr=5.578e-06
[train] step=4636 loss=0.238819 lr=5.577e-06
[train] step=4637 loss=0.525419 lr=5.575e-06
[train] step=4638 loss=0.181797 lr=5.573e-06
[train] step=4639 loss=0.277525 lr=5.572e-06
[train] step=4640 loss=0.354936 lr=5.570e-06
[train] step=4641 loss=0.160337 lr=5.569e-06
[train] step=4642 loss=0.613189 lr=5.567e-06
[train] step=4643 loss=0.250719 lr=5.566e-06
[train] step=4644 loss=0.315436 lr=5.564e-06
[train] step=4645 loss=0.160635 lr=5.562e-06
[train] step=4646 loss=0.278122 lr=5.561e-06
[train] step=4647 loss=0.278457 lr=5.559e-06
[train] step=4648 loss=0.317694 lr=5.558e-06
[train] step=4649 loss=0.155659 lr=5.556e-06
[train] step=4650 loss=0.420995 lr=5.555e-06
[train] step=4651 loss=0.491545 lr=5.553e-06
[train] step=4652 loss=0.251734 lr=5.552e-06
[train] step=4653 loss=0.209841 lr=5.550e-06
[train] step=4654 loss=0.209635 lr=5.548e-06
[train] step=4655 loss=0.522981 lr=5.547e-06
[train] step=4656 loss=0.158638 lr=5.545e-06
[train] step=4657 loss=0.335249 lr=5.544e-06
[train] step=4658 loss=0.251251 lr=5.542e-06
[train] step=4659 loss=0.345542 lr=5.541e-06
[train] step=4660 loss=0.430838 lr=5.539e-06
[train] step=4661 loss=0.258390 lr=5.538e-06
[train] step=4662 loss=0.135866 lr=5.536e-06
[train] step=4663 loss=0.115344 lr=5.534e-06
[train] step=4664 loss=0.230674 lr=5.533e-06
[train] step=4665 loss=0.239709 lr=5.531e-06
[train] step=4666 loss=0.130421 lr=5.530e-06
[train] step=4667 loss=0.424630 lr=5.528e-06
[train] step=4668 loss=0.567096 lr=5.527e-06
[train] step=4669 loss=0.483441 lr=5.525e-06
[train] step=4670 loss=0.139441 lr=5.523e-06
[train] step=4671 loss=0.153103 lr=5.522e-06
[train] step=4672 loss=0.220861 lr=5.520e-06
[train] step=4673 loss=0.322353 lr=5.519e-06
[train] step=4674 loss=0.233631 lr=5.517e-06
[train] step=4675 loss=0.492269 lr=5.516e-06
[train] step=4676 loss=0.270289 lr=5.514e-06
[train] step=4677 loss=0.102321 lr=5.513e-06
[train] step=4678 loss=0.362077 lr=5.511e-06
[train] step=4679 loss=0.690646 lr=5.509e-06
[train] step=4680 loss=0.193248 lr=5.508e-06
INFO     [rank 0] Model weights for step 4680 saved in       dit_trainer.py:1085
         checkpoints/model_weights_step_04680.safetensors                       
INFO     [rank 0] Scalar embedding weights for step 4680     dit_trainer.py:1092
         saved                                                                  
INFO     [rank 0] Training state saved:                      dit_trainer.py:1123
         checkpoints/model_weights_step_04680.state.pt                          
DEBUG    [rank 0] Removed old checkpoint:                    dit_trainer.py:1132
         /mnt/result/shockwave_dit_baseline/checkpoints/mode                    
         l_weights_step_04080.safetensors                                       
DEBUG    [rank 0] Removed old checkpoint:                    dit_trainer.py:1132
         /mnt/result/shockwave_dit_baseline/checkpoints/mode                    
         l_weights_step_04080.state.pt                                          
[epoch 39] step=4680 train_loss=0.286744
[train] step=4681 loss=0.398881 lr=5.506e-06
[train] step=4682 loss=0.420162 lr=5.505e-06
[train] step=4683 loss=0.323837 lr=5.503e-06
[train] step=4684 loss=0.233033 lr=5.502e-06
[train] step=4685 loss=0.101994 lr=5.500e-06
[train] step=4686 loss=0.412748 lr=5.498e-06
[train] step=4687 loss=0.239860 lr=5.497e-06
[train] step=4688 loss=0.203594 lr=5.495e-06
[train] step=4689 loss=0.413111 lr=5.494e-06
[train] step=4690 loss=0.258603 lr=5.492e-06
[train] step=4691 loss=0.221864 lr=5.491e-06
[train] step=4692 loss=0.279106 lr=5.489e-06
[train] step=4693 loss=0.208532 lr=5.488e-06
[train] step=4694 loss=0.493294 lr=5.486e-06
[train] step=4695 loss=0.308330 lr=5.484e-06
[train] step=4696 loss=0.833663 lr=5.483e-06
[train] step=4697 loss=0.117774 lr=5.481e-06
[train] step=4698 loss=0.367467 lr=5.480e-06
[train] step=4699 loss=0.554048 lr=5.478e-06
[train] step=4700 loss=0.391028 lr=5.477e-06
[train] step=4701 loss=0.221399 lr=5.475e-06
[train] step=4702 loss=0.136319 lr=5.474e-06
[train] step=4703 loss=0.232091 lr=5.472e-06
[train] step=4704 loss=0.424204 lr=5.470e-06
[train] step=4705 loss=0.220948 lr=5.469e-06
[train] step=4706 loss=0.132122 lr=5.467e-06
[train] step=4707 loss=0.129167 lr=5.466e-06
[train] step=4708 loss=0.282466 lr=5.464e-06
[train] step=4709 loss=0.103738 lr=5.463e-06
[train] step=4710 loss=0.256948 lr=5.461e-06
[train] step=4711 loss=0.247654 lr=5.459e-06
[train] step=4712 loss=0.209497 lr=5.458e-06
[train] step=4713 loss=0.164603 lr=5.456e-06
[train] step=4714 loss=0.350383 lr=5.455e-06
[train] step=4715 loss=0.300558 lr=5.453e-06
[train] step=4716 loss=0.293160 lr=5.452e-06
[train] step=4717 loss=0.461389 lr=5.450e-06
[train] step=4718 loss=0.298055 lr=5.449e-06
[train] step=4719 loss=0.412314 lr=5.447e-06
[train] step=4720 loss=0.339850 lr=5.445e-06
[train] step=4721 loss=0.324777 lr=5.444e-06
[train] step=4722 loss=0.364929 lr=5.442e-06
[train] step=4723 loss=0.363556 lr=5.441e-06
[train] step=4724 loss=0.238721 lr=5.439e-06
[train] step=4725 loss=0.273121 lr=5.438e-06
[train] step=4726 loss=0.247789 lr=5.436e-06
[train] step=4727 loss=0.187584 lr=5.434e-06
[train] step=4728 loss=0.213375 lr=5.433e-06
[train] step=4729 loss=0.127069 lr=5.431e-06
[train] step=4730 loss=0.127839 lr=5.430e-06
[train] step=4731 loss=0.073766 lr=5.428e-06
[train] step=4732 loss=0.310567 lr=5.427e-06
[train] step=4733 loss=0.549362 lr=5.425e-06
[train] step=4734 loss=0.095717 lr=5.423e-06
[train] step=4735 loss=0.350610 lr=5.422e-06
[train] step=4736 loss=0.245709 lr=5.420e-06
[train] step=4737 loss=0.392483 lr=5.419e-06
[train] step=4738 loss=0.522555 lr=5.417e-06
[train] step=4739 loss=0.147972 lr=5.416e-06
[train] step=4740 loss=0.473467 lr=5.414e-06
[train] step=4741 loss=0.429667 lr=5.413e-06
[train] step=4742 loss=0.311348 lr=5.411e-06
[train] step=4743 loss=0.152197 lr=5.409e-06
[train] step=4744 loss=0.186931 lr=5.408e-06
[train] step=4745 loss=0.148638 lr=5.406e-06
[train] step=4746 loss=0.201167 lr=5.405e-06
[train] step=4747 loss=0.248397 lr=5.403e-06
[train] step=4748 loss=0.393333 lr=5.402e-06
[train] step=4749 loss=0.520967 lr=5.400e-06
[train] step=4750 loss=0.224974 lr=5.398e-06
[train] step=4751 loss=0.333187 lr=5.397e-06
[train] step=4752 loss=0.038496 lr=5.395e-06
[train] step=4753 loss=0.612115 lr=5.394e-06
[train] step=4754 loss=0.109061 lr=5.392e-06
[train] step=4755 loss=0.293808 lr=5.391e-06
[train] step=4756 loss=0.581632 lr=5.389e-06
[train] step=4757 loss=0.312029 lr=5.388e-06
[train] step=4758 loss=0.164189 lr=5.386e-06
[train] step=4759 loss=0.343003 lr=5.384e-06
[train] step=4760 loss=0.326129 lr=5.383e-06
[train] step=4761 loss=0.633323 lr=5.381e-06
[train] step=4762 loss=0.480977 lr=5.380e-06
[train] step=4763 loss=0.218646 lr=5.378e-06
[train] step=4764 loss=0.549289 lr=5.377e-06
[train] step=4765 loss=0.054434 lr=5.375e-06
[train] step=4766 loss=0.494230 lr=5.373e-06
[train] step=4767 loss=0.182405 lr=5.372e-06
[train] step=4768 loss=0.330898 lr=5.370e-06
[train] step=4769 loss=0.524845 lr=5.369e-06
[train] step=4770 loss=0.208922 lr=5.367e-06
[train] step=4771 loss=0.279344 lr=5.366e-06
[train] step=4772 loss=0.338057 lr=5.364e-06
[train] step=4773 loss=0.474123 lr=5.362e-06
[train] step=4774 loss=0.211715 lr=5.361e-06
[train] step=4775 loss=0.135578 lr=5.359e-06
[train] step=4776 loss=0.108364 lr=5.358e-06
[train] step=4777 loss=0.041297 lr=5.356e-06
[train] step=4778 loss=0.330287 lr=5.355e-06
[train] step=4779 loss=0.092082 lr=5.353e-06
[train] step=4780 loss=0.473397 lr=5.352e-06
[train] step=4781 loss=0.262490 lr=5.350e-06
[train] step=4782 loss=0.402326 lr=5.348e-06
[train] step=4783 loss=0.131477 lr=5.347e-06
[train] step=4784 loss=0.429149 lr=5.345e-06
[train] step=4785 loss=0.297629 lr=5.344e-06
[train] step=4786 loss=0.309096 lr=5.342e-06
[train] step=4787 loss=0.230894 lr=5.341e-06
[train] step=4788 loss=0.363175 lr=5.339e-06
[train] step=4789 loss=0.205934 lr=5.337e-06
[train] step=4790 loss=0.227452 lr=5.336e-06
[train] step=4791 loss=0.146969 lr=5.334e-06
[train] step=4792 loss=0.221075 lr=5.333e-06
[train] step=4793 loss=0.609710 lr=5.331e-06
[train] step=4794 loss=0.266866 lr=5.330e-06
[train] step=4795 loss=0.359647 lr=5.328e-06
[train] step=4796 loss=0.136714 lr=5.326e-06
[train] step=4797 loss=0.191527 lr=5.325e-06
[train] step=4798 loss=0.147467 lr=5.323e-06
[train] step=4799 loss=0.176034 lr=5.322e-06
[train] step=4800 loss=0.112222 lr=5.320e-06
[val] step=4800 val_loss=0.287600
INFO     [rank 0] Model weights for step 4800 saved in       dit_trainer.py:1085
         checkpoints/model_weights_step_04800.safetensors                       
INFO     [rank 0] Scalar embedding weights for step 4800     dit_trainer.py:1092
         saved                                                                  
INFO     [rank 0] Training state saved:                      dit_trainer.py:1123
         checkpoints/model_weights_step_04800.state.pt                          
DEBUG    [rank 0] Removed old checkpoint:                    dit_trainer.py:1132
         /mnt/result/shockwave_dit_baseline/checkpoints/mode                    
         l_weights_step_04200.safetensors                                       
DEBUG    [rank 0] Removed old checkpoint:                    dit_trainer.py:1132
         /mnt/result/shockwave_dit_baseline/checkpoints/mode                    
         l_weights_step_04200.state.pt                                          
[epoch 40] step=4800 train_loss=0.291926 val_loss=0.287600
[train] step=4801 loss=0.264844 lr=5.319e-06
[train] step=4802 loss=0.381484 lr=5.317e-06
[train] step=4803 loss=0.403431 lr=5.316e-06
[train] step=4804 loss=0.077675 lr=5.314e-06
[train] step=4805 loss=0.302798 lr=5.312e-06
[train] step=4806 loss=0.238655 lr=5.311e-06
[train] step=4807 loss=0.510602 lr=5.309e-06
[train] step=4808 loss=0.293396 lr=5.308e-06
[train] step=4809 loss=0.177854 lr=5.306e-06
[train] step=4810 loss=0.393787 lr=5.305e-06
[train] step=4811 loss=0.094295 lr=5.303e-06
[train] step=4812 loss=0.340721 lr=5.301e-06
[train] step=4813 loss=0.225769 lr=5.300e-06
[train] step=4814 loss=0.447142 lr=5.298e-06
[train] step=4815 loss=0.576827 lr=5.297e-06
[train] step=4816 loss=0.160410 lr=5.295e-06
[train] step=4817 loss=0.295378 lr=5.294e-06
[train] step=4818 loss=0.200233 lr=5.292e-06
[train] step=4819 loss=0.120007 lr=5.290e-06
[train] step=4820 loss=0.133639 lr=5.289e-06
[train] step=4821 loss=0.521964 lr=5.287e-06
[train] step=4822 loss=0.340704 lr=5.286e-06
[train] step=4823 loss=0.141682 lr=5.284e-06
[train] step=4824 loss=0.318232 lr=5.283e-06
[train] step=4825 loss=0.380329 lr=5.281e-06
[train] step=4826 loss=0.400031 lr=5.279e-06
[train] step=4827 loss=0.440230 lr=5.278e-06
[train] step=4828 loss=0.111670 lr=5.276e-06
[train] step=4829 loss=0.189407 lr=5.275e-06
[train] step=4830 loss=0.243019 lr=5.273e-06
[train] step=4831 loss=0.155791 lr=5.272e-06
[train] step=4832 loss=0.195522 lr=5.270e-06
[train] step=4833 loss=0.074350 lr=5.269e-06
[train] step=4834 loss=0.309027 lr=5.267e-06
[train] step=4835 loss=0.400539 lr=5.265e-06
[train] step=4836 loss=0.464486 lr=5.264e-06
[train] step=4837 loss=0.729098 lr=5.262e-06
[train] step=4838 loss=0.136431 lr=5.261e-06
[train] step=4839 loss=0.438798 lr=5.259e-06
[train] step=4840 loss=0.367149 lr=5.258e-06
[train] step=4841 loss=0.414600 lr=5.256e-06
[train] step=4842 loss=0.085154 lr=5.254e-06
[train] step=4843 loss=0.275448 lr=5.253e-06
[train] step=4844 loss=0.324106 lr=5.251e-06
[train] step=4845 loss=0.142143 lr=5.250e-06
[train] step=4846 loss=0.465646 lr=5.248e-06
[train] step=4847 loss=0.334408 lr=5.247e-06
[train] step=4848 loss=0.078406 lr=5.245e-06
[train] step=4849 loss=0.120904 lr=5.243e-06
[train] step=4850 loss=0.313659 lr=5.242e-06
[train] step=4851 loss=0.155091 lr=5.240e-06
[train] step=4852 loss=0.198346 lr=5.239e-06
[train] step=4853 loss=0.364493 lr=5.237e-06
[train] step=4854 loss=0.598617 lr=5.236e-06
[train] step=4855 loss=0.184146 lr=5.234e-06
[train] step=4856 loss=0.256201 lr=5.232e-06
[train] step=4857 loss=0.157021 lr=5.231e-06
[train] step=4858 loss=0.205640 lr=5.229e-06
[train] step=4859 loss=0.373568 lr=5.228e-06
[train] step=4860 loss=0.235497 lr=5.226e-06
[train] step=4861 loss=0.493102 lr=5.225e-06
[train] step=4862 loss=0.204662 lr=5.223e-06
[train] step=4863 loss=0.197545 lr=5.221e-06
[train] step=4864 loss=0.125808 lr=5.220e-06
[train] step=4865 loss=0.302687 lr=5.218e-06
[train] step=4866 loss=0.306507 lr=5.217e-06
[train] step=4867 loss=0.030587 lr=5.215e-06
[train] step=4868 loss=0.141169 lr=5.214e-06
[train] step=4869 loss=0.304554 lr=5.212e-06
[train] step=4870 loss=0.352403 lr=5.211e-06
[train] step=4871 loss=0.120159 lr=5.209e-06
[train] step=4872 loss=0.565498 lr=5.207e-06
[train] step=4873 loss=0.273268 lr=5.206e-06
[train] step=4874 loss=0.422851 lr=5.204e-06
[train] step=4875 loss=0.289242 lr=5.203e-06
[train] step=4876 loss=0.412808 lr=5.201e-06
[train] step=4877 loss=0.084982 lr=5.200e-06
[train] step=4878 loss=0.162854 lr=5.198e-06
[train] step=4879 loss=0.200328 lr=5.196e-06
[train] step=4880 loss=0.222326 lr=5.195e-06
[train] step=4881 loss=0.107603 lr=5.193e-06
[train] step=4882 loss=0.033730 lr=5.192e-06
[train] step=4883 loss=0.072842 lr=5.190e-06
[train] step=4884 loss=0.182190 lr=5.189e-06
[train] step=4885 loss=0.267634 lr=5.187e-06
[train] step=4886 loss=0.464978 lr=5.185e-06
[train] step=4887 loss=0.265849 lr=5.184e-06
[train] step=4888 loss=0.200224 lr=5.182e-06
[train] step=4889 loss=0.192087 lr=5.181e-06
[train] step=4890 loss=0.327438 lr=5.179e-06
[train] step=4891 loss=0.041263 lr=5.178e-06
[train] step=4892 loss=0.157446 lr=5.176e-06
[train] step=4893 loss=0.252242 lr=5.174e-06
[train] step=4894 loss=0.153374 lr=5.173e-06
[train] step=4895 loss=0.082307 lr=5.171e-06
[train] step=4896 loss=0.392897 lr=5.170e-06
[train] step=4897 loss=0.389128 lr=5.168e-06
[train] step=4898 loss=0.243365 lr=5.167e-06
[train] step=4899 loss=0.109696 lr=5.165e-06
[train] step=4900 loss=0.176849 lr=5.163e-06
[train] step=4901 loss=0.428305 lr=5.162e-06
[train] step=4902 loss=0.340195 lr=5.160e-06
[train] step=4903 loss=0.288826 lr=5.159e-06
[train] step=4904 loss=0.232982 lr=5.157e-06
[train] step=4905 loss=0.124437 lr=5.156e-06
[train] step=4906 loss=0.384158 lr=5.154e-06
[train] step=4907 loss=0.436968 lr=5.152e-06
[train] step=4908 loss=0.309795 lr=5.151e-06
[train] step=4909 loss=0.520792 lr=5.149e-06
[train] step=4910 loss=0.180689 lr=5.148e-06
[train] step=4911 loss=0.305089 lr=5.146e-06
[train] step=4912 loss=0.226425 lr=5.145e-06
[train] step=4913 loss=0.542906 lr=5.143e-06
[train] step=4914 loss=0.501265 lr=5.142e-06
[train] step=4915 loss=0.271834 lr=5.140e-06
[train] step=4916 loss=0.287872 lr=5.138e-06
[train] step=4917 loss=0.279848 lr=5.137e-06
[train] step=4918 loss=0.196281 lr=5.135e-06
[train] step=4919 loss=0.076539 lr=5.134e-06
[train] step=4920 loss=0.410599 lr=5.132e-06
INFO     [rank 0] Model weights for step 4920 saved in       dit_trainer.py:1085
         checkpoints/model_weights_step_04920.safetensors                       
INFO     [rank 0] Scalar embedding weights for step 4920     dit_trainer.py:1092
         saved                                                                  
INFO     [rank 0] Training state saved:                      dit_trainer.py:1123
         checkpoints/model_weights_step_04920.state.pt                          
DEBUG    [rank 0] Removed old checkpoint:                    dit_trainer.py:1132
         /mnt/result/shockwave_dit_baseline/checkpoints/mode                    
         l_weights_step_04320.safetensors                                       
DEBUG    [rank 0] Removed old checkpoint:                    dit_trainer.py:1132
         /mnt/result/shockwave_dit_baseline/checkpoints/mode                    
         l_weights_step_04320.state.pt                                          
[epoch 41] step=4920 train_loss=0.272120
[train] step=4921 loss=0.393531 lr=5.131e-06
[train] step=4922 loss=0.285910 lr=5.129e-06
[train] step=4923 loss=0.056175 lr=5.127e-06
[train] step=4924 loss=0.585482 lr=5.126e-06
[train] step=4925 loss=0.190285 lr=5.124e-06
[train] step=4926 loss=0.346072 lr=5.123e-06
[train] step=4927 loss=0.095057 lr=5.121e-06
[train] step=4928 loss=0.151482 lr=5.120e-06
[train] step=4929 loss=0.545878 lr=5.118e-06
[train] step=4930 loss=0.510185 lr=5.116e-06
[train] step=4931 loss=0.083533 lr=5.115e-06
[train] step=4932 loss=0.066511 lr=5.113e-06
[train] step=4933 loss=0.249127 lr=5.112e-06
[train] step=4934 loss=0.354281 lr=5.110e-06
[train] step=4935 loss=0.256717 lr=5.109e-06
[train] step=4936 loss=0.404443 lr=5.107e-06
[train] step=4937 loss=0.344161 lr=5.105e-06
[train] step=4938 loss=0.122649 lr=5.104e-06
[train] step=4939 loss=0.159662 lr=5.102e-06
[train] step=4940 loss=0.353211 lr=5.101e-06
[train] step=4941 loss=0.174278 lr=5.099e-06
[train] step=4942 loss=0.409448 lr=5.098e-06
[train] step=4943 loss=0.072077 lr=5.096e-06
[train] step=4944 loss=0.143744 lr=5.094e-06
[train] step=4945 loss=0.125478 lr=5.093e-06
[train] step=4946 loss=0.430909 lr=5.091e-06
[train] step=4947 loss=0.415589 lr=5.090e-06
[train] step=4948 loss=0.116387 lr=5.088e-06
[train] step=4949 loss=0.348040 lr=5.087e-06
[train] step=4950 loss=0.104108 lr=5.085e-06
[train] step=4951 loss=0.610865 lr=5.083e-06
[train] step=4952 loss=0.269711 lr=5.082e-06
[train] step=4953 loss=0.117319 lr=5.080e-06
[train] step=4954 loss=0.497555 lr=5.079e-06
[train] step=4955 loss=0.444641 lr=5.077e-06
[train] step=4956 loss=0.255589 lr=5.076e-06
[train] step=4957 loss=0.137415 lr=5.074e-06
[train] step=4958 loss=0.303628 lr=5.072e-06
[train] step=4959 loss=0.186848 lr=5.071e-06
[train] step=4960 loss=0.169993 lr=5.069e-06
[train] step=4961 loss=0.336991 lr=5.068e-06
[train] step=4962 loss=0.540492 lr=5.066e-06
[train] step=4963 loss=0.425112 lr=5.065e-06
[train] step=4964 loss=0.425577 lr=5.063e-06
[train] step=4965 loss=0.156770 lr=5.061e-06
[train] step=4966 loss=0.071336 lr=5.060e-06
[train] step=4967 loss=0.282723 lr=5.058e-06
[train] step=4968 loss=0.429932 lr=5.057e-06
[train] step=4969 loss=0.280571 lr=5.055e-06
[train] step=4970 loss=0.316818 lr=5.054e-06
[train] step=4971 loss=0.396657 lr=5.052e-06
[train] step=4972 loss=0.335691 lr=5.051e-06
[train] step=4973 loss=0.277244 lr=5.049e-06
[train] step=4974 loss=0.150489 lr=5.047e-06
[train] step=4975 loss=0.304152 lr=5.046e-06
[train] step=4976 loss=0.375765 lr=5.044e-06
[train] step=4977 loss=0.558462 lr=5.043e-06
[train] step=4978 loss=0.256492 lr=5.041e-06
[train] step=4979 loss=0.231055 lr=5.040e-06
[train] step=4980 loss=0.161929 lr=5.038e-06
[train] step=4981 loss=0.175146 lr=5.036e-06
[train] step=4982 loss=0.206733 lr=5.035e-06
[train] step=4983 loss=0.248615 lr=5.033e-06
[train] step=4984 loss=0.433908 lr=5.032e-06
[train] step=4985 loss=0.368227 lr=5.030e-06
[train] step=4986 loss=0.417946 lr=5.029e-06
[train] step=4987 loss=0.198443 lr=5.027e-06
[train] step=4988 loss=0.350218 lr=5.025e-06
[train] step=4989 loss=0.219895 lr=5.024e-06
[train] step=4990 loss=0.303389 lr=5.022e-06
[train] step=4991 loss=0.341031 lr=5.021e-06
[train] step=4992 loss=0.042173 lr=5.019e-06
[train] step=4993 loss=0.262267 lr=5.018e-06
[train] step=4994 loss=0.184678 lr=5.016e-06
[train] step=4995 loss=0.440186 lr=5.014e-06
[train] step=4996 loss=0.415355 lr=5.013e-06
[train] step=4997 loss=0.302431 lr=5.011e-06
[train] step=4998 loss=0.400228 lr=5.010e-06
[train] step=4999 loss=0.343026 lr=5.008e-06
[train] step=5000 loss=0.491355 lr=5.007e-06
[train] step=5001 loss=0.154008 lr=5.005e-06
[train] step=5002 loss=0.219680 lr=5.003e-06
[train] step=5003 loss=0.152743 lr=5.002e-06
[train] step=5004 loss=0.181899 lr=5.000e-06
[train] step=5005 loss=0.177950 lr=4.999e-06
[train] step=5006 loss=0.229420 lr=4.997e-06
[train] step=5007 loss=0.242680 lr=4.996e-06
[train] step=5008 loss=0.487873 lr=4.994e-06
[train] step=5009 loss=0.075142 lr=4.992e-06
[train] step=5010 loss=0.251420 lr=4.991e-06
[train] step=5011 loss=0.147867 lr=4.989e-06
[train] step=5012 loss=0.354182 lr=4.988e-06
[train] step=5013 loss=0.439048 lr=4.986e-06
[train] step=5014 loss=0.240437 lr=4.985e-06
[train] step=5015 loss=0.218884 lr=4.983e-06
[train] step=5016 loss=0.336325 lr=4.981e-06
[train] step=5017 loss=0.298469 lr=4.980e-06
[train] step=5018 loss=0.296134 lr=4.978e-06
[train] step=5019 loss=0.296314 lr=4.977e-06
[train] step=5020 loss=0.218039 lr=4.975e-06
[train] step=5021 loss=0.221086 lr=4.974e-06
[train] step=5022 loss=0.206921 lr=4.972e-06
[train] step=5023 loss=0.493664 lr=4.970e-06
[train] step=5024 loss=0.428783 lr=4.969e-06
[train] step=5025 loss=0.308229 lr=4.967e-06
[train] step=5026 loss=0.211615 lr=4.966e-06
[train] step=5027 loss=0.377131 lr=4.964e-06
[train] step=5028 loss=0.417487 lr=4.963e-06
[train] step=5029 loss=0.126439 lr=4.961e-06
[train] step=5030 loss=0.342570 lr=4.959e-06
[train] step=5031 loss=0.101320 lr=4.958e-06
[train] step=5032 loss=0.515249 lr=4.956e-06
[train] step=5033 loss=0.419000 lr=4.955e-06
[train] step=5034 loss=0.038511 lr=4.953e-06
[train] step=5035 loss=0.098456 lr=4.952e-06
[train] step=5036 loss=0.119497 lr=4.950e-06
[train] step=5037 loss=0.433479 lr=4.949e-06
[train] step=5038 loss=0.740337 lr=4.947e-06
[train] step=5039 loss=0.412371 lr=4.945e-06
[train] step=5040 loss=0.116891 lr=4.944e-06
INFO     [rank 0] Model weights for step 5040 saved in       dit_trainer.py:1085
         checkpoints/model_weights_step_05040.safetensors                       
INFO     [rank 0] Scalar embedding weights for step 5040     dit_trainer.py:1092
         saved                                                                  
INFO     [rank 0] Training state saved:                      dit_trainer.py:1123
         checkpoints/model_weights_step_05040.state.pt                          
DEBUG    [rank 0] Removed old checkpoint:                    dit_trainer.py:1132
         /mnt/result/shockwave_dit_baseline/checkpoints/mode                    
         l_weights_step_04440.safetensors                                       
DEBUG    [rank 0] Removed old checkpoint:                    dit_trainer.py:1132
         /mnt/result/shockwave_dit_baseline/checkpoints/mode                    
         l_weights_step_04440.state.pt                                          
[epoch 42] step=5040 train_loss=0.289906
[train] step=5041 loss=0.097566 lr=4.942e-06
[train] step=5042 loss=0.104689 lr=4.941e-06
[train] step=5043 loss=0.601782 lr=4.939e-06
[train] step=5044 loss=0.320325 lr=4.938e-06
[train] step=5045 loss=0.102002 lr=4.936e-06
[train] step=5046 loss=0.309825 lr=4.934e-06
[train] step=5047 loss=0.113065 lr=4.933e-06
[train] step=5048 loss=0.364219 lr=4.931e-06
[train] step=5049 loss=0.234216 lr=4.930e-06
[train] step=5050 loss=0.401156 lr=4.928e-06
[train] step=5051 loss=0.081583 lr=4.927e-06
[train] step=5052 loss=0.263981 lr=4.925e-06
[train] step=5053 loss=0.171378 lr=4.923e-06
[train] step=5054 loss=0.183816 lr=4.922e-06
[train] step=5055 loss=0.073963 lr=4.920e-06
[train] step=5056 loss=0.116794 lr=4.919e-06
[train] step=5057 loss=0.225411 lr=4.917e-06
[train] step=5058 loss=0.080959 lr=4.916e-06
[train] step=5059 loss=0.090474 lr=4.914e-06
[train] step=5060 loss=0.282275 lr=4.912e-06
[train] step=5061 loss=0.351269 lr=4.911e-06
[train] step=5062 loss=0.053950 lr=4.909e-06
[train] step=5063 loss=0.454780 lr=4.908e-06
[train] step=5064 loss=0.229783 lr=4.906e-06
[train] step=5065 loss=0.377149 lr=4.905e-06
[train] step=5066 loss=0.146201 lr=4.903e-06
[train] step=5067 loss=0.093777 lr=4.901e-06
[train] step=5068 loss=0.418538 lr=4.900e-06
[train] step=5069 loss=0.199151 lr=4.898e-06
[train] step=5070 loss=0.216406 lr=4.897e-06
[train] step=5071 loss=0.225241 lr=4.895e-06
[train] step=5072 loss=0.578335 lr=4.894e-06
[train] step=5073 loss=0.179992 lr=4.892e-06
[train] step=5074 loss=0.191234 lr=4.890e-06
[train] step=5075 loss=0.342072 lr=4.889e-06
[train] step=5076 loss=0.229750 lr=4.887e-06
[train] step=5077 loss=0.440395 lr=4.886e-06
[train] step=5078 loss=0.171394 lr=4.884e-06
[train] step=5079 loss=0.234994 lr=4.883e-06
[train] step=5080 loss=0.400009 lr=4.881e-06
[train] step=5081 loss=0.114176 lr=4.879e-06
[train] step=5082 loss=0.192325 lr=4.878e-06
[train] step=5083 loss=0.685232 lr=4.876e-06
[train] step=5084 loss=0.668791 lr=4.875e-06
[train] step=5085 loss=0.135971 lr=4.873e-06
[train] step=5086 loss=0.113319 lr=4.872e-06
[train] step=5087 loss=0.265429 lr=4.870e-06
[train] step=5088 loss=0.329264 lr=4.868e-06
[train] step=5089 loss=0.332006 lr=4.867e-06
[train] step=5090 loss=0.139001 lr=4.865e-06
[train] step=5091 loss=0.312442 lr=4.864e-06
[train] step=5092 loss=0.151996 lr=4.862e-06
[train] step=5093 loss=0.194794 lr=4.861e-06
[train] step=5094 loss=0.605987 lr=4.859e-06
[train] step=5095 loss=0.355308 lr=4.858e-06
[train] step=5096 loss=0.298258 lr=4.856e-06
[train] step=5097 loss=0.187896 lr=4.854e-06
[train] step=5098 loss=0.422304 lr=4.853e-06
[train] step=5099 loss=0.380397 lr=4.851e-06
[train] step=5100 loss=0.166217 lr=4.850e-06
[train] step=5101 loss=0.437275 lr=4.848e-06
[train] step=5102 loss=0.159512 lr=4.847e-06
[train] step=5103 loss=0.028164 lr=4.845e-06
[train] step=5104 loss=0.456358 lr=4.843e-06
[train] step=5105 loss=0.474846 lr=4.842e-06
[train] step=5106 loss=0.328095 lr=4.840e-06
[train] step=5107 loss=0.262962 lr=4.839e-06
[train] step=5108 loss=0.272734 lr=4.837e-06
[train] step=5109 loss=0.277242 lr=4.836e-06
[train] step=5110 loss=0.256402 lr=4.834e-06
[train] step=5111 loss=0.138210 lr=4.832e-06
[train] step=5112 loss=0.330078 lr=4.831e-06
[train] step=5113 loss=0.295729 lr=4.829e-06
[train] step=5114 loss=0.295670 lr=4.828e-06
[train] step=5115 loss=0.251494 lr=4.826e-06
[train] step=5116 loss=0.067635 lr=4.825e-06
[train] step=5117 loss=0.183482 lr=4.823e-06
[train] step=5118 loss=0.172933 lr=4.821e-06
[train] step=5119 loss=0.521665 lr=4.820e-06
[train] step=5120 loss=0.255229 lr=4.818e-06
[train] step=5121 loss=0.068812 lr=4.817e-06
[train] step=5122 loss=0.441545 lr=4.815e-06
[train] step=5123 loss=0.323485 lr=4.814e-06
[train] step=5124 loss=0.055601 lr=4.812e-06
[train] step=5125 loss=0.313276 lr=4.810e-06
[train] step=5126 loss=0.270349 lr=4.809e-06
[train] step=5127 loss=0.240808 lr=4.807e-06
[train] step=5128 loss=0.177042 lr=4.806e-06
[train] step=5129 loss=0.295315 lr=4.804e-06
[train] step=5130 loss=0.595960 lr=4.803e-06
[train] step=5131 loss=0.429418 lr=4.801e-06
[train] step=5132 loss=0.135922 lr=4.799e-06
[train] step=5133 loss=0.093332 lr=4.798e-06
[train] step=5134 loss=0.517524 lr=4.796e-06
[train] step=5135 loss=0.257044 lr=4.795e-06
[train] step=5136 loss=0.455797 lr=4.793e-06
[train] step=5137 loss=0.201660 lr=4.792e-06
[train] step=5138 loss=0.184606 lr=4.790e-06
[train] step=5139 loss=0.684183 lr=4.789e-06
[train] step=5140 loss=0.502123 lr=4.787e-06
[train] step=5141 loss=0.287078 lr=4.785e-06
[train] step=5142 loss=0.160091 lr=4.784e-06
[train] step=5143 loss=0.506407 lr=4.782e-06
[train] step=5144 loss=0.236555 lr=4.781e-06
[train] step=5145 loss=0.342584 lr=4.779e-06
[train] step=5146 loss=0.164029 lr=4.778e-06
[train] step=5147 loss=0.268550 lr=4.776e-06
[train] step=5148 loss=0.208749 lr=4.774e-06
[train] step=5149 loss=0.302888 lr=4.773e-06
[train] step=5150 loss=0.108123 lr=4.771e-06
[train] step=5151 loss=0.098922 lr=4.770e-06
[train] step=5152 loss=0.045232 lr=4.768e-06
[train] step=5153 loss=0.160082 lr=4.767e-06
[train] step=5154 loss=0.535501 lr=4.765e-06
[train] step=5155 loss=0.173325 lr=4.763e-06
[train] step=5156 loss=0.389305 lr=4.762e-06
[train] step=5157 loss=0.505081 lr=4.760e-06
[train] step=5158 loss=0.120601 lr=4.759e-06
[train] step=5159 loss=0.186015 lr=4.757e-06
[train] step=5160 loss=0.027009 lr=4.756e-06
INFO     [rank 0] Model weights for step 5160 saved in       dit_trainer.py:1085
         checkpoints/model_weights_step_05160.safetensors                       
INFO     [rank 0] Scalar embedding weights for step 5160     dit_trainer.py:1092
         saved                                                                  
INFO     [rank 0] Training state saved:                      dit_trainer.py:1123
         checkpoints/model_weights_step_05160.state.pt                          
DEBUG    [rank 0] Removed old checkpoint:                    dit_trainer.py:1132
         /mnt/result/shockwave_dit_baseline/checkpoints/mode                    
         l_weights_step_04560.safetensors                                       
DEBUG    [rank 0] Removed old checkpoint:                    dit_trainer.py:1132
         /mnt/result/shockwave_dit_baseline/checkpoints/mode                    
         l_weights_step_04560.state.pt                                          
[epoch 43] step=5160 train_loss=0.270255
[train] step=5161 loss=0.108977 lr=4.754e-06
[train] step=5162 loss=0.184105 lr=4.752e-06
[train] step=5163 loss=0.199950 lr=4.751e-06
[train] step=5164 loss=0.107148 lr=4.749e-06
[train] step=5165 loss=0.276187 lr=4.748e-06
[train] step=5166 loss=0.377612 lr=4.746e-06
[train] step=5167 loss=0.130878 lr=4.745e-06
[train] step=5168 loss=0.468901 lr=4.743e-06
[train] step=5169 loss=0.252208 lr=4.741e-06
[train] step=5170 loss=0.375501 lr=4.740e-06
[train] step=5171 loss=0.266576 lr=4.738e-06
[train] step=5172 loss=0.250734 lr=4.737e-06
[train] step=5173 loss=0.306483 lr=4.735e-06
[train] step=5174 loss=0.302986 lr=4.734e-06
[train] step=5175 loss=0.307314 lr=4.732e-06
[train] step=5176 loss=0.153685 lr=4.731e-06
[train] step=5177 loss=0.271084 lr=4.729e-06
[train] step=5178 loss=0.467717 lr=4.727e-06
[train] step=5179 loss=0.141529 lr=4.726e-06
[train] step=5180 loss=0.211131 lr=4.724e-06
[train] step=5181 loss=0.167338 lr=4.723e-06
[train] step=5182 loss=0.170325 lr=4.721e-06
[train] step=5183 loss=0.098449 lr=4.720e-06
[train] step=5184 loss=0.322816 lr=4.718e-06
[train] step=5185 loss=0.264553 lr=4.716e-06
[train] step=5186 loss=0.207094 lr=4.715e-06
[train] step=5187 loss=0.121629 lr=4.713e-06
[train] step=5188 loss=0.231498 lr=4.712e-06
[train] step=5189 loss=0.544881 lr=4.710e-06
[train] step=5190 loss=0.249149 lr=4.709e-06
[train] step=5191 loss=0.364358 lr=4.707e-06
[train] step=5192 loss=0.241889 lr=4.705e-06
[train] step=5193 loss=0.083889 lr=4.704e-06
[train] step=5194 loss=0.190656 lr=4.702e-06
[train] step=5195 loss=0.183982 lr=4.701e-06
[train] step=5196 loss=0.679032 lr=4.699e-06
[train] step=5197 loss=0.252773 lr=4.698e-06
[train] step=5198 loss=0.304294 lr=4.696e-06
[train] step=5199 loss=0.338951 lr=4.694e-06
[train] step=5200 loss=0.180045 lr=4.693e-06
[train] step=5201 loss=0.264466 lr=4.691e-06
[train] step=5202 loss=0.306034 lr=4.690e-06
[train] step=5203 loss=0.343894 lr=4.688e-06
[train] step=5204 loss=0.422035 lr=4.687e-06
[train] step=5205 loss=0.346296 lr=4.685e-06
[train] step=5206 loss=0.365400 lr=4.684e-06
[train] step=5207 loss=0.288605 lr=4.682e-06
[train] step=5208 loss=0.142253 lr=4.680e-06
[train] step=5209 loss=0.228532 lr=4.679e-06
[train] step=5210 loss=0.190199 lr=4.677e-06
[train] step=5211 loss=0.295627 lr=4.676e-06
[train] step=5212 loss=0.089096 lr=4.674e-06
[train] step=5213 loss=0.041538 lr=4.673e-06
[train] step=5214 loss=0.105622 lr=4.671e-06
[train] step=5215 loss=0.164035 lr=4.669e-06
[train] step=5216 loss=0.270484 lr=4.668e-06
[train] step=5217 loss=0.372536 lr=4.666e-06
[train] step=5218 loss=0.267394 lr=4.665e-06
[train] step=5219 loss=0.179012 lr=4.663e-06
[train] step=5220 loss=0.054131 lr=4.662e-06
[train] step=5221 loss=0.248713 lr=4.660e-06
[train] step=5222 loss=0.212119 lr=4.658e-06
[train] step=5223 loss=0.351569 lr=4.657e-06
[train] step=5224 loss=0.577761 lr=4.655e-06
[train] step=5225 loss=0.498411 lr=4.654e-06
[train] step=5226 loss=0.264790 lr=4.652e-06
[train] step=5227 loss=0.662169 lr=4.651e-06
[train] step=5228 loss=0.179598 lr=4.649e-06
[train] step=5229 loss=0.287268 lr=4.648e-06
[train] step=5230 loss=0.106048 lr=4.646e-06
[train] step=5231 loss=0.204717 lr=4.644e-06
[train] step=5232 loss=0.129728 lr=4.643e-06
[train] step=5233 loss=0.214047 lr=4.641e-06
[train] step=5234 loss=0.331945 lr=4.640e-06
[train] step=5235 loss=0.176578 lr=4.638e-06
[train] step=5236 loss=0.447324 lr=4.637e-06
[train] step=5237 loss=0.198656 lr=4.635e-06
[train] step=5238 loss=0.212046 lr=4.633e-06
[train] step=5239 loss=0.113917 lr=4.632e-06
[train] step=5240 loss=0.217363 lr=4.630e-06
[train] step=5241 loss=0.497751 lr=4.629e-06
[train] step=5242 loss=0.160775 lr=4.627e-06
[train] step=5243 loss=0.446538 lr=4.626e-06
[train] step=5244 loss=0.232181 lr=4.624e-06
[train] step=5245 loss=0.302395 lr=4.622e-06
[train] step=5246 loss=0.294301 lr=4.621e-06
[train] step=5247 loss=0.230214 lr=4.619e-06
[train] step=5248 loss=0.053265 lr=4.618e-06
[train] step=5249 loss=0.123519 lr=4.616e-06
[train] step=5250 loss=0.091669 lr=4.615e-06
[train] step=5251 loss=0.460604 lr=4.613e-06
[train] step=5252 loss=0.305962 lr=4.612e-06
[train] step=5253 loss=0.155358 lr=4.610e-06
[train] step=5254 loss=0.172478 lr=4.608e-06
[train] step=5255 loss=0.151263 lr=4.607e-06
[train] step=5256 loss=0.487983 lr=4.605e-06
[train] step=5257 loss=0.503649 lr=4.604e-06
[train] step=5258 loss=0.376939 lr=4.602e-06
[train] step=5259 loss=0.422812 lr=4.601e-06
